time,inlet__H_link_R,inlet__H_link_L,inlet__H_down,inlet__q_C,VV_junc1__RBC_volume,VV_junc1__q_C,VV_junc1__q_C_d,PV1__H_link_R,PV1__H_link_L,PV1__H_down,PV1__q_C,PV2__H_link_R,PV2__H_link_L,PV2__H_down,PV2__q_C,V1__H_link_R,V1__H_link_L,V1__H_down,V1__q_C,V2__H_link_R,V2__H_link_L,V2__H_down,V2__q_C,VV_junc1__H_VV_out_alpha,VV_junc1__H_VV_out_beta,inlet__u_mmHg,VV_junc1__u_mmHg,VV_junc1__u_d_mmHg,PV1__u_mmHg,PV2__u_mmHg,V1__u_mmHg,V2__u_mmHg
0.0,-1.9984014885135946e-16,0.45,0.45000000994816686,3.3326531138933488e-18,5.0899981016906383e-17,2.7729721054424635e-18,2.7701283341496695e-18,0.45066594907900703,0.45005807512155366,0.45066415426369355,1.6625090353096748e-19,0.4506660141504298,0.45005807347727317,0.4506642190463343,1.662509035300436e-19,0.45,0.45066506738583584,0.4499375638693855,2.7707624254559425e-18,0.45,0.4506651323127141,0.4499375579201643,2.770762425425145e-18,0.4500546438778496,0.45005464222897756,49.93951943708114,49.87903887416441,49.828909384730174,49.827394419523806,49.82739441925245,49.82587945431751,49.82587945377477
1.0,-2.971472986644048e-29,0.45,0.4500000099460098,3.3326531138941484e-18,5.089380215960576e-17,2.7729721054436745e-18,2.7701283341511748e-18,0.4506690181845522,0.4500000107848146,0.4506690181847854,1.662509035310581e-19,0.4506690828235751,0.450000009137279,0.4506690828238187,1.6625090353013418e-19,0.45,0.45066901818467253,0.44993736967101855,2.770762425457453e-18,0.45,0.4506690828237002,0.44993736377602744,2.7707624254266557e-18,0.4500000107831594,0.4500000091368696,49.939519437092876,49.87903887418575,49.82890938475671,49.82739441955042,49.82739441927905,49.825879454344125,49.8258794538014
2.0,-4.6891647996851256e-32,0.45,0.4500000099460114,3.332653113894148e-18,5.0893802157960603e-17,2.772972105443674e-18,2.7701283341511748e-18,0.45066901818650307,0.4500000107689094,0.45066901818648847,1.6625090353105807e-19,0.45066908282549184,0.45000000912189425,0.4506690828254767,1.6625090353013415e-19,0.45,0.45066901818649563,0.44993736967082343,2.770762425457453e-18,0.45,0.45066908282548407,0.4499373637758357,2.7707624254266557e-18,0.450000010768613,0.45000000912232324,49.93951943709287,49.879038874185746,49.82890938475671,49.827394419550416,49.827394419279045,49.825879454344125,49.8258794538014
3.0,-6.472916109177324e-31,0.45,0.45000000994601236,3.332653113894148e-18,5.089380215808431e-17,2.772972105443674e-18,2.7701283341511748e-18,0.45066901818643956,0.4500000107698496,0.45066901818640415,1.662509035310581e-19,0.4506690828254176,0.4500000091229488,0.45066908282538115,1.6625090353013415e-19,0.45,0.4506690181864215,0.44993736967082976,2.770762425457453e-18,0.45,0.450669082825399,0.4499373637758431,2.7707624254266557e-18,0.45000001076928703,0.4500000091238368,49.93951943709287,49.879038874185746,49.82890938475671,49.82739441955042,49.827394419279045,49.825879454344125,49.8258794538014
4.0,-8.978157156147425e-31,0.45,0.45000000994601236,3.3326531138941484e-18,5.089380215836111e-17,2.7729721054436745e-18,2.7701283341511748e-18,0.45066901818613003,0.4500000107725268,0.4506690181861231,1.662509035310581e-19,0.450669082825127,0.45000000912542226,0.45066908282512,1.6625090353013418e-19,0.45,0.45066901818612654,0.44993736967086073,2.770762425457453e-18,0.45,0.45066908282512347,0.4499373637758722,2.7707624254266557e-18,0.45000001077215424,0.45000000912586446,49.939519437092876,49.87903887418575,49.82890938475671,49.82739441955042,49.82739441927905,49.825879454344125,49.8258794538014
5.0,-1.5697245828900394e-30,0.45,0.4500000099460129,3.332653113894149e-18,5.0893802158808734e-17,2.7729721054436745e-18,2.7701283341511748e-18,0.4506690181856872,0.4500000107765701,0.45066901818570654,1.662509035310581e-19,0.4506690828246769,0.45000000912952687,0.45066908282469686,1.6625090353013418e-19,0.45,0.45066901818569716,0.44993736967090503,2.770762425457453e-18,0.45,0.4506690828246871,0.44993736377591714,2.7707624254266557e-18,0.4500000107761121,0.45000000912982235,49.93951943709288,49.87903887418575,49.82890938475671,49.82739441955042,49.82739441927905,49.825879454344125,49.8258794538014
6.0,-2.5605060223043345e-30,0.45,0.4500000099460143,3.3326531138941492e-18,5.0893802159117986e-17,2.772972105443675e-18,2.7701283341511748e-18,0.45066901818548966,0.45000001077883534,0.4506690181854894,1.662509035310581e-19,0.45066908282440515,0.45000000913254445,0.45066908282440465,1.6625090353013418e-19,0.45,0.45066901818548954,0.44993736967092474,2.770762425457453e-18,0.45,0.45066908282440493,0.4499373637759443,2.770762425426656e-18,0.4500000107788465,0.4500000091325567,49.93951943709289,49.87903887418576,49.82890938475671,49.82739441955042,49.82739441927905,49.825879454344125,49.825879453801406
7.0,7.041645332801366e-31,0.45,0.45000000994601036,3.3326531138941484e-18,5.0893802157739026e-17,2.772972105443674e-18,2.7701283341511748e-18,0.45066901818670224,0.450000010766668,0.4506690181867046,1.6625090353105807e-19,0.4506690828256176,0.4500000091203785,0.45066908282561996,1.662509035301342e-19,0.45,0.4506690181867034,0.4499373696708036,2.770762425457453e-18,0.45,0.45066908282561874,0.44993736377582316,2.7707624254266553e-18,0.4500000107679127,0.45000000911910515,49.939519437092876,49.879038874185746,49.82890938475671,49.827394419550416,49.82739441927907,49.825879454344125,49.82587945380139
8.0,1.096230727152209e-30,0.45,0.45000000994600986,3.332653113894148e-18,5.089380215756247e-17,2.7729721054436737e-18,2.7701283341511748e-18,0.45066901818686006,0.4500000107651037,0.45066901818686145,1.6625090353105807e-19,0.45066908282577534,0.45000000911881444,0.45066908282577683,1.662509035301342e-19,0.45,0.4506690181868607,0.44993736967078785,2.7707624254574532e-18,0.45,0.45066908282577606,0.4499373637758074,2.7707624254266553e-18,0.4500000107663516,0.45000000911754406,49.93951943709287,49.879038874185746,49.82890938475671,49.827394419550416,49.82739441927907,49.82587945434413,49.82587945380139
9.0,1.3332260336186243e-31,0.45,0.450000009946011,3.3326531138941484e-18,5.089380215795852e-17,2.772972105443674e-18,2.7701283341511748e-18,0.45066901818651434,0.4500000107685919,0.45066901818651367,1.662509035310581e-19,0.4506690828254296,0.45000000912230226,0.450669082825429,1.662509035301342e-19,0.45,0.450669018186514,0.4499373696708224,2.770762425457453e-18,0.45,0.45066908282542933,0.449937363775842,2.7707624254266557e-18,0.4500000107694338,0.4500000091214656,49.939519437092876,49.879038874185746,49.82890938475671,49.82739441955042,49.82739441927907,49.825879454344125,49.8258794538014
10.0,-6.66929794040921e-31,0.45,0.45000000994601197,3.3326531138941484e-18,5.089380215829738e-17,2.7729721054436745e-18,2.7701283341511748e-18,0.45066901818621635,0.45000001077158197,0.4506690181862151,1.662509035310581e-19,0.4506690828251317,0.4500000091252919,0.45066908282513035,1.6625090353013418e-19,0.45,0.4506690181862157,0.4499373696708521,2.770762425457453e-18,0.45,0.450669082825131,0.44993736377587173,2.7707624254266557e-18,0.45000001077159074,0.45000000912530097,49.939519437092876,49.87903887418575,49.82890938475671,49.82739441955042,49.82739441927905,49.825879454344125,49.8258794538014
11.0,-7.596482320566038e-33,0.45,0.45000000994601125,3.332653113894148e-18,5.089380215803596e-17,2.7729721054436745e-18,2.7701283341511748e-18,0.45066901818644245,0.45000001076928475,0.45066901818644356,1.6625090353105807e-19,0.4506690828253578,0.450000009122995,0.4506690828253589,1.6625090353013418e-19,0.45,0.450669018186443,0.44993736967082953,2.770762425457453e-18,0.45,0.45066908282535834,0.44993736377584914,2.7707624254266557e-18,0.4500000107696989,0.4500000091225698,49.93951943709287,49.87903887418575,49.82890938475671,49.827394419550416,49.82739441927905,49.825879454344125,49.8258794538014
12.0,4.2086028750527996e-33,0.45,0.45000000994601114,3.3326531138941484e-18,5.089380215801694e-17,2.772972105443674e-18,2.7701283341511748e-18,0.450669018186462,0.4500000107691098,0.4506690181864617,1.6625090353105807e-19,0.4506690828253774,0.45000000912282,0.4506690828253771,1.662509035301342e-19,0.45,0.4506690181864618,0.44993736967082754,2.770762425457453e-18,0.45,0.4506690828253772,0.44993736377584714,2.7707624254266557e-18,0.45000001077037,0.45000000912156246,49.939519437092876,49.879038874185746,49.82890938475671,49.827394419550416,49.82739441927907,49.825879454344125,49.8258794538014
13.0,5.6502646971258855e-33,0.45,0.4500000099460112,3.3326531138941484e-18,5.0893802158014474e-17,2.772972105443674e-18,2.7701283341511748e-18,0.45066901818646454,0.4500000107690871,0.4506690181864641,1.6625090353105807e-19,0.4506690828253799,0.4500000091227973,0.45066908282537943,1.662509035301342e-19,0.45,0.45066901818646427,0.4499373696708273,2.7707624254574532e-18,0.45,0.45066908282537965,0.4499373637758469,2.7707624254266557e-18,0.4500000107703482,0.45000000912154065,49.939519437092876,49.879038874185746,49.82890938475671,49.827394419550416,49.82739441927907,49.82587945434413,49.8258794538014
14.0,2.2045472744262515e-33,0.45,0.4500000099460112,3.3326531138941484e-18,5.0893802158019904e-17,2.772972105443674e-18,2.7701283341511748e-18,0.45066901818645894,0.4500000107691369,0.4506690181864589,1.662509035310581e-19,0.4506690828253743,0.45000000912284716,0.45066908282537427,1.6625090353013418e-19,0.45,0.4506690181864589,0.44993736967082787,2.770762425457453e-18,0.45,0.45066908282537427,0.4499373637758475,2.7707624254266557e-18,0.4500000107691373,0.45000000912284754,49.939519437092876,49.879038874185746,49.82890938475671,49.82739441955042,49.82739441927905,49.825879454344125,49.8258794538014
15.0,-6.525052642731074e-34,0.45,0.45000000994601125,3.332653113894148e-18,5.0893802158024557e-17,2.7729721054436745e-18,2.7701283341511748e-18,0.45066901818645416,0.4500000107691797,0.45066901818645444,1.662509035310581e-19,0.45066908282536955,0.45000000912288995,0.4506690828253698,1.6625090353013418e-19,0.45,0.45066901818645433,0.44993736967082837,2.770762425457453e-18,0.45,0.45066908282536966,0.449937363775848,2.7707624254266557e-18,0.45000001076917845,0.4500000091228887,49.93951943709287,49.87903887418575,49.82890938475671,49.82739441955042,49.82739441927905,49.825879454344125,49.8258794538014
16.0,7.860420491494474e-39,0.45,0.4500000099460131,3.3326531138941484e-18,5.0893802158020353e-17,2.7729721054436745e-18,2.770128334151175e-18,0.4506690181864494,0.45000001076940316,0.45066901818643906,1.662509035310581e-19,0.4506690828253981,0.4500000091224429,0.450669082825408,1.6625090353013418e-19,0.45,0.4506690181864448,0.4499373696708288,2.770762425457453e-18,0.45,0.4506690828254026,0.4499373637758451,2.7707624254266557e-18,0.4500000107691413,0.45000000912285154,49.939519437092876,49.87903887418575,49.82890938475672,49.82739441955042,49.82739441927905,49.825879454344125,49.8258794538014
17.0,1.9109951767491155e-41,0.45,0.45000000994603784,3.3326531138941484e-18,5.089380215818167e-17,2.772972105443674e-18,2.7701283341511748e-18,0.45066901818632876,0.45000001077044893,0.45066901818632804,1.6625090353105807e-19,0.4506690828252446,0.4500000091241568,0.45066908282524376,1.6625090353013418e-19,0.45,0.4506690181863284,0.44993736967084097,2.770762425457453e-18,0.45,0.45066908282524426,0.4499373637758606,2.7707624254266557e-18,0.45000001077098734,0.45000000912385824,49.939519437092876,49.879038874185746,49.82890938475671,49.827394419550416,49.82739441927905,49.825879454344125,49.8258794538014
18.0,-1.9502512138296862e-41,0.45,0.45000000994598405,3.3326531138941484e-18,5.089380215786981e-17,2.772972105443674e-18,2.7701283341511748e-18,0.4506690181865761,0.45000001076793744,0.4506690181865779,1.6625090353105807e-19,0.45066908282549106,0.45000000912164934,0.4506690828254929,1.6625090353013418e-19,0.45,0.450669018186577,0.4499373696708162,2.770762425457453e-18,0.45,0.45066908282549184,0.4499373637758361,2.7707624254266553e-18,0.4500000107682299,0.4500000091211008,49.939519437092876,49.879038874185746,49.82890938475671,49.827394419550416,49.82739441927905,49.825879454344125,49.82587945380139
19.0,-1.526638792364045e-41,0.45,0.45000000994598993,3.3326531138941484e-18,5.089380215789953e-17,2.7729721054436745e-18,2.7701283341511748e-18,0.45066901818655386,0.4500000107681707,0.4506690181865549,1.6625090353105807e-19,0.4506690828254689,0.45000000912188215,0.4506690828254701,1.6625090353013418e-19,0.45,0.45066901818655447,0.4499373696708187,2.770762425457453e-18,0.45,0.4506690828254694,0.44993736377583887,2.7707624254266553e-18,0.45000001076849266,0.45000000912136356,49.939519437092876,49.87903887418575,49.82890938475671,49.827394419550416,49.82739441927905,49.825879454344125,49.82587945380139
20.0,4.233560666208134e-42,0.45,0.45000000994601713,3.332653113894148e-18,5.089380215805315e-17,2.7729721054436745e-18,2.7701283341511748e-18,0.4506690181864332,0.4500000107694026,0.45066901818643257,1.6625090353105807e-19,0.45066908282534873,0.450000009123112,0.4506690828253481,1.6625090353013418e-19,0.45,0.4506690181864329,0.44993736967083126,2.770762425457453e-18,0.45,0.4506690828253484,0.4499373637758518,2.7707624254266553e-18,0.45000001076985097,0.45000000912272187,49.93951943709287,49.87903887418575,49.82890938475671,49.827394419550416,49.82739441927905,49.825879454344125,49.82587945380139
21.0,1.1412569885996698e-41,0.45,0.4500000099460271,3.3326531138941484e-18,5.0893802158113026e-17,2.772972105443674e-18,2.7701283341511748e-18,0.45066901818638516,0.4500000107698873,0.4506690181863843,1.662509035310581e-19,0.4506690828253008,0.45000000912359595,0.45066908282529994,1.6625090353013418e-19,0.45,0.4506690181863847,0.44993736967083664,2.770762425457453e-18,0.45,0.45066908282530044,0.44993736377585786,2.7707624254266557e-18,0.4500000107699607,0.45000000912367094,49.939519437092876,49.879038874185746,49.82890938475671,49.82739441955042,49.82739441927905,49.825879454344125,49.8258794538014
22.0,1.1427049529980874e-44,0.45,0.4500000099460112,3.3326531138941484e-18,5.089380215802356e-17,2.772972105443674e-18,2.7701283341511748e-18,0.4506690181864848,0.45000001076887447,0.45066901818648497,1.6625090353105807e-19,0.45066908282534124,0.4500000091231758,0.45066908282534135,1.662509035301342e-19,0.45,0.4506690181864849,0.44993736967082587,2.770762425457453e-18,0.45,0.4506690828253413,0.4499373637758521,2.7707624254266557e-18,0.4500000107704285,0.45000000912162097,49.939519437092876,49.879038874185746,49.82890938475671,49.827394419550416,49.82739441927907,49.825879454344125,49.8258794538014
23.0,-1.1661786218763893e-44,0.45,0.4500000099460112,3.3326531138941484e-18,5.089380215802056e-17,2.772972105443674e-18,2.7701283341511748e-18,0.4506690181865062,0.4500000107686646,0.4506690181865061,1.6625090353105807e-19,0.45066908282532625,0.45000000912332977,0.4506690828253261,1.662509035301342e-19,0.45,0.4506690181865061,0.4499373696708226,2.7707624254574532e-18,0.45,0.45066908282532614,0.44993736377585103,2.7707624254266557e-18,0.450000010770402,0.4500000091215945,49.939519437092876,49.879038874185746,49.82890938475671,49.827394419550416,49.82739441927907,49.82587945434413,49.8258794538014
24.0,-9.128739468830345e-45,0.45,0.4500000099460112,3.3326531138941484e-18,5.089380215802085e-17,2.772972105443674e-18,2.7701283341511748e-18,0.4506690181864836,0.450000010768891,0.45066901818648347,1.662509035310581e-19,0.45066908282534823,0.45000000912310884,0.4506690828253481,1.6625090353013418e-19,0.45,0.4506690181864835,0.449937369670825,2.7707624254574532e-18,0.45,0.4506690828253481,0.4499373637758492,2.7707624254266557e-18,0.4500000107691457,0.4500000091228559,49.939519437092876,49.879038874185746,49.82890938475671,49.82739441955042,49.82739441927905,49.82587945434413,49.8258794538014
25.0,2.531513842082869e-45,0.45,0.4500000099460112,3.3326531138941484e-18,5.0893802158022326e-17,2.772972105443674e-18,2.7701283341511748e-18,0.4506690181864505,0.4500000107692209,0.45066901818645044,1.662509035310581e-19,0.45066908282537815,0.45000000912280663,0.4506690828253782,1.6625090353013418e-19,0.45,0.45066901818645044,0.4499373696708289,2.770762425457453e-18,0.45,0.45066908282537815,0.44993736377584764,2.7707624254266557e-18,0.45000001076915874,0.45000000912286897,49.939519437092876,49.879038874185746,49.82890938475671,49.82739441955042,49.82739441927905,49.825879454344125,49.8258794538014
26.0,6.824297776277153e-45,0.45,0.4500000099460112,3.3326531138941484e-18,5.089380215802289e-17,2.772972105443674e-18,2.7701283341511748e-18,0.45066901818644034,0.45000001076932133,0.4506690181864404,1.662509035310581e-19,0.4506690828253871,0.45000000912271704,0.4506690828253872,1.6625090353013418e-19,0.45,0.45066901818644034,0.4499373696708302,2.770762425457453e-18,0.45,0.45066908282538715,0.44993736377584737,2.7707624254266557e-18,0.45000001076916374,0.45000000912287397,49.939519437092876,49.879038874185746,49.82890938475671,49.82739441955042,49.82739441927905,49.825879454344125,49.8258794538014
27.0,6.832956071761027e-48,0.45,0.4500000099460112,3.332653113894148e-18,5.0893802158022036e-17,2.772972105443674e-18,2.7701283341511748e-18,0.45066901818648636,0.4500000107688604,0.45066901818648647,1.6625090353105807e-19,0.4506690828253429,0.45000000912316146,0.4506690828253428,1.662509035301342e-19,0.45,0.4506690181864864,0.4499373696708252,2.770762425457453e-18,0.45,0.45066908282534285,0.4499373637758508,2.7707624254266557e-18,0.45000001077041507,0.45000000912160754,49.93951943709287,49.879038874185746,49.82890938475671,49.827394419550416,49.82739441927907,49.825879454344125,49.8258794538014
28.0,-6.973319993233205e-48,0.45,0.4500000099460112,3.332653113894148e-18,5.0893802158022005e-17,2.772972105443674e-18,2.7701283341511748e-18,0.45066901818650473,0.45000001076867785,0.4506690181865048,1.6625090353105807e-19,0.45066908282532464,0.45000000912334337,0.4506690828253246,1.662509035301342e-19,0.45,0.45066901818650473,0.4499373696708233,2.7707624254574532e-18,0.45,0.4506690828253246,0.4499373637758524,2.7707624254266557e-18,0.4500000107704148,0.45000000912160726,49.93951943709287,49.879038874185746,49.82890938475671,49.827394419550416,49.82739441927907,49.82587945434413,49.8258794538014
29.0,-5.4586510382591473e-48,0.45,0.4500000099460112,3.3326531138941484e-18,5.089380215802201e-17,2.772972105443674e-18,2.7701283341511748e-18,0.4506690181864824,0.4500000107689018,0.45066901818648236,1.6625090353105807e-19,0.4506690828253469,0.45000000912311977,0.45066908282534696,1.662509035301342e-19,0.45,0.4506690181864824,0.4499373696708256,2.770762425457453e-18,0.45,0.4506690828253469,0.44993736377585036,2.7707624254266557e-18,0.45000001077041485,0.4500000091216073,49.939519437092876,49.879038874185746,49.82890938475671,49.827394419550416,49.82739441927907,49.825879454344125,49.8258794538014
30.0,1.5137523323605026e-48,0.45,0.4500000099460112,3.332653113894149e-18,5.0893802158022024e-17,2.772972105443674e-18,2.7701283341511748e-18,0.45066901818645083,0.4500000107692183,0.4506690181864507,1.662509035310581e-19,0.4506690828253785,0.4500000091228039,0.4506690828253785,1.6625090353013418e-19,0.45,0.4506690181864508,0.4499373696708289,2.770762425457453e-18,0.45,0.4506690828253785,0.44993736377584753,2.7707624254266557e-18,0.4500000107691561,0.4500000091228663,49.93951943709288,49.879038874185746,49.82890938475671,49.82739441955042,49.82739441927905,49.825879454344125,49.8258794538014
31.0,4.080679514302971e-48,0.45,0.4500000099460112,3.3326531138941484e-18,5.089380215802203e-17,2.772972105443674e-18,2.7701283341511748e-18,0.45066901818644123,0.4500000107693134,0.4506690181864412,1.662509035310581e-19,0.45066908282538803,0.45000000912270893,0.45066908282538803,1.6625090353013418e-19,0.45,0.45066901818644123,0.44993736967083,2.770762425457453e-18,0.45,0.45066908282538803,0.44993736377584687,2.7707624254266557e-18,0.45000001076915613,0.45000000912286636,49.939519437092876,49.879038874185746,49.82890938475671,49.82739441955042,49.82739441927905,49.825879454344125,49.8258794538014
32.0,4.0858568571104954e-51,0.45,0.4500000099460112,3.3326531138941484e-18,5.0893802158022024e-17,2.772972105443674e-18,2.7701283341511748e-18,0.4506690181864569,0.4500000107691562,0.45066901818645694,1.6625090353105807e-19,0.4506690828253724,0.45000000912286575,0.4506690828253723,1.6625090353013418e-19,0.45,0.45066901818645694,0.44993736967082826,2.770762425457453e-18,0.45,0.4506690828253724,0.44993736377584803,2.7707624254266557e-18,0.45000001076957574,0.45000000912244664,49.939519437092876,49.879038874185746,49.82890938475671,49.827394419550416,49.82739441927905,49.825879454344125,49.8258794538014
33.0,-4.169789328652093e-51,0.45,0.4500000099460112,3.3326531138941484e-18,5.089380215802202e-17,2.772972105443674e-18,2.7701283341511748e-18,0.45066901818645705,0.45000001076915586,0.450669018186457,1.6625090353105807e-19,0.45066908282537227,0.45000000912286603,0.45066908282537227,1.6625090353013418e-19,0.45,0.450669018186457,0.44993736967082804,2.7707624254574532e-18,0.45,0.4506690828253723,0.4499373637758476,2.7707624254266557e-18,0.4500000107695757,0.4500000091224466,49.939519437092876,49.879038874185746,49.82890938475671,49.827394419550416,49.82739441927905,49.82587945434413,49.8258794538014
34.0,-3.264072905051829e-51,0.45,0.4500000099460112,3.3326531138941484e-18,5.089380215802202e-17,2.772972105443674e-18,2.7701283341511748e-18,0.450669018186457,0.4500000107691559,0.45066901818645694,1.6625090353105807e-19,0.4506690828253723,0.450000009122866,0.4506690828253723,1.6625090353013418e-19,0.45,0.450669018186457,0.4499373696708281,2.770762425457453e-18,0.45,0.4506690828253723,0.44993736377584775,2.7707624254266557e-18,0.4500000107695757,0.4500000091224466,49.939519437092876,49.879038874185746,49.82890938475671,49.827394419550416,49.82739441927905,49.825879454344125,49.8258794538014
35.0,9.051683169313752e-52,0.45,0.4500000099460112,3.3326531138941484e-18,5.089380215802202e-17,2.772972105443674e-18,2.7701283341511748e-18,0.45066901818645694,0.4500000107691561,0.4506690181864569,1.662509035310581e-19,0.45066908282537244,0.45000000912286586,0.4506690828253724,1.6625090353013418e-19,0.45,0.45066901818645694,0.4499373696708283,2.770762425457453e-18,0.45,0.4506690828253724,0.4499373637758483,2.7707624254266557e-18,0.450000010769156,0.45000000912286625,49.939519437092876,49.879038874185746,49.82890938475671,49.82739441955042,49.82739441927905,49.825879454344125,49.8258794538014
36.0,2.4400965263176195e-51,0.45,0.4500000099460112,3.3326531138941484e-18,5.089380215802202e-17,2.772972105443674e-18,2.7701283341511748e-18,0.45066901818645694,0.45000001076915613,0.4506690181864569,1.662509035310581e-19,0.45066908282537244,0.4500000091228658,0.4506690828253724,1.6625090353013418e-19,0.45,0.45066901818645694,0.44993736967082854,2.770762425457453e-18,0.45,0.45066908282537244,0.44993736377584875,2.7707624254266557e-18,0.450000010769156,0.45000000912286625,49.939519437092876,49.879038874185746,49.82890938475671,49.82739441955042,49.82739441927905,49.825879454344125,49.8258794538014
37.0,-4.8435072099445925e-61,0.45,0.45000000994602024,3.332653113894149e-18,5.0893802158039545e-17,2.772972105443674e-18,2.7701283341511748e-18,0.4506690181864423,0.4500000107693213,0.45066901818644106,1.662509035310581e-19,0.450669082825364,0.4500000091229521,0.45066908282536383,1.6625090353013418e-19,0.45,0.45066901818644167,0.44993736967082953,2.770762425457453e-18,0.45,0.45066908282536394,0.44993736377584853,2.7707624254266557e-18,0.450000010769311,0.45000000912302124,49.93951943709288,49.879038874185746,49.82890938475671,49.82739441955042,49.82739441927905,49.825879454344125,49.8258794538014
38.0,2.448932844671113e-63,0.45,0.45000000994601697,3.3326531138941473e-18,5.089380215799615e-17,2.772972105443674e-18,2.7701283341511748e-18,0.4506690181864823,0.4500000107688859,0.4506690181864834,1.662509035310581e-19,0.4506690828254011,0.4500000091225682,0.4506690828254018,1.662509035301342e-19,0.45,0.4506690181864829,0.44993736967082565,2.770762425457453e-18,0.45,0.45066908282540147,0.449937363775845,2.7707624254266557e-18,0.45000001076976653,0.45000000912179833,49.93951943709286,49.879038874185746,49.82890938475671,49.82739441955042,49.82739441927907,49.825879454344125,49.8258794538014
39.0,-4.2310354634289136e-63,0.45,0.45000000994600126,3.3326531138941507e-18,5.089380215806304e-17,2.772972105443674e-18,2.7701283341511748e-18,0.45066901818642524,0.450000010769508,0.45066901818642296,1.6625090353105807e-19,0.45066908282531887,0.4500000091234269,0.4506690828253171,1.662509035301342e-19,0.45,0.45066901818642413,0.4499373696708322,2.770762425457453e-18,0.45,0.45066908282531787,0.44993736377585525,2.7707624254266553e-18,0.4500000107707776,0.4500000091219701,49.93951943709291,49.879038874185746,49.82890938475671,49.827394419550416,49.82739441927907,49.825879454344125,49.82587945380139
40.0,-2.743338433295772e-63,0.45,0.45000000994600475,3.33265311389415e-18,5.089380215804936e-17,2.7729721054436745e-18,2.7701283341511748e-18,0.4506690181864587,0.45000001076915913,0.4506690181864573,1.6625090353105807e-19,0.45066908282531354,0.4500000091234692,0.4506690828253125,1.662509035301342e-19,0.45,0.45066901818645805,0.4499373696708315,2.770762425457453e-18,0.45,0.450669082825313,0.44993736377586196,2.7707624254266553e-18,0.45000001077065666,0.4500000091218491,49.9395194370929,49.87903887418575,49.82890938475671,49.827394419550416,49.82739441927907,49.825879454344125,49.82587945380139
41.0,1.2548687982609076e-63,0.45,0.45000000994601413,3.332653113894148e-18,5.0893802158010326e-17,2.7729721054436745e-18,2.7701283341511748e-18,0.45066901818651517,0.4500000107685622,0.4506690181865159,1.662509035310581e-19,0.45066908282533824,0.45000000912319865,0.4506690828253388,1.662509035301342e-19,0.45,0.4506690181865155,0.4499373696708312,2.7707624254574532e-18,0.45,0.4506690828253386,0.44993736377587196,2.7707624254266557e-18,0.4500000107698919,0.45000000912192367,49.93951943709287,49.87903887418575,49.82890938475671,49.82739441955042,49.82739441927907,49.82587945434413,49.8258794538014
42.0,2.1064310944314785e-63,0.45,0.45000000994601613,3.3326531138941477e-18,5.089380215800111e-17,2.7729721054436745e-18,2.7701283341511748e-18,0.4506690181865269,0.4500000107684404,0.45066901818652794,1.662509035310581e-19,0.45066908282534585,0.4500000091231189,0.4506690828253467,1.662509035301342e-19,0.45,0.4506690181865274,0.44993736967083897,2.770762425457453e-18,0.45,0.45066908282534635,0.44993736377589205,2.7707624254266557e-18,0.4500000107698104,0.4500000091218422,49.93951943709286,49.87903887418575,49.82890938475671,49.82739441955042,49.82739441927907,49.825879454344125,49.8258794538014
43.0,1.4643719278918458e-66,0.45,0.4500000099460112,3.3326531138941484e-18,5.0893802158021783e-17,2.772972105443674e-18,2.7701283341511748e-18,0.4506690181865004,0.45000001076872204,0.45066901818650035,1.6625090353105807e-19,0.45066908282532936,0.4500000091232962,0.45066908282532936,1.662509035301342e-19,0.45,0.45066901818650035,0.44993736967082854,2.770762425457453e-18,0.45,0.45066908282532936,0.4499373637758633,2.7707624254266557e-18,0.45000001077041285,0.4500000091216053,49.939519437092876,49.879038874185746,49.82890938475671,49.827394419550416,49.82739441927907,49.825879454344125,49.8258794538014
44.0,-2.5300038635368385e-66,0.45,0.4500000099460112,3.3326531138941484e-18,5.089380215802241e-17,2.772972105443674e-18,2.7701283341511748e-18,0.45066901818648814,0.4500000107688432,0.4506690181864882,1.6625090353105807e-19,0.45066908282534013,0.45000000912318683,0.45066908282534024,1.662509035301342e-19,0.45,0.4506690181864882,0.44993736967081666,2.7707624254574532e-18,0.45,0.4506690828253402,0.44993736377583166,2.7707624254266557e-18,0.4500000107704184,0.45000000912161087,49.939519437092876,49.879038874185746,49.82890938475671,49.827394419550416,49.82739441927907,49.82587945434413,49.8258794538014
45.0,-1.6404156607098182e-66,0.45,0.4500000099460112,3.3326531138941484e-18,5.089380215802228e-17,2.772972105443674e-18,2.7701283341511748e-18,0.4506690181864687,0.4500000107690381,0.4506690181864687,1.6625090353105807e-19,0.4506690828253599,0.45000000912298926,0.45066908282536,1.662509035301342e-19,0.45,0.45066901818646876,0.4499373696708216,2.7707624254574532e-18,0.45,0.45066908282535995,0.4499373637758366,2.7707624254266557e-18,0.45000001077041724,0.4500000091216097,49.939519437092876,49.879038874185746,49.82890938475671,49.827394419550416,49.82739441927907,49.82587945434413,49.8258794538014
46.0,7.503654685179398e-67,0.45,0.4500000099460112,3.3326531138941484e-18,5.089380215802191e-17,2.772972105443674e-18,2.7701283341511748e-18,0.45066901818645266,0.4500000107691995,0.4506690181864526,1.662509035310581e-19,0.4506690828253768,0.4500000091228207,0.4506690828253769,1.662509035301342e-19,0.45,0.45066901818645266,0.44993736967083114,2.770762425457453e-18,0.45,0.4506690828253768,0.44993736377585336,2.7707624254266557e-18,0.4500000107699943,0.4500000091220261,49.939519437092876,49.879038874185746,49.82890938475671,49.82739441955042,49.82739441927907,49.825879454344125,49.8258794538014
47.0,1.259568456291487e-66,0.45,0.4500000099460112,3.332653113894148e-18,5.0893802158021826e-17,2.772972105443674e-18,2.7701283341511748e-18,0.45066901818645055,0.45000001076922014,0.45066901818645055,1.662509035310581e-19,0.45066908282537915,0.4500000091227984,0.45066908282537915,1.662509035301342e-19,0.45,0.45066901818645055,0.44993736967083314,2.770762425457453e-18,0.45,0.45066908282537915,0.4499373637758573,2.7707624254266557e-18,0.4500000107699935,0.4500000091220253,49.93951943709287,49.879038874185746,49.82890938475671,49.82739441955042,49.82739441927907,49.825879454344125,49.8258794538014
48.0,8.75640648073826e-70,0.45,0.4500000099460112,3.332653113894148e-18,5.0893802158022024e-17,2.772972105443674e-18,2.7701283341511748e-18,0.4506690181864565,0.45000001076915996,0.45066901818645655,1.6625090353105807e-19,0.4506690828253727,0.4500000091228624,0.4506690828253727,1.662509035301342e-19,0.45,0.4506690181864565,0.44993736967082815,2.7707624254574532e-18,0.45,0.4506690828253727,0.4499373637758478,2.7707624254266557e-18,0.45000001077041496,0.4500000091216074,49.93951943709287,49.879038874185746,49.82890938475671,49.827394419550416,49.82739441927907,49.82587945434413,49.8258794538014
49.0,-1.5128494206290888e-69,0.45,0.4500000099460112,3.3326531138941484e-18,5.089380215802203e-17,2.772972105443674e-18,2.7701283341511748e-18,0.4506690181864592,0.45000001076913354,0.4506690181864592,1.6625090353105807e-19,0.45066908282537,0.4500000091228889,0.45066908282537,1.662509035301342e-19,0.45,0.4506690181864592,0.4499373696708277,2.770762425457453e-18,0.45,0.45066908282537,0.4499373637758477,2.7707624254266557e-18,0.450000010770415,0.4500000091216075,49.939519437092876,49.879038874185746,49.82890938475671,49.827394419550416,49.82739441927907,49.825879454344125,49.8258794538014
50.0,-9.809083368064178e-70,0.45,0.4500000099460112,3.3326531138941484e-18,5.0893802158022024e-17,2.772972105443674e-18,2.7701283341511748e-18,0.4506690181864604,0.45000001076912216,0.4506690181864604,1.662509035310581e-19,0.4506690828253689,0.4500000091229002,0.4506690828253689,1.662509035301342e-19,0.45,0.4506690181864604,0.4499373696708277,2.770762425457453e-18,0.45,0.4506690828253689,0.449937363775848,2.7707624254266557e-18,0.4500000107699953,0.4500000091220271,49.939519437092876,49.879038874185746,49.82890938475671,49.82739441955042,49.82739441927907,49.825879454344125,49.8258794538014
51.0,4.486910003056313e-70,0.45,0.4500000099460112,3.3326531138941484e-18,5.089380215802202e-17,2.772972105443674e-18,2.7701283341511748e-18,0.45066901818645333,0.450000010769193,0.4506690181864533,1.662509035310581e-19,0.450669082825376,0.4500000091228294,0.450669082825376,1.662509035301342e-19,0.45,0.4506690181864533,0.4499373696708286,2.770762425457453e-18,0.45,0.450669082825376,0.44993736377584764,2.7707624254266557e-18,0.45000001076999524,0.45000000912202703,49.939519437092876,49.879038874185746,49.82890938475671,49.82739441955042,49.82739441927907,49.825879454344125,49.8258794538014
52.0,7.531756914708491e-70,0.45,0.4500000099460112,3.3326531138941484e-18,5.089380215802202e-17,2.772972105443674e-18,2.7701283341511748e-18,0.45066901818643135,0.450000010769413,0.4506690181864313,1.662509035310581e-19,0.4506690828253979,0.4500000091226096,0.45066908282539797,1.662509035301342e-19,0.45,0.45066901818643135,0.44993736967083087,2.770762425457453e-18,0.45,0.4506690828253979,0.44993736377584564,2.7707624254266557e-18,0.45000001076999524,0.45000000912202703,49.939519437092876,49.879038874185746,49.82890938475671,49.82739441955042,49.82739441927907,49.825879454344125,49.8258794538014
53.0,5.236009581681899e-73,0.45,0.4500000099460112,3.332653113894148e-18,5.089380215802202e-17,2.772972105443674e-18,2.7701283341511748e-18,0.45066901818644817,0.45000001076924323,0.45066901818644817,1.6625090353105807e-19,0.4506690828253811,0.4500000091227792,0.45066908282538104,1.662509035301342e-19,0.45,0.45066901818644817,0.44993736967082903,2.770762425457453e-18,0.45,0.45066908282538104,0.44993736377584687,2.7707624254266557e-18,0.4500000107704149,0.45000000912160737,49.93951943709287,49.879038874185746,49.82890938475671,49.827394419550416,49.82739441927907,49.825879454344125,49.8258794538014
54.0,-9.046284088661843e-73,0.45,0.4500000099460112,3.332653113894148e-18,5.089380215802202e-17,2.772972105443674e-18,2.7701283341511748e-18,0.4506690181864718,0.45000001076900603,0.4506690181864719,1.6625090353105807e-19,0.45066908282535745,0.4500000091230162,0.4506690828253574,1.662509035301342e-19,0.45,0.45066901818647187,0.4499373696708266,2.7707624254574532e-18,0.45,0.45066908282535745,0.449937363775849,2.7707624254266557e-18,0.4500000107704149,0.45000000912160737,49.93951943709287,49.879038874185746,49.82890938475671,49.827394419550416,49.82739441927907,49.82587945434413,49.8258794538014
55.0,-5.865471710990044e-73,0.45,0.4500000099460112,3.332653113894148e-18,5.089380215802202e-17,2.772972105443674e-18,2.7701283341511748e-18,0.45066901818646665,0.4500000107690589,0.4506690181864667,1.6625090353105807e-19,0.45066908282536267,0.4500000091229634,0.4506690828253626,1.662509035301342e-19,0.45,0.45066901818646665,0.4499373696708271,2.7707624254574532e-18,0.45,0.45066908282536267,0.44993736377584853,2.7707624254266557e-18,0.4500000107704149,0.45000000912160737,49.93951943709287,49.879038874185746,49.82890938475671,49.827394419550416,49.82739441927907,49.82587945434413,49.8258794538014
56.0,2.6830074437301792e-73,0.45,0.4500000099460112,3.3326531138941484e-18,5.089380215802202e-17,2.772972105443674e-18,2.7701283341511748e-18,0.45066901818645255,0.4500000107692008,0.45066901818645255,1.6625090353105807e-19,0.4506690828253767,0.4500000091228216,0.45066908282537677,1.662509035301342e-19,0.45,0.45066901818645255,0.44993736967082854,2.770762425457453e-18,0.45,0.45066908282537677,0.4499373637758473,2.7707624254266557e-18,0.4500000107704149,0.45000000912160737,49.939519437092876,49.879038874185746,49.82890938475671,49.827394419550416,49.82739441927907,49.825879454344125,49.8258794538014
57.0,4.5037141045316614e-73,0.45,0.4500000099460112,3.3326531138941484e-18,5.0893802158022024e-17,2.772972105443674e-18,2.7701283341511748e-18,0.4506690181864495,0.4500000107692311,0.45066901818644944,1.6625090353105807e-19,0.45066908282537976,0.4500000091227914,0.45066908282537976,1.662509035301342e-19,0.45,0.45066901818644944,0.4499373696708288,2.770762425457453e-18,0.45,0.4506690828253798,0.449937363775847,2.7707624254266557e-18,0.45000001077041496,0.4500000091216074,49.939519437092876,49.879038874185746,49.82890938475671,49.827394419550416,49.82739441927907,49.825879454344125,49.8258794538014
58.0,3.130941488358021e-76,0.45,0.4500000099460112,3.3326531138941484e-18,5.089380215802202e-17,2.772972105443674e-18,2.7701283341511748e-18,0.4506690181864569,0.4500000107691563,0.45066901818645694,1.6625090353105807e-19,0.4506690828253723,0.4500000091228661,0.4506690828253723,1.662509035301342e-19,0.45,0.4506690181864569,0.44993736967082804,2.770762425457453e-18,0.45,0.4506690828253723,0.44993736377584764,2.7707624254266557e-18,0.4500000107704149,0.45000000912160737,49.939519437092876,49.879038874185746,49.82890938475671,49.827394419550416,49.82739441927907,49.825879454344125,49.8258794538014
59.0,-5.409345748287665e-76,0.45,0.4500000099460112,3.332653113894148e-18,5.089380215802202e-17,2.772972105443674e-18,2.7701283341511748e-18,0.45066901818645694,0.45000001076915613,0.450669018186457,1.6625090353105807e-19,0.45066908282537227,0.4500000091228662,0.4506690828253723,1.662509035301342e-19,0.45,0.45066901818645694,0.4499373696708281,2.7707624254574532e-18,0.45,0.45066908282537227,0.4499373637758477,2.7707624254266557e-18,0.4500000107704149,0.45000000912160737,49.93951943709287,49.879038874185746,49.82890938475671,49.827394419550416,49.82739441927907,49.82587945434413,49.8258794538014
60.0,-3.507336730814417e-76,0.45,0.4500000099460112,3.3326531138941484e-18,5.089380215802202e-17,2.772972105443674e-18,2.7701283341511748e-18,0.45066901818645694,0.4500000107691562,0.45066901818645694,1.662509035310581e-19,0.45066908282537227,0.45000000912286614,0.45066908282537227,1.662509035301342e-19,0.45,0.4506690181864569,0.44993736967082815,2.770762425457453e-18,0.45,0.45066908282537227,0.44993736377584775,2.7707624254266557e-18,0.45000001076999524,0.45000000912202703,49.939519437092876,49.879038874185746,49.82890938475671,49.82739441955042,49.82739441927907,49.825879454344125,49.8258794538014
61.0,1.6043399440170028e-76,0.45,0.4500000099460112,3.3326531138941484e-18,5.0893802158022024e-17,2.772972105443674e-18,2.7701283341511748e-18,0.4506690181864569,0.45000001076915636,0.45066901818645694,1.662509035310581e-19,0.4506690828253723,0.45000000912286614,0.4506690828253723,1.662509035301342e-19,0.45,0.4506690181864569,0.4499373696708282,2.770762425457453e-18,0.45,0.4506690828253723,0.44993736377584787,2.7707624254266557e-18,0.4500000107699953,0.4500000091220271,49.939519437092876,49.879038874185746,49.82890938475671,49.82739441955042,49.82739441927907,49.825879454344125,49.8258794538014
62.0,2.6930556794458206e-76,0.45,0.4500000099460112,3.3326531138941484e-18,5.0893802158022024e-17,2.772972105443674e-18,2.7701283341511748e-18,0.4506690181864569,0.45000001076915636,0.4506690181864569,1.662509035310581e-19,0.4506690828253723,0.4500000091228661,0.4506690828253723,1.662509035301342e-19,0.45,0.45066901818645694,0.4499373696708282,2.770762425457453e-18,0.45,0.4506690828253723,0.4499373637758479,2.7707624254266557e-18,0.4500000107699953,0.4500000091220271,49.939519437092876,49.879038874185746,49.82890938475671,49.82739441955042,49.82739441927907,49.825879454344125,49.8258794538014
63.0,-4.116030206268304e-86,0.45,0.45000000994516975,3.3326531138941276e-18,5.089380215439003e-17,2.7729721054436607e-18,2.770128334151161e-18,0.4506690181896674,0.4500000107366805,0.45066901818969224,1.6625090353105728e-19,0.45066908282868196,0.450000009089393,0.4506690828287077,1.6625090353013336e-19,0.45,0.4506690181896798,0.44993736967050657,2.7707624254574394e-18,0.45,0.45066908282869567,0.44993736377551974,2.7707624254266422e-18,0.4500000107374618,0.4500000090903327,49.93951943709257,49.87903887418551,49.828909384756464,49.827394419550174,49.82739441927881,49.825879454343884,49.82587945380116
64.0,1.1473014653642917e-88,0.45,0.4500000099448179,3.3326531138941353e-18,5.089380215228792e-17,2.772972105443662e-18,2.770128334151164e-18,0.4506690181917818,0.45000001071583234,0.4506690181917872,1.6625090353105744e-19,0.45066908283085944,0.45000000906785526,0.45066908283087054,1.6625090353013353e-19,0.45,0.45066901819178445,0.44993736967029385,2.7707624254574425e-18,0.45,0.45066908283086776,0.44993736377530447,2.7707624254266453e-18,0.45000001071887513,0.45000000907174603,49.939519437092684,49.87903887418553,49.82890938475652,49.82739441955023,49.82739441927887,49.82587945434394,49.825879453801214
65.0,-1.8044477126441164e-88,0.45,0.45000000994732653,3.332653113894182e-18,5.0893802163391424e-17,2.772972105443708e-18,2.7701283341511986e-18,0.45066901818125327,0.450000010822323,0.4506690181811776,1.662509035310595e-19,0.45066908282033535,0.4500000091744631,0.4506690828202509,1.6625090353013555e-19,0.45,0.4506690181812154,0.44993736967135034,2.770762425457476e-18,0.45,0.4506690828202891,0.4499373637763419,2.770762425426679e-18,0.450000010816632,0.4500000091703422,49.93951943709337,49.87903887418635,49.82890938475713,49.82739441955083,49.82739441927946,49.82587945434453,49.825879453801804
66.0,-1.2057088166108774e-88,0.45,0.45000000994700445,3.3326531138941943e-18,5.089380216214681e-17,2.77297210544371e-18,2.7701283341511963e-18,0.450669018182607,0.45000001080820656,0.45066901818257016,1.6625090353105937e-19,0.4506690828216493,0.4500000091606901,0.45066908282160867,1.6625090353013543e-19,0.45,0.45066901818258853,0.4499373696712133,2.7707624254574737e-18,0.45,0.4506690828216273,0.44993736377621263,2.7707624254266765e-18,0.4500000108052074,0.4500000091597572,49.93951943709355,49.87903887418638,49.8289093847571,49.8273944195508,49.82739441927942,49.825879454344495,49.82587945380176
67.0,5.136295310802183e-89,0.45,0.4500000099458843,3.3326531138941908e-18,5.089380215706716e-17,2.772972105443701e-18,2.7701283341511844e-18,0.45066901818780164,0.45000001075528684,0.45066901818783023,1.6625090353105867e-19,0.4506690828267687,0.4500000091083806,0.4506690828268065,1.6625090353013476e-19,0.45,0.4506690181878159,0.44993736967069037,2.7707624254574625e-18,0.45,0.4506690828267922,0.44993736377570803,2.770762425426665e-18,0.4500000107607133,0.4500000091144235,49.9395194370935,49.87903887418623,49.828909384756884,49.82739441955059,49.82739441927922,49.825879454344296,49.82587945380156
68.0,9.236787080453775e-89,0.45,0.45000000994599876,3.3326531138941904e-18,5.089380215666556e-17,2.772972105443714e-18,2.7701283341511898e-18,0.4506690181887957,0.4500000107453678,0.45066901818882343,1.66250903531059e-19,0.45066908282766094,0.4500000090993787,0.4506690828277071,1.662509035301351e-19,0.45,0.45066901818880956,0.44993736967058917,2.770762425457468e-18,0.45,0.45066908282769325,0.4499373637756195,2.7707624254266707e-18,0.45000001075758195,0.45000000911045285,49.939519437093495,49.87903887418644,49.828909384756976,49.827394419550686,49.82739441927932,49.82587945434439,49.82587945380166
69.0,6.86052089150982e-92,0.45,0.4500000099462397,3.3326531138941592e-18,5.089380215857976e-17,2.7729721054436884e-18,2.770128334151182e-18,0.450669018186248,0.45000001077130247,0.45066901818624444,1.662509035310585e-19,0.4506690828251398,0.45000000912520177,0.4506690828251405,1.6625090353013459e-19,0.45,0.4506690181862462,0.44993736967084774,2.7707624254574594e-18,0.45,0.45066908282514223,0.44993736377586996,2.7707624254266626e-18,0.4500000107745072,0.4500000091273781,49.93951943709303,49.879038874186,49.82890938475684,49.82739441955054,49.82739441927917,49.82587945434424,49.82587945380152
70.0,-1.079005951902795e-91,0.45,0.4500000099456467,3.3326531138941315e-18,5.089380215719002e-17,2.772972105443652e-18,2.770128334151164e-18,0.450669018186737,0.4500000107662196,0.4506690181867456,1.6625090353105742e-19,0.450669082825689,0.4500000091196315,0.4506690828256913,1.6625090353013353e-19,0.45,0.45066901818674127,0.4499373696708009,2.770762425457442e-18,0.45,0.45066908282568685,0.4499373637758178,2.770762425426645e-18,0.4500000107626388,0.4500000091146706,49.939519437092635,49.87903887418536,49.82890938475652,49.827394419550224,49.82739441927887,49.825879454343934,49.82587945380121
71.0,-7.209779394108514e-92,0.45,0.45000000994576456,3.332653113894137e-18,5.0893802157435345e-17,2.7729721054436595e-18,2.7701283341511674e-18,0.4506690181866732,0.4500000107669131,0.45066901818667826,1.6625090353105766e-19,0.45066908282561313,0.45000000912042387,0.45066908282561396,1.6625090353013374e-19,0.45,0.4506690181866757,0.4499373696708062,2.770762425457446e-18,0.45,0.4506690828256113,0.44993736377582494,2.7707624254266484e-18,0.45000001076438834,0.45000000911725924,49.939519437092706,49.87903887418549,49.828909384756585,49.827394419550295,49.82739441927893,49.825879454344,49.825879453801264
72.0,3.071351461290088e-92,0.45,0.4500000099461074,3.3326531138941527e-18,5.0893802158212114e-17,2.7729721054436803e-18,2.770128334151178e-18,0.4506690181864199,0.45000001076957213,0.45066901818641697,1.6625090353105829e-19,0.4506690828253249,0.4500000091233668,0.4506690828253238,1.6625090353013437e-19,0.45,0.4506690181864184,0.44993736967082926,2.7707624254574563e-18,0.45,0.45066908282532525,0.4499373637758525,2.7707624254266588e-18,0.4500000107712565,0.4500000091241274,49.93951943709294,49.87903887418586,49.82890938475677,49.82739441955048,49.82739441927911,49.82587945434418,49.82587945380145
73.0,5.523323242189816e-92,0.45,0.4500000099461894,3.3326531138941565e-18,5.0893802158416725e-17,2.7729721054436853e-18,2.7701283341511805e-18,0.4506690181863404,0.45000001077038604,0.4506690181863363,1.6625090353105843e-19,0.45066908282523704,0.4500000091242484,0.4506690828252362,1.6625090353013451e-19,0.45,0.4506690181863383,0.44993736967083553,2.7707624254574586e-18,0.45,0.4506690828252382,0.44993736377586124,2.770762425426661e-18,0.4500000107730657,0.4500000091259366,49.939519437093,49.879038874185945,49.82890938475681,49.827394419550515,49.82739441927915,49.825879454344225,49.82587945380149
74.0,-5.391783779749202e-113,0.45,0.4500000099460112,3.332653113894149e-18,5.0893802158022036e-17,2.772972105443674e-18,2.7701283341511748e-18,0.4506690181864759,0.45000001076899726,0.4506690181864739,1.662509035310581e-19,0.4506690828253529,0.45000000912303023,0.45066908282535484,1.662509035301342e-19,0.45,0.450669018186475,0.44993736967082615,2.770762425457453e-18,0.45,0.45066908282535384,0.44993736377584964,2.7707624254266557e-18,0.4500000107699954,0.4500000091220272,49.93951943709288,49.879038874185746,49.82890938475671,49.82739441955042,49.82739441927907,49.825879454344125,49.8258794538014
75.0,1.8334244268408113e-115,0.45,0.4500000099460112,3.332653113894148e-18,5.0893802158022024e-17,2.7729721054436745e-18,2.7701283341511748e-18,0.45066901818644206,0.45000001076929935,0.45066901818644245,1.662509035310581e-19,0.4506690828253872,0.45000000912272275,0.45066908282538687,1.662509035301342e-19,0.45,0.4506690181864423,0.44993736967082953,2.770762425457453e-18,0.45,0.450669082825387,0.4499373637758462,2.7707624254266553e-18,0.4500000107699953,0.4500000091220271,49.93951943709287,49.87903887418575,49.82890938475671,49.82739441955042,49.82739441927907,49.825879454344125,49.82587945380139
76.0,-1.3794673185059408e-115,0.45,0.4500000099460112,3.3326531138941484e-18,5.0893802158022024e-17,2.7729721054436745e-18,2.7701283341511748e-18,0.4506690181864547,0.45000001076918134,0.4506690181864545,1.6625090353105807e-19,0.45066908282537455,0.45000000912284077,0.45066908282537477,1.6625090353013418e-19,0.45,0.4506690181864546,0.4499373696708283,2.7707624254574532e-18,0.45,0.4506690828253746,0.4499373637758475,2.7707624254266557e-18,0.45000001076957574,0.45000000912244664,49.939519437092876,49.87903887418575,49.82890938475671,49.827394419550416,49.82739441927905,49.82587945434413,49.8258794538014
77.0,-1.2313689853280301e-115,0.45,0.4500000099460112,3.3326531138941484e-18,5.0893802158022024e-17,2.772972105443674e-18,2.7701283341511748e-18,0.4506690181864135,0.45000001076959456,0.4506690181864132,1.6625090353105807e-19,0.4506690828254158,0.450000009122428,0.450669082825416,1.6625090353013415e-19,0.45,0.45066901818641336,0.4499373696708325,2.770762425457453e-18,0.45,0.4506690828254159,0.4499373637758433,2.7707624254266557e-18,0.4500000107691561,0.4500000091228663,49.939519437092876,49.879038874185746,49.82890938475671,49.827394419550416,49.827394419279045,49.825879454344125,49.8258794538014
78.0,2.1366702526314638e-116,0.45,0.4500000099460112,3.3326531138941484e-18,5.0893802158022024e-17,2.772972105443674e-18,2.770128334151175e-18,0.4506690181863682,0.45000001077004453,0.4506690181863681,1.662509035310581e-19,0.45066908282546103,0.45000000912197846,0.45066908282546103,1.6625090353013415e-19,0.45,0.4506690181863682,0.449937369670837,2.770762425457453e-18,0.45,0.4506690828254611,0.4499373637758388,2.7707624254266557e-18,0.4500000107687363,0.4500000091232861,49.939519437092876,49.879038874185746,49.82890938475672,49.82739441955042,49.827394419279045,49.825879454344125,49.8258794538014
79.0,8.915883121561762e-116,0.45,0.4500000099460112,3.3326531138941484e-18,5.0893802158022024e-17,2.772972105443674e-18,2.770128334151175e-18,0.45066901818636856,0.45000001077003665,0.4506690181863688,1.662509035310581e-19,0.4506690828254606,0.45000000912198634,0.45066908282546037,1.6625090353013418e-19,0.45,0.45066901818636873,0.4499373696708369,2.770762425457453e-18,0.45,0.45066908282546053,0.44993736377583887,2.7707624254266557e-18,0.4500000107691561,0.4500000091228663,49.939519437092876,49.879038874185746,49.82890938475672,49.82739441955042,49.82739441927905,49.825879454344125,49.8258794538014
80.0,1.0963204925832916e-118,0.45,0.45000000994601097,3.3326531138941484e-18,5.089380215802148e-17,2.7729721054436745e-18,2.7701283341511748e-18,0.450669018186467,0.45000001076905277,0.4506690181864672,1.6625090353105807e-19,0.45066908282536317,0.45000000912296034,0.450669082825363,1.662509035301342e-19,0.45,0.45066901818646715,0.4499373696708271,2.770762425457453e-18,0.45,0.4506690828253631,0.4499373637758486,2.7707624254266557e-18,0.45000001077041013,0.4500000091216026,49.939519437092876,49.87903887418575,49.82890938475671,49.827394419550416,49.82739441927907,49.825879454344125,49.8258794538014
81.0,-8.24870808955551e-119,0.45,0.45000000994601075,3.3326531138941484e-18,5.089380215802078e-17,2.7729721054436745e-18,2.7701283341511748e-18,0.4506690181865108,0.45000001076861773,0.45066901818651084,1.6625090353105807e-19,0.45066908282532064,0.4500000091233833,0.45066908282532064,1.662509035301342e-19,0.45,0.45066901818651084,0.44993736967082276,2.770762425457453e-18,0.45,0.45066908282532064,0.4499373637758528,2.7707624254266553e-18,0.45000001077040397,0.45000000912159643,49.939519437092876,49.87903887418575,49.82890938475671,49.827394419550416,49.82739441927907,49.825879454344125,49.82587945380139
82.0,-7.363134431850163e-119,0.45,0.4500000099460108,3.3326531138941484e-18,5.089380215802084e-17,2.7729721054436745e-18,2.7701283341511748e-18,0.4506690181864681,0.4500000107690458,0.4506690181864681,1.6625090353105807e-19,0.4506690828253632,0.45000000912295635,0.4506690828253633,1.6625090353013418e-19,0.45,0.4506690181864681,0.44993736967082704,2.770762425457453e-18,0.45,0.4506690828253632,0.44993736377584853,2.7707624254266553e-18,0.45000001076956525,0.45000000912243615,49.939519437092876,49.87903887418575,49.82890938475671,49.827394419550416,49.82739441927905,49.825879454344125,49.82587945380139
83.0,1.2776503626543895e-119,0.45,0.4500000099460108,3.3326531138941484e-18,5.089380215802123e-17,2.7729721054436745e-18,2.7701283341511748e-18,0.45066901818640875,0.45000001076963886,0.45066901818640875,1.662509035310581e-19,0.4506690828254218,0.45000000912237004,0.4506690828254219,1.6625090353013418e-19,0.45,0.45066901818640875,0.44993736967083303,2.770762425457453e-18,0.45,0.45066908282542184,0.4499373637758426,2.7707624254266553e-18,0.45000001076914903,0.45000000912285926,49.939519437092876,49.87903887418575,49.82890938475671,49.82739441955042,49.82739441927905,49.825879454344125,49.82587945380139
84.0,5.331370757663555e-119,0.45,0.4500000099460107,3.3326531138941484e-18,5.08938021580215e-17,2.772972105443674e-18,2.7701283341511748e-18,0.45066901818640254,0.45000001076969903,0.4506690181864026,1.662509035310581e-19,0.45066908282542756,0.45000000912231475,0.4506690828254275,1.6625090353013418e-19,0.45,0.4506690181864026,0.44993736967083375,2.770762425457453e-18,0.45,0.45066908282542756,0.4499373637758419,2.7707624254266557e-18,0.4500000107691514,0.45000000912286164,49.939519437092876,49.879038874185746,49.82890938475671,49.82739441955042,49.82739441927905,49.825879454344125,49.8258794538014
85.0,6.55559402842746e-122,0.45,0.4500000099460108,3.3326531138941484e-18,5.089380215802119e-17,2.7729721054436745e-18,2.7701283341511748e-18,0.45066901818648347,0.45000001076888807,0.4506690181864837,1.6625090353105807e-19,0.4506690828253471,0.4500000091231204,0.45066908282534696,1.662509035301342e-19,0.45,0.45066901818648364,0.4499373696708256,2.7707624254574532e-18,0.45,0.450669082825347,0.44993736377585003,2.7707624254266557e-18,0.4500000107704076,0.45000000912160004,49.939519437092876,49.87903887418575,49.82890938475671,49.827394419550416,49.82739441927907,49.82587945434413,49.8258794538014
86.0,-4.932424584166049e-122,0.45,0.45000000994601097,3.3326531138941484e-18,5.0893802158019373e-17,2.772972105443674e-18,2.7701283341511748e-18,0.45066901818650584,0.4500000107686675,0.4506690181865058,1.6625090353105807e-19,0.45066908282532797,0.4500000091233084,0.4506690828253281,1.662509035301342e-19,0.45,0.45066901818650584,0.44993736967082315,2.770762425457453e-18,0.45,0.450669082825328,0.4499373637758522,2.7707624254266557e-18,0.45000001077039153,0.450000009121584,49.939519437092876,49.879038874185746,49.82890938475671,49.827394419550416,49.82739441927907,49.825879454344125,49.8258794538014
87.0,-4.402884051252453e-122,0.45,0.4500000099460104,3.3326531138941484e-18,5.089380215801693e-17,2.772972105443674e-18,2.7701283341511748e-18,0.45066901818648575,0.4500000107688693,0.45066901818648564,1.662509035310581e-19,0.45066908282535245,0.4500000091230633,0.4506690828253526,1.6625090353013418e-19,0.45,0.4506690181864857,0.4499373696708252,2.7707624254574532e-18,0.45,0.4506690828253525,0.44993736377584964,2.7707624254266557e-18,0.45000001076911106,0.4500000091228213,49.939519437092876,49.879038874185746,49.82890938475671,49.82739441955042,49.82739441927905,49.82587945434413,49.8258794538014
88.0,7.639880067729082e-123,0.45,0.45000000994600975,3.3326531138941484e-18,5.089380215801531e-17,2.7729721054436745e-18,2.7701283341511748e-18,0.45066901818646016,0.4500000107691248,0.4506690181864601,1.662509035310581e-19,0.45066908282538104,0.45000000912277904,0.4506690828253811,1.6625090353013418e-19,0.45,0.4506690181864601,0.4499373696708279,2.7707624254574532e-18,0.45,0.45066908282538104,0.4499373637758466,2.7707624254266557e-18,0.45000001076909674,0.45000000912280697,49.939519437092876,49.87903887418575,49.82890938475671,49.82739441955042,49.82739441927905,49.82587945434413,49.8258794538014
89.0,3.1879639695147235e-122,0.45,0.4500000099460097,3.332653113894149e-18,5.089380215801594e-17,2.772972105443675e-18,2.770128334151175e-18,0.4506690181864659,0.4500000107690657,0.45066901818646593,1.662509035310581e-19,0.4506690828253742,0.4500000091228492,0.4506690828253741,1.662509035301342e-19,0.45,0.4506690181864659,0.44993736967082754,2.7707624254574532e-18,0.45,0.45066908282537416,0.4499373637758471,2.770762425426656e-18,0.4500000107699415,0.4500000091219733,49.93951943709288,49.87903887418576,49.82890938475672,49.82739441955042,49.82739441927907,49.82587945434413,49.825879453801406
90.0,3.9200042501438293e-125,0.45,0.4500000099460107,3.332653113894149e-18,5.0893802158019743e-17,2.7729721054436745e-18,2.7701283341511748e-18,0.45066901818647676,0.45000001076895796,0.45066901818647676,1.6625090353105807e-19,0.4506690828253566,0.45000000912302407,0.45066908282535656,1.6625090353013418e-19,0.45,0.45066901818647676,0.44993736967082626,2.770762425457453e-18,0.45,0.45066908282535656,0.4499373637758491,2.7707624254266557e-18,0.4500000107695556,0.4500000091224265,49.93951943709288,49.87903887418575,49.82890938475671,49.827394419550416,49.82739441927905,49.825879454344125,49.8258794538014
91.0,-2.949408731876971e-125,0.45,0.4500000099460113,3.332653113894148e-18,5.089380215802188e-17,2.7729721054436737e-18,2.7701283341511748e-18,0.4506690181864439,0.45000001076928897,0.4506690181864438,1.6625090353105807e-19,0.4506690828253857,0.45000000912273075,0.45066908282538587,1.6625090353013418e-19,0.45,0.45066901818644384,0.4499373696708293,2.7707624254574532e-18,0.45,0.45066908282538576,0.4499373637758464,2.7707624254266553e-18,0.45000001076957447,0.45000000912244537,49.93951943709287,49.879038874185746,49.82890938475671,49.827394419550416,49.82739441927905,49.82587945434413,49.82587945380139
92.0,-2.632762954148238e-125,0.45,0.4500000099460113,3.332653113894148e-18,5.089380215802189e-17,2.7729721054436737e-18,2.7701283341511748e-18,0.4506690181864452,0.45000001076927465,0.45066901818644517,1.6625090353105807e-19,0.4506690828253843,0.45000000912274524,0.4506690828253844,1.6625090353013418e-19,0.45,0.45066901818644517,0.4499373696708292,2.770762425457453e-18,0.45,0.45066908282538437,0.44993736377584653,2.7707624254266553e-18,0.4500000107695745,0.4500000091224454,49.93951943709287,49.879038874185746,49.82890938475671,49.827394419550416,49.82739441927905,49.825879454344125,49.82587945380139
93.0,4.5683667038384445e-126,0.45,0.450000009946011,3.3326531138941484e-18,5.0893802158021136e-17,2.772972105443674e-18,2.7701283341511748e-18,0.4506690181864597,0.45000001076912766,0.45066901818645977,1.662509035310581e-19,0.4506690828253711,0.450000009122879,0.45066908282537105,1.6625090353013418e-19,0.45,0.4506690181864597,0.449937369670828,2.770762425457453e-18,0.45,0.4506690828253711,0.44993736377584764,2.7707624254266557e-18,0.45000001076914825,0.4500000091228585,49.939519437092876,49.879038874185746,49.82890938475671,49.82739441955042,49.82739441927905,49.825879454344125,49.8258794538014
94.0,1.9062852287730655e-125,0.45,0.4500000099460109,3.3326531138941484e-18,5.0893802158020994e-17,2.772972105443674e-18,2.7701283341511748e-18,0.45066901818646643,0.4500000107690605,0.4506690181864665,1.662509035310581e-19,0.45066908282536466,0.4500000091229436,0.4506690828253646,1.662509035301342e-19,0.45,0.45066901818646643,0.4499373696708274,2.770762425457453e-18,0.45,0.45066908282536466,0.44993736377584814,2.7707624254266557e-18,0.4500000107699862,0.450000009122018,49.939519437092876,49.879038874185746,49.82890938475671,49.82739441955042,49.82739441927907,49.825879454344125,49.8258794538014
95.0,-5.22442669311635e-134,0.45,0.4500000099460296,3.332653113894148e-18,5.089380215807773e-17,2.7729721054436734e-18,2.7701283341511744e-18,0.45066901818639715,0.45000001076978274,0.45066901818639543,1.6625090353105805e-19,0.4506690828253746,0.4500000091228859,0.4506690828253719,1.6625090353013415e-19,0.45,0.45066901818639626,0.4499373696708367,2.7707624254574525e-18,0.45,0.4506690828253734,0.44993736377584653,2.7707624254266553e-18,0.4500000107700683,0.4500000091229392,49.93951943709287,49.87903887418574,49.828909384756706,49.82739441955041,49.827394419279045,49.82587945434412,49.82587945380139
96.0,-1.4534742028381967e-136,0.45,0.4500000099460058,3.3326531138941484e-18,5.0893802158006154e-17,2.7729721054436745e-18,2.7701283341511748e-18,0.45066901818646654,0.4500000107690576,0.4506690181864667,1.6625090353105807e-19,0.4506690828253792,0.4500000091227897,0.4506690828253797,1.662509035301342e-19,0.45,0.4506690181864666,0.44993736967082715,2.770762425457453e-18,0.45,0.45066908282537943,0.4499373637758469,2.7707624254266557e-18,0.4500000107702746,0.4500000091214671,49.939519437092876,49.87903887418575,49.82890938475671,49.827394419550416,49.82739441927907,49.825879454344125,49.8258794538014
97.0,-1.5782279997006812e-137,0.45,0.45000000994601064,3.3326531138941484e-18,5.0893802158019373e-17,2.7729721054436745e-18,2.7701283341511748e-18,0.4506690181864595,0.4500000107691317,0.45066901818645944,1.6625090353105807e-19,0.4506690828253735,0.4500000091228542,0.4506690828253735,1.6625090353013418e-19,0.45,0.4506690181864595,0.4499373696708278,2.7707624254574532e-18,0.45,0.4506690828253735,0.44993736377584753,2.7707624254266557e-18,0.4500000107695523,0.4500000091224232,49.939519437092876,49.87903887418575,49.82890938475671,49.827394419550416,49.82739441927905,49.82587945434413,49.8258794538014
98.0,6.285837050060605e-139,0.45,0.4500000099460112,3.3326531138941484e-18,5.089380215802321e-17,2.772972105443674e-18,2.7701283341511748e-18,0.45066901818642585,0.45000001076946794,0.4506690181864258,1.662509035310581e-19,0.4506690828254011,0.4500000091225757,0.4506690828254013,1.6625090353013418e-19,0.45,0.4506690181864258,0.4499373696708312,2.770762425457453e-18,0.45,0.45066908282540113,0.4499373637758448,2.7707624254266557e-18,0.45000001076916657,0.4500000091228768,49.939519437092876,49.879038874185746,49.82890938475671,49.82739441955042,49.82739441927905,49.825879454344125,49.8258794538014
99.0,-1.4657446729566134e-139,0.45,0.4500000099460112,3.332653113894148e-18,5.0893802158021765e-17,2.772972105443674e-18,2.7701283341511748e-18,0.45066901818651284,0.4500000107685948,0.450669018186513,1.6625090353105807e-19,0.450669082825317,0.45000000912342225,0.45066908282531676,1.662509035301342e-19,0.45,0.4506690181865129,0.4499373696708225,2.7707624254574532e-18,0.45,0.45066908282531687,0.44993736377585325,2.7707624254266557e-18,0.4500000107704127,0.45000000912160515,49.93951943709287,49.879038874185746,49.82890938475671,49.827394419550416,49.82739441927907,49.82587945434413,49.8258794538014
100.0,-2.530618296460184e-139,0.45,0.4500000099460112,3.332653113894148e-18,5.0893802158021555e-17,2.772972105443674e-18,2.7701283341511748e-18,0.4506690181865083,0.45000001076864116,0.4506690181865084,1.6625090353105807e-19,0.4506690828253219,0.45000000912337224,0.45066908282532175,1.662509035301342e-19,0.45,0.45066901818650834,0.44993736967082293,2.7707624254574532e-18,0.45,0.4506690828253218,0.44993736377585275,2.7707624254266553e-18,0.4500000107704108,0.45000000912160326,49.93951943709287,49.879038874185746,49.82890938475671,49.827394419550416,49.82739441927907,49.82587945434413,49.82587945380139
101.0,-3.829959263104797e-140,0.45,0.4500000099460112,3.3326531138941484e-18,5.089380215802195e-17,2.772972105443674e-18,2.7701283341511748e-18,0.45066901818646393,0.4500000107690872,0.4506690181864639,1.662509035310581e-19,0.45066908282536544,0.4500000091229337,0.4506690828253655,1.662509035301342e-19,0.45,0.4506690181864639,0.4499373696708274,2.7707624254574532e-18,0.45,0.4506690828253655,0.4499373637758484,2.7707624254266557e-18,0.45000001076999463,0.4500000091220264,49.939519437092876,49.879038874185746,49.82890938475671,49.82739441955042,49.82739441927907,49.82587945434413,49.8258794538014
102.0,1.5029103316321262e-139,0.45,0.4500000099460112,3.3326531138941484e-18,5.089380215802231e-17,2.772972105443674e-18,2.7701283341511748e-18,0.4506690181864314,0.45000001076941304,0.4506690181864313,1.662509035310581e-19,0.45066908282539725,0.4500000091226145,0.4506690828253974,1.6625090353013418e-19,0.45,0.45066901818643135,0.4499373696708307,2.770762425457453e-18,0.45,0.45066908282539736,0.4499373637758453,2.7707624254266557e-18,0.4500000107691586,0.4500000091228688,49.939519437092876,49.879038874185746,49.82890938475671,49.82739441955042,49.82739441927905,49.825879454344125,49.8258794538014
103.0,3.758699769755687e-142,0.45,0.4500000099460112,3.332653113894148e-18,5.089380215802205e-17,2.772972105443674e-18,2.7701283341511748e-18,0.4506690181864629,0.45000001076909524,0.450669018186463,1.6625090353105807e-19,0.4506690828253664,0.4500000091229275,0.4506690828253663,1.6625090353013418e-19,0.45,0.4506690181864629,0.4499373696708276,2.770762425457453e-18,0.45,0.45066908282536633,0.44993736377584853,2.7707624254266557e-18,0.45000001076957596,0.45000000912244686,49.93951943709287,49.879038874185746,49.82890938475671,49.827394419550416,49.82739441927905,49.825879454344125,49.8258794538014
104.0,-8.76461499222211e-143,0.45,0.4500000099460112,3.3326531138941484e-18,5.0893802158022024e-17,2.772972105443674e-18,2.7701283341511748e-18,0.45066901818650434,0.4500000107686817,0.4506690181865044,1.6625090353105807e-19,0.4506690828253249,0.45000000912334015,0.450669082825325,1.662509035301342e-19,0.45,0.4506690181865044,0.4499373696708234,2.770762425457453e-18,0.45,0.450669082825325,0.44993736377585253,2.7707624254266557e-18,0.45000001077041496,0.4500000091216074,49.939519437092876,49.879038874185746,49.82890938475671,49.827394419550416,49.82739441927907,49.825879454344125,49.8258794538014
105.0,-1.5132168289587984e-142,0.45,0.4500000099460112,3.3326531138941484e-18,5.089380215802202e-17,2.772972105443674e-18,2.7701283341511748e-18,0.45066901818649346,0.4500000107687912,0.45066901818649346,1.6625090353105807e-19,0.4506690828253358,0.45000000912323057,0.45066908282533585,1.662509035301342e-19,0.45,0.4506690181864935,0.4499373696708245,2.7707624254574532e-18,0.45,0.45066908282533585,0.4499373637758515,2.7707624254266557e-18,0.4500000107704149,0.45000000912160737,49.939519437092876,49.879038874185746,49.82890938475671,49.827394419550416,49.82739441927907,49.82587945434413,49.8258794538014
106.0,-2.2901750213628483e-143,0.45,0.4500000099460112,3.3326531138941484e-18,5.089380215802203e-17,2.772972105443674e-18,2.7701283341511748e-18,0.45066901818646166,0.45000001076911,0.4506690181864616,1.662509035310581e-19,0.4506690828253676,0.4500000091229123,0.45066908282536766,1.6625090353013418e-19,0.45,0.45066901818646166,0.44993736967082776,2.770762425457453e-18,0.45,0.4506690828253676,0.44993736377584853,2.7707624254266557e-18,0.45000001076915613,0.45000000912286636,49.939519437092876,49.879038874185746,49.82890938475671,49.82739441955042,49.82739441927905,49.825879454344125,49.8258794538014
107.0,8.986851985631056e-143,0.45,0.4500000099460112,3.3326531138941484e-18,5.0893802158022067e-17,2.772972105443674e-18,2.7701283341511748e-18,0.4506690181864402,0.4500000107693243,0.4506690181864402,1.662509035310581e-19,0.45066908282538903,0.45000000912269894,0.450669082825389,1.6625090353013418e-19,0.45,0.4506690181864402,0.44993736967083003,2.770762425457453e-18,0.45,0.45066908282538903,0.44993736377584675,2.7707624254266557e-18,0.45000001076915647,0.4500000091228667,49.939519437092876,49.879038874185746,49.82890938475671,49.82739441955042,49.82739441927905,49.825879454344125,49.8258794538014
108.0,2.2475644606489862e-145,0.45,0.4500000099460112,3.3326531138941484e-18,5.089380215802212e-17,2.772972105443674e-18,2.7701283341511748e-18,0.4506690181864567,0.4500000107691574,0.45066901818645677,1.662509035310581e-19,0.4506690828253724,0.4500000091228665,0.4506690828253723,1.6625090353013418e-19,0.45,0.4506690181864567,0.44993736967082854,2.770762425457453e-18,0.45,0.4506690828253724,0.44993736377584864,2.7707624254266557e-18,0.45000001076915697,0.4500000091228672,49.939519437092876,49.879038874185746,49.82890938475671,49.82739441955042,49.82739441927905,49.825879454344125,49.8258794538014
109.0,-5.240917970170884e-146,0.45,0.4500000099460112,3.332653113894148e-18,5.0893802158022005e-17,2.772972105443674e-18,2.7701283341511748e-18,0.45066901818645694,0.45000001076915597,0.45066901818645694,1.6625090353105807e-19,0.4506690828253723,0.45000000912286603,0.4506690828253724,1.6625090353013418e-19,0.45,0.450669018186457,0.44993736967082804,2.770762425457453e-18,0.45,0.4506690828253723,0.44993736377584753,2.7707624254266557e-18,0.4500000107695756,0.4500000091224465,49.93951943709287,49.879038874185746,49.82890938475671,49.827394419550416,49.82739441927905,49.825879454344125,49.8258794538014
110.0,-9.048481055577405e-146,0.45,0.4500000099460112,3.332653113894148e-18,5.0893802158021987e-17,2.772972105443674e-18,2.7701283341511748e-18,0.450669018186457,0.45000001076915574,0.450669018186457,1.6625090353105807e-19,0.4506690828253723,0.4500000091228659,0.4506690828253724,1.6625090353013418e-19,0.45,0.45066901818645705,0.449937369670828,2.7707624254574532e-18,0.45,0.4506690828253723,0.4499373637758475,2.7707624254266557e-18,0.4500000107695754,0.4500000091224463,49.93951943709287,49.879038874185746,49.82890938475671,49.827394419550416,49.82739441927905,49.82587945434413,49.8258794538014
111.0,-1.3694405783880225e-146,0.45,0.4500000099460112,3.3326531138941484e-18,5.0893802158022024e-17,2.772972105443674e-18,2.7701283341511748e-18,0.45066901818645694,0.4500000107691562,0.45066901818645694,1.6625090353105807e-19,0.4506690828253724,0.45000000912286603,0.4506690828253724,1.6625090353013418e-19,0.45,0.450669018186457,0.44993736967082815,2.770762425457453e-18,0.45,0.4506690828253723,0.4499373637758479,2.7707624254266557e-18,0.45000001076957574,0.45000000912244664,49.939519437092876,49.879038874185746,49.82890938475671,49.827394419550416,49.82739441927905,49.825879454344125,49.8258794538014
112.0,5.373807532738955e-146,0.45,0.4500000099460112,3.3326531138941484e-18,5.089380215802206e-17,2.772972105443674e-18,2.7701283341511748e-18,0.45066901818645694,0.4500000107691566,0.45066901818645694,1.662509035310581e-19,0.4506690828253724,0.45000000912286625,0.4506690828253723,1.662509035301342e-19,0.45,0.45066901818645694,0.44993736967082837,2.770762425457453e-18,0.45,0.4506690828253723,0.4499373637758484,2.7707624254266557e-18,0.45000001076999563,0.4500000091220274,49.939519437092876,49.879038874185746,49.82890938475671,49.82739441955042,49.82739441927907,49.825879454344125,49.8258794538014
113.0,-3.005356009219225e-153,0.45,0.450000009946012,3.3326531138941484e-18,5.0893802158021863e-17,2.772972105443674e-18,2.7701283341511748e-18,0.4506690181864428,0.4500000107689812,0.4506690181864626,1.6625090353105807e-19,0.45066908282538276,0.45000000912299626,0.4506690828253686,1.662509035301342e-19,0.45,0.45066901818645205,0.4499373696708295,2.770762425457453e-18,0.45,0.4506690828253763,0.44993736377584664,2.7707624254266557e-18,0.4500000107704135,0.450000009121606,49.939519437092876,49.879038874185746,49.82890938475671,49.827394419550416,49.82739441927907,49.825879454344125,49.8258794538014
114.0,-2.8930807539521003e-156,0.45,0.45000000994534634,3.3326531138941843e-18,5.089380215483208e-17,2.772972105443688e-18,2.7701283341511813e-18,0.45066901818923644,0.45000001074115054,0.4506690181892512,1.662509035310585e-19,0.45066908282819385,0.45000000909442983,0.45066908282820933,1.662509035301346e-19,0.45,0.4506690181892449,0.44993736967055237,2.7707624254574594e-18,0.45,0.45066908282820267,0.44993736377556454,2.7707624254266626e-18,0.45000001074178997,0.45000000909382176,49.9395194370934,49.879038874185994,49.82890938475683,49.82739441955054,49.82739441927918,49.82587945434424,49.82587945380152
115.0,-9.39973339647525e-159,0.45,0.45000000994631534,3.332653113894062e-18,5.0893802158936634e-17,2.7729721054436402e-18,2.7701283341511624e-18,0.4506690181857337,0.45000001077674806,0.4506690181857078,1.6625090353105737e-19,0.4506690828246157,0.450000009130806,0.45066908282458895,1.662509035301335e-19,0.45,0.450669018185718,0.44993736967089654,2.7707624254574417e-18,0.45,0.45066908282459944,0.4499373637759251,2.770762425426644e-18,0.4500000107780822,0.450000009130114,49.93951943709161,49.87903887418515,49.82890938475649,49.82739441955021,49.82739441927885,49.82587945434393,49.82587945380119
116.0,6.4246465516452e-161,0.45,0.45000000994600897,3.3326531138941484e-18,5.089380215791603e-17,2.7729721054436745e-18,2.7701283341511748e-18,0.45066901818656874,0.4500000107681794,0.45066901818655947,1.6625090353105807e-19,0.45066908282548884,0.45000000912186544,0.450669082825478,1.6625090353013415e-19,0.45,0.45066901818656413,0.44993736967081693,2.770762425457453e-18,0.45,0.45066908282548346,0.44993736377583604,2.7707624254266557e-18,0.4500000107682189,0.4500000091219291,49.939519437092876,49.87903887418575,49.82890938475671,49.827394419550416,49.827394419279045,49.825879454344125,49.8258794538014
117.0,-1.5090928951523258e-161,0.45,0.4500000099460117,3.3326531138941484e-18,5.0893802158045486e-17,2.7729721054436745e-18,2.7701283341511748e-18,0.450669018186436,0.45000001076933493,0.450669018186438,1.6625090353105807e-19,0.4506690828253432,0.45000000912312293,0.4506690828253454,1.6625090353013418e-19,0.45,0.450669018186437,0.4499373696708305,2.770762425457453e-18,0.45,0.45066908282534424,0.44993736377585075,2.7707624254266553e-18,0.4500000107697832,0.4500000091226541,49.939519437092876,49.87903887418575,49.82890938475671,49.827394419550416,49.82739441927905,49.825879454344125,49.82587945380139
118.0,-2.592759790819547e-161,0.45,0.4500000099460121,3.3326531138941484e-18,5.0893802158063815e-17,2.7729721054436745e-18,2.7701283341511748e-18,0.4506690181864366,0.4500000107693037,0.45066901818644023,1.6625090353105807e-19,0.4506690828253036,0.45000000912348964,0.45066908282530777,1.662509035301342e-19,0.45,0.45066901818643845,0.4499373696708317,2.770762425457453e-18,0.45,0.45066908282530566,0.4499373637758551,2.7707624254266557e-18,0.45000001077078444,0.4500000091219769,49.939519437092876,49.87903887418575,49.82890938475671,49.827394419550416,49.82739441927907,49.825879454344125,49.8258794538014
119.0,-3.8841303066326133e-162,0.45,0.4500000099460113,3.3326531138941484e-18,5.08938021580284e-17,2.7729721054436745e-18,2.7701283341511748e-18,0.45066901818649147,0.4500000107688011,0.4506690181864921,1.6625090353105807e-19,0.45066908282532525,0.4500000091233264,0.4506690828253259,1.662509035301342e-19,0.45,0.4506690181864918,0.44993736967082903,2.770762425457453e-18,0.45,0.4506690828253256,0.44993736377585375,2.7707624254266557e-18,0.45000001077047136,0.4500000091216638,49.939519437092876,49.87903887418575,49.82890938475671,49.827394419550416,49.82739441927907,49.825879454344125,49.8258794538014
120.0,1.541888490009752e-161,0.45,0.45000000994601064,3.3326531138941484e-18,5.089380215799661e-17,2.7729721054436745e-18,2.7701283341511748e-18,0.45066901818652155,0.45000001076854246,0.4506690181865194,1.6625090353105807e-19,0.4506690828253632,0.4500000091229939,0.45066908282536083,1.662509035301342e-19,0.45,0.4506690181865205,0.44993736967083114,2.770762425457453e-18,0.45,0.45066908282536206,0.4499373637758513,2.770762425426656e-18,0.45000001077019025,0.4500000091213827,49.939519437092876,49.87903887418575,49.82890938475671,49.827394419550416,49.82739441927907,49.825879454344125,49.825879453801406
121.0,3.841702755268912e-164,0.45,0.4500000099460112,3.3326531138941484e-18,5.089380215802029e-17,2.772972105443674e-18,2.7701283341511748e-18,0.45066901818646515,0.450000010769077,0.450669018186465,1.662509035310581e-19,0.4506690828253676,0.45000000912291405,0.45066908282536755,1.662509035301342e-19,0.45,0.45066901818646504,0.44993736967084175,2.770762425457453e-18,0.45,0.45066908282536755,0.4499373637758521,2.7707624254266557e-18,0.45000001076998,0.45000000912201177,49.939519437092876,49.879038874185746,49.82890938475671,49.82739441955042,49.82739441927907,49.825879454344125,49.8258794538014
122.0,-9.023821445521896e-165,0.45,0.4500000099460112,3.332653113894148e-18,5.08938021580224e-17,2.772972105443674e-18,2.7701283341511748e-18,0.4506690181865039,0.45000001076868507,0.45066901818650396,1.6625090353105807e-19,0.45066908282532475,0.45000000912334337,0.4506690828253247,1.662509035301342e-19,0.45,0.4506690181865039,0.44993736967082,2.770762425457453e-18,0.45,0.4506690828253247,0.4499373637758515,2.7707624254266557e-18,0.4500000107704183,0.45000000912161076,49.93951943709287,49.879038874185746,49.82890938475671,49.827394419550416,49.82739441927907,49.825879454344125,49.8258794538014
123.0,-1.550375161041543e-164,0.45,0.4500000099460112,3.332653113894148e-18,5.08938021580227e-17,2.772972105443674e-18,2.7701283341511748e-18,0.4506690181864926,0.4500000107687982,0.4506690181864927,1.6625090353105807e-19,0.4506690828253354,0.45000000912323584,0.4506690828253354,1.6625090353013418e-19,0.45,0.45066901818649263,0.44993736967081865,2.7707624254574532e-18,0.45,0.4506690828253354,0.44993736377584975,2.7707624254266557e-18,0.45000001076958174,0.45000000912245264,49.93951943709287,49.879038874185746,49.82890938475671,49.827394419550416,49.82739441927905,49.82587945434413,49.8258794538014
124.0,-2.3225673164842404e-165,0.45,0.4500000099460112,3.332653113894148e-18,5.089380215802214e-17,2.772972105443674e-18,2.7701283341511748e-18,0.4506690181864615,0.45000001076911156,0.45066901818646143,1.6625090353105807e-19,0.4506690828253676,0.45000000912291277,0.45066908282536766,1.6625090353013418e-19,0.45,0.45066901818646143,0.44993736967082676,2.770762425457453e-18,0.45,0.4506690828253676,0.4499373637758479,2.7707624254266557e-18,0.4500000107695768,0.4500000091224477,49.93951943709287,49.879038874185746,49.82890938475671,49.827394419550416,49.82739441927905,49.825879454344125,49.8258794538014
125.0,9.21992706177895e-165,0.45,0.4500000099460112,3.3326531138941484e-18,5.0893802158021635e-17,2.772972105443674e-18,2.7701283341511748e-18,0.4506690181864407,0.4500000107693202,0.4506690181864406,1.662509035310581e-19,0.45066908282538937,0.4500000091226953,0.4506690828253894,1.6625090353013418e-19,0.45,0.4506690181864406,0.4499373696708332,2.770762425457453e-18,0.45,0.45066908282538937,0.449937363775847,2.7707624254266557e-18,0.45000001076915264,0.45000000912286287,49.939519437092876,49.879038874185746,49.82890938475671,49.82739441955042,49.82739441927905,49.825879454344125,49.8258794538014
126.0,2.2971971985090453e-167,0.45,0.4500000099460112,3.3326531138941484e-18,5.0893802158022024e-17,2.772972105443674e-18,2.7701283341511748e-18,0.45066901818646304,0.45000001076909346,0.45066901818646316,1.662509035310581e-19,0.45066908282536616,0.4500000091229287,0.45066908282536605,1.6625090353013418e-19,0.45,0.4506690181864631,0.4499373696708274,2.770762425457453e-18,0.45,0.45066908282536616,0.44993736377584836,2.7707624254266557e-18,0.4500000107691561,0.4500000091228663,49.939519437092876,49.879038874185746,49.82890938475671,49.82739441955042,49.82739441927905,49.825879454344125,49.8258794538014
127.0,-5.395913912409841e-168,0.45,0.4500000099460112,3.3326531138941484e-18,5.089380215802203e-17,2.772972105443674e-18,2.7701283341511748e-18,0.4506690181865044,0.4500000107686816,0.4506690181865044,1.6625090353105807e-19,0.450669082825325,0.4500000091233403,0.4506690828253249,1.662509035301342e-19,0.45,0.4506690181865044,0.4499373696708233,2.770762425457453e-18,0.45,0.4506690828253249,0.44993736377585236,2.7707624254266557e-18,0.450000010770415,0.4500000091216075,49.939519437092876,49.879038874185746,49.82890938475671,49.827394419550416,49.82739441927907,49.825879454344125,49.8258794538014
128.0,-9.270674238651078e-168,0.45,0.4500000099460112,3.3326531138941484e-18,5.0893802158022036e-17,2.772972105443674e-18,2.7701283341511748e-18,0.4506690181864934,0.45000001076879187,0.4506690181864934,1.6625090353105807e-19,0.45066908282533585,0.45000000912323024,0.4506690828253359,1.662509035301342e-19,0.45,0.4506690181864934,0.4499373696708245,2.7707624254574532e-18,0.45,0.4506690828253359,0.44993736377585125,2.7707624254266557e-18,0.45000001077041507,0.45000000912160754,49.939519437092876,49.879038874185746,49.82890938475671,49.827394419550416,49.82739441927907,49.82587945434413,49.8258794538014
129.0,-1.3888099815787828e-168,0.45,0.4500000099460112,3.3326531138941484e-18,5.089380215802204e-17,2.772972105443674e-18,2.7701283341511748e-18,0.4506690181864616,0.45000001076911067,0.4506690181864615,1.662509035310581e-19,0.45066908282536766,0.45000000912291194,0.4506690828253677,1.6625090353013418e-19,0.45,0.45066901818646155,0.4499373696708277,2.770762425457453e-18,0.45,0.4506690828253677,0.4499373637758481,2.7707624254266557e-18,0.45000001076915624,0.4500000091228665,49.939519437092876,49.879038874185746,49.82890938475671,49.82739441955042,49.82739441927905,49.825879454344125,49.8258794538014
130.0,5.513177870861525e-168,0.45,0.4500000099460112,3.3326531138941484e-18,5.089380215802207e-17,2.772972105443674e-18,2.7701283341511748e-18,0.4506690181864401,0.45000001076932433,0.4506690181864401,1.662509035310581e-19,0.45066908282538903,0.45000000912269894,0.45066908282538903,1.6625090353013418e-19,0.45,0.4506690181864401,0.4499373696708299,2.770762425457453e-18,0.45,0.45066908282538903,0.4499373637758459,2.7707624254266557e-18,0.4500000107691565,0.45000000912286675,49.939519437092876,49.879038874185746,49.82890938475671,49.82739441955042,49.82739441927905,49.825879454344125,49.8258794538014
131.0,1.3736395825002174e-170,0.45,0.4500000099460112,3.3326531138941484e-18,5.089380215802211e-17,2.772972105443674e-18,2.7701283341511748e-18,0.4506690181864567,0.4500000107691573,0.45066901818645677,1.662509035310581e-19,0.4506690828253725,0.45000000912286636,0.4506690828253724,1.6625090353013418e-19,0.45,0.45066901818645677,0.4499373696708283,2.770762425457453e-18,0.45,0.4506690828253724,0.4499373637758475,2.7707624254266557e-18,0.45000001076915686,0.4500000091228671,49.939519437092876,49.879038874185746,49.82890938475671,49.82739441955042,49.82739441927905,49.825879454344125,49.8258794538014
132.0,-3.226558407201799e-171,0.45,0.4500000099460112,3.332653113894148e-18,5.089380215802202e-17,2.772972105443674e-18,2.7701283341511748e-18,0.450669018186457,0.4500000107691561,0.450669018186457,1.6625090353105807e-19,0.45066908282537227,0.4500000091228661,0.4506690828253723,1.6625090353013418e-19,0.45,0.450669018186457,0.44993736967082804,2.770762425457453e-18,0.45,0.45066908282537227,0.4499373637758477,2.7707624254266557e-18,0.4500000107695757,0.4500000091224466,49.93951943709287,49.879038874185746,49.82890938475671,49.827394419550416,49.82739441927905,49.825879454344125,49.8258794538014
133.0,-5.5435228194346265e-171,0.45,0.4500000099460112,3.332653113894148e-18,5.0893802158022e-17,2.772972105443674e-18,2.7701283341511748e-18,0.45066901818645705,0.45000001076915586,0.45066901818645705,1.6625090353105807e-19,0.45066908282537227,0.45000000912286603,0.4506690828253723,1.6625090353013418e-19,0.45,0.450669018186457,0.44993736967082804,2.7707624254574532e-18,0.45,0.45066908282537227,0.44993736377584764,2.7707624254266557e-18,0.4500000107695755,0.4500000091224464,49.93951943709287,49.879038874185746,49.82890938475671,49.827394419550416,49.82739441927905,49.82587945434413,49.8258794538014
134.0,-8.304573784550071e-172,0.45,0.4500000099460112,3.332653113894148e-18,5.0893802158022024e-17,2.772972105443674e-18,2.7701283341511748e-18,0.450669018186457,0.4500000107691562,0.450669018186457,1.662509035310581e-19,0.4506690828253723,0.4500000091228661,0.4506690828253723,1.6625090353013418e-19,0.45,0.45066901818645694,0.44993736967082826,2.770762425457453e-18,0.45,0.4506690828253723,0.4499373637758475,2.7707624254266557e-18,0.4500000107691561,0.4500000091228663,49.93951943709287,49.879038874185746,49.82890938475671,49.82739441955042,49.82739441927905,49.825879454344125,49.8258794538014
135.0,3.296677948978383e-171,0.45,0.4500000099460112,3.332653113894148e-18,5.089380215802207e-17,2.772972105443674e-18,2.7701283341511748e-18,0.4506690181864569,0.4500000107691567,0.4506690181864569,1.662509035310581e-19,0.4506690828253724,0.45000000912286636,0.4506690828253724,1.6625090353013418e-19,0.45,0.4506690181864569,0.4499373696708285,2.770762425457453e-18,0.45,0.4506690828253723,0.4499373637758472,2.7707624254266557e-18,0.4500000107691565,0.45000000912286675,49.93951943709287,49.879038874185746,49.82890938475671,49.82739441955042,49.82739441927905,49.825879454344125,49.8258794538014
136.0,1.3704114527577022e-174,0.45,0.45000000994601225,3.332653113894147e-18,5.089380215802451e-17,2.7729721054436734e-18,2.770128334151174e-18,0.45066901818645627,0.4500000107691642,0.45066901818645616,1.6625090353105805e-19,0.45066908282537,0.45000000912288846,0.45066908282537005,1.6625090353013415e-19,0.45,0.4506690181864562,0.44993736967082826,2.7707624254574525e-18,0.45,0.45066908282537005,0.44993736377584787,2.770762425426655e-18,0.45000001076959767,0.45000000912246857,49.939519437092855,49.87903887418574,49.8289093847567,49.82739441955041,49.827394419279045,49.82587945434412,49.825879453801384
137.0,-9.598509319181206e-179,0.45,0.4500000099460094,3.3326531138941484e-18,5.0893802158010567e-17,2.7729721054436745e-18,2.7701283341511748e-18,0.4506690181864666,0.4500000107690644,0.4506690181864663,1.662509035310581e-19,0.450669082825383,0.45000000912275506,0.45066908282538326,1.662509035301342e-19,0.45,0.4506690181864665,0.44993736967082704,2.770762425457453e-18,0.45,0.4506690828253831,0.44993736377584664,2.7707624254266557e-18,0.450000010769894,0.4500000091219258,49.939519437092876,49.87903887418575,49.82890938475671,49.82739441955042,49.82739441927907,49.825879454344125,49.8258794538014
138.0,1.6122858287126038e-178,0.45,0.4500000099460545,3.332653113894148e-18,5.0893802158285645e-17,2.7729721054436745e-18,2.7701283341511748e-18,0.4506690181861592,0.45000001077214413,0.45066901818615845,1.662509035310581e-19,0.4506690828252051,0.450000009124558,0.4506690828252038,1.6625090353013415e-19,0.45,0.45066901818615884,0.449937369670858,2.7707624254574532e-18,0.45,0.45066908282520446,0.44993736377586435,2.7707624254266557e-18,0.4500000107710672,0.450000009125617,49.93951943709287,49.87903887418575,49.82890938475671,49.82739441955042,49.827394419279045,49.82587945434413,49.8258794538014
139.0,5.184673100505341e-182,0.45,0.4500000099460138,3.3326531138941484e-18,5.0893802158043563e-17,2.772972105443674e-18,2.7701283341511748e-18,0.4506690181864335,0.45000001076938034,0.4506690181864342,1.6625090353105807e-19,0.4506690828253552,0.45000000912303034,0.45066908282535567,1.6625090353013418e-19,0.45,0.45066901818643385,0.4499373696708304,2.770762425457453e-18,0.45,0.4506690828253555,0.4499373637758493,2.7707624254266557e-18,0.4500000107697662,0.4500000091226371,49.939519437092876,49.879038874185746,49.82890938475671,49.827394419550416,49.82739441927905,49.825879454344125,49.8258794538014
140.0,-5.410770716470797e-181,0.45,0.4500000099459842,3.3326531138941484e-18,5.089380215786149e-17,2.772972105443674e-18,2.7701283341511748e-18,0.4506690181866287,0.45000001076742085,0.45066901818662986,1.6625090353105807e-19,0.45066908282548207,0.4500000091217556,0.45066908282548296,1.6625090353013418e-19,0.45,0.4506690181866293,0.44993736967081105,2.770762425457453e-18,0.45,0.45066908282548257,0.44993736377583643,2.7707624254266553e-18,0.4500000107681563,0.4500000091210272,49.939519437092876,49.879038874185746,49.82890938475671,49.827394419550416,49.82739441927905,49.825879454344125,49.82587945380139
141.0,-2.529009411569597e-181,0.45,0.45000000994599854,3.3326531138941484e-18,5.0893802157944536e-17,2.772972105443674e-18,2.7701283341511748e-18,0.45066901818654,0.4500000107683221,0.45066901818654026,1.6625090353105807e-19,0.4506690828254262,0.450000009122324,0.45066908282542645,1.662509035301342e-19,0.45,0.45066901818654015,0.4499373696708205,2.770762425457453e-18,0.45,0.45066908282542634,0.44993736377584154,2.7707624254266553e-18,0.45000001076972984,0.4500000091209223,49.939519437092876,49.879038874185746,49.82890938475671,49.827394419550416,49.82739441927907,49.825879454344125,49.82587945380139
142.0,2.2085163311905383e-181,0.45,0.4500000099460222,3.332653113894148e-18,5.089380215808603e-17,2.7729721054436745e-18,2.7701283341511748e-18,0.45066901818638855,0.45000001076985024,0.4506690181863879,1.6625090353105807e-19,0.45066908282532914,0.4500000091233051,0.4506690828253287,1.6625090353013418e-19,0.45,0.4506690181863882,0.44993736967083653,2.7707624254574532e-18,0.45,0.4506690828253289,0.44993736377585036,2.7707624254266557e-18,0.4500000107701417,0.4500000091230126,49.93951943709287,49.87903887418575,49.82890938475671,49.827394419550416,49.82739441927905,49.82587945434413,49.8258794538014
143.0,1.8465716182459636e-181,0.45,0.4500000099460204,3.332653113894148e-18,5.0893802158079284e-17,2.772972105443674e-18,2.7701283341511748e-18,0.45066901818639543,0.4500000107697717,0.4506690181863954,1.6625090353105807e-19,0.45066908282533225,0.4500000091232683,0.45066908282533213,1.6625090353013418e-19,0.45,0.45066901818639543,0.4499373696708372,2.770762425457453e-18,0.45,0.4506690828253322,0.44993736377584875,2.7707624254266557e-18,0.450000010770082,0.4500000091229529,49.93951943709287,49.879038874185746,49.82890938475671,49.827394419550416,49.82739441927905,49.825879454344125,49.8258794538014
144.0,3.1002441574461056e-185,0.45,0.4500000099460112,3.332653113894148e-18,5.089380215802223e-17,2.772972105443674e-18,2.7701283341511748e-18,0.45066901818645666,0.4500000107691582,0.4506690181864567,1.6625090353105807e-19,0.4506690828253721,0.450000009122868,0.45066908282537216,1.662509035301342e-19,0.45,0.4506690181864567,0.4499373696708282,2.770762425457453e-18,0.45,0.45066908282537216,0.4499373637758476,2.7707624254266557e-18,0.45000001077041674,0.4500000091216092,49.93951943709287,49.879038874185746,49.82890938475671,49.827394419550416,49.82739441927907,49.825879454344125,49.8258794538014
145.0,-3.2354422305591476e-184,0.45,0.4500000099460112,3.332653113894148e-18,5.0893802158020477e-17,2.772972105443674e-18,2.7701283341511748e-18,0.45066901818645866,0.4500000107691416,0.4506690181864585,1.662509035310581e-19,0.45066908282537393,0.4500000091228518,0.4506690828253739,1.662509035301342e-19,0.45,0.4506690181864586,0.44993736967082665,2.7707624254574532e-18,0.45,0.4506690828253739,0.4499373637758488,2.7707624254266557e-18,0.4500000107699816,0.4500000091220134,49.93951943709287,49.879038874185746,49.82890938475671,49.82739441955042,49.82739441927907,49.82587945434413,49.8258794538014
146.0,-1.512254774863354e-184,0.45,0.4500000099460112,3.3326531138941484e-18,5.089380215802128e-17,2.772972105443674e-18,2.7701283341511748e-18,0.45066901818645777,0.4500000107691492,0.4506690181864577,1.662509035310581e-19,0.4506690828253731,0.4500000091228592,0.45066908282537305,1.662509035301342e-19,0.45,0.45066901818645777,0.44993736967082737,2.7707624254574532e-18,0.45,0.45066908282537305,0.4499373637758482,2.7707624254266557e-18,0.4500000107699887,0.4500000091220205,49.939519437092876,49.879038874185746,49.82890938475671,49.82739441955042,49.82739441927907,49.82587945434413,49.8258794538014
147.0,1.320611679785631e-184,0.45,0.4500000099460112,3.3326531138941484e-18,5.089380215802264e-17,2.772972105443674e-18,2.7701283341511748e-18,0.4506690181864562,0.45000001076916213,0.4506690181864563,1.662509035310581e-19,0.45066908282537166,0.4500000091228718,0.4506690828253717,1.6625090353013418e-19,0.45,0.4506690181864563,0.44993736967082865,2.770762425457453e-18,0.45,0.4506690828253717,0.44993736377584725,2.7707624254266557e-18,0.4500000107691615,0.45000000912287175,49.939519437092876,49.879038874185746,49.82890938475671,49.82739441955042,49.82739441927905,49.825879454344125,49.8258794538014
148.0,1.104182030341478e-184,0.45,0.4500000099460112,3.3326531138941484e-18,5.089380215802257e-17,2.772972105443674e-18,2.7701283341511748e-18,0.4506690181864563,0.45000001076916146,0.4506690181864564,1.662509035310581e-19,0.45066908282537177,0.4500000091228712,0.4506690828253718,1.6625090353013418e-19,0.45,0.4506690181864564,0.4499373696708286,2.770762425457453e-18,0.45,0.45066908282537177,0.44993736377584725,2.7707624254266557e-18,0.4500000107691609,0.45000000912287114,49.939519437092876,49.879038874185746,49.82890938475671,49.82739441955042,49.82739441927905,49.825879454344125,49.8258794538014
149.0,-3.523478681750968e-210,0.45,0.4500000099460099,3.3326531138941484e-18,5.089380215801447e-17,2.7729721054436745e-18,2.7701283341511748e-18,0.4506690181864699,0.45000001076905555,0.450669018186468,1.662509035310581e-19,0.4506690828253723,0.45000000912283544,0.4506690828253744,1.6625090353013418e-19,0.45,0.450669018186469,0.4499373696708268,2.770762425457453e-18,0.45,0.4506690828253734,0.4499373637758477,2.7707624254266557e-18,0.45000001076908924,0.45000000912279947,49.939519437092876,49.87903887418575,49.82890938475671,49.82739441955042,49.82739441927905,49.825879454344125,49.8258794538014
150.0,1.5274205420320316e-212,0.45,0.4500000099460045,3.3326531138941484e-18,5.089380215798241e-17,2.772972105443674e-18,2.7701283341511748e-18,0.45066901818646443,0.4500000107690735,0.450669018186465,1.662509035310581e-19,0.4506690828254323,0.45000000912226806,0.45066908282543217,1.6625090353013418e-19,0.45,0.4506690181864647,0.4499373696708273,2.770762425457453e-18,0.45,0.4506690828254322,0.44993736377584165,2.7707624254266557e-18,0.4500000107688058,0.45000000912251603,49.939519437092876,49.879038874185746,49.82890938475671,49.82739441955042,49.82739441927905,49.825879454344125,49.8258794538014
151.0,-6.21069751788682e-213,0.45,0.45000000994601436,3.3326531138941484e-18,5.089380215804181e-17,2.7729721054436745e-18,2.770128334151175e-18,0.45066901818644434,0.4500000107692863,0.45066901818644406,1.6625090353105807e-19,0.4506690828253492,0.45000000912310023,0.45066908282534907,1.6625090353013418e-19,0.45,0.4506690181864442,0.4499373696708294,2.770762425457453e-18,0.45,0.4506690828253491,0.4499373637758499,2.7707624254266557e-18,0.4500000107697507,0.4500000091226216,49.939519437092876,49.87903887418575,49.82890938475672,49.827394419550416,49.82739441927905,49.825879454344125,49.8258794538014
152.0,-7.600259646305192e-213,0.45,0.4500000099460154,3.3326531138941484e-18,5.0893802158045153e-17,2.7729721054436745e-18,2.770128334151175e-18,0.45066901818642346,0.45000001076949586,0.45066901818642313,1.662509035310581e-19,0.45066908282536405,0.4500000091229498,0.45066908282536405,1.6625090353013418e-19,0.45,0.4506690181864233,0.4499373696708318,2.770762425457453e-18,0.45,0.4506690828253641,0.4499373637758482,2.7707624254266557e-18,0.4500000107693606,0.4500000091230708,49.939519437092876,49.87903887418575,49.82890938475672,49.82739441955042,49.82739441927905,49.825879454344125,49.8258794538014
153.0,-1.206273201336735e-214,0.45,0.4500000099460136,3.3326531138941484e-18,5.089380215802805e-17,2.7729721054436745e-18,2.770128334151175e-18,0.45066901818640887,0.45000001076963725,0.4506690181864088,1.662509035310581e-19,0.4506690828254074,0.45000000912251453,0.4506690828254075,1.662509035301342e-19,0.45,0.45066901818640887,0.44993736967083386,2.7707624254574532e-18,0.45,0.45066908282540746,0.44993736377584337,2.7707624254266557e-18,0.4500000107700486,0.4500000091220804,49.939519437092876,49.87903887418575,49.82890938475672,49.82739441955042,49.82739441927907,49.82587945434413,49.8258794538014
154.0,5.002053105428801e-213,0.45,0.45000000994601486,3.332653113894148e-18,5.0893802158026116e-17,2.7729721054436745e-18,2.770128334151175e-18,0.4506690181864077,0.4500000107696457,0.45066901818640787,1.6625090353105812e-19,0.45066908282540974,0.4500000091224922,0.45066908282540974,1.662509035301342e-19,0.45,0.4506690181864078,0.4499373696708351,2.7707624254574532e-18,0.45,0.45066908282540974,0.44993736377584226,2.7707624254266557e-18,0.45000001076961194,0.45000000912248284,49.93951943709287,49.87903887418575,49.82890938475672,49.82739441955043,49.82739441927907,49.82587945434413,49.8258794538014
155.0,9.133414048641313e-216,0.45,0.4500000099460185,3.332653113894148e-18,5.089380215804757e-17,2.7729721054436745e-18,2.770128334151175e-18,0.4506690181864319,0.45000001076940543,0.45066901818643196,1.662509035310581e-19,0.45066908282534784,0.4500000091231141,0.4506690828253476,1.662509035301342e-19,0.45,0.4506690181864319,0.4499373696708328,2.7707624254574532e-18,0.45,0.45066908282534773,0.44993736377584836,2.770762425426656e-18,0.45000001077022117,0.45000000912225296,49.93951943709287,49.87903887418575,49.82890938475672,49.82739441955042,49.82739441927907,49.82587945434413,49.825879453801406
156.0,-3.713769089376136e-216,0.45,0.4500000099460091,3.3326531138941484e-18,5.0893802158016995e-17,2.7729721054436745e-18,2.7701283341511748e-18,0.45066901818646227,0.45000001076910234,0.45066901818646227,1.6625090353105807e-19,0.4506690828253775,0.4500000091228127,0.45066908282537765,1.6625090353013415e-19,0.45,0.45066901818646227,0.44993736967082665,2.770762425457453e-18,0.45,0.4506690828253776,0.44993736377584787,2.7707624254266553e-18,0.4500000107691116,0.45000000912282184,49.939519437092876,49.87903887418575,49.82890938475671,49.827394419550416,49.827394419279045,49.825879454344125,49.82587945380139
157.0,-4.544676224520269e-216,0.45,0.45000000994600814,3.3326531138941484e-18,5.08938021580126e-17,2.772972105443674e-18,2.7701283341511748e-18,0.45066901818646643,0.4500000107690612,0.45066901818646643,1.6625090353105807e-19,0.45066908282538154,0.45000000912277166,0.45066908282538176,1.6625090353013415e-19,0.45,0.45066901818646643,0.4499373696708261,2.770762425457453e-18,0.45,0.45066908282538165,0.4499373637758476,2.7707624254266553e-18,0.45000001076907276,0.450000009122783,49.939519437092876,49.879038874185746,49.82890938475671,49.827394419550416,49.827394419279045,49.825879454344125,49.82587945380139
158.0,-7.213070865237276e-218,0.45,0.450000009946011,3.3326531138941484e-18,5.089380215802044e-17,2.772972105443674e-18,2.7701283341511748e-18,0.45066901818645844,0.4500000107691418,0.4506690181864584,1.662509035310581e-19,0.45066908282537377,0.45000000912285165,0.45066908282537377,1.6625090353013418e-19,0.45,0.4506690181864584,0.44993736967082804,2.770762425457453e-18,0.45,0.45066908282537377,0.4499373637758474,2.7707624254266557e-18,0.4500000107691421,0.4500000091228523,49.939519437092876,49.879038874185746,49.82890938475671,49.82739441955042,49.82739441927905,49.825879454344125,49.8258794538014
159.0,2.9910441063662634e-216,0.45,0.45000000994601314,3.332653113894148e-18,5.089380215802657e-17,2.772972105443674e-18,2.7701283341511748e-18,0.4506690181864522,0.45000001076920393,0.45066901818645216,1.662509035310581e-19,0.4506690828253677,0.4500000091229134,0.4506690828253676,1.662509035301342e-19,0.45,0.45066901818645216,0.4499373696708294,2.7707624254574532e-18,0.45,0.45066908282536766,0.4499373637758473,2.7707624254266557e-18,0.4500000107700355,0.4500000091220673,49.93951943709287,49.879038874185746,49.82890938475671,49.82739441955042,49.82739441927907,49.82587945434413,49.8258794538014
160.0,5.461446267255727e-219,0.45,0.4500000099460112,3.332653113894148e-18,5.089380215802098e-17,2.772972105443674e-18,2.7701283341511748e-18,0.4506690181864578,0.45000001076914714,0.4506690181864578,1.6625090353105807e-19,0.45066908282537327,0.4500000091228569,0.45066908282537327,1.6625090353013418e-19,0.45,0.4506690181864578,0.4499373696708281,2.770762425457453e-18,0.45,0.45066908282537327,0.4499373637758474,2.7707624254266557e-18,0.4500000107695665,0.4500000091224374,49.93951943709287,49.879038874185746,49.82890938475671,49.827394419550416,49.82739441927905,49.825879454344125,49.8258794538014
161.0,-2.2206976672231818e-219,0.45,0.45000000994601097,3.3326531138941484e-18,5.089380215802081e-17,2.772972105443674e-18,2.7701283341511748e-18,0.45066901818645805,0.4500000107691452,0.450669018186458,1.6625090353105807e-19,0.4506690828253735,0.45000000912285504,0.45066908282537343,1.662509035301342e-19,0.45,0.450669018186458,0.4499373696708279,2.7707624254574532e-18,0.45,0.4506690828253735,0.44993736377584764,2.7707624254266557e-18,0.4500000107704042,0.45000000912159666,49.939519437092876,49.879038874185746,49.82890938475671,49.827394419550416,49.82739441927907,49.82587945434413,49.8258794538014
162.0,-2.7175496243785618e-219,0.45,0.45000000994601097,3.3326531138941484e-18,5.089380215802083e-17,2.772972105443674e-18,2.7701283341511748e-18,0.45066901818645805,0.45000001076914525,0.450669018186458,1.6625090353105807e-19,0.4506690828253735,0.4500000091228551,0.4506690828253735,1.662509035301342e-19,0.45,0.450669018186458,0.4499373696708279,2.7707624254574532e-18,0.45,0.4506690828253735,0.4499373637758477,2.7707624254266557e-18,0.45000001077040436,0.4500000091215968,49.939519437092876,49.879038874185746,49.82890938475671,49.827394419550416,49.82739441927907,49.82587945434413,49.8258794538014
163.0,-4.3131571280010674e-221,0.45,0.4500000099460111,3.3326531138941484e-18,5.0893802158020896e-17,2.772972105443674e-18,2.7701283341511748e-18,0.450669018186458,0.45000001076914586,0.450669018186458,1.6625090353105807e-19,0.45066908282537343,0.4500000091228557,0.4506690828253734,1.6625090353013418e-19,0.45,0.450669018186458,0.44993736967082804,2.770762425457453e-18,0.45,0.45066908282537343,0.44993736377584753,2.7707624254266557e-18,0.45000001076956575,0.45000000912243665,49.939519437092876,49.879038874185746,49.82890938475671,49.827394419550416,49.82739441927905,49.825879454344125,49.8258794538014
164.0,1.78853452500289e-219,0.45,0.45000000994601114,3.3326531138941484e-18,5.089380215802084e-17,2.772972105443674e-18,2.7701283341511748e-18,0.450669018186458,0.4500000107691457,0.450669018186458,1.6625090353105807e-19,0.4506690828253734,0.45000000912285554,0.4506690828253734,1.6625090353013418e-19,0.45,0.450669018186458,0.4499373696708281,2.7707624254574532e-18,0.45,0.4506690828253734,0.4499373637758475,2.7707624254266557e-18,0.45000001076956525,0.45000000912243615,49.939519437092876,49.879038874185746,49.82890938475671,49.827394419550416,49.82739441927905,49.82587945434413,49.8258794538014
165.0,-3.2853073526399023e-237,0.45,0.4500000099460112,3.3326531138941484e-18,5.089380215802206e-17,2.772972105443674e-18,2.7701283341511748e-18,0.4506690181863629,0.4500000107701117,0.45066901818636196,1.6625090353105807e-19,0.45066908282546625,0.45000000912191246,0.45066908282546714,1.6625090353013415e-19,0.45,0.45066901818636246,0.44993736967083686,2.770762425457453e-18,0.45,0.4506690828254667,0.4499373637758389,2.770762425426656e-18,0.4500000107691564,0.45000000912286664,49.939519437092876,49.879038874185746,49.82890938475671,49.827394419550416,49.827394419279045,49.825879454344125,49.825879453801406
166.0,1.2523713842654398e-239,0.45,0.4500000099460112,3.332653113894148e-18,5.089380215802202e-17,2.7729721054436745e-18,2.7701283341511748e-18,0.45066901818646177,0.4500000107691131,0.45066901818646143,1.6625090353105807e-19,0.4506690828253676,0.45000000912290894,0.4506690828253679,1.6625090353013418e-19,0.45,0.4506690181864616,0.4499373696708276,2.770762425457453e-18,0.45,0.4506690828253678,0.44993736377584814,2.7707624254266557e-18,0.4500000107695757,0.4500000091224466,49.93951943709287,49.87903887418575,49.82890938475671,49.827394419550416,49.82739441927905,49.825879454344125,49.8258794538014
167.0,-2.8169814615390097e-239,0.45,0.4500000099460112,3.3326531138941484e-18,5.0893802158022036e-17,2.772972105443674e-18,2.7701283341511748e-18,0.4506690181864156,0.45000001076956253,0.4506690181864161,1.662509035310581e-19,0.4506690828254136,0.45000000912246085,0.4506690828254132,1.6625090353013418e-19,0.45,0.4506690181864158,0.4499373696708322,2.7707624254574532e-18,0.45,0.4506690828254134,0.4499373637758436,2.7707624254266557e-18,0.4500000107691562,0.4500000091228664,49.939519437092876,49.879038874185746,49.82890938475671,49.82739441955042,49.82739441927905,49.82587945434413,49.8258794538014
168.0,-1.6920079819428621e-239,0.45,0.4500000099460112,3.3326531138941484e-18,5.089380215802204e-17,2.772972105443674e-18,2.7701283341511748e-18,0.45066901818635413,0.45000001077018065,0.45066901818635435,1.662509035310581e-19,0.450669082825475,0.4500000091218434,0.4506690828254748,1.6625090353013418e-19,0.45,0.45066901818635424,0.4499373696708383,2.770762425457453e-18,0.45,0.4506690828254749,0.4499373637758375,2.7707624254266557e-18,0.45000001076915624,0.4500000091228665,49.939519437092876,49.879038874185746,49.82890938475671,49.82739441955042,49.82739441927905,49.825879454344125,49.8258794538014
169.0,9.173542641009864e-240,0.45,0.4500000099460112,3.3326531138941484e-18,5.0893802158022036e-17,2.772972105443674e-18,2.7701283341511748e-18,0.4506690181863296,0.4500000107704321,0.45066901818632943,1.662509035310581e-19,0.4506690828254998,0.4500000091215893,0.45066908282549994,1.6625090353013415e-19,0.45,0.45066901818632954,0.44993736967084075,2.770762425457453e-18,0.45,0.4506690828254999,0.449937363775835,2.7707624254266557e-18,0.4500000107687364,0.4500000091232862,49.939519437092876,49.879038874185746,49.82890938475671,49.82739441955042,49.827394419279045,49.825879454344125,49.8258794538014
170.0,1.3011677176396339e-239,0.45,0.4500000099460112,3.3326531138941484e-18,5.0893802158022024e-17,2.772972105443674e-18,2.7701283341511748e-18,0.45066901818639443,0.45000001076978136,0.45066901818639443,1.662509035310581e-19,0.45066908282543583,0.4500000091222311,0.45066908282543583,1.6625090353013418e-19,0.45,0.4506690181863945,0.44993736967083425,2.770762425457453e-18,0.45,0.45066908282543583,0.44993736377584137,2.7707624254266557e-18,0.4500000107691561,0.4500000091228663,49.939519437092876,49.879038874185746,49.82890938475671,49.82739441955042,49.82739441927905,49.825879454344125,49.8258794538014
171.0,7.488721066444285e-243,0.45,0.45000000994603917,3.332653113894148e-18,5.0893802158182107e-17,2.772972105443674e-18,2.7701283341511786e-18,0.45066901818625943,0.45000001077113505,0.4506690181862591,1.662509035310583e-19,0.45066908282524454,0.4500000091241473,0.45066908282524415,1.662509035301344e-19,0.45,0.45066901818625904,0.44993736967084785,2.7707624254574567e-18,0.45,0.45066908282524415,0.4499373637758606,2.7707624254266596e-18,0.45000001077099117,0.45000000912386207,49.93951943709287,49.879038874185746,49.828909384756784,49.82739441955048,49.827394419279116,49.82587945434419,49.82587945380146
172.0,-1.6844514877747383e-242,0.45,0.4500000099460148,3.3326531138941492e-18,5.0893802158012915e-17,2.7729721054436757e-18,2.77012833415118e-18,0.45066901818639293,0.4500000107697977,0.45066901818639277,1.662509035310584e-19,0.4506690828254268,0.45000000912231686,0.450669082825427,1.662509035301345e-19,0.45,0.45066901818639277,0.4499373696708346,2.7707624254574583e-18,0.45,0.4506690828254268,0.44993736377584237,2.770762425426661e-18,0.4500000107694952,0.4500000091223661,49.93951943709289,49.879038874185774,49.828909384756805,49.82739441955051,49.827394419279145,49.82587945434422,49.82587945380149
173.0,-1.0117586506828723e-242,0.45,0.4500000099459616,3.332653113894149e-18,5.089380215769224e-17,2.772972105443675e-18,2.7701283341511805e-18,0.45066901818670824,0.45000001076663804,0.4506690181867087,1.6625090353105843e-19,0.45066908282573215,0.45000000911926025,0.4506690828257327,1.6625090353013451e-19,0.45,0.45066901818670857,0.44993736967080317,2.7707624254574586e-18,0.45,0.45066908282573254,0.4499373637758119,2.7707624254266615e-18,0.45000001076665985,0.45000000911953075,49.93951943709288,49.87903887418576,49.82890938475681,49.827394419550515,49.82739441927915,49.825879454344225,49.8258794538015
174.0,5.485441690196425e-243,0.45,0.4500000099459487,3.3326531138941457e-18,5.089380215767307e-17,2.7729721054436695e-18,2.7701283341511844e-18,0.4506690181867486,0.4500000107662415,0.45066901818674854,1.6625090353105867e-19,0.45066908282572987,0.45000000911929683,0.45066908282572954,1.6625090353013473e-19,0.45,0.4506690181867487,0.4499373696707992,2.7707624254574625e-18,0.45,0.4506690828257298,0.44993736377581234,2.770762425426665e-18,0.4500000107656509,0.45000000912020066,49.93951943709284,49.87903887418567,49.828909384756884,49.82739441955059,49.827394419279216,49.825879454344296,49.82587945380156
175.0,7.780505224324232e-243,0.45,0.450000009946045,3.332653113894137e-18,5.0893802158408387e-17,2.7729721054436553e-18,2.7701283341511963e-18,0.45066901818605737,0.4500000107731933,0.45066901818605426,1.6625090353105937e-19,0.45066908282498896,0.4500000091267458,0.4506690828249856,1.6625090353013545e-19,0.45,0.45066901818605537,0.4499373696708684,2.770762425457474e-18,0.45,0.45066908282498686,0.4499373637758871,2.7707624254266765e-18,0.4500000107725723,0.4500000091262825,49.939519437092706,49.87903887418541,49.8289093847571,49.8273944195508,49.82739441927943,49.8258794543445,49.82587945380176
176.0,4.4779802461391364e-246,0.45,0.45000000994601,3.332653113894147e-18,5.0893802158052795e-17,2.7729721054436722e-18,2.770128334151176e-18,0.45066901818634725,0.4500000107702401,0.4506690181863479,1.6625090353105817e-19,0.4506690828253357,0.450000009123219,0.45066908282533635,1.6625090353013425e-19,0.45,0.45066901818634725,0.4499373696708392,2.770762425457454e-18,0.45,0.45066908282533563,0.4499373637758514,2.770762425426657e-18,0.4500000107698478,0.4500000091227187,49.939519437092855,49.87903887418572,49.828909384756734,49.827394419550444,49.82739441927908,49.82587945434415,49.82587945380141
177.0,-1.007240155759194e-245,0.45,0.4500000099459028,3.3326531138941627e-18,5.0893802157116806e-17,2.772972105443698e-18,2.7701283341511648e-18,0.4506690181872407,0.45000001076125595,0.45066901818724514,1.6625090353105752e-19,0.45066908282624357,0.4500000091140904,0.450669082826248,1.662509035301336e-19,0.45,0.45066901818724325,0.4499373696707499,2.7707624254574432e-18,0.45,0.45066908282624607,0.44993736377575944,2.7707624254266465e-18,0.45000001076157187,0.45000000911444277,49.93951943709309,49.87903887418617,49.828909384756535,49.82739441955025,49.82739441927889,49.825879454343955,49.825879453801235
178.0,-6.049945420033587e-246,0.45,0.4500000099458568,3.332653113894169e-18,5.089380215668022e-17,2.7729721054437084e-18,2.7701283341511763e-18,0.45066901818768196,0.45000001075686397,0.4506690181876851,1.6625090353105817e-19,0.45066908282663154,0.45000000911023297,0.45066908282663465,1.6625090353013427e-19,0.45,0.450669018187684,0.4499373696707059,2.7707624254574544e-18,0.45,0.4506690828266336,0.4499373637757204,2.7707624254266572e-18,0.4500000107581311,0.4500000091101629,49.93951943709318,49.87903887418636,49.82890938475674,49.827394419550444,49.82739441927909,49.825879454344154,49.82587945380142
179.0,3.280092525564904e-246,0.45,0.45000000994581124,3.3326531138941692e-18,5.089380215636356e-17,2.772972105443709e-18,2.7701283341511836e-18,0.45066901818795296,0.450000010754196,0.4506690181879531,1.662509035310586e-19,0.4506690828268573,0.450000009108018,0.4506690828268573,1.6625090353013468e-19,0.45,0.4506690181879532,0.44993736967067915,2.7707624254574613e-18,0.45,0.45066908282685747,0.44993736377569793,2.770762425426664e-18,0.4500000107549117,0.4500000091077826,49.93951943709319,49.87903887418637,49.82890938475687,49.827394419550565,49.8273944192792,49.825879454344275,49.82587945380155
180.0,4.652456145954187e-246,0.45,0.4500000099457052,3.3326531138941673e-18,5.089380215578736e-17,2.772972105443706e-18,2.77012833415116e-18,0.4506690181883357,0.45000001075038387,0.4506690181883342,1.6625090353105723e-19,0.45066908282727863,0.4500000091038168,0.45066908282727725,1.662509035301333e-19,0.45,0.4506690181883342,0.44993736967064113,2.7707624254574394e-18,0.45,0.4506690828272772,0.44993736377565535,2.770762425426642e-18,0.450000010749817,0.4500000091026879,49.93951943709316,49.879038874186314,49.82890938475645,49.82739441955016,49.8273944192788,49.825879454343884,49.82587945380115
181.0,2.677610797933077e-249,0.45,0.4500000099459558,3.3326531138941492e-18,5.0893802157647456e-17,2.772972105443676e-18,2.770128334151166e-18,0.4506690181867922,0.45000001076585694,0.4506690181867887,1.662509035310576e-19,0.45066908282571627,0.4500000091194807,0.4506690828257127,1.6625090353013367e-19,0.45,0.45066901818679045,0.4499373696707947,2.7707624254574448e-18,0.45,0.4506690828257145,0.449937363775813,2.7707624254266476e-18,0.45000001076626384,0.45000000911913474,49.93951943709289,49.87903887418578,49.82890938475656,49.827394419550274,49.82739441927891,49.82587945434398,49.82587945380125
182.0,-6.02265851432494e-249,0.45,0.45000000994627143,3.3326531138941446e-18,5.089380215962681e-17,2.7729721054436684e-18,2.7701283341511856e-18,0.45066901818508975,0.45000001078289575,0.45066901818508553,1.6625090353105872e-19,0.45066908282402374,0.45000000913642135,0.45066908282401946,1.6625090353013483e-19,0.45,0.4506690181850881,0.4499373696709642,2.7707624254574633e-18,0.45,0.450669082824022,0.4499373637759836,2.770762425426666e-18,0.4500000107837651,0.450000009136636,49.93951943709283,49.879038874185646,49.828909384756905,49.82739441955061,49.827394419279244,49.82587945434431,49.82587945380158
183.0,-3.6172809015980247e-249,0.45,0.45000000994636524,3.3326531138941596e-18,5.089380215992173e-17,2.7729721054436934e-18,2.770128334151185e-18,0.45066901818470306,0.4500000107867213,0.45066901818470123,1.6625090353105872e-19,0.4506690828237297,0.45000000913931826,0.4506690828237279,1.6625090353013478e-19,0.45,0.45066901818470195,0.44993736967100295,2.770762425457463e-18,0.45,0.4506690828237286,0.4499373637760127,2.7707624254266657e-18,0.45000001078553337,0.45000000914008315,49.93951943709304,49.87903887418609,49.8289093847569,49.82739441955061,49.82739441927923,49.8258794543443,49.825879453801576
184.0,1.9616743725918987e-249,0.45,0.4500000099463022,3.332653113894182e-18,5.0893802159126324e-17,2.77297210544373e-18,2.770128334151185e-18,0.4506690181853096,0.45000001078059676,0.45066901818531135,1.6625090353105872e-19,0.45066908282441354,0.450000009132419,0.4506690828244155,1.6625090353013478e-19,0.45,0.4506690181853099,0.44993736967094267,2.7707624254574633e-18,0.45,0.45066908282441387,0.44993736377594323,2.7707624254266657e-18,0.45000001077850044,0.4500000091330502,49.93951943709337,49.87903887418673,49.8289093847569,49.82739441955061,49.82739441927923,49.82587945434431,49.825879453801576
185.0,2.782138044722868e-249,0.45,0.45000000994614714,3.332653113894198e-18,5.089380215783465e-17,2.7729721054437573e-18,2.7701283341512052e-18,0.45066901818658656,0.45000001076778523,0.4506690181865918,1.662509035310599e-19,0.45066908282565454,0.4500000091199712,0.4506690828256597,1.6625090353013596e-19,0.45,0.4506690181865896,0.44993736967081516,2.7707624254574825e-18,0.45,0.4506690828256575,0.4499373637758182,2.770762425426685e-18,0.45000001076749935,0.4500000091212096,49.93951943709361,49.879038874187216,49.82890938475725,49.82739441955095,49.82739441927958,49.82587945434465,49.82587945380191
186.0,1.6134641044232095e-252,0.45,0.4500000099460232,3.332653113894152e-18,5.089380215799905e-17,2.77297210544368e-18,2.7701283341511767e-18,0.4506690181864687,0.4500000107690518,0.450669018186468,1.6625090353105821e-19,0.450669082825466,0.45000000912194393,0.4506690828254652,1.6625090353013427e-19,0.45,0.4506690181864686,0.4499373696708267,2.770762425457455e-18,0.45,0.45066908282546586,0.44993736377583854,2.7707624254266576e-18,0.4500000107689529,0.45000000912266314,49.939519437092926,49.87903887418585,49.82890938475675,49.82739441955046,49.82739441927909,49.82587945434417,49.82587945380143
187.0,-3.548624213423328e-252,0.45,0.4500000099460626,3.332653113894121e-18,5.089380215890172e-17,2.772972105443629e-18,2.7701283341511428e-18,0.450669018185566,0.4500000107781304,0.4506690181855613,1.6625090353105622e-19,0.450669082824587,0.4500000091307818,0.45066908282458246,1.662509035301323e-19,0.45,0.4506690181855631,0.4499373696709169,2.7707624254574224e-18,0.45,0.4506690828245842,0.4499373637759275,2.770762425426625e-18,0.45000001077735396,0.45000000913022487,49.93951943709248,49.87903887418495,49.82890938475615,49.82739441954987,49.827394419278505,49.825879454343585,49.82587945380085
188.0,-1.9851977904287102e-252,0.45,0.4500000099461842,3.332653113894132e-18,5.089380215947351e-17,2.772972105443647e-18,2.7701283341511493e-18,0.45066901818505484,0.45000001078321467,0.45066901818505206,1.662509035310566e-19,0.45066908282411533,0.45000000913547145,0.4506690828241127,1.6625090353013266e-19,0.45,0.45066901818505306,0.4499373696709682,2.7707624254574286e-18,0.45,0.4506690828241136,0.4499373637759744,2.770762425426631e-18,0.45000001078199003,0.45000000913570026,49.939519437092635,49.87903887418527,49.828909384756265,49.827394419549975,49.827394419278605,49.82587945434369,49.82587945380096
189.0,1.473970540076896e-252,0.45,0.4500000099463039,3.3326531138941596e-18,5.089380215967671e-17,2.7729721054436938e-18,2.7701283341511786e-18,0.4506690181849069,0.45000001078464463,0.45066901818490773,1.6625090353105834e-19,0.45066908282399987,0.45000000913657867,0.45066908282400076,1.662509035301344e-19,0.45,0.45066901818490734,0.4499373696709834,2.7707624254574567e-18,0.45,0.4506690828240003,0.449937363775985,2.770762425426659e-18,0.4500000107837867,0.45000000913749694,49.93951943709304,49.879038874186094,49.828909384756784,49.82739441955049,49.827394419279116,49.82587945434419,49.825879453801456
190.0,1.9991079447633365e-252,0.45,0.4500000099463374,3.33265311389418e-18,5.089380215947361e-17,2.7729721054437273e-18,2.770128334151214e-18,0.45066901818509375,0.4500000107827604,0.4506690181850957,1.662509035310604e-19,0.45066908282418944,0.45000000913466903,0.45066908282419127,1.6625090353013646e-19,0.45,0.45066901818509486,0.4499373696709654,2.7707624254574906e-18,0.45,0.45066908282419044,0.4499373637759651,2.7707624254266934e-18,0.45000001078199087,0.4500000091357011,49.939519437093345,49.87903887418668,49.82890938475741,49.8273944195511,49.82739441927973,49.825879454344786,49.82587945380206
191.0,4.274633201102295e-254,0.45,0.45000000994605177,3.332653113894147e-18,5.089380215833105e-17,2.772972105443672e-18,2.7701283341511763e-18,0.45066901818615623,0.45000001077213747,0.4506690181861579,1.662509035310582e-19,0.45066908282510043,0.45000000912556354,0.4506690828251018,1.6625090353013427e-19,0.45,0.45066901818615696,0.4499373696708583,2.7707624254574544e-18,0.45,0.45066908282510104,0.44993736377587495,2.7707624254266572e-18,0.4500000107723081,0.450000009125179,49.939519437092855,49.87903887418571,49.82890938475674,49.82739441955045,49.82739441927909,49.825879454344154,49.82587945380142
192.0,-1.3481533481852229e-253,0.45,0.45000000994588224,3.3326531138941284e-18,5.089380215761999e-17,2.7729721054436418e-18,2.7701283341511505e-18,0.4506690181868404,0.4500000107652973,0.45066901818684196,1.6625090353105667e-19,0.45066908282568563,0.4500000091197135,0.45066908282568696,1.6625090353013278e-19,0.45,0.45066901818684113,0.4499373696707891,2.7707624254574297e-18,0.45,0.4506690828256862,0.449937363775817,2.7707624254266326e-18,0.45000001076644053,0.4500000091184723,49.939519437092585,49.87903887418518,49.82890938475628,49.82739441955,49.82739441927864,49.82587945434371,49.82587945380099
193.0,-9.96516767218978e-254,0.45,0.4500000099459156,3.3326531138941423e-18,5.0893802157544584e-17,2.7729721054436637e-18,2.7701283341511698e-18,0.45066901818690036,0.45000001076471563,0.45066901818690075,1.662509035310578e-19,0.4506690828257659,0.45000000911892474,0.4506690828257663,1.662509035301339e-19,0.45,0.4506690181869005,0.44993736967078357,2.7707624254574482e-18,0.45,0.450669082825766,0.44993736377580834,2.770762425426651e-18,0.45000001076535423,0.45000000911822513,49.93951943709279,49.87903887418557,49.82890938475662,49.82739441955033,49.82739441927897,49.82587945434404,49.82587945380131
194.0,5.850688985418842e-255,0.45,0.45000000994601624,3.3326531138941696e-18,5.089380215760927e-17,2.7729721054437096e-18,2.7701283341512044e-18,0.45066901818679006,0.4500000107658332,0.45066901818678945,1.6625090353105985e-19,0.4506690828257421,0.45000000911917354,0.4506690828257417,1.6625090353013593e-19,0.45,0.45066901818678967,0.44993736967079534,2.7707624254574814e-18,0.45,0.45066908282574175,0.4499373637758097,2.7707624254266842e-18,0.4500000107659262,0.4500000091187971,49.939519437093196,49.87903887418638,49.82890938475724,49.827394419550934,49.82739441927957,49.82587945434463,49.825879453801896
195.0,3.930514498795048e-254,0.45,0.45000000994604844,3.3326531138941935e-18,5.089380215731849e-17,2.7729721054437496e-18,2.7701283341512252e-18,0.4506690181869636,0.45000001076409074,0.45066901818696325,1.6625090353106106e-19,0.45066908282601503,0.45000000911643634,0.450669082826015,1.6625090353013714e-19,0.45,0.45066901818696303,0.4499373696707783,2.7707624254575014e-18,0.45,0.4506690828260146,0.44993736377578164,2.7707624254267042e-18,0.4500000107633551,0.450000009116226,49.93951943709354,49.87903887418708,49.82890938475761,49.82739441955129,49.827394419279926,49.82587945434498,49.82587945380225
196.0,1.2124013493465138e-256,0.45,0.4500000099460113,3.3326531138941565e-18,5.089380215784364e-17,2.7729721054436876e-18,2.7701283341511825e-18,0.4506690181865921,0.45000001076781876,0.45066901818659105,1.6625090353105855e-19,0.450669082825535,0.45000000912125737,0.45066908282553375,1.6625090353013463e-19,0.45,0.4506690181865915,0.4499373696708147,2.77076242545746e-18,0.45,0.45066908282553425,0.44993736377583116,2.770762425426663e-18,0.4500000107679985,0.4500000091208694,49.939519437093,49.87903887418599,49.82890938475685,49.82739441955055,49.82739441927919,49.82587945434425,49.82587945380153
197.0,-2.727076143676986e-256,0.45,0.4500000099460109,3.3326531138941303e-18,5.089380215838407e-17,2.772972105443644e-18,2.770128334151157e-18,0.4506690181861949,0.45000001077179796,0.4506690181861936,1.6625090353105706e-19,0.4506690828250498,0.4500000091261179,0.4506690828250482,1.6625090353013317e-19,0.45,0.4506690181861945,0.44993736967085407,2.770762425457436e-18,0.45,0.45066908282504925,0.44993736377588067,2.7707624254266388e-18,0.45000001077319646,0.45000000912522825,49.93951943709261,49.87903887418522,49.8289093847564,49.82739441955012,49.82739441927876,49.82587945434383,49.82587945380109
198.0,-1.6380067336142508e-256,0.45,0.450000009946011,3.3326531138941376e-18,5.0893802158245715e-17,2.772972105443656e-18,2.7701283341511644e-18,0.45066901818629235,0.45000001077080637,0.4506690181862921,1.6625090353105747e-19,0.45066908282517126,0.45000000912488264,0.450669082825171,1.6625090353013358e-19,0.45,0.4506690181862924,0.4499373696708445,2.770762425457443e-18,0.45,0.45066908282517126,0.4499373637758682,2.7707624254266457e-18,0.45000001077197316,0.45000000912400495,49.93951943709272,49.879038874185426,49.82890938475653,49.82739441955024,49.82739441927888,49.82587945434395,49.82587945380122
199.0,8.880764616617019e-257,0.45,0.4500000099460113,3.3326531138941542e-18,5.089380215790794e-17,2.772972105443684e-18,2.7701283341511805e-18,0.45066901818653726,0.45000001076834045,0.4506690181865381,1.662509035310584e-19,0.4506690828254723,0.4500000091218517,0.4506690828254733,1.6625090353013451e-19,0.45,0.4506690181865376,0.44993736967082043,2.7707624254574583e-18,0.45,0.45066908282547274,0.4499373637758373,2.7707624254266615e-18,0.45000001076898655,0.45000000912101834,49.93951943709296,49.87903887418592,49.82890938475681,49.82739441955051,49.82739441927915,49.82587945434422,49.8258794538015
200.0,1.2596403242778683e-256,0.45,0.4500000099460113,3.3326531138941565e-18,5.08938021578501e-17,2.7729721054436884e-18,2.770128334151183e-18,0.4506690181865825,0.4500000107678968,0.4506690181865827,1.6625090353105855e-19,0.4506690828255261,0.4500000091213249,0.4506690828255263,1.6625090353013466e-19,0.45,0.4506690181865825,0.44993736967081616,2.7707624254574606e-18,0.45,0.4506690828255261,0.44993736377583166,2.7707624254266638e-18,0.4500000107684752,0.45000000912050697,49.939519437093,49.879038874186,49.828909384756855,49.82739441955055,49.827394419279194,49.82587945434426,49.82587945380154
201.0,7.249714932705607e-260,0.45,0.4500000099460112,3.332653113894148e-18,5.089380215802033e-17,2.7729721054436745e-18,2.7701283341511748e-18,0.4506690181864581,0.45000001076914725,0.45066901818645794,1.662509035310581e-19,0.45066908282537355,0.4500000091228569,0.4506690828253733,1.6625090353013418e-19,0.45,0.450669018186458,0.4499373696708281,2.770762425457453e-18,0.45,0.45066908282537343,0.4499373637758475,2.7707624254266557e-18,0.4500000107691411,0.4500000091228513,49.93951943709287,49.87903887418575,49.82890938475671,49.82739441955042,49.82739441927905,49.825879454344125,49.8258794538014
202.0,-1.6306914085914324e-259,0.45,0.4500000099460112,3.332653113894148e-18,5.089380215802549e-17,2.7729721054436745e-18,2.7701283341511748e-18,0.45066901818645244,0.450000010769197,0.4506690181864527,1.662509035310581e-19,0.45066908282536766,0.45000000912290716,0.45066908282536805,1.662509035301342e-19,0.45,0.45066901818645255,0.4499373696708283,2.770762425457453e-18,0.45,0.4506690828253679,0.44993736377584825,2.7707624254266557e-18,0.45000001077002594,0.45000000912205773,49.93951943709287,49.87903887418575,49.82890938475671,49.82739441955042,49.82739441927907,49.825879454344125,49.8258794538014
203.0,-9.794678868475546e-260,0.45,0.4500000099460112,3.3326531138941484e-18,5.089380215802417e-17,2.7729721054436745e-18,2.7701283341511748e-18,0.45066901818645433,0.45000001076917995,0.4506690181864545,1.6625090353105807e-19,0.45066908282536966,0.45000000912289,0.4506690828253698,1.662509035301342e-19,0.45,0.4506690181864544,0.44993736967082826,2.770762425457453e-18,0.45,0.45066908282536977,0.44993736377584787,2.7707624254266557e-18,0.4500000107704339,0.45000000912162635,49.939519437092876,49.87903887418575,49.82890938475671,49.827394419550416,49.82739441927907,49.825879454344125,49.8258794538014
204.0,5.310371181097378e-260,0.45,0.4500000099460112,3.3326531138941484e-18,5.0893802158020945e-17,2.7729721054436745e-18,2.7701283341511744e-18,0.45066901818645827,0.45000001076914437,0.4506690181864582,1.6625090353105807e-19,0.45066908282537377,0.45000000912285415,0.4506690828253736,1.662509035301342e-19,0.45,0.4506690181864582,0.4499373696708282,2.770762425457453e-18,0.45,0.45066908282537366,0.4499373637758471,2.7707624254266553e-18,0.4500000107704054,0.4500000091215979,49.939519437092876,49.87903887418575,49.828909384756706,49.827394419550416,49.82739441927907,49.825879454344125,49.82587945380139
205.0,7.532186658879634e-260,0.45,0.4500000099460112,3.3326531138941484e-18,5.08938021580204e-17,2.772972105443674e-18,2.7701283341511744e-18,0.4506690181864589,0.4500000107691387,0.45066901818645877,1.6625090353105807e-19,0.4506690828253744,0.4500000091228484,0.4506690828253742,1.6625090353013418e-19,0.45,0.4506690181864588,0.44993736967082837,2.770762425457453e-18,0.45,0.4506690828253743,0.44993736377584675,2.7707624254266553e-18,0.4500000107695614,0.4500000091224323,49.939519437092876,49.879038874185746,49.828909384756706,49.827394419550416,49.82739441927905,49.825879454344125,49.82587945380139
206.0,-6.979439567257612e-263,0.45,0.45000000994601086,3.3326531138941484e-18,5.089380215802003e-17,2.772972105443674e-18,2.7701283341511748e-18,0.4506690181864587,0.45000001076913865,0.4506690181864587,1.6625090353105807e-19,0.45066908282537405,0.4500000091228485,0.4506690828253741,1.662509035301342e-19,0.45,0.45066901818645866,0.44993736967082776,2.770762425457453e-18,0.45,0.45066908282537405,0.44993736377584775,2.7707624254266557e-18,0.45000001077039736,0.45000000912158983,49.939519437092876,49.879038874185746,49.82890938475671,49.827394419550416,49.82739441927907,49.825879454344125,49.8258794538014
207.0,-2.328307766912635e-264,0.45,0.4500000099460101,3.3326531138941484e-18,5.0893802158016193e-17,2.772972105443674e-18,2.7701283341511748e-18,0.4506690181864621,0.4500000107691045,0.4506690181864621,1.6625090353105807e-19,0.4506690828253775,0.45000000912281435,0.45066908282537754,1.662509035301342e-19,0.45,0.4506690181864621,0.44993736967082765,2.770762425457453e-18,0.45,0.45066908282537754,0.44993736377584714,2.7707624254266557e-18,0.4500000107703634,0.45000000912155586,49.939519437092876,49.879038874185746,49.82890938475671,49.827394419550416,49.82739441927907,49.825879454344125,49.8258794538014
208.0,2.211595812907157e-276,0.45,0.4500000099460121,3.3326531138941484e-18,5.089380215802046e-17,2.7729721054436745e-18,2.7701283341511748e-18,0.4506690181864434,0.45000001076954865,0.45066901818642846,1.6625090353105807e-19,0.45066908282538726,0.45000000912246274,0.4506690828254019,1.6625090353013418e-19,0.45,0.45066901818643695,0.4499373696708294,2.7707624254574532e-18,0.45,0.45066908282539353,0.44993736377584614,2.7707624254266557e-18,0.4500000107695619,0.4500000091224328,49.939519437092876,49.87903887418575,49.82890938475671,49.827394419550416,49.82739441927905,49.82587945434413,49.8258794538014
209.0,9.879706969980058e-280,0.45,0.45000000994601047,3.3326531138941484e-18,5.089380215802215e-17,2.772972105443674e-18,2.7701283341511748e-18,0.45066901818645605,0.4500000107691742,0.45066901818645544,1.6625090353105807e-19,0.4506690828253725,0.4500000091228557,0.4506690828253731,1.662509035301342e-19,0.45,0.4506690181864557,0.4499373696708281,2.770762425457453e-18,0.45,0.45066908282537277,0.44993736377584764,2.7707624254266553e-18,0.45000001077041607,0.45000000912160854,49.939519437092876,49.879038874185746,49.82890938475671,49.827394419550416,49.82739441927907,49.825879454344125,49.82587945380139
210.0,-2.2557572464883772e-279,0.45,0.45000000994600886,3.3326531138941484e-18,5.089380215801563e-17,2.7729721054436745e-18,2.7701283341511748e-18,0.4506690181864785,0.450000010768919,0.45066901818648,1.6625090353105807e-19,0.450669082825363,0.45000000912298016,0.4506690828253616,1.6625090353013418e-19,0.45,0.45066901818647925,0.44993736967082587,2.770762425457453e-18,0.45,0.45066908282536233,0.4499373637758486,2.7707624254266557e-18,0.45000001076951923,0.45000000912239013,49.939519437092876,49.87903887418575,49.82890938475671,49.827394419550416,49.82739441927905,49.825879454344125,49.8258794538014
211.0,-9.122199327804987e-280,0.45,0.45000000994600514,3.332653113894148e-18,5.0893802157998956e-17,2.7729721054436745e-18,2.7701283341511748e-18,0.45066901818651633,0.4500000107685531,0.45066901818651695,1.6625090353105807e-19,0.45066908282535395,0.4500000091230582,0.4506690828253534,1.6625090353013418e-19,0.45,0.45066901818651667,0.4499373696708221,2.770762425457453e-18,0.45,0.4506690828253537,0.4499373637758495,2.7707624254266557e-18,0.4500000107693718,0.4500000091222427,49.93951943709287,49.87903887418575,49.82890938475671,49.827394419550416,49.82739441927905,49.825879454344125,49.8258794538014
212.0,1.1291626827266895e-279,0.45,0.45000000994599715,3.332653113894148e-18,5.089380215797073e-17,2.772972105443674e-18,2.7701283341511748e-18,0.4506690181865341,0.4500000107683953,0.4506690181865334,1.6625090353105807e-19,0.4506690828253851,0.45000000912272686,0.4506690828253859,1.6625090353013418e-19,0.45,0.4506690181865337,0.4499373696708204,2.7707624254574532e-18,0.45,0.4506690828253855,0.44993736377584637,2.7707624254266557e-18,0.4500000107691222,0.4500000091219931,49.93951943709287,49.879038874185746,49.82890938475671,49.827394419550416,49.82739441927905,49.82587945434413,49.8258794538014
213.0,3.953800286492206e-282,0.45,0.4500000099459831,3.3326531138941484e-18,5.0893802157930787e-17,2.772972105443674e-18,2.7701283341511748e-18,0.45066901818649646,0.4500000107687635,0.45066901818649624,1.662509035310581e-19,0.4506690828254939,0.4500000091216462,0.4506690828254942,1.6625090353013418e-19,0.45,0.45066901818649635,0.44993736967082437,2.770762425457453e-18,0.45,0.45066908282549406,0.44993736377583543,2.7707624254266557e-18,0.45000001076834933,0.45000000912205956,49.939519437092876,49.879038874185746,49.82890938475671,49.82739441955042,49.82739441927905,49.825879454344125,49.8258794538014
214.0,-6.510600174809407e-283,0.45,0.45000000994601463,3.3326531138941484e-18,5.089380215802926e-17,2.772972105443674e-18,2.7701283341511748e-18,0.4506690181864575,0.45000001076915164,0.45066901818645744,1.6625090353105807e-19,0.4506690828253596,0.4500000091229977,0.45066908282535934,1.662509035301342e-19,0.45,0.45066901818645744,0.449937369670828,2.770762425457453e-18,0.45,0.45066908282535945,0.44993736377584903,2.7707624254266557e-18,0.4500000107704789,0.4500000091216714,49.939519437092876,49.879038874185746,49.82890938475671,49.827394419550416,49.82739441927907,49.825879454344125,49.8258794538014
215.0,-1.4343231662878571e-282,0.45,0.4500000099460204,3.3326531138941484e-18,5.089380215804887e-17,2.772972105443674e-18,2.7701283341511748e-18,0.45066901818644817,0.4500000107692433,0.4506690181864482,1.6625090353105807e-19,0.450669082825334,0.45000000912325316,0.4506690828253338,1.662509035301342e-19,0.45,0.4506690181864482,0.4499373696708289,2.7707624254574532e-18,0.45,0.45066908282533386,0.4499373637758516,2.7707624254266557e-18,0.4500000107706523,0.4500000091218448,49.939519437092876,49.879038874185746,49.82890938475671,49.827394419550416,49.82739441927907,49.82587945434413,49.8258794538014
216.0,-3.117929126812918e-283,0.45,0.45000000994601314,3.3326531138941484e-18,5.0893802158027774e-17,2.772972105443674e-18,2.7701283341511748e-18,0.450669018186455,0.4500000107691748,0.45066901818645505,1.662509035310581e-19,0.45066908282536394,0.45000000912294985,0.450669082825364,1.662509035301342e-19,0.45,0.45066901818645505,0.44993736967082837,2.770762425457453e-18,0.45,0.45066908282536394,0.4499373637758486,2.7707624254266557e-18,0.45000001077004614,0.45000000912207794,49.939519437092876,49.879038874185746,49.82890938475671,49.82739441955042,49.82739441927907,49.825879454344125,49.8258794538014
217.0,8.007269905860045e-283,0.45,0.45000000994600553,3.3326531138941484e-18,5.089380215800413e-17,2.772972105443674e-18,2.7701283341511748e-18,0.45066901818646427,0.4500000107690824,0.4506690181864643,1.662509035310581e-19,0.45066908282539625,0.4500000091226247,0.4506690828253964,1.662509035301342e-19,0.45,0.4506690181864643,0.44993736967082765,2.770762425457453e-18,0.45,0.4506690828253963,0.44993736377584537,2.7707624254266557e-18,0.4500000107698371,0.4500000091218689,49.939519437092876,49.879038874185746,49.82890938475671,49.82739441955042,49.82739441927907,49.825879454344125,49.8258794538014
218.0,2.3642272629146925e-285,0.45,0.45000000994601014,3.3326531138941484e-18,5.0893802158015904e-17,2.772972105443674e-18,2.7701283341511748e-18,0.45066901818646293,0.450000010769097,0.45066901818646293,1.6625090353105807e-19,0.45066908282537743,0.4500000091228168,0.4506690828253774,1.662509035301342e-19,0.45,0.4506690181864629,0.4499373696708279,2.770762425457453e-18,0.45,0.45066908282537743,0.4499373637758474,2.7707624254266557e-18,0.45000001077036084,0.4500000091215533,49.939519437092876,49.879038874185746,49.82890938475671,49.827394419550416,49.82739441927907,49.825879454344125,49.8258794538014
219.0,-3.8930997629017484e-286,0.45,0.4500000099460113,3.332653113894148e-18,5.089380215802188e-17,2.772972105443674e-18,2.7701283341511748e-18,0.4506690181865035,0.4500000107686895,0.45066901818650357,1.6625090353105807e-19,0.4506690828253259,0.4500000091233313,0.4506690828253258,1.662509035301342e-19,0.45,0.45066901818650357,0.4499373696708232,2.770762425457453e-18,0.45,0.45066908282532586,0.44993736377585225,2.7707624254266557e-18,0.4500000107704137,0.45000000912160615,49.93951943709287,49.879038874185746,49.82890938475671,49.827394419550416,49.82739441927907,49.825879454344125,49.8258794538014
220.0,-8.576725121137664e-286,0.45,0.4500000099460118,3.332653113894148e-18,5.0893802158024834e-17,2.7729721054436745e-18,2.7701283341511748e-18,0.45066901818649263,0.45000001076879886,0.45066901818649263,1.6625090353105807e-19,0.4506690828253315,0.4500000091232742,0.45066908282533147,1.6625090353013418e-19,0.45,0.4506690181864927,0.4499373696708241,2.770762425457453e-18,0.45,0.45066908282533147,0.4499373637758516,2.7707624254266557e-18,0.45000001076960056,0.45000000912247146,49.93951943709287,49.87903887418575,49.82890938475671,49.827394419550416,49.82739441927905,49.825879454344125,49.8258794538014
221.0,-1.8644061560257295e-286,0.45,0.4500000099460119,3.332653113894148e-18,5.08938021580258e-17,2.7729721054436745e-18,2.7701283341511748e-18,0.45066901818646055,0.45000001076912116,0.4506690181864605,1.662509035310581e-19,0.45066908282536206,0.45000000912296856,0.45066908282536206,1.6625090353013418e-19,0.45,0.45066901818646055,0.4499373696708273,2.770762425457453e-18,0.45,0.45066908282536206,0.4499373637758486,2.7707624254266557e-18,0.4500000107691895,0.4500000091228997,49.93951943709287,49.87903887418575,49.82890938475671,49.82739441955042,49.82739441927905,49.825879454344125,49.8258794538014
222.0,4.788054421969142e-286,0.45,0.45000000994601197,3.3326531138941484e-18,5.0893802158025845e-17,2.7729721054436745e-18,2.7701283341511748e-18,0.4506690181864374,0.4500000107693526,0.4506690181864374,1.662509035310581e-19,0.4506690828253852,0.45000000912273747,0.4506690828253852,1.6625090353013418e-19,0.45,0.4506690181864374,0.44993736967082953,2.770762425457453e-18,0.45,0.4506690828253852,0.44993736377584626,2.7707624254266557e-18,0.45000001076918983,0.45000000912290006,49.939519437092876,49.87903887418575,49.82890938475671,49.82739441955042,49.82739441927905,49.825879454344125,49.8258794538014
223.0,1.413837895996803e-288,0.45,0.4500000099460121,3.332653113894148e-18,5.0893802158025906e-17,2.7729721054436745e-18,2.7701283341511748e-18,0.45066901818645383,0.450000010769186,0.4506690181864539,1.662509035310581e-19,0.45066908282536855,0.4500000091229054,0.45066908282536844,1.6625090353013418e-19,0.45,0.45066901818645383,0.4499373696708274,2.770762425457453e-18,0.45,0.4506690828253685,0.4499373637758477,2.7707624254266557e-18,0.4500000107691904,0.4500000091229006,49.93951943709287,49.87903887418575,49.82890938475671,49.82739441955042,49.82739441927905,49.825879454344125,49.8258794538014
224.0,-2.3298417895718597e-289,0.45,0.45000000994600975,3.3326531138941484e-18,5.089380215801452e-17,2.772972105443674e-18,2.7701283341511748e-18,0.45066901818651,0.45000001076862445,0.45066901818651006,1.6625090353105807e-19,0.45066908282533236,0.4500000091232664,0.4506690828253323,1.662509035301342e-19,0.45,0.45066901818651006,0.4499373696708228,2.770762425457453e-18,0.45,0.4506690828253323,0.44993736377585175,2.7707624254266557e-18,0.45000001077034857,0.45000000912154103,49.939519437092876,49.879038874185746,49.82890938475671,49.827394419550416,49.82739441927907,49.825879454344125,49.8258794538014
225.0,-5.131081680335808e-289,0.45,0.4500000099460093,3.332653113894149e-18,5.089380215801218e-17,2.772972105443674e-18,2.7701283341511748e-18,0.45066901818650384,0.4500000107686869,0.45066901818650384,1.6625090353105807e-19,0.4506690828253427,0.45000000912316246,0.4506690828253427,1.662509035301342e-19,0.45,0.4506690181865039,0.44993736967082365,2.7707624254574532e-18,0.45,0.4506690828253427,0.4499373637758508,2.7707624254266557e-18,0.4500000107703279,0.4500000091215204,49.93951943709288,49.879038874185746,49.82890938475671,49.827394419550416,49.82739441927907,49.82587945434413,49.8258794538014
226.0,-1.1165615059594653e-289,0.45,0.4500000099460099,3.3326531138941484e-18,5.0893802158015016e-17,2.772972105443674e-18,2.7701283341511748e-18,0.4506690181864701,0.45000001076902574,0.45066901818647,1.6625090353105807e-19,0.45066908282537155,0.45000000912287313,0.4506690828253716,1.6625090353013418e-19,0.45,0.4506690181864701,0.44993736967082676,2.770762425457453e-18,0.45,0.4506690828253716,0.44993736377584775,2.7707624254266557e-18,0.4500000107695138,0.4500000091223847,49.939519437092876,49.879038874185746,49.82890938475671,49.827394419550416,49.82739441927905,49.825879454344125,49.8258794538014
227.0,2.8624979399215216e-289,0.45,0.45000000994601075,3.3326531138941484e-18,5.0893802158019133e-17,2.772972105443674e-18,2.7701283341511748e-18,0.4506690181864433,0.45000001076929325,0.4506690181864432,1.6625090353105807e-19,0.45066908282539114,0.450000009122678,0.45066908282539114,1.6625090353013418e-19,0.45,0.4506690181864433,0.44993736967082915,2.770762425457453e-18,0.45,0.45066908282539114,0.4499373637758457,2.7707624254266557e-18,0.45000001076955015,0.45000000912242105,49.939519437092876,49.879038874185746,49.82890938475671,49.827394419550416,49.82739441927905,49.825879454344125,49.8258794538014
228.0,8.267818449072382e-292,0.45,0.4500000099460111,3.3326531138941484e-18,5.089380215802067e-17,2.772972105443674e-18,2.7701283341511748e-18,0.45066901818645844,0.45000001076913965,0.45066901818645855,1.6625090353105807e-19,0.4506690828253732,0.45000000912285903,0.4506690828253731,1.6625090353013418e-19,0.45,0.45066901818645844,0.44993736967082765,2.770762425457453e-18,0.45,0.45066908282537316,0.4499373637758475,2.7707624254266557e-18,0.45000001076956375,0.45000000912243465,49.939519437092876,49.879038874185746,49.82890938475671,49.827394419550416,49.82739441927905,49.825879454344125,49.8258794538014
229.0,-1.5870071112962127e-292,0.45,0.450000009946011,3.332653113894148e-18,5.089380215802077e-17,2.772972105443674e-18,2.7701283341511748e-18,0.45066901818650457,0.4500000107686797,0.4506690181865046,1.6625090353105807e-19,0.4506690828253269,0.4500000091233216,0.4506690828253268,1.662509035301342e-19,0.45,0.45066901818650457,0.44993736967082326,2.770762425457453e-18,0.45,0.4506690828253268,0.44993736377585214,2.7707624254266557e-18,0.4500000107704039,0.4500000091215964,49.93951943709287,49.879038874185746,49.82890938475671,49.827394419550416,49.82739441927907,49.825879454344125,49.8258794538014
230.0,-3.431479355056212e-292,0.45,0.4500000099460109,3.3326531138941484e-18,5.0893802158020575e-17,2.7729721054436745e-18,2.7701283341511748e-18,0.45066901818649646,0.45000001076876106,0.45066901818649646,1.662509035310581e-19,0.4506690828253353,0.45000000912323657,0.4506690828253353,1.662509035301342e-19,0.45,0.45066901818649646,0.449937369670824,2.7707624254574532e-18,0.45,0.4506690828253353,0.4499373637758513,2.7707624254266557e-18,0.4500000107699825,0.45000000912201427,49.939519437092876,49.87903887418575,49.82890938475671,49.82739441955042,49.82739441927907,49.82587945434413,49.8258794538014
231.0,-1.068863740727422e-292,0.45,0.4500000099460109,3.3326531138941484e-18,5.089380215802075e-17,2.7729721054436745e-18,2.7701283341511748e-18,0.450669018186465,0.4500000107690764,0.45066901818646493,1.662509035310581e-19,0.4506690828253665,0.45000000912292387,0.45066908282536655,1.6625090353013418e-19,0.45,0.450669018186465,0.4499373696708268,2.770762425457453e-18,0.45,0.45066908282536655,0.4499373637758481,2.7707624254266557e-18,0.4500000107691448,0.45000000912285504,49.939519437092876,49.87903887418575,49.82890938475671,49.82739441955042,49.82739441927905,49.825879454344125,49.8258794538014
232.0,1.6975742731703394e-292,0.45,0.4500000099460112,3.3326531138941484e-18,5.089380215802198e-17,2.7729721054436745e-18,2.7701283341511748e-18,0.45066901818644073,0.4500000107693185,0.45066901818644073,1.662509035310581e-19,0.45066908282538853,0.45000000912270327,0.45066908282538864,1.6625090353013418e-19,0.45,0.45066901818644073,0.4499373696708289,2.770762425457453e-18,0.45,0.4506690828253886,0.4499373637758458,2.7707624254266557e-18,0.4500000107691557,0.4500000091228659,49.939519437092876,49.87903887418575,49.82890938475671,49.82739441955042,49.82739441927905,49.825879454344125,49.8258794538014
233.0,1.057051047361261e-292,0.45,0.45000000994601197,3.332653113894148e-18,5.0893802158024834e-17,2.7729721054436745e-18,2.7701283341511748e-18,0.4506690181864548,0.45000001076917634,0.4506690181864549,1.6625090353105807e-19,0.4506690828253695,0.45000000912289606,0.4506690828253694,1.6625090353013418e-19,0.45,0.45066901818645483,0.44993736967082726,2.770762425457453e-18,0.45,0.45066908282536944,0.4499373637758476,2.7707624254266557e-18,0.45000001076960056,0.45000000912247146,49.93951943709287,49.87903887418575,49.82890938475671,49.827394419550416,49.82739441927905,49.825879454344125,49.8258794538014
234.0,-1.7834548311301705e-292,0.45,0.4500000099460099,3.3326531138941484e-18,5.089380215801498e-17,2.772972105443674e-18,2.7701283341511748e-18,0.45066901818650906,0.4500000107686342,0.4506690181865092,1.6625090353105807e-19,0.4506690828253325,0.4500000091232646,0.45066908282533247,1.662509035301342e-19,0.45,0.4506690181865091,0.44993736967082293,2.770762425457453e-18,0.45,0.4506690828253325,0.44993736377585164,2.7707624254266557e-18,0.4500000107703527,0.45000000912154514,49.939519437092876,49.879038874185746,49.82890938475671,49.827394419550416,49.82739441927907,49.825879454344125,49.8258794538014
235.0,-1.7789075053269396e-292,0.45,0.45000000994600986,3.3326531138941484e-18,5.089380215801504e-17,2.772972105443674e-18,2.7701283341511748e-18,0.450669018186498,0.4500000107687458,0.450669018186498,1.662509035310581e-19,0.4506690828253435,0.45000000912315397,0.45066908282534357,1.662509035301342e-19,0.45,0.450669018186498,0.44993736967082415,2.7707624254574532e-18,0.45,0.45066908282534357,0.4499373637758506,2.7707624254266557e-18,0.45000001076993357,0.45000000912196536,49.939519437092876,49.879038874185746,49.82890938475671,49.82739441955042,49.82739441927907,49.82587945434413,49.8258794538014
236.0,-4.567487420277712e-293,0.45,0.45000000994601086,3.3326531138941484e-18,5.089380215801962e-17,2.772972105443674e-18,2.7701283341511748e-18,0.4506690181864643,0.45000001076908286,0.4506690181864643,1.662509035310581e-19,0.45066908282536916,0.45000000912289734,0.4506690828253692,1.6625090353013418e-19,0.45,0.4506690181864643,0.44993736967082715,2.770762425457453e-18,0.45,0.4506690828253692,0.44993736377584787,2.7707624254266557e-18,0.4500000107691348,0.45000000912284505,49.939519437092876,49.879038874185746,49.82890938475671,49.82739441955042,49.82739441927905,49.825879454344125,49.8258794538014
237.0,6.55579691968603e-293,0.45,0.45000000994601164,3.3326531138941484e-18,5.08938021580233e-17,2.772972105443674e-18,2.7701283341511748e-18,0.45066901818645083,0.45000001076921725,0.45066901818645083,1.662509035310581e-19,0.4506690828253762,0.4500000091228279,0.4506690828253762,1.6625090353013418e-19,0.45,0.4506690181864508,0.44993736967082804,2.770762425457453e-18,0.45,0.45066908282537615,0.44993736377584703,2.7707624254266557e-18,0.45000001076916735,0.4500000091228776,49.939519437092876,49.879038874185746,49.82890938475671,49.82739441955042,49.82739441927905,49.825879454344125,49.8258794538014
238.0,4.115658654072447e-294,0.45,0.4500000099460112,3.332653113894148e-18,5.0893802158020723e-17,2.772972105443674e-18,2.7701283341511748e-18,0.4506690181864992,0.4500000107687313,0.45066901818649935,1.662509035310581e-19,0.45066908282533225,0.4500000091232691,0.4506690828253321,1.662509035301342e-19,0.45,0.45066901818649924,0.44993736967082315,2.770762425457453e-18,0.45,0.4506690828253322,0.44993736377585136,2.7707624254266557e-18,0.4500000107699838,0.4500000091220156,49.93951943709287,49.879038874185746,49.82890938475671,49.82739441955042,49.82739441927907,49.825879454344125,49.8258794538014
239.0,-2.628221054224763e-293,0.45,0.450000009946011,3.3326531138941484e-18,5.0893802158020803e-17,2.772972105443674e-18,2.7701283341511748e-18,0.4506690181864514,0.4500000107692137,0.4506690181864512,1.6625090353105807e-19,0.4506690828253801,0.45000000912278726,0.45066908282538015,1.6625090353013418e-19,0.45,0.45066901818645133,0.44993736967082865,2.770762425457453e-18,0.45,0.45066908282538015,0.4499373637758469,2.7707624254266557e-18,0.4500000107695649,0.4500000091224358,49.939519437092876,49.879038874185746,49.82890938475671,49.827394419550416,49.82739441927905,49.825879454344125,49.8258794538014
240.0,-4.784446256129833e-293,0.45,0.45000000994601086,3.3326531138941484e-18,5.089380215802056e-17,2.7729721054436745e-18,2.7701283341511748e-18,0.4506690181864434,0.4500000107692936,0.4506690181864433,1.6625090353105807e-19,0.4506690828253885,0.45000000912270305,0.4506690828253886,1.6625090353013418e-19,0.45,0.45066901818644334,0.4499373696708295,2.7707624254574532e-18,0.45,0.45066908282538853,0.4499373637758461,2.7707624254266557e-18,0.4500000107695628,0.4500000091224337,49.939519437092876,49.87903887418575,49.82890938475671,49.827394419550416,49.82739441927905,49.82587945434413,49.8258794538014
241.0,-4.6938612292756717e-293,0.45,0.45000000994601086,3.3326531138941484e-18,5.089380215802075e-17,2.7729721054436745e-18,2.7701283341511748e-18,0.45066901818645483,0.4500000107691778,0.4506690181864548,1.662509035310581e-19,0.4506690828253767,0.45000000912282234,0.4506690828253767,1.6625090353013418e-19,0.45,0.4506690181864548,0.4499373696708279,2.770762425457453e-18,0.45,0.4506690828253767,0.44993736377584714,2.7707624254266557e-18,0.4500000107691448,0.45000000912285504,49.939519437092876,49.87903887418575,49.82890938475671,49.82739441955042,49.82739441927905,49.825879454344125,49.8258794538014
242.0,-9.93217462629989e-294,0.45,0.45000000994601114,3.3326531138941484e-18,5.08938021580221e-17,2.7729721054436745e-18,2.7701283341511748e-18,0.45066901818646515,0.45000001076907337,0.4506690181864652,1.662509035310581e-19,0.450669082825364,0.45000000912295085,0.4506690828253639,1.662509035301342e-19,0.45,0.4506690181864651,0.4499373696708264,2.770762425457453e-18,0.45,0.45066908282536394,0.4499373637758482,2.7707624254266557e-18,0.45000001076999596,0.45000000912202776,49.939519437092876,49.87903887418575,49.82890938475671,49.82739441955042,49.82739441927907,49.825879454344125,49.8258794538014
243.0,7.519191488386426e-293,0.45,0.45000000994601175,3.3326531138941484e-18,5.089380215802528e-17,2.7729721054436745e-18,2.7701283341511748e-18,0.45066901818645416,0.45000001076918494,0.45066901818645405,1.662509035310581e-19,0.4506690828253694,0.4500000091228953,0.45066908282536944,1.6625090353013418e-19,0.45,0.4506690181864541,0.4499373696708273,2.770762425457453e-18,0.45,0.45066908282536944,0.4499373637758476,2.7707624254266557e-18,0.45000001076918483,0.45000000912289506,49.939519437092876,49.87903887418575,49.82890938475671,49.82739441955042,49.82739441927905,49.825879454344125,49.8258794538014
244.0,-4.094471566409801e-293,0.45,0.45000000994601086,3.332653113894148e-18,5.089380215801997e-17,2.772972105443674e-18,2.7701283341511748e-18,0.4506690181864587,0.45000001076913837,0.45066901818645877,1.6625090353105807e-19,0.45066908282537416,0.45000000912284815,0.45066908282537416,1.662509035301342e-19,0.45,0.4506690181864587,0.44993736967082804,2.770762425457453e-18,0.45,0.45066908282537416,0.4499373637758476,2.7707624254266557e-18,0.4500000107703968,0.4500000091215893,49.93951943709287,49.879038874185746,49.82890938475671,49.827394419550416,49.82739441927907,49.825879454344125,49.8258794538014
245.0,-1.1002890790651135e-292,0.45,0.45000000994601036,3.3326531138941484e-18,5.08938021580172e-17,2.772972105443674e-18,2.7701283341511748e-18,0.4506690181864611,0.4500000107691139,0.4506690181864612,1.6625090353105807e-19,0.4506690828253766,0.4500000091228236,0.4506690828253766,1.662509035301342e-19,0.45,0.45066901818646116,0.449937369670828,2.7707624254574532e-18,0.45,0.4506690828253766,0.4499373637758474,2.7707624254266557e-18,0.45000001077037227,0.45000000912156474,49.939519437092876,49.879038874185746,49.82890938475671,49.827394419550416,49.82739441927907,49.82587945434413,49.8258794538014
246.0,-1.4316761024941613e-292,0.45,0.45000000994601014,3.3326531138941484e-18,5.0893802158016156e-17,2.772972105443674e-18,2.7701283341511748e-18,0.4506690181864621,0.4500000107691045,0.4506690181864621,1.662509035310581e-19,0.4506690828253775,0.45000000912281435,0.4506690828253775,1.6625090353013418e-19,0.45,0.4506690181864621,0.4499373696708276,2.770762425457453e-18,0.45,0.4506690828253775,0.4499373637758472,2.7707624254266557e-18,0.4500000107691042,0.4500000091228144,49.939519437092876,49.879038874185746,49.82890938475671,49.82739441955042,49.82739441927905,49.825879454344125,49.8258794538014
247.0,-1.5146777109885277e-292,0.45,0.4500000099460101,3.332653113894149e-18,5.089380215801602e-17,2.772972105443674e-18,2.7701283341511748e-18,0.4506690181864622,0.4500000107691033,0.45066901818646216,1.662509035310581e-19,0.4506690828253776,0.4500000091228132,0.4506690828253776,1.6625090353013418e-19,0.45,0.4506690181864622,0.4499373696708273,2.770762425457453e-18,0.45,0.4506690828253776,0.4499373637758471,2.7707624254266557e-18,0.450000010769103,0.45000000912281324,49.93951943709288,49.879038874185746,49.82890938475671,49.82739441955042,49.82739441927905,49.825879454344125,49.8258794538014
248.0,-3.1084429444423186e-295,0.45,0.45000000994601125,3.3326531138941484e-18,5.0893802158023275e-17,2.772972105443674e-18,2.7701283341511748e-18,0.4506690181864545,0.45000001076917057,0.4506690181864549,1.6625090353105807e-19,0.45066908282538065,0.4500000091228731,0.4506690828253732,1.662509035301342e-19,0.45,0.45066901818645416,0.4499373696708283,2.7707624254574532e-18,0.45,0.4506690828253765,0.4499373637758468,2.7707624254266557e-18,0.450000010770426,0.45000000912161847,49.939519437092876,49.879038874185746,49.82890938475671,49.827394419550416,49.82739441927907,49.82587945434413,49.8258794538014
249.0,2.80918245106021e-309,0.45,0.450000009946024,3.3326531138941484e-18,5.0893802158062625e-17,2.7729721054436745e-18,2.7701283341511748e-18,0.4506690181863316,0.4500000107704173,0.45066901818633115,1.6625090353105807e-19,0.45066908282543044,0.45000000912231175,0.4506690828254287,1.6625090353013415e-19,0.45,0.4506690181863315,0.4499373696708406,2.770762425457453e-18,0.45,0.4506690828254296,0.4499373637758419,2.7707624254266553e-18,0.45000001076951507,0.4500000091232253,49.939519437092876,49.87903887418575,49.82890938475671,49.827394419550416,49.827394419279045,49.825879454344125,49.82587945380139
250.0,-1.2965367412524e-311,0.45,0.45000000994601114,3.3326531138941484e-18,5.089380215801909e-17,2.7729721054436745e-18,2.7701283341511748e-18,0.4506690181864606,0.45000001076912427,0.45066901818646027,1.6625090353105807e-19,0.45066908282537516,0.4500000091228423,0.4506690828253749,1.6625090353013418e-19,0.45,0.45066901818646043,0.4499373696708277,2.770762425457453e-18,0.45,0.450669082825375,0.4499373637758474,2.7707624254266557e-18,0.4500000107695498,0.4500000091224207,49.939519437092876,49.87903887418575,49.82890938475671,49.827394419550416,49.82739441927905,49.825879454344125,49.8258794538014
251.0,5.15529013166e-312,0.45,0.45000000994601125,3.3326531138941484e-18,5.089380215802318e-17,2.772972105443674e-18,2.7701283341511748e-18,0.4506690181864545,0.45000001076917956,0.45066901818645455,1.6625090353105807e-19,0.4506690828253722,0.450000009122866,0.4506690828253723,1.6625090353013418e-19,0.45,0.4506690181864545,0.4499373696708279,2.770762425457453e-18,0.45,0.45066908282537227,0.44993736377584803,2.7707624254266557e-18,0.45000001076958596,0.45000000912245686,49.939519437092876,49.879038874185746,49.82890938475671,49.827394419550416,49.82739441927905,49.825879454344125,49.8258794538014
252.0,6.38968459367e-312,0.45,0.45000000994601125,3.3326531138941484e-18,5.089380215802346e-17,2.772972105443674e-18,2.7701283341511748e-18,0.4506690181864514,0.45000001076920987,0.4506690181864515,1.6625090353105807e-19,0.450669082825374,0.45000000912284766,0.4506690828253741,1.6625090353013418e-19,0.45,0.45066901818645144,0.4499373696708272,2.770762425457453e-18,0.45,0.45066908282537405,0.4499373637758489,2.7707624254266557e-18,0.45000001076958845,0.45000000912245935,49.939519437092876,49.879038874185746,49.82890938475671,49.827394419550416,49.82739441927905,49.825879454344125,49.8258794538014
253.0,1.40766043285e-313,0.45,0.4500000099460112,3.3326531138941484e-18,5.0893802158022005e-17,2.7729721054436745e-18,2.7701283341511748e-18,0.450669018186456,0.4500000107691656,0.450669018186456,1.6625090353105807e-19,0.45066908282537177,0.4500000091228718,0.45066908282537177,1.662509035301342e-19,0.45,0.450669018186456,0.4499373696708246,2.770762425457453e-18,0.45,0.45066908282537177,0.4499373637758514,2.7707624254266557e-18,0.4500000107704148,0.45000000912160726,49.939519437092876,49.87903887418575,49.82890938475671,49.827394419550416,49.82739441927907,49.825879454344125,49.8258794538014
254.0,-4.188515449736e-312,0.45,0.4500000099460112,3.3326531138941484e-18,5.08938021580209e-17,2.7729721054436745e-18,2.7701283341511748e-18,0.4506690181864729,0.450000010768997,0.45066901818647287,1.6625090353105807e-19,0.45066908282535684,0.4500000091230227,0.4506690828253567,1.662509035301342e-19,0.45,0.4506690181864729,0.4499373696708191,2.770762425457453e-18,0.45,0.45066908282535684,0.44993736377585686,2.7707624254266557e-18,0.450000010770405,0.4500000091215975,49.939519437092876,49.87903887418575,49.82890938475671,49.827394419550416,49.82739441927907,49.825879454344125,49.8258794538014
255.0,-7.75281369e-315,0.45,0.4500000099460112,3.332653113894148e-18,5.089380215802178e-17,2.7729721054436745e-18,2.7701283341511748e-18,0.45066901818649985,0.4500000107687267,0.4506690181864999,1.6625090353105807e-19,0.45066908282532897,0.4500000091233006,0.4506690828253289,1.662509035301342e-19,0.45,0.45066901818649985,0.44993736967081593,2.770762425457453e-18,0.45,0.45066908282532897,0.4499373637758601,2.7707624254266557e-18,0.4500000107704128,0.45000000912160526,49.93951943709287,49.87903887418575,49.82890938475671,49.827394419550416,49.82739441927907,49.825879454344125,49.8258794538014
256.0,3.08267422e-315,0.45,0.4500000099460112,3.3326531138941484e-18,5.08938021580221e-17,2.772972105443674e-18,2.7701283341511748e-18,0.4506690181864944,0.45000001076878204,0.4506690181864944,1.6625090353105807e-19,0.45066908282533513,0.45000000912323723,0.4506690828253352,1.662509035301342e-19,0.45,0.4506690181864944,0.44993736967082737,2.770762425457453e-18,0.45,0.4506690828253352,0.4499373637758483,2.7707624254266557e-18,0.4500000107704156,0.4500000091216081,49.939519437092876,49.879038874185746,49.82890938475671,49.827394419550416,49.82739441927907,49.825879454344125,49.8258794538014
257.0,3.82079678e-315,0.45,0.4500000099460112,3.3326531138941484e-18,5.089380215802213e-17,2.772972105443674e-18,2.7701283341511748e-18,0.45066901818647637,0.45000001076896246,0.4506690181864763,1.6625090353105807e-19,0.4506690828253532,0.4500000091230567,0.4506690828253533,1.662509035301342e-19,0.45,0.45066901818647637,0.44993736967083,2.7707624254574532e-18,0.45,0.45066908282535323,0.4499373637758457,2.7707624254266557e-18,0.4500000107704159,0.45000000912160837,49.939519437092876,49.879038874185746,49.82890938475671,49.827394419550416,49.82739441927907,49.82587945434413,49.8258794538014
258.0,8.4172927e-317,0.45,0.4500000099460112,3.3326531138941484e-18,5.089380215802204e-17,2.772972105443674e-18,2.7701283341511748e-18,0.45066901818645727,0.45000001076915314,0.4506690181864572,1.6625090353105807e-19,0.45066908282537194,0.45000000912286936,0.450669082825372,1.662509035301342e-19,0.45,0.4506690181864572,0.44993736967082815,2.770762425457453e-18,0.45,0.450669082825372,0.44993736377584753,2.7707624254266557e-18,0.4500000107704151,0.4500000091216076,49.939519437092876,49.879038874185746,49.82890938475671,49.827394419550416,49.82739441927907,49.825879454344125,49.8258794538014
259.0,-2.504578456e-315,0.45,0.4500000099460112,3.3326531138941484e-18,5.0893802158022e-17,2.772972105443674e-18,2.7701283341511748e-18,0.4506690181864486,0.4500000107692394,0.45066901818644856,1.6625090353105807e-19,0.45066908282538043,0.4500000091227857,0.4506690828253804,1.662509035301342e-19,0.45,0.45066901818644856,0.4499373696708265,2.770762425457453e-18,0.45,0.45066908282538043,0.4499373637758493,2.7707624254266557e-18,0.45000001077041474,0.4500000091216072,49.939519437092876,49.879038874185746,49.82890938475671,49.827394419550416,49.82739441927907,49.825879454344125,49.8258794538014
260.0,-4.6359e-318,0.45,0.4500000099460112,3.3326531138941484e-18,5.0893802158022085e-17,2.772972105443674e-18,2.7701283341511748e-18,0.4506690181864568,0.45000001076915686,0.4506690181864569,1.6625090353105807e-19,0.4506690828253724,0.4500000091228664,0.4506690828253723,1.662509035301342e-19,0.45,0.4506690181864569,0.4499373696708282,2.770762425457453e-18,0.45,0.4506690828253723,0.4499373637758476,2.7707624254266557e-18,0.4500000107704155,0.450000009121608,49.939519437092876,49.879038874185746,49.82890938475671,49.827394419550416,49.82739441927907,49.825879454344125,49.8258794538014
261.0,1.84332e-318,0.45,0.4500000099460112,3.332653113894148e-18,5.089380215802199e-17,2.772972105443674e-18,2.7701283341511748e-18,0.450669018186457,0.45000001076915597,0.450669018186457,1.6625090353105807e-19,0.4506690828253724,0.4500000091228659,0.4506690828253724,1.662509035301342e-19,0.45,0.450669018186457,0.449937369670828,2.770762425457453e-18,0.45,0.4506690828253724,0.4499373637758477,2.7707624254266557e-18,0.4500000107704147,0.45000000912160715,49.93951943709287,49.879038874185746,49.82890938475671,49.827394419550416,49.82739441927907,49.825879454344125,49.8258794538014
262.0,2.284693e-318,0.45,0.4500000099460112,3.332653113894148e-18,5.0893802158021987e-17,2.772972105443674e-18,2.7701283341511748e-18,0.450669018186457,0.4500000107691559,0.450669018186457,1.6625090353105807e-19,0.4506690828253723,0.45000000912286586,0.4506690828253724,1.662509035301342e-19,0.45,0.450669018186457,0.44993736967082804,2.7707624254574532e-18,0.45,0.4506690828253724,0.4499373637758477,2.7707624254266557e-18,0.4500000107704146,0.4500000091216071,49.93951943709287,49.879038874185746,49.82890938475671,49.827394419550416,49.82739441927907,49.82587945434413,49.8258794538014
263.0,5.0335e-320,0.45,0.4500000099460112,3.332653113894148e-18,5.089380215802202e-17,2.772972105443674e-18,2.7701283341511748e-18,0.45066901818645694,0.4500000107691562,0.45066901818645694,1.6625090353105807e-19,0.4506690828253723,0.45000000912286603,0.4506690828253724,1.662509035301342e-19,0.45,0.450669018186457,0.44993736967082815,2.770762425457453e-18,0.45,0.4506690828253723,0.44993736377584764,2.7707624254266557e-18,0.4500000107704149,0.45000000912160737,49.93951943709287,49.879038874185746,49.82890938475671,49.827394419550416,49.82739441927907,49.825879454344125,49.8258794538014
264.0,-1.49764e-318,0.45,0.4500000099460112,3.3326531138941484e-18,5.089380215802204e-17,2.772972105443674e-18,2.7701283341511748e-18,0.45066901818645694,0.4500000107691564,0.4506690181864569,1.6625090353105807e-19,0.4506690828253723,0.45000000912286614,0.4506690828253723,1.662509035301342e-19,0.45,0.45066901818645694,0.44993736967082826,2.770762425457453e-18,0.45,0.4506690828253723,0.44993736377584753,2.7707624254266557e-18,0.4500000107704151,0.4500000091216076,49.939519437092876,49.879038874185746,49.82890938475671,49.827394419550416,49.82739441927907,49.825879454344125,49.8258794538014
265.0,0.0,0.45,0.45000000994601075,3.3326531138941484e-18,5.0893802158020544e-17,2.7729721054436745e-18,2.7701283341511748e-18,0.4506690181864108,0.4500000107694923,0.4506690181864192,1.662509035310581e-19,0.45066908282542045,0.4500000091225053,0.4506690828254124,1.6625090353013418e-19,0.45,0.45066901818641497,0.4499373696708327,2.770762425457453e-18,0.45,0.4506690828254165,0.44993736377584287,2.7707624254266557e-18,0.450000010769143,0.4500000091228532,49.939519437092876,49.87903887418575,49.82890938475671,49.82739441955042,49.82739441927905,49.825879454344125,49.8258794538014
266.0,0.0,0.45,0.4500000099460112,3.3326531138941484e-18,5.0893802158021987e-17,2.7729721054436745e-18,2.7701283341511748e-18,0.4506690181864432,0.4500000107693108,0.4506690181864421,1.6625090353105807e-19,0.4506690828253861,0.4500000091227109,0.4506690828253872,1.6625090353013418e-19,0.45,0.45066901818644267,0.4499373696708294,2.770762425457453e-18,0.45,0.45066908282538665,0.4499373637758463,2.7707624254266557e-18,0.4500000107695754,0.4500000091224463,49.939519437092876,49.87903887418575,49.82890938475671,49.827394419550416,49.82739441927905,49.825879454344125,49.8258794538014
267.0,0.0,0.45,0.4500000099460112,3.3326531138941484e-18,5.0893802158022036e-17,2.772972105443674e-18,2.7701283341511748e-18,0.45066901818630484,0.4500000107706768,0.4506690181863049,1.662509035310581e-19,0.4506690828255244,0.45000000912134613,0.45066908282552437,1.6625090353013415e-19,0.45,0.4506690181863049,0.44993736967084325,2.770762425457453e-18,0.45,0.4506690828255244,0.44993736377583254,2.7707624254266557e-18,0.4500000107687364,0.4500000091232862,49.939519437092876,49.879038874185746,49.82890938475671,49.82739441955042,49.827394419279045,49.825879454344125,49.8258794538014
268.0,0.0,0.45,0.4500000099460112,3.3326531138941484e-18,5.089380215802205e-17,2.772972105443674e-18,2.7701283341511748e-18,0.4506690181862829,0.4500000107708915,0.45066901818628324,1.662509035310581e-19,0.4506690828255463,0.45000000912113164,0.450669082825546,1.6625090353013415e-19,0.45,0.4506690181862831,0.44993736967084547,2.770762425457453e-18,0.45,0.4506690828255462,0.4499373637758304,2.7707624254266557e-18,0.4500000107687365,0.4500000091232863,49.939519437092876,49.879038874185746,49.82890938475671,49.82739441955042,49.827394419279045,49.825879454344125,49.8258794538014
269.0,0.0,0.45,0.4500000099460112,3.3326531138941484e-18,5.089380215802203e-17,2.7729721054436745e-18,2.7701283341511748e-18,0.45066901818632293,0.4500000107704944,0.45066901818632304,1.662509035310581e-19,0.45066908282550633,0.45000000912152843,0.4506690828255062,1.6625090353013415e-19,0.45,0.450669018186323,0.4499373696708414,2.770762425457453e-18,0.45,0.4506690828255063,0.4499373637758344,2.7707624254266557e-18,0.45000001076873636,0.45000000912328614,49.939519437092876,49.87903887418575,49.82890938475671,49.82739441955042,49.827394419279045,49.825879454344125,49.8258794538014
270.0,0.0,0.45,0.4500000099460112,3.3326531138941484e-18,5.089380215802202e-17,2.7729721054436745e-18,2.770128334151175e-18,0.45066901818637023,0.450000010770025,0.4506690181863701,1.662509035310581e-19,0.450669082825459,0.4500000091219976,0.4506690828254591,1.6625090353013415e-19,0.45,0.4506690181863702,0.4499373696708367,2.770762425457453e-18,0.45,0.45066908282545903,0.44993736377583904,2.7707624254266557e-18,0.45000001076873625,0.450000009123286,49.939519437092876,49.87903887418575,49.82890938475672,49.82739441955042,49.827394419279045,49.825879454344125,49.8258794538014
271.0,0.0,0.45,0.4500000099460112,3.3326531138941484e-18,5.089380215802201e-17,2.7729721054436745e-18,2.7701283341511748e-18,0.450669018186384,0.45000001076988627,0.45066901818638394,1.662509035310581e-19,0.4506690828254452,0.4500000091221365,0.45066908282544527,1.6625090353013415e-19,0.45,0.45066901818638394,0.44993736967083536,2.770762425457453e-18,0.45,0.4506690828254452,0.44993736377584037,2.7707624254266557e-18,0.4500000107687362,0.45000000912328597,49.939519437092876,49.87903887418575,49.82890938475671,49.82739441955042,49.827394419279045,49.825879454344125,49.8258794538014
272.0,0.0,0.45,0.4500000099460112,3.3326531138941484e-18,5.089380215802203e-17,2.772972105443674e-18,2.7701283341511748e-18,0.4506690181864736,0.4500000107689874,0.4506690181864737,1.6625090353105807e-19,0.4506690828253558,0.4500000091230343,0.4506690828253556,1.662509035301342e-19,0.45,0.45066901818647365,0.4499373696708264,2.770762425457453e-18,0.45,0.4506690828253557,0.44993736377584936,2.7707624254266557e-18,0.450000010770415,0.4500000091216075,49.939519437092876,49.879038874185746,49.82890938475671,49.827394419550416,49.82739441927907,49.825879454344125,49.8258794538014
273.0,0.0,0.45,0.4500000099460112,3.3326531138941484e-18,5.0893802158022024e-17,2.772972105443674e-18,2.7701283341511748e-18,0.4506690181864861,0.4500000107688629,0.4506690181864862,1.6625090353105807e-19,0.45066908282534324,0.4500000091231585,0.4506690828253432,1.662509035301342e-19,0.45,0.4506690181864862,0.4499373696708251,2.7707624254574532e-18,0.45,0.45066908282534324,0.44993736377585064,2.7707624254266557e-18,0.45000001077041496,0.4500000091216074,49.939519437092876,49.879038874185746,49.82890938475671,49.827394419550416,49.82739441927907,49.82587945434413,49.8258794538014
274.0,0.0,0.45,0.4500000099460112,3.3326531138941484e-18,5.089380215802201e-17,2.772972105443674e-18,2.7701283341511748e-18,0.4506690181864615,0.45000001076911106,0.4506690181864615,1.6625090353105807e-19,0.45066908282536783,0.45000000912291066,0.4506690828253679,1.662509035301342e-19,0.45,0.4506690181864615,0.4499373696708275,2.770762425457453e-18,0.45,0.45066908282536783,0.44993736377584825,2.7707624254266557e-18,0.45000001077041485,0.4500000091216073,49.939519437092876,49.879038874185746,49.82890938475671,49.827394419550416,49.82739441927907,49.825879454344125,49.8258794538014
275.0,0.0,0.45,0.4500000099460112,3.3326531138941484e-18,5.089380215802201e-17,2.772972105443674e-18,2.7701283341511748e-18,0.45066901818643973,0.4500000107693297,0.4506690181864397,1.662509035310581e-19,0.4506690828253896,0.4500000091226923,0.4506690828253897,1.6625090353013418e-19,0.45,0.4506690181864397,0.4499373696708296,2.770762425457453e-18,0.45,0.4506690828253896,0.4499373637758461,2.7707624254266557e-18,0.45000001076915597,0.4500000091228662,49.939519437092876,49.879038874185746,49.82890938475671,49.82739441955042,49.82739441927905,49.825879454344125,49.8258794538014
276.0,0.0,0.45,0.4500000099460112,3.3326531138941484e-18,5.089380215802202e-17,2.772972105443674e-18,2.7701283341511748e-18,0.4506690181864628,0.4500000107690962,0.45066901818646293,1.662509035310581e-19,0.4506690828253665,0.45000000912292554,0.45066908282536644,1.6625090353013418e-19,0.45,0.4506690181864629,0.4499373696708273,2.770762425457453e-18,0.45,0.4506690828253665,0.4499373637758484,2.7707624254266557e-18,0.450000010769156,0.45000000912286625,49.939519437092876,49.879038874185746,49.82890938475671,49.82739441955042,49.82739441927905,49.825879454344125,49.8258794538014
277.0,0.0,0.45,0.4500000099460112,3.332653113894148e-18,5.0893802158022024e-17,2.772972105443674e-18,2.7701283341511748e-18,0.4506690181865044,0.4500000107686816,0.4506690181865044,1.6625090353105807e-19,0.450669082825325,0.4500000091233397,0.450669082825325,1.662509035301342e-19,0.45,0.4506690181865044,0.4499373696708234,2.770762425457453e-18,0.45,0.450669082825325,0.4499373637758523,2.7707624254266557e-18,0.45000001077041496,0.4500000091216074,49.93951943709287,49.879038874185746,49.82890938475671,49.827394419550416,49.82739441927907,49.825879454344125,49.8258794538014
278.0,0.0,0.45,0.4500000099460112,3.332653113894148e-18,5.089380215802201e-17,2.772972105443674e-18,2.7701283341511748e-18,0.4506690181864936,0.4500000107687905,0.4506690181864935,1.6625090353105807e-19,0.4506690828253358,0.4500000091232309,0.45066908282533585,1.662509035301342e-19,0.45,0.4506690181864936,0.4499373696708246,2.7707624254574532e-18,0.45,0.4506690828253358,0.4499373637758512,2.7707624254266557e-18,0.45000001077041485,0.4500000091216073,49.93951943709287,49.879038874185746,49.82890938475671,49.827394419550416,49.82739441927907,49.82587945434413,49.8258794538014
279.0,0.0,0.45,0.4500000099460112,3.3326531138941484e-18,5.0893802158022e-17,2.772972105443674e-18,2.7701283341511748e-18,0.45066901818646177,0.45000001076910895,0.45066901818646166,1.662509035310581e-19,0.4506690828253676,0.45000000912291255,0.45066908282536766,1.6625090353013418e-19,0.45,0.4506690181864617,0.4499373696708278,2.770762425457453e-18,0.45,0.45066908282536766,0.44993736377584803,2.7707624254266557e-18,0.45000001076915586,0.4500000091228661,49.939519437092876,49.879038874185746,49.82890938475671,49.82739441955042,49.82739441927905,49.825879454344125,49.8258794538014
280.0,0.0,0.45,0.4500000099460112,3.3326531138941484e-18,5.0893802158021974e-17,2.772972105443674e-18,2.7701283341511748e-18,0.4506690181864403,0.45000001076932317,0.45066901818644023,1.662509035310581e-19,0.4506690828253891,0.4500000091226981,0.45066908282538914,1.6625090353013418e-19,0.45,0.45066901818644023,0.44993736967083,2.770762425457453e-18,0.45,0.45066908282538914,0.4499373637758458,2.7707624254266557e-18,0.45000001076915563,0.45000000912286586,49.939519437092876,49.879038874185746,49.82890938475671,49.82739441955042,49.82739441927905,49.825879454344125,49.8258794538014
281.0,0.0,0.45,0.4500000099460112,3.3326531138941484e-18,5.089380215802195e-17,2.772972105443674e-18,2.7701283341511748e-18,0.45066901818646304,0.45000001076909374,0.45066901818646316,1.662509035310581e-19,0.45066908282536633,0.4500000091229268,0.4506690828253663,1.6625090353013418e-19,0.45,0.4506690181864631,0.4499373696708278,2.770762425457453e-18,0.45,0.45066908282536633,0.44993736377584787,2.7707624254266557e-18,0.4500000107691554,0.45000000912286564,49.939519437092876,49.879038874185746,49.82890938475671,49.82739441955042,49.82739441927905,49.825879454344125,49.8258794538014
282.0,0.0,0.45,0.4500000099460112,3.3326531138941484e-18,5.0893802158022024e-17,2.772972105443674e-18,2.7701283341511748e-18,0.4506690181865036,0.4500000107686894,0.4506690181865036,1.6625090353105807e-19,0.4506690828253258,0.450000009123332,0.4506690828253258,1.662509035301342e-19,0.45,0.4506690181865036,0.44993736967082343,2.770762425457453e-18,0.45,0.4506690828253258,0.4499373637758524,2.7707624254266557e-18,0.45000001077041496,0.4500000091216074,49.939519437092876,49.879038874185746,49.82890938475671,49.827394419550416,49.82739441927907,49.825879454344125,49.8258794538014
283.0,0.0,0.45,0.4500000099460112,3.3326531138941484e-18,5.089380215802204e-17,2.772972105443674e-18,2.7701283341511748e-18,0.4506690181864901,0.4500000107688254,0.45066901818649,1.6625090353105807e-19,0.4506690828253393,0.45000000912319643,0.45066908282533935,1.662509035301342e-19,0.45,0.4506690181864901,0.44993736967082476,2.7707624254574532e-18,0.45,0.4506690828253393,0.4499373637758511,2.7707624254266557e-18,0.4500000107704151,0.4500000091216076,49.939519437092876,49.879038874185746,49.82890938475671,49.827394419550416,49.82739441927907,49.82587945434413,49.8258794538014
284.0,0.0,0.45,0.4500000099460112,3.3326531138941484e-18,5.089380215802201e-17,2.772972105443674e-18,2.7701283341511748e-18,0.4506690181864605,0.45000001076912105,0.45066901818646043,1.662509035310581e-19,0.4506690828253688,0.4500000091229007,0.4506690828253689,1.6625090353013418e-19,0.45,0.4506690181864605,0.44993736967082787,2.770762425457453e-18,0.45,0.4506690828253688,0.4499373637758479,2.7707624254266557e-18,0.45000001076915597,0.4500000091228662,49.939519437092876,49.879038874185746,49.82890938475671,49.82739441955042,49.82739441927905,49.825879454344125,49.8258794538014
285.0,0.0,0.45,0.4500000099460112,3.3326531138941484e-18,5.089380215802196e-17,2.772972105443674e-18,2.7701283341511748e-18,0.45066901818645294,0.45000001076919544,0.45066901818645294,1.662509035310581e-19,0.45066908282537643,0.4500000091228255,0.45066908282537643,1.6625090353013418e-19,0.45,0.450669018186453,0.44993736967082887,2.770762425457453e-18,0.45,0.45066908282537643,0.44993736377584687,2.7707624254266557e-18,0.4500000107691555,0.45000000912286575,49.939519437092876,49.879038874185746,49.82890938475671,49.82739441955042,49.82739441927905,49.825879454344125,49.8258794538014
286.0,0.0,0.45,0.4500000099460112,3.3326531138941484e-18,5.089380215802192e-17,2.772972105443674e-18,2.7701283341511748e-18,0.4506690181864933,0.45000001076879054,0.4506690181864934,1.662509035310581e-19,0.45066908282533624,0.45000000912322924,0.4506690828253361,1.662509035301342e-19,0.45,0.45066901818649335,0.44993736967082487,2.770762425457453e-18,0.45,0.4506690828253362,0.4499373637758508,2.7707624254266557e-18,0.45000001076999435,0.45000000912202615,49.939519437092876,49.879038874185746,49.82890938475671,49.82739441955042,49.82739441927907,49.825879454344125,49.8258794538014
287.0,0.0,0.45,0.4500000099460112,3.332653113894148e-18,5.089380215802205e-17,2.772972105443674e-18,2.7701283341511748e-18,0.45066901818644867,0.4500000107692404,0.45066901818644856,1.6625090353105807e-19,0.4506690828253806,0.45000000912278193,0.4506690828253807,1.6625090353013418e-19,0.45,0.4506690181864486,0.4499373696708288,2.770762425457453e-18,0.45,0.45066908282538065,0.44993736377584687,2.7707624254266557e-18,0.45000001076957596,0.45000000912244686,49.93951943709287,49.879038874185746,49.82890938475671,49.827394419550416,49.82739441927905,49.825879454344125,49.8258794538014
288.0,0.0,0.45,0.4500000099460112,3.3326531138941484e-18,5.089380215802206e-17,2.772972105443674e-18,2.7701283341511748e-18,0.4506690181864424,0.4500000107693026,0.45066901818644234,1.6625090353105807e-19,0.45066908282538676,0.45000000912272,0.4506690828253869,1.6625090353013418e-19,0.45,0.45066901818644234,0.4499373696708294,2.7707624254574532e-18,0.45,0.4506690828253868,0.4499373637758463,2.7707624254266557e-18,0.4500000107695761,0.450000009122447,49.939519437092876,49.879038874185746,49.82890938475671,49.827394419550416,49.82739441927905,49.82587945434413,49.8258794538014
289.0,0.0,0.45,0.4500000099460112,3.3326531138941484e-18,5.089380215802201e-17,2.772972105443674e-18,2.7701283341511748e-18,0.45066901818645466,0.4500000107691784,0.4506690181864547,1.662509035310581e-19,0.4506690828253746,0.4500000091228433,0.45066908282537466,1.6625090353013418e-19,0.45,0.45066901818645466,0.4499373696708285,2.770762425457453e-18,0.45,0.4506690828253746,0.44993736377584725,2.7707624254266557e-18,0.45000001076915597,0.4500000091228662,49.939519437092876,49.879038874185746,49.82890938475671,49.82739441955042,49.82739441927905,49.825879454344125,49.8258794538014
290.0,0.0,0.45,0.4500000099460112,3.3326531138941484e-18,5.089380215802196e-17,2.772972105443674e-18,2.7701283341511748e-18,0.45066901818646554,0.4500000107690688,0.45066901818646565,1.662509035310581e-19,0.45066908282536383,0.45000000912295207,0.45066908282536383,1.662509035301342e-19,0.45,0.45066901818646554,0.4499373696708277,2.770762425457453e-18,0.45,0.45066908282536383,0.4499373637758481,2.7707624254266557e-18,0.45000001076999474,0.45000000912202653,49.939519437092876,49.879038874185746,49.82890938475671,49.82739441955042,49.82739441927907,49.825879454344125,49.8258794538014
291.0,0.0,0.45,0.4500000099460112,3.3326531138941484e-18,5.089380215802198e-17,2.772972105443674e-18,2.7701283341511748e-18,0.4506690181864571,0.45000001076915547,0.45066901818645705,1.6625090353105807e-19,0.4506690828253723,0.45000000912286575,0.4506690828253724,1.6625090353013418e-19,0.45,0.45066901818645705,0.44993736967082854,2.770762425457453e-18,0.45,0.4506690828253723,0.44993736377584725,2.7707624254266557e-18,0.45000001076957535,0.45000000912244625,49.939519437092876,49.879038874185746,49.82890938475671,49.827394419550416,49.82739441927905,49.825879454344125,49.8258794538014
292.0,0.0,0.45,0.4500000099460112,3.3326531138941484e-18,5.089380215802203e-17,2.772972105443674e-18,2.7701283341511748e-18,0.45066901818645694,0.4500000107691561,0.45066901818645694,1.6625090353105807e-19,0.4506690828253724,0.45000000912286586,0.4506690828253723,1.662509035301342e-19,0.45,0.45066901818645694,0.449937369670828,2.770762425457453e-18,0.45,0.4506690828253724,0.4499373637758477,2.7707624254266557e-18,0.450000010770415,0.4500000091216075,49.939519437092876,49.879038874185746,49.82890938475671,49.827394419550416,49.82739441927907,49.825879454344125,49.8258794538014
293.0,0.0,0.45,0.4500000099460112,3.3326531138941484e-18,5.0893802158022036e-17,2.772972105443674e-18,2.7701283341511748e-18,0.4506690181864569,0.4500000107691562,0.45066901818645694,1.6625090353105807e-19,0.4506690828253724,0.45000000912286586,0.4506690828253723,1.662509035301342e-19,0.45,0.45066901818645694,0.4499373696708279,2.7707624254574532e-18,0.45,0.4506690828253724,0.4499373637758478,2.7707624254266557e-18,0.45000001077041507,0.45000000912160754,49.939519437092876,49.879038874185746,49.82890938475671,49.827394419550416,49.82739441927907,49.82587945434413,49.8258794538014
294.0,0.0,0.45,0.4500000099460112,3.332653113894148e-18,5.089380215802202e-17,2.772972105443674e-18,2.7701283341511748e-18,0.45066901818645694,0.450000010769156,0.45066901818645694,1.662509035310581e-19,0.4506690828253723,0.45000000912286586,0.4506690828253723,1.6625090353013418e-19,0.45,0.45066901818645694,0.4499373696708281,2.770762425457453e-18,0.45,0.4506690828253724,0.4499373637758477,2.7707624254266557e-18,0.450000010769156,0.45000000912286625,49.93951943709287,49.879038874185746,49.82890938475671,49.82739441955042,49.82739441927905,49.825879454344125,49.8258794538014
295.0,0.0,0.45,0.4500000099460112,3.332653113894148e-18,5.0893802158022005e-17,2.772972105443674e-18,2.7701283341511748e-18,0.450669018186457,0.45000001076915586,0.450669018186457,1.662509035310581e-19,0.4506690828253723,0.4500000091228658,0.4506690828253723,1.6625090353013418e-19,0.45,0.450669018186457,0.4499373696708282,2.770762425457453e-18,0.45,0.4506690828253724,0.4499373637758476,2.7707624254266557e-18,0.4500000107691559,0.45000000912286614,49.93951943709287,49.879038874185746,49.82890938475671,49.82739441955042,49.82739441927905,49.825879454344125,49.8258794538014
296.0,0.0,0.45,0.45000000994600514,3.3326531138941484e-18,5.0893802157997236e-17,2.772972105443674e-18,2.7701283341511748e-18,0.4506690181863969,0.45000001076934487,0.4506690181864219,1.6625090353105807e-19,0.45066908282546697,0.4500000091223059,0.45066908282544355,1.6625090353013418e-19,0.45,0.4506690181864082,0.4499373696708341,2.770762425457453e-18,0.45,0.4506690828254564,0.44993736377583826,2.7707624254266553e-18,0.4500000107693566,0.4500000091222275,49.939519437092876,49.879038874185746,49.82890938475671,49.827394419550416,49.82739441927905,49.825879454344125,49.82587945380139
297.0,0.0,0.45,0.4500000099460604,3.3326531138941484e-18,5.089380215821805e-17,2.7729721054436745e-18,2.7701283341511748e-18,0.450669018186212,0.45000001077158636,0.45066901818621335,1.662509035310581e-19,0.45066908282529733,0.4500000091235973,0.4506690828252986,1.6625090353013415e-19,0.45,0.4506690181862128,0.4499373696708525,2.7707624254574532e-18,0.45,0.450669082825298,0.44993736377585514,2.7707624254266557e-18,0.4500000107704695,0.4500000091250193,49.939519437092876,49.87903887418575,49.82890938475671,49.82739441955042,49.827394419279045,49.82587945434413,49.8258794538014
298.0,0.0,0.45,0.4500000099457728,3.332653113894148e-18,5.089380215725852e-17,2.7729721054436745e-18,2.770128334151175e-18,0.45066901818697364,0.45000001076381224,0.4506690181869849,1.662509035310581e-19,0.45066908282599377,0.45000000911648086,0.45066908282600515,1.6625090353013418e-19,0.45,0.4506690181869785,0.4499373696707767,2.7707624254574532e-18,0.45,0.4506690828259995,0.4499373637757858,2.7707624254266557e-18,0.4500000107624052,0.45000000911611543,49.93951943709287,49.87903887418575,49.82890938475672,49.82739441955042,49.82739441927905,49.82587945434413,49.8258794538014
299.0,0.0,0.45,0.45000000994597916,3.3326531138941484e-18,5.089380215791167e-17,2.7729721054436745e-18,2.7701283341511748e-18,0.4506690181865342,0.45000001076837376,0.45066901818653476,1.662509035310581e-19,0.4506690828254612,0.45000000912197125,0.4506690828254616,1.6625090353013418e-19,0.45,0.4506690181865344,0.4499373696708204,2.770762425457453e-18,0.45,0.4506690828254614,0.4499373637758388,2.7707624254266557e-18,0.4500000107681803,0.45000000912189053,49.939519437092876,49.87903887418575,49.82890938475671,49.82739441955042,49.82739441927905,49.825879454344125,49.8258794538014
300.0,0.0,0.45,0.4500000099461689,3.3326531138941484e-18,5.0893802158546086e-17,2.772972105443674e-18,2.7701283341511748e-18,0.4506690181860718,0.4500000107731125,0.4506690181860651,1.662509035310581e-19,0.450669082824954,0.45000000912715277,0.45066908282494705,1.662509035301342e-19,0.45,0.45066901818606886,0.4499373696708664,2.7707624254574525e-18,0.45,0.45066908282495055,0.44993736377588933,2.7707624254266557e-18,0.45000001077462903,0.4500000091266608,49.939519437092876,49.879038874185746,49.82890938475671,49.82739441955042,49.82739441927907,49.82587945434412,49.8258794538014
301.0,0.0,0.45,0.45000000994602574,3.3326531138941484e-18,5.0893802158096435e-17,2.7729721054436745e-18,2.7701283341511748e-18,0.45066901818638966,0.4500000107698142,0.45066901818639066,1.662509035310581e-19,0.450669082825304,0.4500000091235341,0.45066908282530505,1.6625090353013418e-19,0.45,0.45066901818639016,0.4499373696708348,2.770762425457453e-18,0.45,0.4506690828253045,0.44993736377585447,2.7707624254266557e-18,0.450000010769814,0.4500000091235242,49.939519437092876,49.87903887418575,49.82890938475671,49.82739441955042,49.82739441927905,49.825879454344125,49.8258794538014
302.0,0.0,0.45,0.450000009946002,3.332653113894148e-18,5.089380215797855e-17,2.7729721054436745e-18,2.7701283341511748e-18,0.45066901818649446,0.45000001076878615,0.45066901818649413,1.6625090353105807e-19,0.4506690828254133,0.450000009122463,0.4506690828254129,1.662509035301342e-19,0.45,0.4506690181864943,0.4499373696708243,2.770762425457453e-18,0.45,0.45066908282541307,0.44993736377584354,2.7707624254266557e-18,0.45000001077003055,0.450000009121223,49.93951943709287,49.87903887418575,49.82890938475671,49.827394419550416,49.82739441927907,49.825879454344125,49.8258794538014
303.0,0.0,0.45,0.450000009946002,3.3326531138941484e-18,5.089380215797654e-17,2.7729721054436745e-18,2.7701283341511748e-18,0.4506690181864945,0.45000001076878776,0.450669018186494,1.6625090353105807e-19,0.45066908282541723,0.4500000091224249,0.45066908282541673,1.662509035301342e-19,0.45,0.4506690181864943,0.44993736967082426,2.770762425457453e-18,0.45,0.45066908282541696,0.4499373637758432,2.7707624254266557e-18,0.4500000107700128,0.45000000912120525,49.939519437092876,49.87903887418575,49.82890938475671,49.827394419550416,49.82739441927907,49.825879454344125,49.8258794538014
304.0,0.0,0.45,0.4500000099460113,3.3326531138941484e-18,5.089380215802117e-17,2.772972105443674e-18,2.7701283341511748e-18,0.450669018186459,0.4500000107691362,0.450669018186459,1.6625090353105807e-19,0.45066908282537194,0.4500000091228705,0.4506690828253719,1.6625090353013418e-19,0.45,0.450669018186459,0.44993736967082776,2.770762425457453e-18,0.45,0.45066908282537194,0.4499373637758478,2.7707624254266557e-18,0.4500000107695682,0.4500000091224391,49.939519437092876,49.879038874185746,49.82890938475671,49.827394419550416,49.82739441927905,49.825879454344125,49.8258794538014
305.0,0.0,0.45,0.45000000994601574,3.332653113894149e-18,5.0893802158043193e-17,2.772972105443674e-18,2.7701283341511748e-18,0.45066901818645716,0.4500000107691487,0.45066901818645755,1.6625090353105807e-19,0.4506690828253334,0.45000000912325083,0.4506690828253337,1.6625090353013418e-19,0.45,0.4506690181864573,0.44993736967082787,2.770762425457453e-18,0.45,0.4506690828253336,0.4499373637758517,2.7707624254266557e-18,0.4500000107697629,0.4500000091226338,49.93951943709288,49.879038874185746,49.82890938475671,49.827394419550416,49.82739441927905,49.825879454344125,49.8258794538014
306.0,0.0,0.45,0.45000000994601025,3.3326531138941484e-18,5.0893802158016896e-17,2.772972105443674e-18,2.7701283341511748e-18,0.45066901818648036,0.4500000107689213,0.4506690181864804,1.6625090353105807e-19,0.45066908282535784,0.45000000912301036,0.4506690828253579,1.6625090353013418e-19,0.45,0.45066901818648036,0.44993736967082565,2.7707624254574532e-18,0.45,0.45066908282535784,0.4499373637758492,2.7707624254266553e-18,0.4500000107695304,0.4500000091224013,49.939519437092876,49.879038874185746,49.82890938475671,49.827394419550416,49.82739441927905,49.82587945434413,49.82587945380139
307.0,0.0,0.45,0.45000000994601175,3.332653113894148e-18,5.089380215802429e-17,2.772972105443674e-18,2.7701283341511748e-18,0.45066901818644206,0.45000001076930757,0.45066901818644184,1.6625090353105807e-19,0.4506690828253835,0.4500000091227539,0.45066908282538354,1.6625090353013418e-19,0.45,0.450669018186442,0.4499373696708297,2.770762425457453e-18,0.45,0.45066908282538354,0.4499373637758465,2.7707624254266557e-18,0.4500000107695958,0.4500000091224667,49.93951943709287,49.879038874185746,49.82890938475671,49.827394419550416,49.82739441927905,49.825879454344125,49.8258794538014
308.0,0.0,0.45,0.4500000099460121,3.3326531138941484e-18,5.089380215802661e-17,2.7729721054436745e-18,2.7701283341511748e-18,0.45066901818644084,0.4500000107693184,0.45066901818644073,1.662509035310581e-19,0.4506690828253805,0.45000000912278415,0.45066908282538054,1.6625090353013418e-19,0.45,0.4506690181864408,0.44993736967082987,2.770762425457453e-18,0.45,0.45066908282538054,0.4499373637758467,2.7707624254266557e-18,0.4500000107691966,0.45000000912290683,49.939519437092876,49.87903887418575,49.82890938475671,49.82739441955042,49.82739441927905,49.825879454344125,49.8258794538014
309.0,0.0,0.45,0.4500000099460117,3.3326531138941484e-18,5.0893802158025555e-17,2.7729721054436745e-18,2.7701283341511748e-18,0.4506690181864555,0.45000001076916935,0.45066901818645555,1.662509035310581e-19,0.4506690828253675,0.4500000091229151,0.4506690828253675,1.6625090353013418e-19,0.45,0.4506690181864555,0.44993736967082837,2.770762425457453e-18,0.45,0.4506690828253675,0.449937363775848,2.7707624254266557e-18,0.4500000107691873,0.4500000091228975,49.939519437092876,49.87903887418575,49.82890938475671,49.82739441955042,49.82739441927905,49.825879454344125,49.8258794538014
310.0,0.0,0.45,0.4500000099460112,3.3326531138941484e-18,5.089380215802284e-17,2.7729721054436745e-18,2.7701283341511748e-18,0.4506690181864648,0.450000010769076,0.45066901818646493,1.662509035310581e-19,0.4506690828253629,0.4500000091229607,0.4506690828253629,1.6625090353013418e-19,0.45,0.4506690181864648,0.4499373696708275,2.770762425457453e-18,0.45,0.4506690828253629,0.4499373637758483,2.7707624254266557e-18,0.45000001076916324,0.45000000912287347,49.939519437092876,49.87903887418575,49.82890938475671,49.82739441955042,49.82739441927905,49.825879454344125,49.8258794538014
311.0,0.0,0.45,0.4500000099460111,3.3326531138941484e-18,5.0893802158021167e-17,2.772972105443674e-18,2.7701283341511748e-18,0.45066901818645777,0.4500000107691484,0.45066901818645777,1.662509035310581e-19,0.45066908282537305,0.4500000091228585,0.45066908282537305,1.6625090353013418e-19,0.45,0.4506690181864577,0.44993736967082815,2.770762425457453e-18,0.45,0.4506690828253731,0.4499373637758474,2.7707624254266557e-18,0.4500000107691485,0.4500000091228587,49.939519437092876,49.879038874185746,49.82890938475671,49.82739441955042,49.82739441927905,49.825879454344125,49.8258794538014
312.0,0.0,0.45,0.45000000994601086,3.3326531138941484e-18,5.0893802158019885e-17,2.772972105443674e-18,2.7701283341511748e-18,0.45066901818645877,0.4500000107691373,0.4506690181864588,1.6625090353105807e-19,0.4506690828253742,0.450000009122847,0.4506690828253742,1.662509035301342e-19,0.45,0.4506690181864588,0.4499373696708278,2.7707624254574532e-18,0.45,0.45066908282537427,0.44993736377584764,2.7707624254266557e-18,0.45000001077039603,0.4500000091215885,49.939519437092876,49.879038874185746,49.82890938475671,49.827394419550416,49.82739441927907,49.82587945434413,49.8258794538014
313.0,0.0,0.45,0.4500000099460104,3.3326531138941484e-18,5.0893802158017525e-17,2.772972105443674e-18,2.7701283341511748e-18,0.4506690181864609,0.4500000107691164,0.45066901818646093,1.6625090353105807e-19,0.4506690828253763,0.4500000091228261,0.4506690828253763,1.662509035301342e-19,0.45,0.4506690181864609,0.4499373696708276,2.7707624254574532e-18,0.45,0.4506690828253763,0.4499373637758475,2.7707624254266557e-18,0.45000001077037516,0.4500000091215676,49.939519437092876,49.879038874185746,49.82890938475671,49.827394419550416,49.82739441927907,49.82587945434413,49.8258794538014
314.0,0.0,0.45,0.45000000994601014,3.3326531138941484e-18,5.089380215801607e-17,2.772972105443674e-18,2.7701283341511748e-18,0.45066901818646227,0.4500000107691034,0.4506690181864622,1.662509035310581e-19,0.45066908282537765,0.45000000912281324,0.4506690828253776,1.6625090353013418e-19,0.45,0.4506690181864622,0.44993736967082754,2.770762425457453e-18,0.45,0.4506690828253776,0.4499373637758472,2.7707624254266557e-18,0.45000001076910345,0.4500000091228137,49.939519437092876,49.879038874185746,49.82890938475671,49.82739441955042,49.82739441927905,49.825879454344125,49.8258794538014
315.0,0.0,0.45,0.4500000099460104,3.3326531138941484e-18,5.0893802158017494e-17,2.772972105443674e-18,2.7701283341511748e-18,0.45066901818646105,0.4500000107691159,0.45066901818646093,1.662509035310581e-19,0.4506690828253764,0.45000000912282584,0.4506690828253764,1.6625090353013418e-19,0.45,0.450669018186461,0.44993736967082765,2.770762425457453e-18,0.45,0.4506690828253763,0.4499373637758473,2.7707624254266557e-18,0.450000010769116,0.45000000912282623,49.939519437092876,49.879038874185746,49.82890938475671,49.82739441955042,49.82739441927905,49.825879454344125,49.8258794538014
316.0,0.0,0.45,0.4500000099460112,3.3326531138941484e-18,5.0893802158021987e-17,2.7729721054436745e-18,2.7701283341511748e-18,0.4506690181863389,0.45000001077028606,0.45066901818634214,1.6625090353105807e-19,0.4506690828254903,0.4500000091217367,0.4506690828254871,1.6625090353013415e-19,0.45,0.4506690181863405,0.44993736967083986,2.770762425457453e-18,0.45,0.4506690828254887,0.44993736377583593,2.7707624254266557e-18,0.45000001076915574,0.450000009122866,49.939519437092876,49.87903887418575,49.82890938475671,49.827394419550416,49.827394419279045,49.825879454344125,49.8258794538014
317.0,0.0,0.45,0.4500000099460107,3.332653113894148e-18,5.0893802158019435e-17,2.772972105443674e-18,2.7701283341511748e-18,0.45066901818645955,0.4500000107691327,0.4506690181864594,1.662509035310581e-19,0.4506690828253743,0.45000000912284416,0.4506690828253745,1.6625090353013418e-19,0.45,0.4506690181864595,0.4499373696708271,2.770762425457453e-18,0.45,0.4506690828253744,0.44993736377584714,2.7707624254266557e-18,0.4500000107691332,0.45000000912284344,49.93951943709287,49.879038874185746,49.82890938475671,49.82739441955042,49.82739441927905,49.825879454344125,49.8258794538014
318.0,0.0,0.45,0.45000000994600964,3.3326531138941484e-18,5.0893802158013525e-17,2.772972105443674e-18,2.7701283341511748e-18,0.4506690181864644,0.450000010769081,0.45066901818646443,1.6625090353105807e-19,0.4506690828253798,0.4500000091227909,0.4506690828253799,1.662509035301342e-19,0.45,0.4506690181864644,0.4499373696708283,2.7707624254574532e-18,0.45,0.4506690828253799,0.4499373637758473,2.7707624254266557e-18,0.4500000107703398,0.45000000912153226,49.939519437092876,49.879038874185746,49.82890938475671,49.827394419550416,49.82739441927907,49.82587945434413,49.8258794538014
319.0,0.0,0.45,0.45000000994598593,3.3326531138941484e-18,5.089380215796387e-17,2.7729721054436745e-18,2.7701283341511748e-18,0.45066901818647637,0.4500000107687593,0.45066901818648963,1.6625090353105807e-19,0.45066908282541124,0.45000000912236254,0.4506690828254186,1.662509035301342e-19,0.45,0.450669018186483,0.4499373696708261,2.770762425457453e-18,0.45,0.45066908282541485,0.4499373637758438,2.7707624254266557e-18,0.45000001076990076,0.4500000091210932,49.939519437092876,49.87903887418575,49.82890938475671,49.827394419550416,49.82739441927907,49.825879454344125,49.8258794538014
320.0,0.0,0.45,0.4500000099460096,3.3326531138941484e-18,5.089380215801045e-17,2.7729721054436745e-18,2.7701283341511748e-18,0.4506690181864473,0.45000001076925367,0.4506690181864473,1.6625090353105807e-19,0.4506690828254058,0.4500000091225302,0.4506690828254059,1.6625090353013418e-19,0.45,0.45066901818644733,0.44993736967082903,2.770762425457453e-18,0.45,0.45066908282540585,0.4499373637758443,2.7707624254266557e-18,0.4500000107694734,0.4500000091223443,49.939519437092876,49.87903887418575,49.82890938475671,49.827394419550416,49.82739441927905,49.825879454344125,49.8258794538014
321.0,0.0,0.45,0.45000000994601097,3.332653113894148e-18,5.089380215802159e-17,2.772972105443674e-18,2.7701283341511748e-18,0.45066901818638333,0.45000001076990026,0.4506690181863828,1.662509035310581e-19,0.4506690828254462,0.45000000912211635,0.45066908282544693,1.6625090353013418e-19,0.45,0.45066901818638305,0.4499373696708354,2.770762425457453e-18,0.45,0.4506690828254466,0.4499373637758403,2.7707624254266557e-18,0.45000001076915225,0.4500000091228625,49.93951943709287,49.879038874185746,49.82890938475671,49.82739441955042,49.82739441927905,49.825879454344125,49.8258794538014
322.0,0.0,0.45,0.4500000099460108,3.3326531138941484e-18,5.0893802158019614e-17,2.772972105443674e-18,2.7701283341511748e-18,0.4506690181864932,0.4500000107687858,0.4506690181864937,1.6625090353105807e-19,0.45066908282534024,0.45000000912319615,0.45066908282533963,1.662509035301342e-19,0.45,0.4506690181864934,0.44993736967082415,2.7707624254574532e-18,0.45,0.45066908282533996,0.4499373637758512,2.7707624254266557e-18,0.45000001077039364,0.4500000091215861,49.939519437092876,49.879038874185746,49.82890938475671,49.827394419550416,49.82739441927907,49.82587945434413,49.8258794538014
323.0,0.0,0.45,0.45000000994601164,3.3326531138941484e-18,5.089380215802319e-17,2.7729721054436745e-18,2.7701283341511748e-18,0.45066901818649435,0.45000001076877516,0.4506690181864948,1.6625090353105807e-19,0.450669082825332,0.450000009123277,0.4506690828253315,1.662509035301342e-19,0.45,0.4506690181864946,0.4499373696708234,2.7707624254574532e-18,0.45,0.45066908282533175,0.44993736377585275,2.7707624254266557e-18,0.45000001077042523,0.4500000091216177,49.939519437092876,49.87903887418575,49.82890938475671,49.827394419550416,49.82739441927907,49.82587945434413,49.8258794538014
324.0,0.0,0.45,0.45000000994601275,3.3326531138941484e-18,5.089380215802767e-17,2.7729721054436745e-18,2.7701283341511748e-18,0.4506690181864499,0.4500000107692278,0.45066901818644983,1.662509035310581e-19,0.450669082825367,0.450000009122918,0.45066908282536705,1.662509035301342e-19,0.45,0.4506690181864499,0.44993736967082654,2.7707624254574532e-18,0.45,0.45066908282536705,0.4499373637758506,2.7707624254266557e-18,0.4500000107700452,0.450000009122077,49.939519437092876,49.87903887418575,49.82890938475671,49.82739441955042,49.82739441927907,49.82587945434413,49.8258794538014
325.0,0.0,0.45,0.4500000099460133,3.3326531138941484e-18,5.089380215802841e-17,2.7729721054436745e-18,2.770128334151175e-18,0.45066901818642274,0.450000010769503,0.45066901818642247,1.6625090353105812e-19,0.45066908282539053,0.45000000912267846,0.45066908282539087,1.662509035301342e-19,0.45,0.4506690181864226,0.44993736967082715,2.7707624254574532e-18,0.45,0.4506690828253907,0.44993736377585053,2.7707624254266557e-18,0.4500000107696322,0.4500000091225031,49.939519437092876,49.87903887418575,49.82890938475672,49.82739441955043,49.82739441927907,49.82587945434413,49.8258794538014
326.0,0.0,0.45,0.4500000099460121,3.332653113894149e-18,5.0893802158022147e-17,2.7729721054436745e-18,2.770128334151175e-18,0.4506690181864546,0.4500000107691783,0.4506690181864547,1.662509035310581e-19,0.4506690828253704,0.45000000912288723,0.45066908282537027,1.662509035301342e-19,0.45,0.4506690181864546,0.44993736967082437,2.7707624254574532e-18,0.45,0.4506690828253703,0.4499373637758521,2.7707624254266557e-18,0.45000001076999635,0.45000000912202814,49.93951943709288,49.87903887418575,49.82890938475672,49.82739441955042,49.82739441927907,49.82587945434413,49.8258794538014
327.0,0.0,0.45,0.4500000099460103,3.3326531138941484e-18,5.089380215801876e-17,2.772972105443674e-18,2.7701283341511744e-18,0.4506690181864609,0.4500000107691173,0.4506690181864608,1.6625090353105807e-19,0.45066908282537615,0.4500000091228275,0.4506690828253762,1.6625090353013415e-19,0.45,0.4506690181864608,0.44993736967082953,2.770762425457453e-18,0.45,0.45066908282537615,0.44993736377584526,2.7707624254266553e-18,0.4500000107691272,0.45000000912283744,49.939519437092876,49.879038874185746,49.828909384756706,49.827394419550416,49.827394419279045,49.825879454344125,49.82587945380139
328.0,0.0,0.45,0.4500000099460102,3.3326531138941484e-18,5.089380215801858e-17,2.772972105443674e-18,2.7701283341511744e-18,0.45066901818646116,0.4500000107691144,0.4506690181864611,1.6625090353105807e-19,0.4506690828253764,0.45000000912282473,0.4506690828253765,1.6625090353013418e-19,0.45,0.4506690181864611,0.4499373696708298,2.770762425457453e-18,0.45,0.45066908282537643,0.4499373637758449,2.7707624254266553e-18,0.45000001076954527,0.45000000912241617,49.939519437092876,49.879038874185746,49.828909384756706,49.827394419550416,49.82739441927905,49.825879454344125,49.82587945380139
329.0,0.0,0.45,0.45000000994601086,3.3326531138941484e-18,5.0893802158019786e-17,2.772972105443674e-18,2.7701283341511748e-18,0.4506690181864589,0.45000001076913665,0.4506690181864589,1.662509035310581e-19,0.4506690828253743,0.45000000912284643,0.4506690828253743,1.662509035301342e-19,0.45,0.4506690181864589,0.44993736967082804,2.770762425457453e-18,0.45,0.45066908282537427,0.4499373637758474,2.7707624254266557e-18,0.45000001076997553,0.4500000091220073,49.939519437092876,49.879038874185746,49.82890938475671,49.82739441955042,49.82739441927907,49.825879454344125,49.8258794538014
330.0,0.0,0.45,0.45000000994601136,3.3326531138941484e-18,5.089380215802056e-17,2.7729721054436745e-18,2.770128334151175e-18,0.45066901818645744,0.4500000107691509,0.45066901818645744,1.6625090353105812e-19,0.45066908282537294,0.4500000091228604,0.45066908282537294,1.662509035301342e-19,0.45,0.45066901818645744,0.4499373696708269,2.7707624254574532e-18,0.45,0.45066908282537294,0.4499373637758489,2.7707624254266557e-18,0.4500000107695628,0.4500000091224337,49.939519437092876,49.87903887418575,49.82890938475672,49.82739441955043,49.82739441927907,49.82587945434413,49.8258794538014
331.0,0.0,0.45,0.4500000099460109,3.3326531138941484e-18,5.089380215801978e-17,2.7729721054436745e-18,2.7701283341511748e-18,0.45066901818645894,0.4500000107691364,0.4506690181864589,1.662509035310581e-19,0.4506690828253743,0.45000000912284627,0.4506690828253743,1.6625090353013418e-19,0.45,0.45066901818645894,0.4499373696708281,2.7707624254574532e-18,0.45,0.4506690828253743,0.4499373637758473,2.7707624254266557e-18,0.45000001076913626,0.4500000091228465,49.939519437092876,49.87903887418575,49.82890938475671,49.82739441955042,49.82739441927905,49.82587945434413,49.8258794538014
332.0,0.0,0.45,0.4500000099460108,3.332653113894148e-18,5.0893802158019823e-17,2.772972105443674e-18,2.7701283341511748e-18,0.4506690181864589,0.4500000107691365,0.4506690181864589,1.6625090353105807e-19,0.4506690828253743,0.4500000091228463,0.4506690828253743,1.662509035301342e-19,0.45,0.4506690181864589,0.44993736967082776,2.770762425457453e-18,0.45,0.45066908282537427,0.4499373637758476,2.7707624254266557e-18,0.4500000107703955,0.45000000912158794,49.93951943709287,49.879038874185746,49.82890938475671,49.827394419550416,49.82739441927907,49.825879454344125,49.8258794538014
333.0,0.0,0.45,0.4500000099460108,3.3326531138941484e-18,5.0893802158019823e-17,2.772972105443674e-18,2.7701283341511748e-18,0.4506690181864589,0.4500000107691364,0.4506690181864589,1.6625090353105807e-19,0.4506690828253743,0.4500000091228463,0.4506690828253743,1.662509035301342e-19,0.45,0.4506690181864589,0.44993736967082776,2.770762425457453e-18,0.45,0.4506690828253743,0.4499373637758476,2.7707624254266557e-18,0.4500000107703955,0.45000000912158794,49.939519437092876,49.879038874185746,49.82890938475671,49.827394419550416,49.82739441927907,49.825879454344125,49.8258794538014
334.0,0.0,0.45,0.45000000994601086,3.3326531138941484e-18,5.0893802158019805e-17,2.772972105443674e-18,2.7701283341511748e-18,0.45066901818645894,0.4500000107691364,0.4506690181864589,1.6625090353105807e-19,0.4506690828253743,0.4500000091228462,0.4506690828253743,1.6625090353013418e-19,0.45,0.45066901818645894,0.44993736967082787,2.770762425457453e-18,0.45,0.4506690828253743,0.4499373637758475,2.7707624254266557e-18,0.4500000107695561,0.450000009122427,49.939519437092876,49.879038874185746,49.82890938475671,49.827394419550416,49.82739441927905,49.825879454344125,49.8258794538014
335.0,0.0,0.45,0.4500000099460109,3.3326531138941484e-18,5.0893802158019786e-17,2.772972105443674e-18,2.7701283341511748e-18,0.45066901818645894,0.4500000107691363,0.4506690181864589,1.662509035310581e-19,0.4506690828253743,0.45000000912284616,0.4506690828253743,1.6625090353013418e-19,0.45,0.45066901818645894,0.4499373696708279,2.7707624254574532e-18,0.45,0.4506690828253744,0.44993736377584737,2.7707624254266557e-18,0.4500000107691363,0.45000000912284654,49.939519437092876,49.879038874185746,49.82890938475671,49.82739441955042,49.82739441927905,49.82587945434413,49.8258794538014
336.0,0.0,0.45,0.4500000099460119,3.3326531138941484e-18,5.089380215802375e-17,2.7729721054436745e-18,2.7701283341511748e-18,0.450669018186451,0.450000010769187,0.4506690181864529,1.662509035310581e-19,0.45066908282537593,0.450000009122864,0.45066908282537366,1.6625090353013418e-19,0.45,0.45066901818645194,0.4499373696708287,2.770762425457453e-18,0.45,0.4506690828253748,0.4499373637758473,2.7707624254266557e-18,0.45000001076917134,0.4500000091228816,49.939519437092876,49.87903887418575,49.82890938475671,49.82739441955042,49.82739441927905,49.825879454344125,49.8258794538014
337.0,0.0,0.45,0.45000000994601,3.3326531138941484e-18,5.089380215801643e-17,2.772972105443674e-18,2.7701283341511748e-18,0.4506690181864534,0.4500000107691883,0.4506690181864536,1.662509035310581e-19,0.4506690828253856,0.4500000091227359,0.4506690828253854,1.662509035301342e-19,0.45,0.4506690181864535,0.4499373696708284,2.770762425457453e-18,0.45,0.45066908282538554,0.44993736377584637,2.7707624254266557e-18,0.45000001076994584,0.45000000912197763,49.939519437092876,49.879038874185746,49.82890938475671,49.82739441955042,49.82739441927907,49.825879454344125,49.8258794538014
338.0,0.0,0.45,0.4500000099460104,3.3326531138941484e-18,5.089380215801803e-17,2.7729721054436745e-18,2.7701283341511748e-18,0.45066901818651145,0.4500000107686066,0.4506690181865117,1.662509035310581e-19,0.4506690828253248,0.45000000912334553,0.45066908282532453,1.662509035301342e-19,0.45,0.4506690181865116,0.44993736967082293,2.7707624254574532e-18,0.45,0.4506690828253247,0.44993736377585225,2.7707624254266557e-18,0.45000001076996,0.4500000091219918,49.939519437092876,49.87903887418575,49.82890938475671,49.82739441955042,49.82739441927907,49.82587945434413,49.8258794538014
339.0,0.0,0.45,0.45000000994601186,3.3326531138941484e-18,5.089380215802487e-17,2.7729721054436745e-18,2.7701283341511748e-18,0.4506690181864602,0.45000001076912866,0.4506690181864599,1.662509035310581e-19,0.45066908282536355,0.45000000912294846,0.4506690828253639,1.662509035301342e-19,0.45,0.4506690181864601,0.4499373696708294,2.770762425457453e-18,0.45,0.4506690828253638,0.44993736377584737,2.7707624254266557e-18,0.45000001077002044,0.45000000912205224,49.939519437092876,49.87903887418575,49.82890938475671,49.82739441955042,49.82739441927907,49.825879454344125,49.8258794538014
340.0,0.0,0.45,0.450000009946011,3.3326531138941484e-18,5.089380215802074e-17,2.772972105443674e-18,2.7701283341511748e-18,0.45066901818645755,0.4500000107691499,0.4506690181864576,1.6625090353105807e-19,0.450669082825374,0.4500000091228494,0.450669082825374,1.6625090353013418e-19,0.45,0.4506690181864576,0.4499373696708279,2.770762425457453e-18,0.45,0.45066908282537405,0.4499373637758476,2.7707624254266557e-18,0.4500000107695644,0.4500000091224353,49.939519437092876,49.879038874185746,49.82890938475671,49.827394419550416,49.82739441927905,49.825879454344125,49.8258794538014
341.0,0.0,0.45,0.4500000099460107,3.3326531138941484e-18,5.089380215801961e-17,2.772972105443674e-18,2.7701283341511748e-18,0.4506690181864437,0.4500000107692883,0.4506690181864437,1.6625090353105807e-19,0.45066908282539003,0.4500000091226889,0.45066908282539003,1.6625090353013418e-19,0.45,0.4506690181864438,0.44993736967082865,2.7707624254574532e-18,0.45,0.4506690828253901,0.4499373637758465,2.7707624254266553e-18,0.45000001076955437,0.45000000912242527,49.939519437092876,49.879038874185746,49.82890938475671,49.827394419550416,49.82739441927905,49.82587945434413,49.82587945380139
342.0,0.0,0.45,0.4500000099460108,3.3326531138941484e-18,5.089380215802051e-17,2.7729721054436745e-18,2.7701283341511748e-18,0.450669018186423,0.45000001076949553,0.450669018186423,1.662509035310581e-19,0.4506690828254091,0.4500000091224987,0.4506690828254091,1.6625090353013418e-19,0.45,0.4506690181864231,0.4499373696708312,2.770762425457453e-18,0.45,0.4506690828254091,0.4499373637758442,2.7707624254266553e-18,0.45000001076914264,0.4500000091228529,49.939519437092876,49.87903887418575,49.82890938475671,49.82739441955042,49.82739441927905,49.825879454344125,49.82587945380139
343.0,0.0,0.45,0.45000000994601097,3.3326531138941484e-18,5.089380215802169e-17,2.7729721054436745e-18,2.7701283341511748e-18,0.45066901818640837,0.4500000107696426,0.45066901818640837,1.662509035310581e-19,0.4506690828254215,0.45000000912237414,0.4506690828254215,1.662509035301342e-19,0.45,0.45066901818640837,0.4499373696708333,2.770762425457453e-18,0.45,0.4506690828254215,0.4499373637758425,2.7707624254266553e-18,0.45000001076999235,0.45000000912202415,49.939519437092876,49.87903887418575,49.82890938475671,49.82739441955042,49.82739441927907,49.825879454344125,49.82587945380139
344.0,0.0,0.45,0.4500000099460109,3.3326531138941484e-18,5.089380215802139e-17,2.7729721054436745e-18,2.7701283341511748e-18,0.4506690181864125,0.4500000107696004,0.45066901818641253,1.662509035310581e-19,0.4506690828254179,0.4500000091224105,0.4506690828254179,1.6625090353013418e-19,0.45,0.45066901818641253,0.44993736967083275,2.770762425457453e-18,0.45,0.4506690828254179,0.449937363775843,2.7707624254266557e-18,0.45000001076915047,0.4500000091228607,49.939519437092876,49.87903887418575,49.82890938475671,49.82739441955042,49.82739441927905,49.825879454344125,49.8258794538014
345.0,0.0,0.45,0.450000009946011,3.332653113894148e-18,5.08938021580205e-17,2.772972105443674e-18,2.7701283341511748e-18,0.45066901818645877,0.4500000107691378,0.45066901818645877,1.6625090353105807e-19,0.45066908282537327,0.45000000912285737,0.4506690828253732,1.662509035301342e-19,0.45,0.45066901818645877,0.44993736967082787,2.7707624254574532e-18,0.45,0.4506690828253732,0.44993736377584753,2.7707624254266557e-18,0.45000001077040147,0.45000000912159394,49.93951943709287,49.879038874185746,49.82890938475671,49.827394419550416,49.82739441927907,49.82587945434413,49.8258794538014
346.0,0.0,0.45,0.45000000994601114,3.3326531138941484e-18,5.089380215802157e-17,2.772972105443674e-18,2.7701283341511748e-18,0.4506690181864094,0.4500000107696322,0.45066901818640936,1.662509035310581e-19,0.45066908282542073,0.45000000912238164,0.4506690828254208,1.6625090353013418e-19,0.45,0.4506690181864094,0.4499373696708329,2.770762425457453e-18,0.45,0.45066908282542073,0.44993736377584276,2.7707624254266557e-18,0.450000010769152,0.45000000912286225,49.939519437092876,49.879038874185746,49.82890938475671,49.82739441955042,49.82739441927905,49.825879454344125,49.8258794538014
347.0,0.0,0.45,0.4500000099460113,3.3326531138941484e-18,5.089380215802326e-17,2.7729721054436745e-18,2.7701283341511748e-18,0.45066901818647725,0.45000001076895,0.4506690181864775,1.662509035310581e-19,0.4506690828253499,0.45000000912309357,0.4506690828253497,1.6625090353013418e-19,0.45,0.45066901818647737,0.44993736967082604,2.770762425457453e-18,0.45,0.4506690828253498,0.4499373637758499,2.7707624254266557e-18,0.450000010769167,0.45000000912287724,49.939519437092876,49.87903887418575,49.82890938475671,49.82739441955042,49.82739441927905,49.825879454344125,49.8258794538014
348.0,0.0,0.45,0.45000000994601047,3.332653113894149e-18,5.089380215801901e-17,2.7729721054436745e-18,2.7701283341511748e-18,0.45066901818651617,0.45000001076856455,0.4506690181865161,1.662509035310581e-19,0.4506690828253182,0.45000000912340693,0.4506690828253182,1.662509035301342e-19,0.45,0.45066901818651617,0.4499373696708219,2.770762425457453e-18,0.45,0.45066908282531815,0.44993736377585347,2.7707624254266553e-18,0.45000001076996865,0.45000000912200044,49.93951943709288,49.87903887418575,49.82890938475671,49.82739441955042,49.82739441927907,49.825879454344125,49.82587945380139
349.0,0.0,0.45,0.45000000994601014,3.3326531138941492e-18,5.0893802158018135e-17,2.7729721054436745e-18,2.7701283341511748e-18,0.45066901818651794,0.45000001076854756,0.45066901818651783,1.662509035310581e-19,0.4506690828253171,0.45000000912341703,0.4506690828253172,1.662509035301342e-19,0.45,0.4506690181865179,0.44993736967082115,2.7707624254574532e-18,0.45,0.45066908282531715,0.44993736377585414,2.7707624254266557e-18,0.4500000107699609,0.4500000091219927,49.93951943709289,49.87903887418575,49.82890938475671,49.82739441955042,49.82739441927907,49.82587945434413,49.8258794538014
350.0,0.0,0.45,0.4500000099460102,3.3326531138941492e-18,5.089380215801959e-17,2.772972105443675e-18,2.770128334151175e-18,0.4506690181864972,0.4500000107687546,0.45066901818649713,1.662509035310581e-19,0.450669082825334,0.4500000091232491,0.450669082825334,1.662509035301342e-19,0.45,0.45066901818649713,0.4499373696708223,2.7707624254574532e-18,0.45,0.450669082825334,0.4499373637758534,2.770762425426656e-18,0.45000001076997376,0.45000000912200555,49.93951943709289,49.87903887418576,49.82890938475672,49.82739441955042,49.82739441927907,49.82587945434413,49.825879453801406
351.0,0.0,0.45,0.4500000099460105,3.3326531138941496e-18,5.089380215802231e-17,2.772972105443675e-18,2.770128334151175e-18,0.4506690181864685,0.4500000107690414,0.45066901818646843,1.662509035310581e-19,0.45066908282535617,0.4500000091230284,0.4506690828253561,1.662509035301342e-19,0.45,0.45066901818646843,0.4499373696708237,2.7707624254574532e-18,0.45,0.45066908282535617,0.44993736377585286,2.770762425426656e-18,0.4500000107699978,0.4500000091220296,49.93951943709289,49.87903887418576,49.82890938475672,49.82739441955042,49.82739441927907,49.82587945434413,49.825879453801406
352.0,0.0,0.45,0.45000000994601097,3.332653113894149e-18,5.089380215802251e-17,2.7729721054436745e-18,2.7701283341511748e-18,0.4506690181864557,0.45000001076916885,0.45066901818645566,1.662509035310581e-19,0.45066908282537005,0.4500000091228884,0.4506690828253701,1.662509035301342e-19,0.45,0.45066901818645566,0.449937369670826,2.7707624254574532e-18,0.45,0.4506690828253701,0.4499373637758503,2.7707624254266557e-18,0.45000001076999957,0.45000000912203136,49.93951943709288,49.87903887418575,49.82890938475671,49.82739441955042,49.82739441927907,49.82587945434413,49.8258794538014
353.0,0.0,0.45,0.45000000994601114,3.332653113894148e-18,5.089380215801987e-17,2.7729721054436737e-18,2.7701283341511748e-18,0.4506690181864581,0.45000001076914414,0.4506690181864581,1.6625090353105807e-19,0.4506690828253767,0.45000000912282206,0.45066908282537677,1.6625090353013415e-19,0.45,0.45066901818645816,0.4499373696708293,2.770762425457453e-18,0.45,0.4506690828253767,0.4499373637758457,2.7707624254266553e-18,0.45000001076913704,0.45000000912284727,49.93951943709287,49.879038874185746,49.82890938475671,49.827394419550416,49.827394419279045,49.825879454344125,49.82587945380139
354.0,0.0,0.45,0.45000000994601114,3.332653113894148e-18,5.089380215801989e-17,2.7729721054436737e-18,2.7701283341511748e-18,0.450669018186456,0.4500000107691651,0.450669018186456,1.6625090353105807e-19,0.4506690828253787,0.4500000091228023,0.4506690828253787,1.6625090353013415e-19,0.45,0.45066901818645605,0.4499373696708294,2.770762425457453e-18,0.45,0.4506690828253787,0.4499373637758456,2.7707624254266553e-18,0.4500000107691372,0.45000000912284743,49.93951943709287,49.879038874185746,49.82890938475671,49.827394419550416,49.827394419279045,49.825879454344125,49.82587945380139
355.0,0.0,0.45,0.450000009946011,3.3326531138941484e-18,5.0893802158021025e-17,2.772972105443674e-18,2.7701283341511748e-18,0.4506690181864588,0.4500000107691374,0.4506690181864588,1.662509035310581e-19,0.4506690828253721,0.45000000912286897,0.4506690828253721,1.6625090353013418e-19,0.45,0.4506690181864588,0.4499373696708276,2.770762425457453e-18,0.45,0.4506690828253721,0.44993736377584803,2.7707624254266557e-18,0.45000001076914725,0.4500000091228575,49.939519437092876,49.879038874185746,49.82890938475671,49.82739441955042,49.82739441927905,49.825879454344125,49.8258794538014
356.0,0.0,0.45,0.4500000099460109,3.332653113894149e-18,5.089380215802173e-17,2.7729721054436745e-18,2.7701283341511748e-18,0.45066901818647587,0.4500000107689668,0.45066901818647587,1.662509035310581e-19,0.4506690828253529,0.4500000091230617,0.45066908282535284,1.662509035301342e-19,0.45,0.45066901818647587,0.44993736967082504,2.7707624254574532e-18,0.45,0.4506690828253529,0.44993736377585086,2.7707624254266557e-18,0.4500000107699927,0.4500000091220245,49.93951943709288,49.87903887418575,49.82890938475671,49.82739441955042,49.82739441927907,49.82587945434413,49.8258794538014
357.0,0.0,0.45,0.450000009946011,3.3326531138941484e-18,5.0893802158021266e-17,2.7729721054436745e-18,2.7701283341511748e-18,0.45066901818647737,0.45000001076895246,0.4506690181864773,1.662509035310581e-19,0.4506690828253534,0.45000000912305604,0.45066908282535334,1.662509035301342e-19,0.45,0.4506690181864773,0.44993736967082587,2.770762425457453e-18,0.45,0.4506690828253534,0.4499373637758497,2.7707624254266557e-18,0.4500000107699886,0.4500000091220204,49.939519437092876,49.87903887418575,49.82890938475671,49.82739441955042,49.82739441927907,49.825879454344125,49.8258794538014
358.0,0.0,0.45,0.4500000099460109,3.3326531138941484e-18,5.089380215801985e-17,2.772972105443674e-18,2.7701283341511748e-18,0.450669018186446,0.450000010769267,0.4506690181864459,1.6625090353105807e-19,0.45066908282538715,0.45000000912271654,0.4506690828253872,1.662509035301342e-19,0.45,0.45066901818644595,0.4499373696708292,2.7707624254574532e-18,0.45,0.4506690828253872,0.44993736377584614,2.7707624254266557e-18,0.4500000107703957,0.45000000912158816,49.939519437092876,49.879038874185746,49.82890938475671,49.827394419550416,49.82739441927907,49.82587945434413,49.8258794538014
359.0,0.0,0.45,0.45000000994601047,3.3326531138941484e-18,5.089380215801748e-17,2.772972105443674e-18,2.7701283341511748e-18,0.45066901818644867,0.45000001076923934,0.4506690181864486,1.6625090353105807e-19,0.4506690828253886,0.4500000091227023,0.45066908282538864,1.6625090353013418e-19,0.45,0.45066901818644867,0.4499373696708289,2.7707624254574532e-18,0.45,0.45066908282538864,0.449937363775846,2.7707624254266557e-18,0.45000001076953555,0.45000000912240645,49.939519437092876,49.879038874185746,49.82890938475671,49.827394419550416,49.82739441927905,49.82587945434413,49.8258794538014
360.0,0.0,0.45,0.4500000099460101,3.3326531138941484e-18,5.0893802158016045e-17,2.772972105443674e-18,2.7701283341511748e-18,0.45066901818646377,0.450000010769087,0.4506690181864638,1.662509035310581e-19,0.45066908282537604,0.4500000091228292,0.45066908282537604,1.6625090353013418e-19,0.45,0.4506690181864638,0.44993736967082737,2.770762425457453e-18,0.45,0.45066908282537604,0.4499373637758473,2.7707624254266557e-18,0.45000001076910323,0.45000000912281346,49.939519437092876,49.879038874185746,49.82890938475671,49.82739441955042,49.82739441927905,49.825879454344125,49.8258794538014
361.0,0.0,0.45,0.4500000099460103,3.3326531138941484e-18,5.089380215801742e-17,2.7729721054436745e-18,2.7701283341511748e-18,0.4506690181864697,0.45000001076902746,0.45066901818646976,1.662509035310581e-19,0.4506690828253677,0.45000000912291305,0.45066908282536766,1.6625090353013418e-19,0.45,0.45066901818646976,0.44993736967082676,2.770762425457453e-18,0.45,0.45066908282536766,0.44993736377584814,2.7707624254266557e-18,0.4500000107691154,0.4500000091228256,49.939519437092876,49.87903887418575,49.82890938475671,49.82739441955042,49.82739441927905,49.825879454344125,49.8258794538014
362.0,0.0,0.45,0.4500000099460112,3.3326531138941484e-18,5.0893802158022054e-17,2.7729721054436745e-18,2.7701283341511748e-18,0.45066901818643396,0.45000001076939256,0.4506690181864336,1.662509035310581e-19,0.45066908282539525,0.45000000912263066,0.45066908282539553,1.662509035301342e-19,0.45,0.45066901818643385,0.44993736967083037,2.770762425457453e-18,0.45,0.45066908282539536,0.4499373637758454,2.7707624254266557e-18,0.4500000107699956,0.45000000912202737,49.939519437092876,49.87903887418575,49.82890938475671,49.82739441955042,49.82739441927907,49.825879454344125,49.8258794538014
363.0,0.0,0.45,0.4500000099460112,3.332653113894148e-18,5.089380215802203e-17,2.772972105443674e-18,2.7701283341511748e-18,0.4506690181864385,0.45000001076934765,0.45066901818643806,1.662509035310581e-19,0.4506690828253907,0.4500000091226751,0.45066908282539114,1.662509035301342e-19,0.45,0.4506690181864383,0.4499373696708299,2.770762425457453e-18,0.45,0.450669082825391,0.44993736377584587,2.7707624254266557e-18,0.45000001076999535,0.45000000912202714,49.93951943709287,49.879038874185746,49.82890938475671,49.82739441955042,49.82739441927907,49.825879454344125,49.8258794538014
364.0,0.0,0.45,0.4500000099460112,3.332653113894148e-18,5.0893802158022024e-17,2.772972105443674e-18,2.7701283341511748e-18,0.45066901818645516,0.45000001076917273,0.4506690181864553,1.662509035310581e-19,0.4506690828253741,0.45000000912284965,0.450669082825374,1.6625090353013418e-19,0.45,0.4506690181864552,0.44993736967082826,2.770762425457453e-18,0.45,0.45066908282537405,0.4499373637758475,2.7707624254266557e-18,0.4500000107691561,0.4500000091228663,49.93951943709287,49.879038874185746,49.82890938475671,49.82739441955042,49.82739441927905,49.825879454344125,49.8258794538014
365.0,0.0,0.45,0.4500000099460112,3.332653113894148e-18,5.089380215802202e-17,2.772972105443674e-18,2.7701283341511748e-18,0.4506690181864723,0.45000001076900015,0.4506690181864725,1.662509035310581e-19,0.45066908282535695,0.450000009123022,0.4506690828253568,1.662509035301342e-19,0.45,0.4506690181864725,0.4499373696708265,2.7707624254574532e-18,0.45,0.4506690828253569,0.44993736377584925,2.7707624254266557e-18,0.45000001076999524,0.45000000912202703,49.93951943709287,49.879038874185746,49.82890938475671,49.82739441955042,49.82739441927907,49.82587945434413,49.8258794538014
366.0,0.0,0.45,0.4500000099460112,3.332653113894148e-18,5.0893802158022024e-17,2.772972105443674e-18,2.7701283341511748e-18,0.4506690181864642,0.4500000107690827,0.45066901818646427,1.662509035310581e-19,0.45066908282536505,0.4500000091229396,0.450669082825365,1.662509035301342e-19,0.45,0.45066901818646427,0.44993736967082726,2.770762425457453e-18,0.45,0.450669082825365,0.4499373637758485,2.7707624254266557e-18,0.4500000107699953,0.4500000091220271,49.93951943709287,49.879038874185746,49.82890938475671,49.82739441955042,49.82739441927907,49.825879454344125,49.8258794538014
367.0,0.0,0.45,0.4500000099460112,3.332653113894148e-18,5.0893802158022024e-17,2.7729721054436745e-18,2.7701283341511748e-18,0.4506690181864507,0.45000001076921964,0.4506690181864506,1.662509035310581e-19,0.45066908282537854,0.4500000091228028,0.45066908282537865,1.6625090353013418e-19,0.45,0.45066901818645067,0.44993736967082854,2.770762425457453e-18,0.45,0.4506690828253786,0.4499373637758472,2.7707624254266557e-18,0.4500000107691561,0.4500000091228663,49.93951943709287,49.87903887418575,49.82890938475671,49.82739441955042,49.82739441927905,49.825879454344125,49.8258794538014
368.0,0.0,0.45,0.4500000099460112,3.3326531138941484e-18,5.0893802158022024e-17,2.7729721054436745e-18,2.7701283341511748e-18,0.45066901818645155,0.4500000107692102,0.45066901818645155,1.662509035310581e-19,0.4506690828253777,0.45000000912281224,0.4506690828253777,1.6625090353013418e-19,0.45,0.45066901818645155,0.44993736967082837,2.770762425457453e-18,0.45,0.4506690828253777,0.44993736377584737,2.7707624254266557e-18,0.4500000107691561,0.4500000091228663,49.939519437092876,49.87903887418575,49.82890938475671,49.82739441955042,49.82739441927905,49.825879454344125,49.8258794538014
369.0,0.0,0.45,0.4500000099460112,3.332653113894148e-18,5.089380215802202e-17,2.772972105443674e-18,2.7701283341511748e-18,0.45066901818645694,0.45000001076915624,0.45066901818645694,1.6625090353105807e-19,0.4506690828253723,0.4500000091228661,0.4506690828253723,1.662509035301342e-19,0.45,0.45066901818645694,0.4499373696708281,2.770762425457453e-18,0.45,0.4506690828253723,0.44993736377584775,2.7707624254266557e-18,0.4500000107704149,0.45000000912160737,49.93951943709287,49.879038874185746,49.82890938475671,49.827394419550416,49.82739441927907,49.825879454344125,49.8258794538014
370.0,0.0,0.45,0.4500000099460112,3.332653113894148e-18,5.089380215802202e-17,2.772972105443674e-18,2.7701283341511748e-18,0.450669018186457,0.45000001076915613,0.45066901818645694,1.6625090353105807e-19,0.4506690828253723,0.4500000091228662,0.4506690828253723,1.662509035301342e-19,0.45,0.450669018186457,0.44993736967082815,2.7707624254574532e-18,0.45,0.4506690828253723,0.44993736377584764,2.7707624254266557e-18,0.4500000107704149,0.45000000912160737,49.93951943709287,49.879038874185746,49.82890938475671,49.827394419550416,49.82739441927907,49.82587945434413,49.8258794538014
371.0,0.0,0.45,0.4500000099460112,3.3326531138941484e-18,5.0893802158022024e-17,2.772972105443674e-18,2.7701283341511748e-18,0.45066901818645694,0.45000001076915624,0.4506690181864569,1.6625090353105807e-19,0.4506690828253723,0.4500000091228662,0.4506690828253723,1.6625090353013418e-19,0.45,0.45066901818645694,0.4499373696708281,2.770762425457453e-18,0.45,0.4506690828253723,0.4499373637758476,2.7707624254266557e-18,0.45000001076957574,0.45000000912244664,49.939519437092876,49.879038874185746,49.82890938475671,49.827394419550416,49.82739441927905,49.825879454344125,49.8258794538014
372.0,0.0,0.45,0.4500000099460112,3.3326531138941484e-18,5.089380215802203e-17,2.772972105443674e-18,2.7701283341511748e-18,0.4506690181864569,0.45000001076915636,0.4506690181864569,1.6625090353105807e-19,0.4506690828253723,0.4500000091228661,0.4506690828253723,1.6625090353013418e-19,0.45,0.4506690181864569,0.44993736967082804,2.770762425457453e-18,0.45,0.4506690828253723,0.44993736377584764,2.7707624254266557e-18,0.4500000107695758,0.4500000091224467,49.939519437092876,49.879038874185746,49.82890938475671,49.827394419550416,49.82739441927905,49.825879454344125,49.8258794538014
373.0,0.0,0.45,0.4500000099460112,3.3326531138941484e-18,5.0893802158022024e-17,2.772972105443674e-18,2.7701283341511748e-18,0.45066901818645694,0.45000001076915636,0.45066901818645694,1.662509035310581e-19,0.4506690828253724,0.4500000091228661,0.4506690828253723,1.6625090353013418e-19,0.45,0.45066901818645694,0.44993736967082804,2.770762425457453e-18,0.45,0.4506690828253724,0.44993736377584764,2.7707624254266557e-18,0.4500000107691561,0.4500000091228663,49.939519437092876,49.879038874185746,49.82890938475671,49.82739441955042,49.82739441927905,49.825879454344125,49.8258794538014
374.0,0.0,0.45,0.4500000099459041,3.332653113894152e-18,5.0893802157207864e-17,2.7729721054436803e-18,2.770128334151178e-18,0.45066901818717114,0.45000001076207363,0.45066901818716765,1.6625090353105829e-19,0.45066908282615364,0.45000000911513477,0.45066908282614865,1.6625090353013435e-19,0.45,0.4506690181871695,0.4499373696707564,2.770762425457456e-18,0.45,0.45066908282615126,0.44993736377576937,2.7707624254266588e-18,0.45000001076195734,0.45000000911566757,49.939519437092926,49.87903887418586,49.82890938475677,49.82739441955048,49.8273944192791,49.825879454344175,49.82587945380145
375.0,0.0,0.45,0.4500000099460534,3.332653113894147e-18,5.089380215832413e-17,2.7729721054436722e-18,2.7701283341511732e-18,0.45066901818620264,0.45000001077170615,0.45066901818620203,1.6625090353105802e-19,0.45066908282507906,0.4500000091258012,0.45066908282507867,1.6625090353013413e-19,0.45,0.4506690181862023,0.4499373696708551,2.7707624254574517e-18,0.45,0.4506690828250788,0.44993736377587557,2.770762425426654e-18,0.45000001077224694,0.45000000912511784,49.939519437092855,49.87903887418572,49.828909384756685,49.8273944195504,49.82739441927904,49.825879454344104,49.82587945380137
376.0,0.0,0.45,0.45000000994605266,3.332653113894147e-18,5.089380215833066e-17,2.772972105443672e-18,2.7701283341511732e-18,0.45066901818621713,0.4500000107715417,0.45066901818621785,1.6625090353105802e-19,0.45066908282504786,0.4500000091260915,0.45066908282504897,1.6625090353013413e-19,0.45,0.45066901818621746,0.44993736967086023,2.7707624254574517e-18,0.45,0.45066908282504836,0.4499373637758722,2.7707624254266545e-18,0.45000001077230467,0.45000000912517557,49.939519437092855,49.87903887418571,49.828909384756685,49.8273944195504,49.82739441927904,49.825879454344104,49.82587945380138
377.0,0.0,0.45,0.4500000099459983,3.332653113894149e-18,5.0893802157933536e-17,2.772972105443675e-18,2.770128334151175e-18,0.45066901818657545,0.450000010767963,0.45066901818657606,1.6625090353105812e-19,0.45066908282541285,0.45000000912245414,0.4506690828254134,1.6625090353013423e-19,0.45,0.4506690181865758,0.4499373696708396,2.7707624254574532e-18,0.45,0.4506690828254131,0.4499373637758203,2.770762425426656e-18,0.45000001076921287,0.45000000912124466,49.93951943709288,49.87903887418576,49.82890938475672,49.82739441955043,49.827394419279074,49.82587945434413,49.825879453801406
378.0,0.0,0.45,0.4500000099459868,3.3326531138941492e-18,5.0893802157838835e-17,2.7729721054436757e-18,2.7701283341511755e-18,0.4506690181866384,0.4500000107673526,0.4506690181866378,1.6625090353105812e-19,0.45066908282552653,0.45000000912133736,0.45066908282552576,1.6625090353013423e-19,0.45,0.4506690181866381,0.449937369670861,2.7707624254574536e-18,0.45,0.45066908282552615,0.44993736377578114,2.7707624254266565e-18,0.45000001076837554,0.45000000912040733,49.93951943709289,49.879038874185774,49.82890938475673,49.82739441955043,49.827394419279074,49.82587945434414,49.82587945380141
379.0,0.0,0.45,0.4500000099460112,3.332653113894148e-18,5.0893802158020544e-17,2.772972105443674e-18,2.7701283341511748e-18,0.4506690181864586,0.4500000107691421,0.45066901818645844,1.662509035310581e-19,0.450669082825374,0.4500000091228521,0.4506690828253739,1.6625090353013418e-19,0.45,0.45066901818645855,0.4499373696708355,2.770762425457453e-18,0.45,0.4506690828253739,0.44993736377584,2.7707624254266557e-18,0.450000010769143,0.4500000091228532,49.93951943709287,49.879038874185746,49.82890938475671,49.82739441955042,49.82739441927905,49.825879454344125,49.8258794538014
380.0,0.0,0.45,0.45000000994601125,3.3326531138941484e-18,5.089380215802612e-17,2.772972105443674e-18,2.7701283341511748e-18,0.4506690181864524,0.4500000107691947,0.4506690181864529,1.662509035310581e-19,0.4506690828253679,0.4500000091229043,0.4506690828253684,1.662509035301342e-19,0.45,0.4506690181864526,0.4499373696708048,2.770762425457453e-18,0.45,0.4506690828253681,0.4499373637758719,2.7707624254266557e-18,0.45000001077003154,0.45000000912206334,49.939519437092876,49.879038874185746,49.82890938475671,49.82739441955042,49.82739441927907,49.825879454344125,49.8258794538014
381.0,0.0,0.45,0.4500000099460112,3.3326531138941484e-18,5.089380215802436e-17,2.772972105443674e-18,2.7701283341511748e-18,0.45066901818645433,0.45000001076917806,0.45066901818645466,1.6625090353105807e-19,0.45066908282536977,0.4500000091228878,0.4506690828253701,1.662509035301342e-19,0.45,0.4506690181864545,0.4499373696708152,2.770762425457453e-18,0.45,0.45066908282536994,0.449937363775861,2.7707624254266553e-18,0.4500000107704356,0.4500000091216281,49.939519437092876,49.879038874185746,49.82890938475671,49.827394419550416,49.82739441927907,49.825879454344125,49.82587945380139
382.0,0.0,0.45,0.4500000099460112,3.3326531138941484e-18,5.0893802158020606e-17,2.772972105443674e-18,2.7701283341511748e-18,0.4506690181864585,0.45000001076914276,0.4506690181864584,1.6625090353105807e-19,0.4506690828253739,0.4500000091228527,0.45066908282537377,1.6625090353013418e-19,0.45,0.45066901818645844,0.44993736967083653,2.770762425457453e-18,0.45,0.45066908282537377,0.449937363775839,2.7707624254266553e-18,0.4500000107695632,0.4500000091224341,49.939519437092876,49.879038874185746,49.82890938475671,49.827394419550416,49.82739441927905,49.825879454344125,49.82587945380139
383.0,0.0,0.45,0.4500000099460112,3.3326531138941484e-18,5.0893802158020224e-17,2.772972105443674e-18,2.7701283341511748e-18,0.45066901818645894,0.45000001076913915,0.45066901818645877,1.662509035310581e-19,0.4506690828253743,0.45000000912284915,0.45066908282537416,1.6625090353013418e-19,0.45,0.4506690181864589,0.44993736967083825,2.770762425457453e-18,0.45,0.4506690828253742,0.44993736377583715,2.7707624254266553e-18,0.45000001076914015,0.4500000091228504,49.939519437092876,49.879038874185746,49.82890938475671,49.82739441955042,49.82739441927905,49.825879454344125,49.82587945380139
384.0,0.0,0.45,0.4500000099460112,3.332653113894148e-18,5.0893802158022005e-17,2.772972105443674e-18,2.7701283341511748e-18,0.4506690181864948,0.45000001076877666,0.45066901818649485,1.6625090353105807e-19,0.4506690828253346,0.4500000091232446,0.4506690828253345,1.662509035301342e-19,0.45,0.45066901818649485,0.44993736967082437,2.770762425457453e-18,0.45,0.4506690828253346,0.44993736377585136,2.7707624254266557e-18,0.4500000107704148,0.45000000912160726,49.93951943709287,49.879038874185746,49.82890938475671,49.827394419550416,49.82739441927907,49.825879454344125,49.8258794538014
385.0,0.0,0.45,0.4500000099460112,3.332653113894148e-18,5.089380215802206e-17,2.772972105443674e-18,2.7701283341511748e-18,0.45066901818650246,0.45000001076870055,0.45066901818650246,1.6625090353105807e-19,0.45066908282532686,0.45000000912332166,0.4506690828253268,1.662509035301342e-19,0.45,0.45066901818650246,0.4499373696708234,2.7707624254574532e-18,0.45,0.4506690828253268,0.44993736377585236,2.7707624254266557e-18,0.4500000107704153,0.45000000912160776,49.93951943709287,49.879038874185746,49.82890938475671,49.827394419550416,49.82739441927907,49.82587945434413,49.8258794538014
386.0,0.0,0.45,0.4500000099460112,3.332653113894148e-18,5.089380215802204e-17,2.772972105443674e-18,2.7701283341511748e-18,0.45066901818647587,0.4500000107689675,0.4506690181864758,1.662509035310581e-19,0.45066908282535345,0.45000000912305466,0.45066908282535345,1.6625090353013418e-19,0.45,0.45066901818647587,0.44993736967082604,2.770762425457453e-18,0.45,0.45066908282535345,0.4499373637758497,2.7707624254266557e-18,0.45000001076915624,0.4500000091228665,49.93951943709287,49.879038874185746,49.82890938475671,49.82739441955042,49.82739441927905,49.825879454344125,49.8258794538014
387.0,0.0,0.45,0.4500000099460112,3.3326531138941484e-18,5.0893802158022005e-17,2.772972105443674e-18,2.7701283341511748e-18,0.4506690181864462,0.45000001076926444,0.45066901818644617,1.662509035310581e-19,0.45066908282538315,0.4500000091227574,0.45066908282538315,1.6625090353013418e-19,0.45,0.4506690181864462,0.44993736967082903,2.770762425457453e-18,0.45,0.45066908282538315,0.4499373637758467,2.7707624254266557e-18,0.4500000107691559,0.45000000912286614,49.939519437092876,49.879038874185746,49.82890938475671,49.82739441955042,49.82739441927905,49.825879454344125,49.8258794538014
388.0,0.0,0.45,0.4500000099460112,3.3326531138941484e-18,5.0893802158022005e-17,2.772972105443674e-18,2.7701283341511748e-18,0.4506690181864447,0.4500000107692783,0.4506690181864447,1.662509035310581e-19,0.45066908282538465,0.45000000912274346,0.4506690828253846,1.6625090353013418e-19,0.45,0.4506690181864447,0.44993736967082915,2.770762425457453e-18,0.45,0.4506690828253846,0.4499373637758466,2.7707624254266557e-18,0.4500000107691559,0.45000000912286614,49.939519437092876,49.879038874185746,49.82890938475671,49.82739441955042,49.82739441927905,49.825879454344125,49.8258794538014
389.0,0.0,0.45,0.4500000099460112,3.3326531138941484e-18,5.0893802158022024e-17,2.772972105443674e-18,2.7701283341511748e-18,0.45066901818645694,0.45000001076915613,0.45066901818645694,1.6625090353105807e-19,0.4506690828253724,0.45000000912286586,0.4506690828253724,1.6625090353013418e-19,0.45,0.45066901818645694,0.4499373696708281,2.770762425457453e-18,0.45,0.4506690828253724,0.44993736377584764,2.7707624254266557e-18,0.45000001076957574,0.45000000912244664,49.939519437092876,49.879038874185746,49.82890938475671,49.827394419550416,49.82739441927905,49.825879454344125,49.8258794538014
390.0,0.0,0.45,0.4500000099460112,3.3326531138941484e-18,5.0893802158022024e-17,2.772972105443674e-18,2.7701283341511748e-18,0.450669018186457,0.4500000107691559,0.450669018186457,1.6625090353105807e-19,0.45066908282537227,0.4500000091228661,0.4506690828253723,1.6625090353013418e-19,0.45,0.45066901818645705,0.44993736967082826,2.7707624254574532e-18,0.45,0.4506690828253723,0.44993736377584753,2.7707624254266557e-18,0.45000001076957574,0.45000000912244664,49.939519437092876,49.879038874185746,49.82890938475671,49.827394419550416,49.82739441927905,49.82587945434413,49.8258794538014
391.0,0.0,0.45,0.4500000099460112,3.3326531138941484e-18,5.0893802158022024e-17,2.772972105443674e-18,2.7701283341511748e-18,0.450669018186457,0.45000001076915597,0.450669018186457,1.662509035310581e-19,0.45066908282537227,0.450000009122866,0.4506690828253723,1.6625090353013418e-19,0.45,0.450669018186457,0.44993736967082826,2.770762425457453e-18,0.45,0.4506690828253723,0.4499373637758475,2.7707624254266557e-18,0.4500000107691561,0.4500000091228663,49.939519437092876,49.879038874185746,49.82890938475671,49.82739441955042,49.82739441927905,49.825879454344125,49.8258794538014
392.0,0.0,0.45,0.4500000099460112,3.332653113894148e-18,5.0893802158022024e-17,2.772972105443674e-18,2.7701283341511748e-18,0.45066901818645694,0.45000001076915613,0.45066901818645694,1.662509035310581e-19,0.4506690828253723,0.4500000091228658,0.4506690828253723,1.6625090353013418e-19,0.45,0.45066901818645694,0.4499373696708283,2.770762425457453e-18,0.45,0.4506690828253723,0.4499373637758475,2.7707624254266557e-18,0.4500000107691561,0.4500000091228663,49.93951943709287,49.879038874185746,49.82890938475671,49.82739441955042,49.82739441927905,49.825879454344125,49.8258794538014
393.0,0.0,0.45,0.4500000099460112,3.332653113894148e-18,5.0893802158022024e-17,2.772972105443674e-18,2.7701283341511748e-18,0.45066901818645694,0.45000001076915613,0.45066901818645694,1.662509035310581e-19,0.4506690828253724,0.4500000091228658,0.4506690828253723,1.6625090353013418e-19,0.45,0.45066901818645694,0.4499373696708284,2.770762425457453e-18,0.45,0.4506690828253723,0.4499373637758473,2.7707624254266557e-18,0.4500000107691561,0.4500000091228663,49.93951943709287,49.879038874185746,49.82890938475671,49.82739441955042,49.82739441927905,49.825879454344125,49.8258794538014
394.0,0.0,0.45,0.45000000994601025,3.3326531138941484e-18,5.089380215801692e-17,2.772972105443674e-18,2.7701283341511748e-18,0.4506690181864279,0.4500000107694481,0.4506690181864278,1.662509035310581e-19,0.4506690828254104,0.45000000912248356,0.45066908282541057,1.662509035301342e-19,0.45,0.45066901818642785,0.4499373696708308,2.770762425457453e-18,0.45,0.45066908282541046,0.449937363775844,2.7707624254266557e-18,0.45000001076995017,0.45000000912198196,49.939519437092876,49.879038874185746,49.82890938475671,49.82739441955042,49.82739441927907,49.825879454344125,49.8258794538014
395.0,0.0,0.45,0.4500000099460111,3.3326531138941484e-18,5.089380215802067e-17,2.772972105443674e-18,2.7701283341511748e-18,0.45066901818640814,0.45000001076964274,0.45066901818640825,1.662509035310581e-19,0.4506690828254245,0.4500000091223463,0.4506690828254244,1.6625090353013418e-19,0.45,0.4506690181864082,0.449937369670833,2.770762425457453e-18,0.45,0.45066908282542445,0.4499373637758425,2.7707624254266557e-18,0.4500000107691441,0.4500000091228543,49.939519437092876,49.879038874185746,49.82890938475671,49.82739441955042,49.82739441927905,49.825879454344125,49.8258794538014
396.0,0.0,0.45,0.4500000099460113,3.3326531138941484e-18,5.0893802158020514e-17,2.772972105443674e-18,2.7701283341511748e-18,0.45066901818634675,0.45000001077026247,0.45066901818634647,1.6625090353105807e-19,0.45066908282548707,0.4500000091217134,0.45066908282548745,1.6625090353013415e-19,0.45,0.4506690181863466,0.4499373696708392,2.770762425457453e-18,0.45,0.45066908282548723,0.44993736377583615,2.7707624254266553e-18,0.4500000107691427,0.45000000912285293,49.939519437092876,49.879038874185746,49.82890938475671,49.827394419550416,49.827394419279045,49.825879454344125,49.82587945380139
397.0,0.0,0.45,0.45000000994601075,3.332653113894148e-18,5.089380215801762e-17,2.772972105443674e-18,2.7701283341511748e-18,0.45066901818635136,0.4500000107702143,0.45066901818635124,1.6625090353105807e-19,0.4506690828254879,0.45000000912170707,0.4506690828254881,1.6625090353013415e-19,0.45,0.4506690181863513,0.4499373696708387,2.770762425457453e-18,0.45,0.450669082825488,0.44993736377583604,2.7707624254266553e-18,0.4500000107691171,0.45000000912282734,49.93951943709287,49.879038874185746,49.82890938475671,49.827394419550416,49.827394419279045,49.825879454344125,49.82587945380139
398.0,0.0,0.45,0.45000000994600914,3.3326531138941484e-18,5.089380215800928e-17,2.772972105443674e-18,2.7701283341511748e-18,0.4506690181863922,0.4500000107698016,0.4506690181863923,1.662509035310581e-19,0.45066908282546275,0.4500000091219635,0.45066908282546264,1.6625090353013415e-19,0.45,0.45066901818639227,0.4499373696708346,2.770762425457453e-18,0.45,0.45066908282546275,0.4499373637758386,2.7707624254266557e-18,0.4500000107686236,0.4500000091231734,49.939519437092876,49.879038874185746,49.82890938475671,49.82739441955042,49.827394419279045,49.825879454344125,49.8258794538014
399.0,0.0,0.45,0.4500000099460061,3.3326531138941484e-18,5.0893802157992805e-17,2.7729721054436745e-18,2.7701283341511748e-18,0.4506690181864394,0.450000010769328,0.4506690181864396,1.662509035310581e-19,0.45066908282544726,0.45000000912211896,0.45066908282544715,1.6625090353013418e-19,0.45,0.45066901818643956,0.4499373696708298,2.770762425457453e-18,0.45,0.45066908282544726,0.44993736377584015,2.7707624254266557e-18,0.45000001076889773,0.45000000912260796,49.939519437092876,49.87903887418575,49.82890938475671,49.82739441955042,49.82739441927905,49.825879454344125,49.8258794538014
400.0,0.0,0.45,0.45000000994600814,3.3326531138941484e-18,5.089380215800414e-17,2.772972105443674e-18,2.7701283341511748e-18,0.45066901818645794,0.4500000107691462,0.45066901818645794,1.6625090353105807e-19,0.4506690828254066,0.45000000912252425,0.4506690828254065,1.6625090353013418e-19,0.45,0.45066901818645794,0.449937369670828,2.7707624254574532e-18,0.45,0.4506690828254066,0.44993736377584426,2.7707624254266557e-18,0.4500000107694176,0.4500000091222885,49.939519437092876,49.879038874185746,49.82890938475671,49.827394419550416,49.82739441927905,49.82587945434413,49.8258794538014
401.0,0.0,0.45,0.45000000994601375,3.3326531138941484e-18,5.089380215803587e-17,2.772972105443674e-18,2.7701283341511748e-18,0.450669018186457,0.450000010769156,0.450669018186457,1.6625090353105807e-19,0.45066908282534524,0.4500000091231397,0.450669082825345,1.662509035301342e-19,0.45,0.45066901818645705,0.4499373696708281,2.770762425457453e-18,0.45,0.4506690828253451,0.4499373637758504,2.7707624254266557e-18,0.4500000107705374,0.4500000091217299,49.939519437092876,49.879038874185746,49.82890938475671,49.827394419550416,49.82739441927907,49.825879454344125,49.8258794538014
402.0,0.0,0.45,0.45000000994601336,3.3326531138941484e-18,5.089380215803422e-17,2.772972105443674e-18,2.7701283341511748e-18,0.45066901818645666,0.45000001076915924,0.45066901818645666,1.6625090353105807e-19,0.4506690828253487,0.45000000912310356,0.45066908282534857,1.662509035301342e-19,0.45,0.4506690181864567,0.4499373696708281,2.770762425457453e-18,0.45,0.4506690828253486,0.44993736377585003,2.7707624254266557e-18,0.4500000107705228,0.4500000091217153,49.939519437092876,49.879038874185746,49.82890938475671,49.827394419550416,49.82739441927907,49.825879454344125,49.8258794538014
403.0,0.0,0.45,0.45000000994601075,3.3326531138941484e-18,5.089380215801978e-17,2.772972105443674e-18,2.7701283341511748e-18,0.4506690181864567,0.450000010769158,0.4506690181864567,1.662509035310581e-19,0.4506690828253768,0.45000000912281996,0.4506690828253769,1.6625090353013418e-19,0.45,0.45066901818645677,0.44993736967082815,2.770762425457453e-18,0.45,0.4506690828253769,0.4499373637758472,2.7707624254266557e-18,0.45000001076913626,0.4500000091228465,49.939519437092876,49.879038874185746,49.82890938475671,49.82739441955042,49.82739441927905,49.825879454344125,49.8258794538014
404.0,0.0,0.45,0.4500000099460096,3.3326531138941484e-18,5.0893802158013155e-17,2.772972105443674e-18,2.7701283341511748e-18,0.45066901818645705,0.4500000107691547,0.45066901818645705,1.662509035310581e-19,0.45066908282538953,0.4500000091226929,0.45066908282538964,1.6625090353013418e-19,0.45,0.45066901818645705,0.4499373696708282,2.770762425457453e-18,0.45,0.4506690828253896,0.449937363775846,2.7707624254266557e-18,0.45000001076907764,0.45000000912278787,49.939519437092876,49.879038874185746,49.82890938475671,49.82739441955042,49.82739441927905,49.825879454344125,49.8258794538014
405.0,0.0,0.45,0.4500000099460112,3.3326531138941484e-18,5.089380215802185e-17,2.772972105443674e-18,2.7701283341511748e-18,0.4506690181864571,0.45000001076915475,0.4506690181864571,1.6625090353105807e-19,0.4506690828253726,0.45000000912286436,0.45066908282537255,1.6625090353013418e-19,0.45,0.4506690181864571,0.44993736967082804,2.770762425457453e-18,0.45,0.45066908282537255,0.44993736377584764,2.7707624254266557e-18,0.4500000107695742,0.4500000091224451,49.939519437092876,49.879038874185746,49.82890938475671,49.827394419550416,49.82739441927905,49.825879454344125,49.8258794538014
406.0,0.0,0.45,0.4500000099460112,3.3326531138941484e-18,5.089380215802215e-17,2.772972105443674e-18,2.7701283341511748e-18,0.4506690181864569,0.45000001076915747,0.4506690181864568,1.6625090353105807e-19,0.45066908282537216,0.4500000091228674,0.45066908282537216,1.6625090353013418e-19,0.45,0.4506690181864568,0.44993736967082787,2.7707624254574532e-18,0.45,0.45066908282537216,0.4499373637758476,2.7707624254266557e-18,0.45000001076957685,0.45000000912244775,49.939519437092876,49.879038874185746,49.82890938475671,49.827394419550416,49.82739441927905,49.82587945434413,49.8258794538014
407.0,0.0,0.45,0.4500000099460112,3.3326531138941484e-18,5.089380215802214e-17,2.772972105443674e-18,2.7701283341511748e-18,0.4506690181864569,0.4500000107691573,0.4506690181864569,1.6625090353105807e-19,0.4506690828253722,0.4500000091228673,0.4506690828253722,1.6625090353013418e-19,0.45,0.4506690181864568,0.4499373696708277,2.7707624254574532e-18,0.45,0.4506690828253722,0.4499373637758476,2.7707624254266557e-18,0.4500000107695768,0.4500000091224477,49.939519437092876,49.879038874185746,49.82890938475671,49.827394419550416,49.82739441927905,49.82587945434413,49.8258794538014
408.0,0.0,0.45,0.4500000099460112,3.3326531138941484e-18,5.0893802158022e-17,2.772972105443674e-18,2.7701283341511748e-18,0.45066901818645694,0.4500000107691561,0.450669018186457,1.662509035310581e-19,0.4506690828253724,0.4500000091228659,0.4506690828253724,1.6625090353013418e-19,0.45,0.45066901818645694,0.44993736967082754,2.770762425457453e-18,0.45,0.4506690828253724,0.4499373637758475,2.7707624254266557e-18,0.45000001076915586,0.4500000091228661,49.939519437092876,49.879038874185746,49.82890938475671,49.82739441955042,49.82739441927905,49.825879454344125,49.8258794538014
409.0,0.0,0.45,0.4500000099460112,3.3326531138941484e-18,5.0893802158021943e-17,2.772972105443674e-18,2.7701283341511748e-18,0.450669018186457,0.4500000107691555,0.450669018186457,1.662509035310581e-19,0.45066908282537244,0.45000000912286525,0.45066908282537244,1.6625090353013418e-19,0.45,0.450669018186457,0.44993736967082715,2.770762425457453e-18,0.45,0.45066908282537244,0.44993736377584737,2.7707624254266557e-18,0.45000001076915536,0.4500000091228656,49.939519437092876,49.879038874185746,49.82890938475671,49.82739441955042,49.82739441927905,49.825879454344125,49.8258794538014
410.0,0.0,0.45,0.4500000099460073,3.332653113894149e-18,5.0893802157987474e-17,2.7729721054436753e-18,2.770128334151175e-18,0.45066901818647226,0.4500000107689838,0.4506690181864735,1.662509035310581e-19,0.4506690828254141,0.4500000091224693,0.4506690828254128,1.662509035301342e-19,0.45,0.4506690181864728,0.44993736967082765,2.770762425457453e-18,0.45,0.45066908282541346,0.449937363775843,2.7707624254266557e-18,0.4500000107696898,0.4500000091217216,49.93951943709288,49.87903887418577,49.82890938475672,49.82739441955042,49.82739441927907,49.825879454344125,49.8258794538014
411.0,0.0,0.45,0.4500000099460155,3.332653113894148e-18,5.08938021580592e-17,2.7729721054436737e-18,2.770128334151173e-18,0.4506690181863959,0.4500000107697646,0.45066901818639604,1.6625090353105797e-19,0.4506690828253746,0.45000000912284155,0.45066908282537477,1.6625090353013408e-19,0.45,0.450669018186396,0.4499373696708429,2.7707624254574513e-18,0.45,0.4506690828253747,0.44993736377584315,2.7707624254266538e-18,0.450000010770324,0.45000000912235577,49.93951943709287,49.879038874185746,49.82890938475668,49.82739441955038,49.827394419279024,49.8258794543441,49.82587945380136
412.0,0.0,0.45,0.4500000099460077,3.332653113894149e-18,5.08938021579927e-17,2.772972105443675e-18,2.7701283341511763e-18,0.4506690181865169,0.4500000107685515,0.4506690181865172,1.6625090353105817e-19,0.45066908282535706,0.45000000912302157,0.45066908282535684,1.662509035301343e-19,0.45,0.45066901818651706,0.4499373696708138,2.7707624254574544e-18,0.45,0.4506690828253569,0.44993736377585325,2.770762425426657e-18,0.45000001077015567,0.45000000912134813,49.93951943709288,49.87903887418576,49.82890938475674,49.827394419550444,49.827394419279095,49.825879454344154,49.82587945380141
413.0,0.0,0.45,0.4500000099460077,3.3326531138941484e-18,5.0893802157993286e-17,2.772972105443675e-18,2.770128334151176e-18,0.45066901818653327,0.4500000107683905,0.45066901818653343,1.6625090353105814e-19,0.45066908282534207,0.4500000091231709,0.4506690828253419,1.6625090353013427e-19,0.45,0.4506690181865334,0.44993736967081377,2.7707624254574544e-18,0.45,0.4506690828253419,0.44993736377585397,2.770762425426657e-18,0.45000001077016083,0.4500000091213533,49.939519437092876,49.87903887418576,49.828909384756734,49.82739441955044,49.82739441927909,49.825879454344154,49.82587945380141
414.0,0.0,0.45,0.4500000099460107,3.332653113894148e-18,5.089380215801991e-17,2.772972105443674e-18,2.7701283341511744e-18,0.45066901818649774,0.4500000107687507,0.4506690181864976,1.6625090353105807e-19,0.4506690828253387,0.4500000091232021,0.4506690828253387,1.6625090353013418e-19,0.45,0.4506690181864976,0.4499373696708257,2.770762425457453e-18,0.45,0.4506690828253387,0.4499373637758502,2.7707624254266553e-18,0.45000001076955704,0.45000000912242794,49.93951943709287,49.879038874185746,49.828909384756706,49.827394419550416,49.82739441927905,49.825879454344125,49.82587945380139
415.0,0.0,0.45,0.45000000994601197,3.3326531138941477e-18,5.0893802158031527e-17,2.772972105443674e-18,2.7701283341511736e-18,0.4506690181864627,0.45000001076910096,0.4506690181864626,1.6625090353105802e-19,0.450669082825356,0.4500000091230277,0.4506690828253561,1.6625090353013413e-19,0.45,0.45066901818646266,0.4499373696708324,2.770762425457452e-18,0.45,0.45066908282535606,0.44993736377584687,2.770762425426655e-18,0.4500000107696598,0.4500000091225307,49.93951943709286,49.879038874185746,49.82890938475669,49.8273944195504,49.82739441927904,49.82587945434411,49.825879453801384
416.0,0.0,0.45,0.4500000099460108,3.3326531138941484e-18,5.089380215801973e-17,2.772972105443674e-18,2.7701283341511748e-18,0.4506690181864592,0.4500000107691332,0.4506690181864592,1.662509035310581e-19,0.4506690828253746,0.4500000091228431,0.45066908282537466,1.6625090353013418e-19,0.45,0.4506690181864592,0.4499373696708278,2.770762425457453e-18,0.45,0.45066908282537466,0.4499373637758474,2.7707624254266557e-18,0.4500000107691358,0.45000000912284605,49.939519437092876,49.879038874185746,49.82890938475671,49.82739441955042,49.82739441927905,49.825879454344125,49.8258794538014
417.0,0.0,0.45,0.4500000099460116,3.332653113894149e-18,5.0893802158024064e-17,2.772972105443674e-18,2.7701283341511748e-18,0.4506690181864549,0.4500000107691768,0.4506690181864549,1.6625090353105807e-19,0.4506690828253704,0.45000000912288657,0.4506690828253703,1.6625090353013418e-19,0.45,0.4506690181864549,0.44993736967082826,2.770762425457453e-18,0.45,0.4506690828253704,0.44993736377584787,2.7707624254266557e-18,0.4500000107695938,0.4500000091224647,49.93951943709288,49.879038874185746,49.82890938475671,49.827394419550416,49.82739441927905,49.825879454344125,49.8258794538014
418.0,0.0,0.45,0.4500000099460115,3.3326531138941484e-18,5.089380215802372e-17,2.772972105443674e-18,2.7701283341511748e-18,0.4506690181864552,0.4500000107691733,0.4506690181864552,1.6625090353105807e-19,0.45066908282537066,0.45000000912288307,0.45066908282537066,1.6625090353013418e-19,0.45,0.4506690181864552,0.44993736967082826,2.770762425457453e-18,0.45,0.45066908282537066,0.4499373637758478,2.7707624254266557e-18,0.45000001076959073,0.45000000912246163,49.939519437092876,49.879038874185746,49.82890938475671,49.827394419550416,49.82739441927905,49.825879454344125,49.8258794538014
419.0,0.0,0.45,0.45000000994601114,3.3326531138941484e-18,5.089380215802164e-17,2.7729721054436745e-18,2.7701283341511748e-18,0.45066901818645727,0.45000001076915236,0.4506690181864573,1.6625090353105807e-19,0.45066908282537266,0.45000000912286225,0.4506690828253727,1.6625090353013418e-19,0.45,0.45066901818645727,0.44993736967082815,2.770762425457453e-18,0.45,0.45066908282537266,0.44993736377584753,2.7707624254266557e-18,0.45000001076957236,0.45000000912244326,49.939519437092876,49.87903887418575,49.82890938475671,49.827394419550416,49.82739441927905,49.825879454344125,49.8258794538014
420.0,0.0,0.45,0.45000000994601097,3.3326531138941484e-18,5.089380215802078e-17,2.7729721054436745e-18,2.7701283341511748e-18,0.45066901818645816,0.45000001076914375,0.45066901818645816,1.662509035310581e-19,0.45066908282537355,0.45000000912285365,0.4506690828253736,1.662509035301342e-19,0.45,0.45066901818645816,0.44993736967082815,2.770762425457453e-18,0.45,0.45066908282537355,0.44993736377584737,2.7707624254266557e-18,0.4500000107699843,0.4500000091220161,49.939519437092876,49.87903887418575,49.82890938475671,49.82739441955042,49.82739441927907,49.825879454344125,49.8258794538014
421.0,0.0,0.45,0.4500000099460112,3.3326531138941484e-18,5.0893802158022005e-17,2.772972105443674e-18,2.7701283341511748e-18,0.45066901818645694,0.4500000107691561,0.45066901818645694,1.6625090353105807e-19,0.4506690828253724,0.4500000091228659,0.4506690828253724,1.662509035301342e-19,0.45,0.45066901818645694,0.44993736967082815,2.770762425457453e-18,0.45,0.4506690828253723,0.4499373637758476,2.7707624254266557e-18,0.4500000107704148,0.45000000912160726,49.939519437092876,49.879038874185746,49.82890938475671,49.827394419550416,49.82739441927907,49.825879454344125,49.8258794538014
422.0,0.0,0.45,0.4500000099460112,3.3326531138941484e-18,5.089380215802205e-17,2.772972105443674e-18,2.7701283341511748e-18,0.4506690181864569,0.45000001076915647,0.4506690181864568,1.6625090353105807e-19,0.4506690828253723,0.4500000091228663,0.4506690828253724,1.662509035301342e-19,0.45,0.4506690181864569,0.449937369670828,2.7707624254574532e-18,0.45,0.4506690828253723,0.4499373637758478,2.7707624254266557e-18,0.4500000107704152,0.45000000912160765,49.939519437092876,49.879038874185746,49.82890938475671,49.827394419550416,49.82739441927907,49.82587945434413,49.8258794538014
423.0,0.0,0.45,0.4500000099460112,3.3326531138941484e-18,5.089380215802204e-17,2.772972105443674e-18,2.7701283341511748e-18,0.4506690181864569,0.45000001076915647,0.4506690181864568,1.6625090353105807e-19,0.4506690828253724,0.4500000091228663,0.4506690828253723,1.662509035301342e-19,0.45,0.4506690181864569,0.449937369670828,2.770762425457453e-18,0.45,0.4506690828253723,0.44993736377584775,2.7707624254266557e-18,0.4500000107704151,0.4500000091216076,49.939519437092876,49.879038874185746,49.82890938475671,49.827394419550416,49.82739441927907,49.825879454344125,49.8258794538014
424.0,0.0,0.45,0.4500000099460112,3.3326531138941484e-18,5.089380215802202e-17,2.772972105443674e-18,2.7701283341511748e-18,0.45066901818645694,0.45000001076915624,0.4506690181864569,1.6625090353105807e-19,0.4506690828253724,0.4500000091228661,0.4506690828253723,1.662509035301342e-19,0.45,0.45066901818645694,0.44993736967082804,2.770762425457453e-18,0.45,0.4506690828253724,0.4499373637758477,2.7707624254266557e-18,0.4500000107704149,0.45000000912160737,49.939519437092876,49.879038874185746,49.82890938475671,49.827394419550416,49.82739441927907,49.825879454344125,49.8258794538014
425.0,0.0,0.45,0.4500000099460112,3.3326531138941484e-18,5.0893802158022005e-17,2.772972105443674e-18,2.7701283341511748e-18,0.45066901818645694,0.4500000107691562,0.45066901818645694,1.6625090353105807e-19,0.4506690828253724,0.45000000912286603,0.4506690828253723,1.6625090353013418e-19,0.45,0.45066901818645694,0.44993736967082804,2.770762425457453e-18,0.45,0.4506690828253724,0.4499373637758477,2.7707624254266557e-18,0.4500000107695756,0.4500000091224465,49.939519437092876,49.879038874185746,49.82890938475671,49.827394419550416,49.82739441927905,49.825879454344125,49.8258794538014
426.0,0.0,0.45,0.4500000099460357,3.332653113894148e-18,5.089380215805699e-17,2.7729721054436745e-18,2.7701283341511748e-18,0.4506690181863612,0.45000001077019103,0.4506690181863558,1.662509035310581e-19,0.45066908282542645,0.450000009122395,0.45066908282542234,1.6625090353013418e-19,0.45,0.45066901818635835,0.44993736967083764,2.770762425457453e-18,0.45,0.4506690828254247,0.44993736377584226,2.7707624254266557e-18,0.4500000107694653,0.4500000091231755,49.93951943709287,49.87903887418575,49.82890938475671,49.82739441955042,49.82739441927905,49.825879454344125,49.8258794538014
427.0,0.0,0.45,0.45000000994601114,3.3326531138941484e-18,5.0893802158021296e-17,2.7729721054436745e-18,2.7701283341511748e-18,0.450669018186376,0.4500000107699679,0.45066901818637584,1.662509035310581e-19,0.4506690828254547,0.4500000091220415,0.45066908282545476,1.6625090353013415e-19,0.45,0.45066901818637595,0.44993736967083614,2.7707624254574532e-18,0.45,0.45066908282545476,0.4499373637758394,2.7707624254266557e-18,0.45000001076872986,0.45000000912327964,49.939519437092876,49.87903887418575,49.82890938475671,49.82739441955042,49.827394419279045,49.82587945434413,49.8258794538014
428.0,0.0,0.45,0.45000000994601136,3.3326531138941484e-18,5.0893802158024963e-17,2.7729721054436745e-18,2.7701283341511748e-18,0.45066901818637883,0.4500000107699283,0.4506690181863794,1.6625090353105807e-19,0.4506690828254444,0.4500000091221491,0.45066908282544416,1.6625090353013415e-19,0.45,0.4506690181863791,0.44993736967083586,2.7707624254574532e-18,0.45,0.45066908282544427,0.4499373637758405,2.7707624254266557e-18,0.45000001076918206,0.4500000091228923,49.939519437092876,49.87903887418575,49.82890938475671,49.827394419550416,49.827394419279045,49.82587945434413,49.8258794538014
429.0,0.0,0.45,0.4500000099460113,3.3326531138941484e-18,5.089380215802358e-17,2.7729721054436745e-18,2.7701283341511748e-18,0.45066901818642785,0.45000001076944135,0.4506690181864282,1.662509035310581e-19,0.4506690828253982,0.45000000912260985,0.450669082825398,1.6625090353013418e-19,0.45,0.450669018186428,0.449937369670831,2.7707624254574532e-18,0.45,0.45066908282539814,0.4499373637758451,2.7707624254266557e-18,0.45000001076916984,0.4500000091228801,49.939519437092876,49.87903887418575,49.82890938475671,49.82739441955042,49.82739441927905,49.82587945434413,49.8258794538014
430.0,0.0,0.45,0.45000000994601114,3.3326531138941484e-18,5.0893802158020945e-17,2.7729721054436745e-18,2.7701283341511748e-18,0.4506690181864757,0.4500000107689707,0.4506690181864756,1.662509035310581e-19,0.45066908282535584,0.450000009123031,0.45066908282535584,1.662509035301342e-19,0.45,0.4506690181864756,0.4499373696708262,2.770762425457453e-18,0.45,0.45066908282535584,0.4499373637758493,2.7707624254266557e-18,0.45000001076998575,0.45000000912201754,49.939519437092876,49.87903887418575,49.82890938475671,49.82739441955042,49.82739441927907,49.825879454344125,49.8258794538014
431.0,0.0,0.45,0.45000000994601114,3.332653113894148e-18,5.089380215802085e-17,2.7729721054436745e-18,2.7701283341511748e-18,0.450669018186475,0.4500000107689801,0.4506690181864747,1.6625090353105807e-19,0.4506690828253568,0.45000000912301996,0.4506690828253569,1.662509035301342e-19,0.45,0.4506690181864748,0.44993736967082626,2.770762425457453e-18,0.45,0.4506690828253568,0.4499373637758492,2.7707624254266557e-18,0.4500000107704046,0.45000000912159704,49.93951943709287,49.87903887418575,49.82890938475671,49.827394419550416,49.82739441927907,49.825879454344125,49.8258794538014
432.0,0.0,0.45,0.4500000099460112,3.3326531138941484e-18,5.089380215802201e-17,2.772972105443674e-18,2.7701283341511748e-18,0.4506690181864569,0.45000001076915624,0.4506690181864569,1.6625090353105807e-19,0.4506690828253723,0.45000000912286625,0.4506690828253723,1.662509035301342e-19,0.45,0.4506690181864569,0.4499373696708281,2.770762425457453e-18,0.45,0.45066908282537227,0.44993736377584764,2.7707624254266557e-18,0.45000001077041485,0.4500000091216073,49.939519437092876,49.879038874185746,49.82890938475671,49.827394419550416,49.82739441927907,49.825879454344125,49.8258794538014
433.0,0.0,0.45,0.4500000099460112,3.3326531138941484e-18,5.089380215802205e-17,2.772972105443674e-18,2.7701283341511748e-18,0.4506690181864567,0.4500000107691571,0.45066901818645677,1.6625090353105807e-19,0.45066908282537244,0.4500000091228664,0.4506690828253723,1.6625090353013418e-19,0.45,0.45066901818645677,0.44993736967082815,2.7707624254574532e-18,0.45,0.4506690828253723,0.4499373637758477,2.7707624254266557e-18,0.45000001076957596,0.45000000912244686,49.939519437092876,49.879038874185746,49.82890938475671,49.827394419550416,49.82739441927905,49.82587945434413,49.8258794538014
434.0,0.0,0.45,0.4500000099460112,3.3326531138941484e-18,5.0893802158022036e-17,2.772972105443674e-18,2.7701283341511748e-18,0.4506690181864568,0.45000001076915674,0.4506690181864569,1.662509035310581e-19,0.4506690828253724,0.45000000912286636,0.4506690828253723,1.6625090353013418e-19,0.45,0.4506690181864568,0.44993736967082804,2.770762425457453e-18,0.45,0.4506690828253723,0.44993736377584775,2.7707624254266557e-18,0.4500000107691562,0.4500000091228664,49.939519437092876,49.879038874185746,49.82890938475671,49.82739441955042,49.82739441927905,49.825879454344125,49.8258794538014
435.0,0.0,0.45,0.4500000099460112,3.332653113894148e-18,5.089380215802201e-17,2.772972105443674e-18,2.7701283341511748e-18,0.450669018186457,0.4500000107691562,0.450669018186457,1.662509035310581e-19,0.45066908282537227,0.4500000091228662,0.4506690828253723,1.6625090353013418e-19,0.45,0.45066901818645694,0.449937369670828,2.770762425457453e-18,0.45,0.4506690828253723,0.44993736377584775,2.7707624254266557e-18,0.45000001076915597,0.4500000091228662,49.93951943709287,49.879038874185746,49.82890938475671,49.82739441955042,49.82739441927905,49.825879454344125,49.8258794538014
436.0,0.0,0.45,0.4500000099460112,3.3326531138941484e-18,5.089380215802201e-17,2.772972105443674e-18,2.7701283341511748e-18,0.450669018186457,0.4500000107691562,0.45066901818645694,1.662509035310581e-19,0.4506690828253723,0.45000000912286625,0.4506690828253723,1.6625090353013418e-19,0.45,0.45066901818645694,0.4499373696708279,2.770762425457453e-18,0.45,0.4506690828253723,0.4499373637758478,2.7707624254266557e-18,0.45000001076915597,0.4500000091228662,49.939519437092876,49.879038874185746,49.82890938475671,49.82739441955042,49.82739441927905,49.825879454344125,49.8258794538014
437.0,0.0,0.45,0.4500000099460193,3.3326531138941484e-18,5.089380215803513e-17,2.7729721054436745e-18,2.7701283341511748e-18,0.4506690181863556,0.4500000107701752,0.4506690181863554,1.662509035310581e-19,0.45066908282548,0.45000000912178767,0.4506690828254802,1.6625090353013415e-19,0.45,0.4506690181863556,0.44993736967083814,2.770762425457453e-18,0.45,0.4506690828254802,0.44993736377583693,2.7707624254266557e-18,0.4500000107688522,0.450000009123402,49.939519437092876,49.87903887418575,49.82890938475671,49.82739441955042,49.827394419279045,49.825879454344125,49.8258794538014
438.0,0.0,0.45,0.45000000994601164,3.3326531138941484e-18,5.089380215802516e-17,2.772972105443674e-18,2.7701283341511748e-18,0.45066901818649696,0.45000001076875884,0.4506690181864968,1.6625090353105807e-19,0.45066908282532125,0.4500000091233772,0.45066908282532125,1.662509035301342e-19,0.45,0.4506690181864969,0.44993736967082415,2.7707624254574532e-18,0.45,0.45066908282532125,0.44993736377585275,2.7707624254266557e-18,0.4500000107704427,0.4500000091216352,49.939519437092876,49.879038874185746,49.82890938475671,49.827394419550416,49.82739441927907,49.82587945434413,49.8258794538014
439.0,0.0,0.45,0.4500000099460112,3.332653113894148e-18,5.08938021580218e-17,2.7729721054436745e-18,2.7701283341511748e-18,0.4506690181864607,0.4500000107691149,0.450669018186461,1.662509035310581e-19,0.45066908282536916,0.4500000091229026,0.4506690828253689,1.662509035301342e-19,0.45,0.4506690181864609,0.44993736967082787,2.7707624254574532e-18,0.45,0.450669082825369,0.4499373637758478,2.7707624254266557e-18,0.45000001076999335,0.45000000912202515,49.93951943709287,49.87903887418575,49.82890938475671,49.82739441955042,49.82739441927907,49.82587945434413,49.8258794538014
440.0,0.0,0.45,0.4500000099460112,3.3326531138941484e-18,5.089380215802209e-17,2.7729721054436745e-18,2.7701283341511748e-18,0.45066901818644256,0.45000001076930174,0.45066901818644245,1.6625090353105807e-19,0.4506690828253864,0.45000000912272187,0.45066908282538665,1.662509035301342e-19,0.45,0.45066901818644256,0.4499373696708295,2.770762425457453e-18,0.45,0.45066908282538654,0.44993736377584637,2.7707624254266553e-18,0.45000001077041557,0.45000000912160804,49.939519437092876,49.87903887418575,49.82890938475671,49.827394419550416,49.82739441927907,49.825879454344125,49.82587945380139
441.0,0.0,0.45,0.4500000099460112,3.3326531138941484e-18,5.089380215802212e-17,2.7729721054436745e-18,2.7701283341511748e-18,0.4506690181863843,0.45000001076988594,0.4506690181863841,1.6625090353105807e-19,0.4506690828254446,0.45000000912213894,0.4506690828254449,1.6625090353013418e-19,0.45,0.4506690181863842,0.4499373696708353,2.770762425457453e-18,0.45,0.45066908282544477,0.4499373637758406,2.7707624254266557e-18,0.45000001076957663,0.45000000912244753,49.939519437092876,49.87903887418575,49.82890938475671,49.827394419550416,49.82739441927905,49.825879454344125,49.8258794538014
442.0,0.0,0.45,0.4500000099460112,3.3326531138941484e-18,5.0893802158022036e-17,2.7729721054436745e-18,2.7701283341511748e-18,0.45066901818633304,0.45000001077039664,0.450669018186333,1.662509035310581e-19,0.4506690828254961,0.4500000091216269,0.4506690828254962,1.6625090353013415e-19,0.45,0.450669018186333,0.44993736967084047,2.770762425457453e-18,0.45,0.4506690828254962,0.4499373637758354,2.7707624254266557e-18,0.4500000107687364,0.4500000091232862,49.939519437092876,49.87903887418575,49.82890938475671,49.82739441955042,49.827394419279045,49.825879454344125,49.8258794538014
443.0,0.0,0.45,0.4500000099460112,3.3326531138941484e-18,5.089380215802196e-17,2.7729721054436745e-18,2.7701283341511748e-18,0.4506690181863361,0.45000001077036317,0.4506690181863362,1.662509035310581e-19,0.45066908282549334,0.4500000091216589,0.4506690828254932,1.6625090353013415e-19,0.45,0.45066901818633615,0.4499373696708402,2.770762425457453e-18,0.45,0.4506690828254933,0.4499373637758356,2.7707624254266557e-18,0.45000001076873575,0.4500000091232855,49.939519437092876,49.87903887418575,49.82890938475671,49.82739441955042,49.827394419279045,49.825879454344125,49.8258794538014
444.0,0.0,0.45,0.4500000099460112,3.3326531138941484e-18,5.089380215802203e-17,2.7729721054436745e-18,2.7701283341511748e-18,0.4506690181864262,0.45000001076946045,0.4506690181864264,1.662509035310581e-19,0.45066908282540313,0.45000000912256183,0.4506690828254029,1.6625090353013418e-19,0.45,0.4506690181864263,0.44993736967083114,2.770762425457453e-18,0.45,0.45066908282540297,0.44993736377584465,2.7707624254266557e-18,0.45000001076915613,0.45000000912286636,49.939519437092876,49.87903887418575,49.82890938475671,49.82739441955042,49.82739441927905,49.825879454344125,49.8258794538014
445.0,0.0,0.45,0.4500000099460112,3.3326531138941484e-18,5.089380215802202e-17,2.772972105443674e-18,2.7701283341511748e-18,0.45066901818646726,0.4500000107690527,0.45066901818646726,1.6625090353105807e-19,0.4506690828253621,0.4500000091229691,0.45066908282536206,1.6625090353013418e-19,0.45,0.4506690181864673,0.4499373696708271,2.770762425457453e-18,0.45,0.4506690828253621,0.4499373637758488,2.7707624254266557e-18,0.4500000107695757,0.4500000091224466,49.939519437092876,49.879038874185746,49.82890938475671,49.827394419550416,49.82739441927905,49.825879454344125,49.8258794538014
446.0,0.0,0.45,0.4500000099460112,3.3326531138941484e-18,5.0893802158022024e-17,2.772972105443674e-18,2.7701283341511748e-18,0.4506690181864711,0.4500000107690155,0.45066901818647104,1.6625090353105807e-19,0.4506690828253583,0.45000000912300625,0.45066908282535834,1.6625090353013418e-19,0.45,0.4506690181864711,0.44993736967082676,2.7707624254574532e-18,0.45,0.45066908282535834,0.44993736377584936,2.7707624254266557e-18,0.45000001076957574,0.45000000912244664,49.939519437092876,49.879038874185746,49.82890938475671,49.827394419550416,49.82739441927905,49.82587945434413,49.8258794538014
447.0,0.0,0.45,0.4500000099460112,3.3326531138941484e-18,5.0893802158022024e-17,2.772972105443674e-18,2.7701283341511748e-18,0.4506690181864579,0.4500000107691471,0.4506690181864579,1.662509035310581e-19,0.45066908282537144,0.4500000091228749,0.45066908282537144,1.6625090353013418e-19,0.45,0.4506690181864579,0.4499373696708282,2.770762425457453e-18,0.45,0.45066908282537144,0.4499373637758483,2.7707624254266557e-18,0.4500000107691561,0.4500000091228663,49.939519437092876,49.879038874185746,49.82890938475671,49.82739441955042,49.82739441927905,49.825879454344125,49.8258794538014
448.0,0.0,0.45,0.4500000099460112,3.3326531138941484e-18,5.089380215802203e-17,2.772972105443674e-18,2.7701283341511748e-18,0.450669018186448,0.45000001076924556,0.450669018186448,1.662509035310581e-19,0.4506690828253814,0.45000000912277655,0.45066908282538126,1.662509035301342e-19,0.45,0.450669018186448,0.4499373696708293,2.770762425457453e-18,0.45,0.45066908282538126,0.4499373637758477,2.7707624254266557e-18,0.45000001076999535,0.45000000912202714,49.939519437092876,49.879038874185746,49.82890938475671,49.82739441955042,49.82739441927907,49.825879454344125,49.8258794538014
449.0,0.0,0.45,0.4500000099460112,3.3326531138941484e-18,5.0893802158022024e-17,2.772972105443674e-18,2.7701283341511748e-18,0.4506690181864569,0.45000001076915624,0.45066901818645694,1.662509035310581e-19,0.4506690828253724,0.45000000912286575,0.4506690828253724,1.6625090353013418e-19,0.45,0.45066901818645694,0.4499373696708285,2.770762425457453e-18,0.45,0.4506690828253724,0.4499373637758486,2.7707624254266557e-18,0.4500000107691561,0.4500000091228663,49.939519437092876,49.879038874185746,49.82890938475671,49.82739441955042,49.82739441927905,49.825879454344125,49.8258794538014
450.0,0.0,0.45,0.4500000099460112,3.332653113894148e-18,5.0893802158022024e-17,2.772972105443674e-18,2.7701283341511748e-18,0.45066901818645694,0.450000010769156,0.45066901818645694,1.6625090353105807e-19,0.4506690828253723,0.4500000091228659,0.4506690828253723,1.662509035301342e-19,0.45,0.45066901818645694,0.4499373696708279,2.770762425457453e-18,0.45,0.4506690828253723,0.44993736377584737,2.7707624254266557e-18,0.45000001077041485,0.45000000912160754,49.93951943709287,49.879038874185746,49.82890938475671,49.827394419550416,49.82739441927907,49.825879454344125,49.8258794538014
451.0,0.0,0.45,0.4500000099460112,3.3326531138941484e-18,5.0893802158022024e-17,2.772972105443674e-18,2.7701283341511748e-18,0.450669018186457,0.45000001076915586,0.450669018186457,1.6625090353105807e-19,0.4506690828253723,0.45000000912286603,0.4506690828253724,1.662509035301342e-19,0.45,0.45066901818645694,0.44993736967082787,2.7707624254574532e-18,0.45,0.4506690828253723,0.4499373637758473,2.7707624254266557e-18,0.45000001077041457,0.4500000091216078,49.939519437092876,49.879038874185746,49.82890938475671,49.827394419550416,49.82739441927907,49.82587945434413,49.8258794538014
452.0,0.0,0.45,0.4500000099460112,3.3326531138941484e-18,5.0893802158022024e-17,2.772972105443674e-18,2.7701283341511748e-18,0.45066901818645705,0.450000010769155,0.45066901818645705,1.662509035310581e-19,0.45066908282537227,0.4500000091228669,0.45066908282537227,1.662509035301342e-19,0.45,0.45066901818645705,0.4499373696708281,2.770762425457453e-18,0.45,0.45066908282537227,0.4499373637758478,2.7707624254266557e-18,0.45000001076999424,0.45000000912202814,49.939519437092876,49.879038874185746,49.82890938475671,49.82739441955042,49.82739441927907,49.825879454344125,49.8258794538014
453.0,0.0,0.45,0.4500000099460112,3.3326531138941484e-18,5.0893802158022024e-17,2.772972105443674e-18,2.7701283341511748e-18,0.45066901818645727,0.45000001076915275,0.45066901818645727,1.662509035310581e-19,0.45066908282537205,0.45000000912286925,0.45066908282537205,1.6625090353013418e-19,0.45,0.45066901818645727,0.4499373696708282,2.770762425457453e-18,0.45,0.45066908282537205,0.4499373637758482,2.7707624254266557e-18,0.4500000107691532,0.4500000091228692,49.939519437092876,49.879038874185746,49.82890938475671,49.82739441955042,49.82739441927905,49.825879454344125,49.8258794538014
454.0,0.0,0.45,0.4500000099460085,3.3326531138941484e-18,5.089380215801533e-17,2.7729721054436745e-18,2.7701283341511748e-18,0.4506690181864634,0.4500000107691004,0.4506690181864631,1.6625090353105812e-19,0.45066908282537543,0.45000000912281507,0.45066908282537654,1.6625090353013418e-19,0.45,0.4506690181864634,0.4499373696708275,2.770762425457453e-18,0.45,0.4506690828253758,0.44993736377584737,2.7707624254266557e-18,0.450000010768669,0.450000009123235,49.939519437092876,49.87903887418575,49.82890938475671,49.82739441955043,49.82739441927905,49.825879454344125,49.8258794538014
455.0,0.0,0.45,0.4500000099460163,3.3326531138941484e-18,5.0893802158033326e-17,2.7729721054436745e-18,2.7701283341511748e-18,0.45066901818643795,0.4500000107693647,0.4506690181864368,1.6625090353105807e-19,0.4506690828253813,0.4500000091227636,0.45066908282538215,1.6625090353013418e-19,0.45,0.45066901818643745,0.4499373696708299,2.770762425457453e-18,0.45,0.45066908282538176,0.4499373637758468,2.7707624254266557e-18,0.45000001076965357,0.45000000912256866,49.939519437092876,49.87903887418575,49.82890938475671,49.827394419550416,49.82739441927905,49.825879454344125,49.8258794538014
456.0,0.0,0.45,0.4500000099460082,3.332653113894148e-18,5.089380215801542e-17,2.7729721054436745e-18,2.770128334151175e-18,0.45066901818633903,0.45000001077032636,0.4506690181863396,1.662509035310581e-19,0.45066908282549584,0.4500000091216357,0.4506690828254955,1.6625090353013415e-19,0.45,0.45066901818633925,0.4499373696708398,2.770762425457453e-18,0.45,0.4506690828254956,0.44993736377583526,2.7707624254266557e-18,0.4500000107686181,0.4500000091232876,49.93951943709287,49.87903887418575,49.82890938475672,49.82739441955042,49.827394419279045,49.825879454344125,49.8258794538014
457.0,0.0,0.45,0.4500000099460112,3.3326531138941484e-18,5.089380215802195e-17,2.772972105443674e-18,2.770128334151175e-18,0.45066901818646177,0.45000001076910456,0.450669018186462,1.6625090353105807e-19,0.4506690828253677,0.45000000912291604,0.45066908282536744,1.662509035301342e-19,0.45,0.4506690181864619,0.44993736967082765,2.7707624254574525e-18,0.45,0.45066908282536755,0.4499373637758482,2.7707624254266557e-18,0.45000001077025126,0.4500000091217698,49.939519437092876,49.879038874185746,49.82890938475672,49.827394419550416,49.82739441927907,49.82587945434412,49.8258794538014
458.0,0.0,0.45,0.4500000099460112,3.3326531138941484e-18,5.089380215802226e-17,2.7729721054436745e-18,2.7701283341511748e-18,0.45066901818651833,0.4500000107685403,0.45066901818651844,1.6625090353105807e-19,0.4506690828253106,0.45000000912348526,0.4506690828253105,1.6625090353013418e-19,0.45,0.4506690181865184,0.4499373696708221,2.7707624254574525e-18,0.45,0.45066908282531054,0.44993736377585425,2.7707624254266557e-18,0.45000001076913454,0.45000000912289195,49.939519437092876,49.87903887418575,49.82890938475671,49.827394419550416,49.82739441927905,49.82587945434412,49.8258794538014
459.0,0.0,0.45,0.4500000099460112,3.3326531138941484e-18,5.0893802158022147e-17,2.772972105443675e-18,2.770128334151175e-18,0.4506690181864871,0.4500000107688555,0.450669018186487,1.6625090353105805e-19,0.45066908282534207,0.45000000912316845,0.45066908282534207,1.662509035301342e-19,0.45,0.4506690181864871,0.4499373696708255,2.7707624254574517e-18,0.45,0.45066908282534207,0.44993736377585175,2.7707624254266565e-18,0.45000001076963075,0.45000000912239374,49.939519437092876,49.87903887418576,49.82890938475672,49.82739441955041,49.82739441927907,49.825879454344104,49.82587945380141
460.0,0.0,0.45,0.4500000099460112,3.332653113894149e-18,5.0893802158021925e-17,2.772972105443676e-18,2.7701283341511767e-18,0.4506690181864415,0.4500000107693121,0.4506690181864414,1.6625090353105802e-19,0.4506690828253879,0.4500000091227085,0.45066908282538803,1.662509035301343e-19,0.45,0.4506690181864415,0.4499373696708305,2.7707624254574486e-18,0.45,0.450669082825388,0.4499373637758482,2.770762425426658e-18,0.4500000107696567,0.45000000912236393,49.93951943709288,49.87903887418578,49.82890938475675,49.8273944195504,49.827394419279095,49.82587945434405,49.825879453801434
461.0,0.0,0.45,0.4500000099460112,3.3326531138941507e-18,5.089380215802191e-17,2.7729721054436788e-18,2.7701283341511805e-18,0.4506690181864553,0.4500000107691722,0.45066901818645533,1.6625090353105793e-19,0.4506690828253742,0.4500000091228482,0.45066908282537416,1.6625090353013454e-19,0.45,0.4506690181864553,0.4499373696708298,2.770762425457442e-18,0.45,0.45066908282537416,0.4499373637758512,2.7707624254266615e-18,0.4500000107703237,0.4500000091216967,49.93951943709291,49.87903887418583,49.82890938475681,49.827394419550366,49.82739441927916,49.825879454343934,49.8258794538015
462.0,0.0,0.45,0.45000000994565925,3.3326531138941434e-18,5.089380215627977e-17,2.7729721054436853e-18,2.770128334151192e-18,0.4506690181878663,0.4500000107548095,0.4506690181878825,1.6625090353105785e-19,0.45066908282674134,0.45000000910891746,0.4506690828267579,1.6625090353013521e-19,0.45,0.4506690181878734,0.4499373696706857,2.770762425457427e-18,0.45,0.4506690828267486,0.4499373637757114,2.7707624254266726e-18,0.4500000107530506,0.45000000910816196,49.939519437092805,49.879038874185945,49.82890938475702,49.827394419550345,49.82739441927936,49.825879454343664,49.8258794538017
463.0,0.0,0.45,0.45000000994576467,3.3326531138941592e-18,5.089380215689709e-17,2.772972105443705e-18,2.770128334151218e-18,0.4506690181875081,0.4500000107582851,0.45066901818753174,1.6625090353105713e-19,0.4506690828260881,0.4500000091153826,0.45066908282610957,1.662509035301367e-19,0.45,0.4506690181875194,0.44993736967072184,2.7707624254573777e-18,0.45,0.45066908282609836,0.44993736377577626,2.7707624254266977e-18,0.4500000107567917,0.4500000091153375,49.93951943709303,49.87903887418629,49.82890938475747,49.82739441955014,49.82739441927979,49.825879454342804,49.82587945380213
464.0,0.0,0.45,0.45000000994601114,3.3326531138941966e-18,5.089380215801378e-17,2.772972105443755e-18,2.7701283341512888e-18,0.4506690181871481,0.4500000107622416,0.4506690181871483,1.6625090353105518e-19,0.4506690828246997,0.4500000091296244,0.4506690828246976,1.662509035301409e-19,0.45,0.45066901818714816,0.44993736967075904,2.7707624254572418e-18,0.45,0.45066908282469864,0.4499373637759149,2.7707624254267655e-18,0.45000001076483565,0.45000000912704086,49.93951943709359,49.879038874187174,49.828909384758724,49.82739441954956,49.82739441928103,49.82587945434041,49.825879453803324
465.0,0.0,0.45,0.4500000099460112,3.3326531138942755e-18,5.089380215802608e-17,2.7729721054438856e-18,2.770128334151474e-18,0.4506690181882606,0.45000001075105384,0.450669018188265,1.6625090353105049e-19,0.45066908282355983,0.45000000914104277,0.4506690828235564,1.662509035301518e-19,0.45,0.45066901818826277,0.4499373696706476,2.7707624254569e-18,0.45,0.45066908282355816,0.44993736377602894,2.7707624254269434e-18,0.45000001073926316,0.45000000915283095,49.939519437094745,49.879038874189476,49.82890938476199,49.827394419548185,49.82739441928423,49.825879454334384,49.825879453806465
466.0,0.0,0.45,0.4500000099460112,3.3326531138945074e-18,5.089380215801939e-17,2.7729721054442727e-18,2.7701283341520206e-18,0.4506690181916146,0.4500000107174325,0.4506690181916244,1.6625090353103655e-19,0.45066908282021984,0.45000000917454763,0.4506690828202094,1.6625090353018396e-19,0.45,0.4506690181916195,0.4499373696703123,2.770762425455889e-18,0.45,0.4506690828202146,0.4499373637763629,2.7707624254274692e-18,0.4500000107369723,0.45000000915500354,49.93951943709815,49.879038874196304,49.82890938477163,49.82739441954409,49.827394419293675,49.82587945431656,49.82587945381573
467.0,0.0,0.45,0.4500000099460353,3.3326531138951102e-18,5.0893802158130566e-17,2.7729721054452765e-18,2.7701283341534412e-18,0.4506690182001408,0.4500000106319263,0.45066901820016697,1.6625090353100036e-19,0.45066908281151313,0.45000000926189787,0.45066908281148393,1.6625090353026762e-19,0.45,0.4506690182001539,0.4499373696694581,2.7707624254532613e-18,0.45,0.4506690828114986,0.4499373637772206,2.7707624254288362e-18,0.45000001063294076,0.4500000092610011,49.93951943710701,49.879038874214,49.82890938479667,49.82739441953346,49.827394419318246,49.82587945427026,49.825879453839825
468.0,0.0,0.45,0.4500000099460107,3.3326531138967627e-18,5.089380215801758e-17,2.772972105448031e-18,2.7701283341573362e-18,0.4506690182237971,0.45000001039462467,0.45066901822387245,1.6625090353090118e-19,0.45066908278803997,0.45000000949732244,0.4506690827879645,1.662509035304969e-19,0.45,0.45066901822383476,0.4499373696670941,2.770762425446059e-18,0.45,0.4506690827880023,0.449937363779581,2.7707624254325826e-18,0.4500000103950207,0.4500000094969231,49.939519437131274,49.87903887426255,49.82890938486533,49.82739441950434,49.82739441938559,49.82587945414333,49.82587945390584
469.0,0.0,0.45,0.45000000994601924,3.332653113901255e-18,5.089380215805142e-17,2.7729721054555163e-18,2.7701283341679242e-18,0.4506690182878801,0.4500000097519429,0.4506690182880805,1.6625090353063155e-19,0.450669082723907,0.4500000101405674,0.4506690827237022,1.662509035311201e-19,0.45,0.45066901828798067,0.44993736966068576,2.7707624254264812e-18,0.45,0.4506690827238041,0.44993736378599425,2.7707624254427665e-18,0.45000001014163493,0.45000000975090726,49.93951943719725,49.8790388743945,49.828909385051965,49.82739441942514,49.827394419568634,49.82587945379832,49.82587945408531
470.0,0.0,0.45,0.45000000994602174,3.3326531139134674e-18,5.089380215806207e-17,2.7729721054758634e-18,2.7701283341967034e-18,0.45066901846231805,0.4500000080022128,0.4506690184628722,1.6625090352989864e-19,0.4506690825495075,0.4500000118903635,0.4506690825489183,1.662509035328142e-19,0.45,0.45066901846259466,0.4499373696432422,2.770762425373263e-18,0.45,0.4506690825492134,0.4499373638034345,2.770762425470449e-18,0.4500000118927824,0.4500000079999482,49.93951943737659,49.87903887475317,49.828909385559285,49.827394419209874,49.82739442006621,49.82587945286048,49.825879454573155
471.0,0.0,0.45,0.4500000099460119,3.3326531139466628e-18,5.0893802158027355e-17,2.7729721055311734e-18,2.7701283342749358e-18,0.45066901893640304,0.450000003247175,0.4506690189379036,1.6625090352790643e-19,0.45066908207541667,0.4500000166449455,0.4506690820739159,1.662509035374194e-19,0.45,0.45066901893715294,0.44993736959583336,2.7707624252286004e-18,0.45,0.4506690820746667,0.4499373638508433,2.7707624255456994e-18,0.45000001665100803,0.4500000032411081,49.939519437864085,49.87903887572817,49.82890938693835,49.82739441862474,49.82739442141881,49.82587945031113,49.82587945589927
472.0,0.0,0.45,0.45000000994601086,3.3326531140368972e-18,5.0893802158032494e-17,2.77297210568152e-18,2.7701283344875893e-18,0.4506690202250569,0.44999999032202964,0.4506690202291321,1.6625090352249103e-19,0.45066908078675083,0.4500000295701854,0.45066908078267737,1.6625090354993729e-19,0.45,0.4506690202270944,0.449937369466969,2.7707624248353713e-18,0.45,0.4506690807847143,0.4499373639797085,2.7707624257502474e-18,0.4500000295906399,0.44999999030156357,49.939519439189226,49.879038878378445,49.82890939068697,49.82739441703417,49.82739442509546,49.82587944338137,49.82587945950395
473.0,0.0,0.45,0.450000009946011,3.3326531142821786e-18,5.0893802158033105e-17,2.772972106090204e-18,2.7701283350656433e-18,0.4506690237280469,0.4499999551868423,0.4506690237391354,1.6625090350777045e-19,0.4506690772837658,0.45000006470534437,0.45066907727267735,1.6625090358396457e-19,0.45,0.45066902373358825,0.4499373691166691,2.7707624237664625e-18,0.45,0.45066907727822453,0.4499373643300083,2.770762426306267e-18,0.45000006476276766,0.4499999551294184,49.93951944279132,49.87903888558265,49.8289094008768,49.82739441271057,49.82739443508966,49.82587942454432,49.82587946930251
474.0,0.0,0.45,0.4500000099460112,3.332653114948925e-18,5.089380215805353e-17,2.7729721072011253e-18,2.7701283366369602e-18,0.45066903325010654,0.4499998596801678,0.45066903328025765,1.6625090346775562e-19,0.4506690677616915,0.4500001602121689,0.45066906773154025,1.6625090367646046e-19,0.45,0.45066903326517455,0.44993736816446317,2.770762420860862e-18,0.45,0.4506690677466234,0.4499373652822157,2.7707624278176885e-18,0.45000016036218643,0.44999985953015026,49.939519452582886,49.879038905165785,49.82890942857569,49.82739440095775,49.82739446225677,49.825879373339816,49.82587949593783
475.0,0.0,0.45,0.45000000994601147,3.332653116761324e-18,5.089380215810827e-17,2.772972110220912e-18,2.7701283409082287e-18,0.45066905913369665,0.4499996000670976,0.450669059215635,1.6625090335898446e-19,0.45066904187816037,0.4500004198246436,0.4506690417962223,1.6625090392788946e-19,0.45,0.45066905917464556,0.4499373655761041,2.7707624129626453e-18,0.45,0.4506690418372116,0.44993736787056887,2.770762431926145e-18,0.4500004202353876,0.44999959965635355,49.93951947919901,49.87903895839804,49.82890950386884,49.827394369010406,49.82739453610437,49.82587923415197,49.8258795683399
476.0,0.0,0.45,0.4500000099460109,3.332653121687901e-18,5.089380215825694e-17,2.7729721184294883e-18,2.77012835251866e-18,0.4506691294926483,0.4499988943646915,0.45066912971537476,1.662509030633158e-19,0.4506689715200937,0.45000112551812965,0.4506689712973721,1.6625090461133974e-19,0.45,0.45066912960395666,0.44993735854020894,2.7707623914932134e-18,0.45,0.45066897140878776,0.4499373749063756,2.7707624430940123e-18,0.4500011266345171,0.44999889324827885,49.939519551548635,49.87903910309735,49.82890970853544,49.8273942821691,49.827394736841605,49.82587885580277,49.82587976514779
477.0,0.0,0.45,0.45000000994601175,3.332653135079478e-18,5.089380215866027e-17,2.7729721407422973e-18,2.7701283840784996e-18,0.45066932074803767,0.44999697606736044,0.45066932135346743,1.6625090225961996e-19,0.4506687802724859,0.4500030437371705,0.4506687796670927,1.662509064691158e-19,0.45,0.45066932105060115,0.44993733941467,2.7707623331343294e-18,0.45,0.4506687799699407,0.4499373940311363,2.7707624734508582e-18,0.4500030467723801,0.449996973031968,49.939519748211666,49.87903949642353,49.82891026486663,49.827394046114364,49.827395282491885,49.82587782736209,49.82588030011716
478.0,0.0,0.45,0.45000000994601186,3.332653171479724e-18,5.0893802159759693e-17,2.7729722013917456e-18,2.770128469862717e-18,0.4506698406341917,0.449991761593736,0.45066984227990664,1.6625090007505816e-19,0.4506682604471389,0.45000825759900576,0.4506682588017081,1.6625091151882035e-19,0.45,0.4506698414566381,0.44993728742605205,2.770762174506425e-18,0.45,0.4506682596248346,0.4499374460136695,2.7707625559651654e-18,0.4500082658437143,0.44999175334760044,49.9395202827703,49.87904056554112,49.828911777055396,49.82739340448334,49.82739676564841,49.82587503191129,49.825881754241436
479.0,0.0,0.45,0.450000009946011,3.3326532704122952e-18,5.089380216273604e-17,2.772972366231451e-18,2.7701287030164466e-18,0.4506712538312483,0.44997758718485525,0.45067125830476995,1.6625089413761713e-19,0.4506668477084247,0.4500224273967451,0.45066684323703327,1.6625092524345984e-19,0.45,0.450671256066892,0.4499371461063489,2.770761743370153e-18,0.45,0.450666845473845,0.4499375872875424,2.7707627802315766e-18,0.4500224498088249,0.4499775647620723,49.939521735652214,49.87904347130583,49.82891588704746,49.82739166058837,49.82740079673347,49.82586743412927,49.82588570641947
480.0,0.0,0.45,0.4500000099460114,3.3326535392388042e-18,5.0893802170831387e-17,2.7729728141454414e-18,2.770129336558088e-18,0.4506750952986298,0.44993905715182425,0.4506751074589262,1.6625087800398665e-19,0.4506630096508109,0.45006092312674895,0.4506629975063211,1.6625096253701114e-19,0.45,0.4506751013757413,0.4499367619596107,2.7707605718564866e-18,0.45,0.4506630035815949,0.4499379710933039,2.7707633896239723e-18,0.4500609840003725,0.4499389961987746,49.93952568352467,49.87905136705317,49.82892705500568,49.82738692195485,49.827411750280014,49.82584678890398,49.82589644555437
481.0,0.0,0.45,0.4500000099460111,3.332654269246184e-18,5.089380219279598e-17,2.7729740304708674e-18,2.7701310569616082e-18,0.4506855374791571,0.4498343217676139,0.4506855705342645,1.662508341925734e-19,0.4506525927011162,0.45016540468604405,0.45065255976282054,1.6625106380889732e-19,0.45,0.4506855539984514,0.4499357177415582,2.7707573905719376e-18,0.45,0.45065257624016947,0.44993901278827336,2.7707650444494078e-18,0.4501655697490879,0.4498341561177672,49.93953640410441,49.879072808219256,49.82895738196985,49.827374054036994,49.827441495002105,49.8257907261041,49.825925608034424
482.0,0.0,0.45,0.4500000099460111,3.3326562481690166e-18,5.089380225221984e-17,2.7729773277172006e-18,2.7701357206758356e-18,0.45071392206189576,0.44954962356613176,0.45071401191353844,1.6625071542746495e-19,0.45062439410947064,0.4504482318212011,0.45062430511758733,1.6625133833933791e-19,0.45,0.4507139669652667,0.4499328792832852,2.7707487666637567e-18,0.45,0.45062434963555154,0.44994183264743687,2.7707695303928722e-18,0.45044867788355103,0.4495491731835288,49.93956546572848,49.879130931485236,49.829039593086364,49.82733917135358,49.82752212776178,49.8256387496207,49.8260046624374
483.0,0.0,0.45,0.4500000099460112,3.33266158754872e-18,5.089380241167429e-17,2.772986224097501e-18,2.770148303956267e-18,0.45079107524685413,0.4487757750905917,0.45079131946306117,1.662503949844492e-19,0.45054860331515506,0.4512083750624546,0.4505483653752109,1.6625207905657595e-19,0.45,0.4507911972939502,0.44992516396478843,2.7707254982880953e-18,0.45,0.45054848440308604,0.44994941172686936,2.7707816340257026e-18,0.45120956766195647,0.44877455095414714,49.939643877601405,49.87928775527883,49.82926140889308,49.82724505354055,49.827739684965685,49.8252286981877,49.82621796103884
484.0,0.0,0.45,0.4500000099460115,3.3326758131703634e-18,5.089380283020729e-17,2.7730099265772658e-18,2.770181829383171e-18,0.45100071886423226,0.4466730488419737,0.45100138220970176,1.662495412334174e-19,0.45034878457251953,0.4532122732691398,0.45034816608546463,1.6625405253732052e-19,0.45,0.451001050371498,0.4499041996030505,2.7706635047385167e-18,0.45,0.4503484754726404,0.4499693936011329,2.7708138815354325e-18,0.45321537289427777,0.4466697238312044,49.93985278906651,49.87970557833372,49.82985238909532,49.826994297006515,49.828319319042905,49.82413620491654,49.82678624899188
485.0,0.0,0.45,0.450000009946011,3.332712473645546e-18,5.089380386595836e-17,2.7730710096131563e-18,2.7702682268754973e-18,0.45156907881196,0.4409724826810728,0.45157087271390683,1.6624734105431322e-19,0.44984844033993127,0.4582288018035611,0.4498469497559961,1.6625913834243785e-19,0.45,0.45156997531975773,0.4498473636082777,2.770503742803385e-18,0.45,0.4498476953500877,0.45001942802439177,2.770896985741376e-18,0.45823626984021604,0.4409634909866543,49.94039116930563,49.880782339116145,49.83137538856779,49.826348079003985,49.82981307871815,49.82132076943483,49.82825076887204
486.0,0.0,0.45,0.450000009946011,3.332799371997662e-18,5.0893806065154814e-17,2.773215798106218e-18,2.7704730196125317e-18,0.453088622287111,0.42573301362221877,0.4530933504820542,1.6624212584931043e-19,0.44875342864139445,0.4692007283314269,0.44875048422338276,1.662711935066019e-19,0.45,0.453090985277986,0.4496954092607627,2.7701250503097985e-18,0.45,0.4487519568024511,0.45012892919424546,2.771093972221475e-18,0.46921546891593485,0.4257093172616468,49.94166732176567,49.88333464465897,49.83498543814294,49.82481631308855,49.83335381960211,49.81464718800745,49.831722201069134
487.0,0.0,0.45,0.4500000099460104,3.332970066331957e-18,5.089380924782853e-17,2.773500205955731e-18,2.770875293679796e-18,0.4568884361288083,0.38763864716004154,0.45689957759616207,1.6623188163307052e-19,0.4470428137464786,0.4863147302830212,0.44703934451118954,1.6629487344771024e-19,0.45,0.45689400479044834,0.4493154278765929,2.7693811853130787e-18,0.45,0.4470410788576222,0.4502999906837371,2.771480912475052e-18,0.48633206283449026,0.38758283617599193,49.94417406659251,49.88834813513316,49.84207665312766,49.82180746851612,49.84030889167504,49.801538283789206,49.83854113023597
488.0,0.0,0.45,0.45000000994505424,3.333208531152882e-18,5.0893810750713796e-17,2.773897531728318e-18,2.7714372817857944e-18,0.46461819437495405,0.3102138121102058,0.46463781981523583,1.6621757018389527e-19,0.44593062342760786,0.4973906292436969,0.4459302194985142,1.6632795498708504e-19,0.45,0.46462800525508013,0.4485424520519907,2.7683419853665413e-18,0.45,0.4459304203700995,0.45041120971558835,2.7720214788265283e-18,0.49739236767646344,0.3101154383082111,49.9476760601338,49.895352122468324,49.85198327849279,49.81760403067704,49.85002532169412,49.78322478251836,49.848067364910754
489.0,0.0,0.45,0.4500000099460114,3.3334210925437257e-18,5.0893808665766256e-17,2.774251697624296e-18,2.771938223328708e-18,0.4758082944095778,0.19824295458363309,0.47583257948713775,1.6620481333816752e-19,0.44666846554166884,0.48996320910624025,0.44667132963259887,1.6635744300897442e-19,0.45,0.4758204363548166,0.447423442048516,2.7674156698563577e-18,0.45,0.4466698972035003,0.450337425504218,2.7725033255872822e-18,0.4899488695274875,0.19812149956279293,49.950797646852436,49.90159529525278,49.86081378601155,49.81385719781738,49.85868629414292,49.76690060897557,49.85655880228507
490.0,0.0,0.45,0.45000000994586076,3.3335469331796666e-18,5.089380554984752e-17,2.774461370964774e-18,2.772234790767328e-18,0.48833272272419376,0.0729837965747191,0.4883580014239239,1.6619726103274096e-19,0.4482174294521201,0.4744724789411714,0.44822036745179494,1.6637490050940058e-19,0.45,0.488345362461234,0.44617099921708137,2.7668672725984333e-18,0.45,0.4482188986543516,0.4501825291132751,2.772788588536945e-18,0.47445779258830895,0.07285752568703555,49.95264568922862,49.90529137922858,49.866041623537896,49.81163899852718,49.86381376355349,49.75723637264319,49.86158590357446
491.0,0.0,0.45,0.4500000099460091,3.333604269378991e-18,5.089380360046772e-17,2.774556903474333e-18,2.7723699144294288e-18,0.49566901921258927,5.108683697864605e-10,0.49566901921249973,1.6619382001120456e-19,0.4495451626937155,0.46120637022526273,0.4495473530815803,1.6638285459030362e-19,0.45,0.4956690192125528,0.44543736956821617,2.7666174088950314e-18,0.45,0.44954625840809165,0.4500497557890118,2.7729185615878102e-18,0.46119544427016446,5.113565258371727e-10,49.95348770441114,49.906975409143605,49.86842355917695,49.8106283307776,49.86614996893937,49.752833101391076,49.86387637870403
492.0,0.0,0.45,0.4500000099460102,3.3336272577306673e-18,5.0893802718859535e-17,2.7745952062376338e-18,2.772424090850682e-18,0.4956690191295319,1.3457507502926303e-09,0.4956690191291843,1.6619244036968542e-19,0.4502488952669074,0.45418941320103046,0.45024972710877514,1.6638604369598565e-19,0.45,0.49566901912936046,0.44543736957652075,2.7665172286567253e-18,0.45,0.4502493113920163,0.4499793825316939,2.7729706729254902e-18,0.45418526418517136,1.3470724273051747e-09,49.95382530162478,49.907650603373554,49.8693785713974,49.81022311413636,49.867086646094315,49.75106765584074,49.864794720792105
493.0,0.0,0.45,0.45000000994601236,3.3336359967685625e-18,5.0893802368130707e-17,2.7746097670596264e-18,2.7724446860544787e-18,0.4956690189029688,3.6134097780817513e-09,0.495669018902059,1.6619191589803213e-19,0.45051349766589627,0.45155121813816707,0.4505138073249638,1.6638725603670485e-19,0.45,0.49566901890251475,0.44543736959917707,2.7664791450708854e-18,0.45,0.4505136525723574,0.44995292229179634,2.7729904830863787e-18,0.4515496736880808,3.6169942133220676e-09,49.9539536394406,49.907907278927624,49.86974161994977,49.81006907075711,49.867442724559226,49.75039652051207,49.865143829169
494.0,0.0,0.45,0.45000000994601114,3.3336392512625675e-18,5.089380223529851e-17,2.7746151896368328e-18,2.772452355888105e-18,0.49566901828984306,9.764373626135045e-09,0.4956690182878322,1.6619172058021176e-19,0.45061163150164807,0.450572806973025,0.4506117459178416,1.663877075229688e-19,0.45,0.49566901828883886,0.4454373696604902,2.766464962411257e-18,0.45,0.45061168873829194,0.44994310890822026,2.7729978605631805e-18,0.45057223631993215,9.774089260875736e-09,49.954001433563604,49.9080028671444,49.869876822398965,49.81001170365845,49.867575331287064,49.75014658386033,49.86527384017529
495.0,0.0,0.45,0.4500000099460106,3.333640453953359e-18,5.0893802185896855e-17,2.7746171935377945e-18,2.772455190257514e-18,0.49566901663240975,2.638776475904692e-08,0.4956690166271469,1.661916484009534e-19,0.4506478410746947,0.45021179455794225,0.45064788323386645,1.663878743686812e-19,0.45,0.4956690166297802,0.4454373698262347,2.766459721241963e-18,0.45,0.45064786216481706,0.4499394879509157,2.773000586892796e-18,0.4502115842894837,2.641395163998581e-08,49.9540190957721,49.90803819155053,49.869926786153684,49.809990503777016,49.867624335798915,49.75005422034467,49.865321885444196
496.0,0.0,0.45,0.45000000994601075,3.3336408971370193e-18,5.0902860040752957e-17,2.7746179319621416e-18,2.7724562347040304e-18,0.4956690230348198,-4.101984959192806e-08,0.4956690233663631,1.661916218031198e-19,0.45066105065533324,0.45008015844361837,0.4506610620556364,1.663879358502307e-19,0.45,0.49566902320258877,0.4454373691859721,2.766457789905494e-18,0.45,0.4506610563081309,0.4499381669928385,2.773001591527358e-18,0.4500800992096293,0.6311756300112301,49.95402560417996,49.90805120836225,49.86994519746923,49.80998269168623,49.86764239363977,49.750020184995655,49.86533958981032
497.0,0.0,0.45,0.45000000994601164,3.3336410602753054e-18,5.089725364049956e-17,2.7746182037801105e-18,2.7724566191704037e-18,0.4956690182925278,9.717251495918616e-09,0.4956690182925874,1.6619161201254689e-19,0.4506660192940407,0.4500305568760936,0.45066602513429965,1.6638795848191934e-19,0.45,0.49566901829256765,0.4454373696602329,2.7664570789701655e-18,0.45,0.450666022215631,0.4499376701289809,2.7730019613387375e-18,0.4500305277478307,0.6308066854376971,49.95402799995986,49.90805599992058,49.86995197477338,49.80997981608194,49.86764904082799,49.75000765640086,49.865346106882605
498.0,0.0,0.45,0.4500000099460117,3.33364112030381e-18,5.0895173219831816e-17,2.7746183037984847e-18,2.772456760638982e-18,0.49566901829164306,9.717253760447262e-09,0.4956690182914531,1.6619160845279472e-19,0.45066786616668925,0.45001214350417545,0.45066786831479777,1.66387966809495e-19,0.45,0.495669018291562,0.4454373696603434,2.766456817373788e-18,0.45,0.4506678672412807,0.44993748544171774,2.7730020974148512e-18,0.45001213279046154,0.6306682321020721,49.954028881513096,49.908057763026505,49.86995446855606,49.80997877054163,49.867651486733095,49.7500030463683,49.86534850491013
499.0,0.0,0.45,0.4500000099460111,3.333641142389267e-18,5.0894407830853707e-17,2.774618340596862e-18,2.7724568126875595e-18,0.4956690182908901,9.717264084877142e-09,0.49566901829088883,1.6619160708413376e-19,0.4506685456316692,0.4500053692085996,0.45066854642215093,1.6638796987334475e-19,0.45,0.49566901829088944,0.4454373696604615,2.7664567211282515e-18,0.45,0.4506685460271078,0.449937417495218,2.773002147479454e-18,0.45000536526606544,0.6306166213411719,49.95402920585078,49.90805841170168,49.86995538605904,49.809978368550105,49.86765238662114,49.750001350262785,49.865349387183244
500.0,0.0,0.45,0.45000000994601086,3.3336411505142025e-18,5.08941262549477e-17,2.7746183541344776e-18,2.772456831835514e-18,0.49566901829024007,9.717264084881286e-09,0.495669018290239,1.6619160659609955e-19,0.4506687955977859,0.4500028770388336,0.4506687958885911,1.6638797100049285e-19,0.45,0.4956690182902397,0.4454373696605924,2.7664566857208445e-18,0.45,0.45066879574326124,0.4499373924986059,2.773002165897531e-18,0.4500028755884404,0.6305979047577202,49.95402932517015,49.908058650340344,49.86995572359574,49.80997822520882,49.867652717677544,49.75000072628893,49.86534971175936
501.0,0.0,0.45,0.4500000099460111,3.333641153503233e-18,5.089402266820257e-17,2.774618359114744e-18,2.772456838879732e-18,0.49566901828958787,9.717264084973234e-09,0.4956690182895869,1.661916064162951e-19,0.45066888755585427,0.4500019602141012,0.4506688876628374,1.663879714151521e-19,0.45,0.4956690182895875,0.44543736966072367,2.7664566726950415e-18,0.45,0.4506688876093725,0.44993738330279953,2.7730021726732397e-18,0.45000195968052314,0.6305951018553124,49.954029369065786,49.90805873813159,49.86995584776995,49.80997817239818,49.86765283946776,49.75000049673922,49.86534983116558
502.0,0.0,0.45,0.450000009946011,3.333641154602841e-18,5.089398456063883e-17,2.7746183609468893e-18,2.7724568414711656e-18,0.4956690182891648,9.717264083229802e-09,0.49566901828916476,1.6619160635003046e-19,0.45066892138545633,0.4500016229319723,0.45066892142481296,1.663879715676974e-19,0.45,0.49566901828916504,0.4454373696608087,2.7664566679030956e-18,0.45,0.4506689214051445,0.4499373799198393,2.773002175165894e-18,0.45000162273568256,0.6305895537862225,49.95402938521416,49.90805877042831,49.86995589345128,49.80997815293549,49.86765288427207,49.75000041229222,49.86534987509286
503.0,0.0,0.45,0.4500000099460112,3.333641155007066e-18,5.089397055187765e-17,2.7746183616204032e-18,2.7724568424238007e-18,0.49566901828896526,9.717264082982918e-09,0.4956690182889648,1.6619160632564034e-19,0.45066893382160905,0.4500014989433031,0.4506689338360956,1.663879716237744e-19,0.45,0.495669018288965,0.44543736966084885,2.7664566661415333e-18,0.45,0.4506689338288557,0.4499373786762583,2.773002176082216e-18,0.4500014988710388,0.6305893802140696,49.95402939115044,49.9080587823009,49.86995591024416,49.80997814577184,49.867652900742534,49.75000038124875,49.865349891240925
504.0,0.0,0.45,0.4500000099460112,3.3336411551562402e-18,5.0893965381701726e-17,2.7746183618689533e-18,2.772456842775357e-18,0.49566901828888216,9.717264082670654e-09,0.49566901828888166,1.6619160631663375e-19,0.4506689384114495,0.45000145318296875,0.4506689384167273,1.663879716444688e-19,0.45,0.4956690182888817,0.4454373696608659,2.766456665491454e-18,0.45,0.4506689384140897,0.44993737821723995,2.7730021764203717e-18,0.4500014531566469,0.6305893161542607,49.95402939334115,49.90805878668229,49.86995591644132,49.80997814312649,49.86765290682072,49.7500003697926,49.86534989720013
505.0,0.0,0.45,0.4500000099460112,3.333641155210195e-18,5.0893963514832837e-17,2.7746183619588527e-18,2.772456842902512e-18,0.495669018288852,9.717264080721398e-09,0.49566901828885207,1.661916063133768e-19,0.4506689400682808,0.4500014366608572,0.45066894007047675,1.6638797165195386e-19,0.45,0.49566901828885207,0.44543736966087205,2.766456665256324e-18,0.45,0.45066894006937924,0.4499373780515568,2.7730021765426806e-18,0.45000143664990183,0.6305892930232752,49.954029394133514,49.90805878826702,49.86995591868279,49.80997814216989,49.86765290901917,49.75000036564898,49.86534989935555
506.0,0.0,0.45,0.4500000099460112,3.3336411552332755e-18,5.089396271390955e-17,2.774618361997309e-18,2.7724568429569054e-18,0.4956690182888295,9.71726408076478e-09,0.4956690182888289,1.661916063119824e-19,0.45066894077945385,0.4500014295716437,0.45066894078014824,1.6638797165515575e-19,0.45,0.495669018288829,0.4454373696608759,2.7664566651557426e-18,0.45,0.4506689407798013,0.4499373779804395,2.7730021765950004e-18,0.4500014295681852,0.6305892830996298,49.95402939447246,49.90805878894492,49.869955919641626,49.80997814176033,49.867652909959595,49.75000036387647,49.865349900277565
507.0,0.0,0.45,0.4500000099460112,3.333641155240683e-18,5.0893962454456e-17,2.7746183620096506e-18,2.7724568429743617e-18,0.4956690182888264,9.717264080875151e-09,0.4956690182888258,1.661916063115336e-19,0.4506689410102104,0.4500014272742028,0.4506689410102294,1.663879716561833e-19,0.45,0.4956690182888258,0.4454373696608766,2.7664566651234637e-18,0.45,0.45066894101022,0.4499373779573639,2.7730021766117914e-18,0.45000142727411213,0.6305892798849336,49.95402939458125,49.908058789162475,49.86995591994935,49.80997814162853,49.867652910261405,49.75000036330762,49.86534990057347
508.0,0.0,0.45,0.4500000099460112,3.3336411552403005e-18,5.08939624664267e-17,2.7746183620090135e-18,2.772456842973461e-18,0.49566901828883136,9.717264081071595e-09,0.49566901828883086,1.66191606311556e-19,0.45066894099978416,0.45000142737965526,0.4506689409997236,1.663879716561303e-19,0.45,0.49566901828883086,0.445437369660876,2.7664566651251292e-18,0.45,0.4506689409997538,0.4499373779584065,2.773002176610925e-18,0.45000142737995635,0.6305892800332535,49.95402939457563,49.90805878915125,49.86995591993347,49.8099781416351,49.86765291024583,49.75000036333697,49.8653499005582
509.0,0.0,0.45,0.4500000099460112,3.3336411552400128e-18,5.089396247977619e-17,2.7746183620085343e-18,2.7724568429727836e-18,0.4956690182888327,9.717264081373193e-09,0.49566901828883236,1.6619160631157508e-19,0.45066894098740895,0.45000142749912186,0.45066894098763394,1.663879716560904e-19,0.45,0.49566901828883236,0.4454373696608758,2.766456665126382e-18,0.45,0.4506689409875213,0.449937377959644,2.7730021766102734e-18,0.45000142749799177,0.6305892801986572,49.9540293945714,49.90805878914281,49.86995591992152,49.809978141640705,49.86765291023412,49.75000036335905,49.86534990054671
510.0,0.0,0.45,0.4500000099460112,3.3336411552425677e-18,5.0893962392083293e-17,2.7746183620127914e-18,2.7724568429788048e-18,0.49566901828882803,9.717264081604443e-09,0.4956690182888282,1.661916063114212e-19,0.45066894106512184,0.4500014267233039,0.45066894106525973,1.6638797165644484e-19,0.45,0.4956690182888282,0.4454373696608764,2.766456665115248e-18,0.45,0.45066894106519084,0.4499373779518728,2.773002176616065e-18,0.45000142672261634,0.6305892791121197,49.954029394608924,49.90805878921784,49.869955920027664,49.80997814159551,49.86765291033822,49.75000036316284,49.86534990064878
511.0,0.0,0.45,0.4500000099460112,3.3336411552427233e-18,5.0893962383412904e-17,2.774618362013051e-18,2.7724568429791715e-18,0.49566901828882776,9.717264081865622e-09,0.4956690182888283,1.661916063114101e-19,0.45066894107332667,0.45000142664529197,0.45066894107319566,1.6638797165646644e-19,0.45,0.4956690182888283,0.44543736966087594,2.76645666511457e-18,0.45,0.4506689410732613,0.44993737795105226,2.773002176616418e-18,0.4500014266459533,0.6305892790046914,49.954029394611204,49.90805878922242,49.86995592003413,49.80997814159225,49.86765291034457,49.750000363150896,49.865349900655
512.0,0.0,0.45,0.4500000099460112,3.3336411552427734e-18,5.089396238209011e-17,2.774618362013134e-18,2.772456842979289e-18,0.49566901828882814,9.717264082255257e-09,0.4956690182888284,1.6619160631140733e-19,0.4506689410744393,0.45000142663374054,0.45066894107433647,1.6638797165647335e-19,0.45,0.4956690182888284,0.44543736966087494,2.7664566651143525e-18,0.45,0.45066894107438793,0.4499373779509409,2.7730021766165308e-18,0.4500014266342572,0.6305892789883016,49.95402939461194,49.90805878922388,49.8699559200362,49.809978141591436,49.8676529103466,49.750000363147066,49.86534990065699
513.0,0.0,0.45,0.4500000099460112,3.3336411552427707e-18,5.089396238387991e-17,2.7746183620131292e-18,2.772456842979283e-18,0.49566901828882937,9.717264082608533e-09,0.4956690182888291,1.661916063114084e-19,0.45066894107258837,0.45000142665023996,0.4506689410726193,1.6638797165647299e-19,0.45,0.4956690182888291,0.4454373696608733,2.7664566651143636e-18,0.45,0.45066894107260375,0.44993737795112587,2.7730021766165246e-18,0.45000142665008247,0.6305892790104777,49.9540293946119,49.9080587892238,49.86995592003609,49.80997814159175,49.867652910346486,49.75000036314725,49.86534990065688
514.0,0.0,0.45,0.4500000099460112,3.3336411552427688e-18,5.089396238454731e-17,2.774618362013126e-18,2.772456842979278e-18,0.49566901828883164,9.71726408276063e-09,0.495669018288831,1.661916063114088e-19,0.45066894107190236,0.4500014266563804,0.4506689410719813,1.6638797165647272e-19,0.45,0.495669018288831,0.44543736966087066,2.766456665114372e-18,0.45,0.4506689410719418,0.4499373779511944,2.77300217661652e-18,0.4500014266559836,0.630589279018747,49.95402939461188,49.908058789223745,49.86995592003601,49.80997814159186,49.867652910346415,49.75000036314741,49.865349900656796
515.0,0.0,0.45,0.4500000099460112,3.333641155242786e-18,5.089396238299359e-17,2.7746183620131546e-18,2.7724568429793186e-18,0.49566901828883025,9.717264082654577e-09,0.4956690182888298,1.6619160631140724e-19,0.45066894107342914,0.4500014266422583,0.45066894107343186,1.663879716564751e-19,0.45,0.49566901828882975,0.44543736966087427,2.7664566651142974e-18,0.45,0.45066894107343053,0.44993737795104194,2.7730021766165593e-18,0.4500014266422457,0.6305892789994959,49.95402939461213,49.90805878922425,49.86995592003672,49.80997814159141,49.86765291034711,49.750000363146086,49.86534990065749
516.0,0.0,0.45,0.4500000099460112,3.333641155242787e-18,5.089396238289463e-17,2.7746183620131566e-18,2.772456842979321e-18,0.4956690182888279,9.717264082522954e-09,0.49566901828882765,1.6619160631140716e-19,0.4506689410735275,0.4500014266413574,0.45066894107352456,1.6638797165647527e-19,0.45,0.49566901828882765,0.44543736966087893,2.7664566651142928e-18,0.45,0.450668941073526,0.44993737795103234,2.7730021766165616e-18,0.45000142664137066,0.6305892789982698,49.95402939461214,49.908058789224285,49.869955920036766,49.80997814159139,49.867652910347154,49.75000036314601,49.865349900657534
517.0,0.0,0.45,0.4500000099460112,3.3336411552427873e-18,5.0893962382890987e-17,2.774618362013157e-18,2.772456842979322e-18,0.49566901828882903,9.717264082119604e-09,0.49566901828882887,1.6619160631140712e-19,0.4506689410735294,0.4500014266413283,0.4506689410735272,1.6638797165647532e-19,0.45,0.49566901828882887,0.44543736966087816,2.7664566651142916e-18,0.45,0.4506689410735283,0.44993737795103206,2.7730021766165624e-18,0.45000142664133846,0.6305892789982246,49.95402939461215,49.90805878922429,49.86995592003678,49.80997814159137,49.867652910347175,49.750000363145986,49.86534990065755
518.0,0.0,0.45,0.4500000099460112,3.333641155242787e-18,5.089396238292421e-17,2.774618362013157e-18,2.772456842979322e-18,0.49566901828883175,9.717264081154675e-09,0.4956690182888316,1.661916063114071e-19,0.4506689410734945,0.4500014266416354,0.45066894107349514,1.6638797165647532e-19,0.45,0.49566901828883153,0.4454373696608755,2.7664566651142916e-18,0.45,0.45066894107349476,0.4499373779510354,2.7730021766165624e-18,0.45000142664163223,0.6305892789986363,49.95402939461214,49.90805878922429,49.86995592003678,49.809978141591365,49.867652910347175,49.750000363145986,49.86534990065755
519.0,0.0,0.45,0.4500000099460112,3.3336411552427873e-18,5.089396238293586e-17,2.774618362013157e-18,2.772456842979322e-18,0.4956690182888342,9.717264079338317e-09,0.495669018288834,1.6619160631140707e-19,0.45066894107348227,0.4500014266417429,0.4506689410734839,1.663879716564753e-19,0.45,0.495669018288834,0.4454373696608745,2.7664566651142916e-18,0.45,0.4506689410734831,0.44993737795103655,2.7730021766165624e-18,0.45000142664173526,0.6305892789987807,49.95402939461215,49.90805878922429,49.86995592003678,49.80997814159136,49.86765291034716,49.750000363145986,49.86534990065755
520.0,0.0,0.45,0.4500000099460112,3.3336411552427873e-18,5.0893962382913457e-17,2.7746183620131573e-18,2.7724568429793225e-18,0.4956690182888305,9.717264077998377e-09,0.4956690182888302,1.6619160631140712e-19,0.4506689410735052,0.45000142664153736,0.4506689410735052,1.6638797165647532e-19,0.45,0.4956690182888302,0.44543736966087627,2.766456665114291e-18,0.45,0.4506689410735052,0.4499373779510344,2.7730021766165627e-18,0.45000142664153714,0.630589278998503,49.95402939461215,49.9080587892243,49.86995592003679,49.80997814159137,49.867652910347175,49.75000036314597,49.865349900657556
521.0,0.0,0.45,0.4500000099460112,3.3336411552427877e-18,5.089396238291229e-17,2.774618362013157e-18,2.7724568429793225e-18,0.49566901828882676,9.717264077989975e-09,0.49566901828882654,1.6619160631140716e-19,0.45066894107350636,0.45000142664152665,0.4506689410735063,1.6638797165647532e-19,0.45,0.4956690182888265,0.4454373696608767,2.7664566651142912e-18,0.45,0.4506689410735063,0.4499373779510343,2.7730021766165627e-18,0.45000142664152687,0.6305892789984886,49.95402939461215,49.90805878922429,49.86995592003679,49.80997814159139,49.867652910347175,49.75000036314598,49.865349900657556
522.0,0.0,0.45,0.4500000099460112,3.3336411552427877e-18,5.089396238291233e-17,2.774618362013157e-18,2.7724568429793225e-18,0.49566901828882726,9.717264077965429e-09,0.4956690182888271,1.6619160631140716e-19,0.4506689410735063,0.45000142664152704,0.45066894107350625,1.6638797165647532e-19,0.45,0.4956690182888271,0.4454373696608766,2.766456665114291e-18,0.45,0.45066894107350625,0.44993737795103433,2.7730021766165627e-18,0.4500014266415272,0.6305892789984892,49.95402939461215,49.90805878922429,49.86995592003679,49.80997814159139,49.867652910347175,49.75000036314597,49.865349900657556
523.0,0.0,0.45,0.4500000099460112,3.3336411552427873e-18,5.089396238291281e-17,2.7746183620131573e-18,2.7724568429793225e-18,0.49566901828882926,9.717264077936322e-09,0.49566901828882914,1.6619160631140714e-19,0.45066894107350575,0.45000142664153153,0.4506689410735058,1.6638797165647532e-19,0.45,0.49566901828882914,0.4454373696608764,2.766456665114291e-18,0.45,0.4506689410735058,0.4499373779510344,2.7730021766165627e-18,0.4500014266415314,0.630589278998495,49.95402939461215,49.9080587892243,49.86995592003679,49.80997814159138,49.867652910347175,49.75000036314597,49.865349900657556
524.0,0.0,0.45,0.4500000099460112,3.3336411552427873e-18,5.0893962382912976e-17,2.7746183620131573e-18,2.7724568429793225e-18,0.49566901828882987,9.717264077914235e-09,0.4956690182888297,1.6619160631140714e-19,0.45066894107350564,0.4500014266415331,0.45066894107350564,1.6638797165647532e-19,0.45,0.49566901828882975,0.4454373696608763,2.766456665114291e-18,0.45,0.45066894107350564,0.4499373779510344,2.7730021766165627e-18,0.4500014266415329,0.630589278998497,49.95402939461215,49.9080587892243,49.86995592003679,49.80997814159138,49.867652910347175,49.75000036314597,49.865349900657556
525.0,0.0,0.45,0.4500000099460112,3.3336411552427873e-18,5.0893962382912686e-17,2.7746183620131573e-18,2.7724568429793225e-18,0.4956690182888287,9.717264077908206e-09,0.49566901828882853,1.6619160631140714e-19,0.4506689410735059,0.45000142664153037,0.4506689410735059,1.6638797165647532e-19,0.45,0.4956690182888286,0.4454373696608765,2.766456665114291e-18,0.45,0.4506689410735059,0.44993737795103433,2.7730021766165624e-18,0.45000142664153037,0.6305892789984936,49.95402939461215,49.9080587892243,49.86995592003679,49.80997814159138,49.867652910347175,49.75000036314597,49.86534990065755
526.0,0.0,0.45,0.4500000099460112,3.3336411552427873e-18,5.089396238291268e-17,2.7746183620131573e-18,2.7724568429793225e-18,0.49566901828882864,9.7172640779048e-09,0.49566901828882853,1.6619160631140714e-19,0.45066894107350597,0.45000142664153026,0.45066894107350597,1.663879716564753e-19,0.45,0.49566901828882853,0.4454373696608765,2.766456665114291e-18,0.45,0.45066894107350597,0.44993737795103433,2.7730021766165624e-18,0.4500014266415303,0.6305892789984935,49.95402939461215,49.9080587892243,49.86995592003679,49.80997814159138,49.86765291034716,49.75000036314597,49.86534990065755
527.0,0.0,0.45,0.4500000099460112,3.3336411552427873e-18,5.089396238291268e-17,2.7746183620131573e-18,2.7724568429793225e-18,0.49566901828882864,9.717264077907157e-09,0.49566901828882853,1.6619160631140714e-19,0.4506689410735059,0.45000142664153026,0.4506689410735059,1.663879716564753e-19,0.45,0.4956690182888285,0.44543736966087644,2.766456665114291e-18,0.45,0.4506689410735059,0.44993737795103433,2.7730021766165624e-18,0.4500014266415303,0.6305892789984935,49.95402939461215,49.9080587892243,49.86995592003679,49.80997814159138,49.86765291034716,49.75000036314597,49.86534990065755
528.0,0.0,0.45,0.4500000099460112,3.3336411552427873e-18,5.089396238291268e-17,2.7746183620131573e-18,2.7724568429793225e-18,0.49566901828882864,9.717264077923774e-09,0.4956690182888285,1.6619160631140714e-19,0.4506689410735059,0.4500014266415303,0.4506689410735059,1.663879716564753e-19,0.45,0.4956690182888285,0.44543736966087644,2.766456665114291e-18,0.45,0.4506689410735059,0.44993737795103433,2.7730021766165624e-18,0.4500014266415303,0.6305892789984935,49.95402939461215,49.9080587892243,49.86995592003679,49.80997814159138,49.86765291034716,49.75000036314597,49.86534990065755
529.0,0.0,0.45,0.4500000099460112,3.3336411552427873e-18,5.089396238291268e-17,2.7746183620131573e-18,2.7724568429793225e-18,0.4956690182888286,9.71726407796314e-09,0.4956690182888284,1.6619160631140714e-19,0.4506689410735059,0.45000142664153037,0.4506689410735059,1.663879716564753e-19,0.45,0.4956690182888284,0.44543736966087644,2.766456665114291e-18,0.45,0.4506689410735059,0.44993737795103433,2.7730021766165624e-18,0.4500014266415303,0.6305892789984935,49.95402939461215,49.9080587892243,49.86995592003679,49.80997814159138,49.86765291034716,49.75000036314597,49.86534990065755
530.0,0.0,0.45,0.4500000099460112,3.3336411552427877e-18,5.089396238291268e-17,2.7746183620131573e-18,2.7724568429793225e-18,0.49566901828882864,9.717264077985665e-09,0.49566901828882853,1.6619160631140714e-19,0.4506689410735059,0.4500014266415303,0.4506689410735059,1.6638797165647532e-19,0.45,0.49566901828882853,0.4454373696608764,2.766456665114291e-18,0.45,0.4506689410735059,0.44993737795103433,2.7730021766165624e-18,0.4500014266415303,0.6305892789984935,49.95402939461215,49.9080587892243,49.86995592003679,49.80997814159138,49.867652910347175,49.75000036314597,49.86534990065755
531.0,0.0,0.45,0.4500000099460112,3.3336411552427877e-18,5.089396238291268e-17,2.7746183620131573e-18,2.7724568429793225e-18,0.4956690182888287,9.7172640779862e-09,0.4956690182888286,1.6619160631140714e-19,0.4506689410735059,0.4500014266415303,0.4506689410735059,1.6638797165647532e-19,0.45,0.4956690182888286,0.4454373696608764,2.766456665114291e-18,0.45,0.4506689410735059,0.44993737795103433,2.7730021766165624e-18,0.4500014266415303,0.6305892789984935,49.95402939461215,49.9080587892243,49.86995592003679,49.80997814159138,49.867652910347175,49.75000036314597,49.86534990065755
532.0,0.0,0.45,0.4500000099460112,3.3336411552427877e-18,5.089396238291268e-17,2.7746183620131573e-18,2.7724568429793225e-18,0.4956690182888287,9.71726407800261e-09,0.49566901828882853,1.6619160631140714e-19,0.4506689410735059,0.4500014266415303,0.4506689410735059,1.6638797165647532e-19,0.45,0.49566901828882853,0.44543736966087644,2.766456665114291e-18,0.45,0.4506689410735059,0.44993737795103433,2.7730021766165624e-18,0.4500014266415303,0.6305892789984935,49.95402939461215,49.9080587892243,49.86995592003679,49.80997814159138,49.867652910347175,49.75000036314597,49.86534990065755
533.0,0.0,0.45,0.4500000099460112,3.3336411552427877e-18,5.089396238291268e-17,2.7746183620131573e-18,2.7724568429793225e-18,0.49566901828882864,9.717264078023558e-09,0.4956690182888285,1.6619160631140714e-19,0.4506689410735059,0.4500014266415303,0.4506689410735059,1.6638797165647532e-19,0.45,0.4956690182888285,0.44543736966087644,2.766456665114291e-18,0.45,0.4506689410735059,0.44993737795103433,2.7730021766165624e-18,0.4500014266415303,0.6305892789984935,49.95402939461215,49.9080587892243,49.86995592003679,49.80997814159138,49.867652910347175,49.75000036314597,49.86534990065755
534.0,0.0,0.45,0.4500000099460112,3.3336411552427877e-18,5.089396238291268e-17,2.7746183620131573e-18,2.7724568429793225e-18,0.49566901828882864,9.717264078037708e-09,0.4956690182888285,1.6619160631140714e-19,0.4506689410735059,0.4500014266415303,0.4506689410735059,1.6638797165647532e-19,0.45,0.4956690182888285,0.44543736966087644,2.766456665114291e-18,0.45,0.4506689410735059,0.44993737795103433,2.7730021766165624e-18,0.4500014266415303,0.6305892789984935,49.95402939461215,49.9080587892243,49.86995592003679,49.80997814159138,49.867652910347175,49.75000036314597,49.86534990065755
535.0,0.0,0.45,0.4500000099460112,3.3336411552427873e-18,5.089396238291268e-17,2.7746183620131573e-18,2.7724568429793225e-18,0.4956690182888287,9.717264078032265e-09,0.49566901828882853,1.6619160631140714e-19,0.4506689410735059,0.4500014266415303,0.4506689410735059,1.663879716564753e-19,0.45,0.49566901828882853,0.44543736966087644,2.766456665114291e-18,0.45,0.4506689410735059,0.44993737795103433,2.7730021766165624e-18,0.4500014266415303,0.6305892789984935,49.95402939461215,49.9080587892243,49.86995592003679,49.80997814159138,49.86765291034716,49.75000036314597,49.86534990065755
536.0,0.0,0.45,0.4500000099460112,3.333641155242787e-18,5.089396238291268e-17,2.7746183620131573e-18,2.7724568429793225e-18,0.49566901828882876,9.717264078031507e-09,0.49566901828882853,1.6619160631140716e-19,0.4506689410735059,0.4500014266415303,0.4506689410735059,1.6638797165647527e-19,0.45,0.49566901828882853,0.44543736966087644,2.766456665114291e-18,0.45,0.4506689410735059,0.44993737795103433,2.7730021766165624e-18,0.4500014266415303,0.6305892789984935,49.95402939461214,49.9080587892243,49.86995592003679,49.80997814159139,49.867652910347154,49.75000036314597,49.86534990065755
537.0,0.0,0.45,0.4500000099460112,3.333641155242787e-18,5.089396238291268e-17,2.7746183620131573e-18,2.7724568429793225e-18,0.4956690182888287,9.717264078043263e-09,0.49566901828882853,1.6619160631140714e-19,0.4506689410735059,0.4500014266415303,0.4506689410735059,1.6638797165647527e-19,0.45,0.49566901828882853,0.44543736966087644,2.766456665114291e-18,0.45,0.4506689410735059,0.44993737795103433,2.7730021766165624e-18,0.4500014266415303,0.6305892789984935,49.95402939461214,49.9080587892243,49.86995592003679,49.80997814159138,49.867652910347154,49.75000036314597,49.86534990065755
538.0,0.0,0.45,0.4500000099460112,3.3336411552427873e-18,5.0893962382912686e-17,2.7746183620131573e-18,2.7724568429793225e-18,0.49566901828882864,9.717264078062783e-09,0.4956690182888285,1.6619160631140714e-19,0.4506689410735059,0.4500014266415303,0.4506689410735059,1.663879716564753e-19,0.45,0.4956690182888285,0.44543736966087644,2.766456665114291e-18,0.45,0.4506689410735059,0.44993737795103433,2.7730021766165624e-18,0.45000142664153037,0.6305892789984936,49.95402939461215,49.9080587892243,49.86995592003679,49.80997814159138,49.86765291034716,49.75000036314597,49.86534990065755
539.0,0.0,0.45,0.4500000099460112,3.3336411552427877e-18,5.089396238291268e-17,2.7746183620131573e-18,2.7724568429793225e-18,0.49566901828882864,9.717264078085322e-09,0.4956690182888285,1.6619160631140714e-19,0.4506689410735059,0.4500014266415303,0.4506689410735059,1.663879716564753e-19,0.45,0.4956690182888285,0.44543736966087644,2.766456665114291e-18,0.45,0.4506689410735059,0.44993737795103433,2.7730021766165624e-18,0.4500014266415303,0.6305892789984935,49.95402939461215,49.9080587892243,49.86995592003679,49.80997814159138,49.86765291034716,49.75000036314597,49.86534990065755
540.0,0.0,0.45,0.4500000099460112,3.3336411552427877e-18,5.0893962382912686e-17,2.7746183620131573e-18,2.7724568429793225e-18,0.4956690182888287,9.717264078090034e-09,0.49566901828882853,1.6619160631140714e-19,0.4506689410735059,0.4500014266415303,0.4506689410735059,1.6638797165647532e-19,0.45,0.49566901828882853,0.44543736966087644,2.766456665114291e-18,0.45,0.4506689410735059,0.44993737795103433,2.7730021766165624e-18,0.45000142664153037,0.6305892789984936,49.95402939461215,49.9080587892243,49.86995592003679,49.80997814159138,49.867652910347175,49.75000036314597,49.86534990065755
541.0,0.0,0.45,0.4500000099460112,3.3336411552427877e-18,5.0893962382912686e-17,2.7746183620131573e-18,2.7724568429793225e-18,0.49566901828882876,9.717264078089251e-09,0.4956690182888286,1.6619160631140714e-19,0.4506689410735059,0.45000142664153037,0.4506689410735059,1.6638797165647532e-19,0.45,0.4956690182888286,0.44543736966087644,2.766456665114291e-18,0.45,0.4506689410735059,0.44993737795103433,2.7730021766165624e-18,0.45000142664153037,0.6305892789984936,49.95402939461215,49.9080587892243,49.86995592003679,49.80997814159138,49.867652910347175,49.75000036314597,49.86534990065755
542.0,0.0,0.45,0.4500000099460112,3.3336411552427877e-18,5.0893962382912686e-17,2.7746183620131573e-18,2.7724568429793225e-18,0.4956690182888287,9.717264078100976e-09,0.49566901828882853,1.6619160631140714e-19,0.4506689410735059,0.45000142664153037,0.4506689410735059,1.6638797165647532e-19,0.45,0.49566901828882853,0.44543736966087644,2.766456665114291e-18,0.45,0.4506689410735059,0.44993737795103433,2.7730021766165624e-18,0.45000142664153037,0.6305892789984936,49.95402939461215,49.9080587892243,49.86995592003679,49.80997814159138,49.867652910347175,49.75000036314597,49.86534990065755
543.0,0.0,0.45,0.4500000099460112,3.3336411552427877e-18,5.0893962382912686e-17,2.7746183620131573e-18,2.7724568429793225e-18,0.49566901828882864,9.717264078120486e-09,0.4956690182888285,1.6619160631140714e-19,0.4506689410735059,0.4500014266415303,0.4506689410735059,1.6638797165647532e-19,0.45,0.4956690182888285,0.44543736966087644,2.766456665114291e-18,0.45,0.4506689410735059,0.44993737795103433,2.7730021766165624e-18,0.45000142664153037,0.6305892789984936,49.95402939461215,49.9080587892243,49.86995592003679,49.80997814159138,49.867652910347175,49.75000036314597,49.86534990065755
544.0,0.0,0.45,0.4500000099460112,3.3336411552427877e-18,5.089396238291268e-17,2.7746183620131573e-18,2.7724568429793225e-18,0.49566901828882864,9.717264078143051e-09,0.4956690182888284,1.6619160631140714e-19,0.4506689410735059,0.4500014266415303,0.4506689410735059,1.663879716564753e-19,0.45,0.4956690182888284,0.44543736966087644,2.766456665114291e-18,0.45,0.4506689410735059,0.44993737795103433,2.7730021766165624e-18,0.4500014266415303,0.6305892789984935,49.95402939461215,49.9080587892243,49.86995592003679,49.80997814159138,49.86765291034716,49.75000036314597,49.86534990065755
545.0,0.0,0.45,0.4500000099460112,3.3336411552427873e-18,5.089396238291268e-17,2.7746183620131573e-18,2.7724568429793225e-18,0.4956690182888287,9.717264078147806e-09,0.49566901828882853,1.6619160631140714e-19,0.4506689410735059,0.4500014266415303,0.4506689410735059,1.6638797165647527e-19,0.45,0.49566901828882853,0.4454373696608765,2.766456665114291e-18,0.45,0.4506689410735059,0.44993737795103433,2.7730021766165624e-18,0.4500014266415303,0.6305892789984935,49.95402939461215,49.9080587892243,49.86995592003679,49.80997814159138,49.867652910347154,49.75000036314597,49.86534990065755
546.0,0.0,0.45,0.4500000099460112,3.3336411552427873e-18,5.089396238291268e-17,2.7746183620131573e-18,2.7724568429793225e-18,0.4956690182888287,9.717264078147046e-09,0.4956690182888286,1.6619160631140714e-19,0.4506689410735059,0.4500014266415303,0.4506689410735059,1.663879716564753e-19,0.45,0.4956690182888286,0.4454373696608765,2.766456665114291e-18,0.45,0.4506689410735059,0.44993737795103433,2.7730021766165624e-18,0.4500014266415303,0.6305892789984935,49.95402939461215,49.9080587892243,49.86995592003679,49.80997814159138,49.86765291034716,49.75000036314597,49.86534990065755
547.0,0.0,0.45,0.4500000099460112,3.3336411552427873e-18,5.089396238291268e-17,2.7746183620131573e-18,2.7724568429793225e-18,0.4956690182888287,9.717264078158797e-09,0.49566901828882853,1.6619160631140714e-19,0.4506689410735059,0.4500014266415303,0.4506689410735059,1.6638797165647532e-19,0.45,0.49566901828882853,0.4454373696608765,2.766456665114291e-18,0.45,0.4506689410735059,0.44993737795103433,2.7730021766165624e-18,0.4500014266415303,0.6305892789984935,49.95402939461215,49.9080587892243,49.86995592003679,49.80997814159138,49.867652910347175,49.75000036314597,49.86534990065755
548.0,0.0,0.45,0.4500000099460112,3.3336411552427873e-18,5.089396238291268e-17,2.7746183620131573e-18,2.7724568429793225e-18,0.49566901828882864,9.71726407817831e-09,0.4956690182888285,1.6619160631140714e-19,0.4506689410735059,0.4500014266415303,0.4506689410735059,1.6638797165647532e-19,0.45,0.4956690182888285,0.44543736966087644,2.766456665114291e-18,0.45,0.4506689410735059,0.44993737795103433,2.7730021766165624e-18,0.4500014266415303,0.6305892789984935,49.95402939461215,49.9080587892243,49.86995592003679,49.80997814159138,49.867652910347175,49.75000036314597,49.86534990065755
549.0,0.0,0.45,0.4500000099460112,3.3336411552427873e-18,5.089396238291268e-17,2.7746183620131573e-18,2.7724568429793225e-18,0.4956690182888286,9.717264078200841e-09,0.4956690182888285,1.6619160631140714e-19,0.4506689410735059,0.4500014266415303,0.4506689410735059,1.663879716564753e-19,0.45,0.4956690182888285,0.44543736966087644,2.766456665114291e-18,0.45,0.4506689410735059,0.44993737795103433,2.7730021766165624e-18,0.4500014266415303,0.6305892789984935,49.95402939461215,49.9080587892243,49.86995592003679,49.80997814159138,49.86765291034716,49.75000036314597,49.86534990065755
550.0,0.0,0.45,0.4500000099460112,3.3336411552427873e-18,5.0893962382912674e-17,2.7746183620131573e-18,2.7724568429793225e-18,0.4956690182888287,9.71726407820555e-09,0.49566901828882853,1.6619160631140714e-19,0.4506689410735059,0.45000142664153026,0.4506689410735059,1.663879716564753e-19,0.45,0.49566901828882853,0.44543736966087644,2.766456665114291e-18,0.45,0.4506689410735059,0.44993737795103433,2.7730021766165624e-18,0.45000142664153026,0.6305892789984934,49.95402939461215,49.9080587892243,49.86995592003679,49.80997814159138,49.86765291034716,49.75000036314597,49.86534990065755
551.0,0.0,0.45,0.4500000099460112,3.3336411552427873e-18,5.0893962382912674e-17,2.7746183620131573e-18,2.7724568429793225e-18,0.49566901828882876,9.717264078204767e-09,0.4956690182888286,1.6619160631140714e-19,0.4506689410735059,0.45000142664153026,0.4506689410735059,1.663879716564753e-19,0.45,0.4956690182888286,0.44543736966087644,2.766456665114291e-18,0.45,0.4506689410735059,0.44993737795103433,2.7730021766165624e-18,0.45000142664153026,0.6305892789984934,49.95402939461215,49.9080587892243,49.86995592003679,49.80997814159138,49.86765291034716,49.75000036314597,49.86534990065755
552.0,0.0,0.45,0.4500000099460112,3.3336411552427873e-18,5.0893962382912674e-17,2.7746183620131573e-18,2.7724568429793225e-18,0.4956690182888287,9.717264078216491e-09,0.49566901828882853,1.6619160631140714e-19,0.4506689410735059,0.45000142664153026,0.4506689410735059,1.663879716564753e-19,0.45,0.49566901828882853,0.44543736966087644,2.766456665114291e-18,0.45,0.4506689410735059,0.44993737795103433,2.7730021766165624e-18,0.45000142664153026,0.6305892789984934,49.95402939461215,49.9080587892243,49.86995592003679,49.80997814159138,49.86765291034716,49.75000036314597,49.86534990065755
553.0,0.0,0.45,0.4500000099460112,3.3336411552427877e-18,5.089396238291268e-17,2.7746183620131573e-18,2.7724568429793225e-18,0.49566901828882864,9.717264078236001e-09,0.4956690182888285,1.6619160631140714e-19,0.4506689410735059,0.4500014266415303,0.4506689410735059,1.6638797165647532e-19,0.45,0.4956690182888285,0.44543736966087644,2.766456665114291e-18,0.45,0.4506689410735059,0.4499373779510344,2.7730021766165624e-18,0.4500014266415303,0.6305892789984935,49.95402939461215,49.9080587892243,49.86995592003679,49.80997814159138,49.867652910347175,49.75000036314597,49.86534990065755
554.0,0.0,0.45,0.4500000099460112,3.3336411552427877e-18,5.089396238291268e-17,2.7746183620131573e-18,2.7724568429793225e-18,0.49566901828882864,9.717264078258567e-09,0.4956690182888284,1.6619160631140714e-19,0.4506689410735059,0.4500014266415303,0.4506689410735059,1.6638797165647532e-19,0.45,0.4956690182888284,0.44543736966087644,2.766456665114291e-18,0.45,0.4506689410735059,0.44993737795103433,2.7730021766165624e-18,0.4500014266415303,0.6305892789984935,49.95402939461215,49.9080587892243,49.86995592003679,49.80997814159138,49.867652910347175,49.75000036314597,49.86534990065755
555.0,0.0,0.45,0.4500000099460112,3.3336411552427873e-18,5.089396238291268e-17,2.7746183620131573e-18,2.7724568429793225e-18,0.4956690182888287,9.717264078263321e-09,0.49566901828882853,1.6619160631140714e-19,0.4506689410735059,0.4500014266415303,0.4506689410735059,1.663879716564753e-19,0.45,0.49566901828882853,0.4454373696608765,2.766456665114291e-18,0.45,0.4506689410735059,0.44993737795103433,2.7730021766165624e-18,0.4500014266415303,0.6305892789984935,49.95402939461215,49.9080587892243,49.86995592003679,49.80997814159138,49.86765291034716,49.75000036314597,49.86534990065755
556.0,0.0,0.45,0.4500000099460112,3.333641155242787e-18,5.0893962382912686e-17,2.7746183620131573e-18,2.7724568429793225e-18,0.4956690182888287,9.717264078262562e-09,0.4956690182888286,1.6619160631140714e-19,0.4506689410735059,0.4500014266415303,0.4506689410735059,1.663879716564753e-19,0.45,0.4956690182888286,0.4454373696608765,2.766456665114291e-18,0.45,0.4506689410735059,0.44993737795103433,2.7730021766165624e-18,0.45000142664153037,0.6305892789984936,49.95402939461214,49.9080587892243,49.86995592003679,49.80997814159138,49.86765291034716,49.75000036314597,49.86534990065755
557.0,0.0,0.45,0.4500000099460112,3.3336411552427873e-18,5.0893962382912686e-17,2.7746183620131573e-18,2.7724568429793225e-18,0.4956690182888287,9.717264078274313e-09,0.49566901828882853,1.6619160631140714e-19,0.4506689410735059,0.4500014266415303,0.4506689410735059,1.6638797165647532e-19,0.45,0.49566901828882853,0.4454373696608765,2.766456665114291e-18,0.45,0.4506689410735059,0.44993737795103433,2.7730021766165624e-18,0.45000142664153037,0.6305892789984936,49.95402939461215,49.9080587892243,49.86995592003679,49.80997814159138,49.867652910347175,49.75000036314597,49.86534990065755
558.0,0.0,0.45,0.4500000099460112,3.3336411552427873e-18,5.089396238291268e-17,2.7746183620131573e-18,2.7724568429793225e-18,0.49566901828882864,9.717264078293826e-09,0.4956690182888285,1.6619160631140714e-19,0.4506689410735059,0.4500014266415303,0.4506689410735059,1.6638797165647532e-19,0.45,0.4956690182888285,0.44543736966087644,2.766456665114291e-18,0.45,0.4506689410735059,0.44993737795103433,2.7730021766165624e-18,0.4500014266415303,0.6305892789984935,49.95402939461215,49.9080587892243,49.86995592003679,49.80997814159138,49.867652910347175,49.75000036314597,49.86534990065755
559.0,0.0,0.45,0.4500000099460112,3.3336411552427877e-18,5.089396238291268e-17,2.7746183620131573e-18,2.7724568429793225e-18,0.4956690182888286,9.717264078316357e-09,0.4956690182888285,1.6619160631140714e-19,0.4506689410735059,0.4500014266415303,0.4506689410735059,1.6638797165647532e-19,0.45,0.4956690182888285,0.44543736966087644,2.766456665114291e-18,0.45,0.4506689410735059,0.44993737795103433,2.7730021766165624e-18,0.4500014266415303,0.6305892789984935,49.95402939461215,49.9080587892243,49.86995592003679,49.80997814159138,49.867652910347175,49.75000036314597,49.86534990065755
560.0,0.0,0.45,0.4500000099460112,3.3336411552427873e-18,5.0893962382912674e-17,2.7746183620131573e-18,2.7724568429793225e-18,0.4956690182888287,9.717264078321065e-09,0.49566901828882853,1.6619160631140714e-19,0.4506689410735059,0.4500014266415303,0.4506689410735059,1.663879716564753e-19,0.45,0.49566901828882853,0.44543736966087644,2.766456665114291e-18,0.45,0.4506689410735059,0.44993737795103433,2.7730021766165624e-18,0.45000142664153026,0.6305892789984934,49.95402939461215,49.9080587892243,49.86995592003679,49.80997814159138,49.86765291034716,49.75000036314597,49.86534990065755
561.0,0.0,0.45,0.4500000099460112,3.3336411552427873e-18,5.0893962382912674e-17,2.7746183620131573e-18,2.7724568429793225e-18,0.49566901828882876,9.717264078320283e-09,0.4956690182888286,1.6619160631140714e-19,0.4506689410735059,0.4500014266415302,0.4506689410735059,1.6638797165647527e-19,0.45,0.4956690182888286,0.44543736966087644,2.766456665114291e-18,0.45,0.4506689410735059,0.44993737795103433,2.7730021766165624e-18,0.45000142664153026,0.6305892789984934,49.95402939461215,49.9080587892243,49.86995592003679,49.80997814159138,49.867652910347154,49.75000036314597,49.86534990065755
562.0,0.0,0.45,0.4500000099460112,3.3336411552427873e-18,5.0893962382912674e-17,2.7746183620131573e-18,2.7724568429793225e-18,0.4956690182888287,9.717264078332007e-09,0.49566901828882853,1.6619160631140714e-19,0.4506689410735059,0.45000142664153026,0.4506689410735059,1.6638797165647527e-19,0.45,0.49566901828882853,0.44543736966087644,2.766456665114291e-18,0.45,0.4506689410735059,0.44993737795103433,2.7730021766165624e-18,0.45000142664153026,0.6305892789984934,49.95402939461215,49.9080587892243,49.86995592003679,49.80997814159138,49.867652910347154,49.75000036314597,49.86534990065755
563.0,0.0,0.45,0.4500000099460112,3.3336411552427877e-18,5.089396238291268e-17,2.7746183620131573e-18,2.7724568429793225e-18,0.49566901828882864,9.717264078351517e-09,0.4956690182888285,1.6619160631140714e-19,0.4506689410735059,0.4500014266415303,0.4506689410735059,1.6638797165647527e-19,0.45,0.4956690182888285,0.44543736966087644,2.766456665114291e-18,0.45,0.4506689410735059,0.44993737795103433,2.7730021766165624e-18,0.4500014266415303,0.6305892789984935,49.95402939461215,49.9080587892243,49.86995592003679,49.80997814159138,49.867652910347154,49.75000036314597,49.86534990065755
564.0,0.0,0.45,0.4500000099460112,3.3336411552427877e-18,5.089396238291268e-17,2.7746183620131573e-18,2.7724568429793225e-18,0.49566901828882864,9.717264078374083e-09,0.4956690182888284,1.6619160631140714e-19,0.4506689410735059,0.4500014266415303,0.4506689410735059,1.663879716564753e-19,0.45,0.4956690182888284,0.44543736966087644,2.766456665114291e-18,0.45,0.4506689410735059,0.4499373779510344,2.7730021766165624e-18,0.4500014266415303,0.6305892789984935,49.95402939461215,49.9080587892243,49.86995592003679,49.80997814159138,49.86765291034716,49.75000036314597,49.86534990065755
565.0,0.0,0.45,0.4500000099460112,3.3336411552427873e-18,5.089396238291268e-17,2.7746183620131573e-18,2.7724568429793225e-18,0.4956690182888287,9.717264078378837e-09,0.49566901828882853,1.6619160631140714e-19,0.4506689410735059,0.4500014266415303,0.4506689410735059,1.663879716564753e-19,0.45,0.49566901828882853,0.4454373696608765,2.766456665114291e-18,0.45,0.4506689410735059,0.44993737795103433,2.7730021766165624e-18,0.4500014266415303,0.6305892789984935,49.95402939461215,49.9080587892243,49.86995592003679,49.80997814159138,49.86765291034716,49.75000036314597,49.86534990065755
566.0,0.0,0.45,0.4500000099460112,3.3336411552427873e-18,5.089396238291268e-17,2.7746183620131573e-18,2.7724568429793225e-18,0.4956690182888287,9.717264078378078e-09,0.4956690182888286,1.6619160631140714e-19,0.4506689410735059,0.4500014266415303,0.4506689410735059,1.6638797165647527e-19,0.45,0.4956690182888286,0.4454373696608765,2.766456665114291e-18,0.45,0.4506689410735059,0.44993737795103433,2.7730021766165624e-18,0.4500014266415303,0.6305892789984935,49.95402939461215,49.9080587892243,49.86995592003679,49.80997814159138,49.867652910347154,49.75000036314597,49.86534990065755
567.0,0.0,0.45,0.4500000099460112,3.3336411552427877e-18,5.089396238291268e-17,2.7746183620131573e-18,2.7724568429793225e-18,0.4956690182888287,9.717264078389829e-09,0.49566901828882853,1.6619160631140714e-19,0.4506689410735059,0.4500014266415303,0.4506689410735059,1.6638797165647527e-19,0.45,0.49566901828882853,0.4454373696608765,2.766456665114291e-18,0.45,0.4506689410735059,0.44993737795103433,2.7730021766165624e-18,0.4500014266415303,0.6305892789984935,49.95402939461215,49.9080587892243,49.86995592003679,49.80997814159138,49.867652910347154,49.75000036314597,49.86534990065755
568.0,0.0,0.45,0.4500000099460112,3.3336411552427877e-18,5.089396238291268e-17,2.7746183620131573e-18,2.7724568429793225e-18,0.49566901828882864,9.717264078409342e-09,0.4956690182888285,1.6619160631140714e-19,0.4506689410735059,0.4500014266415303,0.4506689410735059,1.663879716564753e-19,0.45,0.4956690182888285,0.44543736966087644,2.766456665114291e-18,0.45,0.4506689410735059,0.44993737795103433,2.7730021766165624e-18,0.4500014266415303,0.6305892789984935,49.95402939461215,49.9080587892243,49.86995592003679,49.80997814159138,49.86765291034716,49.75000036314597,49.86534990065755
569.0,0.0,0.45,0.4500000099460112,3.3336411552427873e-18,5.089396238291268e-17,2.7746183620131573e-18,2.7724568429793225e-18,0.4956690182888286,9.717264078431873e-09,0.4956690182888285,1.6619160631140714e-19,0.4506689410735059,0.4500014266415303,0.4506689410735059,1.663879716564753e-19,0.45,0.4956690182888285,0.44543736966087644,2.766456665114291e-18,0.45,0.4506689410735059,0.44993737795103433,2.7730021766165624e-18,0.4500014266415303,0.6305892789984935,49.95402939461215,49.9080587892243,49.86995592003679,49.80997814159138,49.86765291034716,49.75000036314597,49.86534990065755
570.0,0.0,0.45,0.4500000099460112,3.3336411552427873e-18,5.089396238291268e-17,2.7746183620131573e-18,2.7724568429793225e-18,0.4956690182888287,9.717264078436581e-09,0.49566901828882853,1.6619160631140714e-19,0.4506689410735059,0.4500014266415303,0.4506689410735059,1.6638797165647527e-19,0.45,0.49566901828882853,0.44543736966087644,2.766456665114291e-18,0.45,0.4506689410735059,0.44993737795103433,2.7730021766165624e-18,0.4500014266415303,0.6305892789984935,49.95402939461215,49.9080587892243,49.86995592003679,49.80997814159138,49.867652910347154,49.75000036314597,49.86534990065755
571.0,0.0,0.45,0.4500000099460112,3.3336411552427873e-18,5.0893962382912686e-17,2.7746183620131573e-18,2.7724568429793225e-18,0.49566901828882876,9.717264078435799e-09,0.4956690182888286,1.6619160631140714e-19,0.4506689410735059,0.4500014266415303,0.4506689410735059,1.663879716564753e-19,0.45,0.4956690182888286,0.44543736966087644,2.766456665114291e-18,0.45,0.4506689410735059,0.44993737795103433,2.7730021766165624e-18,0.45000142664153037,0.6305892789984936,49.95402939461215,49.9080587892243,49.86995592003679,49.80997814159138,49.86765291034716,49.75000036314597,49.86534990065755
572.0,0.0,0.45,0.4500000099460112,3.3336411552427873e-18,5.0893962382912686e-17,2.7746183620131573e-18,2.7724568429793225e-18,0.4956690182888287,9.717264078447523e-09,0.49566901828882853,1.6619160631140714e-19,0.4506689410735059,0.4500014266415303,0.4506689410735059,1.663879716564753e-19,0.45,0.49566901828882853,0.44543736966087644,2.766456665114291e-18,0.45,0.4506689410735059,0.44993737795103433,2.7730021766165624e-18,0.45000142664153037,0.6305892789984936,49.95402939461215,49.9080587892243,49.86995592003679,49.80997814159138,49.86765291034716,49.75000036314597,49.86534990065755
573.0,0.0,0.45,0.4500000099460112,3.3336411552427877e-18,5.089396238291268e-17,2.7746183620131573e-18,2.7724568429793225e-18,0.49566901828882864,9.717264078467033e-09,0.4956690182888285,1.6619160631140714e-19,0.4506689410735059,0.4500014266415303,0.4506689410735059,1.663879716564753e-19,0.45,0.4956690182888285,0.44543736966087644,2.766456665114291e-18,0.45,0.4506689410735059,0.44993737795103433,2.7730021766165624e-18,0.4500014266415303,0.6305892789984935,49.95402939461215,49.9080587892243,49.86995592003679,49.80997814159138,49.86765291034716,49.75000036314597,49.86534990065755
574.0,0.0,0.45,0.4500000099460112,3.3336411552427877e-18,5.089396238291268e-17,2.7746183620131573e-18,2.7724568429793225e-18,0.49566901828882864,9.717264078489598e-09,0.4956690182888284,1.6619160631140714e-19,0.4506689410735059,0.4500014266415303,0.4506689410735059,1.663879716564753e-19,0.45,0.4956690182888284,0.44543736966087644,2.766456665114291e-18,0.45,0.4506689410735059,0.44993737795103433,2.7730021766165624e-18,0.4500014266415303,0.6305892789984935,49.95402939461215,49.9080587892243,49.86995592003679,49.80997814159138,49.86765291034716,49.75000036314597,49.86534990065755
575.0,0.0,0.45,0.4500000099460112,3.3336411552427877e-18,5.089396238291268e-17,2.7746183620131573e-18,2.7724568429793225e-18,0.4956690182888287,9.717264078494353e-09,0.49566901828882853,1.6619160631140714e-19,0.4506689410735059,0.4500014266415303,0.4506689410735059,1.6638797165647532e-19,0.45,0.49566901828882853,0.4454373696608765,2.766456665114291e-18,0.45,0.4506689410735059,0.44993737795103433,2.7730021766165624e-18,0.4500014266415303,0.6305892789984935,49.95402939461215,49.9080587892243,49.86995592003679,49.80997814159138,49.867652910347175,49.75000036314597,49.86534990065755
576.0,0.0,0.45,0.4500000099460112,3.3336411552427877e-18,5.089396238291268e-17,2.7746183620131573e-18,2.7724568429793225e-18,0.4956690182888287,9.717264078493594e-09,0.4956690182888286,1.6619160631140714e-19,0.4506689410735059,0.4500014266415303,0.4506689410735059,1.663879716564753e-19,0.45,0.4956690182888286,0.4454373696608765,2.766456665114291e-18,0.45,0.4506689410735059,0.44993737795103433,2.7730021766165624e-18,0.4500014266415303,0.6305892789984935,49.95402939461215,49.9080587892243,49.86995592003679,49.80997814159138,49.86765291034716,49.75000036314597,49.86534990065755
577.0,0.0,0.45,0.4500000099460112,3.3336411552427873e-18,5.089396238291268e-17,2.7746183620131573e-18,2.7724568429793225e-18,0.4956690182888287,9.717264078505345e-09,0.49566901828882853,1.6619160631140714e-19,0.4506689410735059,0.4500014266415303,0.4506689410735059,1.663879716564753e-19,0.45,0.49566901828882853,0.4454373696608765,2.766456665114291e-18,0.45,0.4506689410735059,0.44993737795103433,2.7730021766165624e-18,0.4500014266415303,0.6305892789984935,49.95402939461215,49.9080587892243,49.86995592003679,49.80997814159138,49.86765291034716,49.75000036314597,49.86534990065755
578.0,0.0,0.45,0.4500000099460112,3.3336411552427873e-18,5.0893962382912674e-17,2.7746183620131573e-18,2.7724568429793225e-18,0.49566901828882864,9.717264078524858e-09,0.4956690182888285,1.6619160631140714e-19,0.4506689410735059,0.45000142664153026,0.4506689410735059,1.6638797165647527e-19,0.45,0.4956690182888285,0.44543736966087644,2.766456665114291e-18,0.45,0.4506689410735059,0.44993737795103433,2.7730021766165624e-18,0.45000142664153026,0.6305892789984934,49.95402939461215,49.9080587892243,49.86995592003679,49.80997814159138,49.867652910347154,49.75000036314597,49.86534990065755
579.0,0.0,0.45,0.4500000099460112,3.3336411552427873e-18,5.0893962382912674e-17,2.7746183620131573e-18,2.7724568429793225e-18,0.4956690182888286,9.717264078547389e-09,0.4956690182888285,1.6619160631140714e-19,0.4506689410735059,0.45000142664153026,0.4506689410735059,1.663879716564753e-19,0.45,0.4956690182888285,0.44543736966087644,2.766456665114291e-18,0.45,0.4506689410735059,0.44993737795103433,2.7730021766165624e-18,0.45000142664153026,0.6305892789984934,49.95402939461215,49.9080587892243,49.86995592003679,49.80997814159138,49.86765291034716,49.75000036314597,49.86534990065755
580.0,0.0,0.45,0.4500000099460112,3.3336411552427877e-18,5.089396238291268e-17,2.7746183620131573e-18,2.7724568429793225e-18,0.4956690182888287,9.717264078552097e-09,0.49566901828882853,1.6619160631140714e-19,0.4506689410735059,0.4500014266415303,0.4506689410735059,1.6638797165647532e-19,0.45,0.49566901828882853,0.44543736966087644,2.766456665114291e-18,0.45,0.4506689410735059,0.44993737795103433,2.7730021766165624e-18,0.4500014266415303,0.6305892789984935,49.95402939461215,49.9080587892243,49.86995592003679,49.80997814159138,49.867652910347175,49.75000036314597,49.86534990065755
581.0,0.0,0.45,0.4500000099460112,3.3336411552427877e-18,5.0893962382912686e-17,2.7746183620131573e-18,2.7724568429793225e-18,0.49566901828882876,9.717264078551314e-09,0.4956690182888286,1.6619160631140714e-19,0.4506689410735059,0.4500014266415303,0.4506689410735059,1.663879716564753e-19,0.45,0.4956690182888286,0.44543736966087644,2.766456665114291e-18,0.45,0.4506689410735059,0.44993737795103433,2.7730021766165624e-18,0.45000142664153037,0.6305892789984936,49.95402939461215,49.9080587892243,49.86995592003679,49.80997814159138,49.86765291034716,49.75000036314597,49.86534990065755
582.0,0.0,0.45,0.4500000099460112,3.3336411552427877e-18,5.089396238291268e-17,2.7746183620131573e-18,2.7724568429793225e-18,0.4956690182888287,9.717264078563039e-09,0.49566901828882853,1.6619160631140714e-19,0.4506689410735059,0.4500014266415303,0.4506689410735059,1.663879716564753e-19,0.45,0.49566901828882853,0.44543736966087644,2.766456665114291e-18,0.45,0.4506689410735059,0.44993737795103433,2.7730021766165624e-18,0.4500014266415303,0.6305892789984935,49.95402939461215,49.9080587892243,49.86995592003679,49.80997814159138,49.86765291034716,49.75000036314597,49.86534990065755
583.0,0.0,0.45,0.4500000099460112,3.3336411552427873e-18,5.089396238291268e-17,2.7746183620131573e-18,2.7724568429793225e-18,0.49566901828882864,9.717264078582549e-09,0.4956690182888285,1.6619160631140714e-19,0.4506689410735059,0.4500014266415303,0.4506689410735059,1.6638797165647527e-19,0.45,0.4956690182888285,0.44543736966087644,2.766456665114291e-18,0.45,0.4506689410735059,0.44993737795103433,2.7730021766165624e-18,0.4500014266415303,0.6305892789984935,49.95402939461215,49.9080587892243,49.86995592003679,49.80997814159138,49.867652910347154,49.75000036314597,49.86534990065755
584.0,0.0,0.45,0.4500000099460112,3.3336411552427873e-18,5.0893962382912674e-17,2.7746183620131573e-18,2.7724568429793225e-18,0.49566901828882864,9.717264078605114e-09,0.4956690182888284,1.6619160631140714e-19,0.4506689410735059,0.4500014266415303,0.4506689410735059,1.663879716564753e-19,0.45,0.4956690182888284,0.44543736966087644,2.766456665114291e-18,0.45,0.4506689410735059,0.44993737795103433,2.7730021766165624e-18,0.45000142664153026,0.6305892789984934,49.95402939461215,49.9080587892243,49.86995592003679,49.80997814159138,49.86765291034716,49.75000036314597,49.86534990065755
585.0,0.0,0.45,0.4500000099460112,3.3336411552427877e-18,5.0893962382912674e-17,2.7746183620131573e-18,2.7724568429793225e-18,0.4956690182888287,9.717264078609869e-09,0.49566901828882853,1.6619160631140714e-19,0.4506689410735059,0.4500014266415303,0.4506689410735059,1.6638797165647532e-19,0.45,0.49566901828882853,0.4454373696608765,2.766456665114291e-18,0.45,0.4506689410735059,0.44993737795103433,2.7730021766165624e-18,0.45000142664153026,0.6305892789984934,49.95402939461215,49.9080587892243,49.86995592003679,49.80997814159138,49.867652910347175,49.75000036314597,49.86534990065755
586.0,0.0,0.45,0.4500000099460112,3.3336411552427873e-18,5.089396238291268e-17,2.7746183620131573e-18,2.7724568429793225e-18,0.4956690182888287,9.71726407860911e-09,0.4956690182888286,1.6619160631140714e-19,0.4506689410735059,0.45000142664153026,0.4506689410735059,1.663879716564753e-19,0.45,0.4956690182888286,0.4454373696608765,2.766456665114291e-18,0.45,0.4506689410735059,0.44993737795103433,2.7730021766165624e-18,0.4500014266415303,0.6305892789984935,49.95402939461215,49.9080587892243,49.86995592003679,49.80997814159138,49.86765291034716,49.75000036314597,49.86534990065755
587.0,0.0,0.45,0.4500000099460112,3.3336411552427873e-18,5.089396238291268e-17,2.7746183620131573e-18,2.7724568429793225e-18,0.4956690182888287,9.71726407862086e-09,0.49566901828882853,1.6619160631140714e-19,0.4506689410735059,0.4500014266415303,0.4506689410735059,1.663879716564753e-19,0.45,0.49566901828882853,0.4454373696608765,2.766456665114291e-18,0.45,0.4506689410735059,0.44993737795103433,2.7730021766165624e-18,0.4500014266415303,0.6305892789984935,49.95402939461215,49.9080587892243,49.86995592003679,49.80997814159138,49.86765291034716,49.75000036314597,49.86534990065755
588.0,0.0,0.45,0.4500000099460112,3.3336411552427873e-18,5.0893962382912674e-17,2.7746183620131573e-18,2.7724568429793225e-18,0.49566901828882864,9.717264078640374e-09,0.4956690182888285,1.6619160631140714e-19,0.4506689410735059,0.4500014266415303,0.4506689410735059,1.6638797165647527e-19,0.45,0.4956690182888285,0.44543736966087644,2.766456665114291e-18,0.45,0.4506689410735059,0.44993737795103433,2.7730021766165624e-18,0.45000142664153026,0.6305892789984934,49.95402939461215,49.9080587892243,49.86995592003679,49.80997814159138,49.867652910347154,49.75000036314597,49.86534990065755
589.0,0.0,0.45,0.4500000099460112,3.3336411552427873e-18,5.0893962382912674e-17,2.7746183620131573e-18,2.7724568429793225e-18,0.4956690182888286,9.717264078662904e-09,0.4956690182888285,1.6619160631140714e-19,0.4506689410735059,0.45000142664153026,0.4506689410735059,1.6638797165647527e-19,0.45,0.4956690182888285,0.44543736966087644,2.766456665114291e-18,0.45,0.4506689410735059,0.44993737795103433,2.7730021766165624e-18,0.45000142664153026,0.6305892789984934,49.95402939461215,49.9080587892243,49.86995592003679,49.80997814159138,49.867652910347154,49.75000036314597,49.86534990065755
590.0,0.0,0.45,0.4500000099460112,3.3336411552427873e-18,5.089396238291268e-17,2.7746183620131573e-18,2.7724568429793225e-18,0.4956690182888287,9.717264078667613e-09,0.49566901828882853,1.6619160631140714e-19,0.4506689410735059,0.4500014266415303,0.4506689410735059,1.6638797165647527e-19,0.45,0.49566901828882853,0.44543736966087644,2.766456665114291e-18,0.45,0.4506689410735059,0.44993737795103433,2.7730021766165624e-18,0.4500014266415303,0.6305892789984935,49.95402939461215,49.9080587892243,49.86995592003679,49.80997814159138,49.867652910347154,49.75000036314597,49.86534990065755
591.0,0.0,0.45,0.4500000099460112,3.3336411552427873e-18,5.089396238291268e-17,2.7746183620131573e-18,2.7724568429793225e-18,0.49566901828882876,9.71726407866683e-09,0.4956690182888286,1.6619160631140714e-19,0.4506689410735059,0.4500014266415303,0.4506689410735059,1.663879716564753e-19,0.45,0.4956690182888286,0.44543736966087644,2.766456665114291e-18,0.45,0.4506689410735059,0.44993737795103433,2.7730021766165624e-18,0.4500014266415303,0.6305892789984935,49.95402939461215,49.9080587892243,49.86995592003679,49.80997814159138,49.86765291034716,49.75000036314597,49.86534990065755
592.0,0.0,0.45,0.4500000099460112,3.3336411552427873e-18,5.089396238291268e-17,2.7746183620131573e-18,2.7724568429793225e-18,0.4956690182888287,9.717264078678555e-09,0.49566901828882853,1.6619160631140714e-19,0.4506689410735059,0.4500014266415303,0.4506689410735059,1.6638797165647532e-19,0.45,0.49566901828882853,0.44543736966087644,2.766456665114291e-18,0.45,0.4506689410735059,0.44993737795103433,2.7730021766165624e-18,0.4500014266415303,0.6305892789984935,49.95402939461215,49.9080587892243,49.86995592003679,49.80997814159138,49.867652910347175,49.75000036314597,49.86534990065755
593.0,0.0,0.45,0.4500000099460112,3.3336411552427877e-18,5.089396238291268e-17,2.7746183620131573e-18,2.7724568429793225e-18,0.49566901828882864,9.717264078698064e-09,0.4956690182888285,1.6619160631140714e-19,0.4506689410735059,0.4500014266415303,0.4506689410735059,1.6638797165647532e-19,0.45,0.4956690182888285,0.44543736966087644,2.766456665114291e-18,0.45,0.4506689410735059,0.44993737795103433,2.7730021766165624e-18,0.4500014266415303,0.6305892789984935,49.95402939461215,49.9080587892243,49.86995592003679,49.80997814159138,49.867652910347175,49.75000036314597,49.86534990065755
594.0,0.0,0.45,0.4500000099460112,3.3336411552427877e-18,5.089396238291268e-17,2.7746183620131573e-18,2.7724568429793225e-18,0.49566901828882864,9.71726407872063e-09,0.4956690182888284,1.6619160631140714e-19,0.4506689410735059,0.4500014266415303,0.4506689410735059,1.6638797165647532e-19,0.45,0.4956690182888284,0.44543736966087644,2.766456665114291e-18,0.45,0.4506689410735059,0.44993737795103433,2.7730021766165624e-18,0.4500014266415303,0.6305892789984935,49.95402939461215,49.9080587892243,49.86995592003679,49.80997814159138,49.867652910347175,49.75000036314597,49.86534990065755
595.0,0.0,0.45,0.4500000099460112,3.3336411552427873e-18,5.0893962382912686e-17,2.7746183620131573e-18,2.7724568429793225e-18,0.4956690182888287,9.717264078725385e-09,0.49566901828882853,1.6619160631140714e-19,0.4506689410735059,0.4500014266415303,0.4506689410735059,1.6638797165647532e-19,0.45,0.49566901828882853,0.4454373696608765,2.766456665114291e-18,0.45,0.4506689410735059,0.44993737795103433,2.7730021766165624e-18,0.45000142664153037,0.6305892789984936,49.95402939461215,49.9080587892243,49.86995592003679,49.80997814159138,49.867652910347175,49.75000036314597,49.86534990065755
596.0,0.0,0.45,0.4500000099460112,3.3336411552427873e-18,5.089396238291268e-17,2.7746183620131573e-18,2.7724568429793225e-18,0.4956690182888287,9.717264078724625e-09,0.4956690182888286,1.6619160631140714e-19,0.4506689410735059,0.45000142664153026,0.4506689410735059,1.6638797165647532e-19,0.45,0.4956690182888286,0.4454373696608765,2.766456665114291e-18,0.45,0.4506689410735059,0.44993737795103433,2.7730021766165624e-18,0.4500014266415303,0.6305892789984935,49.95402939461215,49.9080587892243,49.86995592003679,49.80997814159138,49.867652910347175,49.75000036314597,49.86534990065755
597.0,0.0,0.45,0.4500000099460112,3.3336411552427873e-18,5.089396238291268e-17,2.7746183620131573e-18,2.7724568429793225e-18,0.4956690182888287,9.717264078736376e-09,0.49566901828882853,1.6619160631140714e-19,0.4506689410735059,0.45000142664153026,0.4506689410735059,1.6638797165647532e-19,0.45,0.49566901828882853,0.4454373696608765,2.766456665114291e-18,0.45,0.4506689410735059,0.44993737795103433,2.7730021766165624e-18,0.4500014266415303,0.6305892789984935,49.95402939461215,49.9080587892243,49.86995592003679,49.80997814159138,49.867652910347175,49.75000036314597,49.86534990065755
598.0,0.0,0.45,0.4500000099460112,3.3336411552427873e-18,5.0893962382912686e-17,2.7746183620131573e-18,2.7724568429793225e-18,0.49566901828882864,9.71726407875589e-09,0.4956690182888285,1.6619160631140714e-19,0.4506689410735059,0.4500014266415303,0.4506689410735059,1.6638797165647532e-19,0.45,0.4956690182888285,0.44543736966087644,2.766456665114291e-18,0.45,0.4506689410735059,0.44993737795103433,2.7730021766165624e-18,0.45000142664153037,0.6305892789984936,49.95402939461215,49.9080587892243,49.86995592003679,49.80997814159138,49.867652910347175,49.75000036314597,49.86534990065755
599.0,0.0,0.45,0.4500000099460112,3.3336411552427877e-18,5.0893962382912686e-17,2.7746183620131573e-18,2.7724568429793225e-18,0.4956690182888286,9.71726407877842e-09,0.4956690182888285,1.6619160631140714e-19,0.4506689410735059,0.45000142664153037,0.4506689410735059,1.6638797165647532e-19,0.45,0.4956690182888285,0.44543736966087644,2.766456665114291e-18,0.45,0.4506689410735059,0.4499373779510344,2.7730021766165624e-18,0.45000142664153037,0.6305892789984936,49.95402939461215,49.9080587892243,49.86995592003679,49.80997814159138,49.867652910347175,49.75000036314597,49.86534990065755
600.0,0.0,0.45,0.4500000099460112,3.3336411552427873e-18,5.089396238291268e-17,2.7746183620131573e-18,2.7724568429793225e-18,0.4956690182888287,9.717264078783128e-09,0.49566901828882853,1.6619160631140714e-19,0.4506689410735059,0.4500014266415303,0.4506689410735059,1.663879716564753e-19,0.45,0.49566901828882853,0.44543736966087644,2.766456665114291e-18,0.45,0.4506689410735059,0.44993737795103433,2.7730021766165624e-18,0.4500014266415303,0.6305892789984935,49.95402939461215,49.9080587892243,49.86995592003679,49.80997814159138,49.86765291034716,49.75000036314597,49.86534990065755
601.0,0.0,0.45,0.4500000099460112,3.3336411552427873e-18,5.089396238291268e-17,2.7746183620131573e-18,2.7724568429793225e-18,0.49566901828882876,9.717264078782346e-09,0.4956690182888286,1.6619160631140714e-19,0.4506689410735059,0.45000142664153026,0.4506689410735059,1.6638797165647527e-19,0.45,0.4956690182888286,0.44543736966087644,2.766456665114291e-18,0.45,0.4506689410735059,0.44993737795103433,2.7730021766165624e-18,0.4500014266415303,0.6305892789984935,49.95402939461215,49.9080587892243,49.86995592003679,49.80997814159138,49.867652910347154,49.75000036314597,49.86534990065755
602.0,0.0,0.45,0.4500000099460112,3.3336411552427873e-18,5.0893962382912674e-17,2.7746183620131573e-18,2.7724568429793225e-18,0.4956690182888287,9.71726407879407e-09,0.49566901828882853,1.6619160631140714e-19,0.4506689410735059,0.45000142664153026,0.4506689410735059,1.6638797165647527e-19,0.45,0.49566901828882853,0.44543736966087644,2.766456665114291e-18,0.45,0.4506689410735059,0.44993737795103433,2.7730021766165624e-18,0.45000142664153026,0.6305892789984934,49.95402939461215,49.9080587892243,49.86995592003679,49.80997814159138,49.867652910347154,49.75000036314597,49.86534990065755
603.0,0.0,0.45,0.4500000099460112,3.3336411552427873e-18,5.0893962382912674e-17,2.7746183620131573e-18,2.7724568429793225e-18,0.49566901828882864,9.71726407881358e-09,0.4956690182888285,1.6619160631140714e-19,0.4506689410735059,0.45000142664153026,0.4506689410735059,1.663879716564753e-19,0.45,0.4956690182888285,0.44543736966087644,2.766456665114291e-18,0.45,0.4506689410735059,0.44993737795103433,2.7730021766165624e-18,0.45000142664153026,0.6305892789984934,49.95402939461215,49.9080587892243,49.86995592003679,49.80997814159138,49.86765291034716,49.75000036314597,49.86534990065755
604.0,0.0,0.45,0.4500000099460112,3.3336411552427873e-18,5.0893962382912674e-17,2.7746183620131573e-18,2.7724568429793225e-18,0.49566901828882864,9.717264078836146e-09,0.4956690182888284,1.6619160631140714e-19,0.4506689410735059,0.45000142664153026,0.4506689410735059,1.663879716564753e-19,0.45,0.4956690182888284,0.44543736966087644,2.766456665114291e-18,0.45,0.4506689410735059,0.44993737795103433,2.7730021766165624e-18,0.45000142664153026,0.6305892789984934,49.95402939461215,49.9080587892243,49.86995592003679,49.80997814159138,49.86765291034716,49.75000036314597,49.86534990065755
605.0,0.0,0.45,0.4500000099460112,3.3336411552427873e-18,5.089396238291268e-17,2.7746183620131573e-18,2.7724568429793225e-18,0.4956690182888287,9.7172640788409e-09,0.49566901828882853,1.6619160631140714e-19,0.4506689410735059,0.4500014266415303,0.4506689410735059,1.6638797165647527e-19,0.45,0.49566901828882853,0.4454373696608765,2.766456665114291e-18,0.45,0.4506689410735059,0.44993737795103433,2.7730021766165624e-18,0.4500014266415303,0.6305892789984935,49.95402939461215,49.9080587892243,49.86995592003679,49.80997814159138,49.867652910347154,49.75000036314597,49.86534990065755
606.0,0.0,0.45,0.4500000099460112,3.3336411552427873e-18,5.089396238291268e-17,2.7746183620131573e-18,2.7724568429793225e-18,0.4956690182888287,9.717264078840141e-09,0.4956690182888286,1.6619160631140714e-19,0.4506689410735059,0.4500014266415303,0.4506689410735059,1.663879716564753e-19,0.45,0.4956690182888286,0.4454373696608765,2.766456665114291e-18,0.45,0.4506689410735059,0.44993737795103433,2.7730021766165624e-18,0.4500014266415303,0.6305892789984935,49.95402939461215,49.9080587892243,49.86995592003679,49.80997814159138,49.86765291034716,49.75000036314597,49.86534990065755
607.0,0.0,0.45,0.4500000099460112,3.3336411552427873e-18,5.089396238291268e-17,2.7746183620131573e-18,2.7724568429793225e-18,0.4956690182888287,9.717264078851892e-09,0.49566901828882853,1.6619160631140714e-19,0.4506689410735059,0.45000142664153037,0.4506689410735059,1.6638797165647532e-19,0.45,0.49566901828882853,0.4454373696608765,2.766456665114291e-18,0.45,0.4506689410735059,0.44993737795103433,2.7730021766165624e-18,0.4500014266415303,0.6305892789984935,49.95402939461215,49.9080587892243,49.86995592003679,49.80997814159138,49.867652910347175,49.75000036314597,49.86534990065755
608.0,0.0,0.45,0.4500000099460112,3.3336411552427877e-18,5.089396238291268e-17,2.7746183620131573e-18,2.7724568429793225e-18,0.49566901828882864,9.717264078871405e-09,0.4956690182888285,1.6619160631140714e-19,0.4506689410735059,0.4500014266415303,0.4506689410735059,1.6638797165647532e-19,0.45,0.4956690182888285,0.44543736966087644,2.766456665114291e-18,0.45,0.4506689410735059,0.44993737795103433,2.7730021766165624e-18,0.4500014266415303,0.6305892789984935,49.95402939461215,49.9080587892243,49.86995592003679,49.80997814159138,49.867652910347175,49.75000036314597,49.86534990065755
609.0,0.0,0.45,0.4500000099460112,3.3336411552427877e-18,5.089396238291268e-17,2.7746183620131573e-18,2.7724568429793225e-18,0.4956690182888286,9.717264078893936e-09,0.4956690182888285,1.6619160631140714e-19,0.4506689410735059,0.4500014266415303,0.4506689410735059,1.663879716564753e-19,0.45,0.4956690182888285,0.44543736966087644,2.766456665114291e-18,0.45,0.4506689410735059,0.44993737795103433,2.7730021766165624e-18,0.4500014266415303,0.6305892789984935,49.95402939461215,49.9080587892243,49.86995592003679,49.80997814159138,49.86765291034716,49.75000036314597,49.86534990065755
610.0,0.0,0.45,0.4500000099460112,3.3336411552427873e-18,5.089396238291268e-17,2.7746183620131573e-18,2.7724568429793225e-18,0.4956690182888287,9.717264078898644e-09,0.49566901828882853,1.6619160631140714e-19,0.4506689410735059,0.4500014266415303,0.4506689410735059,1.6638797165647527e-19,0.45,0.49566901828882853,0.44543736966087644,2.766456665114291e-18,0.45,0.4506689410735059,0.44993737795103433,2.7730021766165624e-18,0.4500014266415303,0.6305892789984935,49.95402939461215,49.9080587892243,49.86995592003679,49.80997814159138,49.867652910347154,49.75000036314597,49.86534990065755
611.0,0.0,0.45,0.4500000099460112,3.333641155242787e-18,5.089396238291268e-17,2.7746183620131573e-18,2.7724568429793225e-18,0.49566901828882876,9.717264078897862e-09,0.4956690182888286,1.6619160631140714e-19,0.4506689410735059,0.4500014266415303,0.4506689410735059,1.663879716564753e-19,0.45,0.4956690182888286,0.44543736966087644,2.766456665114291e-18,0.45,0.4506689410735059,0.44993737795103433,2.7730021766165624e-18,0.4500014266415303,0.6305892789984935,49.95402939461214,49.9080587892243,49.86995592003679,49.80997814159138,49.86765291034716,49.75000036314597,49.86534990065755
612.0,0.0,0.45,0.4500000099460112,3.3336411552427873e-18,5.089396238291268e-17,2.7746183620131573e-18,2.7724568429793225e-18,0.4956690182888287,9.717264078909586e-09,0.49566901828882853,1.6619160631140714e-19,0.4506689410735059,0.4500014266415303,0.4506689410735059,1.6638797165647532e-19,0.45,0.49566901828882853,0.44543736966087644,2.766456665114291e-18,0.45,0.4506689410735059,0.44993737795103433,2.7730021766165624e-18,0.4500014266415303,0.6305892789984935,49.95402939461215,49.9080587892243,49.86995592003679,49.80997814159138,49.867652910347175,49.75000036314597,49.86534990065755
613.0,0.0,0.45,0.4500000099460112,3.3336411552427873e-18,5.0893962382912674e-17,2.7746183620131573e-18,2.7724568429793225e-18,0.49566901828882864,9.717264078929096e-09,0.4956690182888285,1.6619160631140714e-19,0.4506689410735059,0.4500014266415303,0.4506689410735059,1.6638797165647532e-19,0.45,0.4956690182888285,0.44543736966087644,2.766456665114291e-18,0.45,0.4506689410735059,0.44993737795103433,2.7730021766165624e-18,0.45000142664153026,0.6305892789984934,49.95402939461215,49.9080587892243,49.86995592003679,49.80997814159138,49.867652910347175,49.75000036314597,49.86534990065755
614.0,0.0,0.45,0.4500000099460112,3.3336411552427877e-18,5.0893962382912674e-17,2.7746183620131573e-18,2.7724568429793225e-18,0.49566901828882864,9.717264078951661e-09,0.4956690182888284,1.6619160631140714e-19,0.4506689410735059,0.4500014266415303,0.4506689410735059,1.6638797165647532e-19,0.45,0.4956690182888284,0.44543736966087644,2.766456665114291e-18,0.45,0.4506689410735059,0.44993737795103433,2.7730021766165624e-18,0.45000142664153026,0.6305892789984934,49.95402939461215,49.9080587892243,49.86995592003679,49.80997814159138,49.867652910347175,49.75000036314597,49.86534990065755
615.0,0.0,0.45,0.4500000099460112,3.3336411552427873e-18,5.089396238291268e-17,2.7746183620131573e-18,2.7724568429793225e-18,0.4956690182888287,9.717264078956416e-09,0.49566901828882853,1.6619160631140714e-19,0.4506689410735059,0.4500014266415303,0.4506689410735059,1.6638797165647532e-19,0.45,0.49566901828882853,0.4454373696608765,2.766456665114291e-18,0.45,0.4506689410735059,0.44993737795103433,2.7730021766165624e-18,0.4500014266415303,0.6305892789984935,49.95402939461215,49.9080587892243,49.86995592003679,49.80997814159138,49.867652910347175,49.75000036314597,49.86534990065755
616.0,0.0,0.45,0.4500000099460112,3.3336411552427873e-18,5.089396238291268e-17,2.7746183620131573e-18,2.7724568429793225e-18,0.4956690182888287,9.717264078955657e-09,0.4956690182888286,1.6619160631140714e-19,0.4506689410735059,0.45000142664153037,0.4506689410735059,1.663879716564753e-19,0.45,0.4956690182888286,0.4454373696608765,2.766456665114291e-18,0.45,0.4506689410735059,0.44993737795103433,2.7730021766165624e-18,0.4500014266415303,0.6305892789984935,49.95402939461215,49.9080587892243,49.86995592003679,49.80997814159138,49.86765291034716,49.75000036314597,49.86534990065755
617.0,0.0,0.45,0.4500000099460112,3.3336411552427873e-18,5.089396238291268e-17,2.7746183620131573e-18,2.7724568429793225e-18,0.4956690182888287,9.717264078967408e-09,0.49566901828882853,1.6619160631140714e-19,0.4506689410735059,0.4500014266415303,0.4506689410735059,1.663879716564753e-19,0.45,0.49566901828882853,0.4454373696608765,2.766456665114291e-18,0.45,0.4506689410735059,0.44993737795103433,2.7730021766165624e-18,0.4500014266415303,0.6305892789984935,49.95402939461215,49.9080587892243,49.86995592003679,49.80997814159138,49.86765291034716,49.75000036314597,49.86534990065755
618.0,0.0,0.45,0.4500000099460112,3.3336411552427877e-18,5.0893962382912674e-17,2.7746183620131573e-18,2.7724568429793225e-18,0.49566901828882864,9.717264078986921e-09,0.4956690182888285,1.6619160631140714e-19,0.4506689410735059,0.4500014266415303,0.4506689410735059,1.663879716564753e-19,0.45,0.4956690182888285,0.44543736966087644,2.766456665114291e-18,0.45,0.4506689410735059,0.44993737795103433,2.7730021766165624e-18,0.45000142664153026,0.6305892789984934,49.95402939461215,49.9080587892243,49.86995592003679,49.80997814159138,49.86765291034716,49.75000036314597,49.86534990065755
619.0,0.0,0.45,0.4500000099460112,3.3336411552427877e-18,5.0893962382912674e-17,2.7746183620131573e-18,2.7724568429793225e-18,0.4956690182888286,9.717264079009452e-09,0.4956690182888285,1.6619160631140714e-19,0.4506689410735059,0.45000142664153026,0.4506689410735059,1.6638797165647527e-19,0.45,0.4956690182888285,0.44543736966087644,2.766456665114291e-18,0.45,0.4506689410735059,0.44993737795103433,2.7730021766165624e-18,0.45000142664153026,0.6305892789984934,49.95402939461215,49.9080587892243,49.86995592003679,49.80997814159138,49.867652910347154,49.75000036314597,49.86534990065755
620.0,0.0,0.45,0.4500000099460112,3.3336411552427873e-18,5.0893962382912674e-17,2.7746183620131573e-18,2.7724568429793225e-18,0.4956690182888287,9.71726407901416e-09,0.49566901828882853,1.6619160631140714e-19,0.4506689410735059,0.45000142664153026,0.4506689410735059,1.6638797165647527e-19,0.45,0.49566901828882853,0.44543736966087644,2.766456665114291e-18,0.45,0.4506689410735059,0.44993737795103433,2.7730021766165624e-18,0.45000142664153026,0.6305892789984934,49.95402939461215,49.9080587892243,49.86995592003679,49.80997814159138,49.867652910347154,49.75000036314597,49.86534990065755
621.0,0.0,0.45,0.4500000099460112,3.3336411552427873e-18,5.0893962382912674e-17,2.7746183620131573e-18,2.7724568429793225e-18,0.49566901828882876,9.717264079013377e-09,0.4956690182888286,1.6619160631140714e-19,0.4506689410735059,0.45000142664153026,0.4506689410735059,1.663879716564753e-19,0.45,0.4956690182888286,0.44543736966087644,2.766456665114291e-18,0.45,0.4506689410735059,0.44993737795103433,2.7730021766165624e-18,0.45000142664153026,0.6305892789984934,49.95402939461215,49.9080587892243,49.86995592003679,49.80997814159138,49.86765291034716,49.75000036314597,49.86534990065755
622.0,0.0,0.45,0.4500000099460112,3.3336411552427877e-18,5.089396238291268e-17,2.7746183620131573e-18,2.7724568429793225e-18,0.4956690182888287,9.717264079025102e-09,0.49566901828882853,1.6619160631140714e-19,0.4506689410735059,0.4500014266415303,0.4506689410735059,1.6638797165647532e-19,0.45,0.49566901828882853,0.44543736966087644,2.766456665114291e-18,0.45,0.4506689410735059,0.44993737795103433,2.7730021766165624e-18,0.4500014266415303,0.6305892789984935,49.95402939461215,49.9080587892243,49.86995592003679,49.80997814159138,49.867652910347175,49.75000036314597,49.86534990065755
623.0,0.0,0.45,0.4500000099460112,3.3336411552427877e-18,5.0893962382912686e-17,2.7746183620131573e-18,2.7724568429793225e-18,0.49566901828882864,9.717264079044612e-09,0.4956690182888285,1.6619160631140714e-19,0.45066894107350586,0.45000142664153037,0.45066894107350586,1.6638797165647532e-19,0.45,0.4956690182888285,0.44543736966087644,2.766456665114291e-18,0.45,0.45066894107350586,0.44993737795103433,2.7730021766165624e-18,0.45000142664153037,0.6305892789984936,49.95402939461215,49.9080587892243,49.86995592003679,49.80997814159138,49.867652910347175,49.75000036314597,49.86534990065755
624.0,0.0,0.45,0.4500000099460112,3.3336411552427873e-18,5.089396238291268e-17,2.7746183620131573e-18,2.7724568429793225e-18,0.49566901828882864,9.717264079067177e-09,0.4956690182888284,1.6619160631140714e-19,0.45066894107350586,0.45000142664153037,0.45066894107350586,1.6638797165647532e-19,0.45,0.4956690182888284,0.44543736966087644,2.766456665114291e-18,0.45,0.45066894107350586,0.44993737795103433,2.7730021766165624e-18,0.4500014266415303,0.6305892789984935,49.95402939461215,49.9080587892243,49.86995592003679,49.80997814159138,49.867652910347175,49.75000036314597,49.86534990065755
625.0,0.0,0.45,0.4500000099460112,3.3336411552427873e-18,5.089396238291268e-17,2.7746183620131573e-18,2.7724568429793225e-18,0.4956690182888287,9.717264079071932e-09,0.49566901828882853,1.6619160631140714e-19,0.4506689410735059,0.4500014266415303,0.4506689410735059,1.6638797165647532e-19,0.45,0.49566901828882853,0.4454373696608765,2.766456665114291e-18,0.45,0.4506689410735059,0.44993737795103433,2.7730021766165624e-18,0.4500014266415303,0.6305892789984935,49.95402939461215,49.9080587892243,49.86995592003679,49.80997814159138,49.867652910347175,49.75000036314597,49.86534990065755
626.0,0.0,0.45,0.4500000099460112,3.3336411552427873e-18,5.0893962382912674e-17,2.7746183620131573e-18,2.7724568429793225e-18,0.4956690182888287,9.717264079071173e-09,0.4956690182888286,1.6619160631140714e-19,0.4506689410735059,0.45000142664153026,0.4506689410735059,1.6638797165647532e-19,0.45,0.4956690182888286,0.4454373696608765,2.766456665114291e-18,0.45,0.4506689410735059,0.44993737795103433,2.7730021766165624e-18,0.45000142664153026,0.6305892789984934,49.95402939461215,49.9080587892243,49.86995592003679,49.80997814159138,49.867652910347175,49.75000036314597,49.86534990065755
627.0,0.0,0.45,0.4500000099460112,3.3336411552427873e-18,5.0893962382912674e-17,2.7746183620131573e-18,2.7724568429793225e-18,0.4956690182888287,9.717264079082923e-09,0.49566901828882853,1.6619160631140714e-19,0.4506689410735059,0.45000142664153026,0.4506689410735059,1.6638797165647532e-19,0.45,0.49566901828882853,0.4454373696608765,2.766456665114291e-18,0.45,0.4506689410735059,0.44993737795103433,2.7730021766165624e-18,0.45000142664153026,0.6305892789984934,49.95402939461215,49.9080587892243,49.86995592003679,49.80997814159138,49.867652910347175,49.75000036314597,49.86534990065755
628.0,0.0,0.45,0.4500000099460112,3.3336411552427877e-18,5.089396238291268e-17,2.7746183620131573e-18,2.7724568429793225e-18,0.49566901828882864,9.717264079102437e-09,0.4956690182888285,1.6619160631140714e-19,0.4506689410735059,0.45000142664153026,0.4506689410735059,1.6638797165647532e-19,0.45,0.4956690182888285,0.44543736966087644,2.766456665114291e-18,0.45,0.4506689410735059,0.44993737795103433,2.7730021766165624e-18,0.4500014266415303,0.6305892789984935,49.95402939461215,49.9080587892243,49.86995592003679,49.80997814159138,49.867652910347175,49.75000036314597,49.86534990065755
629.0,0.0,0.45,0.4500000099460112,3.3336411552427877e-18,5.089396238291268e-17,2.7746183620131573e-18,2.7724568429793225e-18,0.4956690182888286,9.717264079124967e-09,0.4956690182888285,1.6619160631140714e-19,0.4506689410735059,0.4500014266415303,0.4506689410735059,1.6638797165647532e-19,0.45,0.4956690182888285,0.44543736966087644,2.766456665114291e-18,0.45,0.4506689410735059,0.44993737795103433,2.7730021766165624e-18,0.4500014266415303,0.6305892789984935,49.95402939461215,49.9080587892243,49.86995592003679,49.80997814159138,49.867652910347175,49.75000036314597,49.86534990065755
630.0,0.0,0.45,0.4500000099460112,3.3336411552427877e-18,5.089396238291268e-17,2.7746183620131573e-18,2.7724568429793225e-18,0.4956690182888287,9.717264079129676e-09,0.49566901828882853,1.6619160631140714e-19,0.4506689410735059,0.4500014266415303,0.4506689410735059,1.663879716564753e-19,0.45,0.49566901828882853,0.44543736966087644,2.766456665114291e-18,0.45,0.4506689410735059,0.44993737795103433,2.7730021766165624e-18,0.4500014266415303,0.6305892789984935,49.95402939461215,49.9080587892243,49.86995592003679,49.80997814159138,49.86765291034716,49.75000036314597,49.86534990065755
631.0,0.0,0.45,0.4500000099460112,3.3336411552427877e-18,5.089396238291268e-17,2.7746183620131573e-18,2.7724568429793225e-18,0.49566901828882876,9.717264079128893e-09,0.4956690182888286,1.6619160631140714e-19,0.4506689410735059,0.4500014266415303,0.4506689410735059,1.6638797165647527e-19,0.45,0.4956690182888286,0.44543736966087644,2.766456665114291e-18,0.45,0.4506689410735059,0.44993737795103433,2.7730021766165624e-18,0.4500014266415303,0.6305892789984935,49.95402939461215,49.9080587892243,49.86995592003679,49.80997814159138,49.867652910347154,49.75000036314597,49.86534990065755
632.0,0.0,0.45,0.4500000099460112,3.3336411552427873e-18,5.089396238291268e-17,2.7746183620131573e-18,2.7724568429793225e-18,0.4956690182888287,9.717264079140618e-09,0.49566901828882853,1.6619160631140714e-19,0.4506689410735059,0.4500014266415303,0.4506689410735059,1.6638797165647527e-19,0.45,0.49566901828882853,0.44543736966087644,2.766456665114291e-18,0.45,0.4506689410735059,0.44993737795103433,2.7730021766165624e-18,0.4500014266415303,0.6305892789984935,49.95402939461215,49.9080587892243,49.86995592003679,49.80997814159138,49.867652910347154,49.75000036314597,49.86534990065755
633.0,0.0,0.45,0.4500000099460112,3.3336411552427873e-18,5.089396238291268e-17,2.7746183620131573e-18,2.7724568429793225e-18,0.49566901828882864,9.717264079160128e-09,0.4956690182888285,1.6619160631140714e-19,0.4506689410735059,0.4500014266415303,0.4506689410735059,1.663879716564753e-19,0.45,0.4956690182888285,0.44543736966087644,2.766456665114291e-18,0.45,0.4506689410735059,0.44993737795103433,2.7730021766165624e-18,0.4500014266415303,0.6305892789984935,49.95402939461215,49.9080587892243,49.86995592003679,49.80997814159138,49.86765291034716,49.75000036314597,49.86534990065755
634.0,0.0,0.45,0.4500000099460112,3.3336411552427873e-18,5.089396238291268e-17,2.7746183620131573e-18,2.7724568429793225e-18,0.49566901828882864,9.717264079182693e-09,0.4956690182888284,1.6619160631140714e-19,0.4506689410735059,0.4500014266415303,0.4506689410735059,1.663879716564753e-19,0.45,0.4956690182888284,0.44543736966087644,2.766456665114291e-18,0.45,0.4506689410735059,0.44993737795103433,2.7730021766165624e-18,0.4500014266415303,0.6305892789984935,49.95402939461215,49.9080587892243,49.86995592003679,49.80997814159138,49.86765291034716,49.75000036314597,49.86534990065755
635.0,0.0,0.45,0.4500000099460112,3.3336411552427877e-18,5.0893962382912674e-17,2.7746183620131573e-18,2.7724568429793225e-18,0.4956690182888287,9.717264079187448e-09,0.49566901828882853,1.6619160631140714e-19,0.4506689410735059,0.45000142664153026,0.4506689410735059,1.6638797165647527e-19,0.45,0.49566901828882853,0.4454373696608765,2.766456665114291e-18,0.45,0.4506689410735059,0.44993737795103433,2.7730021766165624e-18,0.45000142664153026,0.6305892789984934,49.95402939461215,49.9080587892243,49.86995592003679,49.80997814159138,49.867652910347154,49.75000036314597,49.86534990065755
636.0,0.0,0.45,0.4500000099460112,3.3336411552427877e-18,5.089396238291268e-17,2.7746183620131573e-18,2.7724568429793225e-18,0.4956690182888287,9.717264079186688e-09,0.4956690182888286,1.6619160631140714e-19,0.4506689410735059,0.4500014266415303,0.4506689410735059,1.663879716564753e-19,0.45,0.4956690182888286,0.4454373696608765,2.766456665114291e-18,0.45,0.4506689410735059,0.44993737795103433,2.7730021766165624e-18,0.4500014266415303,0.6305892789984935,49.95402939461215,49.9080587892243,49.86995592003679,49.80997814159138,49.86765291034716,49.75000036314597,49.86534990065755
637.0,0.0,0.45,0.4500000099460112,3.3336411552427877e-18,5.089396238291268e-17,2.7746183620131573e-18,2.7724568429793225e-18,0.4956690182888287,9.71726407919844e-09,0.49566901828882853,1.6619160631140714e-19,0.4506689410735059,0.45000142664153026,0.4506689410735059,1.6638797165647532e-19,0.45,0.49566901828882853,0.4454373696608765,2.766456665114291e-18,0.45,0.4506689410735059,0.44993737795103433,2.7730021766165624e-18,0.4500014266415303,0.6305892789984935,49.95402939461215,49.9080587892243,49.86995592003679,49.80997814159138,49.867652910347175,49.75000036314597,49.86534990065755
638.0,0.0,0.45,0.4500000099460112,3.3336411552427873e-18,5.0893962382912674e-17,2.7746183620131573e-18,2.7724568429793225e-18,0.49566901828882864,9.717264079217952e-09,0.4956690182888285,1.6619160631140714e-19,0.45066894107350597,0.45000142664153026,0.45066894107350597,1.6638797165647532e-19,0.45,0.4956690182888285,0.44543736966087644,2.766456665114291e-18,0.45,0.45066894107350597,0.44993737795103433,2.7730021766165624e-18,0.45000142664153026,0.6305892789984934,49.95402939461215,49.9080587892243,49.86995592003679,49.80997814159138,49.867652910347175,49.75000036314597,49.86534990065755
639.0,0.0,0.45,0.4500000099460112,3.3336411552427873e-18,5.0893962382912674e-17,2.7746183620131573e-18,2.7724568429793225e-18,0.4956690182888286,9.717264079240483e-09,0.4956690182888285,1.6619160631140714e-19,0.45066894107350597,0.45000142664153026,0.45066894107350597,1.663879716564753e-19,0.45,0.4956690182888285,0.44543736966087644,2.766456665114291e-18,0.45,0.45066894107350597,0.44993737795103433,2.7730021766165624e-18,0.45000142664153026,0.6305892789984934,49.95402939461215,49.9080587892243,49.86995592003679,49.80997814159138,49.86765291034716,49.75000036314597,49.86534990065755
640.0,0.0,0.45,0.4500000099460112,3.3336411552427877e-18,5.089396238291268e-17,2.7746183620131573e-18,2.7724568429793225e-18,0.4956690182888287,9.717264079245191e-09,0.49566901828882853,1.6619160631140714e-19,0.4506689410735059,0.4500014266415303,0.4506689410735059,1.6638797165647527e-19,0.45,0.49566901828882853,0.44543736966087644,2.766456665114291e-18,0.45,0.4506689410735059,0.44993737795103433,2.7730021766165624e-18,0.4500014266415303,0.6305892789984935,49.95402939461215,49.9080587892243,49.86995592003679,49.80997814159138,49.867652910347154,49.75000036314597,49.86534990065755
641.0,0.0,0.45,0.4500000099460112,3.3336411552427873e-18,5.089396238291268e-17,2.7746183620131573e-18,2.7724568429793225e-18,0.49566901828882876,9.717264079244409e-09,0.4956690182888286,1.6619160631140714e-19,0.4506689410735059,0.4500014266415303,0.4506689410735059,1.663879716564753e-19,0.45,0.4956690182888286,0.44543736966087644,2.766456665114291e-18,0.45,0.4506689410735059,0.44993737795103433,2.7730021766165624e-18,0.4500014266415303,0.6305892789984935,49.95402939461215,49.9080587892243,49.86995592003679,49.80997814159138,49.86765291034716,49.75000036314597,49.86534990065755
642.0,0.0,0.45,0.4500000099460112,3.3336411552427873e-18,5.089396238291268e-17,2.7746183620131573e-18,2.7724568429793225e-18,0.4956690182888287,9.717264079256133e-09,0.49566901828882853,1.6619160631140714e-19,0.4506689410735059,0.4500014266415303,0.4506689410735059,1.6638797165647532e-19,0.45,0.49566901828882853,0.44543736966087644,2.766456665114291e-18,0.45,0.4506689410735059,0.44993737795103433,2.7730021766165624e-18,0.4500014266415303,0.6305892789984935,49.95402939461215,49.9080587892243,49.86995592003679,49.80997814159138,49.867652910347175,49.75000036314597,49.86534990065755
643.0,0.0,0.45,0.4500000099460112,3.3336411552427873e-18,5.0893962382912674e-17,2.7746183620131573e-18,2.7724568429793225e-18,0.49566901828882864,9.717264079275643e-09,0.4956690182888285,1.6619160631140714e-19,0.4506689410735059,0.4500014266415303,0.4506689410735059,1.6638797165647532e-19,0.45,0.4956690182888285,0.44543736966087644,2.766456665114291e-18,0.45,0.4506689410735059,0.44993737795103433,2.7730021766165624e-18,0.45000142664153026,0.6305892789984934,49.95402939461215,49.9080587892243,49.86995592003679,49.80997814159138,49.867652910347175,49.75000036314597,49.86534990065755
644.0,0.0,0.45,0.4500000099460112,3.3336411552427873e-18,5.089396238291268e-17,2.7746183620131573e-18,2.7724568429793225e-18,0.49566901828882864,9.717264079298209e-09,0.4956690182888284,1.6619160631140714e-19,0.4506689410735059,0.4500014266415303,0.4506689410735059,1.6638797165647532e-19,0.45,0.4956690182888284,0.44543736966087644,2.766456665114291e-18,0.45,0.4506689410735059,0.44993737795103433,2.7730021766165624e-18,0.4500014266415303,0.6305892789984935,49.95402939461215,49.9080587892243,49.86995592003679,49.80997814159138,49.867652910347175,49.75000036314597,49.86534990065755
645.0,0.0,0.45,0.4500000099460112,3.3336411552427873e-18,5.089396238291268e-17,2.7746183620131573e-18,2.7724568429793225e-18,0.4956690182888287,9.717264079302963e-09,0.49566901828882853,1.6619160631140714e-19,0.4506689410735059,0.4500014266415303,0.4506689410735059,1.6638797165647532e-19,0.45,0.49566901828882853,0.4454373696608765,2.766456665114291e-18,0.45,0.4506689410735059,0.44993737795103433,2.7730021766165624e-18,0.4500014266415303,0.6305892789984935,49.95402939461215,49.9080587892243,49.86995592003679,49.80997814159138,49.867652910347175,49.75000036314597,49.86534990065755
646.0,0.0,0.45,0.4500000099460112,3.3336411552427873e-18,5.0893962382912686e-17,2.7746183620131573e-18,2.7724568429793225e-18,0.4956690182888287,9.717264079302204e-09,0.4956690182888286,1.6619160631140714e-19,0.4506689410735059,0.45000142664153037,0.4506689410735059,1.663879716564753e-19,0.45,0.4956690182888286,0.4454373696608765,2.766456665114291e-18,0.45,0.4506689410735059,0.44993737795103433,2.7730021766165624e-18,0.45000142664153037,0.6305892789984936,49.95402939461215,49.9080587892243,49.86995592003679,49.80997814159138,49.86765291034716,49.75000036314597,49.86534990065755
647.0,0.0,0.45,0.4500000099460112,3.3336411552427873e-18,5.089396238291268e-17,2.7746183620131573e-18,2.7724568429793225e-18,0.4956690182888287,9.717264079313955e-09,0.49566901828882853,1.6619160631140714e-19,0.4506689410735059,0.45000142664153037,0.4506689410735059,1.663879716564753e-19,0.45,0.49566901828882853,0.4454373696608765,2.766456665114291e-18,0.45,0.4506689410735059,0.44993737795103433,2.7730021766165624e-18,0.4500014266415303,0.6305892789984935,49.95402939461215,49.9080587892243,49.86995592003679,49.80997814159138,49.86765291034716,49.75000036314597,49.86534990065755
648.0,0.0,0.45,0.4500000099460112,3.3336411552427877e-18,5.089396238291268e-17,2.7746183620131573e-18,2.7724568429793225e-18,0.49566901828882864,9.717264079333468e-09,0.4956690182888285,1.6619160631140714e-19,0.4506689410735059,0.4500014266415303,0.4506689410735059,1.663879716564753e-19,0.45,0.4956690182888285,0.44543736966087644,2.766456665114291e-18,0.45,0.4506689410735059,0.44993737795103433,2.7730021766165624e-18,0.4500014266415303,0.6305892789984935,49.95402939461215,49.9080587892243,49.86995592003679,49.80997814159138,49.86765291034716,49.75000036314597,49.86534990065755
649.0,0.0,0.45,0.4500000099460112,3.3336411552427877e-18,5.0893962382912674e-17,2.7746183620131573e-18,2.7724568429793225e-18,0.4956690182888286,9.717264079355999e-09,0.4956690182888285,1.6619160631140714e-19,0.4506689410735059,0.4500014266415303,0.4506689410735059,1.6638797165647527e-19,0.45,0.4956690182888285,0.44543736966087644,2.766456665114291e-18,0.45,0.4506689410735059,0.44993737795103433,2.7730021766165624e-18,0.45000142664153026,0.6305892789984934,49.95402939461215,49.9080587892243,49.86995592003679,49.80997814159138,49.867652910347154,49.75000036314597,49.86534990065755
650.0,0.0,0.45,0.4500000099460112,3.3336411552427873e-18,5.089396238291268e-17,2.7746183620131573e-18,2.7724568429793225e-18,0.4956690182888287,9.717264079360707e-09,0.49566901828882853,1.6619160631140714e-19,0.4506689410735059,0.4500014266415303,0.4506689410735059,1.6638797165647527e-19,0.45,0.49566901828882853,0.44543736966087644,2.766456665114291e-18,0.45,0.4506689410735059,0.44993737795103433,2.7730021766165624e-18,0.4500014266415303,0.6305892789984935,49.95402939461215,49.9080587892243,49.86995592003679,49.80997814159138,49.867652910347154,49.75000036314597,49.86534990065755
651.0,0.0,0.45,0.4500000099460112,3.3336411552427873e-18,5.0893962382912686e-17,2.7746183620131573e-18,2.7724568429793225e-18,0.49566901828882876,9.717264079359925e-09,0.4956690182888286,1.6619160631140714e-19,0.4506689410735059,0.45000142664153037,0.4506689410735059,1.663879716564753e-19,0.45,0.4956690182888286,0.44543736966087644,2.766456665114291e-18,0.45,0.4506689410735059,0.44993737795103433,2.7730021766165624e-18,0.45000142664153037,0.6305892789984936,49.95402939461215,49.9080587892243,49.86995592003679,49.80997814159138,49.86765291034716,49.75000036314597,49.86534990065755
652.0,0.0,0.45,0.4500000099460112,3.3336411552427873e-18,5.0893962382912686e-17,2.7746183620131573e-18,2.7724568429793225e-18,0.4956690182888287,9.71726407937165e-09,0.49566901828882853,1.6619160631140714e-19,0.4506689410735059,0.45000142664153037,0.4506689410735059,1.6638797165647532e-19,0.45,0.49566901828882853,0.44543736966087644,2.766456665114291e-18,0.45,0.4506689410735059,0.44993737795103433,2.7730021766165624e-18,0.45000142664153037,0.6305892789984936,49.95402939461215,49.9080587892243,49.86995592003679,49.80997814159138,49.867652910347175,49.75000036314597,49.86534990065755
653.0,0.0,0.45,0.4500000099460112,3.3336411552427873e-18,5.089396238291268e-17,2.7746183620131573e-18,2.7724568429793225e-18,0.49566901828882864,9.717264079391159e-09,0.4956690182888285,1.6619160631140714e-19,0.45066894107350597,0.4500014266415303,0.45066894107350597,1.6638797165647532e-19,0.45,0.4956690182888285,0.44543736966087644,2.766456665114291e-18,0.45,0.45066894107350597,0.44993737795103433,2.7730021766165624e-18,0.4500014266415303,0.6305892789984935,49.95402939461215,49.9080587892243,49.86995592003679,49.80997814159138,49.867652910347175,49.75000036314597,49.86534990065755
654.0,0.0,0.45,0.4500000099460112,3.3336411552427877e-18,5.089396238291268e-17,2.7746183620131573e-18,2.7724568429793225e-18,0.49566901828882864,9.717264079413725e-09,0.4956690182888284,1.6619160631140714e-19,0.45066894107350597,0.4500014266415303,0.45066894107350597,1.6638797165647532e-19,0.45,0.4956690182888284,0.44543736966087644,2.766456665114291e-18,0.45,0.45066894107350597,0.44993737795103433,2.7730021766165624e-18,0.4500014266415303,0.6305892789984935,49.95402939461215,49.9080587892243,49.86995592003679,49.80997814159138,49.867652910347175,49.75000036314597,49.86534990065755
655.0,0.0,0.45,0.4500000099460112,3.3336411552427873e-18,5.0893962382912686e-17,2.7746183620131573e-18,2.7724568429793225e-18,0.4956690182888287,9.71726407941848e-09,0.49566901828882853,1.6619160631140714e-19,0.4506689410735059,0.4500014266415303,0.4506689410735059,1.6638797165647532e-19,0.45,0.49566901828882853,0.4454373696608765,2.766456665114291e-18,0.45,0.4506689410735059,0.44993737795103433,2.7730021766165624e-18,0.45000142664153037,0.6305892789984936,49.95402939461215,49.9080587892243,49.86995592003679,49.80997814159138,49.867652910347175,49.75000036314597,49.86534990065755
656.0,0.0,0.45,0.4500000099460112,3.3336411552427873e-18,5.0893962382912686e-17,2.7746183620131573e-18,2.7724568429793225e-18,0.4956690182888287,9.71726407941772e-09,0.4956690182888286,1.6619160631140714e-19,0.4506689410735059,0.4500014266415303,0.4506689410735059,1.6638797165647532e-19,0.45,0.4956690182888286,0.4454373696608765,2.766456665114291e-18,0.45,0.4506689410735059,0.44993737795103433,2.7730021766165624e-18,0.45000142664153037,0.6305892789984936,49.95402939461215,49.9080587892243,49.86995592003679,49.80997814159138,49.867652910347175,49.75000036314597,49.86534990065755
657.0,0.0,0.45,0.4500000099460112,3.3336411552427873e-18,5.089396238291268e-17,2.7746183620131573e-18,2.7724568429793225e-18,0.4956690182888287,9.71726407942947e-09,0.49566901828882853,1.6619160631140714e-19,0.4506689410735059,0.4500014266415303,0.4506689410735059,1.6638797165647532e-19,0.45,0.49566901828882853,0.4454373696608765,2.766456665114291e-18,0.45,0.4506689410735059,0.44993737795103433,2.7730021766165624e-18,0.4500014266415303,0.6305892789984935,49.95402939461215,49.9080587892243,49.86995592003679,49.80997814159138,49.867652910347175,49.75000036314597,49.86534990065755
658.0,0.0,0.45,0.4500000099460112,3.3336411552427873e-18,5.0893962382912674e-17,2.7746183620131573e-18,2.7724568429793225e-18,0.49566901828882864,9.717264079448984e-09,0.4956690182888285,1.6619160631140714e-19,0.4506689410735059,0.45000142664153026,0.4506689410735059,1.6638797165647532e-19,0.45,0.4956690182888285,0.44543736966087644,2.766456665114291e-18,0.45,0.4506689410735059,0.44993737795103433,2.7730021766165624e-18,0.45000142664153026,0.6305892789984934,49.95402939461215,49.9080587892243,49.86995592003679,49.80997814159138,49.867652910347175,49.75000036314597,49.86534990065755
659.0,0.0,0.45,0.4500000099460112,3.3336411552427873e-18,5.0893962382912674e-17,2.7746183620131573e-18,2.7724568429793225e-18,0.4956690182888286,9.717264079471515e-09,0.4956690182888285,1.6619160631140714e-19,0.4506689410735059,0.4500014266415303,0.4506689410735059,1.6638797165647532e-19,0.45,0.4956690182888285,0.44543736966087644,2.766456665114291e-18,0.45,0.4506689410735059,0.44993737795103433,2.7730021766165624e-18,0.45000142664153026,0.6305892789984934,49.95402939461215,49.9080587892243,49.86995592003679,49.80997814159138,49.867652910347175,49.75000036314597,49.86534990065755
660.0,0.0,0.45,0.4500000099460112,3.3336411552427873e-18,5.0893962382912674e-17,2.7746183620131573e-18,2.7724568429793225e-18,0.4956690182888287,9.717264079476223e-09,0.49566901828882853,1.6619160631140714e-19,0.4506689410735059,0.4500014266415303,0.4506689410735059,1.663879716564753e-19,0.45,0.49566901828882853,0.44543736966087644,2.766456665114291e-18,0.45,0.4506689410735059,0.44993737795103433,2.7730021766165624e-18,0.45000142664153026,0.6305892789984934,49.95402939461215,49.9080587892243,49.86995592003679,49.80997814159138,49.86765291034716,49.75000036314597,49.86534990065755
661.0,0.0,0.45,0.4500000099460112,3.3336411552427873e-18,5.0893962382912674e-17,2.7746183620131573e-18,2.7724568429793225e-18,0.49566901828882876,9.71726407947544e-09,0.4956690182888286,1.6619160631140714e-19,0.4506689410735059,0.45000142664153026,0.4506689410735059,1.6638797165647527e-19,0.45,0.4956690182888286,0.44543736966087644,2.766456665114291e-18,0.45,0.4506689410735059,0.44993737795103433,2.7730021766165624e-18,0.45000142664153026,0.6305892789984934,49.95402939461215,49.9080587892243,49.86995592003679,49.80997814159138,49.867652910347154,49.75000036314597,49.86534990065755
662.0,0.0,0.45,0.4500000099460112,3.3336411552427873e-18,5.0893962382912674e-17,2.7746183620131573e-18,2.7724568429793225e-18,0.4956690182888287,9.717264079487165e-09,0.49566901828882853,1.6619160631140714e-19,0.4506689410735059,0.45000142664153026,0.4506689410735059,1.6638797165647527e-19,0.45,0.49566901828882853,0.44543736966087644,2.766456665114291e-18,0.45,0.4506689410735059,0.44993737795103433,2.7730021766165624e-18,0.45000142664153026,0.6305892789984934,49.95402939461215,49.9080587892243,49.86995592003679,49.80997814159138,49.867652910347154,49.75000036314597,49.86534990065755
663.0,0.0,0.45,0.4500000099460112,3.3336411552427877e-18,5.089396238291268e-17,2.7746183620131573e-18,2.7724568429793225e-18,0.49566901828882864,9.717264079506675e-09,0.4956690182888285,1.6619160631140714e-19,0.4506689410735059,0.45000142664153026,0.4506689410735059,1.663879716564753e-19,0.45,0.4956690182888285,0.44543736966087644,2.766456665114291e-18,0.45,0.4506689410735059,0.44993737795103433,2.7730021766165624e-18,0.4500014266415303,0.6305892789984935,49.95402939461215,49.9080587892243,49.86995592003679,49.80997814159138,49.86765291034716,49.75000036314597,49.86534990065755
664.0,0.0,0.45,0.4500000099460112,3.3336411552427877e-18,5.089396238291268e-17,2.7746183620131573e-18,2.7724568429793225e-18,0.49566901828882864,9.71726407952924e-09,0.4956690182888284,1.6619160631140714e-19,0.4506689410735059,0.45000142664153026,0.4506689410735059,1.663879716564753e-19,0.45,0.4956690182888284,0.44543736966087644,2.766456665114291e-18,0.45,0.4506689410735059,0.44993737795103433,2.7730021766165624e-18,0.4500014266415303,0.6305892789984935,49.95402939461215,49.9080587892243,49.86995592003679,49.80997814159138,49.86765291034716,49.75000036314597,49.86534990065755
665.0,0.0,0.45,0.4500000099460112,3.3336411552427873e-18,5.089396238291268e-17,2.7746183620131573e-18,2.7724568429793225e-18,0.4956690182888287,9.717264079533995e-09,0.49566901828882853,1.6619160631140714e-19,0.4506689410735059,0.4500014266415303,0.4506689410735059,1.6638797165647527e-19,0.45,0.49566901828882853,0.4454373696608765,2.766456665114291e-18,0.45,0.4506689410735059,0.44993737795103433,2.7730021766165624e-18,0.4500014266415303,0.6305892789984935,49.95402939461215,49.9080587892243,49.86995592003679,49.80997814159138,49.867652910347154,49.75000036314597,49.86534990065755
666.0,0.0,0.45,0.4500000099460112,3.333641155242787e-18,5.089396238291268e-17,2.7746183620131573e-18,2.7724568429793225e-18,0.4956690182888287,9.717264079533236e-09,0.4956690182888286,1.6619160631140714e-19,0.4506689410735059,0.45000142664153037,0.4506689410735059,1.663879716564753e-19,0.45,0.4956690182888286,0.4454373696608765,2.766456665114291e-18,0.45,0.4506689410735059,0.44993737795103433,2.7730021766165624e-18,0.4500014266415303,0.6305892789984935,49.95402939461214,49.9080587892243,49.86995592003679,49.80997814159138,49.86765291034716,49.75000036314597,49.86534990065755
667.0,0.0,0.45,0.4500000099460112,3.3336411552427873e-18,5.0893962382912674e-17,2.7746183620131573e-18,2.7724568429793225e-18,0.4956690182888287,9.717264079544987e-09,0.49566901828882853,1.6619160631140714e-19,0.4506689410735059,0.4500014266415303,0.4506689410735059,1.6638797165647532e-19,0.45,0.49566901828882853,0.4454373696608765,2.766456665114291e-18,0.45,0.4506689410735059,0.44993737795103433,2.7730021766165624e-18,0.45000142664153026,0.6305892789984934,49.95402939461215,49.9080587892243,49.86995592003679,49.80997814159138,49.867652910347175,49.75000036314597,49.86534990065755
668.0,0.0,0.45,0.4500000099460112,3.3336411552427873e-18,5.0893962382912674e-17,2.7746183620131573e-18,2.7724568429793225e-18,0.49566901828882864,9.7172640795645e-09,0.4956690182888285,1.6619160631140714e-19,0.45066894107350597,0.4500014266415303,0.45066894107350597,1.6638797165647532e-19,0.45,0.4956690182888285,0.44543736966087644,2.766456665114291e-18,0.45,0.45066894107350597,0.44993737795103433,2.7730021766165624e-18,0.45000142664153026,0.6305892789984934,49.95402939461215,49.9080587892243,49.86995592003679,49.80997814159138,49.867652910347175,49.75000036314597,49.86534990065755
669.0,0.0,0.45,0.4500000099460112,3.3336411552427877e-18,5.0893962382912674e-17,2.7746183620131573e-18,2.7724568429793225e-18,0.4956690182888286,9.71726407958703e-09,0.4956690182888285,1.6619160631140714e-19,0.4506689410735059,0.4500014266415303,0.4506689410735059,1.663879716564753e-19,0.45,0.4956690182888285,0.44543736966087644,2.766456665114291e-18,0.45,0.4506689410735059,0.44993737795103433,2.7730021766165624e-18,0.45000142664153026,0.6305892789984934,49.95402939461215,49.9080587892243,49.86995592003679,49.80997814159138,49.86765291034716,49.75000036314597,49.86534990065755
670.0,0.0,0.45,0.4500000099460112,3.3336411552427873e-18,5.0893962382912674e-17,2.7746183620131573e-18,2.7724568429793225e-18,0.4956690182888287,9.717264079591739e-09,0.49566901828882853,1.6619160631140714e-19,0.4506689410735059,0.45000142664153026,0.4506689410735059,1.6638797165647527e-19,0.45,0.49566901828882853,0.44543736966087644,2.766456665114291e-18,0.45,0.4506689410735059,0.44993737795103433,2.7730021766165624e-18,0.45000142664153026,0.6305892789984934,49.95402939461215,49.9080587892243,49.86995592003679,49.80997814159138,49.867652910347154,49.75000036314597,49.86534990065755
671.0,0.0,0.45,0.4500000099460112,3.3336411552427873e-18,5.0893962382912674e-17,2.7746183620131573e-18,2.7724568429793225e-18,0.49566901828882876,9.717264079590956e-09,0.4956690182888286,1.6619160631140714e-19,0.4506689410735059,0.45000142664153026,0.4506689410735059,1.663879716564753e-19,0.45,0.4956690182888286,0.44543736966087644,2.766456665114291e-18,0.45,0.4506689410735059,0.44993737795103433,2.7730021766165624e-18,0.45000142664153026,0.6305892789984934,49.95402939461215,49.9080587892243,49.86995592003679,49.80997814159138,49.86765291034716,49.75000036314597,49.86534990065755
672.0,0.0,0.45,0.4500000099460112,3.3336411552427873e-18,5.0893962382912674e-17,2.7746183620131573e-18,2.7724568429793225e-18,0.4956690182888287,9.71726407960268e-09,0.49566901828882853,1.6619160631140714e-19,0.4506689410735059,0.45000142664153026,0.4506689410735059,1.6638797165647532e-19,0.45,0.49566901828882853,0.44543736966087644,2.766456665114291e-18,0.45,0.4506689410735059,0.44993737795103433,2.7730021766165624e-18,0.45000142664153026,0.6305892789984934,49.95402939461215,49.9080587892243,49.86995592003679,49.80997814159138,49.867652910347175,49.75000036314597,49.86534990065755
673.0,0.0,0.45,0.4500000099460112,3.3336411552427877e-18,5.0893962382912674e-17,2.7746183620131573e-18,2.7724568429793225e-18,0.49566901828882864,9.71726407962219e-09,0.4956690182888285,1.6619160631140714e-19,0.4506689410735059,0.4500014266415303,0.4506689410735059,1.6638797165647532e-19,0.45,0.4956690182888285,0.44543736966087644,2.766456665114291e-18,0.45,0.4506689410735059,0.44993737795103433,2.7730021766165624e-18,0.45000142664153026,0.6305892789984934,49.95402939461215,49.9080587892243,49.86995592003679,49.80997814159138,49.867652910347175,49.75000036314597,49.86534990065755
674.0,0.0,0.45,0.4500000099460112,3.3336411552427877e-18,5.089396238291268e-17,2.7746183620131573e-18,2.7724568429793225e-18,0.49566901828882864,9.717264079644756e-09,0.4956690182888284,1.6619160631140714e-19,0.4506689410735059,0.4500014266415303,0.4506689410735059,1.6638797165647532e-19,0.45,0.4956690182888284,0.44543736966087644,2.766456665114291e-18,0.45,0.4506689410735059,0.44993737795103433,2.7730021766165624e-18,0.4500014266415303,0.6305892789984935,49.95402939461215,49.9080587892243,49.86995592003679,49.80997814159138,49.867652910347175,49.75000036314597,49.86534990065755
675.0,0.0,0.45,0.4500000099460112,3.3336411552427873e-18,5.089396238291268e-17,2.7746183620131573e-18,2.7724568429793225e-18,0.4956690182888287,9.71726407964951e-09,0.49566901828882853,1.6619160631140714e-19,0.4506689410735059,0.4500014266415303,0.4506689410735059,1.6638797165647532e-19,0.45,0.49566901828882853,0.4454373696608765,2.766456665114291e-18,0.45,0.4506689410735059,0.44993737795103433,2.7730021766165624e-18,0.4500014266415303,0.6305892789984935,49.95402939461215,49.9080587892243,49.86995592003679,49.80997814159138,49.867652910347175,49.75000036314597,49.86534990065755
676.0,0.0,0.45,0.4500000099460112,3.3336411552427873e-18,5.089396238291268e-17,2.7746183620131573e-18,2.7724568429793225e-18,0.4956690182888287,9.717264079648751e-09,0.4956690182888286,1.6619160631140714e-19,0.4506689410735059,0.4500014266415303,0.4506689410735059,1.663879716564753e-19,0.45,0.4956690182888286,0.4454373696608765,2.766456665114291e-18,0.45,0.4506689410735059,0.44993737795103433,2.7730021766165624e-18,0.4500014266415303,0.6305892789984935,49.95402939461215,49.9080587892243,49.86995592003679,49.80997814159138,49.86765291034716,49.75000036314597,49.86534990065755
677.0,0.0,0.45,0.4500000099460112,3.3336411552427877e-18,5.089396238291268e-17,2.7746183620131573e-18,2.7724568429793225e-18,0.4956690182888287,9.717264079660502e-09,0.49566901828882853,1.6619160631140714e-19,0.4506689410735059,0.4500014266415303,0.4506689410735059,1.663879716564753e-19,0.45,0.49566901828882853,0.4454373696608765,2.766456665114291e-18,0.45,0.4506689410735059,0.44993737795103433,2.7730021766165624e-18,0.4500014266415303,0.6305892789984935,49.95402939461215,49.9080587892243,49.86995592003679,49.80997814159138,49.86765291034716,49.75000036314597,49.86534990065755
678.0,0.0,0.45,0.4500000099460112,3.3336411552427877e-18,5.089396238291268e-17,2.7746183620131573e-18,2.7724568429793225e-18,0.49566901828882864,9.717264079680016e-09,0.4956690182888285,1.6619160631140714e-19,0.4506689410735059,0.4500014266415303,0.4506689410735059,1.663879716564753e-19,0.45,0.4956690182888285,0.44543736966087644,2.766456665114291e-18,0.45,0.4506689410735059,0.44993737795103433,2.7730021766165624e-18,0.4500014266415303,0.6305892789984935,49.95402939461215,49.9080587892243,49.86995592003679,49.80997814159138,49.86765291034716,49.75000036314597,49.86534990065755
679.0,0.0,0.45,0.4500000099460112,3.3336411552427873e-18,5.089396238291268e-17,2.7746183620131573e-18,2.7724568429793225e-18,0.4956690182888286,9.717264079702546e-09,0.4956690182888285,1.6619160631140714e-19,0.4506689410735059,0.4500014266415303,0.4506689410735059,1.6638797165647527e-19,0.45,0.4956690182888285,0.44543736966087644,2.766456665114291e-18,0.45,0.4506689410735059,0.44993737795103433,2.7730021766165624e-18,0.4500014266415303,0.6305892789984935,49.95402939461215,49.9080587892243,49.86995592003679,49.80997814159138,49.867652910347154,49.75000036314597,49.86534990065755
680.0,0.0,0.45,0.4500000099460112,3.3336411552427873e-18,5.089396238291268e-17,2.7746183620131573e-18,2.7724568429793225e-18,0.4956690182888287,9.717264079707255e-09,0.49566901828882853,1.6619160631140714e-19,0.4506689410735059,0.4500014266415303,0.4506689410735059,1.6638797165647527e-19,0.45,0.49566901828882853,0.44543736966087644,2.766456665114291e-18,0.45,0.4506689410735059,0.44993737795103433,2.7730021766165624e-18,0.4500014266415303,0.6305892789984935,49.95402939461215,49.9080587892243,49.86995592003679,49.80997814159138,49.867652910347154,49.75000036314597,49.86534990065755
681.0,0.0,0.45,0.4500000099460112,3.3336411552427873e-18,5.0893962382912674e-17,2.7746183620131573e-18,2.7724568429793225e-18,0.49566901828882876,9.717264079706472e-09,0.4956690182888286,1.6619160631140714e-19,0.4506689410735059,0.45000142664153026,0.4506689410735059,1.663879716564753e-19,0.45,0.4956690182888286,0.44543736966087644,2.766456665114291e-18,0.45,0.4506689410735059,0.44993737795103433,2.7730021766165624e-18,0.45000142664153026,0.6305892789984934,49.95402939461215,49.9080587892243,49.86995592003679,49.80997814159138,49.86765291034716,49.75000036314597,49.86534990065755
682.0,0.0,0.45,0.4500000099460112,3.3336411552427873e-18,5.0893962382912674e-17,2.7746183620131573e-18,2.7724568429793225e-18,0.4956690182888287,9.717264079718197e-09,0.49566901828882853,1.6619160631140714e-19,0.4506689410735059,0.45000142664153026,0.4506689410735059,1.6638797165647532e-19,0.45,0.49566901828882853,0.44543736966087644,2.766456665114291e-18,0.45,0.4506689410735059,0.44993737795103433,2.7730021766165624e-18,0.45000142664153026,0.6305892789984934,49.95402939461215,49.9080587892243,49.86995592003679,49.80997814159138,49.867652910347175,49.75000036314597,49.86534990065755
683.0,0.0,0.45,0.4500000099460112,3.3336411552427877e-18,5.089396238291268e-17,2.7746183620131573e-18,2.7724568429793225e-18,0.49566901828882864,9.717264079737706e-09,0.4956690182888285,1.6619160631140714e-19,0.4506689410735059,0.4500014266415303,0.4506689410735059,1.6638797165647532e-19,0.45,0.4956690182888285,0.44543736966087644,2.766456665114291e-18,0.45,0.4506689410735059,0.44993737795103433,2.7730021766165624e-18,0.4500014266415303,0.6305892789984935,49.95402939461215,49.9080587892243,49.86995592003679,49.80997814159138,49.867652910347175,49.75000036314597,49.86534990065755
684.0,0.0,0.45,0.4500000099460112,3.3336411552427877e-18,5.0893962382912686e-17,2.7746183620131573e-18,2.7724568429793225e-18,0.49566901828882864,9.717264079760272e-09,0.4956690182888284,1.6619160631140714e-19,0.4506689410735059,0.4500014266415303,0.4506689410735059,1.6638797165647532e-19,0.45,0.4956690182888284,0.44543736966087644,2.766456665114291e-18,0.45,0.4506689410735059,0.44993737795103433,2.7730021766165624e-18,0.45000142664153037,0.6305892789984936,49.95402939461215,49.9080587892243,49.86995592003679,49.80997814159138,49.867652910347175,49.75000036314597,49.86534990065755
685.0,0.0,0.45,0.4500000099460112,3.3336411552427877e-18,5.0893962382912686e-17,2.7746183620131573e-18,2.7724568429793225e-18,0.4956690182888287,9.717264079765027e-09,0.49566901828882853,1.6619160631140714e-19,0.4506689410735059,0.4500014266415303,0.4506689410735059,1.6638797165647532e-19,0.45,0.49566901828882853,0.4454373696608765,2.766456665114291e-18,0.45,0.4506689410735059,0.44993737795103433,2.7730021766165624e-18,0.45000142664153037,0.6305892789984936,49.95402939461215,49.9080587892243,49.86995592003679,49.80997814159138,49.867652910347175,49.75000036314597,49.86534990065755
686.0,0.0,0.45,0.4500000099460112,3.3336411552427877e-18,5.0893962382912686e-17,2.7746183620131573e-18,2.7724568429793225e-18,0.4956690182888287,9.717264079764267e-09,0.4956690182888286,1.6619160631140714e-19,0.4506689410735059,0.4500014266415303,0.4506689410735059,1.6638797165647532e-19,0.45,0.4956690182888286,0.4454373696608765,2.766456665114291e-18,0.45,0.4506689410735059,0.44993737795103433,2.7730021766165624e-18,0.45000142664153037,0.6305892789984936,49.95402939461215,49.9080587892243,49.86995592003679,49.80997814159138,49.867652910347175,49.75000036314597,49.86534990065755
687.0,0.0,0.45,0.4500000099460112,3.3336411552427873e-18,5.089396238291268e-17,2.7746183620131573e-18,2.7724568429793225e-18,0.4956690182888287,9.717264079776018e-09,0.49566901828882853,1.6619160631140714e-19,0.4506689410735059,0.4500014266415303,0.4506689410735059,1.6638797165647532e-19,0.45,0.49566901828882853,0.4454373696608765,2.766456665114291e-18,0.45,0.4506689410735059,0.44993737795103433,2.7730021766165624e-18,0.4500014266415303,0.6305892789984935,49.95402939461215,49.9080587892243,49.86995592003679,49.80997814159138,49.867652910347175,49.75000036314597,49.86534990065755
688.0,0.0,0.45,0.4500000099460112,3.3336411552427873e-18,5.089396238291268e-17,2.7746183620131573e-18,2.7724568429793225e-18,0.49566901828882864,9.717264079795531e-09,0.4956690182888285,1.6619160631140714e-19,0.4506689410735059,0.4500014266415303,0.4506689410735059,1.6638797165647532e-19,0.45,0.4956690182888285,0.44543736966087644,2.766456665114291e-18,0.45,0.4506689410735059,0.44993737795103433,2.7730021766165624e-18,0.4500014266415303,0.6305892789984935,49.95402939461215,49.9080587892243,49.86995592003679,49.80997814159138,49.867652910347175,49.75000036314597,49.86534990065755
689.0,0.0,0.45,0.4500000099460112,3.3336411552427873e-18,5.089396238291268e-17,2.7746183620131573e-18,2.7724568429793225e-18,0.4956690182888286,9.717264079818062e-09,0.4956690182888285,1.6619160631140714e-19,0.4506689410735059,0.4500014266415303,0.4506689410735059,1.6638797165647532e-19,0.45,0.4956690182888285,0.44543736966087644,2.766456665114291e-18,0.45,0.4506689410735059,0.44993737795103433,2.7730021766165624e-18,0.4500014266415303,0.6305892789984935,49.95402939461215,49.9080587892243,49.86995592003679,49.80997814159138,49.867652910347175,49.75000036314597,49.86534990065755
690.0,0.0,0.45,0.4500000099460112,3.3336411552427877e-18,5.0893962382912674e-17,2.7746183620131573e-18,2.7724568429793225e-18,0.4956690182888287,9.71726407982277e-09,0.49566901828882853,1.6619160631140714e-19,0.4506689410735059,0.45000142664153026,0.4506689410735059,1.663879716564753e-19,0.45,0.49566901828882853,0.44543736966087644,2.766456665114291e-18,0.45,0.4506689410735059,0.44993737795103433,2.7730021766165624e-18,0.45000142664153026,0.6305892789984934,49.95402939461215,49.9080587892243,49.86995592003679,49.80997814159138,49.86765291034716,49.75000036314597,49.86534990065755
691.0,0.0,0.45,0.4500000099460112,3.3336411552427877e-18,5.0893962382912674e-17,2.7746183620131573e-18,2.7724568429793225e-18,0.49566901828882876,9.717264079821988e-09,0.4956690182888286,1.6619160631140714e-19,0.4506689410735059,0.45000142664153026,0.4506689410735059,1.6638797165647527e-19,0.45,0.4956690182888286,0.44543736966087644,2.766456665114291e-18,0.45,0.4506689410735059,0.44993737795103433,2.7730021766165624e-18,0.45000142664153026,0.6305892789984934,49.95402939461215,49.9080587892243,49.86995592003679,49.80997814159138,49.867652910347154,49.75000036314597,49.86534990065755
692.0,0.0,0.45,0.4500000099460112,3.3336411552427877e-18,5.089396238291268e-17,2.7746183620131573e-18,2.7724568429793225e-18,0.4956690182888287,9.717264079833712e-09,0.49566901828882853,1.6619160631140714e-19,0.4506689410735059,0.4500014266415303,0.4506689410735059,1.6638797165647527e-19,0.45,0.49566901828882853,0.44543736966087644,2.766456665114291e-18,0.45,0.4506689410735059,0.44993737795103433,2.7730021766165624e-18,0.4500014266415303,0.6305892789984935,49.95402939461215,49.9080587892243,49.86995592003679,49.80997814159138,49.867652910347154,49.75000036314597,49.86534990065755
693.0,0.0,0.45,0.4500000099460112,3.3336411552427873e-18,5.0893962382912686e-17,2.7746183620131573e-18,2.7724568429793225e-18,0.49566901828882864,9.717264079853222e-09,0.4956690182888285,1.6619160631140714e-19,0.45066894107350586,0.4500014266415303,0.45066894107350586,1.663879716564753e-19,0.45,0.4956690182888285,0.44543736966087644,2.766456665114291e-18,0.45,0.45066894107350586,0.44993737795103433,2.7730021766165624e-18,0.45000142664153037,0.6305892789984936,49.95402939461215,49.9080587892243,49.86995592003679,49.80997814159138,49.86765291034716,49.75000036314597,49.86534990065755
694.0,0.0,0.45,0.4500000099460112,3.3336411552427873e-18,5.0893962382912686e-17,2.7746183620131573e-18,2.7724568429793225e-18,0.49566901828882864,9.717264079875788e-09,0.4956690182888284,1.6619160631140714e-19,0.4506689410735059,0.4500014266415303,0.4506689410735059,1.663879716564753e-19,0.45,0.4956690182888284,0.44543736966087644,2.766456665114291e-18,0.45,0.4506689410735059,0.44993737795103433,2.7730021766165624e-18,0.45000142664153037,0.6305892789984936,49.95402939461215,49.9080587892243,49.86995592003679,49.80997814159138,49.86765291034716,49.75000036314597,49.86534990065755
695.0,0.0,0.45,0.4500000099460112,3.3336411552427877e-18,5.089396238291268e-17,2.7746183620131573e-18,2.7724568429793225e-18,0.4956690182888287,9.717264079880542e-09,0.49566901828882853,1.6619160631140714e-19,0.4506689410735059,0.4500014266415303,0.4506689410735059,1.6638797165647527e-19,0.45,0.49566901828882853,0.4454373696608765,2.766456665114291e-18,0.45,0.4506689410735059,0.44993737795103433,2.7730021766165624e-18,0.4500014266415303,0.6305892789984935,49.95402939461215,49.9080587892243,49.86995592003679,49.80997814159138,49.867652910347154,49.75000036314597,49.86534990065755
696.0,0.0,0.45,0.4500000099460112,3.3336411552427873e-18,5.089396238291268e-17,2.7746183620131573e-18,2.7724568429793225e-18,0.4956690182888287,9.717264079879783e-09,0.4956690182888286,1.6619160631140714e-19,0.4506689410735059,0.4500014266415303,0.4506689410735059,1.663879716564753e-19,0.45,0.4956690182888286,0.4454373696608765,2.766456665114291e-18,0.45,0.4506689410735059,0.44993737795103433,2.7730021766165624e-18,0.4500014266415303,0.6305892789984935,49.95402939461215,49.9080587892243,49.86995592003679,49.80997814159138,49.86765291034716,49.75000036314597,49.86534990065755
697.0,0.0,0.45,0.4500000099460112,3.3336411552427873e-18,5.0893962382912686e-17,2.7746183620131573e-18,2.7724568429793225e-18,0.4956690182888287,9.717264079891534e-09,0.49566901828882853,1.6619160631140714e-19,0.4506689410735059,0.4500014266415303,0.4506689410735059,1.6638797165647532e-19,0.45,0.49566901828882853,0.4454373696608765,2.766456665114291e-18,0.45,0.4506689410735059,0.44993737795103433,2.7730021766165624e-18,0.45000142664153037,0.6305892789984936,49.95402939461215,49.9080587892243,49.86995592003679,49.80997814159138,49.867652910347175,49.75000036314597,49.86534990065755
698.0,0.0,0.45,0.4500000099460112,3.3336411552427873e-18,5.089396238291268e-17,2.7746183620131573e-18,2.7724568429793225e-18,0.49566901828882864,9.717264079911047e-09,0.4956690182888285,1.6619160631140714e-19,0.45066894107350597,0.4500014266415303,0.45066894107350597,1.6638797165647532e-19,0.45,0.4956690182888285,0.44543736966087644,2.766456665114291e-18,0.45,0.45066894107350597,0.44993737795103433,2.7730021766165624e-18,0.4500014266415303,0.6305892789984935,49.95402939461215,49.9080587892243,49.86995592003679,49.80997814159138,49.867652910347175,49.75000036314597,49.86534990065755
699.0,0.0,0.45,0.4500000099460112,3.3336411552427873e-18,5.089396238291268e-17,2.7746183620131573e-18,2.7724568429793225e-18,0.4956690182888286,9.717264079933578e-09,0.4956690182888285,1.6619160631140714e-19,0.45066894107350597,0.4500014266415303,0.45066894107350597,1.663879716564753e-19,0.45,0.4956690182888285,0.44543736966087644,2.766456665114291e-18,0.45,0.45066894107350597,0.44993737795103433,2.7730021766165624e-18,0.4500014266415303,0.6305892789984935,49.95402939461215,49.9080587892243,49.86995592003679,49.80997814159138,49.86765291034716,49.75000036314597,49.86534990065755
700.0,0.0,0.45,0.4500000099460112,3.3336411552427873e-18,5.089396238291268e-17,2.7746183620131573e-18,2.7724568429793225e-18,0.4956690182888287,9.717264079938286e-09,0.49566901828882853,1.6619160631140714e-19,0.4506689410735059,0.4500014266415303,0.4506689410735059,1.6638797165647527e-19,0.45,0.49566901828882853,0.44543736966087644,2.766456665114291e-18,0.45,0.4506689410735059,0.44993737795103433,2.7730021766165624e-18,0.4500014266415303,0.6305892789984935,49.95402939461215,49.9080587892243,49.86995592003679,49.80997814159138,49.867652910347154,49.75000036314597,49.86534990065755
701.0,0.0,0.45,0.4500000099460112,3.3336411552427873e-18,5.0893962382912686e-17,2.7746183620131573e-18,2.7724568429793225e-18,0.49566901828882876,9.717264079937504e-09,0.4956690182888286,1.6619160631140714e-19,0.4506689410735059,0.45000142664153037,0.4506689410735059,1.663879716564753e-19,0.45,0.4956690182888286,0.44543736966087644,2.766456665114291e-18,0.45,0.4506689410735059,0.44993737795103433,2.7730021766165624e-18,0.45000142664153037,0.6305892789984936,49.95402939461215,49.9080587892243,49.86995592003679,49.80997814159138,49.86765291034716,49.75000036314597,49.86534990065755
702.0,0.0,0.45,0.4500000099460112,3.3336411552427873e-18,5.089396238291268e-17,2.7746183620131573e-18,2.7724568429793225e-18,0.4956690182888287,9.717264079949228e-09,0.49566901828882853,1.6619160631140714e-19,0.4506689410735059,0.4500014266415303,0.4506689410735059,1.6638797165647532e-19,0.45,0.49566901828882853,0.44543736966087644,2.766456665114291e-18,0.45,0.4506689410735059,0.44993737795103433,2.7730021766165624e-18,0.4500014266415303,0.6305892789984935,49.95402939461215,49.9080587892243,49.86995592003679,49.80997814159138,49.867652910347175,49.75000036314597,49.86534990065755
703.0,0.0,0.45,0.4500000099460112,3.3336411552427877e-18,5.089396238291268e-17,2.7746183620131573e-18,2.7724568429793225e-18,0.49566901828882864,9.717264079968738e-09,0.4956690182888285,1.6619160631140714e-19,0.4506689410735059,0.4500014266415303,0.4506689410735059,1.6638797165647532e-19,0.45,0.4956690182888285,0.44543736966087644,2.766456665114291e-18,0.45,0.4506689410735059,0.44993737795103433,2.7730021766165624e-18,0.4500014266415303,0.6305892789984935,49.95402939461215,49.9080587892243,49.86995592003679,49.80997814159138,49.867652910347175,49.75000036314597,49.86534990065755
704.0,0.0,0.45,0.4500000099460112,3.3336411552427877e-18,5.089396238291268e-17,2.7746183620131573e-18,2.7724568429793225e-18,0.49566901828882864,9.717264079991303e-09,0.4956690182888284,1.6619160631140714e-19,0.4506689410735059,0.4500014266415303,0.4506689410735059,1.6638797165647532e-19,0.45,0.4956690182888284,0.44543736966087644,2.766456665114291e-18,0.45,0.4506689410735059,0.44993737795103433,2.7730021766165624e-18,0.4500014266415303,0.6305892789984935,49.95402939461215,49.9080587892243,49.86995592003679,49.80997814159138,49.867652910347175,49.75000036314597,49.86534990065755
705.0,0.0,0.45,0.4500000099460112,3.3336411552427873e-18,5.089396238291268e-17,2.7746183620131573e-18,2.7724568429793225e-18,0.4956690182888287,9.717264079996058e-09,0.49566901828882853,1.6619160631140714e-19,0.4506689410735059,0.45000142664153037,0.4506689410735059,1.6638797165647532e-19,0.45,0.49566901828882853,0.4454373696608765,2.766456665114291e-18,0.45,0.4506689410735059,0.44993737795103433,2.7730021766165624e-18,0.4500014266415303,0.6305892789984935,49.95402939461215,49.9080587892243,49.86995592003679,49.80997814159138,49.867652910347175,49.75000036314597,49.86534990065755
706.0,0.0,0.45,0.4500000099460112,3.3336411552427873e-18,5.0893962382912686e-17,2.7746183620131573e-18,2.7724568429793225e-18,0.4956690182888287,9.717264079995299e-09,0.4956690182888286,1.6619160631140714e-19,0.4506689410735059,0.4500014266415303,0.4506689410735059,1.663879716564753e-19,0.45,0.4956690182888286,0.4454373696608765,2.766456665114291e-18,0.45,0.4506689410735059,0.44993737795103433,2.7730021766165624e-18,0.45000142664153037,0.6305892789984936,49.95402939461215,49.9080587892243,49.86995592003679,49.80997814159138,49.86765291034716,49.75000036314597,49.86534990065755
707.0,0.0,0.45,0.4500000099460112,3.3336411552427873e-18,5.0893962382912686e-17,2.7746183620131573e-18,2.7724568429793225e-18,0.4956690182888287,9.71726408000705e-09,0.49566901828882853,1.6619160631140714e-19,0.4506689410735059,0.4500014266415303,0.4506689410735059,1.663879716564753e-19,0.45,0.49566901828882853,0.4454373696608765,2.766456665114291e-18,0.45,0.4506689410735059,0.44993737795103433,2.7730021766165624e-18,0.45000142664153037,0.6305892789984936,49.95402939461215,49.9080587892243,49.86995592003679,49.80997814159138,49.86765291034716,49.75000036314597,49.86534990065755
708.0,0.0,0.45,0.4500000099460112,3.3336411552427873e-18,5.0893962382912686e-17,2.7746183620131573e-18,2.7724568429793225e-18,0.49566901828882864,9.717264080026563e-09,0.4956690182888285,1.6619160631140714e-19,0.4506689410735059,0.4500014266415303,0.4506689410735059,1.663879716564753e-19,0.45,0.4956690182888285,0.44543736966087644,2.766456665114291e-18,0.45,0.4506689410735059,0.44993737795103433,2.7730021766165624e-18,0.45000142664153037,0.6305892789984936,49.95402939461215,49.9080587892243,49.86995592003679,49.80997814159138,49.86765291034716,49.75000036314597,49.86534990065755
709.0,0.0,0.45,0.4500000099460112,3.3336411552427877e-18,5.089396238291268e-17,2.7746183620131573e-18,2.7724568429793225e-18,0.4956690182888286,9.717264080049094e-09,0.4956690182888285,1.6619160631140714e-19,0.4506689410735059,0.4500014266415303,0.4506689410735059,1.6638797165647527e-19,0.45,0.4956690182888285,0.44543736966087644,2.766456665114291e-18,0.45,0.4506689410735059,0.44993737795103433,2.7730021766165624e-18,0.4500014266415303,0.6305892789984935,49.95402939461215,49.9080587892243,49.86995592003679,49.80997814159138,49.867652910347154,49.75000036314597,49.86534990065755
710.0,0.0,0.45,0.4500000099460112,3.3336411552427873e-18,5.089396238291268e-17,2.7746183620131573e-18,2.7724568429793225e-18,0.4956690182888287,9.717264080053802e-09,0.49566901828882853,1.6619160631140714e-19,0.4506689410735059,0.4500014266415303,0.4506689410735059,1.6638797165647527e-19,0.45,0.49566901828882853,0.44543736966087644,2.766456665114291e-18,0.45,0.4506689410735059,0.44993737795103433,2.7730021766165624e-18,0.4500014266415303,0.6305892789984935,49.95402939461215,49.9080587892243,49.86995592003679,49.80997814159138,49.867652910347154,49.75000036314597,49.86534990065755
711.0,0.0,0.45,0.4500000099460112,3.3336411552427873e-18,5.089396238291268e-17,2.7746183620131573e-18,2.7724568429793225e-18,0.49566901828882876,9.71726408005302e-09,0.4956690182888286,1.6619160631140714e-19,0.4506689410735059,0.4500014266415303,0.4506689410735059,1.663879716564753e-19,0.45,0.4956690182888286,0.44543736966087644,2.766456665114291e-18,0.45,0.4506689410735059,0.44993737795103433,2.7730021766165624e-18,0.4500014266415303,0.6305892789984935,49.95402939461215,49.9080587892243,49.86995592003679,49.80997814159138,49.86765291034716,49.75000036314597,49.86534990065755
712.0,0.0,0.45,0.4500000099460112,3.3336411552427873e-18,5.089396238291268e-17,2.7746183620131573e-18,2.7724568429793225e-18,0.4956690182888287,9.717264080064744e-09,0.49566901828882853,1.6619160631140714e-19,0.4506689410735059,0.4500014266415303,0.4506689410735059,1.6638797165647532e-19,0.45,0.49566901828882853,0.44543736966087644,2.766456665114291e-18,0.45,0.4506689410735059,0.44993737795103433,2.7730021766165624e-18,0.4500014266415303,0.6305892789984935,49.95402939461215,49.9080587892243,49.86995592003679,49.80997814159138,49.867652910347175,49.75000036314597,49.86534990065755
713.0,0.0,0.45,0.4500000099460112,3.3336411552427873e-18,5.089396238291268e-17,2.7746183620131573e-18,2.7724568429793225e-18,0.49566901828882864,9.717264080084254e-09,0.4956690182888285,1.6619160631140714e-19,0.4506689410735059,0.4500014266415303,0.4506689410735059,1.6638797165647532e-19,0.45,0.4956690182888285,0.44543736966087644,2.766456665114291e-18,0.45,0.4506689410735059,0.44993737795103433,2.7730021766165624e-18,0.4500014266415303,0.6305892789984935,49.95402939461215,49.9080587892243,49.86995592003679,49.80997814159138,49.867652910347175,49.75000036314597,49.86534990065755
714.0,0.0,0.45,0.4500000099460112,3.3336411552427873e-18,5.0893962382912674e-17,2.7746183620131573e-18,2.7724568429793225e-18,0.49566901828882864,9.71726408010682e-09,0.4956690182888284,1.6619160631140714e-19,0.4506689410735059,0.45000142664153026,0.4506689410735059,1.6638797165647532e-19,0.45,0.4956690182888284,0.44543736966087644,2.766456665114291e-18,0.45,0.4506689410735059,0.44993737795103433,2.7730021766165624e-18,0.45000142664153026,0.6305892789984934,49.95402939461215,49.9080587892243,49.86995592003679,49.80997814159138,49.867652910347175,49.75000036314597,49.86534990065755
715.0,0.0,0.45,0.4500000099460112,3.3336411552427873e-18,5.0893962382912674e-17,2.7746183620131573e-18,2.7724568429793225e-18,0.4956690182888287,9.717264080111574e-09,0.49566901828882853,1.6619160631140714e-19,0.4506689410735059,0.45000142664153026,0.4506689410735059,1.6638797165647532e-19,0.45,0.49566901828882853,0.4454373696608765,2.766456665114291e-18,0.45,0.4506689410735059,0.44993737795103433,2.7730021766165624e-18,0.45000142664153026,0.6305892789984934,49.95402939461215,49.9080587892243,49.86995592003679,49.80997814159138,49.867652910347175,49.75000036314597,49.86534990065755
716.0,0.0,0.45,0.4500000099460112,3.3336411552427873e-18,5.089396238291268e-17,2.7746183620131573e-18,2.7724568429793225e-18,0.4956690182888287,9.717264080110814e-09,0.4956690182888286,1.6619160631140714e-19,0.4506689410735059,0.4500014266415303,0.4506689410735059,1.6638797165647532e-19,0.45,0.4956690182888286,0.4454373696608765,2.766456665114291e-18,0.45,0.4506689410735059,0.44993737795103433,2.7730021766165624e-18,0.4500014266415303,0.6305892789984935,49.95402939461215,49.9080587892243,49.86995592003679,49.80997814159138,49.867652910347175,49.75000036314597,49.86534990065755
717.0,0.0,0.45,0.4500000099460112,3.3336411552427873e-18,5.089396238291268e-17,2.7746183620131573e-18,2.7724568429793225e-18,0.4956690182888287,9.717264080122565e-09,0.49566901828882853,1.6619160631140714e-19,0.4506689410735059,0.4500014266415303,0.4506689410735059,1.6638797165647532e-19,0.45,0.49566901828882853,0.4454373696608765,2.766456665114291e-18,0.45,0.4506689410735059,0.44993737795103433,2.7730021766165624e-18,0.4500014266415303,0.6305892789984935,49.95402939461215,49.9080587892243,49.86995592003679,49.80997814159138,49.867652910347175,49.75000036314597,49.86534990065755
718.0,0.0,0.45,0.4500000099460112,3.3336411552427877e-18,5.0893962382912674e-17,2.7746183620131573e-18,2.7724568429793225e-18,0.49566901828882864,9.717264080142079e-09,0.4956690182888285,1.6619160631140714e-19,0.4506689410735059,0.45000142664153026,0.4506689410735059,1.6638797165647532e-19,0.45,0.4956690182888285,0.44543736966087644,2.766456665114291e-18,0.45,0.4506689410735059,0.44993737795103433,2.7730021766165624e-18,0.45000142664153026,0.6305892789984934,49.95402939461215,49.9080587892243,49.86995592003679,49.80997814159138,49.867652910347175,49.75000036314597,49.86534990065755
719.0,0.0,0.45,0.4500000099460112,3.3336411552427877e-18,5.0893962382912674e-17,2.7746183620131573e-18,2.7724568429793225e-18,0.4956690182888286,9.71726408016461e-09,0.4956690182888285,1.6619160631140714e-19,0.4506689410735059,0.45000142664153026,0.4506689410735059,1.6638797165647532e-19,0.45,0.4956690182888285,0.44543736966087644,2.766456665114291e-18,0.45,0.4506689410735059,0.44993737795103433,2.7730021766165624e-18,0.45000142664153026,0.6305892789984934,49.95402939461215,49.9080587892243,49.86995592003679,49.80997814159138,49.867652910347175,49.75000036314597,49.86534990065755
720.0,0.0,0.45,0.4500000099460112,3.3336411552427873e-18,5.089396238291268e-17,2.7746183620131573e-18,2.7724568429793225e-18,0.4956690182888287,9.717264080169318e-09,0.49566901828882853,1.6619160631140714e-19,0.4506689410735059,0.4500014266415303,0.4506689410735059,1.663879716564753e-19,0.45,0.49566901828882853,0.44543736966087644,2.766456665114291e-18,0.45,0.4506689410735059,0.44993737795103433,2.7730021766165624e-18,0.4500014266415303,0.6305892789984935,49.95402939461215,49.9080587892243,49.86995592003679,49.80997814159138,49.86765291034716,49.75000036314597,49.86534990065755
721.0,0.0,0.45,0.4500000099460112,3.333641155242787e-18,5.0893962382912686e-17,2.7746183620131573e-18,2.7724568429793225e-18,0.49566901828882876,9.717264080168535e-09,0.4956690182888286,1.6619160631140714e-19,0.4506689410735059,0.45000142664153037,0.4506689410735059,1.6638797165647527e-19,0.45,0.4956690182888286,0.44543736966087644,2.766456665114291e-18,0.45,0.4506689410735059,0.44993737795103433,2.7730021766165624e-18,0.45000142664153037,0.6305892789984936,49.95402939461214,49.9080587892243,49.86995592003679,49.80997814159138,49.867652910347154,49.75000036314597,49.86534990065755
722.0,0.0,0.45,0.4500000099460112,3.3336411552427873e-18,5.089396238291268e-17,2.7746183620131573e-18,2.7724568429793225e-18,0.4956690182888287,9.71726408018026e-09,0.49566901828882853,1.6619160631140714e-19,0.4506689410735059,0.4500014266415303,0.4506689410735059,1.6638797165647527e-19,0.45,0.49566901828882853,0.44543736966087644,2.766456665114291e-18,0.45,0.4506689410735059,0.44993737795103433,2.7730021766165624e-18,0.4500014266415303,0.6305892789984935,49.95402939461215,49.9080587892243,49.86995592003679,49.80997814159138,49.867652910347154,49.75000036314597,49.86534990065755
723.0,0.0,0.45,0.4500000099460112,3.3336411552427873e-18,5.0893962382912674e-17,2.7746183620131573e-18,2.7724568429793225e-18,0.49566901828882864,9.71726408019977e-09,0.4956690182888285,1.6619160631140714e-19,0.4506689410735059,0.4500014266415303,0.4506689410735059,1.663879716564753e-19,0.45,0.4956690182888285,0.44543736966087644,2.766456665114291e-18,0.45,0.4506689410735059,0.44993737795103433,2.7730021766165624e-18,0.45000142664153026,0.6305892789984934,49.95402939461215,49.9080587892243,49.86995592003679,49.80997814159138,49.86765291034716,49.75000036314597,49.86534990065755
724.0,0.0,0.45,0.4500000099460112,3.3336411552427877e-18,5.0893962382912674e-17,2.7746183620131573e-18,2.7724568429793225e-18,0.49566901828882864,9.717264080222335e-09,0.4956690182888284,1.6619160631140714e-19,0.4506689410735059,0.4500014266415303,0.4506689410735059,1.663879716564753e-19,0.45,0.4956690182888284,0.44543736966087644,2.766456665114291e-18,0.45,0.4506689410735059,0.44993737795103433,2.7730021766165624e-18,0.45000142664153026,0.6305892789984934,49.95402939461215,49.9080587892243,49.86995592003679,49.80997814159138,49.86765291034716,49.75000036314597,49.86534990065755
725.0,0.0,0.45,0.4500000099460112,3.3336411552427873e-18,5.0893962382912686e-17,2.7746183620131573e-18,2.7724568429793225e-18,0.4956690182888287,9.71726408022709e-09,0.49566901828882853,1.6619160631140714e-19,0.4506689410735059,0.45000142664153037,0.4506689410735059,1.6638797165647527e-19,0.45,0.49566901828882853,0.4454373696608765,2.766456665114291e-18,0.45,0.4506689410735059,0.44993737795103433,2.7730021766165624e-18,0.45000142664153037,0.6305892789984936,49.95402939461215,49.9080587892243,49.86995592003679,49.80997814159138,49.867652910347154,49.75000036314597,49.86534990065755
726.0,0.0,0.45,0.4500000099460112,3.3336411552427873e-18,5.0893962382912686e-17,2.7746183620131573e-18,2.7724568429793225e-18,0.4956690182888287,9.71726408022633e-09,0.4956690182888286,1.6619160631140714e-19,0.4506689410735059,0.45000142664153037,0.4506689410735059,1.663879716564753e-19,0.45,0.4956690182888286,0.4454373696608765,2.766456665114291e-18,0.45,0.4506689410735059,0.44993737795103433,2.7730021766165624e-18,0.45000142664153037,0.6305892789984936,49.95402939461215,49.9080587892243,49.86995592003679,49.80997814159138,49.86765291034716,49.75000036314597,49.86534990065755
727.0,0.0,0.45,0.4500000099460112,3.3336411552427873e-18,5.0893962382912686e-17,2.7746183620131573e-18,2.7724568429793225e-18,0.4956690182888287,9.717264080238081e-09,0.49566901828882853,1.6619160631140714e-19,0.4506689410735059,0.4500014266415303,0.4506689410735059,1.6638797165647532e-19,0.45,0.49566901828882853,0.4454373696608765,2.766456665114291e-18,0.45,0.4506689410735059,0.44993737795103433,2.7730021766165624e-18,0.45000142664153037,0.6305892789984936,49.95402939461215,49.9080587892243,49.86995592003679,49.80997814159138,49.867652910347175,49.75000036314597,49.86534990065755
728.0,0.0,0.45,0.4500000099460112,3.3336411552427877e-18,5.089396238291268e-17,2.7746183620131573e-18,2.7724568429793225e-18,0.49566901828882864,9.717264080257594e-09,0.4956690182888285,1.6619160631140714e-19,0.4506689410735059,0.4500014266415303,0.4506689410735059,1.6638797165647532e-19,0.45,0.4956690182888285,0.44543736966087644,2.766456665114291e-18,0.45,0.4506689410735059,0.44993737795103433,2.7730021766165624e-18,0.4500014266415303,0.6305892789984935,49.95402939461215,49.9080587892243,49.86995592003679,49.80997814159138,49.867652910347175,49.75000036314597,49.86534990065755
729.0,0.0,0.45,0.4500000099460112,3.3336411552427877e-18,5.089396238291268e-17,2.7746183620131573e-18,2.7724568429793225e-18,0.4956690182888286,9.717264080280125e-09,0.4956690182888285,1.6619160631140714e-19,0.4506689410735059,0.4500014266415303,0.4506689410735059,1.663879716564753e-19,0.45,0.4956690182888285,0.44543736966087644,2.766456665114291e-18,0.45,0.4506689410735059,0.44993737795103433,2.7730021766165624e-18,0.4500014266415303,0.6305892789984935,49.95402939461215,49.9080587892243,49.86995592003679,49.80997814159138,49.86765291034716,49.75000036314597,49.86534990065755
730.0,0.0,0.45,0.4500000099460112,3.3336411552427873e-18,5.089396238291268e-17,2.7746183620131573e-18,2.7724568429793225e-18,0.4956690182888287,9.717264080284833e-09,0.49566901828882853,1.6619160631140714e-19,0.4506689410735059,0.4500014266415303,0.4506689410735059,1.6638797165647527e-19,0.45,0.49566901828882853,0.44543736966087644,2.766456665114291e-18,0.45,0.4506689410735059,0.44993737795103433,2.7730021766165624e-18,0.4500014266415303,0.6305892789984935,49.95402939461215,49.9080587892243,49.86995592003679,49.80997814159138,49.867652910347154,49.75000036314597,49.86534990065755
731.0,0.0,0.45,0.4500000099460112,3.3336411552427873e-18,5.089396238291268e-17,2.7746183620131573e-18,2.7724568429793225e-18,0.49566901828882876,9.717264080284051e-09,0.4956690182888286,1.6619160631140714e-19,0.4506689410735059,0.4500014266415303,0.4506689410735059,1.663879716564753e-19,0.45,0.4956690182888286,0.44543736966087644,2.766456665114291e-18,0.45,0.4506689410735059,0.44993737795103433,2.7730021766165624e-18,0.4500014266415303,0.6305892789984935,49.95402939461215,49.9080587892243,49.86995592003679,49.80997814159138,49.86765291034716,49.75000036314597,49.86534990065755
732.0,0.0,0.45,0.4500000099460112,3.3336411552427877e-18,5.089396238291268e-17,2.7746183620131573e-18,2.7724568429793225e-18,0.4956690182888287,9.717264080295775e-09,0.49566901828882853,1.6619160631140714e-19,0.4506689410735059,0.4500014266415303,0.4506689410735059,1.6638797165647532e-19,0.45,0.49566901828882853,0.44543736966087644,2.766456665114291e-18,0.45,0.4506689410735059,0.44993737795103433,2.7730021766165624e-18,0.4500014266415303,0.6305892789984935,49.95402939461215,49.9080587892243,49.86995592003679,49.80997814159138,49.867652910347175,49.75000036314597,49.86534990065755
733.0,0.0,0.45,0.4500000099460112,3.3336411552427877e-18,5.0893962382912686e-17,2.7746183620131573e-18,2.7724568429793225e-18,0.49566901828882864,9.717264080315285e-09,0.4956690182888285,1.6619160631140714e-19,0.4506689410735059,0.4500014266415303,0.4506689410735059,1.6638797165647532e-19,0.45,0.4956690182888285,0.44543736966087644,2.766456665114291e-18,0.45,0.4506689410735059,0.44993737795103433,2.7730021766165624e-18,0.45000142664153037,0.6305892789984936,49.95402939461215,49.9080587892243,49.86995592003679,49.80997814159138,49.867652910347175,49.75000036314597,49.86534990065755
734.0,0.0,0.45,0.4500000099460112,3.3336411552427873e-18,5.089396238291268e-17,2.7746183620131573e-18,2.7724568429793225e-18,0.49566901828882864,9.71726408033785e-09,0.4956690182888284,1.6619160631140714e-19,0.4506689410735059,0.4500014266415303,0.4506689410735059,1.6638797165647532e-19,0.45,0.4956690182888284,0.44543736966087644,2.766456665114291e-18,0.45,0.4506689410735059,0.44993737795103433,2.7730021766165624e-18,0.4500014266415303,0.6305892789984935,49.95402939461215,49.9080587892243,49.86995592003679,49.80997814159138,49.867652910347175,49.75000036314597,49.86534990065755
735.0,0.0,0.45,0.4500000099460112,3.3336411552427873e-18,5.089396238291268e-17,2.7746183620131573e-18,2.7724568429793225e-18,0.4956690182888287,9.717264080342605e-09,0.49566901828882853,1.6619160631140714e-19,0.4506689410735059,0.4500014266415303,0.4506689410735059,1.6638797165647532e-19,0.45,0.49566901828882853,0.4454373696608765,2.766456665114291e-18,0.45,0.4506689410735059,0.44993737795103433,2.7730021766165624e-18,0.4500014266415303,0.6305892789984935,49.95402939461215,49.9080587892243,49.86995592003679,49.80997814159138,49.867652910347175,49.75000036314597,49.86534990065755
736.0,0.0,0.45,0.4500000099460112,3.3336411552427873e-18,5.089396238291268e-17,2.7746183620131573e-18,2.7724568429793225e-18,0.4956690182888287,9.717264080341846e-09,0.4956690182888286,1.6619160631140714e-19,0.4506689410735059,0.4500014266415303,0.4506689410735059,1.663879716564753e-19,0.45,0.4956690182888286,0.4454373696608765,2.766456665114291e-18,0.45,0.4506689410735059,0.44993737795103433,2.7730021766165624e-18,0.4500014266415303,0.6305892789984935,49.95402939461215,49.9080587892243,49.86995592003679,49.80997814159138,49.86765291034716,49.75000036314597,49.86534990065755
737.0,0.0,0.45,0.4500000099460112,3.3336411552427873e-18,5.089396238291268e-17,2.7746183620131573e-18,2.7724568429793225e-18,0.4956690182888287,9.717264080353597e-09,0.49566901828882853,1.6619160631140714e-19,0.4506689410735059,0.4500014266415303,0.4506689410735059,1.663879716564753e-19,0.45,0.49566901828882853,0.4454373696608765,2.766456665114291e-18,0.45,0.4506689410735059,0.44993737795103433,2.7730021766165624e-18,0.4500014266415303,0.6305892789984935,49.95402939461215,49.9080587892243,49.86995592003679,49.80997814159138,49.86765291034716,49.75000036314597,49.86534990065755
738.0,0.0,0.45,0.4500000099460112,3.3336411552427877e-18,5.0893962382912674e-17,2.7746183620131573e-18,2.7724568429793225e-18,0.49566901828882864,9.71726408037311e-09,0.4956690182888285,1.6619160631140714e-19,0.4506689410735059,0.4500014266415303,0.4506689410735059,1.663879716564753e-19,0.45,0.4956690182888285,0.44543736966087644,2.766456665114291e-18,0.45,0.4506689410735059,0.44993737795103433,2.7730021766165624e-18,0.45000142664153026,0.6305892789984934,49.95402939461215,49.9080587892243,49.86995592003679,49.80997814159138,49.86765291034716,49.75000036314597,49.86534990065755
739.0,0.0,0.45,0.4500000099460112,3.3336411552427877e-18,5.0893962382912674e-17,2.7746183620131573e-18,2.7724568429793225e-18,0.4956690182888286,9.717264080395641e-09,0.4956690182888285,1.6619160631140714e-19,0.45066894107350597,0.4500014266415303,0.45066894107350597,1.6638797165647527e-19,0.45,0.4956690182888285,0.44543736966087644,2.766456665114291e-18,0.45,0.45066894107350597,0.44993737795103433,2.7730021766165624e-18,0.45000142664153026,0.6305892789984934,49.95402939461215,49.9080587892243,49.86995592003679,49.80997814159138,49.867652910347154,49.75000036314597,49.86534990065755
740.0,0.0,0.45,0.4500000099460112,3.3336411552427877e-18,5.089396238291268e-17,2.7746183620131573e-18,2.7724568429793225e-18,0.4956690182888287,9.71726408040035e-09,0.49566901828882853,1.6619160631140714e-19,0.4506689410735059,0.4500014266415303,0.4506689410735059,1.6638797165647527e-19,0.45,0.49566901828882853,0.44543736966087644,2.766456665114291e-18,0.45,0.4506689410735059,0.44993737795103433,2.7730021766165624e-18,0.4500014266415303,0.6305892789984935,49.95402939461215,49.9080587892243,49.86995592003679,49.80997814159138,49.867652910347154,49.75000036314597,49.86534990065755
741.0,0.0,0.45,0.4500000099460112,3.3336411552427877e-18,5.0893962382912674e-17,2.7746183620131573e-18,2.7724568429793225e-18,0.49566901828882876,9.717264080399567e-09,0.4956690182888286,1.6619160631140714e-19,0.4506689410735059,0.45000142664153026,0.4506689410735059,1.663879716564753e-19,0.45,0.4956690182888286,0.44543736966087644,2.766456665114291e-18,0.45,0.4506689410735059,0.44993737795103433,2.7730021766165624e-18,0.45000142664153026,0.6305892789984934,49.95402939461215,49.9080587892243,49.86995592003679,49.80997814159138,49.86765291034716,49.75000036314597,49.86534990065755
742.0,0.0,0.45,0.4500000099460112,3.3336411552427873e-18,5.0893962382912674e-17,2.7746183620131573e-18,2.7724568429793225e-18,0.4956690182888287,9.717264080411291e-09,0.49566901828882853,1.6619160631140714e-19,0.4506689410735059,0.45000142664153026,0.4506689410735059,1.6638797165647532e-19,0.45,0.49566901828882853,0.44543736966087644,2.766456665114291e-18,0.45,0.4506689410735059,0.44993737795103433,2.7730021766165624e-18,0.45000142664153026,0.6305892789984934,49.95402939461215,49.9080587892243,49.86995592003679,49.80997814159138,49.867652910347175,49.75000036314597,49.86534990065755
743.0,0.0,0.45,0.4500000099460112,3.3336411552427873e-18,5.0893962382912674e-17,2.7746183620131573e-18,2.7724568429793225e-18,0.49566901828882864,9.717264080430801e-09,0.4956690182888285,1.6619160631140714e-19,0.4506689410735059,0.4500014266415303,0.4506689410735059,1.6638797165647532e-19,0.45,0.4956690182888285,0.44543736966087644,2.766456665114291e-18,0.45,0.4506689410735059,0.44993737795103433,2.7730021766165624e-18,0.45000142664153026,0.6305892789984934,49.95402939461215,49.9080587892243,49.86995592003679,49.80997814159138,49.867652910347175,49.75000036314597,49.86534990065755
744.0,0.0,0.45,0.4500000099460112,3.3336411552427873e-18,5.0893962382912674e-17,2.7746183620131573e-18,2.7724568429793225e-18,0.49566901828882864,9.717264080453367e-09,0.4956690182888284,1.6619160631140714e-19,0.4506689410735059,0.4500014266415303,0.4506689410735059,1.6638797165647532e-19,0.45,0.4956690182888284,0.44543736966087644,2.766456665114291e-18,0.45,0.4506689410735059,0.44993737795103433,2.7730021766165624e-18,0.45000142664153026,0.6305892789984934,49.95402939461215,49.9080587892243,49.86995592003679,49.80997814159138,49.867652910347175,49.75000036314597,49.86534990065755
745.0,0.0,0.45,0.4500000099460112,3.3336411552427877e-18,5.089396238291268e-17,2.7746183620131573e-18,2.7724568429793225e-18,0.4956690182888287,9.717264080458121e-09,0.49566901828882853,1.6619160631140714e-19,0.4506689410735059,0.4500014266415303,0.4506689410735059,1.6638797165647532e-19,0.45,0.49566901828882853,0.4454373696608765,2.766456665114291e-18,0.45,0.4506689410735059,0.44993737795103433,2.7730021766165624e-18,0.4500014266415303,0.6305892789984935,49.95402939461215,49.9080587892243,49.86995592003679,49.80997814159138,49.867652910347175,49.75000036314597,49.86534990065755
746.0,0.0,0.45,0.4500000099460112,3.3336411552427877e-18,5.0893962382912686e-17,2.7746183620131573e-18,2.7724568429793225e-18,0.4956690182888287,9.717264080457362e-09,0.4956690182888286,1.6619160631140714e-19,0.4506689410735059,0.4500014266415303,0.4506689410735059,1.6638797165647532e-19,0.45,0.4956690182888286,0.4454373696608765,2.766456665114291e-18,0.45,0.4506689410735059,0.44993737795103433,2.7730021766165624e-18,0.45000142664153037,0.6305892789984936,49.95402939461215,49.9080587892243,49.86995592003679,49.80997814159138,49.867652910347175,49.75000036314597,49.86534990065755
747.0,0.0,0.45,0.4500000099460112,3.3336411552427877e-18,5.089396238291268e-17,2.7746183620131573e-18,2.7724568429793225e-18,0.4956690182888287,9.717264080469113e-09,0.49566901828882853,1.6619160631140714e-19,0.4506689410735059,0.4500014266415303,0.4506689410735059,1.6638797165647532e-19,0.45,0.49566901828882853,0.4454373696608765,2.766456665114291e-18,0.45,0.4506689410735059,0.44993737795103433,2.7730021766165624e-18,0.4500014266415303,0.6305892789984935,49.95402939461215,49.9080587892243,49.86995592003679,49.80997814159138,49.867652910347175,49.75000036314597,49.86534990065755
748.0,0.0,0.45,0.4500000099460112,3.3336411552427873e-18,5.0893962382912674e-17,2.7746183620131573e-18,2.7724568429793225e-18,0.49566901828882864,9.717264080488626e-09,0.4956690182888285,1.6619160631140714e-19,0.4506689410735059,0.45000142664153026,0.4506689410735059,1.6638797165647532e-19,0.45,0.4956690182888285,0.44543736966087644,2.766456665114291e-18,0.45,0.4506689410735059,0.44993737795103433,2.7730021766165624e-18,0.45000142664153026,0.6305892789984934,49.95402939461215,49.9080587892243,49.86995592003679,49.80997814159138,49.867652910347175,49.75000036314597,49.86534990065755
749.0,0.0,0.45,0.4500000099460112,3.3336411552427873e-18,5.0893962382912674e-17,2.7746183620131573e-18,2.7724568429793225e-18,0.4956690182888286,9.717264080511157e-09,0.4956690182888285,1.6619160631140714e-19,0.4506689410735059,0.45000142664153026,0.4506689410735059,1.6638797165647532e-19,0.45,0.4956690182888285,0.44543736966087644,2.766456665114291e-18,0.45,0.4506689410735059,0.44993737795103433,2.7730021766165624e-18,0.45000142664153026,0.6305892789984934,49.95402939461215,49.9080587892243,49.86995592003679,49.80997814159138,49.867652910347175,49.75000036314597,49.86534990065755
750.0,0.0,0.45,0.4500000099460112,3.3336411552427877e-18,5.089396238291268e-17,2.7746183620131573e-18,2.7724568429793225e-18,0.4956690182888287,9.717264080515865e-09,0.49566901828882853,1.6619160631140714e-19,0.4506689410735059,0.4500014266415303,0.4506689410735059,1.663879716564753e-19,0.45,0.49566901828882853,0.44543736966087644,2.766456665114291e-18,0.45,0.4506689410735059,0.44993737795103433,2.7730021766165624e-18,0.4500014266415303,0.6305892789984935,49.95402939461215,49.9080587892243,49.86995592003679,49.80997814159138,49.86765291034716,49.75000036314597,49.86534990065755
751.0,0.0,0.45,0.4500000099460112,3.3336411552427873e-18,5.089396238291268e-17,2.7746183620131573e-18,2.7724568429793225e-18,0.49566901828882876,9.717264080515082e-09,0.4956690182888286,1.6619160631140714e-19,0.4506689410735059,0.4500014266415303,0.4506689410735059,1.6638797165647527e-19,0.45,0.4956690182888286,0.44543736966087644,2.766456665114291e-18,0.45,0.4506689410735059,0.44993737795103433,2.7730021766165624e-18,0.4500014266415303,0.6305892789984935,49.95402939461215,49.9080587892243,49.86995592003679,49.80997814159138,49.867652910347154,49.75000036314597,49.86534990065755
752.0,0.0,0.45,0.4500000099460112,3.3336411552427873e-18,5.089396238291268e-17,2.7746183620131573e-18,2.7724568429793225e-18,0.4956690182888287,9.717264080526807e-09,0.49566901828882853,1.6619160631140714e-19,0.4506689410735059,0.4500014266415303,0.4506689410735059,1.6638797165647527e-19,0.45,0.49566901828882853,0.44543736966087644,2.766456665114291e-18,0.45,0.4506689410735059,0.44993737795103433,2.7730021766165624e-18,0.4500014266415303,0.6305892789984935,49.95402939461215,49.9080587892243,49.86995592003679,49.80997814159138,49.867652910347154,49.75000036314597,49.86534990065755
753.0,0.0,0.45,0.4500000099460112,3.3336411552427873e-18,5.0893962382912686e-17,2.7746183620131573e-18,2.7724568429793225e-18,0.49566901828882864,9.717264080546317e-09,0.4956690182888285,1.6619160631140714e-19,0.4506689410735059,0.4500014266415303,0.4506689410735059,1.663879716564753e-19,0.45,0.4956690182888285,0.44543736966087644,2.766456665114291e-18,0.45,0.4506689410735059,0.44993737795103433,2.7730021766165624e-18,0.45000142664153037,0.6305892789984936,49.95402939461215,49.9080587892243,49.86995592003679,49.80997814159138,49.86765291034716,49.75000036314597,49.86534990065755
754.0,0.0,0.45,0.4500000099460112,3.3336411552427873e-18,5.0893962382912686e-17,2.7746183620131573e-18,2.7724568429793225e-18,0.49566901828882864,9.717264080568882e-09,0.4956690182888284,1.6619160631140714e-19,0.4506689410735059,0.4500014266415303,0.4506689410735059,1.663879716564753e-19,0.45,0.4956690182888284,0.44543736966087644,2.766456665114291e-18,0.45,0.4506689410735059,0.44993737795103433,2.7730021766165624e-18,0.45000142664153037,0.6305892789984936,49.95402939461215,49.9080587892243,49.86995592003679,49.80997814159138,49.86765291034716,49.75000036314597,49.86534990065755
755.0,0.0,0.45,0.4500000099460112,3.3336411552427873e-18,5.0893962382912674e-17,2.7746183620131573e-18,2.7724568429793225e-18,0.4956690182888287,9.717264080573637e-09,0.49566901828882853,1.6619160631140714e-19,0.4506689410735059,0.45000142664153026,0.4506689410735059,1.6638797165647527e-19,0.45,0.49566901828882853,0.4454373696608765,2.766456665114291e-18,0.45,0.4506689410735059,0.44993737795103433,2.7730021766165624e-18,0.45000142664153026,0.6305892789984934,49.95402939461215,49.9080587892243,49.86995592003679,49.80997814159138,49.867652910347154,49.75000036314597,49.86534990065755
756.0,0.0,0.45,0.4500000099460112,3.3336411552427873e-18,5.0893962382912674e-17,2.7746183620131573e-18,2.7724568429793225e-18,0.4956690182888287,9.717264080572878e-09,0.4956690182888286,1.6619160631140714e-19,0.4506689410735059,0.45000142664153026,0.4506689410735059,1.663879716564753e-19,0.45,0.4956690182888286,0.4454373696608765,2.766456665114291e-18,0.45,0.4506689410735059,0.44993737795103433,2.7730021766165624e-18,0.45000142664153026,0.6305892789984934,49.95402939461215,49.9080587892243,49.86995592003679,49.80997814159138,49.86765291034716,49.75000036314597,49.86534990065755
757.0,0.0,0.45,0.4500000099460112,3.3336411552427873e-18,5.0893962382912674e-17,2.7746183620131573e-18,2.7724568429793225e-18,0.4956690182888287,9.717264080584628e-09,0.49566901828882853,1.6619160631140714e-19,0.4506689410735059,0.45000142664153026,0.4506689410735059,1.6638797165647532e-19,0.45,0.49566901828882853,0.4454373696608765,2.766456665114291e-18,0.45,0.4506689410735059,0.44993737795103433,2.7730021766165624e-18,0.45000142664153026,0.6305892789984934,49.95402939461215,49.9080587892243,49.86995592003679,49.80997814159138,49.867652910347175,49.75000036314597,49.86534990065755
758.0,0.0,0.45,0.4500000099460112,3.3336411552427877e-18,5.089396238291268e-17,2.7746183620131573e-18,2.7724568429793225e-18,0.49566901828882864,9.717264080604142e-09,0.4956690182888285,1.6619160631140714e-19,0.4506689410735059,0.45000142664153026,0.4506689410735059,1.6638797165647532e-19,0.45,0.4956690182888285,0.44543736966087644,2.766456665114291e-18,0.45,0.4506689410735059,0.44993737795103433,2.7730021766165624e-18,0.4500014266415303,0.6305892789984935,49.95402939461215,49.9080587892243,49.86995592003679,49.80997814159138,49.867652910347175,49.75000036314597,49.86534990065755
759.0,0.0,0.45,0.4500000099460112,3.3336411552427877e-18,5.089396238291268e-17,2.7746183620131573e-18,2.7724568429793225e-18,0.4956690182888286,9.717264080626672e-09,0.4956690182888285,1.6619160631140714e-19,0.4506689410735059,0.45000142664153026,0.4506689410735059,1.663879716564753e-19,0.45,0.4956690182888285,0.44543736966087644,2.766456665114291e-18,0.45,0.4506689410735059,0.44993737795103433,2.7730021766165624e-18,0.4500014266415303,0.6305892789984935,49.95402939461215,49.9080587892243,49.86995592003679,49.80997814159138,49.86765291034716,49.75000036314597,49.86534990065755
760.0,0.0,0.45,0.4500000099460112,3.3336411552427873e-18,5.089396238291268e-17,2.7746183620131573e-18,2.7724568429793225e-18,0.4956690182888287,9.71726408063138e-09,0.49566901828882853,1.6619160631140714e-19,0.4506689410735059,0.4500014266415303,0.4506689410735059,1.6638797165647527e-19,0.45,0.49566901828882853,0.44543736966087644,2.766456665114291e-18,0.45,0.4506689410735059,0.44993737795103433,2.7730021766165624e-18,0.4500014266415303,0.6305892789984935,49.95402939461215,49.9080587892243,49.86995592003679,49.80997814159138,49.867652910347154,49.75000036314597,49.86534990065755
761.0,0.0,0.45,0.4500000099460112,3.3336411552427873e-18,5.089396238291268e-17,2.7746183620131573e-18,2.7724568429793225e-18,0.49566901828882876,9.717264080630598e-09,0.4956690182888286,1.6619160631140714e-19,0.4506689410735059,0.4500014266415303,0.4506689410735059,1.663879716564753e-19,0.45,0.4956690182888286,0.44543736966087644,2.766456665114291e-18,0.45,0.4506689410735059,0.44993737795103433,2.7730021766165624e-18,0.4500014266415303,0.6305892789984935,49.95402939461215,49.9080587892243,49.86995592003679,49.80997814159138,49.86765291034716,49.75000036314597,49.86534990065755
762.0,0.0,0.45,0.4500000099460112,3.3336411552427873e-18,5.089396238291268e-17,2.7746183620131573e-18,2.7724568429793225e-18,0.4956690182888287,9.717264080642323e-09,0.49566901828882853,1.6619160631140714e-19,0.4506689410735059,0.4500014266415303,0.4506689410735059,1.6638797165647532e-19,0.45,0.49566901828882853,0.44543736966087644,2.766456665114291e-18,0.45,0.4506689410735059,0.44993737795103433,2.7730021766165624e-18,0.4500014266415303,0.6305892789984935,49.95402939461215,49.9080587892243,49.86995592003679,49.80997814159138,49.867652910347175,49.75000036314597,49.86534990065755
763.0,0.0,0.45,0.4500000099460112,3.3336411552427873e-18,5.089396238291268e-17,2.7746183620131573e-18,2.7724568429793225e-18,0.49566901828882864,9.717264080661833e-09,0.4956690182888285,1.6619160631140714e-19,0.4506689410735059,0.4500014266415303,0.4506689410735059,1.6638797165647532e-19,0.45,0.4956690182888285,0.44543736966087644,2.766456665114291e-18,0.45,0.4506689410735059,0.4499373779510343,2.7730021766165624e-18,0.4500014266415303,0.6305892789984935,49.95402939461215,49.9080587892243,49.86995592003679,49.80997814159138,49.867652910347175,49.75000036314597,49.86534990065755
764.0,0.0,0.45,0.4500000099460112,3.3336411552427877e-18,5.089396238291268e-17,2.7746183620131573e-18,2.7724568429793225e-18,0.49566901828882864,9.717264080684398e-09,0.4956690182888284,1.6619160631140714e-19,0.4506689410735059,0.4500014266415303,0.4506689410735059,1.6638797165647532e-19,0.45,0.4956690182888284,0.44543736966087644,2.766456665114291e-18,0.45,0.4506689410735059,0.44993737795103433,2.7730021766165624e-18,0.4500014266415303,0.6305892789984935,49.95402939461215,49.9080587892243,49.86995592003679,49.80997814159138,49.867652910347175,49.75000036314597,49.86534990065755
765.0,0.0,0.45,0.4500000099460112,3.3336411552427873e-18,5.089396238291268e-17,2.7746183620131573e-18,2.7724568429793225e-18,0.4956690182888287,9.717264080689153e-09,0.49566901828882853,1.6619160631140714e-19,0.4506689410735059,0.4500014266415303,0.4506689410735059,1.6638797165647532e-19,0.45,0.49566901828882853,0.4454373696608765,2.766456665114291e-18,0.45,0.4506689410735059,0.44993737795103433,2.7730021766165624e-18,0.4500014266415303,0.6305892789984935,49.95402939461215,49.9080587892243,49.86995592003679,49.80997814159138,49.867652910347175,49.75000036314597,49.86534990065755
766.0,0.0,0.45,0.4500000099460112,3.3336411552427873e-18,5.089396238291268e-17,2.7746183620131573e-18,2.7724568429793225e-18,0.4956690182888287,9.717264080688393e-09,0.4956690182888286,1.6619160631140714e-19,0.4506689410735059,0.45000142664153037,0.4506689410735059,1.663879716564753e-19,0.45,0.4956690182888286,0.4454373696608765,2.766456665114291e-18,0.45,0.4506689410735059,0.44993737795103433,2.7730021766165624e-18,0.4500014266415303,0.6305892789984935,49.95402939461215,49.9080587892243,49.86995592003679,49.80997814159138,49.86765291034716,49.75000036314597,49.86534990065755
767.0,0.0,0.45,0.4500000099460112,3.3336411552427873e-18,5.0893962382912674e-17,2.7746183620131573e-18,2.7724568429793225e-18,0.4956690182888287,9.717264080700144e-09,0.49566901828882853,1.6619160631140714e-19,0.4506689410735059,0.4500014266415303,0.4506689410735059,1.663879716564753e-19,0.45,0.49566901828882853,0.4454373696608765,2.766456665114291e-18,0.45,0.4506689410735059,0.44993737795103433,2.7730021766165624e-18,0.45000142664153026,0.6305892789984934,49.95402939461215,49.9080587892243,49.86995592003679,49.80997814159138,49.86765291034716,49.75000036314597,49.86534990065755
768.0,0.0,0.45,0.4500000099460112,3.3336411552427873e-18,5.0893962382912674e-17,2.7746183620131573e-18,2.7724568429793225e-18,0.49566901828882864,9.717264080719657e-09,0.4956690182888285,1.6619160631140714e-19,0.4506689410735059,0.4500014266415303,0.4506689410735059,1.663879716564753e-19,0.45,0.4956690182888285,0.44543736966087644,2.766456665114291e-18,0.45,0.4506689410735059,0.44993737795103433,2.7730021766165624e-18,0.45000142664153026,0.6305892789984934,49.95402939461215,49.9080587892243,49.86995592003679,49.80997814159138,49.86765291034716,49.75000036314597,49.86534990065755
769.0,0.0,0.45,0.4500000099460112,3.3336411552427873e-18,5.0893962382912674e-17,2.7746183620131573e-18,2.7724568429793225e-18,0.4956690182888286,9.717264080742188e-09,0.4956690182888285,1.6619160631140714e-19,0.4506689410735059,0.45000142664153026,0.4506689410735059,1.6638797165647527e-19,0.45,0.4956690182888285,0.44543736966087644,2.766456665114291e-18,0.45,0.4506689410735059,0.44993737795103433,2.7730021766165624e-18,0.45000142664153026,0.6305892789984934,49.95402939461215,49.9080587892243,49.86995592003679,49.80997814159138,49.867652910347154,49.75000036314597,49.86534990065755
770.0,0.0,0.45,0.4500000099460112,3.3336411552427873e-18,5.089396238291268e-17,2.7746183620131573e-18,2.7724568429793225e-18,0.4956690182888287,9.717264080746897e-09,0.49566901828882853,1.6619160631140714e-19,0.4506689410735059,0.4500014266415303,0.4506689410735059,1.6638797165647527e-19,0.45,0.49566901828882853,0.44543736966087644,2.766456665114291e-18,0.45,0.4506689410735059,0.44993737795103433,2.7730021766165624e-18,0.4500014266415303,0.6305892789984935,49.95402939461215,49.9080587892243,49.86995592003679,49.80997814159138,49.867652910347154,49.75000036314597,49.86534990065755
771.0,0.0,0.45,0.4500000099460112,3.3336411552427873e-18,5.089396238291268e-17,2.7746183620131573e-18,2.7724568429793225e-18,0.49566901828882876,9.717264080746114e-09,0.4956690182888286,1.6619160631140714e-19,0.4506689410735059,0.45000142664153026,0.4506689410735059,1.663879716564753e-19,0.45,0.4956690182888286,0.44543736966087644,2.766456665114291e-18,0.45,0.4506689410735059,0.44993737795103433,2.7730021766165624e-18,0.4500014266415303,0.6305892789984935,49.95402939461215,49.9080587892243,49.86995592003679,49.80997814159138,49.86765291034716,49.75000036314597,49.86534990065755
772.0,0.0,0.45,0.4500000099460112,3.3336411552427873e-18,5.089396238291268e-17,2.7746183620131573e-18,2.7724568429793225e-18,0.4956690182888287,9.717264080757838e-09,0.49566901828882853,1.6619160631140714e-19,0.4506689410735059,0.45000142664153026,0.4506689410735059,1.6638797165647532e-19,0.45,0.49566901828882853,0.44543736966087644,2.766456665114291e-18,0.45,0.4506689410735059,0.44993737795103433,2.7730021766165624e-18,0.4500014266415303,0.6305892789984935,49.95402939461215,49.9080587892243,49.86995592003679,49.80997814159138,49.867652910347175,49.75000036314597,49.86534990065755
773.0,0.0,0.45,0.4500000099460112,3.3336411552427877e-18,5.089396238291268e-17,2.7746183620131573e-18,2.7724568429793225e-18,0.49566901828882864,9.717264080777348e-09,0.4956690182888285,1.6619160631140714e-19,0.4506689410735059,0.45000142664153026,0.4506689410735059,1.6638797165647532e-19,0.45,0.4956690182888285,0.44543736966087644,2.766456665114291e-18,0.45,0.4506689410735059,0.44993737795103433,2.7730021766165624e-18,0.4500014266415303,0.6305892789984935,49.95402939461215,49.9080587892243,49.86995592003679,49.80997814159138,49.867652910347175,49.75000036314597,49.86534990065755
774.0,0.0,0.45,0.4500000099460112,3.3336411552427877e-18,5.089396238291268e-17,2.7746183620131573e-18,2.7724568429793225e-18,0.49566901828882864,9.717264080799914e-09,0.4956690182888284,1.6619160631140714e-19,0.4506689410735059,0.4500014266415303,0.4506689410735059,1.6638797165647532e-19,0.45,0.4956690182888284,0.44543736966087644,2.766456665114291e-18,0.45,0.4506689410735059,0.44993737795103433,2.7730021766165624e-18,0.4500014266415303,0.6305892789984935,49.95402939461215,49.9080587892243,49.86995592003679,49.80997814159138,49.867652910347175,49.75000036314597,49.86534990065755
775.0,0.0,0.45,0.4500000099460112,3.3336411552427873e-18,5.089396238291268e-17,2.7746183620131573e-18,2.7724568429793225e-18,0.4956690182888287,9.717264080804668e-09,0.49566901828882853,1.6619160631140714e-19,0.4506689410735059,0.4500014266415303,0.4506689410735059,1.6638797165647532e-19,0.45,0.49566901828882853,0.4454373696608765,2.766456665114291e-18,0.45,0.4506689410735059,0.44993737795103433,2.7730021766165624e-18,0.4500014266415303,0.6305892789984935,49.95402939461215,49.9080587892243,49.86995592003679,49.80997814159138,49.867652910347175,49.75000036314597,49.86534990065755
776.0,0.0,0.45,0.4500000099460112,3.333641155242787e-18,5.0893962382912686e-17,2.7746183620131573e-18,2.7724568429793225e-18,0.4956690182888287,9.717264080803909e-09,0.4956690182888286,1.6619160631140714e-19,0.4506689410735059,0.45000142664153037,0.4506689410735059,1.6638797165647532e-19,0.45,0.4956690182888286,0.4454373696608765,2.766456665114291e-18,0.45,0.4506689410735059,0.44993737795103433,2.7730021766165624e-18,0.45000142664153037,0.6305892789984936,49.95402939461214,49.9080587892243,49.86995592003679,49.80997814159138,49.867652910347175,49.75000036314597,49.86534990065755
777.0,0.0,0.45,0.4500000099460112,3.3336411552427873e-18,5.0893962382912686e-17,2.7746183620131573e-18,2.7724568429793225e-18,0.4956690182888287,9.71726408081566e-09,0.49566901828882853,1.6619160631140714e-19,0.4506689410735059,0.45000142664153037,0.4506689410735059,1.6638797165647532e-19,0.45,0.49566901828882853,0.4454373696608765,2.766456665114291e-18,0.45,0.4506689410735059,0.44993737795103433,2.7730021766165624e-18,0.45000142664153037,0.6305892789984936,49.95402939461215,49.9080587892243,49.86995592003679,49.80997814159138,49.867652910347175,49.75000036314597,49.86534990065755
778.0,0.0,0.45,0.4500000099460112,3.3336411552427873e-18,5.089396238291268e-17,2.7746183620131573e-18,2.7724568429793225e-18,0.49566901828882864,9.717264080835173e-09,0.4956690182888285,1.6619160631140714e-19,0.4506689410735059,0.45000142664153037,0.4506689410735059,1.6638797165647532e-19,0.45,0.4956690182888285,0.44543736966087644,2.766456665114291e-18,0.45,0.4506689410735059,0.44993737795103433,2.7730021766165624e-18,0.4500014266415303,0.6305892789984935,49.95402939461215,49.9080587892243,49.86995592003679,49.80997814159138,49.867652910347175,49.75000036314597,49.86534990065755
779.0,0.0,0.45,0.4500000099460112,3.3336411552427877e-18,5.089396238291268e-17,2.7746183620131573e-18,2.7724568429793225e-18,0.4956690182888286,9.717264080857704e-09,0.4956690182888285,1.6619160631140714e-19,0.4506689410735059,0.45000142664153037,0.4506689410735059,1.6638797165647532e-19,0.45,0.4956690182888285,0.44543736966087644,2.766456665114291e-18,0.45,0.4506689410735059,0.4499373779510344,2.7730021766165624e-18,0.4500014266415303,0.6305892789984935,49.95402939461215,49.9080587892243,49.86995592003679,49.80997814159138,49.867652910347175,49.75000036314597,49.86534990065755
780.0,0.0,0.45,0.4500000099460112,3.3336411552427873e-18,5.0893962382912674e-17,2.7746183620131573e-18,2.7724568429793225e-18,0.4956690182888287,9.717264080862412e-09,0.49566901828882853,1.6619160631140714e-19,0.4506689410735059,0.4500014266415303,0.4506689410735059,1.663879716564753e-19,0.45,0.49566901828882853,0.44543736966087644,2.766456665114291e-18,0.45,0.4506689410735059,0.44993737795103433,2.7730021766165624e-18,0.45000142664153026,0.6305892789984934,49.95402939461215,49.9080587892243,49.86995592003679,49.80997814159138,49.86765291034716,49.75000036314597,49.86534990065755
781.0,0.0,0.45,0.4500000099460112,3.3336411552427873e-18,5.0893962382912674e-17,2.7746183620131573e-18,2.7724568429793225e-18,0.49566901828882876,9.71726408086163e-09,0.4956690182888286,1.6619160631140714e-19,0.4506689410735059,0.45000142664153026,0.4506689410735059,1.6638797165647527e-19,0.45,0.4956690182888286,0.44543736966087644,2.766456665114291e-18,0.45,0.4506689410735059,0.44993737795103433,2.7730021766165624e-18,0.45000142664153026,0.6305892789984934,49.95402939461215,49.9080587892243,49.86995592003679,49.80997814159138,49.867652910347154,49.75000036314597,49.86534990065755
782.0,0.0,0.45,0.4500000099460112,3.3336411552427873e-18,5.089396238291268e-17,2.7746183620131573e-18,2.7724568429793225e-18,0.4956690182888287,9.717264080873354e-09,0.49566901828882853,1.6619160631140714e-19,0.4506689410735059,0.45000142664153026,0.4506689410735059,1.6638797165647527e-19,0.45,0.49566901828882853,0.44543736966087644,2.766456665114291e-18,0.45,0.4506689410735059,0.44993737795103433,2.7730021766165624e-18,0.4500014266415303,0.6305892789984935,49.95402939461215,49.9080587892243,49.86995592003679,49.80997814159138,49.867652910347154,49.75000036314597,49.86534990065755
783.0,0.0,0.45,0.4500000099460112,3.3336411552427877e-18,5.089396238291268e-17,2.7746183620131573e-18,2.7724568429793225e-18,0.49566901828882864,9.717264080892864e-09,0.4956690182888285,1.6619160631140714e-19,0.4506689410735059,0.4500014266415303,0.4506689410735059,1.663879716564753e-19,0.45,0.4956690182888285,0.44543736966087644,2.766456665114291e-18,0.45,0.4506689410735059,0.44993737795103433,2.7730021766165624e-18,0.4500014266415303,0.6305892789984935,49.95402939461215,49.9080587892243,49.86995592003679,49.80997814159138,49.86765291034716,49.75000036314597,49.86534990065755
784.0,0.0,0.45,0.4500000099460112,3.3336411552427877e-18,5.089396238291268e-17,2.7746183620131573e-18,2.7724568429793225e-18,0.49566901828882864,9.71726408091543e-09,0.4956690182888284,1.6619160631140714e-19,0.4506689410735059,0.4500014266415303,0.4506689410735059,1.663879716564753e-19,0.45,0.4956690182888284,0.44543736966087644,2.766456665114291e-18,0.45,0.4506689410735059,0.44993737795103433,2.7730021766165624e-18,0.4500014266415303,0.6305892789984935,49.95402939461215,49.9080587892243,49.86995592003679,49.80997814159138,49.86765291034716,49.75000036314597,49.86534990065755
785.0,0.0,0.45,0.4500000099460112,3.3336411552427873e-18,5.0893962382912674e-17,2.7746183620131573e-18,2.7724568429793225e-18,0.4956690182888287,9.717264080920184e-09,0.49566901828882853,1.6619160631140714e-19,0.4506689410735059,0.45000142664153026,0.4506689410735059,1.6638797165647527e-19,0.45,0.49566901828882853,0.4454373696608765,2.766456665114291e-18,0.45,0.4506689410735059,0.44993737795103433,2.7730021766165624e-18,0.45000142664153026,0.6305892789984934,49.95402939461215,49.9080587892243,49.86995592003679,49.80997814159138,49.867652910347154,49.75000036314597,49.86534990065755
786.0,0.0,0.45,0.4500000099460112,3.3336411552427873e-18,5.0893962382912674e-17,2.7746183620131573e-18,2.7724568429793225e-18,0.4956690182888287,9.717264080919425e-09,0.4956690182888286,1.6619160631140714e-19,0.4506689410735059,0.45000142664153026,0.4506689410735059,1.663879716564753e-19,0.45,0.4956690182888286,0.4454373696608765,2.766456665114291e-18,0.45,0.4506689410735059,0.44993737795103433,2.7730021766165624e-18,0.45000142664153026,0.6305892789984934,49.95402939461215,49.9080587892243,49.86995592003679,49.80997814159138,49.86765291034716,49.75000036314597,49.86534990065755
787.0,0.0,0.45,0.4500000099460112,3.3336411552427877e-18,5.089396238291268e-17,2.7746183620131573e-18,2.7724568429793225e-18,0.4956690182888287,9.717264080931176e-09,0.49566901828882853,1.6619160631140714e-19,0.4506689410735059,0.4500014266415303,0.4506689410735059,1.6638797165647532e-19,0.45,0.49566901828882853,0.4454373696608765,2.766456665114291e-18,0.45,0.4506689410735059,0.44993737795103433,2.7730021766165624e-18,0.4500014266415303,0.6305892789984935,49.95402939461215,49.9080587892243,49.86995592003679,49.80997814159138,49.867652910347175,49.75000036314597,49.86534990065755
788.0,0.0,0.45,0.4500000099460112,3.3336411552427877e-18,5.089396238291268e-17,2.7746183620131573e-18,2.7724568429793225e-18,0.49566901828882864,9.717264080950689e-09,0.4956690182888285,1.6619160631140714e-19,0.4506689410735059,0.4500014266415303,0.4506689410735059,1.6638797165647532e-19,0.45,0.4956690182888285,0.44543736966087644,2.766456665114291e-18,0.45,0.4506689410735059,0.44993737795103433,2.7730021766165624e-18,0.4500014266415303,0.6305892789984935,49.95402939461215,49.9080587892243,49.86995592003679,49.80997814159138,49.867652910347175,49.75000036314597,49.86534990065755
789.0,0.0,0.45,0.4500000099460112,3.3336411552427873e-18,5.089396238291268e-17,2.7746183620131573e-18,2.7724568429793225e-18,0.4956690182888286,9.71726408097322e-09,0.4956690182888285,1.6619160631140714e-19,0.4506689410735059,0.4500014266415303,0.4506689410735059,1.663879716564753e-19,0.45,0.4956690182888285,0.44543736966087644,2.766456665114291e-18,0.45,0.4506689410735059,0.44993737795103433,2.7730021766165624e-18,0.4500014266415303,0.6305892789984935,49.95402939461215,49.9080587892243,49.86995592003679,49.80997814159138,49.86765291034716,49.75000036314597,49.86534990065755
790.0,0.0,0.45,0.4500000099460112,3.3336411552427873e-18,5.0893962382912674e-17,2.7746183620131573e-18,2.7724568429793225e-18,0.4956690182888287,9.717264080977928e-09,0.49566901828882853,1.6619160631140714e-19,0.4506689410735059,0.45000142664153026,0.4506689410735059,1.6638797165647527e-19,0.45,0.49566901828882853,0.44543736966087644,2.766456665114291e-18,0.45,0.4506689410735059,0.44993737795103433,2.7730021766165624e-18,0.45000142664153026,0.6305892789984934,49.95402939461215,49.9080587892243,49.86995592003679,49.80997814159138,49.867652910347154,49.75000036314597,49.86534990065755
791.0,0.0,0.45,0.4500000099460112,3.3336411552427873e-18,5.0893962382912674e-17,2.7746183620131573e-18,2.7724568429793225e-18,0.49566901828882876,9.717264080977146e-09,0.4956690182888286,1.6619160631140714e-19,0.4506689410735059,0.45000142664153026,0.4506689410735059,1.663879716564753e-19,0.45,0.4956690182888286,0.44543736966087644,2.766456665114291e-18,0.45,0.4506689410735059,0.44993737795103433,2.7730021766165624e-18,0.45000142664153026,0.6305892789984934,49.95402939461215,49.9080587892243,49.86995592003679,49.80997814159138,49.86765291034716,49.75000036314597,49.86534990065755
792.0,0.0,0.45,0.4500000099460112,3.3336411552427873e-18,5.0893962382912674e-17,2.7746183620131573e-18,2.7724568429793225e-18,0.4956690182888287,9.71726408098887e-09,0.49566901828882853,1.6619160631140714e-19,0.4506689410735059,0.45000142664153026,0.4506689410735059,1.6638797165647532e-19,0.45,0.49566901828882853,0.44543736966087644,2.766456665114291e-18,0.45,0.4506689410735059,0.44993737795103433,2.7730021766165624e-18,0.45000142664153026,0.6305892789984934,49.95402939461215,49.9080587892243,49.86995592003679,49.80997814159138,49.867652910347175,49.75000036314597,49.86534990065755
793.0,0.0,0.45,0.4500000099460112,3.3336411552427877e-18,5.0893962382912674e-17,2.7746183620131573e-18,2.7724568429793225e-18,0.49566901828882864,9.71726408100838e-09,0.4956690182888285,1.6619160631140714e-19,0.4506689410735059,0.45000142664153026,0.4506689410735059,1.6638797165647532e-19,0.45,0.4956690182888285,0.44543736966087644,2.766456665114291e-18,0.45,0.4506689410735059,0.4499373779510343,2.7730021766165624e-18,0.45000142664153026,0.6305892789984934,49.95402939461215,49.9080587892243,49.86995592003679,49.80997814159138,49.867652910347175,49.75000036314597,49.86534990065755
794.0,0.0,0.45,0.4500000099460112,3.3336411552427877e-18,5.089396238291268e-17,2.7746183620131573e-18,2.7724568429793225e-18,0.49566901828882864,9.717264081030945e-09,0.4956690182888284,1.6619160631140714e-19,0.4506689410735059,0.4500014266415303,0.4506689410735059,1.6638797165647532e-19,0.45,0.4956690182888284,0.44543736966087644,2.766456665114291e-18,0.45,0.4506689410735059,0.44993737795103433,2.7730021766165624e-18,0.4500014266415303,0.6305892789984935,49.95402939461215,49.9080587892243,49.86995592003679,49.80997814159138,49.867652910347175,49.75000036314597,49.86534990065755
795.0,0.0,0.45,0.4500000099460112,3.3336411552427877e-18,5.089396238291268e-17,2.7746183620131573e-18,2.7724568429793225e-18,0.4956690182888287,9.7172640810357e-09,0.49566901828882853,1.6619160631140714e-19,0.4506689410735059,0.4500014266415303,0.4506689410735059,1.6638797165647532e-19,0.45,0.49566901828882853,0.4454373696608765,2.766456665114291e-18,0.45,0.4506689410735059,0.44993737795103433,2.7730021766165624e-18,0.4500014266415303,0.6305892789984935,49.95402939461215,49.9080587892243,49.86995592003679,49.80997814159138,49.867652910347175,49.75000036314597,49.86534990065755
796.0,0.0,0.45,0.4500000099460112,3.3336411552427877e-18,5.089396238291268e-17,2.7746183620131573e-18,2.7724568429793225e-18,0.4956690182888287,9.71726408103494e-09,0.4956690182888286,1.6619160631140714e-19,0.4506689410735059,0.4500014266415303,0.4506689410735059,1.663879716564753e-19,0.45,0.4956690182888286,0.4454373696608765,2.766456665114291e-18,0.45,0.4506689410735059,0.44993737795103433,2.7730021766165624e-18,0.4500014266415303,0.6305892789984935,49.95402939461215,49.9080587892243,49.86995592003679,49.80997814159138,49.86765291034716,49.75000036314597,49.86534990065755
797.0,0.0,0.45,0.4500000099460112,3.3336411552427873e-18,5.089396238291268e-17,2.7746183620131573e-18,2.7724568429793225e-18,0.4956690182888287,9.717264081046692e-09,0.49566901828882853,1.6619160631140714e-19,0.4506689410735059,0.4500014266415303,0.4506689410735059,1.663879716564753e-19,0.45,0.49566901828882853,0.4454373696608765,2.766456665114291e-18,0.45,0.4506689410735059,0.44993737795103433,2.7730021766165624e-18,0.4500014266415303,0.6305892789984935,49.95402939461215,49.9080587892243,49.86995592003679,49.80997814159138,49.86765291034716,49.75000036314597,49.86534990065755
798.0,0.0,0.45,0.4500000099460112,3.3336411552427873e-18,5.089396238291268e-17,2.7746183620131573e-18,2.7724568429793225e-18,0.49566901828882864,9.717264081066205e-09,0.4956690182888285,1.6619160631140714e-19,0.4506689410735059,0.4500014266415303,0.4506689410735059,1.663879716564753e-19,0.45,0.4956690182888285,0.44543736966087644,2.766456665114291e-18,0.45,0.4506689410735059,0.44993737795103433,2.7730021766165624e-18,0.4500014266415303,0.6305892789984935,49.95402939461215,49.9080587892243,49.86995592003679,49.80997814159138,49.86765291034716,49.75000036314597,49.86534990065755
799.0,0.0,0.45,0.4500000099460112,3.3336411552427873e-18,5.089396238291268e-17,2.7746183620131573e-18,2.7724568429793225e-18,0.4956690182888286,9.717264081088736e-09,0.4956690182888285,1.6619160631140714e-19,0.45066894107350597,0.4500014266415303,0.45066894107350597,1.6638797165647527e-19,0.45,0.4956690182888285,0.44543736966087644,2.766456665114291e-18,0.45,0.45066894107350597,0.44993737795103433,2.7730021766165624e-18,0.4500014266415303,0.6305892789984935,49.95402939461215,49.9080587892243,49.86995592003679,49.80997814159138,49.867652910347154,49.75000036314597,49.86534990065755
800.0,0.0,0.45,0.4500000099460112,3.3336411552427877e-18,5.089396238291268e-17,2.7746183620131573e-18,2.7724568429793225e-18,0.4956690182888287,9.717264081093444e-09,0.49566901828882853,1.6619160631140714e-19,0.4506689410735059,0.4500014266415303,0.4506689410735059,1.6638797165647527e-19,0.45,0.49566901828882853,0.44543736966087644,2.766456665114291e-18,0.45,0.4506689410735059,0.44993737795103433,2.7730021766165624e-18,0.4500014266415303,0.6305892789984935,49.95402939461215,49.9080587892243,49.86995592003679,49.80997814159138,49.867652910347154,49.75000036314597,49.86534990065755
801.0,0.0,0.45,0.4500000099460112,3.3336411552427877e-18,5.0893962382912686e-17,2.7746183620131573e-18,2.7724568429793225e-18,0.49566901828882876,9.717264081092661e-09,0.4956690182888286,1.6619160631140714e-19,0.4506689410735059,0.45000142664153037,0.4506689410735059,1.663879716564753e-19,0.45,0.4956690182888286,0.44543736966087644,2.766456665114291e-18,0.45,0.4506689410735059,0.44993737795103433,2.7730021766165624e-18,0.45000142664153037,0.6305892789984936,49.95402939461215,49.9080587892243,49.86995592003679,49.80997814159138,49.86765291034716,49.75000036314597,49.86534990065755
802.0,0.0,0.45,0.4500000099460112,3.3336411552427877e-18,5.0893962382912686e-17,2.7746183620131573e-18,2.7724568429793225e-18,0.4956690182888287,9.717264081104386e-09,0.49566901828882853,1.6619160631140714e-19,0.4506689410735059,0.45000142664153037,0.4506689410735059,1.6638797165647532e-19,0.45,0.49566901828882853,0.44543736966087644,2.766456665114291e-18,0.45,0.4506689410735059,0.44993737795103433,2.7730021766165624e-18,0.45000142664153037,0.6305892789984936,49.95402939461215,49.9080587892243,49.86995592003679,49.80997814159138,49.867652910347175,49.75000036314597,49.86534990065755
803.0,0.0,0.45,0.4500000099460112,3.3336411552427873e-18,5.0893962382912674e-17,2.7746183620131573e-18,2.7724568429793225e-18,0.49566901828882864,9.717264081123896e-09,0.4956690182888285,1.6619160631140714e-19,0.4506689410735059,0.4500014266415303,0.4506689410735059,1.6638797165647532e-19,0.45,0.4956690182888285,0.44543736966087644,2.766456665114291e-18,0.45,0.4506689410735059,0.44993737795103433,2.7730021766165624e-18,0.45000142664153026,0.6305892789984934,49.95402939461215,49.9080587892243,49.86995592003679,49.80997814159138,49.867652910347175,49.75000036314597,49.86534990065755
804.0,0.0,0.45,0.4500000099460112,3.3336411552427873e-18,5.0893962382912674e-17,2.7746183620131573e-18,2.7724568429793225e-18,0.49566901828882864,9.717264081146461e-09,0.4956690182888284,1.6619160631140714e-19,0.4506689410735059,0.4500014266415303,0.4506689410735059,1.6638797165647532e-19,0.45,0.4956690182888284,0.44543736966087644,2.766456665114291e-18,0.45,0.4506689410735059,0.44993737795103433,2.7730021766165624e-18,0.45000142664153026,0.6305892789984934,49.95402939461215,49.9080587892243,49.86995592003679,49.80997814159138,49.867652910347175,49.75000036314597,49.86534990065755
805.0,0.0,0.45,0.4500000099460112,3.3336411552427877e-18,5.089396238291268e-17,2.7746183620131573e-18,2.7724568429793225e-18,0.4956690182888287,9.717264081151216e-09,0.49566901828882853,1.6619160631140714e-19,0.4506689410735059,0.4500014266415303,0.4506689410735059,1.6638797165647532e-19,0.45,0.49566901828882853,0.4454373696608765,2.766456665114291e-18,0.45,0.4506689410735059,0.44993737795103433,2.7730021766165624e-18,0.4500014266415303,0.6305892789984935,49.95402939461215,49.9080587892243,49.86995592003679,49.80997814159138,49.867652910347175,49.75000036314597,49.86534990065755
806.0,0.0,0.45,0.4500000099460112,3.3336411552427873e-18,5.089396238291268e-17,2.7746183620131573e-18,2.7724568429793225e-18,0.4956690182888287,9.717264081150456e-09,0.4956690182888286,1.6619160631140714e-19,0.4506689410735059,0.4500014266415303,0.4506689410735059,1.6638797165647532e-19,0.45,0.4956690182888286,0.4454373696608765,2.766456665114291e-18,0.45,0.4506689410735059,0.44993737795103433,2.7730021766165624e-18,0.4500014266415303,0.6305892789984935,49.95402939461215,49.9080587892243,49.86995592003679,49.80997814159138,49.867652910347175,49.75000036314597,49.86534990065755
807.0,0.0,0.45,0.4500000099460112,3.3336411552427873e-18,5.089396238291268e-17,2.7746183620131573e-18,2.7724568429793225e-18,0.4956690182888287,9.717264081162207e-09,0.49566901828882853,1.6619160631140714e-19,0.4506689410735059,0.45000142664153037,0.4506689410735059,1.6638797165647532e-19,0.45,0.49566901828882853,0.4454373696608765,2.766456665114291e-18,0.45,0.4506689410735059,0.44993737795103433,2.7730021766165624e-18,0.4500014266415303,0.6305892789984935,49.95402939461215,49.9080587892243,49.86995592003679,49.80997814159138,49.867652910347175,49.75000036314597,49.86534990065755
808.0,0.0,0.45,0.4500000099460112,3.3336411552427873e-18,5.0893962382912686e-17,2.7746183620131573e-18,2.7724568429793225e-18,0.49566901828882864,9.71726408118172e-09,0.4956690182888285,1.6619160631140714e-19,0.4506689410735059,0.45000142664153037,0.4506689410735059,1.6638797165647532e-19,0.45,0.4956690182888285,0.44543736966087644,2.766456665114291e-18,0.45,0.4506689410735059,0.44993737795103433,2.7730021766165624e-18,0.45000142664153037,0.6305892789984936,49.95402939461215,49.9080587892243,49.86995592003679,49.80997814159138,49.867652910347175,49.75000036314597,49.86534990065755
809.0,0.0,0.45,0.4500000099460112,3.3336411552427873e-18,5.0893962382912686e-17,2.7746183620131573e-18,2.7724568429793225e-18,0.4956690182888286,9.717264081204251e-09,0.4956690182888285,1.6619160631140714e-19,0.4506689410735059,0.45000142664153037,0.4506689410735059,1.6638797165647532e-19,0.45,0.4956690182888285,0.44543736966087644,2.766456665114291e-18,0.45,0.4506689410735059,0.44993737795103433,2.7730021766165624e-18,0.45000142664153037,0.6305892789984936,49.95402939461215,49.9080587892243,49.86995592003679,49.80997814159138,49.867652910347175,49.75000036314597,49.86534990065755
810.0,0.0,0.45,0.4500000099460112,3.3336411552427873e-18,5.089396238291268e-17,2.7746183620131573e-18,2.7724568429793225e-18,0.4956690182888287,9.71726408120896e-09,0.49566901828882853,1.6619160631140714e-19,0.4506689410735059,0.4500014266415303,0.4506689410735059,1.663879716564753e-19,0.45,0.49566901828882853,0.44543736966087644,2.766456665114291e-18,0.45,0.4506689410735059,0.44993737795103433,2.7730021766165624e-18,0.4500014266415303,0.6305892789984935,49.95402939461215,49.9080587892243,49.86995592003679,49.80997814159138,49.86765291034716,49.75000036314597,49.86534990065755
811.0,0.0,0.45,0.4500000099460112,3.3336411552427873e-18,5.089396238291268e-17,2.7746183620131573e-18,2.7724568429793225e-18,0.49566901828882876,9.717264081208177e-09,0.4956690182888286,1.6619160631140714e-19,0.4506689410735059,0.4500014266415303,0.4506689410735059,1.6638797165647527e-19,0.45,0.4956690182888286,0.44543736966087644,2.766456665114291e-18,0.45,0.4506689410735059,0.44993737795103433,2.7730021766165624e-18,0.4500014266415303,0.6305892789984935,49.95402939461215,49.9080587892243,49.86995592003679,49.80997814159138,49.867652910347154,49.75000036314597,49.86534990065755
812.0,0.0,0.45,0.4500000099460112,3.3336411552427873e-18,5.089396238291268e-17,2.7746183620131573e-18,2.7724568429793225e-18,0.4956690182888287,9.717264081219902e-09,0.49566901828882853,1.6619160631140714e-19,0.4506689410735059,0.4500014266415303,0.4506689410735059,1.6638797165647527e-19,0.45,0.49566901828882853,0.44543736966087644,2.766456665114291e-18,0.45,0.4506689410735059,0.44993737795103433,2.7730021766165624e-18,0.4500014266415303,0.6305892789984935,49.95402939461215,49.9080587892243,49.86995592003679,49.80997814159138,49.867652910347154,49.75000036314597,49.86534990065755
813.0,0.0,0.45,0.4500000099460112,3.3336411552427877e-18,5.089396238291268e-17,2.7746183620131573e-18,2.7724568429793225e-18,0.49566901828882864,9.717264081239411e-09,0.4956690182888285,1.6619160631140714e-19,0.4506689410735059,0.4500014266415303,0.4506689410735059,1.663879716564753e-19,0.45,0.4956690182888285,0.44543736966087644,2.766456665114291e-18,0.45,0.4506689410735059,0.44993737795103433,2.7730021766165624e-18,0.4500014266415303,0.6305892789984935,49.95402939461215,49.9080587892243,49.86995592003679,49.80997814159138,49.86765291034716,49.75000036314597,49.86534990065755
814.0,0.0,0.45,0.4500000099460112,3.3336411552427877e-18,5.089396238291268e-17,2.7746183620131573e-18,2.7724568429793225e-18,0.49566901828882864,9.717264081261977e-09,0.4956690182888284,1.6619160631140714e-19,0.4506689410735059,0.4500014266415303,0.4506689410735059,1.663879716564753e-19,0.45,0.4956690182888284,0.44543736966087644,2.766456665114291e-18,0.45,0.4506689410735059,0.44993737795103433,2.7730021766165624e-18,0.4500014266415303,0.6305892789984935,49.95402939461215,49.9080587892243,49.86995592003679,49.80997814159138,49.86765291034716,49.75000036314597,49.86534990065755
815.0,0.0,0.45,0.4500000099460112,3.3336411552427873e-18,5.0893962382912674e-17,2.7746183620131573e-18,2.7724568429793225e-18,0.4956690182888287,9.717264081266732e-09,0.49566901828882853,1.6619160631140714e-19,0.4506689410735059,0.45000142664153026,0.4506689410735059,1.6638797165647527e-19,0.45,0.49566901828882853,0.4454373696608765,2.766456665114291e-18,0.45,0.4506689410735059,0.44993737795103433,2.7730021766165624e-18,0.45000142664153026,0.6305892789984934,49.95402939461215,49.9080587892243,49.86995592003679,49.80997814159138,49.867652910347154,49.75000036314597,49.86534990065755
816.0,0.0,0.45,0.4500000099460112,3.3336411552427873e-18,5.0893962382912674e-17,2.7746183620131573e-18,2.7724568429793225e-18,0.4956690182888287,9.717264081265972e-09,0.4956690182888286,1.6619160631140714e-19,0.4506689410735059,0.4500014266415303,0.4506689410735059,1.663879716564753e-19,0.45,0.4956690182888286,0.4454373696608765,2.766456665114291e-18,0.45,0.4506689410735059,0.44993737795103433,2.7730021766165624e-18,0.45000142664153026,0.6305892789984934,49.95402939461215,49.9080587892243,49.86995592003679,49.80997814159138,49.86765291034716,49.75000036314597,49.86534990065755
817.0,0.0,0.45,0.4500000099460112,3.3336411552427873e-18,5.089396238291268e-17,2.7746183620131573e-18,2.7724568429793225e-18,0.4956690182888287,9.717264081277723e-09,0.49566901828882853,1.6619160631140714e-19,0.4506689410735059,0.45000142664153037,0.4506689410735059,1.6638797165647532e-19,0.45,0.49566901828882853,0.4454373696608765,2.766456665114291e-18,0.45,0.4506689410735059,0.44993737795103433,2.7730021766165624e-18,0.4500014266415303,0.6305892789984935,49.95402939461215,49.9080587892243,49.86995592003679,49.80997814159138,49.867652910347175,49.75000036314597,49.86534990065755
818.0,0.0,0.45,0.4500000099460112,3.3336411552427873e-18,5.089396238291268e-17,2.7746183620131573e-18,2.7724568429793225e-18,0.49566901828882864,9.717264081297236e-09,0.4956690182888285,1.6619160631140714e-19,0.4506689410735059,0.45000142664153037,0.4506689410735059,1.6638797165647532e-19,0.45,0.4956690182888285,0.44543736966087644,2.766456665114291e-18,0.45,0.4506689410735059,0.44993737795103433,2.7730021766165624e-18,0.4500014266415303,0.6305892789984935,49.95402939461215,49.9080587892243,49.86995592003679,49.80997814159138,49.867652910347175,49.75000036314597,49.86534990065755
819.0,0.0,0.45,0.4500000099460112,3.3336411552427877e-18,5.089396238291268e-17,2.7746183620131573e-18,2.7724568429793225e-18,0.4956690182888286,9.717264081319767e-09,0.4956690182888285,1.6619160631140714e-19,0.4506689410735059,0.4500014266415303,0.4506689410735059,1.663879716564753e-19,0.45,0.4956690182888285,0.44543736966087644,2.766456665114291e-18,0.45,0.4506689410735059,0.44993737795103433,2.7730021766165624e-18,0.4500014266415303,0.6305892789984935,49.95402939461215,49.9080587892243,49.86995592003679,49.80997814159138,49.86765291034716,49.75000036314597,49.86534990065755
820.0,0.0,0.45,0.4500000099460112,3.3336411552427873e-18,5.089396238291268e-17,2.7746183620131573e-18,2.7724568429793225e-18,0.4956690182888287,9.717264081324475e-09,0.49566901828882853,1.6619160631140714e-19,0.4506689410735059,0.4500014266415303,0.4506689410735059,1.6638797165647527e-19,0.45,0.49566901828882853,0.44543736966087644,2.766456665114291e-18,0.45,0.4506689410735059,0.44993737795103433,2.7730021766165624e-18,0.4500014266415303,0.6305892789984935,49.95402939461215,49.9080587892243,49.86995592003679,49.80997814159138,49.867652910347154,49.75000036314597,49.86534990065755
821.0,0.0,0.45,0.4500000099460112,3.3336411552427873e-18,5.089396238291268e-17,2.7746183620131573e-18,2.7724568429793225e-18,0.49566901828882876,9.717264081323693e-09,0.4956690182888286,1.6619160631140714e-19,0.45066894107350586,0.4500014266415303,0.45066894107350586,1.663879716564753e-19,0.45,0.4956690182888286,0.44543736966087644,2.766456665114291e-18,0.45,0.45066894107350586,0.44993737795103433,2.7730021766165624e-18,0.4500014266415303,0.6305892789984935,49.95402939461215,49.9080587892243,49.86995592003679,49.80997814159138,49.86765291034716,49.75000036314597,49.86534990065755
822.0,0.0,0.45,0.4500000099460112,3.3336411552427873e-18,5.089396238291268e-17,2.7746183620131573e-18,2.7724568429793225e-18,0.4956690182888287,9.717264081335417e-09,0.49566901828882853,1.6619160631140714e-19,0.45066894107350586,0.4500014266415303,0.45066894107350586,1.6638797165647532e-19,0.45,0.49566901828882853,0.44543736966087644,2.766456665114291e-18,0.45,0.45066894107350586,0.44993737795103433,2.7730021766165624e-18,0.4500014266415303,0.6305892789984935,49.95402939461215,49.9080587892243,49.86995592003679,49.80997814159138,49.867652910347175,49.75000036314597,49.86534990065755
823.0,0.0,0.45,0.4500000099460112,3.3336411552427873e-18,5.089396238291268e-17,2.7746183620131573e-18,2.7724568429793225e-18,0.49566901828882864,9.717264081354927e-09,0.4956690182888285,1.6619160631140714e-19,0.4506689410735059,0.45000142664153026,0.4506689410735059,1.6638797165647532e-19,0.45,0.4956690182888285,0.44543736966087644,2.766456665114291e-18,0.45,0.4506689410735059,0.44993737795103433,2.7730021766165624e-18,0.4500014266415303,0.6305892789984935,49.95402939461215,49.9080587892243,49.86995592003679,49.80997814159138,49.867652910347175,49.75000036314597,49.86534990065755
824.0,0.0,0.45,0.4500000099460112,3.3336411552427873e-18,5.089396238291268e-17,2.7746183620131573e-18,2.7724568429793225e-18,0.49566901828882864,9.717264081377493e-09,0.4956690182888284,1.6619160631140714e-19,0.4506689410735059,0.4500014266415303,0.4506689410735059,1.6638797165647532e-19,0.45,0.4956690182888284,0.44543736966087644,2.766456665114291e-18,0.45,0.4506689410735059,0.44993737795103433,2.7730021766165624e-18,0.4500014266415303,0.6305892789984935,49.95402939461215,49.9080587892243,49.86995592003679,49.80997814159138,49.867652910347175,49.75000036314597,49.86534990065755
825.0,0.0,0.45,0.4500000099460112,3.3336411552427873e-18,5.089396238291268e-17,2.7746183620131573e-18,2.7724568429793225e-18,0.4956690182888287,9.717264081382247e-09,0.49566901828882853,1.6619160631140714e-19,0.4506689410735059,0.4500014266415303,0.4506689410735059,1.6638797165647532e-19,0.45,0.49566901828882853,0.4454373696608765,2.766456665114291e-18,0.45,0.4506689410735059,0.44993737795103433,2.7730021766165624e-18,0.4500014266415303,0.6305892789984935,49.95402939461215,49.9080587892243,49.86995592003679,49.80997814159138,49.867652910347175,49.75000036314597,49.86534990065755
826.0,0.0,0.45,0.4500000099460112,3.3336411552427873e-18,5.089396238291268e-17,2.7746183620131573e-18,2.7724568429793225e-18,0.4956690182888287,9.717264081381488e-09,0.4956690182888286,1.6619160631140714e-19,0.4506689410735059,0.4500014266415303,0.4506689410735059,1.663879716564753e-19,0.45,0.4956690182888286,0.4454373696608765,2.766456665114291e-18,0.45,0.4506689410735059,0.44993737795103433,2.7730021766165624e-18,0.4500014266415303,0.6305892789984935,49.95402939461215,49.9080587892243,49.86995592003679,49.80997814159138,49.86765291034716,49.75000036314597,49.86534990065755
827.0,0.0,0.45,0.4500000099460112,3.3336411552427873e-18,5.089396238291268e-17,2.7746183620131573e-18,2.7724568429793225e-18,0.4956690182888287,9.717264081393239e-09,0.49566901828882853,1.6619160631140714e-19,0.4506689410735059,0.4500014266415303,0.4506689410735059,1.663879716564753e-19,0.45,0.49566901828882853,0.4454373696608765,2.766456665114291e-18,0.45,0.4506689410735059,0.44993737795103433,2.7730021766165624e-18,0.4500014266415303,0.6305892789984935,49.95402939461215,49.9080587892243,49.86995592003679,49.80997814159138,49.86765291034716,49.75000036314597,49.86534990065755
828.0,0.0,0.45,0.4500000099460112,3.3336411552427877e-18,5.089396238291268e-17,2.7746183620131573e-18,2.7724568429793225e-18,0.49566901828882864,9.717264081412752e-09,0.4956690182888285,1.6619160631140714e-19,0.4506689410735059,0.4500014266415303,0.4506689410735059,1.663879716564753e-19,0.45,0.4956690182888285,0.44543736966087644,2.766456665114291e-18,0.45,0.4506689410735059,0.44993737795103433,2.7730021766165624e-18,0.4500014266415303,0.6305892789984935,49.95402939461215,49.9080587892243,49.86995592003679,49.80997814159138,49.86765291034716,49.75000036314597,49.86534990065755
829.0,0.0,0.45,0.4500000099460112,3.3336411552427877e-18,5.089396238291268e-17,2.7746183620131573e-18,2.7724568429793225e-18,0.4956690182888286,9.717264081435283e-09,0.4956690182888285,1.6619160631140714e-19,0.4506689410735059,0.4500014266415303,0.4506689410735059,1.6638797165647527e-19,0.45,0.4956690182888285,0.44543736966087644,2.766456665114291e-18,0.45,0.4506689410735059,0.44993737795103433,2.7730021766165624e-18,0.4500014266415303,0.6305892789984935,49.95402939461215,49.9080587892243,49.86995592003679,49.80997814159138,49.867652910347154,49.75000036314597,49.86534990065755
830.0,0.0,0.45,0.4500000099460112,3.3336411552427873e-18,5.089396238291268e-17,2.7746183620131573e-18,2.7724568429793225e-18,0.4956690182888287,9.717264081439991e-09,0.49566901828882853,1.6619160631140714e-19,0.4506689410735059,0.4500014266415303,0.4506689410735059,1.6638797165647527e-19,0.45,0.49566901828882853,0.44543736966087644,2.766456665114291e-18,0.45,0.4506689410735059,0.44993737795103433,2.7730021766165624e-18,0.4500014266415303,0.6305892789984935,49.95402939461215,49.9080587892243,49.86995592003679,49.80997814159138,49.867652910347154,49.75000036314597,49.86534990065755
831.0,0.0,0.45,0.4500000099460112,3.333641155242787e-18,5.0893962382912674e-17,2.7746183620131573e-18,2.7724568429793225e-18,0.49566901828882876,9.717264081439209e-09,0.4956690182888286,1.6619160631140714e-19,0.4506689410735059,0.45000142664153026,0.4506689410735059,1.663879716564753e-19,0.45,0.4956690182888286,0.44543736966087644,2.766456665114291e-18,0.45,0.4506689410735059,0.44993737795103433,2.7730021766165624e-18,0.45000142664153026,0.6305892789984934,49.95402939461214,49.9080587892243,49.86995592003679,49.80997814159138,49.86765291034716,49.75000036314597,49.86534990065755
832.0,0.0,0.45,0.4500000099460112,3.3336411552427873e-18,5.089396238291268e-17,2.7746183620131573e-18,2.7724568429793225e-18,0.4956690182888287,9.717264081450933e-09,0.49566901828882853,1.6619160631140714e-19,0.4506689410735059,0.4500014266415303,0.4506689410735059,1.6638797165647532e-19,0.45,0.49566901828882853,0.44543736966087644,2.766456665114291e-18,0.45,0.4506689410735059,0.44993737795103433,2.7730021766165624e-18,0.4500014266415303,0.6305892789984935,49.95402939461215,49.9080587892243,49.86995592003679,49.80997814159138,49.867652910347175,49.75000036314597,49.86534990065755
833.0,0.0,0.45,0.4500000099460112,3.3336411552427873e-18,5.089396238291268e-17,2.7746183620131573e-18,2.7724568429793225e-18,0.49566901828882864,9.717264081470443e-09,0.4956690182888285,1.6619160631140714e-19,0.4506689410735059,0.4500014266415303,0.4506689410735059,1.6638797165647532e-19,0.45,0.4956690182888285,0.44543736966087644,2.766456665114291e-18,0.45,0.4506689410735059,0.44993737795103433,2.7730021766165624e-18,0.4500014266415303,0.6305892789984935,49.95402939461215,49.9080587892243,49.86995592003679,49.80997814159138,49.867652910347175,49.75000036314597,49.86534990065755
834.0,0.0,0.45,0.4500000099460112,3.3336411552427877e-18,5.089396238291268e-17,2.7746183620131573e-18,2.7724568429793225e-18,0.49566901828882864,9.717264081493008e-09,0.4956690182888284,1.6619160631140714e-19,0.4506689410735059,0.45000142664153037,0.4506689410735059,1.6638797165647532e-19,0.45,0.4956690182888284,0.44543736966087644,2.766456665114291e-18,0.45,0.4506689410735059,0.44993737795103433,2.7730021766165624e-18,0.4500014266415303,0.6305892789984935,49.95402939461215,49.9080587892243,49.86995592003679,49.80997814159138,49.867652910347175,49.75000036314597,49.86534990065755
835.0,0.0,0.45,0.4500000099460112,3.3336411552427873e-18,5.089396238291268e-17,2.7746183620131573e-18,2.7724568429793225e-18,0.4956690182888287,9.717264081497763e-09,0.49566901828882853,1.6619160631140714e-19,0.4506689410735059,0.4500014266415303,0.4506689410735059,1.6638797165647532e-19,0.45,0.49566901828882853,0.4454373696608765,2.766456665114291e-18,0.45,0.4506689410735059,0.44993737795103433,2.7730021766165624e-18,0.4500014266415303,0.6305892789984935,49.95402939461215,49.9080587892243,49.86995592003679,49.80997814159138,49.867652910347175,49.75000036314597,49.86534990065755
836.0,0.0,0.45,0.4500000099460112,3.3336411552427873e-18,5.089396238291268e-17,2.7746183620131573e-18,2.7724568429793225e-18,0.4956690182888287,9.717264081497004e-09,0.4956690182888286,1.6619160631140714e-19,0.4506689410735059,0.4500014266415303,0.4506689410735059,1.6638797165647532e-19,0.45,0.4956690182888286,0.4454373696608765,2.766456665114291e-18,0.45,0.4506689410735059,0.44993737795103433,2.7730021766165624e-18,0.4500014266415303,0.6305892789984935,49.95402939461215,49.9080587892243,49.86995592003679,49.80997814159138,49.867652910347175,49.75000036314597,49.86534990065755
837.0,0.0,0.45,0.4500000099460112,3.3336411552427873e-18,5.089396238291268e-17,2.7746183620131573e-18,2.7724568429793225e-18,0.4956690182888287,9.717264081508755e-09,0.49566901828882853,1.6619160631140714e-19,0.4506689410735059,0.4500014266415303,0.4506689410735059,1.6638797165647532e-19,0.45,0.49566901828882853,0.4454373696608765,2.766456665114291e-18,0.45,0.4506689410735059,0.44993737795103433,2.7730021766165624e-18,0.4500014266415303,0.6305892789984935,49.95402939461215,49.9080587892243,49.86995592003679,49.80997814159138,49.867652910347175,49.75000036314597,49.86534990065755
838.0,0.0,0.45,0.4500000099460112,3.3336411552427877e-18,5.089396238291268e-17,2.7746183620131573e-18,2.7724568429793225e-18,0.49566901828882864,9.717264081528268e-09,0.4956690182888285,1.6619160631140714e-19,0.4506689410735059,0.45000142664153037,0.4506689410735059,1.6638797165647532e-19,0.45,0.4956690182888285,0.44543736966087644,2.766456665114291e-18,0.45,0.4506689410735059,0.44993737795103433,2.7730021766165624e-18,0.4500014266415303,0.6305892789984935,49.95402939461215,49.9080587892243,49.86995592003679,49.80997814159138,49.867652910347175,49.75000036314597,49.86534990065755
839.0,0.0,0.45,0.4500000099460112,3.3336411552427877e-18,5.089396238291268e-17,2.7746183620131573e-18,2.7724568429793225e-18,0.4956690182888286,9.717264081550799e-09,0.4956690182888285,1.6619160631140714e-19,0.4506689410735059,0.45000142664153037,0.4506689410735059,1.6638797165647532e-19,0.45,0.4956690182888285,0.44543736966087644,2.766456665114291e-18,0.45,0.4506689410735059,0.44993737795103433,2.7730021766165624e-18,0.4500014266415303,0.6305892789984935,49.95402939461215,49.9080587892243,49.86995592003679,49.80997814159138,49.867652910347175,49.75000036314597,49.86534990065755
840.0,0.0,0.45,0.4500000099460112,3.3336411552427873e-18,5.0893962382912674e-17,2.7746183620131573e-18,2.7724568429793225e-18,0.4956690182888287,9.717264081555507e-09,0.49566901828882853,1.6619160631140714e-19,0.4506689410735059,0.45000142664153026,0.4506689410735059,1.663879716564753e-19,0.45,0.49566901828882853,0.44543736966087644,2.766456665114291e-18,0.45,0.4506689410735059,0.44993737795103433,2.7730021766165624e-18,0.45000142664153026,0.6305892789984934,49.95402939461215,49.9080587892243,49.86995592003679,49.80997814159138,49.86765291034716,49.75000036314597,49.86534990065755
841.0,0.0,0.45,0.4500000099460112,3.3336411552427873e-18,5.0893962382912674e-17,2.7746183620131573e-18,2.7724568429793225e-18,0.49566901828882876,9.717264081554724e-09,0.4956690182888286,1.6619160631140714e-19,0.4506689410735059,0.45000142664153026,0.4506689410735059,1.6638797165647527e-19,0.45,0.4956690182888286,0.44543736966087644,2.766456665114291e-18,0.45,0.4506689410735059,0.44993737795103433,2.7730021766165624e-18,0.45000142664153026,0.6305892789984934,49.95402939461215,49.9080587892243,49.86995592003679,49.80997814159138,49.867652910347154,49.75000036314597,49.86534990065755
842.0,0.0,0.45,0.4500000099460112,3.3336411552427877e-18,5.089396238291268e-17,2.7746183620131573e-18,2.7724568429793225e-18,0.4956690182888287,9.717264081566449e-09,0.49566901828882853,1.6619160631140714e-19,0.4506689410735059,0.45000142664153026,0.4506689410735059,1.6638797165647527e-19,0.45,0.49566901828882853,0.44543736966087644,2.766456665114291e-18,0.45,0.4506689410735059,0.44993737795103433,2.7730021766165624e-18,0.4500014266415303,0.6305892789984935,49.95402939461215,49.9080587892243,49.86995592003679,49.80997814159138,49.867652910347154,49.75000036314597,49.86534990065755
843.0,0.0,0.45,0.4500000099460112,3.3336411552427877e-18,5.089396238291268e-17,2.7746183620131573e-18,2.7724568429793225e-18,0.49566901828882864,9.717264081585959e-09,0.4956690182888285,1.6619160631140714e-19,0.45066894107350597,0.4500014266415303,0.45066894107350597,1.663879716564753e-19,0.45,0.4956690182888285,0.44543736966087644,2.766456665114291e-18,0.45,0.45066894107350597,0.44993737795103433,2.7730021766165624e-18,0.4500014266415303,0.6305892789984935,49.95402939461215,49.9080587892243,49.86995592003679,49.80997814159138,49.86765291034716,49.75000036314597,49.86534990065755
844.0,0.0,0.45,0.4500000099460112,3.3336411552427873e-18,5.089396238291268e-17,2.7746183620131573e-18,2.7724568429793225e-18,0.49566901828882864,9.717264081608524e-09,0.4956690182888284,1.6619160631140714e-19,0.4506689410735059,0.4500014266415303,0.45066894107350597,1.663879716564753e-19,0.45,0.4956690182888284,0.44543736966087644,2.766456665114291e-18,0.45,0.4506689410735059,0.44993737795103433,2.7730021766165624e-18,0.4500014266415303,0.6305892789984935,49.95402939461215,49.9080587892243,49.86995592003679,49.80997814159138,49.86765291034716,49.75000036314597,49.86534990065755
845.0,0.0,0.45,0.4500000099460112,3.3336411552427873e-18,5.089396238291268e-17,2.7746183620131573e-18,2.7724568429793225e-18,0.4956690182888287,9.717264081613279e-09,0.49566901828882853,1.6619160631140714e-19,0.4506689410735059,0.4500014266415303,0.4506689410735059,1.6638797165647527e-19,0.45,0.49566901828882853,0.4454373696608765,2.766456665114291e-18,0.45,0.4506689410735059,0.44993737795103433,2.7730021766165624e-18,0.4500014266415303,0.6305892789984935,49.95402939461215,49.9080587892243,49.86995592003679,49.80997814159138,49.867652910347154,49.75000036314597,49.86534990065755
846.0,0.0,0.45,0.4500000099460112,3.3336411552427873e-18,5.089396238291268e-17,2.7746183620131573e-18,2.7724568429793225e-18,0.4956690182888287,9.71726408161252e-09,0.4956690182888286,1.6619160631140714e-19,0.4506689410735059,0.4500014266415303,0.4506689410735059,1.663879716564753e-19,0.45,0.4956690182888286,0.4454373696608765,2.766456665114291e-18,0.45,0.4506689410735059,0.44993737795103433,2.7730021766165624e-18,0.4500014266415303,0.6305892789984935,49.95402939461215,49.9080587892243,49.86995592003679,49.80997814159138,49.86765291034716,49.75000036314597,49.86534990065755
847.0,0.0,0.45,0.4500000099460112,3.3336411552427873e-18,5.089396238291268e-17,2.7746183620131573e-18,2.7724568429793225e-18,0.4956690182888287,9.71726408162427e-09,0.49566901828882853,1.6619160631140714e-19,0.4506689410735059,0.4500014266415303,0.4506689410735059,1.6638797165647532e-19,0.45,0.49566901828882853,0.4454373696608765,2.766456665114291e-18,0.45,0.4506689410735059,0.44993737795103433,2.7730021766165624e-18,0.4500014266415303,0.6305892789984935,49.95402939461215,49.9080587892243,49.86995592003679,49.80997814159138,49.867652910347175,49.75000036314597,49.86534990065755
848.0,0.0,0.45,0.4500000099460112,3.3336411552427877e-18,5.0893962382912674e-17,2.7746183620131573e-18,2.7724568429793225e-18,0.49566901828882864,9.717264081643784e-09,0.4956690182888285,1.6619160631140714e-19,0.4506689410735059,0.4500014266415303,0.4506689410735059,1.6638797165647532e-19,0.45,0.4956690182888285,0.44543736966087644,2.766456665114291e-18,0.45,0.4506689410735059,0.44993737795103433,2.7730021766165624e-18,0.45000142664153026,0.6305892789984934,49.95402939461215,49.9080587892243,49.86995592003679,49.80997814159138,49.867652910347175,49.75000036314597,49.86534990065755
849.0,0.0,0.45,0.4500000099460112,3.3336411552427877e-18,5.089396238291268e-17,2.7746183620131573e-18,2.7724568429793225e-18,0.4956690182888286,9.717264081666314e-09,0.4956690182888285,1.6619160631140714e-19,0.4506689410735059,0.4500014266415303,0.4506689410735059,1.663879716564753e-19,0.45,0.4956690182888285,0.44543736966087644,2.766456665114291e-18,0.45,0.4506689410735059,0.4499373779510344,2.7730021766165624e-18,0.4500014266415303,0.6305892789984935,49.95402939461215,49.9080587892243,49.86995592003679,49.80997814159138,49.86765291034716,49.75000036314597,49.86534990065755
850.0,0.0,0.45,0.4500000099460112,3.3336411552427877e-18,5.089396238291268e-17,2.7746183620131573e-18,2.7724568429793225e-18,0.4956690182888287,9.717264081671023e-09,0.49566901828882853,1.6619160631140714e-19,0.4506689410735059,0.4500014266415303,0.4506689410735059,1.6638797165647527e-19,0.45,0.49566901828882853,0.44543736966087644,2.766456665114291e-18,0.45,0.4506689410735059,0.44993737795103433,2.7730021766165624e-18,0.4500014266415303,0.6305892789984935,49.95402939461215,49.9080587892243,49.86995592003679,49.80997814159138,49.867652910347154,49.75000036314597,49.86534990065755
851.0,0.0,0.45,0.4500000099460112,3.3336411552427877e-18,5.0893962382912674e-17,2.7746183620131573e-18,2.7724568429793225e-18,0.49566901828882876,9.71726408167024e-09,0.4956690182888286,1.6619160631140714e-19,0.4506689410735059,0.4500014266415303,0.4506689410735059,1.663879716564753e-19,0.45,0.4956690182888286,0.44543736966087644,2.766456665114291e-18,0.45,0.4506689410735059,0.44993737795103433,2.7730021766165624e-18,0.45000142664153026,0.6305892789984934,49.95402939461215,49.9080587892243,49.86995592003679,49.80997814159138,49.86765291034716,49.75000036314597,49.86534990065755
852.0,0.0,0.45,0.4500000099460112,3.3336411552427873e-18,5.0893962382912674e-17,2.7746183620131573e-18,2.7724568429793225e-18,0.4956690182888287,9.717264081681965e-09,0.49566901828882853,1.6619160631140714e-19,0.4506689410735059,0.4500014266415303,0.4506689410735059,1.6638797165647532e-19,0.45,0.49566901828882853,0.44543736966087644,2.766456665114291e-18,0.45,0.4506689410735059,0.44993737795103433,2.7730021766165624e-18,0.45000142664153026,0.6305892789984934,49.95402939461215,49.9080587892243,49.86995592003679,49.80997814159138,49.867652910347175,49.75000036314597,49.86534990065755
853.0,0.0,0.45,0.4500000099460112,3.3336411552427873e-18,5.089396238291268e-17,2.7746183620131573e-18,2.7724568429793225e-18,0.49566901828882864,9.717264081701475e-09,0.4956690182888285,1.6619160631140714e-19,0.4506689410735059,0.4500014266415303,0.4506689410735059,1.6638797165647532e-19,0.45,0.4956690182888285,0.44543736966087644,2.766456665114291e-18,0.45,0.4506689410735059,0.44993737795103433,2.7730021766165624e-18,0.4500014266415303,0.6305892789984935,49.95402939461215,49.9080587892243,49.86995592003679,49.80997814159138,49.867652910347175,49.75000036314597,49.86534990065755
854.0,0.0,0.45,0.4500000099460112,3.3336411552427873e-18,5.089396238291268e-17,2.7746183620131573e-18,2.7724568429793225e-18,0.49566901828882864,9.71726408172404e-09,0.4956690182888284,1.6619160631140714e-19,0.4506689410735059,0.4500014266415303,0.4506689410735059,1.6638797165647532e-19,0.45,0.4956690182888284,0.44543736966087644,2.766456665114291e-18,0.45,0.4506689410735059,0.44993737795103433,2.7730021766165624e-18,0.4500014266415303,0.6305892789984935,49.95402939461215,49.9080587892243,49.86995592003679,49.80997814159138,49.867652910347175,49.75000036314597,49.86534990065755
855.0,0.0,0.45,0.4500000099460112,3.3336411552427877e-18,5.089396238291268e-17,2.7746183620131573e-18,2.7724568429793225e-18,0.4956690182888287,9.717264081728795e-09,0.49566901828882853,1.6619160631140714e-19,0.4506689410735059,0.4500014266415303,0.4506689410735059,1.6638797165647532e-19,0.45,0.49566901828882853,0.4454373696608765,2.766456665114291e-18,0.45,0.4506689410735059,0.44993737795103433,2.7730021766165624e-18,0.4500014266415303,0.6305892789984935,49.95402939461215,49.9080587892243,49.86995592003679,49.80997814159138,49.867652910347175,49.75000036314597,49.86534990065755
856.0,0.0,0.45,0.4500000099460112,3.3336411552427877e-18,5.0893962382912686e-17,2.7746183620131573e-18,2.7724568429793225e-18,0.4956690182888287,9.717264081728035e-09,0.4956690182888286,1.6619160631140714e-19,0.4506689410735059,0.45000142664153037,0.4506689410735059,1.663879716564753e-19,0.45,0.4956690182888286,0.4454373696608765,2.766456665114291e-18,0.45,0.4506689410735059,0.44993737795103433,2.7730021766165624e-18,0.45000142664153037,0.6305892789984936,49.95402939461215,49.9080587892243,49.86995592003679,49.80997814159138,49.86765291034716,49.75000036314597,49.86534990065755
857.0,0.0,0.45,0.4500000099460112,3.3336411552427877e-18,5.089396238291268e-17,2.7746183620131573e-18,2.7724568429793225e-18,0.4956690182888287,9.717264081739786e-09,0.49566901828882853,1.6619160631140714e-19,0.4506689410735059,0.4500014266415303,0.4506689410735059,1.663879716564753e-19,0.45,0.49566901828882853,0.4454373696608765,2.766456665114291e-18,0.45,0.4506689410735059,0.44993737795103433,2.7730021766165624e-18,0.4500014266415303,0.6305892789984935,49.95402939461215,49.9080587892243,49.86995592003679,49.80997814159138,49.86765291034716,49.75000036314597,49.86534990065755
858.0,0.0,0.45,0.4500000099460112,3.3336411552427873e-18,5.0893962382912674e-17,2.7746183620131573e-18,2.7724568429793225e-18,0.49566901828882864,9.7172640817593e-09,0.4956690182888285,1.6619160631140714e-19,0.4506689410735059,0.45000142664153026,0.4506689410735059,1.663879716564753e-19,0.45,0.4956690182888285,0.44543736966087644,2.766456665114291e-18,0.45,0.4506689410735059,0.44993737795103433,2.7730021766165624e-18,0.45000142664153026,0.6305892789984934,49.95402939461215,49.9080587892243,49.86995592003679,49.80997814159138,49.86765291034716,49.75000036314597,49.86534990065755
859.0,0.0,0.45,0.4500000099460112,3.3336411552427873e-18,5.0893962382912674e-17,2.7746183620131573e-18,2.7724568429793225e-18,0.4956690182888286,9.71726408178183e-09,0.4956690182888285,1.6619160631140714e-19,0.45066894107350597,0.45000142664153026,0.45066894107350597,1.6638797165647527e-19,0.45,0.4956690182888285,0.44543736966087644,2.766456665114291e-18,0.45,0.45066894107350597,0.44993737795103433,2.7730021766165624e-18,0.45000142664153026,0.6305892789984934,49.95402939461215,49.9080587892243,49.86995592003679,49.80997814159138,49.867652910347154,49.75000036314597,49.86534990065755
860.0,0.0,0.45,0.4500000099460112,3.3336411552427877e-18,5.089396238291268e-17,2.7746183620131573e-18,2.7724568429793225e-18,0.4956690182888287,9.717264081786538e-09,0.49566901828882853,1.6619160631140714e-19,0.4506689410735059,0.4500014266415303,0.4506689410735059,1.6638797165647527e-19,0.45,0.49566901828882853,0.44543736966087644,2.766456665114291e-18,0.45,0.4506689410735059,0.44993737795103433,2.7730021766165624e-18,0.4500014266415303,0.6305892789984935,49.95402939461215,49.9080587892243,49.86995592003679,49.80997814159138,49.867652910347154,49.75000036314597,49.86534990065755
861.0,0.0,0.45,0.4500000099460112,3.3336411552427873e-18,5.089396238291268e-17,2.7746183620131573e-18,2.7724568429793225e-18,0.49566901828882876,9.717264081785756e-09,0.4956690182888286,1.6619160631140714e-19,0.4506689410735059,0.4500014266415303,0.4506689410735059,1.663879716564753e-19,0.45,0.4956690182888286,0.44543736966087644,2.766456665114291e-18,0.45,0.4506689410735059,0.44993737795103433,2.7730021766165624e-18,0.4500014266415303,0.6305892789984935,49.95402939461215,49.9080587892243,49.86995592003679,49.80997814159138,49.86765291034716,49.75000036314597,49.86534990065755
862.0,0.0,0.45,0.4500000099460112,3.3336411552427873e-18,5.089396238291268e-17,2.7746183620131573e-18,2.7724568429793225e-18,0.4956690182888287,9.71726408179748e-09,0.49566901828882853,1.6619160631140714e-19,0.4506689410735059,0.4500014266415303,0.4506689410735059,1.6638797165647532e-19,0.45,0.49566901828882853,0.44543736966087644,2.766456665114291e-18,0.45,0.4506689410735059,0.44993737795103433,2.7730021766165624e-18,0.4500014266415303,0.6305892789984935,49.95402939461215,49.9080587892243,49.86995592003679,49.80997814159138,49.867652910347175,49.75000036314597,49.86534990065755
863.0,0.0,0.45,0.4500000099460112,3.3336411552427873e-18,5.089396238291268e-17,2.7746183620131573e-18,2.7724568429793225e-18,0.49566901828882864,9.71726408181699e-09,0.4956690182888285,1.6619160631140714e-19,0.4506689410735059,0.4500014266415303,0.4506689410735059,1.6638797165647532e-19,0.45,0.4956690182888285,0.44543736966087644,2.766456665114291e-18,0.45,0.4506689410735059,0.44993737795103433,2.7730021766165624e-18,0.4500014266415303,0.6305892789984935,49.95402939461215,49.9080587892243,49.86995592003679,49.80997814159138,49.867652910347175,49.75000036314597,49.86534990065755
864.0,0.0,0.45,0.4500000099460112,3.3336411552427873e-18,5.089396238291268e-17,2.7746183620131573e-18,2.7724568429793225e-18,0.49566901828882864,9.717264081839556e-09,0.4956690182888284,1.6619160631140714e-19,0.4506689410735059,0.4500014266415303,0.4506689410735059,1.6638797165647532e-19,0.45,0.4956690182888284,0.44543736966087644,2.766456665114291e-18,0.45,0.4506689410735059,0.44993737795103433,2.7730021766165624e-18,0.4500014266415303,0.6305892789984935,49.95402939461215,49.9080587892243,49.86995592003679,49.80997814159138,49.867652910347175,49.75000036314597,49.86534990065755
865.0,0.0,0.45,0.4500000099460112,3.3336411552427873e-18,5.089396238291268e-17,2.7746183620131573e-18,2.7724568429793225e-18,0.4956690182888287,9.71726408184431e-09,0.49566901828882853,1.6619160631140714e-19,0.4506689410735059,0.4500014266415303,0.4506689410735059,1.6638797165647532e-19,0.45,0.49566901828882853,0.4454373696608765,2.766456665114291e-18,0.45,0.4506689410735059,0.44993737795103433,2.7730021766165624e-18,0.4500014266415303,0.6305892789984935,49.95402939461215,49.9080587892243,49.86995592003679,49.80997814159138,49.867652910347175,49.75000036314597,49.86534990065755
866.0,0.0,0.45,0.4500000099460112,3.3336411552427873e-18,5.089396238291268e-17,2.7746183620131573e-18,2.7724568429793225e-18,0.4956690182888287,9.717264081843551e-09,0.4956690182888286,1.6619160631140714e-19,0.4506689410735059,0.4500014266415303,0.4506689410735059,1.6638797165647532e-19,0.45,0.4956690182888286,0.4454373696608765,2.766456665114291e-18,0.45,0.4506689410735059,0.44993737795103433,2.7730021766165624e-18,0.4500014266415303,0.6305892789984935,49.95402939461215,49.9080587892243,49.86995592003679,49.80997814159138,49.867652910347175,49.75000036314597,49.86534990065755
867.0,0.0,0.45,0.4500000099460112,3.3336411552427873e-18,5.089396238291268e-17,2.7746183620131573e-18,2.7724568429793225e-18,0.4956690182888287,9.717264081855302e-09,0.49566901828882853,1.6619160631140714e-19,0.4506689410735059,0.4500014266415303,0.4506689410735059,1.6638797165647532e-19,0.45,0.49566901828882853,0.4454373696608765,2.766456665114291e-18,0.45,0.4506689410735059,0.44993737795103433,2.7730021766165624e-18,0.4500014266415303,0.6305892789984935,49.95402939461215,49.9080587892243,49.86995592003679,49.80997814159138,49.867652910347175,49.75000036314597,49.86534990065755
868.0,0.0,0.45,0.4500000099460112,3.3336411552427877e-18,5.089396238291268e-17,2.7746183620131573e-18,2.7724568429793225e-18,0.49566901828882864,9.717264081874815e-09,0.4956690182888285,1.6619160631140714e-19,0.4506689410735059,0.4500014266415303,0.4506689410735059,1.6638797165647532e-19,0.45,0.4956690182888285,0.44543736966087644,2.766456665114291e-18,0.45,0.4506689410735059,0.44993737795103433,2.7730021766165624e-18,0.4500014266415303,0.6305892789984935,49.95402939461215,49.9080587892243,49.86995592003679,49.80997814159138,49.867652910347175,49.75000036314597,49.86534990065755
869.0,0.0,0.45,0.4500000099460112,3.3336411552427877e-18,5.089396238291268e-17,2.7746183620131573e-18,2.7724568429793225e-18,0.4956690182888286,9.717264081897346e-09,0.4956690182888285,1.6619160631140714e-19,0.4506689410735059,0.4500014266415303,0.4506689410735059,1.6638797165647532e-19,0.45,0.4956690182888285,0.44543736966087644,2.766456665114291e-18,0.45,0.4506689410735059,0.44993737795103433,2.7730021766165624e-18,0.4500014266415303,0.6305892789984935,49.95402939461215,49.9080587892243,49.86995592003679,49.80997814159138,49.867652910347175,49.75000036314597,49.86534990065755
870.0,0.0,0.45,0.4500000099460112,3.3336411552427873e-18,5.089396238291268e-17,2.7746183620131573e-18,2.7724568429793225e-18,0.4956690182888287,9.717264081902054e-09,0.49566901828882853,1.6619160631140714e-19,0.4506689410735059,0.4500014266415303,0.4506689410735059,1.663879716564753e-19,0.45,0.49566901828882853,0.44543736966087644,2.766456665114291e-18,0.45,0.4506689410735059,0.44993737795103433,2.7730021766165624e-18,0.4500014266415303,0.6305892789984935,49.95402939461215,49.9080587892243,49.86995592003679,49.80997814159138,49.86765291034716,49.75000036314597,49.86534990065755
871.0,0.0,0.45,0.4500000099460112,3.3336411552427873e-18,5.089396238291268e-17,2.7746183620131573e-18,2.7724568429793225e-18,0.49566901828882876,9.717264081901272e-09,0.4956690182888286,1.6619160631140714e-19,0.4506689410735059,0.45000142664153037,0.4506689410735059,1.6638797165647527e-19,0.45,0.4956690182888286,0.44543736966087644,2.766456665114291e-18,0.45,0.4506689410735059,0.44993737795103433,2.7730021766165624e-18,0.4500014266415303,0.6305892789984935,49.95402939461215,49.9080587892243,49.86995592003679,49.80997814159138,49.867652910347154,49.75000036314597,49.86534990065755
872.0,0.0,0.45,0.4500000099460112,3.3336411552427873e-18,5.089396238291268e-17,2.7746183620131573e-18,2.7724568429793225e-18,0.4956690182888287,9.717264081912996e-09,0.49566901828882853,1.6619160631140714e-19,0.4506689410735059,0.45000142664153037,0.4506689410735059,1.6638797165647527e-19,0.45,0.49566901828882853,0.44543736966087644,2.766456665114291e-18,0.45,0.4506689410735059,0.44993737795103433,2.7730021766165624e-18,0.4500014266415303,0.6305892789984935,49.95402939461215,49.9080587892243,49.86995592003679,49.80997814159138,49.867652910347154,49.75000036314597,49.86534990065755
873.0,0.0,0.45,0.4500000099460112,3.3336411552427873e-18,5.089396238291268e-17,2.7746183620131573e-18,2.7724568429793225e-18,0.49566901828882864,9.717264081932506e-09,0.4956690182888285,1.6619160631140714e-19,0.45066894107350597,0.45000142664153037,0.45066894107350597,1.663879716564753e-19,0.45,0.4956690182888285,0.44543736966087644,2.766456665114291e-18,0.45,0.45066894107350597,0.44993737795103433,2.7730021766165624e-18,0.4500014266415303,0.6305892789984935,49.95402939461215,49.9080587892243,49.86995592003679,49.80997814159138,49.86765291034716,49.75000036314597,49.86534990065755
874.0,0.0,0.45,0.4500000099460112,3.3336411552427877e-18,5.089396238291268e-17,2.7746183620131573e-18,2.7724568429793225e-18,0.49566901828882864,9.717264081955072e-09,0.4956690182888284,1.6619160631140714e-19,0.45066894107350597,0.4500014266415303,0.45066894107350597,1.663879716564753e-19,0.45,0.4956690182888284,0.44543736966087644,2.766456665114291e-18,0.45,0.45066894107350597,0.44993737795103433,2.7730021766165624e-18,0.4500014266415303,0.6305892789984935,49.95402939461215,49.9080587892243,49.86995592003679,49.80997814159138,49.86765291034716,49.75000036314597,49.86534990065755
875.0,0.0,0.45,0.4500000099460112,3.3336411552427873e-18,5.089396238291268e-17,2.7746183620131573e-18,2.7724568429793225e-18,0.4956690182888287,9.717264081959826e-09,0.49566901828882853,1.6619160631140714e-19,0.4506689410735059,0.4500014266415303,0.4506689410735059,1.6638797165647527e-19,0.45,0.49566901828882853,0.4454373696608765,2.766456665114291e-18,0.45,0.4506689410735059,0.44993737795103433,2.7730021766165624e-18,0.4500014266415303,0.6305892789984935,49.95402939461215,49.9080587892243,49.86995592003679,49.80997814159138,49.867652910347154,49.75000036314597,49.86534990065755
876.0,0.0,0.45,0.4500000099460112,3.3336411552427873e-18,5.089396238291268e-17,2.7746183620131573e-18,2.7724568429793225e-18,0.4956690182888287,9.717264081959067e-09,0.4956690182888286,1.6619160631140714e-19,0.4506689410735059,0.4500014266415303,0.4506689410735059,1.663879716564753e-19,0.45,0.4956690182888286,0.4454373696608765,2.766456665114291e-18,0.45,0.4506689410735059,0.44993737795103433,2.7730021766165624e-18,0.4500014266415303,0.6305892789984935,49.95402939461215,49.9080587892243,49.86995592003679,49.80997814159138,49.86765291034716,49.75000036314597,49.86534990065755
877.0,0.0,0.45,0.4500000099460112,3.3336411552427873e-18,5.0893962382912674e-17,2.7746183620131573e-18,2.7724568429793225e-18,0.4956690182888287,9.717264081970818e-09,0.49566901828882853,1.6619160631140714e-19,0.4506689410735059,0.4500014266415303,0.4506689410735059,1.6638797165647532e-19,0.45,0.49566901828882853,0.4454373696608765,2.766456665114291e-18,0.45,0.4506689410735059,0.44993737795103433,2.7730021766165624e-18,0.45000142664153026,0.6305892789984934,49.95402939461215,49.9080587892243,49.86995592003679,49.80997814159138,49.867652910347175,49.75000036314597,49.86534990065755
878.0,0.0,0.45,0.4500000099460112,3.3336411552427873e-18,5.0893962382912674e-17,2.7746183620131573e-18,2.7724568429793225e-18,0.49566901828882864,9.717264081990331e-09,0.4956690182888285,1.6619160631140714e-19,0.4506689410735059,0.4500014266415303,0.4506689410735059,1.6638797165647532e-19,0.45,0.4956690182888285,0.44543736966087644,2.766456665114291e-18,0.45,0.4506689410735059,0.44993737795103433,2.7730021766165624e-18,0.45000142664153026,0.6305892789984934,49.95402939461215,49.9080587892243,49.86995592003679,49.80997814159138,49.867652910347175,49.75000036314597,49.86534990065755
879.0,0.0,0.45,0.4500000099460112,3.3336411552427873e-18,5.0893962382912674e-17,2.7746183620131573e-18,2.7724568429793225e-18,0.4956690182888286,9.717264082012862e-09,0.4956690182888285,1.6619160631140714e-19,0.4506689410735059,0.45000142664153026,0.4506689410735059,1.663879716564753e-19,0.45,0.4956690182888285,0.44543736966087644,2.766456665114291e-18,0.45,0.4506689410735059,0.44993737795103433,2.7730021766165624e-18,0.45000142664153026,0.6305892789984934,49.95402939461215,49.9080587892243,49.86995592003679,49.80997814159138,49.86765291034716,49.75000036314597,49.86534990065755
880.0,0.0,0.45,0.4500000099460112,3.3336411552427873e-18,5.0893962382912674e-17,2.7746183620131573e-18,2.7724568429793225e-18,0.4956690182888287,9.71726408201757e-09,0.49566901828882853,1.6619160631140714e-19,0.4506689410735059,0.45000142664153026,0.4506689410735059,1.6638797165647527e-19,0.45,0.49566901828882853,0.44543736966087644,2.766456665114291e-18,0.45,0.4506689410735059,0.44993737795103433,2.7730021766165624e-18,0.45000142664153026,0.6305892789984934,49.95402939461215,49.9080587892243,49.86995592003679,49.80997814159138,49.867652910347154,49.75000036314597,49.86534990065755
881.0,0.0,0.45,0.4500000099460112,3.3336411552427873e-18,5.0893962382912674e-17,2.7746183620131573e-18,2.7724568429793225e-18,0.49566901828882876,9.717264082016787e-09,0.4956690182888286,1.6619160631140714e-19,0.4506689410735059,0.45000142664153026,0.4506689410735059,1.663879716564753e-19,0.45,0.4956690182888286,0.44543736966087644,2.766456665114291e-18,0.45,0.4506689410735059,0.44993737795103433,2.7730021766165624e-18,0.45000142664153026,0.6305892789984934,49.95402939461215,49.9080587892243,49.86995592003679,49.80997814159138,49.86765291034716,49.75000036314597,49.86534990065755
882.0,0.0,0.45,0.4500000099460112,3.3336411552427873e-18,5.0893962382912674e-17,2.7746183620131573e-18,2.7724568429793225e-18,0.4956690182888287,9.717264082028512e-09,0.49566901828882853,1.6619160631140714e-19,0.4506689410735059,0.45000142664153026,0.4506689410735059,1.6638797165647532e-19,0.45,0.49566901828882853,0.44543736966087644,2.766456665114291e-18,0.45,0.4506689410735059,0.44993737795103433,2.7730021766165624e-18,0.45000142664153026,0.6305892789984934,49.95402939461215,49.9080587892243,49.86995592003679,49.80997814159138,49.867652910347175,49.75000036314597,49.86534990065755
883.0,0.0,0.45,0.4500000099460112,3.3336411552427877e-18,5.089396238291268e-17,2.7746183620131573e-18,2.7724568429793225e-18,0.49566901828882864,9.717264082048022e-09,0.4956690182888285,1.6619160631140714e-19,0.4506689410735059,0.4500014266415303,0.4506689410735059,1.6638797165647532e-19,0.45,0.4956690182888285,0.44543736966087644,2.766456665114291e-18,0.45,0.4506689410735059,0.44993737795103433,2.7730021766165624e-18,0.4500014266415303,0.6305892789984935,49.95402939461215,49.9080587892243,49.86995592003679,49.80997814159138,49.867652910347175,49.75000036314597,49.86534990065755
884.0,0.0,0.45,0.4500000099460112,3.3336411552427877e-18,5.089396238291268e-17,2.7746183620131573e-18,2.7724568429793225e-18,0.49566901828882864,9.717264082070587e-09,0.4956690182888284,1.6619160631140714e-19,0.4506689410735059,0.4500014266415303,0.4506689410735059,1.6638797165647532e-19,0.45,0.4956690182888284,0.44543736966087644,2.766456665114291e-18,0.45,0.4506689410735059,0.44993737795103433,2.7730021766165624e-18,0.4500014266415303,0.6305892789984935,49.95402939461215,49.9080587892243,49.86995592003679,49.80997814159138,49.867652910347175,49.75000036314597,49.86534990065755
885.0,0.0,0.45,0.4500000099460112,3.3336411552427873e-18,5.089396238291268e-17,2.7746183620131573e-18,2.7724568429793225e-18,0.4956690182888287,9.717264082075342e-09,0.49566901828882853,1.6619160631140714e-19,0.4506689410735059,0.4500014266415303,0.4506689410735059,1.6638797165647532e-19,0.45,0.49566901828882853,0.4454373696608765,2.766456665114291e-18,0.45,0.4506689410735059,0.44993737795103433,2.7730021766165624e-18,0.4500014266415303,0.6305892789984935,49.95402939461215,49.9080587892243,49.86995592003679,49.80997814159138,49.867652910347175,49.75000036314597,49.86534990065755
886.0,0.0,0.45,0.4500000099460112,3.333641155242787e-18,5.089396238291268e-17,2.7746183620131573e-18,2.7724568429793225e-18,0.4956690182888287,9.717264082074583e-09,0.4956690182888286,1.6619160631140714e-19,0.4506689410735059,0.4500014266415303,0.4506689410735059,1.663879716564753e-19,0.45,0.4956690182888286,0.4454373696608765,2.766456665114291e-18,0.45,0.4506689410735059,0.4499373779510343,2.7730021766165624e-18,0.4500014266415303,0.6305892789984935,49.95402939461214,49.9080587892243,49.86995592003679,49.80997814159138,49.86765291034716,49.75000036314597,49.86534990065755
887.0,0.0,0.45,0.4500000099460112,3.3336411552427873e-18,5.089396238291268e-17,2.7746183620131573e-18,2.7724568429793225e-18,0.4956690182888287,9.717264082086334e-09,0.49566901828882853,1.6619160631140714e-19,0.4506689410735059,0.4500014266415303,0.4506689410735059,1.663879716564753e-19,0.45,0.49566901828882853,0.4454373696608765,2.766456665114291e-18,0.45,0.4506689410735059,0.44993737795103433,2.7730021766165624e-18,0.4500014266415303,0.6305892789984935,49.95402939461215,49.9080587892243,49.86995592003679,49.80997814159138,49.86765291034716,49.75000036314597,49.86534990065755
888.0,0.0,0.45,0.4500000099460112,3.3336411552427873e-18,5.089396238291268e-17,2.7746183620131573e-18,2.7724568429793225e-18,0.49566901828882864,9.717264082105847e-09,0.4956690182888285,1.6619160631140714e-19,0.4506689410735059,0.4500014266415303,0.4506689410735059,1.663879716564753e-19,0.45,0.4956690182888285,0.44543736966087644,2.766456665114291e-18,0.45,0.4506689410735059,0.44993737795103433,2.7730021766165624e-18,0.4500014266415303,0.6305892789984935,49.95402939461215,49.9080587892243,49.86995592003679,49.80997814159138,49.86765291034716,49.75000036314597,49.86534990065755
889.0,0.0,0.45,0.4500000099460112,3.3336411552427877e-18,5.0893962382912674e-17,2.7746183620131573e-18,2.7724568429793225e-18,0.4956690182888286,9.717264082128377e-09,0.4956690182888285,1.6619160631140714e-19,0.4506689410735059,0.45000142664153026,0.4506689410735059,1.6638797165647527e-19,0.45,0.4956690182888285,0.44543736966087644,2.766456665114291e-18,0.45,0.4506689410735059,0.44993737795103433,2.7730021766165624e-18,0.45000142664153026,0.6305892789984934,49.95402939461215,49.9080587892243,49.86995592003679,49.80997814159138,49.867652910347154,49.75000036314597,49.86534990065755
890.0,0.0,0.45,0.4500000099460112,3.3336411552427873e-18,5.089396238291268e-17,2.7746183620131573e-18,2.7724568429793225e-18,0.4956690182888287,9.717264082133086e-09,0.49566901828882853,1.6619160631140714e-19,0.4506689410735059,0.4500014266415303,0.4506689410735059,1.6638797165647527e-19,0.45,0.49566901828882853,0.44543736966087644,2.766456665114291e-18,0.45,0.4506689410735059,0.44993737795103433,2.7730021766165624e-18,0.4500014266415303,0.6305892789984935,49.95402939461215,49.9080587892243,49.86995592003679,49.80997814159138,49.867652910347154,49.75000036314597,49.86534990065755
891.0,0.0,0.45,0.4500000099460112,3.3336411552427873e-18,5.0893962382912686e-17,2.7746183620131573e-18,2.7724568429793225e-18,0.49566901828882876,9.717264082132303e-09,0.4956690182888286,1.6619160631140714e-19,0.4506689410735059,0.45000142664153037,0.4506689410735059,1.663879716564753e-19,0.45,0.4956690182888286,0.44543736966087644,2.766456665114291e-18,0.45,0.4506689410735059,0.44993737795103433,2.7730021766165624e-18,0.45000142664153037,0.6305892789984936,49.95402939461215,49.9080587892243,49.86995592003679,49.80997814159138,49.86765291034716,49.75000036314597,49.86534990065755
892.0,0.0,0.45,0.4500000099460112,3.3336411552427873e-18,5.0893962382912686e-17,2.7746183620131573e-18,2.7724568429793225e-18,0.4956690182888287,9.717264082144028e-09,0.49566901828882853,1.6619160631140714e-19,0.4506689410735059,0.45000142664153037,0.4506689410735059,1.6638797165647532e-19,0.45,0.49566901828882853,0.44543736966087644,2.766456665114291e-18,0.45,0.4506689410735059,0.44993737795103433,2.7730021766165624e-18,0.45000142664153037,0.6305892789984936,49.95402939461215,49.9080587892243,49.86995592003679,49.80997814159138,49.867652910347175,49.75000036314597,49.86534990065755
893.0,0.0,0.45,0.4500000099460112,3.3336411552427877e-18,5.089396238291268e-17,2.7746183620131573e-18,2.7724568429793225e-18,0.49566901828882864,9.717264082163538e-09,0.4956690182888285,1.6619160631140714e-19,0.4506689410735059,0.4500014266415303,0.4506689410735059,1.6638797165647532e-19,0.45,0.4956690182888285,0.44543736966087644,2.766456665114291e-18,0.45,0.4506689410735059,0.44993737795103433,2.7730021766165624e-18,0.4500014266415303,0.6305892789984935,49.95402939461215,49.9080587892243,49.86995592003679,49.80997814159138,49.867652910347175,49.75000036314597,49.86534990065755
894.0,0.0,0.45,0.4500000099460112,3.3336411552427877e-18,5.089396238291268e-17,2.7746183620131573e-18,2.7724568429793225e-18,0.49566901828882864,9.717264082186103e-09,0.4956690182888284,1.6619160631140714e-19,0.4506689410735059,0.4500014266415303,0.4506689410735059,1.6638797165647532e-19,0.45,0.4956690182888284,0.44543736966087644,2.766456665114291e-18,0.45,0.4506689410735059,0.44993737795103433,2.7730021766165624e-18,0.4500014266415303,0.6305892789984935,49.95402939461215,49.9080587892243,49.86995592003679,49.80997814159138,49.867652910347175,49.75000036314597,49.86534990065755
895.0,0.0,0.45,0.4500000099460112,3.3336411552427873e-18,5.089396238291268e-17,2.7746183620131573e-18,2.7724568429793225e-18,0.4956690182888287,9.717264082190858e-09,0.49566901828882853,1.6619160631140714e-19,0.4506689410735059,0.4500014266415303,0.4506689410735059,1.6638797165647532e-19,0.45,0.49566901828882853,0.4454373696608765,2.766456665114291e-18,0.45,0.4506689410735059,0.44993737795103433,2.7730021766165624e-18,0.4500014266415303,0.6305892789984935,49.95402939461215,49.9080587892243,49.86995592003679,49.80997814159138,49.867652910347175,49.75000036314597,49.86534990065755
896.0,0.0,0.45,0.4500000099460112,3.3336411552427873e-18,5.0893962382912686e-17,2.7746183620131573e-18,2.7724568429793225e-18,0.4956690182888287,9.717264082190098e-09,0.4956690182888286,1.6619160631140714e-19,0.4506689410735059,0.45000142664153037,0.4506689410735059,1.6638797165647532e-19,0.45,0.4956690182888286,0.4454373696608765,2.766456665114291e-18,0.45,0.4506689410735059,0.44993737795103433,2.7730021766165624e-18,0.45000142664153037,0.6305892789984936,49.95402939461215,49.9080587892243,49.86995592003679,49.80997814159138,49.867652910347175,49.75000036314597,49.86534990065755
897.0,0.0,0.45,0.4500000099460112,3.3336411552427877e-18,5.089396238291268e-17,2.7746183620131573e-18,2.7724568429793225e-18,0.4956690182888287,9.71726408220185e-09,0.49566901828882853,1.6619160631140714e-19,0.4506689410735059,0.4500014266415303,0.4506689410735059,1.6638797165647532e-19,0.45,0.49566901828882853,0.4454373696608765,2.766456665114291e-18,0.45,0.4506689410735059,0.44993737795103433,2.7730021766165624e-18,0.4500014266415303,0.6305892789984935,49.95402939461215,49.9080587892243,49.86995592003679,49.80997814159138,49.867652910347175,49.75000036314597,49.86534990065755
898.0,0.0,0.45,0.4500000099460112,3.3336411552427877e-18,5.089396238291268e-17,2.7746183620131573e-18,2.7724568429793225e-18,0.49566901828882864,9.717264082221362e-09,0.4956690182888285,1.6619160631140714e-19,0.4506689410735059,0.4500014266415303,0.4506689410735059,1.6638797165647532e-19,0.45,0.4956690182888285,0.44543736966087644,2.766456665114291e-18,0.45,0.4506689410735059,0.44993737795103433,2.7730021766165624e-18,0.4500014266415303,0.6305892789984935,49.95402939461215,49.9080587892243,49.86995592003679,49.80997814159138,49.867652910347175,49.75000036314597,49.86534990065755
899.0,0.0,0.45,0.4500000099460112,3.3336411552427873e-18,5.089396238291268e-17,2.7746183620131573e-18,2.7724568429793225e-18,0.4956690182888286,9.717264082243893e-09,0.4956690182888285,1.6619160631140714e-19,0.4506689410735059,0.4500014266415303,0.4506689410735059,1.6638797165647532e-19,0.45,0.4956690182888285,0.44543736966087644,2.766456665114291e-18,0.45,0.4506689410735059,0.44993737795103433,2.7730021766165624e-18,0.4500014266415303,0.6305892789984935,49.95402939461215,49.9080587892243,49.86995592003679,49.80997814159138,49.867652910347175,49.75000036314597,49.86534990065755
900.0,0.0,0.45,0.4500000099460112,3.3336411552427873e-18,5.0893962382912674e-17,2.7746183620131573e-18,2.7724568429793225e-18,0.4956690182888287,9.717264082248602e-09,0.49566901828882853,1.6619160631140714e-19,0.4506689410735059,0.45000142664153026,0.4506689410735059,1.663879716564753e-19,0.45,0.49566901828882853,0.44543736966087644,2.766456665114291e-18,0.45,0.4506689410735059,0.44993737795103433,2.7730021766165624e-18,0.45000142664153026,0.6305892789984934,49.95402939461215,49.9080587892243,49.86995592003679,49.80997814159138,49.86765291034716,49.75000036314597,49.86534990065755
901.0,0.0,0.45,0.4500000099460112,3.3336411552427873e-18,5.0893962382912674e-17,2.7746183620131573e-18,2.7724568429793225e-18,0.49566901828882876,9.717264082247819e-09,0.4956690182888286,1.6619160631140714e-19,0.4506689410735059,0.45000142664153026,0.4506689410735059,1.6638797165647527e-19,0.45,0.4956690182888286,0.44543736966087644,2.766456665114291e-18,0.45,0.4506689410735059,0.44993737795103433,2.7730021766165624e-18,0.45000142664153026,0.6305892789984934,49.95402939461215,49.9080587892243,49.86995592003679,49.80997814159138,49.867652910347154,49.75000036314597,49.86534990065755
902.0,0.0,0.45,0.4500000099460112,3.3336411552427873e-18,5.0893962382912674e-17,2.7746183620131573e-18,2.7724568429793225e-18,0.4956690182888287,9.717264082259544e-09,0.49566901828882853,1.6619160631140714e-19,0.4506689410735059,0.45000142664153026,0.4506689410735059,1.6638797165647527e-19,0.45,0.49566901828882853,0.44543736966087644,2.766456665114291e-18,0.45,0.4506689410735059,0.44993737795103433,2.7730021766165624e-18,0.45000142664153026,0.6305892789984934,49.95402939461215,49.9080587892243,49.86995592003679,49.80997814159138,49.867652910347154,49.75000036314597,49.86534990065755
903.0,0.0,0.45,0.4500000099460112,3.3336411552427877e-18,5.089396238291268e-17,2.7746183620131573e-18,2.7724568429793225e-18,0.49566901828882864,9.717264082279053e-09,0.4956690182888285,1.6619160631140714e-19,0.4506689410735059,0.4500014266415303,0.4506689410735059,1.663879716564753e-19,0.45,0.4956690182888285,0.44543736966087644,2.766456665114291e-18,0.45,0.4506689410735059,0.44993737795103433,2.7730021766165624e-18,0.4500014266415303,0.6305892789984935,49.95402939461215,49.9080587892243,49.86995592003679,49.80997814159138,49.86765291034716,49.75000036314597,49.86534990065755
904.0,0.0,0.45,0.4500000099460112,3.3336411552427877e-18,5.089396238291268e-17,2.7746183620131573e-18,2.7724568429793225e-18,0.49566901828882864,9.717264082301619e-09,0.4956690182888284,1.6619160631140714e-19,0.4506689410735059,0.4500014266415303,0.4506689410735059,1.663879716564753e-19,0.45,0.4956690182888284,0.44543736966087644,2.766456665114291e-18,0.45,0.4506689410735059,0.44993737795103433,2.7730021766165624e-18,0.4500014266415303,0.6305892789984935,49.95402939461215,49.9080587892243,49.86995592003679,49.80997814159138,49.86765291034716,49.75000036314597,49.86534990065755
905.0,0.0,0.45,0.4500000099460112,3.3336411552427877e-18,5.0893962382912674e-17,2.7746183620131573e-18,2.7724568429793225e-18,0.4956690182888287,9.717264082306374e-09,0.49566901828882853,1.6619160631140714e-19,0.4506689410735059,0.4500014266415303,0.4506689410735059,1.6638797165647527e-19,0.45,0.49566901828882853,0.4454373696608765,2.766456665114291e-18,0.45,0.4506689410735059,0.44993737795103433,2.7730021766165624e-18,0.45000142664153026,0.6305892789984934,49.95402939461215,49.9080587892243,49.86995592003679,49.80997814159138,49.867652910347154,49.75000036314597,49.86534990065755
906.0,0.0,0.45,0.4500000099460112,3.3336411552427877e-18,5.089396238291268e-17,2.7746183620131573e-18,2.7724568429793225e-18,0.4956690182888287,9.717264082305614e-09,0.4956690182888286,1.6619160631140714e-19,0.4506689410735059,0.4500014266415303,0.4506689410735059,1.663879716564753e-19,0.45,0.4956690182888286,0.4454373696608765,2.766456665114291e-18,0.45,0.4506689410735059,0.44993737795103433,2.7730021766165624e-18,0.4500014266415303,0.6305892789984935,49.95402939461215,49.9080587892243,49.86995592003679,49.80997814159138,49.86765291034716,49.75000036314597,49.86534990065755
907.0,0.0,0.45,0.4500000099460112,3.3336411552427873e-18,5.089396238291268e-17,2.7746183620131573e-18,2.7724568429793225e-18,0.4956690182888287,9.717264082317365e-09,0.49566901828882853,1.6619160631140714e-19,0.4506689410735059,0.4500014266415303,0.4506689410735059,1.6638797165647532e-19,0.45,0.49566901828882853,0.4454373696608765,2.766456665114291e-18,0.45,0.4506689410735059,0.44993737795103433,2.7730021766165624e-18,0.4500014266415303,0.6305892789984935,49.95402939461215,49.9080587892243,49.86995592003679,49.80997814159138,49.867652910347175,49.75000036314597,49.86534990065755
908.0,0.0,0.45,0.4500000099460112,3.3336411552427873e-18,5.089396238291268e-17,2.7746183620131573e-18,2.7724568429793225e-18,0.49566901828882864,9.717264082336878e-09,0.4956690182888285,1.6619160631140714e-19,0.4506689410735059,0.4500014266415303,0.4506689410735059,1.6638797165647532e-19,0.45,0.4956690182888285,0.44543736966087644,2.766456665114291e-18,0.45,0.4506689410735059,0.44993737795103433,2.7730021766165624e-18,0.4500014266415303,0.6305892789984935,49.95402939461215,49.9080587892243,49.86995592003679,49.80997814159138,49.867652910347175,49.75000036314597,49.86534990065755
909.0,0.0,0.45,0.4500000099460112,3.3336411552427873e-18,5.089396238291268e-17,2.7746183620131573e-18,2.7724568429793225e-18,0.4956690182888286,9.717264082359409e-09,0.4956690182888285,1.6619160631140714e-19,0.4506689410735059,0.4500014266415303,0.4506689410735059,1.663879716564753e-19,0.45,0.4956690182888285,0.44543736966087644,2.766456665114291e-18,0.45,0.4506689410735059,0.44993737795103433,2.7730021766165624e-18,0.4500014266415303,0.6305892789984935,49.95402939461215,49.9080587892243,49.86995592003679,49.80997814159138,49.86765291034716,49.75000036314597,49.86534990065755
910.0,0.0,0.45,0.4500000099460112,3.3336411552427877e-18,5.089396238291268e-17,2.7746183620131573e-18,2.7724568429793225e-18,0.4956690182888287,9.717264082364117e-09,0.49566901828882853,1.6619160631140714e-19,0.4506689410735059,0.4500014266415303,0.4506689410735059,1.6638797165647527e-19,0.45,0.49566901828882853,0.44543736966087644,2.766456665114291e-18,0.45,0.4506689410735059,0.44993737795103433,2.7730021766165624e-18,0.4500014266415303,0.6305892789984935,49.95402939461215,49.9080587892243,49.86995592003679,49.80997814159138,49.867652910347154,49.75000036314597,49.86534990065755
911.0,0.0,0.45,0.4500000099460112,3.3336411552427877e-18,5.089396238291268e-17,2.7746183620131573e-18,2.7724568429793225e-18,0.49566901828882876,9.717264082363335e-09,0.4956690182888286,1.6619160631140714e-19,0.4506689410735059,0.4500014266415303,0.4506689410735059,1.663879716564753e-19,0.45,0.4956690182888286,0.44543736966087644,2.766456665114291e-18,0.45,0.4506689410735059,0.44993737795103433,2.7730021766165624e-18,0.4500014266415303,0.6305892789984935,49.95402939461215,49.9080587892243,49.86995592003679,49.80997814159138,49.86765291034716,49.75000036314597,49.86534990065755
912.0,0.0,0.45,0.4500000099460112,3.3336411552427877e-18,5.089396238291268e-17,2.7746183620131573e-18,2.7724568429793225e-18,0.4956690182888287,9.71726408237506e-09,0.49566901828882853,1.6619160631140714e-19,0.4506689410735059,0.4500014266415303,0.4506689410735059,1.6638797165647532e-19,0.45,0.49566901828882853,0.44543736966087644,2.766456665114291e-18,0.45,0.4506689410735059,0.44993737795103433,2.7730021766165624e-18,0.4500014266415303,0.6305892789984935,49.95402939461215,49.9080587892243,49.86995592003679,49.80997814159138,49.867652910347175,49.75000036314597,49.86534990065755
913.0,0.0,0.45,0.4500000099460112,3.3336411552427873e-18,5.089396238291268e-17,2.7746183620131573e-18,2.7724568429793225e-18,0.49566901828882864,9.717264082394569e-09,0.4956690182888285,1.6619160631140714e-19,0.4506689410735059,0.4500014266415303,0.4506689410735059,1.6638797165647532e-19,0.45,0.4956690182888285,0.44543736966087644,2.766456665114291e-18,0.45,0.4506689410735059,0.44993737795103433,2.7730021766165624e-18,0.4500014266415303,0.6305892789984935,49.95402939461215,49.9080587892243,49.86995592003679,49.80997814159138,49.867652910347175,49.75000036314597,49.86534990065755
914.0,0.0,0.45,0.4500000099460112,3.3336411552427873e-18,5.089396238291268e-17,2.7746183620131573e-18,2.7724568429793225e-18,0.49566901828882864,9.717264082417135e-09,0.4956690182888284,1.6619160631140714e-19,0.4506689410735059,0.4500014266415303,0.4506689410735059,1.6638797165647532e-19,0.45,0.4956690182888284,0.44543736966087644,2.766456665114291e-18,0.45,0.4506689410735059,0.44993737795103433,2.7730021766165624e-18,0.4500014266415303,0.6305892789984935,49.95402939461215,49.9080587892243,49.86995592003679,49.80997814159138,49.867652910347175,49.75000036314597,49.86534990065755
915.0,0.0,0.45,0.4500000099460112,3.3336411552427877e-18,5.0893962382912674e-17,2.7746183620131573e-18,2.7724568429793225e-18,0.4956690182888287,9.71726408242189e-09,0.49566901828882853,1.6619160631140714e-19,0.4506689410735059,0.45000142664153026,0.4506689410735059,1.6638797165647532e-19,0.45,0.49566901828882853,0.4454373696608765,2.766456665114291e-18,0.45,0.4506689410735059,0.44993737795103433,2.7730021766165624e-18,0.45000142664153026,0.6305892789984934,49.95402939461215,49.9080587892243,49.86995592003679,49.80997814159138,49.867652910347175,49.75000036314597,49.86534990065755
916.0,0.0,0.45,0.4500000099460112,3.3336411552427873e-18,5.0893962382912674e-17,2.7746183620131573e-18,2.7724568429793225e-18,0.4956690182888287,9.71726408242113e-09,0.4956690182888286,1.6619160631140714e-19,0.4506689410735059,0.45000142664153026,0.4506689410735059,1.663879716564753e-19,0.45,0.4956690182888286,0.4454373696608765,2.766456665114291e-18,0.45,0.4506689410735059,0.44993737795103433,2.7730021766165624e-18,0.45000142664153026,0.6305892789984934,49.95402939461215,49.9080587892243,49.86995592003679,49.80997814159138,49.86765291034716,49.75000036314597,49.86534990065755
917.0,0.0,0.45,0.4500000099460112,3.3336411552427873e-18,5.089396238291268e-17,2.7746183620131573e-18,2.7724568429793225e-18,0.4956690182888287,9.717264082432881e-09,0.49566901828882853,1.6619160631140714e-19,0.4506689410735059,0.45000142664153026,0.4506689410735059,1.663879716564753e-19,0.45,0.49566901828882853,0.4454373696608765,2.766456665114291e-18,0.45,0.4506689410735059,0.44993737795103433,2.7730021766165624e-18,0.4500014266415303,0.6305892789984935,49.95402939461215,49.9080587892243,49.86995592003679,49.80997814159138,49.86765291034716,49.75000036314597,49.86534990065755
918.0,0.0,0.45,0.4500000099460112,3.3336411552427873e-18,5.089396238291268e-17,2.7746183620131573e-18,2.7724568429793225e-18,0.49566901828882864,9.717264082452394e-09,0.4956690182888285,1.6619160631140714e-19,0.4506689410735059,0.45000142664153026,0.4506689410735059,1.663879716564753e-19,0.45,0.4956690182888285,0.44543736966087644,2.766456665114291e-18,0.45,0.4506689410735059,0.44993737795103433,2.7730021766165624e-18,0.4500014266415303,0.6305892789984935,49.95402939461215,49.9080587892243,49.86995592003679,49.80997814159138,49.86765291034716,49.75000036314597,49.86534990065755
919.0,0.0,0.45,0.4500000099460112,3.3336411552427873e-18,5.089396238291268e-17,2.7746183620131573e-18,2.7724568429793225e-18,0.4956690182888286,9.717264082474925e-09,0.4956690182888285,1.6619160631140714e-19,0.4506689410735059,0.45000142664153026,0.4506689410735059,1.6638797165647527e-19,0.45,0.4956690182888285,0.44543736966087644,2.766456665114291e-18,0.45,0.4506689410735059,0.44993737795103433,2.7730021766165624e-18,0.4500014266415303,0.6305892789984935,49.95402939461215,49.9080587892243,49.86995592003679,49.80997814159138,49.867652910347154,49.75000036314597,49.86534990065755
920.0,0.0,0.45,0.4500000099460112,3.3336411552427873e-18,5.089396238291268e-17,2.7746183620131573e-18,2.7724568429793225e-18,0.4956690182888287,9.717264082479633e-09,0.49566901828882853,1.6619160631140714e-19,0.4506689410735059,0.4500014266415303,0.4506689410735059,1.6638797165647527e-19,0.45,0.49566901828882853,0.44543736966087644,2.766456665114291e-18,0.45,0.4506689410735059,0.44993737795103433,2.7730021766165624e-18,0.4500014266415303,0.6305892789984935,49.95402939461215,49.9080587892243,49.86995592003679,49.80997814159138,49.867652910347154,49.75000036314597,49.86534990065755
921.0,0.0,0.45,0.4500000099460112,3.3336411552427873e-18,5.089396238291268e-17,2.7746183620131573e-18,2.7724568429793225e-18,0.49566901828882876,9.71726408247885e-09,0.4956690182888286,1.6619160631140714e-19,0.4506689410735059,0.4500014266415303,0.4506689410735059,1.663879716564753e-19,0.45,0.4956690182888286,0.44543736966087644,2.766456665114291e-18,0.45,0.4506689410735059,0.44993737795103433,2.7730021766165624e-18,0.4500014266415303,0.6305892789984935,49.95402939461215,49.9080587892243,49.86995592003679,49.80997814159138,49.86765291034716,49.75000036314597,49.86534990065755
922.0,0.0,0.45,0.4500000099460112,3.3336411552427873e-18,5.089396238291268e-17,2.7746183620131573e-18,2.7724568429793225e-18,0.4956690182888287,9.717264082490575e-09,0.49566901828882853,1.6619160631140714e-19,0.4506689410735059,0.4500014266415303,0.4506689410735059,1.6638797165647532e-19,0.45,0.49566901828882853,0.44543736966087644,2.766456665114291e-18,0.45,0.4506689410735059,0.44993737795103433,2.7730021766165624e-18,0.4500014266415303,0.6305892789984935,49.95402939461215,49.9080587892243,49.86995592003679,49.80997814159138,49.867652910347175,49.75000036314597,49.86534990065755
923.0,0.0,0.45,0.4500000099460112,3.3336411552427877e-18,5.089396238291268e-17,2.7746183620131573e-18,2.7724568429793225e-18,0.49566901828882864,9.717264082510085e-09,0.4956690182888285,1.6619160631140714e-19,0.4506689410735059,0.45000142664153026,0.4506689410735059,1.6638797165647532e-19,0.45,0.4956690182888285,0.44543736966087644,2.766456665114291e-18,0.45,0.4506689410735059,0.44993737795103433,2.7730021766165624e-18,0.4500014266415303,0.6305892789984935,49.95402939461215,49.9080587892243,49.86995592003679,49.80997814159138,49.867652910347175,49.75000036314597,49.86534990065755
924.0,0.0,0.45,0.4500000099460112,3.3336411552427877e-18,5.089396238291268e-17,2.7746183620131573e-18,2.7724568429793225e-18,0.49566901828882864,9.71726408253265e-09,0.4956690182888284,1.6619160631140714e-19,0.4506689410735059,0.4500014266415303,0.4506689410735059,1.6638797165647532e-19,0.45,0.4956690182888284,0.44543736966087644,2.766456665114291e-18,0.45,0.4506689410735059,0.44993737795103433,2.7730021766165624e-18,0.4500014266415303,0.6305892789984935,49.95402939461215,49.9080587892243,49.86995592003679,49.80997814159138,49.867652910347175,49.75000036314597,49.86534990065755
925.0,0.0,0.45,0.4500000099460112,3.3336411552427873e-18,5.0893962382912686e-17,2.7746183620131573e-18,2.7724568429793225e-18,0.4956690182888287,9.717264082537405e-09,0.49566901828882853,1.6619160631140714e-19,0.4506689410735059,0.4500014266415303,0.4506689410735059,1.6638797165647532e-19,0.45,0.49566901828882853,0.4454373696608765,2.766456665114291e-18,0.45,0.4506689410735059,0.44993737795103433,2.7730021766165624e-18,0.45000142664153037,0.6305892789984936,49.95402939461215,49.9080587892243,49.86995592003679,49.80997814159138,49.867652910347175,49.75000036314597,49.86534990065755
926.0,0.0,0.45,0.4500000099460112,3.3336411552427873e-18,5.0893962382912686e-17,2.7746183620131573e-18,2.7724568429793225e-18,0.4956690182888287,9.717264082536646e-09,0.4956690182888286,1.6619160631140714e-19,0.45066894107350597,0.4500014266415303,0.45066894107350597,1.6638797165647532e-19,0.45,0.4956690182888286,0.4454373696608765,2.766456665114291e-18,0.45,0.45066894107350597,0.44993737795103433,2.7730021766165624e-18,0.45000142664153037,0.6305892789984936,49.95402939461215,49.9080587892243,49.86995592003679,49.80997814159138,49.867652910347175,49.75000036314597,49.86534990065755
927.0,0.0,0.45,0.4500000099460112,3.3336411552427873e-18,5.089396238291268e-17,2.7746183620131573e-18,2.7724568429793225e-18,0.4956690182888287,9.717264082548397e-09,0.49566901828882853,1.6619160631140714e-19,0.4506689410735059,0.4500014266415303,0.4506689410735059,1.6638797165647532e-19,0.45,0.49566901828882853,0.4454373696608765,2.766456665114291e-18,0.45,0.4506689410735059,0.44993737795103433,2.7730021766165624e-18,0.4500014266415303,0.6305892789984935,49.95402939461215,49.9080587892243,49.86995592003679,49.80997814159138,49.867652910347175,49.75000036314597,49.86534990065755
928.0,0.0,0.45,0.4500000099460112,3.3336411552427873e-18,5.0893962382912674e-17,2.7746183620131573e-18,2.7724568429793225e-18,0.49566901828882864,9.71726408256791e-09,0.4956690182888285,1.6619160631140714e-19,0.4506689410735059,0.4500014266415303,0.4506689410735059,1.6638797165647532e-19,0.45,0.4956690182888285,0.44543736966087644,2.766456665114291e-18,0.45,0.4506689410735059,0.44993737795103433,2.7730021766165624e-18,0.45000142664153026,0.6305892789984934,49.95402939461215,49.9080587892243,49.86995592003679,49.80997814159138,49.867652910347175,49.75000036314597,49.86534990065755
929.0,0.0,0.45,0.4500000099460112,3.3336411552427877e-18,5.0893962382912674e-17,2.7746183620131573e-18,2.7724568429793225e-18,0.4956690182888286,9.71726408259044e-09,0.4956690182888285,1.6619160631140714e-19,0.4506689410735059,0.4500014266415303,0.4506689410735059,1.6638797165647532e-19,0.45,0.4956690182888285,0.44543736966087644,2.766456665114291e-18,0.45,0.4506689410735059,0.44993737795103433,2.7730021766165624e-18,0.45000142664153026,0.6305892789984934,49.95402939461215,49.9080587892243,49.86995592003679,49.80997814159138,49.867652910347175,49.75000036314597,49.86534990065755
930.0,0.0,0.45,0.4500000099460112,3.3336411552427873e-18,5.089396238291268e-17,2.7746183620131573e-18,2.7724568429793225e-18,0.4956690182888287,9.717264082595149e-09,0.49566901828882853,1.6619160631140714e-19,0.4506689410735059,0.4500014266415303,0.4506689410735059,1.663879716564753e-19,0.45,0.49566901828882853,0.44543736966087644,2.766456665114291e-18,0.45,0.4506689410735059,0.44993737795103433,2.7730021766165624e-18,0.4500014266415303,0.6305892789984935,49.95402939461215,49.9080587892243,49.86995592003679,49.80997814159138,49.86765291034716,49.75000036314597,49.86534990065755
931.0,0.0,0.45,0.4500000099460112,3.3336411552427873e-18,5.089396238291268e-17,2.7746183620131573e-18,2.7724568429793225e-18,0.49566901828882876,9.717264082594366e-09,0.4956690182888286,1.6619160631140714e-19,0.4506689410735059,0.4500014266415303,0.4506689410735059,1.6638797165647527e-19,0.45,0.4956690182888286,0.44543736966087644,2.766456665114291e-18,0.45,0.4506689410735059,0.44993737795103433,2.7730021766165624e-18,0.4500014266415303,0.6305892789984935,49.95402939461215,49.9080587892243,49.86995592003679,49.80997814159138,49.867652910347154,49.75000036314597,49.86534990065755
932.0,0.0,0.45,0.4500000099460112,3.3336411552427873e-18,5.089396238291268e-17,2.7746183620131573e-18,2.7724568429793225e-18,0.4956690182888287,9.71726408260609e-09,0.49566901828882853,1.6619160631140714e-19,0.4506689410735059,0.4500014266415303,0.4506689410735059,1.6638797165647527e-19,0.45,0.49566901828882853,0.44543736966087644,2.766456665114291e-18,0.45,0.4506689410735059,0.44993737795103433,2.7730021766165624e-18,0.4500014266415303,0.6305892789984935,49.95402939461215,49.9080587892243,49.86995592003679,49.80997814159138,49.867652910347154,49.75000036314597,49.86534990065755
933.0,0.0,0.45,0.4500000099460112,3.3336411552427873e-18,5.089396238291268e-17,2.7746183620131573e-18,2.7724568429793225e-18,0.49566901828882864,9.7172640826256e-09,0.4956690182888285,1.6619160631140714e-19,0.4506689410735059,0.45000142664153037,0.4506689410735059,1.663879716564753e-19,0.45,0.4956690182888285,0.44543736966087644,2.766456665114291e-18,0.45,0.4506689410735059,0.44993737795103433,2.7730021766165624e-18,0.4500014266415303,0.6305892789984935,49.95402939461215,49.9080587892243,49.86995592003679,49.80997814159138,49.86765291034716,49.75000036314597,49.86534990065755
934.0,0.0,0.45,0.4500000099460112,3.3336411552427873e-18,5.089396238291268e-17,2.7746183620131573e-18,2.7724568429793225e-18,0.49566901828882864,9.717264082648166e-09,0.4956690182888284,1.6619160631140714e-19,0.4506689410735059,0.4500014266415303,0.4506689410735059,1.663879716564753e-19,0.45,0.4956690182888284,0.44543736966087644,2.766456665114291e-18,0.45,0.4506689410735059,0.44993737795103433,2.7730021766165624e-18,0.4500014266415303,0.6305892789984935,49.95402939461215,49.9080587892243,49.86995592003679,49.80997814159138,49.86765291034716,49.75000036314597,49.86534990065755
935.0,0.0,0.45,0.4500000099460112,3.3336411552427873e-18,5.089396238291268e-17,2.7746183620131573e-18,2.7724568429793225e-18,0.4956690182888287,9.71726408265292e-09,0.49566901828882853,1.6619160631140714e-19,0.4506689410735059,0.4500014266415303,0.4506689410735059,1.6638797165647527e-19,0.45,0.49566901828882853,0.4454373696608765,2.766456665114291e-18,0.45,0.4506689410735059,0.44993737795103433,2.7730021766165624e-18,0.4500014266415303,0.6305892789984935,49.95402939461215,49.9080587892243,49.86995592003679,49.80997814159138,49.867652910347154,49.75000036314597,49.86534990065755
936.0,0.0,0.45,0.4500000099460112,3.3336411552427873e-18,5.089396238291268e-17,2.7746183620131573e-18,2.7724568429793225e-18,0.4956690182888287,9.717264082652161e-09,0.4956690182888286,1.6619160631140714e-19,0.4506689410735059,0.4500014266415303,0.4506689410735059,1.663879716564753e-19,0.45,0.4956690182888286,0.4454373696608765,2.766456665114291e-18,0.45,0.4506689410735059,0.44993737795103433,2.7730021766165624e-18,0.4500014266415303,0.6305892789984935,49.95402939461215,49.9080587892243,49.86995592003679,49.80997814159138,49.86765291034716,49.75000036314597,49.86534990065755
937.0,0.0,0.45,0.4500000099460112,3.3336411552427873e-18,5.089396238291268e-17,2.7746183620131573e-18,2.7724568429793225e-18,0.4956690182888287,9.717264082663912e-09,0.49566901828882853,1.6619160631140714e-19,0.4506689410735059,0.4500014266415303,0.4506689410735059,1.6638797165647532e-19,0.45,0.49566901828882853,0.4454373696608765,2.766456665114291e-18,0.45,0.4506689410735059,0.44993737795103433,2.7730021766165624e-18,0.4500014266415303,0.6305892789984935,49.95402939461215,49.9080587892243,49.86995592003679,49.80997814159138,49.867652910347175,49.75000036314597,49.86534990065755
938.0,0.0,0.45,0.4500000099460112,3.3336411552427877e-18,5.089396238291268e-17,2.7746183620131573e-18,2.7724568429793225e-18,0.49566901828882864,9.717264082683426e-09,0.4956690182888285,1.6619160631140714e-19,0.4506689410735059,0.4500014266415303,0.4506689410735059,1.6638797165647532e-19,0.45,0.4956690182888285,0.44543736966087644,2.766456665114291e-18,0.45,0.4506689410735059,0.4499373779510344,2.7730021766165624e-18,0.4500014266415303,0.6305892789984935,49.95402939461215,49.9080587892243,49.86995592003679,49.80997814159138,49.867652910347175,49.75000036314597,49.86534990065755
939.0,0.0,0.45,0.4500000099460112,3.3336411552427877e-18,5.089396238291268e-17,2.7746183620131573e-18,2.7724568429793225e-18,0.4956690182888286,9.717264082705956e-09,0.4956690182888285,1.6619160631140714e-19,0.4506689410735059,0.4500014266415303,0.4506689410735059,1.663879716564753e-19,0.45,0.4956690182888285,0.44543736966087644,2.766456665114291e-18,0.45,0.4506689410735059,0.44993737795103433,2.7730021766165624e-18,0.4500014266415303,0.6305892789984935,49.95402939461215,49.9080587892243,49.86995592003679,49.80997814159138,49.86765291034716,49.75000036314597,49.86534990065755
940.0,0.0,0.45,0.4500000099460112,3.3336411552427873e-18,5.0893962382912674e-17,2.7746183620131573e-18,2.7724568429793225e-18,0.4956690182888287,9.717264082710665e-09,0.49566901828882853,1.6619160631140714e-19,0.4506689410735059,0.45000142664153026,0.4506689410735059,1.6638797165647527e-19,0.45,0.49566901828882853,0.44543736966087644,2.766456665114291e-18,0.45,0.4506689410735059,0.44993737795103433,2.7730021766165624e-18,0.45000142664153026,0.6305892789984934,49.95402939461215,49.9080587892243,49.86995592003679,49.80997814159138,49.867652910347154,49.75000036314597,49.86534990065755
941.0,0.0,0.45,0.4500000099460112,3.333641155242787e-18,5.0893962382912674e-17,2.7746183620131573e-18,2.7724568429793225e-18,0.49566901828882876,9.717264082709882e-09,0.4956690182888286,1.6619160631140714e-19,0.4506689410735059,0.45000142664153026,0.4506689410735059,1.663879716564753e-19,0.45,0.4956690182888286,0.44543736966087644,2.766456665114291e-18,0.45,0.4506689410735059,0.44993737795103433,2.7730021766165624e-18,0.45000142664153026,0.6305892789984934,49.95402939461214,49.9080587892243,49.86995592003679,49.80997814159138,49.86765291034716,49.75000036314597,49.86534990065755
942.0,0.0,0.45,0.4500000099460112,3.3336411552427873e-18,5.089396238291268e-17,2.7746183620131573e-18,2.7724568429793225e-18,0.4956690182888287,9.717264082721607e-09,0.49566901828882853,1.6619160631140714e-19,0.4506689410735059,0.45000142664153026,0.4506689410735059,1.6638797165647532e-19,0.45,0.49566901828882853,0.44543736966087644,2.766456665114291e-18,0.45,0.4506689410735059,0.44993737795103433,2.7730021766165624e-18,0.4500014266415303,0.6305892789984935,49.95402939461215,49.9080587892243,49.86995592003679,49.80997814159138,49.867652910347175,49.75000036314597,49.86534990065755
943.0,0.0,0.45,0.4500000099460112,3.3336411552427873e-18,5.0893962382912686e-17,2.7746183620131573e-18,2.7724568429793225e-18,0.49566901828882864,9.717264082741116e-09,0.4956690182888285,1.6619160631140714e-19,0.4506689410735059,0.4500014266415303,0.4506689410735059,1.6638797165647532e-19,0.45,0.4956690182888285,0.44543736966087644,2.766456665114291e-18,0.45,0.4506689410735059,0.44993737795103433,2.7730021766165624e-18,0.45000142664153037,0.6305892789984936,49.95402939461215,49.9080587892243,49.86995592003679,49.80997814159138,49.867652910347175,49.75000036314597,49.86534990065755
944.0,0.0,0.45,0.4500000099460112,3.3336411552427877e-18,5.089396238291268e-17,2.7746183620131573e-18,2.7724568429793225e-18,0.49566901828882864,9.717264082763682e-09,0.4956690182888284,1.6619160631140714e-19,0.4506689410735059,0.4500014266415303,0.4506689410735059,1.6638797165647532e-19,0.45,0.4956690182888284,0.44543736966087644,2.766456665114291e-18,0.45,0.4506689410735059,0.44993737795103433,2.7730021766165624e-18,0.4500014266415303,0.6305892789984935,49.95402939461215,49.9080587892243,49.86995592003679,49.80997814159138,49.867652910347175,49.75000036314597,49.86534990065755
945.0,0.0,0.45,0.4500000099460112,3.3336411552427873e-18,5.089396238291268e-17,2.7746183620131573e-18,2.7724568429793225e-18,0.4956690182888287,9.717264082768437e-09,0.49566901828882853,1.6619160631140714e-19,0.4506689410735059,0.4500014266415303,0.4506689410735059,1.6638797165647532e-19,0.45,0.49566901828882853,0.4454373696608765,2.766456665114291e-18,0.45,0.4506689410735059,0.44993737795103433,2.7730021766165624e-18,0.4500014266415303,0.6305892789984935,49.95402939461215,49.9080587892243,49.86995592003679,49.80997814159138,49.867652910347175,49.75000036314597,49.86534990065755
946.0,0.0,0.45,0.4500000099460112,3.3336411552427873e-18,5.089396238291268e-17,2.7746183620131573e-18,2.7724568429793225e-18,0.4956690182888287,9.717264082767677e-09,0.4956690182888286,1.6619160631140714e-19,0.4506689410735059,0.4500014266415303,0.4506689410735059,1.663879716564753e-19,0.45,0.4956690182888286,0.4454373696608765,2.766456665114291e-18,0.45,0.4506689410735059,0.44993737795103433,2.7730021766165624e-18,0.4500014266415303,0.6305892789984935,49.95402939461215,49.9080587892243,49.86995592003679,49.80997814159138,49.86765291034716,49.75000036314597,49.86534990065755
947.0,0.0,0.45,0.4500000099460112,3.3336411552427873e-18,5.089396238291268e-17,2.7746183620131573e-18,2.7724568429793225e-18,0.4956690182888287,9.717264082779428e-09,0.49566901828882853,1.6619160631140714e-19,0.4506689410735059,0.4500014266415303,0.4506689410735059,1.663879716564753e-19,0.45,0.49566901828882853,0.4454373696608765,2.766456665114291e-18,0.45,0.4506689410735059,0.44993737795103433,2.7730021766165624e-18,0.4500014266415303,0.6305892789984935,49.95402939461215,49.9080587892243,49.86995592003679,49.80997814159138,49.86765291034716,49.75000036314597,49.86534990065755
948.0,0.0,0.45,0.4500000099460112,3.3336411552427877e-18,5.089396238291268e-17,2.7746183620131573e-18,2.7724568429793225e-18,0.49566901828882864,9.717264082798941e-09,0.4956690182888285,1.6619160631140714e-19,0.4506689410735059,0.4500014266415303,0.4506689410735059,1.663879716564753e-19,0.45,0.4956690182888285,0.44543736966087644,2.766456665114291e-18,0.45,0.4506689410735059,0.44993737795103433,2.7730021766165624e-18,0.4500014266415303,0.6305892789984935,49.95402939461215,49.9080587892243,49.86995592003679,49.80997814159138,49.86765291034716,49.75000036314597,49.86534990065755
949.0,0.0,0.45,0.4500000099460112,3.3336411552427877e-18,5.089396238291268e-17,2.7746183620131573e-18,2.7724568429793225e-18,0.4956690182888286,9.717264082821472e-09,0.4956690182888285,1.6619160631140714e-19,0.4506689410735059,0.4500014266415303,0.4506689410735059,1.6638797165647527e-19,0.45,0.4956690182888285,0.44543736966087644,2.766456665114291e-18,0.45,0.4506689410735059,0.44993737795103433,2.7730021766165624e-18,0.4500014266415303,0.6305892789984935,49.95402939461215,49.9080587892243,49.86995592003679,49.80997814159138,49.867652910347154,49.75000036314597,49.86534990065755
950.0,0.0,0.45,0.4500000099460112,3.3336411552427873e-18,5.089396238291268e-17,2.7746183620131573e-18,2.7724568429793225e-18,0.4956690182888287,9.71726408282618e-09,0.49566901828882853,1.6619160631140714e-19,0.4506689410735059,0.4500014266415303,0.4506689410735059,1.6638797165647527e-19,0.45,0.49566901828882853,0.44543736966087644,2.766456665114291e-18,0.45,0.4506689410735059,0.44993737795103433,2.7730021766165624e-18,0.4500014266415303,0.6305892789984935,49.95402939461215,49.9080587892243,49.86995592003679,49.80997814159138,49.867652910347154,49.75000036314597,49.86534990065755
951.0,0.0,0.45,0.4500000099460112,3.3336411552427873e-18,5.0893962382912674e-17,2.7746183620131573e-18,2.7724568429793225e-18,0.49566901828882876,9.717264082825398e-09,0.4956690182888286,1.6619160631140714e-19,0.4506689410735059,0.45000142664153026,0.4506689410735059,1.663879716564753e-19,0.45,0.4956690182888286,0.44543736966087644,2.766456665114291e-18,0.45,0.4506689410735059,0.44993737795103433,2.7730021766165624e-18,0.45000142664153026,0.6305892789984934,49.95402939461215,49.9080587892243,49.86995592003679,49.80997814159138,49.86765291034716,49.75000036314597,49.86534990065755
952.0,0.0,0.45,0.4500000099460112,3.3336411552427877e-18,5.0893962382912674e-17,2.7746183620131573e-18,2.7724568429793225e-18,0.4956690182888287,9.717264082837122e-09,0.49566901828882853,1.6619160631140714e-19,0.4506689410735059,0.4500014266415303,0.4506689410735059,1.6638797165647532e-19,0.45,0.49566901828882853,0.44543736966087644,2.766456665114291e-18,0.45,0.4506689410735059,0.44993737795103433,2.7730021766165624e-18,0.45000142664153026,0.6305892789984934,49.95402939461215,49.9080587892243,49.86995592003679,49.80997814159138,49.867652910347175,49.75000036314597,49.86534990065755
953.0,0.0,0.45,0.4500000099460112,3.3336411552427877e-18,5.0893962382912674e-17,2.7746183620131573e-18,2.7724568429793225e-18,0.49566901828882864,9.717264082856632e-09,0.4956690182888285,1.6619160631140714e-19,0.4506689410735059,0.4500014266415303,0.4506689410735059,1.6638797165647532e-19,0.45,0.4956690182888285,0.44543736966087644,2.766456665114291e-18,0.45,0.4506689410735059,0.44993737795103433,2.7730021766165624e-18,0.45000142664153026,0.6305892789984934,49.95402939461215,49.9080587892243,49.86995592003679,49.80997814159138,49.867652910347175,49.75000036314597,49.86534990065755
954.0,0.0,0.45,0.4500000099460112,3.3336411552427873e-18,5.089396238291268e-17,2.7746183620131573e-18,2.7724568429793225e-18,0.49566901828882864,9.717264082879198e-09,0.4956690182888284,1.6619160631140714e-19,0.4506689410735059,0.4500014266415303,0.4506689410735059,1.6638797165647532e-19,0.45,0.4956690182888284,0.44543736966087644,2.766456665114291e-18,0.45,0.4506689410735059,0.44993737795103433,2.7730021766165624e-18,0.4500014266415303,0.6305892789984935,49.95402939461215,49.9080587892243,49.86995592003679,49.80997814159138,49.867652910347175,49.75000036314597,49.86534990065755
955.0,0.0,0.45,0.4500000099460112,3.3336411552427873e-18,5.089396238291268e-17,2.7746183620131573e-18,2.7724568429793225e-18,0.4956690182888287,9.717264082883952e-09,0.49566901828882853,1.6619160631140714e-19,0.4506689410735059,0.4500014266415303,0.4506689410735059,1.6638797165647532e-19,0.45,0.49566901828882853,0.4454373696608765,2.766456665114291e-18,0.45,0.4506689410735059,0.44993737795103433,2.7730021766165624e-18,0.4500014266415303,0.6305892789984935,49.95402939461215,49.9080587892243,49.86995592003679,49.80997814159138,49.867652910347175,49.75000036314597,49.86534990065755
956.0,0.0,0.45,0.4500000099460112,3.3336411552427873e-18,5.089396238291268e-17,2.7746183620131573e-18,2.7724568429793225e-18,0.4956690182888287,9.717264082883193e-09,0.4956690182888286,1.6619160631140714e-19,0.4506689410735059,0.4500014266415303,0.4506689410735059,1.6638797165647532e-19,0.45,0.4956690182888286,0.4454373696608765,2.766456665114291e-18,0.45,0.4506689410735059,0.44993737795103433,2.7730021766165624e-18,0.4500014266415303,0.6305892789984935,49.95402939461215,49.9080587892243,49.86995592003679,49.80997814159138,49.867652910347175,49.75000036314597,49.86534990065755
957.0,0.0,0.45,0.4500000099460112,3.3336411552427873e-18,5.089396238291268e-17,2.7746183620131573e-18,2.7724568429793225e-18,0.4956690182888287,9.717264082894944e-09,0.49566901828882853,1.6619160631140714e-19,0.4506689410735059,0.4500014266415303,0.4506689410735059,1.6638797165647532e-19,0.45,0.49566901828882853,0.4454373696608765,2.766456665114291e-18,0.45,0.4506689410735059,0.44993737795103433,2.7730021766165624e-18,0.4500014266415303,0.6305892789984935,49.95402939461215,49.9080587892243,49.86995592003679,49.80997814159138,49.867652910347175,49.75000036314597,49.86534990065755
958.0,0.0,0.45,0.4500000099460112,3.3336411552427877e-18,5.0893962382912686e-17,2.7746183620131573e-18,2.7724568429793225e-18,0.49566901828882864,9.717264082914457e-09,0.4956690182888285,1.6619160631140714e-19,0.4506689410735059,0.4500014266415303,0.4506689410735059,1.6638797165647532e-19,0.45,0.4956690182888285,0.44543736966087644,2.766456665114291e-18,0.45,0.4506689410735059,0.44993737795103433,2.7730021766165624e-18,0.45000142664153037,0.6305892789984936,49.95402939461215,49.9080587892243,49.86995592003679,49.80997814159138,49.867652910347175,49.75000036314597,49.86534990065755
959.0,0.0,0.45,0.4500000099460112,3.3336411552427877e-18,5.089396238291268e-17,2.7746183620131573e-18,2.7724568429793225e-18,0.4956690182888286,9.717264082936988e-09,0.4956690182888285,1.6619160631140714e-19,0.4506689410735059,0.4500014266415303,0.4506689410735059,1.6638797165647532e-19,0.45,0.4956690182888285,0.44543736966087644,2.766456665114291e-18,0.45,0.4506689410735059,0.44993737795103433,2.7730021766165624e-18,0.4500014266415303,0.6305892789984935,49.95402939461215,49.9080587892243,49.86995592003679,49.80997814159138,49.867652910347175,49.75000036314597,49.86534990065755
960.0,0.0,0.45,0.4500000099460112,3.3336411552427877e-18,5.089396238291268e-17,2.7746183620131573e-18,2.7724568429793225e-18,0.4956690182888287,9.717264082941696e-09,0.49566901828882853,1.6619160631140714e-19,0.4506689410735059,0.4500014266415303,0.4506689410735059,1.663879716564753e-19,0.45,0.49566901828882853,0.44543736966087644,2.766456665114291e-18,0.45,0.4506689410735059,0.44993737795103433,2.7730021766165624e-18,0.4500014266415303,0.6305892789984935,49.95402939461215,49.9080587892243,49.86995592003679,49.80997814159138,49.86765291034716,49.75000036314597,49.86534990065755
961.0,0.0,0.45,0.4500000099460112,3.3336411552427877e-18,5.089396238291268e-17,2.7746183620131573e-18,2.7724568429793225e-18,0.49566901828882876,9.717264082940914e-09,0.4956690182888286,1.6619160631140714e-19,0.4506689410735059,0.4500014266415303,0.4506689410735059,1.6638797165647527e-19,0.45,0.4956690182888286,0.44543736966087644,2.766456665114291e-18,0.45,0.4506689410735059,0.44993737795103433,2.7730021766165624e-18,0.4500014266415303,0.6305892789984935,49.95402939461215,49.9080587892243,49.86995592003679,49.80997814159138,49.867652910347154,49.75000036314597,49.86534990065755
962.0,0.0,0.45,0.4500000099460112,3.3336411552427873e-18,5.089396238291268e-17,2.7746183620131573e-18,2.7724568429793225e-18,0.4956690182888287,9.717264082952638e-09,0.49566901828882853,1.6619160631140714e-19,0.4506689410735059,0.4500014266415303,0.4506689410735059,1.6638797165647527e-19,0.45,0.49566901828882853,0.44543736966087644,2.766456665114291e-18,0.45,0.4506689410735059,0.44993737795103433,2.7730021766165624e-18,0.4500014266415303,0.6305892789984935,49.95402939461215,49.9080587892243,49.86995592003679,49.80997814159138,49.867652910347154,49.75000036314597,49.86534990065755
963.0,0.0,0.45,0.4500000099460112,3.3336411552427873e-18,5.089396238291268e-17,2.7746183620131573e-18,2.7724568429793225e-18,0.49566901828882864,9.717264082972148e-09,0.4956690182888285,1.6619160631140714e-19,0.4506689410735059,0.4500014266415303,0.4506689410735059,1.663879716564753e-19,0.45,0.4956690182888285,0.44543736966087644,2.766456665114291e-18,0.45,0.4506689410735059,0.44993737795103433,2.7730021766165624e-18,0.4500014266415303,0.6305892789984935,49.95402939461215,49.9080587892243,49.86995592003679,49.80997814159138,49.86765291034716,49.75000036314597,49.86534990065755
964.0,0.0,0.45,0.4500000099460112,3.3336411552427873e-18,5.089396238291268e-17,2.7746183620131573e-18,2.7724568429793225e-18,0.49566901828882864,9.717264082994714e-09,0.4956690182888284,1.6619160631140714e-19,0.4506689410735059,0.4500014266415303,0.4506689410735059,1.663879716564753e-19,0.45,0.4956690182888284,0.44543736966087644,2.766456665114291e-18,0.45,0.4506689410735059,0.44993737795103433,2.7730021766165624e-18,0.4500014266415303,0.6305892789984935,49.95402939461215,49.9080587892243,49.86995592003679,49.80997814159138,49.86765291034716,49.75000036314597,49.86534990065755
965.0,0.0,0.45,0.4500000099460112,3.3336411552427877e-18,5.089396238291268e-17,2.7746183620131573e-18,2.7724568429793225e-18,0.4956690182888287,9.717264082999468e-09,0.49566901828882853,1.6619160631140714e-19,0.4506689410735059,0.4500014266415303,0.4506689410735059,1.6638797165647527e-19,0.45,0.49566901828882853,0.4454373696608765,2.766456665114291e-18,0.45,0.4506689410735059,0.44993737795103433,2.7730021766165624e-18,0.4500014266415303,0.6305892789984935,49.95402939461215,49.9080587892243,49.86995592003679,49.80997814159138,49.867652910347154,49.75000036314597,49.86534990065755
966.0,0.0,0.45,0.4500000099460112,3.3336411552427877e-18,5.089396238291268e-17,2.7746183620131573e-18,2.7724568429793225e-18,0.4956690182888287,9.717264082998709e-09,0.4956690182888286,1.6619160631140714e-19,0.4506689410735059,0.45000142664153026,0.4506689410735059,1.663879716564753e-19,0.45,0.4956690182888286,0.4454373696608765,2.766456665114291e-18,0.45,0.4506689410735059,0.44993737795103433,2.7730021766165624e-18,0.4500014266415303,0.6305892789984935,49.95402939461215,49.9080587892243,49.86995592003679,49.80997814159138,49.86765291034716,49.75000036314597,49.86534990065755
967.0,0.0,0.45,0.4500000099460112,3.3336411552427877e-18,5.089396238291268e-17,2.7746183620131573e-18,2.7724568429793225e-18,0.4956690182888287,9.71726408301046e-09,0.49566901828882853,1.6619160631140714e-19,0.4506689410735059,0.4500014266415303,0.4506689410735059,1.6638797165647532e-19,0.45,0.49566901828882853,0.4454373696608765,2.766456665114291e-18,0.45,0.4506689410735059,0.44993737795103433,2.7730021766165624e-18,0.4500014266415303,0.6305892789984935,49.95402939461215,49.9080587892243,49.86995592003679,49.80997814159138,49.867652910347175,49.75000036314597,49.86534990065755
968.0,0.0,0.45,0.4500000099460112,3.3336411552427873e-18,5.089396238291268e-17,2.7746183620131573e-18,2.7724568429793225e-18,0.49566901828882864,9.717264083029973e-09,0.4956690182888285,1.6619160631140714e-19,0.4506689410735059,0.4500014266415303,0.4506689410735059,1.6638797165647532e-19,0.45,0.4956690182888285,0.44543736966087644,2.766456665114291e-18,0.45,0.4506689410735059,0.44993737795103433,2.7730021766165624e-18,0.4500014266415303,0.6305892789984935,49.95402939461215,49.9080587892243,49.86995592003679,49.80997814159138,49.867652910347175,49.75000036314597,49.86534990065755
969.0,0.0,0.45,0.4500000099460112,3.3336411552427873e-18,5.0893962382912674e-17,2.7746183620131573e-18,2.7724568429793225e-18,0.4956690182888286,9.717264083052504e-09,0.4956690182888285,1.6619160631140714e-19,0.4506689410735059,0.4500014266415303,0.4506689410735059,1.663879716564753e-19,0.45,0.4956690182888285,0.44543736966087644,2.766456665114291e-18,0.45,0.4506689410735059,0.44993737795103433,2.7730021766165624e-18,0.45000142664153026,0.6305892789984934,49.95402939461215,49.9080587892243,49.86995592003679,49.80997814159138,49.86765291034716,49.75000036314597,49.86534990065755
970.0,0.0,0.45,0.4500000099460112,3.3336411552427877e-18,5.0893962382912674e-17,2.7746183620131573e-18,2.7724568429793225e-18,0.4956690182888287,9.717264083057212e-09,0.49566901828882853,1.6619160631140714e-19,0.4506689410735059,0.4500014266415303,0.4506689410735059,1.6638797165647527e-19,0.45,0.49566901828882853,0.44543736966087644,2.766456665114291e-18,0.45,0.4506689410735059,0.44993737795103433,2.7730021766165624e-18,0.45000142664153026,0.6305892789984934,49.95402939461215,49.9080587892243,49.86995592003679,49.80997814159138,49.867652910347154,49.75000036314597,49.86534990065755
971.0,0.0,0.45,0.4500000099460112,3.3336411552427873e-18,5.089396238291268e-17,2.7746183620131573e-18,2.7724568429793225e-18,0.49566901828882876,9.71726408305643e-09,0.4956690182888286,1.6619160631140714e-19,0.4506689410735059,0.45000142664153026,0.4506689410735059,1.663879716564753e-19,0.45,0.4956690182888286,0.44543736966087644,2.766456665114291e-18,0.45,0.4506689410735059,0.44993737795103433,2.7730021766165624e-18,0.4500014266415303,0.6305892789984935,49.95402939461215,49.9080587892243,49.86995592003679,49.80997814159138,49.86765291034716,49.75000036314597,49.86534990065755
972.0,0.0,0.45,0.4500000099460112,3.3336411552427873e-18,5.089396238291268e-17,2.7746183620131573e-18,2.7724568429793225e-18,0.4956690182888287,9.717264083068154e-09,0.49566901828882853,1.6619160631140714e-19,0.4506689410735059,0.45000142664153026,0.4506689410735059,1.6638797165647532e-19,0.45,0.49566901828882853,0.44543736966087644,2.766456665114291e-18,0.45,0.4506689410735059,0.44993737795103433,2.7730021766165624e-18,0.4500014266415303,0.6305892789984935,49.95402939461215,49.9080587892243,49.86995592003679,49.80997814159138,49.867652910347175,49.75000036314597,49.86534990065755
973.0,0.0,0.45,0.4500000099460112,3.3336411552427873e-18,5.089396238291268e-17,2.7746183620131573e-18,2.7724568429793225e-18,0.49566901828882864,9.717264083087664e-09,0.4956690182888285,1.6619160631140714e-19,0.4506689410735059,0.4500014266415303,0.4506689410735059,1.6638797165647532e-19,0.45,0.4956690182888285,0.44543736966087644,2.766456665114291e-18,0.45,0.4506689410735059,0.44993737795103433,2.7730021766165624e-18,0.4500014266415303,0.6305892789984935,49.95402939461215,49.9080587892243,49.86995592003679,49.80997814159138,49.867652910347175,49.75000036314597,49.86534990065755
974.0,0.0,0.45,0.4500000099460112,3.3336411552427873e-18,5.089396238291268e-17,2.7746183620131573e-18,2.7724568429793225e-18,0.49566901828882864,9.71726408311023e-09,0.4956690182888284,1.6619160631140714e-19,0.4506689410735059,0.4500014266415303,0.4506689410735059,1.6638797165647532e-19,0.45,0.4956690182888284,0.44543736966087644,2.766456665114291e-18,0.45,0.4506689410735059,0.44993737795103433,2.7730021766165624e-18,0.4500014266415303,0.6305892789984935,49.95402939461215,49.9080587892243,49.86995592003679,49.80997814159138,49.867652910347175,49.75000036314597,49.86534990065755
975.0,0.0,0.45,0.4500000099460112,3.3336411552427873e-18,5.089396238291268e-17,2.7746183620131573e-18,2.7724568429793225e-18,0.4956690182888287,9.717264083114984e-09,0.49566901828882853,1.6619160631140714e-19,0.4506689410735059,0.4500014266415303,0.4506689410735059,1.6638797165647532e-19,0.45,0.49566901828882853,0.4454373696608765,2.766456665114291e-18,0.45,0.4506689410735059,0.44993737795103433,2.7730021766165624e-18,0.4500014266415303,0.6305892789984935,49.95402939461215,49.9080587892243,49.86995592003679,49.80997814159138,49.867652910347175,49.75000036314597,49.86534990065755
976.0,0.0,0.45,0.4500000099460112,3.3336411552427873e-18,5.089396238291268e-17,2.7746183620131573e-18,2.7724568429793225e-18,0.4956690182888287,9.717264083114225e-09,0.4956690182888286,1.6619160631140714e-19,0.4506689410735059,0.4500014266415303,0.4506689410735059,1.663879716564753e-19,0.45,0.4956690182888286,0.4454373696608765,2.766456665114291e-18,0.45,0.4506689410735059,0.44993737795103433,2.7730021766165624e-18,0.4500014266415303,0.6305892789984935,49.95402939461215,49.9080587892243,49.86995592003679,49.80997814159138,49.86765291034716,49.75000036314597,49.86534990065755
977.0,0.0,0.45,0.4500000099460112,3.3336411552427873e-18,5.0893962382912674e-17,2.7746183620131573e-18,2.7724568429793225e-18,0.4956690182888287,9.717264083125975e-09,0.49566901828882853,1.6619160631140714e-19,0.4506689410735059,0.4500014266415303,0.4506689410735059,1.663879716564753e-19,0.45,0.49566901828882853,0.4454373696608765,2.766456665114291e-18,0.45,0.4506689410735059,0.44993737795103433,2.7730021766165624e-18,0.45000142664153026,0.6305892789984934,49.95402939461215,49.9080587892243,49.86995592003679,49.80997814159138,49.86765291034716,49.75000036314597,49.86534990065755
978.0,0.0,0.45,0.4500000099460112,3.3336411552427877e-18,5.0893962382912674e-17,2.7746183620131573e-18,2.7724568429793225e-18,0.49566901828882864,9.717264083145489e-09,0.4956690182888285,1.6619160631140714e-19,0.4506689410735059,0.45000142664153026,0.4506689410735059,1.663879716564753e-19,0.45,0.4956690182888285,0.44543736966087644,2.766456665114291e-18,0.45,0.4506689410735059,0.44993737795103433,2.7730021766165624e-18,0.45000142664153026,0.6305892789984934,49.95402939461215,49.9080587892243,49.86995592003679,49.80997814159138,49.86765291034716,49.75000036314597,49.86534990065755
979.0,0.0,0.45,0.4500000099460112,3.3336411552427877e-18,5.089396238291268e-17,2.7746183620131573e-18,2.7724568429793225e-18,0.4956690182888286,9.71726408316802e-09,0.4956690182888285,1.6619160631140714e-19,0.4506689410735059,0.45000142664153026,0.4506689410735059,1.6638797165647527e-19,0.45,0.4956690182888285,0.44543736966087644,2.766456665114291e-18,0.45,0.4506689410735059,0.44993737795103433,2.7730021766165624e-18,0.4500014266415303,0.6305892789984935,49.95402939461215,49.9080587892243,49.86995592003679,49.80997814159138,49.867652910347154,49.75000036314597,49.86534990065755
980.0,0.0,0.45,0.4500000099460112,3.3336411552427873e-18,5.089396238291268e-17,2.7746183620131573e-18,2.7724568429793225e-18,0.4956690182888287,9.717264083172728e-09,0.49566901828882853,1.6619160631140714e-19,0.4506689410735059,0.45000142664153026,0.4506689410735059,1.6638797165647527e-19,0.45,0.49566901828882853,0.44543736966087644,2.766456665114291e-18,0.45,0.4506689410735059,0.44993737795103433,2.7730021766165624e-18,0.4500014266415303,0.6305892789984935,49.95402939461215,49.9080587892243,49.86995592003679,49.80997814159138,49.867652910347154,49.75000036314597,49.86534990065755
981.0,0.0,0.45,0.4500000099460112,3.3336411552427873e-18,5.089396238291268e-17,2.7746183620131573e-18,2.7724568429793225e-18,0.49566901828882876,9.717264083171945e-09,0.4956690182888286,1.6619160631140714e-19,0.4506689410735059,0.4500014266415303,0.4506689410735059,1.663879716564753e-19,0.45,0.4956690182888286,0.44543736966087644,2.766456665114291e-18,0.45,0.4506689410735059,0.44993737795103433,2.7730021766165624e-18,0.4500014266415303,0.6305892789984935,49.95402939461215,49.9080587892243,49.86995592003679,49.80997814159138,49.86765291034716,49.75000036314597,49.86534990065755
982.0,0.0,0.45,0.4500000099460112,3.3336411552427873e-18,5.089396238291268e-17,2.7746183620131573e-18,2.7724568429793225e-18,0.4956690182888287,9.71726408318367e-09,0.49566901828882853,1.6619160631140714e-19,0.4506689410735059,0.4500014266415303,0.4506689410735059,1.6638797165647532e-19,0.45,0.49566901828882853,0.44543736966087644,2.766456665114291e-18,0.45,0.4506689410735059,0.44993737795103433,2.7730021766165624e-18,0.4500014266415303,0.6305892789984935,49.95402939461215,49.9080587892243,49.86995592003679,49.80997814159138,49.867652910347175,49.75000036314597,49.86534990065755
983.0,0.0,0.45,0.4500000099460112,3.3336411552427873e-18,5.089396238291268e-17,2.7746183620131573e-18,2.7724568429793225e-18,0.49566901828882864,9.71726408320318e-09,0.4956690182888285,1.6619160631140714e-19,0.4506689410735059,0.45000142664153037,0.4506689410735059,1.6638797165647532e-19,0.45,0.4956690182888285,0.44543736966087644,2.766456665114291e-18,0.45,0.4506689410735059,0.44993737795103433,2.7730021766165624e-18,0.4500014266415303,0.6305892789984935,49.95402939461215,49.9080587892243,49.86995592003679,49.80997814159138,49.867652910347175,49.75000036314597,49.86534990065755
984.0,0.0,0.45,0.4500000099460112,3.3336411552427877e-18,5.0893962382912686e-17,2.7746183620131573e-18,2.7724568429793225e-18,0.49566901828882864,9.717264083225745e-09,0.4956690182888284,1.6619160631140714e-19,0.4506689410735059,0.4500014266415303,0.4506689410735059,1.6638797165647532e-19,0.45,0.4956690182888284,0.44543736966087644,2.766456665114291e-18,0.45,0.4506689410735059,0.44993737795103433,2.7730021766165624e-18,0.45000142664153037,0.6305892789984936,49.95402939461215,49.9080587892243,49.86995592003679,49.80997814159138,49.867652910347175,49.75000036314597,49.86534990065755
985.0,0.0,0.45,0.4500000099460112,3.3336411552427873e-18,5.089396238291268e-17,2.7746183620131573e-18,2.7724568429793225e-18,0.4956690182888287,9.7172640832305e-09,0.49566901828882853,1.6619160631140714e-19,0.4506689410735059,0.4500014266415303,0.4506689410735059,1.6638797165647532e-19,0.45,0.49566901828882853,0.4454373696608765,2.766456665114291e-18,0.45,0.4506689410735059,0.44993737795103433,2.7730021766165624e-18,0.4500014266415303,0.6305892789984935,49.95402939461215,49.9080587892243,49.86995592003679,49.80997814159138,49.867652910347175,49.75000036314597,49.86534990065755
986.0,0.0,0.45,0.4500000099460112,3.3336411552427873e-18,5.089396238291268e-17,2.7746183620131573e-18,2.7724568429793225e-18,0.4956690182888287,9.71726408322974e-09,0.4956690182888286,1.6619160631140714e-19,0.4506689410735059,0.4500014266415303,0.4506689410735059,1.6638797165647532e-19,0.45,0.4956690182888286,0.4454373696608765,2.766456665114291e-18,0.45,0.4506689410735059,0.44993737795103433,2.7730021766165624e-18,0.4500014266415303,0.6305892789984935,49.95402939461215,49.9080587892243,49.86995592003679,49.80997814159138,49.867652910347175,49.75000036314597,49.86534990065755
987.0,0.0,0.45,0.4500000099460112,3.3336411552427873e-18,5.089396238291268e-17,2.7746183620131573e-18,2.7724568429793225e-18,0.4956690182888287,9.717264083241491e-09,0.49566901828882853,1.6619160631140714e-19,0.4506689410735059,0.4500014266415303,0.4506689410735059,1.6638797165647532e-19,0.45,0.49566901828882853,0.4454373696608765,2.766456665114291e-18,0.45,0.4506689410735059,0.44993737795103433,2.7730021766165624e-18,0.4500014266415303,0.6305892789984935,49.95402939461215,49.9080587892243,49.86995592003679,49.80997814159138,49.867652910347175,49.75000036314597,49.86534990065755
988.0,0.0,0.45,0.4500000099460112,3.3336411552427873e-18,5.089396238291268e-17,2.7746183620131573e-18,2.7724568429793225e-18,0.49566901828882864,9.717264083261004e-09,0.4956690182888285,1.6619160631140714e-19,0.4506689410735059,0.4500014266415303,0.4506689410735059,1.6638797165647532e-19,0.45,0.4956690182888285,0.44543736966087644,2.766456665114291e-18,0.45,0.4506689410735059,0.44993737795103433,2.7730021766165624e-18,0.4500014266415303,0.6305892789984935,49.95402939461215,49.9080587892243,49.86995592003679,49.80997814159138,49.867652910347175,49.75000036314597,49.86534990065755
989.0,0.0,0.45,0.4500000099460112,3.3336411552427873e-18,5.089396238291268e-17,2.7746183620131573e-18,2.7724568429793225e-18,0.4956690182888286,9.717264083283535e-09,0.4956690182888285,1.6619160631140714e-19,0.4506689410735059,0.4500014266415303,0.4506689410735059,1.6638797165647532e-19,0.45,0.4956690182888285,0.44543736966087644,2.766456665114291e-18,0.45,0.4506689410735059,0.44993737795103433,2.7730021766165624e-18,0.4500014266415303,0.6305892789984935,49.95402939461215,49.9080587892243,49.86995592003679,49.80997814159138,49.867652910347175,49.75000036314597,49.86534990065755
990.0,0.0,0.45,0.4500000099460112,3.3336411552427873e-18,5.089396238291268e-17,2.7746183620131573e-18,2.7724568429793225e-18,0.4956690182888287,9.717264083288244e-09,0.49566901828882853,1.6619160631140714e-19,0.4506689410735059,0.4500014266415303,0.4506689410735059,1.663879716564753e-19,0.45,0.49566901828882853,0.44543736966087644,2.766456665114291e-18,0.45,0.4506689410735059,0.44993737795103433,2.7730021766165624e-18,0.4500014266415303,0.6305892789984935,49.95402939461215,49.9080587892243,49.86995592003679,49.80997814159138,49.86765291034716,49.75000036314597,49.86534990065755
991.0,0.0,0.45,0.4500000099460112,3.3336411552427873e-18,5.089396238291268e-17,2.7746183620131573e-18,2.7724568429793225e-18,0.49566901828882876,9.717264083287461e-09,0.4956690182888286,1.6619160631140714e-19,0.4506689410735059,0.4500014266415303,0.4506689410735059,1.6638797165647527e-19,0.45,0.4956690182888286,0.44543736966087644,2.766456665114291e-18,0.45,0.4506689410735059,0.44993737795103433,2.7730021766165624e-18,0.4500014266415303,0.6305892789984935,49.95402939461215,49.9080587892243,49.86995592003679,49.80997814159138,49.867652910347154,49.75000036314597,49.86534990065755
992.0,0.0,0.45,0.4500000099460112,3.3336411552427873e-18,5.089396238291268e-17,2.7746183620131573e-18,2.7724568429793225e-18,0.4956690182888287,9.717264083299185e-09,0.49566901828882853,1.6619160631140714e-19,0.4506689410735059,0.4500014266415303,0.4506689410735059,1.6638797165647527e-19,0.45,0.49566901828882853,0.44543736966087644,2.766456665114291e-18,0.45,0.4506689410735059,0.44993737795103433,2.7730021766165624e-18,0.4500014266415303,0.6305892789984935,49.95402939461215,49.9080587892243,49.86995592003679,49.80997814159138,49.867652910347154,49.75000036314597,49.86534990065755
993.0,0.0,0.45,0.4500000099460112,3.3336411552427877e-18,5.089396238291268e-17,2.7746183620131573e-18,2.7724568429793225e-18,0.49566901828882864,9.717264083318695e-09,0.4956690182888285,1.6619160631140714e-19,0.4506689410735059,0.4500014266415303,0.4506689410735059,1.663879716564753e-19,0.45,0.4956690182888285,0.44543736966087644,2.766456665114291e-18,0.45,0.4506689410735059,0.44993737795103433,2.7730021766165624e-18,0.4500014266415303,0.6305892789984935,49.95402939461215,49.9080587892243,49.86995592003679,49.80997814159138,49.86765291034716,49.75000036314597,49.86534990065755
994.0,0.0,0.45,0.4500000099460112,3.3336411552427877e-18,5.089396238291268e-17,2.7746183620131573e-18,2.7724568429793225e-18,0.49566901828882864,9.71726408334126e-09,0.4956690182888284,1.6619160631140714e-19,0.4506689410735059,0.4500014266415303,0.4506689410735059,1.663879716564753e-19,0.45,0.4956690182888284,0.44543736966087644,2.766456665114291e-18,0.45,0.4506689410735059,0.44993737795103433,2.7730021766165624e-18,0.4500014266415303,0.6305892789984935,49.95402939461215,49.9080587892243,49.86995592003679,49.80997814159138,49.86765291034716,49.75000036314597,49.86534990065755
995.0,0.0,0.45,0.4500000099460112,3.3336411552427873e-18,5.089396238291268e-17,2.7746183620131573e-18,2.7724568429793225e-18,0.4956690182888287,9.717264083346015e-09,0.49566901828882853,1.6619160631140714e-19,0.4506689410735059,0.4500014266415303,0.4506689410735059,1.6638797165647527e-19,0.45,0.49566901828882853,0.4454373696608765,2.766456665114291e-18,0.45,0.4506689410735059,0.44993737795103433,2.7730021766165624e-18,0.4500014266415303,0.6305892789984935,49.95402939461215,49.9080587892243,49.86995592003679,49.80997814159138,49.867652910347154,49.75000036314597,49.86534990065755
996.0,0.0,0.45,0.4500000099460112,3.333641155242787e-18,5.089396238291268e-17,2.7746183620131573e-18,2.7724568429793225e-18,0.4956690182888287,9.717264083345256e-09,0.4956690182888286,1.6619160631140714e-19,0.4506689410735059,0.4500014266415303,0.4506689410735059,1.663879716564753e-19,0.45,0.4956690182888286,0.4454373696608765,2.766456665114291e-18,0.45,0.4506689410735059,0.44993737795103433,2.7730021766165624e-18,0.4500014266415303,0.6305892789984935,49.95402939461214,49.9080587892243,49.86995592003679,49.80997814159138,49.86765291034716,49.75000036314597,49.86534990065755
997.0,0.0,0.45,0.4500000099460112,3.3336411552427873e-18,5.089396238291268e-17,2.7746183620131573e-18,2.7724568429793225e-18,0.4956690182888287,9.717264083357007e-09,0.49566901828882853,1.6619160631140714e-19,0.4506689410735059,0.4500014266415303,0.4506689410735059,1.6638797165647532e-19,0.45,0.49566901828882853,0.4454373696608765,2.766456665114291e-18,0.45,0.4506689410735059,0.44993737795103433,2.7730021766165624e-18,0.4500014266415303,0.6305892789984935,49.95402939461215,49.9080587892243,49.86995592003679,49.80997814159138,49.867652910347175,49.75000036314597,49.86534990065755
998.0,0.0,0.45,0.4500000099460112,3.3336411552427873e-18,5.089396238291268e-17,2.7746183620131573e-18,2.7724568429793225e-18,0.49566901828882864,9.71726408337652e-09,0.4956690182888285,1.6619160631140714e-19,0.4506689410735059,0.4500014266415303,0.4506689410735059,1.6638797165647532e-19,0.45,0.4956690182888285,0.44543736966087644,2.766456665114291e-18,0.45,0.4506689410735059,0.44993737795103433,2.7730021766165624e-18,0.4500014266415303,0.6305892789984935,49.95402939461215,49.9080587892243,49.86995592003679,49.80997814159138,49.867652910347175,49.75000036314597,49.86534990065755
999.0,0.0,0.45,0.4500000099460112,3.3336411552427877e-18,5.0893962382912674e-17,2.7746183620131573e-18,2.7724568429793225e-18,0.4956690182888286,9.717264083399051e-09,0.4956690182888285,1.6619160631140714e-19,0.4506689410735059,0.4500014266415303,0.4506689410735059,1.663879716564753e-19,0.45,0.4956690182888285,0.44543736966087644,2.766456665114291e-18,0.45,0.4506689410735059,0.44993737795103433,2.7730021766165624e-18,0.45000142664153026,0.6305892789984934,49.95402939461215,49.9080587892243,49.86995592003679,49.80997814159138,49.86765291034716,49.75000036314597,49.86534990065755
1000.0,0.0,0.45,0.4500000099460112,3.3336411552427877e-18,5.089396238291268e-17,2.7746183620131573e-18,2.7724568429793225e-18,0.4956690182888287,9.717264083408286e-09,0.49566901828882853,1.6619160631140714e-19,0.4506689410735059,0.4500014266415303,0.4506689410735059,1.663879716564753e-19,0.45,0.49566901828882853,0.4454373696608764,2.766456665114291e-18,0.45,0.4506689410735059,0.44993737795103433,2.7730021766165624e-18,0.4500014266415303,0.6305892789984935,49.95402939461215,49.9080587892243,49.86995592003679,49.80997814159138,49.86765291034716,49.75000036314597,49.86534990065755
