category,variable,value
state,inlet/H_link_R,0.1655457647776386
state,inlet/H_link_L,0.45
state,inlet/H_down,0.44999999796711987
state,inlet/RBC_volume,1.5269636830903878e-14
state,inlet/q_C,3.325870448338449e-18
state,VV_junc1/RBC_volume,5.2901001055264705e-17
state,VV_junc1/q_C,2.7616709511665752e-18
state,VV_junc1/q_C_d,2.7541436824103965e-18
state,PV1/H_link_R,0.4499634960003781
state,PV1/H_link_L,0.46192376185344425
state,PV1/H_down,0.44950208171288486
state,PV1/RBC_volume,7.635461752398577e-16
state,PV1/q_C,1.6528307541479e-19
state,PV2/H_link_R,0.4499634905737863
state,PV2/H_link_L,0.4619242626263206
state,PV2/H_down,0.44950204068440186
state,PV2/RBC_volume,7.635461815927457e-16
state,PV2/q_C,1.6528307541458152e-19
state,V1/H_link_R,0.16554538069262895
state,V1/H_link_L,0.4498464843820186
state,V1/H_down,0.4500036450913047
state,V1/RBC_volume,1.0692471546992408e-14
state,V1/q_C,2.754490790923632e-18
state,V2/H_link_R,0.1655453805587889
state,V2/H_link_L,0.449846466239972
state,V2/H_down,0.45000364563794965
state,V2/RBC_volume,1.0692471547324324e-14
state,V2/q_C,2.754490790918686e-18
state,VV_junc2/RBC_volume,4.501523160718711e-17
state,VV_junc2/q_C,2.7422959008008252e-18
state,VV_junc2/q_C_d,2.7385322664321122e-18
state,PV3/H_link_R,0.4500413386965926
state,PV3/H_link_L,0.4595599477418926
state,PV3/H_down,0.4499130115767971
state,PV3/RBC_volume,6.415452363839733e-16
state,PV3/q_C,1.6434948869529687e-19
state,PV4/H_link_R,0.45004133999691287
state,PV4/H_link_L,0.4595597990684754
state,PV4/H_down,0.449913022007954
state,PV4/RBC_volume,6.415452360303248e-16
state,PV4/q_C,1.643494886952948e-19
state,V3/H_link_R,0.1728840422146208
state,V3/H_link_L,0.4500749809350375
state,V3/H_down,0.4499952162398607
state,V3/RBC_volume,7.069570308014228e-15
state,V3/q_C,2.191189752664704e-18
state,V4/H_link_R,0.17288404209699978
state,V4/H_link_L,0.4500749851292954
state,V4/H_down,0.4499952161225151
state,V4/RBC_volume,7.0695703086277285e-15
state,V4/q_C,2.1911897526624583e-18
state,VV_junc3/RBC_volume,4.5015201280852384e-17
state,VV_junc3/q_C,2.7422959008090774e-18
state,VV_junc3/q_C_d,2.7385322664422642e-18
state,PV5/H_link_R,0.45004134087256653
state,PV5/H_link_L,0.4595596419838114
state,PV5/H_down,0.449913029714462
state,PV5/RBC_volume,6.415452301860364e-16
state,PV5/q_C,1.643494886873376e-19
state,PV6/H_link_R,0.4500413379106554
state,PV6/H_link_L,0.45955982194307476
state,PV6/H_down,0.449913009134201
state,PV6/RBC_volume,6.415452352678077e-16
state,PV6/q_C,1.6434948868758413e-19
state,V5/H_link_R,0.17288404217266165
state,V5/H_link_L,0.4500749885331944
state,V5/H_down,0.44999521598625464
state,V5/RBC_volume,7.069570306112786e-15
state,V5/q_C,2.191189752679202e-18
state,V6/H_link_R,0.17288404213796835
state,V6/H_link_L,0.4500749783524287
state,V6/H_down,0.4499952163332208
state,V6/RBC_volume,7.069570308701218e-15
state,V6/q_C,2.1911897526689756e-18
state,VV_junc4/RBC_volume,3.760316984225824e-17
state,VV_junc4/q_C,2.731057560910528e-18
state,VV_junc4/q_C_d,2.729175743732162e-18
state,PV7/H_link_R,0.45006478144046447
state,PV7/H_link_L,0.46021400903551113
state,PV7/H_down,0.45001211337595537
state,PV7/RBC_volume,5.302118809191947e-16
state,PV7/q_C,1.6379016444726086e-19
state,PV8/H_link_R,0.45006480020419587
state,PV8/H_link_L,0.4602121513363472
state,PV8/H_down,0.45001227191674487
state,PV8/RBC_volume,5.302118779691705e-16
state,PV8/q_C,1.6379016444731317e-19
state,V7/H_link_R,0.17440839444403422
state,V7/H_link_L,0.4501417913935532
state,V7/H_down,0.4499921371594105
state,V7/RBC_volume,4.294903277043359e-15
state,V7/q_C,1.6378213770825793e-18
state,V8/H_link_R,0.1744083944522123
state,V8/H_link_L,0.4501418585188839
state,V8/H_down,0.44999213528278026
state,V8/RBC_volume,4.2949032770726995e-15
state,V8/q_C,1.6378213770837828e-18
state,VV_junc5/RBC_volume,3.7603204544107674e-17
state,VV_junc5/q_C,2.73105756084122e-18
state,VV_junc5/q_C_d,2.7291757436450814e-18
state,PV9/H_link_R,0.4500648028979424
state,PV9/H_link_L,0.4602128446834922
state,PV9/H_down,0.4500122468159069
state,PV9/RBC_volume,5.302118617935937e-16
state,PV9/q_C,1.6379016443791466e-19
state,PV10/H_link_R,0.45006477911146187
state,PV10/H_link_L,0.4602138162215531
state,PV10/H_down,0.45001211545865366
state,PV10/RBC_volume,5.302118670698469e-16
state,PV10/q_C,1.637901644377183e-19
state,V9/H_link_R,0.17440839429726687
state,V9/H_link_L,0.4501418591808089
state,V9/H_down,0.4499921350307213
state,V9/RBC_volume,4.294903277507554e-15
state,V9/q_C,1.6378213770374906e-18
state,V10/H_link_R,0.17440839430052774
state,V10/H_link_L,0.4501417879906864
state,V10/H_down,0.44999213739621696
state,V10/RBC_volume,4.294903277125747e-15
state,V10/q_C,1.6378213770345023e-18
state,VV_junc6/RBC_volume,3.7603204055633625e-17
state,VV_junc6/q_C,2.731057560997745e-18
state,VV_junc6/q_C_d,2.7291757438408587e-18
state,PV11/H_link_R,0.4500648164470462
state,PV11/H_link_L,0.46018675465589864
state,PV11/H_down,0.45001321717322595
state,PV11/RBC_volume,5.30211836582495e-16
state,PV11/q_C,1.637901644501512e-19
state,PV12/H_link_R,0.4500648040664037
state,PV12/H_link_L,0.4601998470348539
state,PV12/H_down,0.45001270701339174
state,PV12/RBC_volume,5.302118507334687e-16
state,PV12/q_C,1.6379016444998648e-19
state,V11/H_link_R,0.17440839448101522
state,V11/H_link_L,0.45014202499480915
state,V11/H_down,0.44999213353824513
state,V11/RBC_volume,4.294903273681258e-15
state,V11/q_C,1.6378213771677586e-18
state,V12/H_link_R,0.17440839446326165
state,V12/H_link_L,0.4501419261114839
state,V12/H_down,0.44999213484297856
state,V12/RBC_volume,4.29490327546812e-15
state,V12/q_C,1.6378213771648048e-18
state,VV_junc7/RBC_volume,3.7603195757861033e-17
state,VV_junc7/q_C,2.731057560796488e-18
state,VV_junc7/q_C_d,2.7291757435865335e-18
state,PV13/H_link_R,0.45006478825772384
state,PV13/H_link_L,0.46021384160078854
state,PV13/H_down,0.4500121517618676
state,PV13/RBC_volume,5.302118668129685e-16
state,PV13/q_C,1.6379016442829348e-19
state,PV14/H_link_R,0.45006479159072627
state,PV14/H_link_L,0.46021290772181433
state,PV14/H_down,0.4500121981862958
state,PV14/RBC_volume,5.302118654859538e-16
state,PV14/q_C,1.637901644284138e-19
state,V13/H_link_R,0.17440839443253636
state,V13/H_link_L,0.4501418133438403
state,V13/H_down,0.4499921364875955
state,V13/RBC_volume,4.2949032772938796e-15
state,V13/q_C,1.6378213769982798e-18
state,V14/H_link_R,0.17440839443160014
state,V14/H_link_L,0.45014182725673685
state,V14/H_down,0.4499921361533855
state,V14/RBC_volume,4.294903277284176e-15
state,V14/q_C,1.6378213769996049e-18
state,VV_junc8/RBC_volume,3.079964655314858e-17
state,VV_junc8/q_C,2.7245202333370253e-18
state,VV_junc8/q_C_d,2.723579324739458e-18
state,PV15/H_link_R,0.45006327455300144
state,PV15/H_link_L,0.46285415809855257
state,PV15/H_down,0.4499372773410599
state,PV15/RBC_volume,4.294882273503415e-16
state,PV15/q_C,1.6345572435130145e-19
state,PV16/H_link_R,0.45006327811419505
state,PV16/H_link_L,0.46285327024154477
state,PV16/H_down,0.4499373053090473
state,PV16/RBC_volume,4.29488226910111e-16
state,PV16/q_C,1.6345572435130547e-19
state,V15/H_link_R,0.45
state,V15/H_link_L,0.45012796188698984
state,V15/H_down,0.449993728343443
state,V15/RBC_volume,2.2624380322751027e-16
state,V15/q_C,1.0896609364320287e-19
state,V16/H_link_R,0.45
state,V16/H_link_L,0.4501279741298731
state,V16/H_down,0.4499937279739048
state,V16/RBC_volume,2.2624380321085933e-16
state,V16/q_C,1.08966093643209e-19
state,VV_junc9/RBC_volume,3.0799650404060914e-17
state,VV_junc9/q_C,2.7245202333364206e-18
state,VV_junc9/q_C_d,2.7235793247383065e-18
state,PV17/H_link_R,0.45006327504933286
state,PV17/H_link_L,0.46285368304473185
state,PV17/H_down,0.4499372963629793
state,PV17/RBC_volume,4.2948822702725344e-16
state,PV17/q_C,1.6345572435122894e-19
state,PV18/H_link_R,0.45006328177627497
state,PV18/H_link_L,0.4628470324580802
state,PV18/H_down,0.4499375571224463
state,PV18/RBC_volume,4.294882235972755e-16
state,PV18/q_C,1.6345572435126755e-19
state,V17/H_link_R,0.45
state,V17/H_link_L,0.45012796566100355
state,V17/H_down,0.4499937282662242
state,V17/RBC_volume,2.262438031891385e-16
state,V17/q_C,1.0896609364317935e-19
state,V18/H_link_R,0.45
state,V18/H_link_L,0.45012801700431265
state,V18/H_down,0.44999372760738465
state,V18/RBC_volume,2.262438032143333e-16
state,V18/q_C,1.0896609364323063e-19
state,VV_junc10/RBC_volume,3.0799644453691635e-17
state,VV_junc10/q_C,2.7245202332330948e-18
state,VV_junc10/q_C_d,2.7235793246275567e-18
state,PV19/H_link_R,0.4500632690800887
state,PV19/H_link_L,0.4628475795207647
state,PV19/H_down,0.44993748468881567
state,PV19/RBC_volume,4.294882250781315e-16
state,PV19/q_C,1.6345572433249188e-19
state,PV20/H_link_R,0.4500632687026557
state,PV20/H_link_L,0.46284797121600707
state,PV20/H_down,0.4499374695218006
state,PV20/RBC_volume,4.294882254322511e-16
state,PV20/q_C,1.6345572433248605e-19
state,V19/H_link_R,0.45
state,V19/H_link_L,0.45012797857959624
state,V19/H_down,0.4499937289278767
state,V19/RBC_volume,2.2624380327995704e-16
state,V19/q_C,1.089660936387036e-19
state,V20/H_link_R,0.45
state,V20/H_link_L,0.4501279756312486
state,V20/H_down,0.44999372890541517
state,V20/RBC_volume,2.262438031950737e-16
state,V20/q_C,1.0896609363869615e-19
state,VV_junc11/RBC_volume,3.079964245681227e-17
state,VV_junc11/q_C,2.724520233210651e-18
state,VV_junc11/q_C_d,2.7235793246021382e-18
state,PV21/H_link_R,0.45006326459519846
state,PV21/H_link_L,0.4628543237231626
state,PV21/H_down,0.44993721178475016
state,PV21/RBC_volume,4.294882284172175e-16
state,PV21/q_C,1.6345572432718423e-19
state,PV22/H_link_R,0.45006326825842824
state,PV22/H_link_L,0.4628480952425546
state,PV22/H_down,0.44993746316921307
state,PV22/RBC_volume,4.2948822549168184e-16
state,PV22/q_C,1.6345572432721724e-19
state,V21/H_link_R,0.45
state,V21/H_link_L,0.4501279309359734
state,V21/H_down,0.4499937292753653
state,V21/RBC_volume,2.2624380313427445e-16
state,V21/q_C,1.089660936375984e-19
state,V22/H_link_R,0.45
state,V22/H_link_L,0.4501279737512424
state,V22/H_down,0.449993728949924
state,V22/RBC_volume,2.2624380319521455e-16
state,V22/q_C,1.0896609363764324e-19
state,VV_junc12/RBC_volume,3.079952786673215e-17
state,VV_junc12/q_C,2.7245202334973805e-18
state,VV_junc12/q_C_d,2.7235793249120493e-18
state,PV23/H_link_R,0.4500632030711476
state,PV23/H_link_L,0.462833251565287
state,PV23/H_down,0.449938297434662
state,PV23/RBC_volume,4.2948821376793414e-16
state,PV23/q_C,1.6345572438199803e-19
state,PV24/H_link_R,0.45006336189204754
state,PV24/H_link_L,0.4627112119894882
state,PV24/H_down,0.44994300352769184
state,PV24/RBC_volume,4.294881490522699e-16
state,PV24/q_C,1.6345572438270814e-19
state,V23/H_link_R,0.45
state,V23/H_link_L,0.45012793363577397
state,V23/H_down,0.44999373542388316
state,V23/RBC_volume,2.262438030997255e-16
state,V23/q_C,1.0896609365108777e-19
state,V24/H_link_R,0.45
state,V24/H_link_L,0.45012894732720954
state,V24/H_down,0.44999371960140616
state,V24/RBC_volume,2.2624380331538183e-16
state,V24/q_C,1.0896609365204176e-19
state,VV_junc13/RBC_volume,3.079966995874873e-17
state,VV_junc13/q_C,2.7245202335785616e-18
state,VV_junc13/q_C_d,2.7235793250098726e-18
state,PV25/H_link_R,0.45006330504814723
state,PV25/H_link_L,0.4628468160395157
state,PV25/H_down,0.4499375047151839
state,PV25/RBC_volume,4.2948822342840915e-16
state,PV25/q_C,1.6345572439737203e-19
state,PV26/H_link_R,0.45006328703764653
state,PV26/H_link_L,0.462859258141861
state,PV26/H_down,0.44993702938908775
state,PV26/RBC_volume,4.2948823060535335e-16
state,PV26/q_C,1.6345572439729336e-19
state,V25/H_link_R,0.45
state,V25/H_link_L,0.4501280631209765
state,V25/H_down,0.4499937252949429
state,V25/RBC_volume,2.262438032505646e-16
state,V25/q_C,1.089660936544039e-19
state,V26/H_link_R,0.45
state,V26/H_link_L,0.4501279556931096
state,V26/H_down,0.44999372708855917
state,V26/RBC_volume,2.2624380322556434e-16
state,V26/q_C,1.089660936542981e-19
state,VV_junc14/RBC_volume,3.0799647933588804e-17
state,VV_junc14/q_C,2.724520233121751e-18
state,VV_junc14/q_C_d,2.723579324506867e-18
state,PV27/H_link_R,0.4500632856119152
state,PV27/H_link_L,0.4628471319330997
state,PV27/H_down,0.44993756913791516
state,PV27/RBC_volume,4.294882232344643e-16
state,PV27/q_C,1.6345572431106926e-19
state,PV28/H_link_R,0.4500632867664229
state,PV28/H_link_L,0.4628460375145098
state,PV28/H_down,0.44993761265265925
state,PV28/RBC_volume,4.2948822253155604e-16
state,PV28/q_C,1.6345572431107568e-19
state,V27/H_link_R,0.45
state,V27/H_link_L,0.4501280271958931
state,V27/H_down,0.4499937272649098
state,V27/RBC_volume,2.2624380327338815e-16
state,V27/q_C,1.08966093633866e-19
state,V28/H_link_R,0.45
state,V28/H_link_L,0.4501280358905748
state,V28/H_down,0.44999372711193186
state,V28/RBC_volume,2.2624380322184427e-16
state,V28/q_C,1.089660936338753e-19
state,VV_junc15/RBC_volume,3.079964194242968e-17
state,VV_junc15/q_C,2.724520233144003e-18
state,VV_junc15/q_C_d,2.723579324532595e-18
state,PV29/H_link_R,0.4500632867597379
state,PV29/H_link_L,0.4628460286147621
state,PV29/H_down,0.44993761237004576
state,PV29/RBC_volume,4.2948822285665533e-16
state,PV29/q_C,1.634557243162621e-19
state,PV30/H_link_R,0.45006328564400105
state,PV30/H_link_L,0.46284710181902206
state,PV30/H_down,0.44993756990535283
state,PV30/RBC_volume,4.2948822316459907e-16
state,PV30/q_C,1.6345572431625554e-19
state,V29/H_link_R,0.45
state,V29/H_link_L,0.4501280357966516
state,V29/H_down,0.44999372722373376
state,V29/RBC_volume,2.262438033772993e-16
state,V29/q_C,1.089660936349204e-19
state,V30/H_link_R,0.45
state,V30/H_link_L,0.4501280273692307
state,V30/H_down,0.4499937272240356
state,V30/RBC_volume,2.262438032204168e-16
state,V30/q_C,1.089660936349123e-19
constant,global/H_global_L,0.45
constant,global/H_global_R,0.45
constant,inlet/H_R_out_LHS,0.45
constant,global/gamma_mirror,0.1
constant,global/tau_H_down,0.001
constant,global/tau_H_mean,0.001
constant,global/v_eps,1e-30
constant,global/q_C_init,0.0
constant,inlet/r,6e-06
constant,global/mu_plasma,0.001
constant,inlet/u_in,6666.1
constant,global/u_ext,133.0
constant,global/tau_link,0.001
constant,global/v_scale,1e-50
constant,global/one_mm3,1e-09
constant,global/div_0,1e-25
constant,global/div_0y,1e-08
constant,global/v_threshold,1e-18
constant,global/k,1000.0
constant,VV_junc1/r,6e-06
constant,VV_junc1/vbc2,0.0
constant,VV_junc1/H_to2,0.0
constant,VV_junc1/r_bc2,0.0
constant,VV_junc1/C_conn2,8.51e-22
constant,global/R_VV_junc,1000000000000000.0
constant,global/R_constriction_base,0.0
constant,PV1/R_constriction_final,0.0
constant,global/tau_sig,1.0
constant,global/t0,500.0
constant,PV1/r,6e-06
constant,PV2/R_constriction_final,0.0
constant,PV2/r,6e-06
constant,V1/r,5.5e-06
constant,V2/r,5.5e-06
constant,VV_junc2/r,5.5e-06
constant,VV_junc2/vbc2,0.0
constant,VV_junc2/H_to2,0.0
constant,VV_junc2/r_bc2,0.0
constant,VV_junc2/C_conn2,8.51e-22
constant,PV3/R_constriction_final,0.0
constant,PV3/r,5.5e-06
constant,PV4/R_constriction_final,0.0
constant,PV4/r,5.5e-06
constant,V3/r,5e-06
constant,V4/r,5e-06
constant,VV_junc3/r,5.5e-06
constant,VV_junc3/vbc2,0.0
constant,VV_junc3/H_to2,0.0
constant,VV_junc3/r_bc2,0.0
constant,VV_junc3/C_conn2,8.51e-22
constant,PV5/R_constriction_final,0.0
constant,PV5/r,5.5e-06
constant,PV6/R_constriction_final,0.0
constant,PV6/r,5.5e-06
constant,V5/r,5e-06
constant,V6/r,5e-06
constant,VV_junc4/r,5e-06
constant,VV_junc4/vbc2,0.0
constant,VV_junc4/H_to2,0.0
constant,VV_junc4/r_bc2,0.0
constant,VV_junc4/C_conn2,8.51e-22
constant,PV7/R_constriction_final,0.0
constant,PV7/r,5e-06
constant,PV8/R_constriction_final,0.0
constant,PV8/r,5e-06
constant,V7/r,4.5e-06
constant,V8/r,4.5e-06
constant,VV_junc5/r,5e-06
constant,VV_junc5/vbc2,0.0
constant,VV_junc5/H_to2,0.0
constant,VV_junc5/r_bc2,0.0
constant,VV_junc5/C_conn2,8.51e-22
constant,PV9/R_constriction_final,0.0
constant,PV9/r,5e-06
constant,PV10/R_constriction_final,0.0
constant,PV10/r,5e-06
constant,V9/r,4.5e-06
constant,V10/r,4.5e-06
constant,VV_junc6/r,5e-06
constant,VV_junc6/vbc2,0.0
constant,VV_junc6/H_to2,0.0
constant,VV_junc6/r_bc2,0.0
constant,VV_junc6/C_conn2,8.51e-22
constant,PV11/R_constriction_final,0.0
constant,PV11/r,5e-06
constant,PV12/R_constriction_final,0.0
constant,PV12/r,5e-06
constant,V11/r,4.5e-06
constant,V12/r,4.5e-06
constant,VV_junc7/r,5e-06
constant,VV_junc7/vbc2,0.0
constant,VV_junc7/H_to2,0.0
constant,VV_junc7/r_bc2,0.0
constant,VV_junc7/C_conn2,8.51e-22
constant,PV13/R_constriction_final,0.0
constant,PV13/r,5e-06
constant,PV14/R_constriction_final,0.0
constant,PV14/r,5e-06
constant,V13/r,4.5e-06
constant,V14/r,4.5e-06
constant,VV_junc8/r,4.5e-06
constant,VV_junc8/vbc2,0.0
constant,VV_junc8/H_to2,0.0
constant,VV_junc8/r_bc2,0.0
constant,VV_junc8/C_conn2,8.51e-22
constant,PV15/R_constriction_final,0.0
constant,PV15/r,4.5e-06
constant,PV16/R_constriction_final,0.0
constant,PV16/r,4.5e-06
constant,V15/H_L_out_RHS,0.45
constant,V15/r,4e-06
constant,V15/u_out,6532.778
constant,V16/H_L_out_RHS,0.45
constant,V16/r,4e-06
constant,V16/u_out,6532.778
constant,VV_junc9/r,4.5e-06
constant,VV_junc9/vbc2,0.0
constant,VV_junc9/H_to2,0.0
constant,VV_junc9/r_bc2,0.0
constant,VV_junc9/C_conn2,8.51e-22
constant,PV17/R_constriction_final,0.0
constant,PV17/r,4.5e-06
constant,PV18/R_constriction_final,0.0
constant,PV18/r,4.5e-06
constant,V17/H_L_out_RHS,0.45
constant,V17/r,4e-06
constant,V17/u_out,6532.778
constant,V18/H_L_out_RHS,0.45
constant,V18/r,4e-06
constant,V18/u_out,6532.778
constant,VV_junc10/r,4.5e-06
constant,VV_junc10/vbc2,0.0
constant,VV_junc10/H_to2,0.0
constant,VV_junc10/r_bc2,0.0
constant,VV_junc10/C_conn2,8.51e-22
constant,PV19/R_constriction_final,0.0
constant,PV19/r,4.5e-06
constant,PV20/R_constriction_final,0.0
constant,PV20/r,4.5e-06
constant,V19/H_L_out_RHS,0.45
constant,V19/r,4e-06
constant,V19/u_out,6532.778
constant,V20/H_L_out_RHS,0.45
constant,V20/r,4e-06
constant,V20/u_out,6532.778
constant,VV_junc11/r,4.5e-06
constant,VV_junc11/vbc2,0.0
constant,VV_junc11/H_to2,0.0
constant,VV_junc11/r_bc2,0.0
constant,VV_junc11/C_conn2,8.51e-22
constant,PV21/R_constriction_final,0.0
constant,PV21/r,4.5e-06
constant,PV22/R_constriction_final,0.0
constant,PV22/r,4.5e-06
constant,V21/H_L_out_RHS,0.45
constant,V21/r,4e-06
constant,V21/u_out,6532.778
constant,V22/H_L_out_RHS,0.45
constant,V22/r,4e-06
constant,V22/u_out,6532.778
constant,VV_junc12/r,4.5e-06
constant,VV_junc12/vbc2,0.0
constant,VV_junc12/H_to2,0.0
constant,VV_junc12/r_bc2,0.0
constant,VV_junc12/C_conn2,8.51e-22
constant,PV23/R_constriction_final,0.0
constant,PV23/r,4.5e-06
constant,PV24/R_constriction_final,0.0
constant,PV24/r,4.5e-06
constant,V23/H_L_out_RHS,0.45
constant,V23/r,4e-06
constant,V23/u_out,6532.778
constant,V24/H_L_out_RHS,0.45
constant,V24/r,4e-06
constant,V24/u_out,6532.778
constant,VV_junc13/r,4.5e-06
constant,VV_junc13/vbc2,0.0
constant,VV_junc13/H_to2,0.0
constant,VV_junc13/r_bc2,0.0
constant,VV_junc13/C_conn2,8.51e-22
constant,PV25/R_constriction_final,0.0
constant,PV25/r,4.5e-06
constant,PV26/R_constriction_final,0.0
constant,PV26/r,4.5e-06
constant,V25/H_L_out_RHS,0.45
constant,V25/r,4e-06
constant,V25/u_out,6532.778
constant,V26/H_L_out_RHS,0.45
constant,V26/r,4e-06
constant,V26/u_out,6532.778
constant,VV_junc14/r,4.5e-06
constant,VV_junc14/vbc2,0.0
constant,VV_junc14/H_to2,0.0
constant,VV_junc14/r_bc2,0.0
constant,VV_junc14/C_conn2,8.51e-22
constant,PV27/R_constriction_final,0.0
constant,PV27/r,4.5e-06
constant,PV28/R_constriction_final,0.0
constant,PV28/r,4.5e-06
constant,V27/H_L_out_RHS,0.45
constant,V27/r,4e-06
constant,V27/u_out,6532.778
constant,V28/H_L_out_RHS,0.45
constant,V28/r,4e-06
constant,V28/u_out,6532.778
constant,VV_junc15/r,4.5e-06
constant,VV_junc15/vbc2,0.0
constant,VV_junc15/H_to2,0.0
constant,VV_junc15/r_bc2,0.0
constant,VV_junc15/C_conn2,8.51e-22
constant,PV29/R_constriction_final,0.0
constant,PV29/r,4.5e-06
constant,PV30/R_constriction_final,0.0
constant,PV30/r,4.5e-06
constant,V29/H_L_out_RHS,0.45
constant,V29/r,4e-06
constant,V29/u_out,6532.778
constant,V30/H_L_out_RHS,0.45
constant,V30/r,4e-06
constant,V30/u_out,6532.778
constant,,1e-05
constant,inlet/q_us,3.392920065876973e-14
constant,inlet/C,5.107485693775874e-22
constant,VV_junc1/q_us,1.1309733552923245e-16
constant,PV1/q_us,1.696460032938487e-15
constant,inlet/Z,-1.1820960009520325
constant,PV2/q_us,1.696460032938487e-15
constant,V1/q_us,2.3758294442772788e-14
constant,V1/C,4.256238078146562e-22
constant,V2/q_us,2.3758294442772788e-14
constant,V2/C,4.256238078146562e-22
constant,VV_junc2/q_us,9.503317777109115e-17
constant,PV3/q_us,1.4254976665663674e-15
constant,PV4/q_us,1.4254976665663674e-15
constant,V3/q_us,1.570796326794895e-14
constant,V3/C,3.4049904625172497e-22
constant,V4/q_us,1.570796326794895e-14
constant,V4/C,3.4049904625172497e-22
constant,VV_junc3/q_us,9.503317777109115e-17
constant,PV5/q_us,1.4254976665663674e-15
constant,PV6/q_us,1.4254976665663674e-15
constant,V5/q_us,1.570796326794895e-14
constant,V5/C,3.4049904625172497e-22
constant,V6/q_us,1.570796326794895e-14
constant,V6/C,3.4049904625172497e-22
constant,VV_junc4/q_us,7.853981633974475e-17
constant,PV7/q_us,1.1780972450961715e-15
constant,PV8/q_us,1.1780972450961715e-15
constant,V7/q_us,9.542587685278987e-15
constant,V7/C,2.553742846887937e-22
constant,V8/q_us,9.542587685278987e-15
constant,V8/C,2.553742846887937e-22
constant,VV_junc5/q_us,7.853981633974475e-17
constant,PV9/q_us,1.1780972450961715e-15
constant,PV10/q_us,1.1780972450961715e-15
constant,V9/q_us,9.542587685278987e-15
constant,V9/C,2.553742846887937e-22
constant,V10/q_us,9.542587685278987e-15
constant,V10/C,2.553742846887937e-22
constant,VV_junc6/q_us,7.853981633974475e-17
constant,PV11/q_us,1.1780972450961715e-15
constant,PV12/q_us,1.1780972450961715e-15
constant,V11/q_us,9.542587685278987e-15
constant,V11/C,2.553742846887937e-22
constant,V12/q_us,9.542587685278987e-15
constant,V12/C,2.553742846887937e-22
constant,VV_junc7/q_us,7.853981633974475e-17
constant,PV13/q_us,1.1780972450961715e-15
constant,PV14/q_us,1.1780972450961715e-15
constant,V13/q_us,9.542587685278987e-15
constant,V13/C,2.553742846887937e-22
constant,V14/q_us,9.542587685278987e-15
constant,V14/C,2.553742846887937e-22
constant,VV_junc8/q_us,6.361725123519325e-17
constant,PV15/q_us,9.542587685278988e-16
constant,PV16/q_us,9.542587685278988e-16
constant,V15/q_us,5.026548245743665e-16
constant,V15/C,1.7024952312586247e-23
constant,V16/q_us,5.026548245743665e-16
constant,V16/C,1.7024952312586247e-23
constant,VV_junc9/q_us,6.361725123519325e-17
constant,PV17/q_us,9.542587685278988e-16
constant,PV18/q_us,9.542587685278988e-16
constant,V17/q_us,5.026548245743665e-16
constant,V17/C,1.7024952312586247e-23
constant,V18/q_us,5.026548245743665e-16
constant,V18/C,1.7024952312586247e-23
constant,VV_junc10/q_us,6.361725123519325e-17
constant,PV19/q_us,9.542587685278988e-16
constant,PV20/q_us,9.542587685278988e-16
constant,V19/q_us,5.026548245743665e-16
constant,V19/C,1.7024952312586247e-23
constant,V20/q_us,5.026548245743665e-16
constant,V20/C,1.7024952312586247e-23
constant,VV_junc11/q_us,6.361725123519325e-17
constant,PV21/q_us,9.542587685278988e-16
constant,PV22/q_us,9.542587685278988e-16
constant,V21/q_us,5.026548245743665e-16
constant,V21/C,1.7024952312586247e-23
constant,V22/q_us,5.026548245743665e-16
constant,V22/C,1.7024952312586247e-23
constant,VV_junc12/q_us,6.361725123519325e-17
constant,PV23/q_us,9.542587685278988e-16
constant,PV24/q_us,9.542587685278988e-16
constant,V23/q_us,5.026548245743665e-16
constant,V23/C,1.7024952312586247e-23
constant,V24/q_us,5.026548245743665e-16
constant,V24/C,1.7024952312586247e-23
constant,VV_junc13/q_us,6.361725123519325e-17
constant,PV25/q_us,9.542587685278988e-16
constant,PV26/q_us,9.542587685278988e-16
constant,V25/q_us,5.026548245743665e-16
constant,V25/C,1.7024952312586247e-23
constant,V26/q_us,5.026548245743665e-16
constant,V26/C,1.7024952312586247e-23
constant,VV_junc14/q_us,6.361725123519325e-17
constant,PV27/q_us,9.542587685278988e-16
constant,PV28/q_us,9.542587685278988e-16
constant,V27/q_us,5.026548245743665e-16
constant,V27/C,1.7024952312586247e-23
constant,V28/q_us,5.026548245743665e-16
constant,V28/C,1.7024952312586247e-23
constant,VV_junc15/q_us,6.361725123519325e-17
constant,PV29/q_us,9.542587685278988e-16
constant,PV30/q_us,9.542587685278988e-16
constant,V29/q_us,5.026548245743665e-16
constant,V29/C,1.7024952312586247e-23
constant,V30/q_us,5.026548245743665e-16
constant,V30/C,1.7024952312586247e-23
constant,inlet/RBC_volume_init,1.5268140296446382e-14
constant,VV_junc1/RBC_volume_init,5.08938009881546e-17
constant,VV_junc1/C_max12,8.51e-22
constant,PV1/RBC_volume_init,7.634070148223191e-16
constant,inlet/mu_45,3.5523629350190156
constant,PV2/RBC_volume_init,7.634070148223191e-16
constant,V1/RBC_volume_init,1.0691232499247755e-14
constant,V2/RBC_volume_init,1.0691232499247755e-14
constant,VV_junc2/RBC_volume_init,4.2764929996991017e-17
constant,VV_junc2/C_max12,8.51e-22
constant,PV3/RBC_volume_init,6.4147394995486535e-16
constant,PV4/RBC_volume_init,6.4147394995486535e-16
constant,V3/RBC_volume_init,7.0685834705770284e-15
constant,V4/RBC_volume_init,7.0685834705770284e-15
constant,VV_junc3/RBC_volume_init,4.2764929996991017e-17
constant,VV_junc3/C_max12,8.51e-22
constant,PV5/RBC_volume_init,6.4147394995486535e-16
constant,PV6/RBC_volume_init,6.4147394995486535e-16
constant,V5/RBC_volume_init,7.0685834705770284e-15
constant,V6/RBC_volume_init,7.0685834705770284e-15
constant,VV_junc4/RBC_volume_init,3.5342917352885136e-17
constant,VV_junc4/C_max12,8.51e-22
constant,PV7/RBC_volume_init,5.301437602932772e-16
constant,PV8/RBC_volume_init,5.301437602932772e-16
constant,V7/RBC_volume_init,4.294164458375544e-15
constant,V8/RBC_volume_init,4.294164458375544e-15
constant,VV_junc5/RBC_volume_init,3.5342917352885136e-17
constant,VV_junc5/C_max12,8.51e-22
constant,PV9/RBC_volume_init,5.301437602932772e-16
constant,PV10/RBC_volume_init,5.301437602932772e-16
constant,V9/RBC_volume_init,4.294164458375544e-15
constant,V10/RBC_volume_init,4.294164458375544e-15
constant,VV_junc6/RBC_volume_init,3.5342917352885136e-17
constant,VV_junc6/C_max12,8.51e-22
constant,PV11/RBC_volume_init,5.301437602932772e-16
constant,PV12/RBC_volume_init,5.301437602932772e-16
constant,V11/RBC_volume_init,4.294164458375544e-15
constant,V12/RBC_volume_init,4.294164458375544e-15
constant,VV_junc7/RBC_volume_init,3.5342917352885136e-17
constant,VV_junc7/C_max12,8.51e-22
constant,PV13/RBC_volume_init,5.301437602932772e-16
constant,PV14/RBC_volume_init,5.301437602932772e-16
constant,V13/RBC_volume_init,4.294164458375544e-15
constant,V14/RBC_volume_init,4.294164458375544e-15
constant,VV_junc8/RBC_volume_init,2.8627763055836964e-17
constant,VV_junc8/C_max12,8.51e-22
constant,PV15/RBC_volume_init,4.294164458375545e-16
constant,PV16/RBC_volume_init,4.294164458375545e-16
constant,V15/RBC_volume_init,2.261946710584649e-16
constant,V16/RBC_volume_init,2.261946710584649e-16
constant,VV_junc9/RBC_volume_init,2.8627763055836964e-17
constant,VV_junc9/C_max12,8.51e-22
constant,PV17/RBC_volume_init,4.294164458375545e-16
constant,PV18/RBC_volume_init,4.294164458375545e-16
constant,V17/RBC_volume_init,2.261946710584649e-16
constant,V18/RBC_volume_init,2.261946710584649e-16
constant,VV_junc10/RBC_volume_init,2.8627763055836964e-17
constant,VV_junc10/C_max12,8.51e-22
constant,PV19/RBC_volume_init,4.294164458375545e-16
constant,PV20/RBC_volume_init,4.294164458375545e-16
constant,V19/RBC_volume_init,2.261946710584649e-16
constant,V20/RBC_volume_init,2.261946710584649e-16
constant,VV_junc11/RBC_volume_init,2.8627763055836964e-17
constant,VV_junc11/C_max12,8.51e-22
constant,PV21/RBC_volume_init,4.294164458375545e-16
constant,PV22/RBC_volume_init,4.294164458375545e-16
constant,V21/RBC_volume_init,2.261946710584649e-16
constant,V22/RBC_volume_init,2.261946710584649e-16
constant,VV_junc12/RBC_volume_init,2.8627763055836964e-17
constant,VV_junc12/C_max12,8.51e-22
constant,PV23/RBC_volume_init,4.294164458375545e-16
constant,PV24/RBC_volume_init,4.294164458375545e-16
constant,V23/RBC_volume_init,2.261946710584649e-16
constant,V24/RBC_volume_init,2.261946710584649e-16
constant,VV_junc13/RBC_volume_init,2.8627763055836964e-17
constant,VV_junc13/C_max12,8.51e-22
constant,PV25/RBC_volume_init,4.294164458375545e-16
constant,PV26/RBC_volume_init,4.294164458375545e-16
constant,V25/RBC_volume_init,2.261946710584649e-16
constant,V26/RBC_volume_init,2.261946710584649e-16
constant,VV_junc14/RBC_volume_init,2.8627763055836964e-17
constant,VV_junc14/C_max12,8.51e-22
constant,PV27/RBC_volume_init,4.294164458375545e-16
constant,PV28/RBC_volume_init,4.294164458375545e-16
constant,V27/RBC_volume_init,2.261946710584649e-16
constant,V28/RBC_volume_init,2.261946710584649e-16
constant,VV_junc15/RBC_volume_init,2.8627763055836964e-17
constant,VV_junc15/C_max12,8.51e-22
constant,PV29/RBC_volume_init,4.294164458375545e-16
constant,PV30/RBC_volume_init,4.294164458375545e-16
constant,V29/RBC_volume_init,2.261946710584649e-16
constant,V30/RBC_volume_init,2.261946710584649e-16
constant,PV1/C,2.553742846887937e-23
constant,VV_junc1/vj2,0.0
constant,PV3/C,2.553742846887937e-23
constant,PV5/C,2.553742846887937e-23
constant,PV7/C,2.553742846887937e-23
constant,PV9/C,2.553742846887937e-23
constant,PV11/C,2.553742846887937e-23
constant,PV13/C,2.553742846887937e-23
constant,PV15/C,2.553742846887937e-23
constant,PV17/C,2.553742846887937e-23
constant,PV19/C,2.553742846887937e-23
constant,PV21/C,2.553742846887937e-23
constant,PV23/C,2.553742846887937e-23
constant,PV25/C,2.553742846887937e-23
constant,PV27/C,2.553742846887937e-23
constant,PV29/C,2.553742846887937e-23
constant,VV_junc1/C_max123,8.51e-22
constant,VV_junc1/D1,1.2e-05
constant,VV_junc2/C_max123,8.51e-22
constant,VV_junc3/C_max123,8.51e-22
constant,VV_junc4/C_max123,8.51e-22
constant,VV_junc5/C_max123,8.51e-22
constant,VV_junc6/C_max123,8.51e-22
constant,VV_junc7/C_max123,8.51e-22
constant,VV_junc8/C_max123,8.51e-22
constant,VV_junc9/C_max123,8.51e-22
constant,VV_junc10/C_max123,8.51e-22
constant,VV_junc11/C_max123,8.51e-22
constant,VV_junc12/C_max123,8.51e-22
constant,VV_junc13/C_max123,8.51e-22
constant,VV_junc14/C_max123,8.51e-22
constant,VV_junc15/C_max123,8.51e-22
constant,VV_junc1/D2,0.0
constant,PV2/C,2.553742846887937e-23
constant,PV4/C,2.553742846887937e-23
constant,PV6/C,2.553742846887937e-23
constant,PV8/C,2.553742846887937e-23
constant,PV10/C,2.553742846887937e-23
constant,PV12/C,2.553742846887937e-23
constant,PV14/C,2.553742846887937e-23
constant,PV16/C,2.553742846887937e-23
constant,PV18/C,2.553742846887937e-23
constant,PV20/C,2.553742846887937e-23
constant,PV22/C,2.553742846887937e-23
constant,PV24/C,2.553742846887937e-23
constant,PV26/C,2.553742846887937e-23
constant,PV28/C,2.553742846887937e-23
constant,PV30/C,2.553742846887937e-23
constant,VV_junc1/C,8.51e-22
constant,VV_junc1/D3,1.2e-05
constant,VV_junc2/C,8.51e-22
constant,VV_junc3/C,8.51e-22
constant,VV_junc4/C,8.51e-22
constant,VV_junc5/C,8.51e-22
constant,VV_junc6/C,8.51e-22
constant,VV_junc7/C,8.51e-22
constant,VV_junc8/C,8.51e-22
constant,VV_junc9/C,8.51e-22
constant,VV_junc10/C,8.51e-22
constant,VV_junc11/C,8.51e-22
constant,VV_junc12/C,8.51e-22
constant,VV_junc13/C,8.51e-22
constant,VV_junc14/C,8.51e-22
constant,VV_junc15/C,8.51e-22
constant,VV_junc1/D4,1.2e-05
constant,VV_junc1/w_in2,0.5
constant,VV_junc1/w_out2,0.5
constant,VV_junc1/Qin2,0.0
constant,VV_junc1/Qout2,-0.0
constant,VV_junc1/bc2_is_in,0.0
constant,VV_junc1/bc2_is_out,0.0
constant,PV1/Z,-1.1820960009520325
constant,PV1/mu_45,3.5523629350190156
constant,PV2/Z,-1.1820960009520325
constant,PV2/mu_45,3.5523629350190156
constant,V1/Z,-1.1691201400706768
constant,V1/mu_45,3.71461005007079
constant,V2/Z,-1.1691201400706768
constant,V2/mu_45,3.71461005007079
constant,VV_junc2/vj2,0.0
constant,VV_junc2/D1,1.1e-05
constant,VV_junc2/D2,0.0
constant,VV_junc2/D3,1.1e-05
constant,VV_junc2/D4,1.1e-05
constant,VV_junc2/w_in2,0.5
constant,VV_junc2/w_out2,0.5
constant,VV_junc2/Qin2,0.0
constant,VV_junc2/Qout2,-0.0
constant,VV_junc2/bc2_is_in,0.0
constant,VV_junc2/bc2_is_out,0.0
constant,PV3/Z,-1.1691201400706768
constant,PV3/mu_45,3.71461005007079
constant,PV4/Z,-1.1691201400706768
constant,PV4/mu_45,3.71461005007079
constant,V3/Z,-1.0657877752191043
constant,V3/mu_45,3.8923989981081206
constant,V4/Z,-1.0657877752191043
constant,V4/mu_45,3.8923989981081206
constant,VV_junc3/vj2,0.0
constant,VV_junc3/D1,1.1e-05
constant,VV_junc3/D2,0.0
constant,VV_junc3/D3,1.1e-05
constant,VV_junc3/D4,1.1e-05
constant,VV_junc3/w_in2,0.5
constant,VV_junc3/w_out2,0.5
constant,VV_junc3/Qin2,0.0
constant,VV_junc3/Qout2,-0.0
constant,VV_junc3/bc2_is_in,0.0
constant,VV_junc3/bc2_is_out,0.0
constant,PV5/Z,-1.1691201400706768
constant,PV5/mu_45,3.71461005007079
constant,PV6/Z,-1.1691201400706768
constant,PV6/mu_45,3.71461005007079
constant,V5/Z,-1.0657877752191043
constant,V5/mu_45,3.8923989981081206
constant,V6/Z,-1.0657877752191043
constant,V6/mu_45,3.8923989981081206
constant,VV_junc4/vj2,0.0
constant,VV_junc4/D1,1e-05
constant,VV_junc4/D2,0.0
constant,VV_junc4/D3,1e-05
constant,VV_junc4/D4,1e-05
constant,VV_junc4/w_in2,0.5
constant,VV_junc4/w_out2,0.5
constant,VV_junc4/Qin2,0.0
constant,VV_junc4/Qout2,-0.0
constant,VV_junc4/bc2_is_in,0.0
constant,VV_junc4/bc2_is_out,0.0
constant,PV7/Z,-1.0657877752191043
constant,PV7/mu_45,3.8923989981081206
constant,PV8/Z,-1.0657877752191043
constant,PV8/mu_45,3.8923989981081206
constant,V7/Z,-0.7053441623139816
constant,V7/mu_45,4.087040867095189
constant,V8/Z,-0.7053441623139816
constant,V8/mu_45,4.087040867095189
constant,VV_junc5/vj2,0.0
constant,VV_junc5/D1,1e-05
constant,VV_junc5/D2,0.0
constant,VV_junc5/D3,1e-05
constant,VV_junc5/D4,1e-05
constant,VV_junc5/w_in2,0.5
constant,VV_junc5/w_out2,0.5
constant,VV_junc5/Qin2,0.0
constant,VV_junc5/Qout2,-0.0
constant,VV_junc5/bc2_is_in,0.0
constant,VV_junc5/bc2_is_out,0.0
constant,PV9/Z,-1.0657877752191043
constant,PV9/mu_45,3.8923989981081206
constant,PV10/Z,-1.0657877752191043
constant,PV10/mu_45,3.8923989981081206
constant,V9/Z,-0.7053441623139816
constant,V9/mu_45,4.087040867095189
constant,V10/Z,-0.7053441623139816
constant,V10/mu_45,4.087040867095189
constant,VV_junc6/vj2,0.0
constant,VV_junc6/D1,1e-05
constant,VV_junc6/D2,0.0
constant,VV_junc6/D3,1e-05
constant,VV_junc6/D4,1e-05
constant,VV_junc6/w_in2,0.5
constant,VV_junc6/w_out2,0.5
constant,VV_junc6/Qin2,0.0
constant,VV_junc6/Qout2,-0.0
constant,VV_junc6/bc2_is_in,0.0
constant,VV_junc6/bc2_is_out,0.0
constant,PV11/Z,-1.0657877752191043
constant,PV11/mu_45,3.8923989981081206
constant,PV12/Z,-1.0657877752191043
constant,PV12/mu_45,3.8923989981081206
constant,V11/Z,-0.7053441623139816
constant,V11/mu_45,4.087040867095189
constant,V12/Z,-0.7053441623139816
constant,V12/mu_45,4.087040867095189
constant,VV_junc7/vj2,0.0
constant,VV_junc7/D1,1e-05
constant,VV_junc7/D2,0.0
constant,VV_junc7/D3,1e-05
constant,VV_junc7/D4,1e-05
constant,VV_junc7/w_in2,0.5
constant,VV_junc7/w_out2,0.5
constant,VV_junc7/Qin2,0.0
constant,VV_junc7/Qout2,-0.0
constant,VV_junc7/bc2_is_in,0.0
constant,VV_junc7/bc2_is_out,0.0
constant,PV13/Z,-1.0657877752191043
constant,PV13/mu_45,3.8923989981081206
constant,PV14/Z,-1.0657877752191043
constant,PV14/mu_45,3.8923989981081206
constant,V13/Z,-0.7053441623139816
constant,V13/mu_45,4.087040867095189
constant,V14/Z,-0.7053441623139816
constant,V14/mu_45,4.087040867095189
constant,VV_junc8/vj2,0.0
constant,VV_junc8/D1,9e-06
constant,VV_junc8/D2,0.0
constant,VV_junc8/D3,9e-06
constant,VV_junc8/D4,9e-06
constant,VV_junc8/w_in2,0.5
constant,VV_junc8/w_out2,0.5
constant,VV_junc8/Qin2,0.0
constant,VV_junc8/Qout2,-0.0
constant,VV_junc8/bc2_is_in,0.0
constant,VV_junc8/bc2_is_out,0.0
constant,PV15/Z,-0.7053441623139816
constant,PV15/mu_45,4.087040867095189
constant,PV16/Z,-0.7053441623139816
constant,PV16/mu_45,4.087040867095189
constant,V15/Z,0.043328549220367885
constant,V15/mu_45,4.299928552344507
constant,V16/Z,0.043328549220367885
constant,V16/mu_45,4.299928552344507
constant,VV_junc9/vj2,0.0
constant,VV_junc9/D1,9e-06
constant,VV_junc9/D2,0.0
constant,VV_junc9/D3,9e-06
constant,VV_junc9/D4,9e-06
constant,VV_junc9/w_in2,0.5
constant,VV_junc9/w_out2,0.5
constant,VV_junc9/Qin2,0.0
constant,VV_junc9/Qout2,-0.0
constant,VV_junc9/bc2_is_in,0.0
constant,VV_junc9/bc2_is_out,0.0
constant,PV17/Z,-0.7053441623139816
constant,PV17/mu_45,4.087040867095189
constant,PV18/Z,-0.7053441623139816
constant,PV18/mu_45,4.087040867095189
constant,V17/Z,0.043328549220367885
constant,V17/mu_45,4.299928552344507
constant,V18/Z,0.043328549220367885
constant,V18/mu_45,4.299928552344507
constant,VV_junc10/vj2,0.0
constant,VV_junc10/D1,9e-06
constant,VV_junc10/D2,0.0
constant,VV_junc10/D3,9e-06
constant,VV_junc10/D4,9e-06
constant,VV_junc10/w_in2,0.5
constant,VV_junc10/w_out2,0.5
constant,VV_junc10/Qin2,0.0
constant,VV_junc10/Qout2,-0.0
constant,VV_junc10/bc2_is_in,0.0
constant,VV_junc10/bc2_is_out,0.0
constant,PV19/Z,-0.7053441623139816
constant,PV19/mu_45,4.087040867095189
constant,PV20/Z,-0.7053441623139816
constant,PV20/mu_45,4.087040867095189
constant,V19/Z,0.043328549220367885
constant,V19/mu_45,4.299928552344507
constant,V20/Z,0.043328549220367885
constant,V20/mu_45,4.299928552344507
constant,VV_junc11/vj2,0.0
constant,VV_junc11/D1,9e-06
constant,VV_junc11/D2,0.0
constant,VV_junc11/D3,9e-06
constant,VV_junc11/D4,9e-06
constant,VV_junc11/w_in2,0.5
constant,VV_junc11/w_out2,0.5
constant,VV_junc11/Qin2,0.0
constant,VV_junc11/Qout2,-0.0
constant,VV_junc11/bc2_is_in,0.0
constant,VV_junc11/bc2_is_out,0.0
constant,PV21/Z,-0.7053441623139816
constant,PV21/mu_45,4.087040867095189
constant,PV22/Z,-0.7053441623139816
constant,PV22/mu_45,4.087040867095189
constant,V21/Z,0.043328549220367885
constant,V21/mu_45,4.299928552344507
constant,V22/Z,0.043328549220367885
constant,V22/mu_45,4.299928552344507
constant,VV_junc12/vj2,0.0
constant,VV_junc12/D1,9e-06
constant,VV_junc12/D2,0.0
constant,VV_junc12/D3,9e-06
constant,VV_junc12/D4,9e-06
constant,VV_junc12/w_in2,0.5
constant,VV_junc12/w_out2,0.5
constant,VV_junc12/Qin2,0.0
constant,VV_junc12/Qout2,-0.0
constant,VV_junc12/bc2_is_in,0.0
constant,VV_junc12/bc2_is_out,0.0
constant,PV23/Z,-0.7053441623139816
constant,PV23/mu_45,4.087040867095189
constant,PV24/Z,-0.7053441623139816
constant,PV24/mu_45,4.087040867095189
constant,V23/Z,0.043328549220367885
constant,V23/mu_45,4.299928552344507
constant,V24/Z,0.043328549220367885
constant,V24/mu_45,4.299928552344507
constant,VV_junc13/vj2,0.0
constant,VV_junc13/D1,9e-06
constant,VV_junc13/D2,0.0
constant,VV_junc13/D3,9e-06
constant,VV_junc13/D4,9e-06
constant,VV_junc13/w_in2,0.5
constant,VV_junc13/w_out2,0.5
constant,VV_junc13/Qin2,0.0
constant,VV_junc13/Qout2,-0.0
constant,VV_junc13/bc2_is_in,0.0
constant,VV_junc13/bc2_is_out,0.0
constant,PV25/Z,-0.7053441623139816
constant,PV25/mu_45,4.087040867095189
constant,PV26/Z,-0.7053441623139816
constant,PV26/mu_45,4.087040867095189
constant,V25/Z,0.043328549220367885
constant,V25/mu_45,4.299928552344507
constant,V26/Z,0.043328549220367885
constant,V26/mu_45,4.299928552344507
constant,VV_junc14/vj2,0.0
constant,VV_junc14/D1,9e-06
constant,VV_junc14/D2,0.0
constant,VV_junc14/D3,9e-06
constant,VV_junc14/D4,9e-06
constant,VV_junc14/w_in2,0.5
constant,VV_junc14/w_out2,0.5
constant,VV_junc14/Qin2,0.0
constant,VV_junc14/Qout2,-0.0
constant,VV_junc14/bc2_is_in,0.0
constant,VV_junc14/bc2_is_out,0.0
constant,PV27/Z,-0.7053441623139816
constant,PV27/mu_45,4.087040867095189
constant,PV28/Z,-0.7053441623139816
constant,PV28/mu_45,4.087040867095189
constant,V27/Z,0.043328549220367885
constant,V27/mu_45,4.299928552344507
constant,V28/Z,0.043328549220367885
constant,V28/mu_45,4.299928552344507
constant,VV_junc15/vj2,0.0
constant,VV_junc15/D1,9e-06
constant,VV_junc15/D2,0.0
constant,VV_junc15/D3,9e-06
constant,VV_junc15/D4,9e-06
constant,VV_junc15/w_in2,0.5
constant,VV_junc15/w_out2,0.5
constant,VV_junc15/Qin2,0.0
constant,VV_junc15/Qout2,-0.0
constant,VV_junc15/bc2_is_in,0.0
constant,VV_junc15/bc2_is_out,0.0
constant,PV29/Z,-0.7053441623139816
constant,PV29/mu_45,4.087040867095189
constant,PV30/Z,-0.7053441623139816
constant,PV30/mu_45,4.087040867095189
constant,V29/Z,0.043328549220367885
constant,V29/mu_45,4.299928552344507
constant,V30/Z,0.043328549220367885
constant,V30/mu_45,4.299928552344507
algebraic,VV_junc1/q,1.1861315016280942e-16
algebraic,inlet/H_L_in,0.45
algebraic,VV_junc2/q,1.0051400593832409e-16
algebraic,VV_junc3/q,1.0051400593834249e-16
algebraic,VV_junc4/q,8.400004964438745e-17
algebraic,VV_junc5/q,8.400004964423105e-17
algebraic,VV_junc6/q,8.400004964458335e-17
algebraic,VV_junc7/q,8.400004964412777e-17
algebraic,VV_junc8/q,6.906535079326974e-17
algebraic,VV_junc9/q,6.906535079326798e-17
algebraic,VV_junc10/q,6.90653507930539e-17
algebraic,VV_junc11/q,6.906535079300604e-17
algebraic,VV_junc12/q,6.906535079360268e-17
algebraic,VV_junc13/q,6.906535079378168e-17
algebraic,VV_junc14/q,6.906535079282188e-17
algebraic,VV_junc15/q,6.906535079286985e-17
algebraic,inlet/H_R_in,0.1655457647776386
algebraic,inlet/q,3.393252652921807e-14
algebraic,inlet/H_mean,0.44999999683948516
algebraic,inlet/hem_dep_u_rel,4.093512816394419
algebraic,inlet/mu,0.00409351281639442
algebraic,inlet/R,2412973330885921.0
algebraic,inlet/u,6644.756758107906
algebraic,inlet/u_mmHg,49.83991207833595
algebraic,inlet/v,1.7690408442482527e-14
algebraic,inlet/v_mm3_s,1.7690408442482525e-05
algebraic,inlet/w_v,1.0000000000000004
algebraic,inlet/v_pos,1.7690408442482533e-14
algebraic,inlet/v_neg,7.856119507146942e-30
algebraic,VV_junc1/H_mean,0.4677475447228069
algebraic,VV_junc1/u,6623.41351625517
algebraic,VV_junc1/u_mmHg,49.679824156967115
algebraic,inlet/v_d,1.7690408409859462e-14
algebraic,inlet/v_d_mm3_s,1.769040840985946e-05
algebraic,inlet/w_v_d,1.0000000000000004
algebraic,inlet/H_up,0.4500000000000002
algebraic,inlet/v_d_pos,1.7690408409859468e-14
algebraic,inlet/v_d_neg,7.856119492659391e-30
algebraic,inlet/H_L_out,0.45
algebraic,inlet/s_v_d,1.0
algebraic,inlet/H_R_out,0.44999999796712004
algebraic,inlet/H_down_target,0.44999999652343364
algebraic,inlet/H_volume_L,0.45
algebraic,VV_junc1/vj1,1.7690408409859462e-14
algebraic,inlet/H_volume_R,0.4499999979671202
algebraic,VV_junc1/w_in1,1.0000000000000004
algebraic,VV_junc1/w_out1,-4.440892098500626e-16
algebraic,VV_junc1/Qin1,1.7690408409859468e-14
algebraic,VV_junc1/Qout1,7.856119492659391e-30
algebraic,VV_junc1/bc1_is_in,1.0
algebraic,VV_junc1/bc1_is_out,0.0
algebraic,VV_junc1/u_d,6605.723107897524
algebraic,VV_junc1/u_d_mmHg,49.54713481569076
algebraic,VV_junc1/v,1.7690408357646447e-14
algebraic,VV_junc1/v_mm3_s,1.7690408357646446e-05
algebraic,PV1/R_constriction,0.0
algebraic,PV1/H_L_in,0.46192376185344425
algebraic,PV1/H_R_in,0.4499634960003781
algebraic,PV1/q,1.6966253160139018e-15
algebraic,PV1/H_mean,0.45003818346513547
algebraic,PV1/hem_dep_u_rel,4.094013898208049
algebraic,PV1/mu,0.004094013898208048
algebraic,PV1/R,120663434997542.81
algebraic,PV1/u,6605.189461683999
algebraic,PV1/u_mmHg,49.54313212886095
algebraic,PV1/v,8.8452017553707e-15
algebraic,PV1/v_mm3_s,8.8452017553707e-06
algebraic,VV_junc1/vj3,-8.8452017553707e-15
algebraic,VV_junc1/w_in3,-5.551115123125783e-16
algebraic,VV_junc1/w_out3,1.0000000000000004
algebraic,VV_junc1/Qin3,4.910073323133701e-30
algebraic,VV_junc1/Qout3,8.845201755370703e-15
algebraic,VV_junc1/bc3_is_in,0.0
algebraic,VV_junc1/bc3_is_out,1.0
algebraic,PV1/w_v,1.0000000000000004
algebraic,PV1/v_pos,8.845201755370703e-15
algebraic,PV1/v_neg,3.928058658506961e-30
algebraic,PV2/R_constriction,0.0
algebraic,PV2/H_L_in,0.4619242626263206
algebraic,PV2/H_R_in,0.4499634905737863
algebraic,PV2/q,1.6966253160139014e-15
algebraic,PV2/H_mean,0.45003818720956157
algebraic,PV2/hem_dep_u_rel,4.094013947345829
algebraic,PV2/mu,0.004094013947345829
algebraic,PV2/R,120663436445787.38
algebraic,PV2/u,6605.1894616758345
algebraic,PV2/v,8.8452017845349e-15
algebraic,PV2/u_mmHg,49.543132128799705
algebraic,VV_junc1/vj4,-8.8452017845349e-15
algebraic,PV2/v_mm3_s,8.8452017845349e-06
algebraic,VV_junc1/w_in4,-5.551115123125783e-16
algebraic,VV_junc1/w_out4,1.0000000000000004
algebraic,VV_junc1/Qin4,4.9100733393230845e-30
algebraic,VV_junc1/Qin_tot,1.769040840985948e-14
algebraic,VV_junc1/Qout4,8.845201784534903e-15
algebraic,VV_junc1/Qout_tot,1.7690403539905613e-14
algebraic,VV_junc1/bc4_is_in,0.0
algebraic,VV_junc1/bc4_is_out,1.0
algebraic,VV_junc1/n_out,2.0
algebraic,VV_junc1/n_in,1.0
algebraic,VV_junc1/junction_type,1.0
algebraic,VV_junc1/is_split,1.0
algebraic,VV_junc1/is_merge,0.0
algebraic,VV_junc1/feed1,1.0
algebraic,VV_junc1/feed2,0.0
algebraic,VV_junc1/feed3,0.0
algebraic,VV_junc1/feed4,0.0
algebraic,VV_junc1/alpha1,0.0
algebraic,VV_junc1/alpha2,0.0
algebraic,VV_junc1/alpha3,0.0
algebraic,VV_junc1/alpha4,1.0
algebraic,VV_junc1/Qout1_rem,7.856119492659391e-30
algebraic,VV_junc1/Qout2_rem,-0.0
algebraic,VV_junc1/Qout3_rem,8.845201755370703e-15
algebraic,VV_junc1/Qout4_rem,0.0
algebraic,VV_junc1/beta1,0.0
algebraic,VV_junc1/beta2,0.0
algebraic,VV_junc1/beta3,1.0
algebraic,VV_junc1/beta4,0.0
algebraic,VV_junc1/D_F,1.2e-05
algebraic,VV_junc1/D_alpha,1.2e-05
algebraic,VV_junc1/D_beta,1.2e-05
algebraic,VV_junc1/v_alpha,8.845201784534903e-15
algebraic,VV_junc1/v_beta,8.845201755370703e-15
algebraic,VV_junc1/FQB_alpha,0.5000000008242944
algebraic,VV_junc1/B,1.309593511486234
algebraic,VV_junc1/A,-0.0
algebraic,VV_junc1/X_0,0.03333333333333333
algebraic,VV_junc1/y_raw,0.5000000008831725
algebraic,VV_junc1/y,0.5000000008831725
algebraic,VV_junc1/ph,3.5326901341776216e-09
algebraic,VV_junc1/FQE_alpha,0.500000001156597
algebraic,VV_junc1/H_VV_out_alpha,0.46774754503367433
algebraic,VV_junc1/H_VV_out_beta,0.46774754441193944
algebraic,VV_junc1/H_split1,0.44999999796712004
algebraic,VV_junc1/H_split2,0.0
algebraic,VV_junc1/H_daughter1,0.44999999796712004
algebraic,VV_junc1/H_daughter2,0.0
algebraic,VV_junc1/H_from1_target,0.44999999796712004
algebraic,VV_junc1/H_from2_target,0.0
algebraic,VV_junc1/H_from1,-1.9984014352974812e-16
algebraic,VV_junc1/H_from2,0.0
algebraic,PV2/w_v,1.0000000000000004
algebraic,V1/H_L_in,0.4498464843820186
algebraic,PV2/v_pos,8.845201784534903e-15
algebraic,PV2/v_neg,3.9280586714584676e-30
algebraic,V1/H_R_in,0.16554538069262895
algebraic,V1/q,2.376104893356371e-14
algebraic,V1/H_mean,0.44999998008878883
algebraic,V1/hem_dep_u_rel,4.3513701501246445
algebraic,V1/mu,0.004351370150124645
algebraic,V1/R,3027299528129983.5
algebraic,V1/u,6604.655815182015
algebraic,PV1/v_d,8.845206536586775e-15
algebraic,V1/u_mmHg,49.5391294398675
algebraic,PV1/w_v_d,1.0000000000000004
algebraic,PV1/v_d_mm3_s,8.845206536586774e-06
algebraic,VV_junc2/H_mean,0.47367911518489403
algebraic,PV1/H_up,0.46192376185344425
algebraic,PV1/v_d_pos,8.845206536586779e-15
algebraic,PV1/v_d_neg,3.92806078179343e-30
algebraic,PV1/H_L_out,0.46192376185344425
algebraic,VV_junc2/u,6577.878732786898
algebraic,PV1/s_v_d,0.9999999999999998
algebraic,PV1/H_R_out,0.44950208171288486
algebraic,VV_junc1/H_split3,0.46774754441193944
algebraic,VV_junc2/u_mmHg,49.33828425006298
algebraic,V1/v,8.84520416506603e-15
algebraic,PV1/H_down_target,0.4488496256263046
algebraic,PV1/H_volume_L,0.46192376185344425
algebraic,VV_junc1/H_daughter3,0.46774754441193944
algebraic,V1/v_mm3_s,8.845204165066029e-06
algebraic,V1/w_v,1.0000000000000004
algebraic,PV1/H_volume_R,0.44950208171288486
algebraic,VV_junc1/H_from3_target,0.46774754441193944
algebraic,V1/H_up,0.44984648438201874
algebraic,V1/v_pos,8.845204165066033e-15
algebraic,V1/v_neg,3.928059728626656e-30
algebraic,V1/H_L_out,0.4498464843820186
algebraic,VV_junc1/H_from3,0.46774754441193966
algebraic,V1/s_v,0.9999999999999998
algebraic,V1/H_R_out,0.45000364509130486
algebraic,V1/H_down_target,0.45001532965946583
algebraic,V1/H_volume_L,0.4498464843820186
algebraic,V2/H_L_in,0.449846466239972
algebraic,VV_junc2/vj1,8.84520416506603e-15
algebraic,V1/H_volume_R,0.450003645091305
algebraic,V2/H_R_in,0.1655453805587889
algebraic,VV_junc2/w_in1,1.0000000000000004
algebraic,V2/q,2.3761048933563708e-14
algebraic,VV_junc2/w_out1,-4.440892098500626e-16
algebraic,V2/H_mean,0.4499999801027578
algebraic,VV_junc2/Qin1,8.845204165066033e-15
algebraic,V2/hem_dep_u_rel,4.351370150322531
algebraic,VV_junc2/Qout1,3.928059728626656e-30
algebraic,V2/mu,0.004351370150322531
algebraic,VV_junc2/bc1_is_in,1.0
algebraic,V2/R,3027299528267654.5
algebraic,VV_junc2/bc1_is_out,0.0
algebraic,V2/u,6604.655815170395
algebraic,VV_junc2/u_d,6569.033528630111
algebraic,PV2/v_d,8.845206487708154e-15
algebraic,V2/u_mmHg,49.53912943978034
algebraic,VV_junc2/u_d_mmHg,49.2719395795901
algebraic,VV_junc2/v,8.845204156787077e-15
algebraic,PV2/w_v_d,1.0000000000000004
algebraic,PV2/v_d_mm3_s,8.845206487708153e-06
algebraic,VV_junc2/v_mm3_s,8.845204156787076e-06
algebraic,PV3/R_constriction,0.0
algebraic,VV_junc3/H_mean,0.47367879607176533
algebraic,PV2/H_up,0.4619242626263206
algebraic,PV2/H_L_out,0.4619242626263206
algebraic,PV2/v_d_pos,8.845206487708157e-15
algebraic,PV2/v_d_neg,3.9280607600869616e-30
algebraic,PV3/H_L_in,0.4595599477418926
algebraic,VV_junc3/u,6577.878732806292
algebraic,VV_junc1/H_split4,0.46774754503367433
algebraic,PV2/s_v_d,0.9999999999999998
algebraic,PV2/H_R_out,0.44950204068440186
algebraic,PV3/H_R_in,0.4500413386965926
algebraic,VV_junc3/u_mmHg,49.33828425020845
algebraic,V2/v,8.845204154418783e-15
algebraic,VV_junc1/H_daughter4,0.46774754503367433
algebraic,PV2/H_down_target,0.4488495796678857
algebraic,PV2/H_volume_L,0.4619242626263206
algebraic,V2/v_mm3_s,8.845204154418782e-06
algebraic,PV3/q,1.4256620160550626e-15
algebraic,V2/w_v,1.0000000000000004
algebraic,VV_junc1/H_from4_target,0.46774754503367433
algebraic,PV2/H_volume_R,0.44950204068440186
algebraic,V2/H_up,0.44984646623997215
algebraic,V2/v_pos,8.845204154418786e-15
algebraic,V2/v_neg,3.9280597238983284e-30
algebraic,PV3/H_mean,0.44999812659608324
algebraic,V2/H_L_out,0.449846466239972
algebraic,VV_junc1/H_from4,0.46774754503367455
algebraic,V2/s_v,0.9999999999999998
algebraic,PV3/hem_dep_u_rel,4.351343893709256
algebraic,V2/H_R_out,0.4500036456379498
algebraic,VV_junc1/RBC_in,7.960683748474288e-15
algebraic,V2/H_down_target,0.4500153314890364
algebraic,V2/H_volume_L,0.449846466239972
algebraic,PV3/mu,0.004351343893709256
algebraic,VV_junc3/vj1,8.845204154418783e-15
algebraic,VV_junc1/RBC_out,8.274642820946503e-15
algebraic,V2/H_volume_R,0.45000364563795
algebraic,PV3/R,181636875673929.66
algebraic,VV_junc3/w_in1,1.0000000000000004
algebraic,PV3/u,6568.631876387937
algebraic,VV_junc3/w_out1,-4.440892098500626e-16
algebraic,PV3/u_mmHg,49.26892693169872
algebraic,PV3/v,4.422584793789094e-15
algebraic,VV_junc3/Qin1,8.845204154418786e-15
algebraic,PV3/v_mm3_s,4.422584793789093e-06
algebraic,VV_junc2/vj3,-4.422584793789094e-15
algebraic,VV_junc3/Qout1,3.9280597238983284e-30
algebraic,VV_junc2/w_in3,-5.551115123125783e-16
algebraic,VV_junc3/bc1_is_in,1.0
algebraic,VV_junc2/w_out3,1.0000000000000004
algebraic,VV_junc3/bc1_is_out,0.0
algebraic,VV_junc2/Qin3,2.455027733210876e-30
algebraic,VV_junc3/u_d,6569.033528653969
algebraic,VV_junc2/Qout3,4.4225847937890954e-15
algebraic,VV_junc3/u_d_mmHg,49.27193957976905
algebraic,VV_junc3/v,8.845204152322367e-15
algebraic,VV_junc2/bc3_is_in,0.0
algebraic,VV_junc3/v_mm3_s,8.845204152322367e-06
algebraic,PV5/R_constriction,0.0
algebraic,VV_junc2/bc3_is_out,1.0
algebraic,PV5/H_L_in,0.4595596419838114
algebraic,PV3/w_v,1.0000000000000004
algebraic,PV5/H_R_in,0.45004134087256653
algebraic,PV3/v_pos,4.4225847937890954e-15
algebraic,PV3/v_neg,1.9640221865687008e-30
algebraic,PV4/R_constriction,0.0
algebraic,PV5/q,1.4256620160550547e-15
algebraic,PV4/H_L_in,0.4595597990684754
algebraic,PV5/H_mean,0.44999812224867597
algebraic,PV4/H_R_in,0.45004133999691287
algebraic,PV5/hem_dep_u_rel,4.35134383212449
algebraic,PV4/q,1.4256620160550626e-15
algebraic,PV5/mu,0.0043513438321244905
algebraic,PV4/H_mean,0.4499981263480241
algebraic,PV5/R,181636873103214.84
algebraic,PV4/hem_dep_u_rel,4.351343890195285
algebraic,PV5/u,6568.631876076267
algebraic,PV4/mu,0.004351343890195284
algebraic,PV5/u_mmHg,49.268926929360994
algebraic,PV5/v,4.422588550884916e-15
algebraic,PV4/R,181636875527247.0
algebraic,PV5/v_mm3_s,4.422588550884916e-06
algebraic,VV_junc3/vj3,-4.422588550884916e-15
algebraic,PV4/u,6568.631876387856
algebraic,VV_junc3/w_in3,-5.551115123125783e-16
algebraic,PV4/v,4.42258479825188e-15
algebraic,PV4/u_mmHg,49.26892693169812
algebraic,VV_junc3/w_out3,1.0000000000000004
algebraic,VV_junc2/vj4,-4.42258479825188e-15
algebraic,PV4/v_mm3_s,4.42258479825188e-06
algebraic,VV_junc3/Qin3,2.4550298188180198e-30
algebraic,VV_junc2/w_in4,-5.551115123125783e-16
algebraic,VV_junc3/Qout3,4.4225885508849175e-15
algebraic,VV_junc2/w_out4,1.0000000000000004
algebraic,VV_junc3/bc3_is_in,0.0
algebraic,VV_junc2/Qin4,2.4550277356882203e-30
algebraic,VV_junc3/bc3_is_out,1.0
algebraic,VV_junc2/Qin_tot,8.84520416506604e-15
algebraic,VV_junc2/Qout4,4.422584798251882e-15
algebraic,PV5/w_v,1.0000000000000004
algebraic,VV_junc2/Qout_tot,8.84516959204098e-15
algebraic,VV_junc2/bc4_is_in,0.0
algebraic,PV5/v_pos,4.4225885508849175e-15
algebraic,PV5/v_neg,1.9640238550544158e-30
algebraic,PV6/R_constriction,0.0
algebraic,VV_junc2/bc4_is_out,1.0
algebraic,PV6/H_L_in,0.45955982194307476
algebraic,VV_junc2/n_out,2.0
algebraic,VV_junc2/n_in,1.0
algebraic,PV6/H_R_in,0.4500413379106554
algebraic,VV_junc2/junction_type,1.0
algebraic,PV6/q,1.425662016055055e-15
algebraic,VV_junc2/is_split,1.0
algebraic,PV6/H_mean,0.4499981258131753
algebraic,VV_junc2/is_merge,0.0
algebraic,PV6/hem_dep_u_rel,4.351343882618691
algebraic,VV_junc2/feed1,1.0
algebraic,PV6/mu,0.004351343882618691
algebraic,VV_junc2/feed2,0.0
algebraic,PV6/R,181636875210979.5
algebraic,VV_junc2/feed3,0.0
algebraic,PV6/u,6568.631876085919
algebraic,VV_junc2/feed4,0.0
algebraic,PV6/v,4.422588393280848e-15
algebraic,PV6/u_mmHg,49.2689269294334
algebraic,VV_junc2/alpha1,0.0
algebraic,VV_junc3/vj4,-4.422588393280848e-15
algebraic,PV6/v_mm3_s,4.422588393280848e-06
algebraic,VV_junc2/alpha2,0.0
algebraic,VV_junc3/w_in4,-5.551115123125783e-16
algebraic,VV_junc2/alpha3,0.0
algebraic,VV_junc3/w_out4,1.0000000000000004
algebraic,VV_junc2/alpha4,1.0
algebraic,VV_junc3/Qin4,2.4550297313301874e-30
algebraic,VV_junc2/Qout1_rem,3.928059728626656e-30
algebraic,VV_junc3/Qin_tot,8.845204154418792e-15
algebraic,VV_junc3/Qout4,4.42258839328085e-15
algebraic,VV_junc2/Qout2_rem,-0.0
algebraic,VV_junc3/Qout_tot,8.845176944165771e-15
algebraic,VV_junc3/bc4_is_in,0.0
algebraic,VV_junc2/Qout3_rem,4.4225847937890954e-15
algebraic,VV_junc3/bc4_is_out,1.0
algebraic,VV_junc2/Qout4_rem,0.0
algebraic,VV_junc3/n_out,2.0
algebraic,VV_junc3/n_in,1.0
algebraic,VV_junc2/beta1,0.0
algebraic,VV_junc3/junction_type,1.0
algebraic,VV_junc2/beta2,0.0
algebraic,VV_junc3/is_split,1.0
algebraic,VV_junc2/beta3,1.0
algebraic,VV_junc3/is_merge,0.0
algebraic,VV_junc2/beta4,0.0
algebraic,VV_junc3/feed1,1.0
algebraic,VV_junc2/D_F,1.1e-05
algebraic,VV_junc3/feed2,0.0
algebraic,VV_junc2/D_alpha,1.1e-05
algebraic,VV_junc3/feed3,0.0
algebraic,VV_junc2/D_beta,1.1e-05
algebraic,VV_junc3/feed4,0.0
algebraic,VV_junc2/v_alpha,4.422584798251882e-15
algebraic,VV_junc3/alpha1,0.0
algebraic,VV_junc2/v_beta,4.4225847937890954e-15
algebraic,VV_junc3/alpha2,0.0
algebraic,VV_junc2/FQB_alpha,0.5000000002522725
algebraic,VV_junc3/alpha3,1.0
algebraic,VV_junc2/B,1.3339745250917674
algebraic,VV_junc3/alpha4,0.0
algebraic,VV_junc2/A,-0.0
algebraic,VV_junc3/Qout1_rem,3.9280597238983284e-30
algebraic,VV_junc2/X_0,0.03636363636363637
algebraic,VV_junc3/Qout2_rem,-0.0
algebraic,VV_junc2/y_raw,0.5000000002720586
algebraic,VV_junc3/Qout3_rem,0.0
algebraic,VV_junc2/y,0.5000000002720586
algebraic,VV_junc3/Qout4_rem,4.42258839328085e-15
algebraic,VV_junc2/ph,1.0882343908965134e-09
algebraic,VV_junc3/beta1,0.0
algebraic,VV_junc2/FQE_alpha,0.5000000003629193
algebraic,VV_junc3/beta2,0.0
algebraic,VV_junc2/H_VV_out_alpha,0.4736791152897161
algebraic,VV_junc3/beta3,0.0
algebraic,VV_junc2/H_VV_out_beta,0.47367911508007193
algebraic,VV_junc3/beta4,1.0
algebraic,VV_junc2/H_split1,0.45000364509130486
algebraic,VV_junc3/D_F,1.1e-05
algebraic,VV_junc2/H_split2,0.0
algebraic,VV_junc3/D_alpha,1.1e-05
algebraic,VV_junc2/H_daughter1,0.45000364509130486
algebraic,VV_junc3/D_beta,1.1e-05
algebraic,VV_junc2/H_daughter2,0.0
algebraic,VV_junc3/v_alpha,4.4225885508849175e-15
algebraic,VV_junc2/H_from1_target,0.45000364509130486
algebraic,VV_junc3/v_beta,4.42258839328085e-15
algebraic,VV_junc2/H_from2_target,0.0
algebraic,VV_junc3/FQB_alpha,0.5000000089090398
algebraic,VV_junc2/H_from1,-1.9984176317824558e-16
algebraic,VV_junc3/B,1.3339747275835525
algebraic,VV_junc2/H_from2,0.0
algebraic,VV_junc3/A,-0.0
algebraic,PV4/w_v,1.0000000000000004
algebraic,VV_junc3/X_0,0.03636363636363637
algebraic,V3/H_L_in,0.4500749809350375
algebraic,PV4/v_pos,4.422584798251882e-15
algebraic,PV4/v_neg,1.964022188550576e-30
algebraic,VV_junc3/y_raw,0.500000009607788
algebraic,V3/H_R_in,0.1728840422146208
algebraic,VV_junc3/y,0.500000009607788
algebraic,V3/q,1.5710154457701617e-14
algebraic,VV_junc3/ph,3.8431151966155426e-08
algebraic,V3/H_mean,0.4500000510528718
algebraic,VV_junc3/FQE_alpha,0.5000000128165464
algebraic,V3/hem_dep_u_rel,4.65155864835497
algebraic,VV_junc3/H_VV_out_alpha,0.47367879977357125
algebraic,V3/mu,0.0046515586483549705
algebraic,VV_junc3/H_VV_out_beta,0.47367879236995925
algebraic,V3/R,3790430986073853.5
algebraic,VV_junc3/H_split1,0.4500036456379498
algebraic,V3/u,6568.230221011532
algebraic,VV_junc3/H_split2,0.0
algebraic,PV3/v_d,4.422619304749581e-15
algebraic,V3/u_mmHg,49.265914260298615
algebraic,VV_junc3/H_daughter1,0.4500036456379498
algebraic,PV3/w_v_d,1.0000000000000004
algebraic,PV3/v_d_mm3_s,4.4226193047495805e-06
algebraic,VV_junc3/H_daughter2,0.0
algebraic,VV_junc4/H_mean,0.47877842789595965
algebraic,PV3/H_up,0.4595599477418926
algebraic,PV3/v_d_pos,4.422619304749583e-15
algebraic,PV3/v_d_neg,1.9640375125138747e-30
algebraic,PV3/H_L_out,0.4595599477418926
algebraic,VV_junc3/H_from1_target,0.4500036456379498
algebraic,VV_junc4/u,6551.466653138726
algebraic,PV3/s_v_d,0.9999999999999998
algebraic,PV3/H_R_out,0.4499130115767971
algebraic,VV_junc2/H_split3,0.47367911508007193
algebraic,VV_junc3/H_from2_target,0.0
algebraic,VV_junc4/u_mmHg,49.140176813569596
algebraic,V3/v,4.422602056176821e-15
algebraic,PV3/H_down_target,0.4490419444815023
algebraic,PV3/H_volume_L,0.4595599477418926
algebraic,VV_junc2/H_daughter3,0.47367911508007193
algebraic,V3/v_mm3_s,4.422602056176821e-06
algebraic,VV_junc3/H_from1,-1.998417634210047e-16
algebraic,V3/w_v,1.0000000000000004
algebraic,PV3/H_volume_R,0.4499130115767971
algebraic,VV_junc2/H_from3_target,0.47367911508007193
algebraic,V3/H_up,0.45007498093503767
algebraic,V3/v_pos,4.422602056176823e-15
algebraic,V3/v_neg,1.9640298526088268e-30
algebraic,VV_junc3/H_from2,0.0
algebraic,V3/H_L_out,0.4500749809350375
algebraic,VV_junc2/H_from3,0.47367911508007216
algebraic,V3/s_v,0.9999999999999998
algebraic,PV6/w_v,1.0000000000000004
algebraic,V3/H_R_out,0.4499952162398609
algebraic,V3/H_down_target,0.4499925580646552
algebraic,V3/H_volume_L,0.4500749809350375
algebraic,V4/H_L_in,0.4500749851292954
algebraic,V5/H_L_in,0.4500749885331944
algebraic,PV6/v_pos,4.42258839328085e-15
algebraic,PV6/v_neg,1.96402378506415e-30
algebraic,VV_junc4/vj1,4.422602056176821e-15
algebraic,V3/H_volume_R,0.44999521623986105
algebraic,V4/H_R_in,0.17288404209699978
algebraic,V5/H_R_in,0.17288404217266165
algebraic,VV_junc4/w_in1,1.0000000000000004
algebraic,V4/q,1.5710154457701613e-14
algebraic,V5/q,1.571015445770163e-14
algebraic,VV_junc4/w_out1,-4.440892098500626e-16
algebraic,V4/H_mean,0.45000005109192304
algebraic,V5/H_mean,0.4500000509318387
algebraic,VV_junc4/Qin1,4.422602056176823e-15
algebraic,V4/hem_dep_u_rel,4.651558648941387
algebraic,V5/hem_dep_u_rel,4.65155864653747
algebraic,VV_junc4/Qout1,1.9640298526088268e-30
algebraic,V4/mu,0.004651558648941388
algebraic,V5/mu,0.00465155864653747
algebraic,VV_junc4/bc1_is_in,1.0
algebraic,V4/R,3790430986551708.5
algebraic,V5/R,3790430984592821.0
algebraic,VV_junc4/bc1_is_out,0.0
algebraic,V4/u,6568.2302210049365
algebraic,V5/u,6568.230221054111
algebraic,VV_junc4/u_d,6547.04405107441
algebraic,PV4/v_d,4.4226193800544584e-15
algebraic,V4/u_mmHg,49.26591426024915
algebraic,PV5/v_d,4.422615466713356e-15
algebraic,V5/u_mmHg,49.26591426061798
algebraic,VV_junc4/u_d_mmHg,49.10700447843874
algebraic,VV_junc4/v,4.42260206431547e-15
algebraic,PV4/w_v_d,1.0000000000000004
algebraic,PV4/v_d_mm3_s,4.4226193800544585e-06
algebraic,PV5/w_v_d,1.0000000000000004
algebraic,PV5/v_d_mm3_s,4.422615466713356e-06
algebraic,VV_junc4/v_mm3_s,4.4226020643154695e-06
algebraic,PV7/R_constriction,0.0
algebraic,VV_junc5/H_mean,0.4787788697336289
algebraic,VV_junc6/H_mean,0.47877886351418414
algebraic,PV4/H_up,0.4595597990684754
algebraic,PV4/H_L_out,0.4595597990684754
algebraic,PV4/v_d_pos,4.42261938005446e-15
algebraic,PV4/v_d_neg,1.9640375459559582e-30
algebraic,PV5/H_up,0.4595596419838114
algebraic,PV5/v_d_pos,4.422615466713358e-15
algebraic,PV5/v_d_neg,1.9640358080834003e-30
algebraic,PV5/H_L_out,0.4595596419838114
algebraic,PV7/H_L_in,0.46021400903551113
algebraic,VV_junc5/u,6551.46665297584
algebraic,VV_junc6/u,6551.466653343701
algebraic,VV_junc2/H_split4,0.4736791152897161
algebraic,PV4/s_v_d,0.9999999999999998
algebraic,PV4/H_R_out,0.449913022007954
algebraic,PV5/s_v_d,0.9999999999999998
algebraic,PV5/H_R_out,0.449913029714462
algebraic,VV_junc3/H_split3,0.47367879977357125
algebraic,PV7/H_R_in,0.45006478144046447
algebraic,VV_junc5/u_mmHg,49.140176812347846
algebraic,V4/v,4.4226020968521264e-15
algebraic,VV_junc6/u_mmHg,49.14017681510704
algebraic,V5/v,4.4226020150610146e-15
algebraic,VV_junc2/H_daughter4,0.4736791152897161
algebraic,PV4/H_down_target,0.449041959075979
algebraic,PV4/H_volume_L,0.4595597990684754
algebraic,V4/v_mm3_s,4.422602096852126e-06
algebraic,PV5/H_down_target,0.4490419702751624
algebraic,PV5/H_volume_L,0.4595596419838114
algebraic,VV_junc3/H_daughter3,0.47367879977357125
algebraic,V5/v_mm3_s,4.422602015061014e-06
algebraic,PV7/q,1.1782610352606187e-15
algebraic,V4/w_v,1.0000000000000004
algebraic,V5/w_v,1.0000000000000004
algebraic,VV_junc2/H_from4_target,0.4736791152897161
algebraic,PV4/H_volume_R,0.449913022007954
algebraic,V4/H_up,0.45007498512929556
algebraic,V4/v_pos,4.422602096852128e-15
algebraic,V4/v_neg,1.964029870672291e-30
algebraic,PV5/H_volume_R,0.449913029714462
algebraic,VV_junc3/H_from3_target,0.47367879977357125
algebraic,V5/H_up,0.45007498853319455
algebraic,V5/v_pos,4.422602015061016e-15
algebraic,V5/v_neg,1.9640298343497407e-30
algebraic,PV7/H_mean,0.44999526000782797
algebraic,V4/H_L_out,0.4500749851292954
algebraic,V5/H_L_out,0.4500749885331944
algebraic,VV_junc2/H_from4,0.47367911528971635
algebraic,V4/s_v,0.9999999999999998
algebraic,VV_junc3/H_from3,0.47367879977357147
algebraic,V5/s_v,0.9999999999999998
algebraic,PV7/hem_dep_u_rel,4.651486704040891
algebraic,V4/H_R_out,0.44999521612251525
algebraic,V5/H_R_out,0.4499952159862548
algebraic,VV_junc2/RBC_in,3.9803741158565086e-15
algebraic,V4/H_down_target,0.4499925576881858
algebraic,V4/H_volume_L,0.4500749851292954
algebraic,V5/H_down_target,0.4499925571717031
algebraic,V5/H_volume_L,0.4500749885331944
algebraic,V6/H_L_in,0.4500749783524287
algebraic,PV7/mu,0.0046514867040408905
algebraic,VV_junc5/vj1,4.4226020968521264e-15
algebraic,VV_junc6/vj1,4.4226020150610146e-15
algebraic,VV_junc2/RBC_out,4.1897721060183025e-15
algebraic,V4/H_volume_R,0.4499952161225154
algebraic,V5/H_volume_R,0.44999521598625497
algebraic,V6/H_R_in,0.17288404213796835
algebraic,PV7/R,284277927042945.1
algebraic,VV_junc5/w_in1,1.0000000000000004
algebraic,VV_junc6/w_in1,1.0000000000000004
algebraic,V6/q,1.571015445770162e-14
algebraic,PV7/u,6546.729739737114
algebraic,VV_junc5/w_out1,-4.440892098500626e-16
algebraic,VV_junc6/w_out1,-4.440892098500626e-16
algebraic,V6/H_mean,0.4500000510966007
algebraic,PV7/u_mmHg,49.10464694301851
algebraic,PV7/v,2.2112961112786025e-15
algebraic,VV_junc5/Qin1,4.422602096852128e-15
algebraic,VV_junc6/Qin1,4.422602015061016e-15
algebraic,V6/hem_dep_u_rel,4.651558649011628
algebraic,PV7/v_mm3_s,2.211296111278602e-06
algebraic,VV_junc4/vj3,-2.2112961112786025e-15
algebraic,VV_junc5/Qout1,1.964029870672291e-30
algebraic,VV_junc6/Qout1,1.9640298343497407e-30
algebraic,V6/mu,0.004651558649011628
algebraic,VV_junc4/w_in3,-5.551115123125783e-16
algebraic,VV_junc5/bc1_is_in,1.0
algebraic,VV_junc6/bc1_is_in,1.0
algebraic,V6/R,3790430986608946.0
algebraic,VV_junc4/w_out3,1.0000000000000004
algebraic,VV_junc5/bc1_is_out,0.0
algebraic,VV_junc6/bc1_is_out,0.0
algebraic,V6/u,6568.230221024078
algebraic,VV_junc4/Qin3,1.2275159285027884e-30
algebraic,VV_junc5/u_d,6547.044050869756
algebraic,VV_junc6/u_d,6547.044051329867
algebraic,PV6/v_d,4.4226158523716646e-15
algebraic,V6/u_mmHg,49.26591426039271
algebraic,VV_junc4/Qout3,2.2112961112786033e-15
algebraic,VV_junc5/u_d_mmHg,49.107004476903704
algebraic,VV_junc5/v,4.422602106084014e-15
algebraic,VV_junc6/u_d_mmHg,49.10700448035483
algebraic,VV_junc6/v,4.422602013833967e-15
algebraic,PV6/w_v_d,1.0000000000000004
algebraic,PV6/v_d_mm3_s,4.422615852371665e-06
algebraic,VV_junc4/bc3_is_in,0.0
algebraic,VV_junc5/v_mm3_s,4.422602106084014e-06
algebraic,PV9/R_constriction,0.0
algebraic,VV_junc6/v_mm3_s,4.422602013833967e-06
algebraic,PV11/R_constriction,0.0
algebraic,VV_junc7/H_mean,0.47877875786366225
algebraic,PV6/H_up,0.45955982194307476
algebraic,PV6/H_L_out,0.45955982194307476
algebraic,PV6/v_d_pos,4.422615852371666e-15
algebraic,PV6/v_d_neg,1.9640359793500937e-30
algebraic,VV_junc4/bc3_is_out,1.0
algebraic,PV9/H_L_in,0.4602128446834922
algebraic,PV11/H_L_in,0.46018675465589864
algebraic,VV_junc7/u,6551.466652870712
algebraic,VV_junc3/H_split4,0.47367879236995925
algebraic,PV6/s_v_d,0.9999999999999998
algebraic,PV6/H_R_out,0.449913009134201
algebraic,PV7/w_v,1.0000000000000004
algebraic,PV9/H_R_in,0.4500648028979424
algebraic,PV11/H_R_in,0.4500648164470462
algebraic,VV_junc7/u_mmHg,49.14017681155932
algebraic,V6/v,4.4226021295702185e-15
algebraic,VV_junc3/H_daughter4,0.47367879236995925
algebraic,PV6/H_down_target,0.44904195620018533
algebraic,PV6/H_volume_L,0.45955982194307476
algebraic,V6/v_mm3_s,4.4226021295702186e-06
algebraic,PV7/v_pos,2.2112961112786033e-15
algebraic,PV7/v_neg,9.820127428022307e-31
algebraic,PV8/R_constriction,0.0
algebraic,PV9/q,1.1782610352606094e-15
algebraic,PV11/q,1.1782610352606216e-15
algebraic,V6/w_v,1.0000000000000004
algebraic,VV_junc3/H_from4_target,0.47367879236995925
algebraic,PV6/H_volume_R,0.449913009134201
algebraic,V6/H_up,0.4500749783524289
algebraic,V6/v_pos,4.42260212957022e-15
algebraic,V6/v_neg,1.9640298852020426e-30
algebraic,PV8/H_L_in,0.4602121513363472
algebraic,PV9/H_mean,0.449995243775774
algebraic,PV11/H_mean,0.44999522237889883
algebraic,V6/H_L_out,0.4500749783524287
algebraic,VV_junc3/H_from4,0.47367879236995947
algebraic,V6/s_v,0.9999999999999998
algebraic,PV8/H_R_in,0.45006480020419587
algebraic,PV9/hem_dep_u_rel,4.651486460295855
algebraic,PV11/hem_dep_u_rel,4.65148613899445
algebraic,V6/H_R_out,0.449995216333221
algebraic,VV_junc3/RBC_in,3.9803741159003945e-15
algebraic,V6/H_down_target,0.44999255837101787
algebraic,V6/H_volume_L,0.4500749783524287
algebraic,PV8/q,1.1782610352606187e-15
algebraic,PV9/mu,0.004651486460295855
algebraic,PV11/mu,0.00465148613899445
algebraic,VV_junc7/vj1,4.4226021295702185e-15
algebraic,VV_junc3/RBC_out,4.189772765954179e-15
algebraic,V6/H_volume_R,0.44999521633322115
algebraic,PV8/H_mean,0.4499952575041178
algebraic,PV9/R,284277912146345.9
algebraic,PV11/R,284277892509850.44
algebraic,VV_junc7/w_in1,1.0000000000000004
algebraic,PV8/hem_dep_u_rel,4.65148666644448
algebraic,PV9/u,6546.729739371133
algebraic,PV11/u,6546.729739850294
algebraic,VV_junc7/w_out1,-4.440892098500626e-16
algebraic,PV8/mu,0.00465148666644448
algebraic,PV9/u_mmHg,49.10464694027342
algebraic,PV9/v,2.2112973621430463e-15
algebraic,PV11/u_mmHg,49.10464694386744
algebraic,PV11/v,2.21129738086908e-15
algebraic,VV_junc7/Qin1,4.42260212957022e-15
algebraic,PV8/R,284277924745221.75
algebraic,PV9/v_mm3_s,2.2112973621430464e-06
algebraic,VV_junc5/vj3,-2.2112973621430463e-15
algebraic,PV11/v_mm3_s,2.21129738086908e-06
algebraic,VV_junc6/vj3,-2.21129738086908e-15
algebraic,VV_junc7/Qout1,1.9640298852020426e-30
algebraic,PV8/u,6546.729739739163
algebraic,VV_junc5/w_in3,-5.551115123125783e-16
algebraic,VV_junc6/w_in3,-5.551115123125783e-16
algebraic,VV_junc7/bc1_is_in,1.0
algebraic,PV8/v,2.211296114735655e-15
algebraic,PV8/u_mmHg,49.10464694303388
algebraic,VV_junc5/w_out3,1.0000000000000004
algebraic,VV_junc6/w_out3,1.0000000000000004
algebraic,VV_junc7/bc1_is_out,0.0
algebraic,VV_junc4/vj4,-2.211296114735655e-15
algebraic,PV8/v_mm3_s,2.211296114735655e-06
algebraic,VV_junc5/Qin3,1.2275166228720414e-30
algebraic,VV_junc6/Qin3,1.2275166332670784e-30
algebraic,VV_junc7/u_d,6547.044050732158
algebraic,VV_junc4/w_in4,-5.551115123125783e-16
algebraic,VV_junc5/Qout3,2.211297362143047e-15
algebraic,VV_junc6/Qout3,2.211297380869081e-15
algebraic,VV_junc7/u_d_mmHg,49.10700447587163
algebraic,VV_junc7/v,4.422602138553884e-15
algebraic,VV_junc4/w_out4,1.0000000000000004
algebraic,VV_junc5/bc3_is_in,0.0
algebraic,VV_junc6/bc3_is_in,0.0
algebraic,VV_junc7/v_mm3_s,4.422602138553884e-06
algebraic,PV13/R_constriction,0.0
algebraic,VV_junc4/Qin4,1.227515930421838e-30
algebraic,VV_junc5/bc3_is_out,1.0
algebraic,VV_junc6/bc3_is_out,1.0
algebraic,PV13/H_L_in,0.46021384160078854
algebraic,VV_junc4/Qin_tot,4.422602056176826e-15
algebraic,VV_junc4/Qout4,2.2112961147356556e-15
algebraic,PV9/w_v,1.0000000000000004
algebraic,PV11/w_v,1.0000000000000004
algebraic,PV13/H_R_in,0.45006478825772384
algebraic,VV_junc4/Qout_tot,4.422592226014261e-15
algebraic,VV_junc4/bc4_is_in,0.0
algebraic,PV9/v_pos,2.211297362143047e-15
algebraic,PV9/v_neg,9.820132982976332e-31
algebraic,PV10/R_constriction,0.0
algebraic,PV11/v_pos,2.211297380869081e-15
algebraic,PV11/v_neg,9.820133066136628e-31
algebraic,PV12/R_constriction,0.0
algebraic,PV13/q,1.1782610352605998e-15
algebraic,VV_junc4/bc4_is_out,1.0
algebraic,PV10/H_L_in,0.4602138162215531
algebraic,PV12/H_L_in,0.4601998470348539
algebraic,PV13/H_mean,0.44999524803576296
algebraic,VV_junc4/n_out,2.0
algebraic,VV_junc4/n_in,1.0
algebraic,PV10/H_R_in,0.45006477911146187
algebraic,PV12/H_R_in,0.4500648040664037
algebraic,PV13/hem_dep_u_rel,4.651486524265032
algebraic,VV_junc4/junction_type,1.0
algebraic,PV10/q,1.1782610352606092e-15
algebraic,PV12/q,1.1782610352606215e-15
algebraic,PV13/mu,0.004651486524265031
algebraic,VV_junc4/is_split,1.0
algebraic,PV10/H_mean,0.44999524825377424
algebraic,PV12/H_mean,0.44999523438894873
algebraic,PV13/R,284277916055853.94
algebraic,VV_junc4/is_merge,0.0
algebraic,PV10/hem_dep_u_rel,4.651486527538751
algebraic,PV12/hem_dep_u_rel,4.651486319340684
algebraic,PV13/u,6546.729738994386
algebraic,VV_junc4/feed1,1.0
algebraic,PV10/mu,0.004651486527538751
algebraic,PV12/mu,0.004651486319340684
algebraic,PV13/u_mmHg,49.104646937447576
algebraic,PV13/v,2.2112990142395133e-15
algebraic,VV_junc4/feed2,0.0
algebraic,PV10/R,284277916255928.94
algebraic,PV12/R,284277903531800.4
algebraic,PV13/v_mm3_s,2.2112990142395133e-06
algebraic,VV_junc7/vj3,-2.2112990142395133e-15
algebraic,VV_junc4/feed3,0.0
algebraic,PV10/u,6546.729739363445
algebraic,PV12/u,6546.729739843845
algebraic,VV_junc7/w_in3,-5.551115123125783e-16
algebraic,VV_junc4/feed4,0.0
algebraic,PV10/v,2.2112973842636784e-15
algebraic,PV10/u_mmHg,49.10464694021576
algebraic,PV12/v,2.2112973405059177e-15
algebraic,PV12/u_mmHg,49.10464694381906
algebraic,VV_junc7/w_out3,1.0000000000000004
algebraic,VV_junc4/alpha1,0.0
algebraic,VV_junc5/vj4,-2.2112973842636784e-15
algebraic,PV10/v_mm3_s,2.211297384263678e-06
algebraic,VV_junc6/vj4,-2.2112973405059177e-15
algebraic,PV12/v_mm3_s,2.2112973405059175e-06
algebraic,VV_junc7/Qin3,1.2275175399698099e-30
algebraic,VV_junc4/alpha2,0.0
algebraic,VV_junc5/w_in4,-5.551115123125783e-16
algebraic,VV_junc6/w_in4,-5.551115123125783e-16
algebraic,VV_junc7/Qout3,2.211299014239514e-15
algebraic,VV_junc4/alpha3,0.0
algebraic,VV_junc5/w_out4,1.0000000000000004
algebraic,VV_junc6/w_out4,1.0000000000000004
algebraic,VV_junc7/bc3_is_in,0.0
algebraic,VV_junc4/alpha4,1.0
algebraic,VV_junc5/Qin4,1.227516635151459e-30
algebraic,VV_junc6/Qin4,1.2275166108610223e-30
algebraic,VV_junc7/bc3_is_out,1.0
algebraic,VV_junc4/Qout1_rem,1.9640298526088268e-30
algebraic,VV_junc5/Qin_tot,4.422602096852131e-15
algebraic,VV_junc5/Qout4,2.211297384263679e-15
algebraic,VV_junc6/Qin_tot,4.422602015061019e-15
algebraic,VV_junc6/Qout4,2.2112973405059185e-15
algebraic,PV13/w_v,1.0000000000000004
algebraic,VV_junc4/Qout2_rem,-0.0
algebraic,VV_junc5/Qout_tot,4.422594746406728e-15
algebraic,VV_junc5/bc4_is_in,0.0
algebraic,VV_junc6/Qout_tot,4.422594721375002e-15
algebraic,VV_junc6/bc4_is_in,0.0
algebraic,PV13/v_pos,2.211299014239514e-15
algebraic,PV13/v_neg,9.820140319758478e-31
algebraic,PV14/R_constriction,0.0
algebraic,VV_junc4/Qout3_rem,2.2112961112786033e-15
algebraic,VV_junc5/bc4_is_out,1.0
algebraic,VV_junc6/bc4_is_out,1.0
algebraic,PV14/H_L_in,0.46021290772181433
algebraic,VV_junc4/Qout4_rem,0.0
algebraic,VV_junc5/n_out,2.0
algebraic,VV_junc5/n_in,1.0
algebraic,VV_junc6/n_out,2.0
algebraic,VV_junc6/n_in,1.0
algebraic,PV14/H_R_in,0.45006479159072627
algebraic,VV_junc4/beta1,0.0
algebraic,VV_junc5/junction_type,1.0
algebraic,VV_junc6/junction_type,1.0
algebraic,PV14/q,1.1782610352606e-15
algebraic,VV_junc4/beta2,0.0
algebraic,VV_junc5/is_split,1.0
algebraic,VV_junc6/is_split,1.0
algebraic,PV14/H_mean,0.4499952469095145
algebraic,VV_junc4/beta3,1.0
algebraic,VV_junc5/is_merge,0.0
algebraic,VV_junc6/is_merge,0.0
algebraic,PV14/hem_dep_u_rel,4.651486507352973
algebraic,VV_junc4/beta4,0.0
algebraic,VV_junc5/feed1,1.0
algebraic,VV_junc6/feed1,1.0
algebraic,PV14/mu,0.004651486507352974
algebraic,VV_junc4/D_F,1e-05
algebraic,VV_junc5/feed2,0.0
algebraic,VV_junc6/feed2,0.0
algebraic,PV14/R,284277915022265.1
algebraic,VV_junc4/D_alpha,1e-05
algebraic,VV_junc5/feed3,0.0
algebraic,VV_junc6/feed3,0.0
algebraic,PV14/u,6546.729738999097
algebraic,VV_junc4/D_beta,1e-05
algebraic,VV_junc5/feed4,0.0
algebraic,VV_junc6/feed4,0.0
algebraic,PV14/v,2.211298989134534e-15
algebraic,PV14/u_mmHg,49.10464693748291
algebraic,VV_junc4/v_alpha,2.2112961147356556e-15
algebraic,VV_junc5/alpha1,0.0
algebraic,VV_junc6/alpha1,0.0
algebraic,VV_junc7/vj4,-2.211298989134534e-15
algebraic,PV14/v_mm3_s,2.2112989891345338e-06
algebraic,VV_junc4/v_beta,2.2112961112786033e-15
algebraic,VV_junc5/alpha2,0.0
algebraic,VV_junc6/alpha2,0.0
algebraic,VV_junc7/w_in4,-5.551115123125783e-16
algebraic,VV_junc4/FQB_alpha,0.5000000003908401
algebraic,VV_junc5/alpha3,0.0
algebraic,VV_junc6/alpha3,1.0
algebraic,VV_junc7/w_out4,1.0000000000000004
algebraic,VV_junc4/B,1.3638126573286202
algebraic,VV_junc5/alpha4,1.0
algebraic,VV_junc6/alpha4,0.0
algebraic,VV_junc7/Qin4,1.2275175260337467e-30
algebraic,VV_junc4/A,-0.0
algebraic,VV_junc5/Qout1_rem,1.964029870672291e-30
algebraic,VV_junc6/Qout1_rem,1.9640298343497407e-30
algebraic,VV_junc7/Qin_tot,4.422602129570223e-15
algebraic,VV_junc7/Qout4,2.211298989134535e-15
algebraic,VV_junc4/X_0,0.04
algebraic,VV_junc5/Qout2_rem,-0.0
algebraic,VV_junc6/Qout2_rem,-0.0
algebraic,VV_junc7/Qout_tot,4.4225980033740505e-15
algebraic,VV_junc7/bc4_is_in,0.0
algebraic,VV_junc4/y_raw,0.5000000004248263
algebraic,VV_junc5/Qout3_rem,2.211297362143047e-15
algebraic,VV_junc6/Qout3_rem,0.0
algebraic,VV_junc7/bc4_is_out,1.0
algebraic,VV_junc4/y,0.5000000004248263
algebraic,VV_junc5/Qout4_rem,0.0
algebraic,VV_junc6/Qout4_rem,2.2112973405059185e-15
algebraic,VV_junc7/n_out,2.0
algebraic,VV_junc7/n_in,1.0
algebraic,VV_junc4/ph,1.6993051396013964e-09
algebraic,VV_junc5/beta1,0.0
algebraic,VV_junc6/beta1,0.0
algebraic,VV_junc7/junction_type,1.0
algebraic,VV_junc4/FQE_alpha,0.5000000005793834
algebraic,VV_junc5/beta2,0.0
algebraic,VV_junc6/beta2,0.0
algebraic,VV_junc7/is_split,1.0
algebraic,VV_junc4/H_VV_out_alpha,0.4787784280765006
algebraic,VV_junc5/beta3,1.0
algebraic,VV_junc6/beta3,0.0
algebraic,VV_junc7/is_merge,0.0
algebraic,VV_junc4/H_VV_out_beta,0.4787784277154187
algebraic,VV_junc5/beta4,0.0
algebraic,VV_junc6/beta4,1.0
algebraic,VV_junc7/feed1,1.0
algebraic,VV_junc4/H_split1,0.4499952162398609
algebraic,VV_junc5/D_F,1e-05
algebraic,VV_junc6/D_F,1e-05
algebraic,VV_junc7/feed2,0.0
algebraic,VV_junc4/H_split2,0.0
algebraic,VV_junc5/D_alpha,1e-05
algebraic,VV_junc6/D_alpha,1e-05
algebraic,VV_junc7/feed3,0.0
algebraic,VV_junc4/H_daughter1,0.4499952162398609
algebraic,VV_junc5/D_beta,1e-05
algebraic,VV_junc6/D_beta,1e-05
algebraic,VV_junc7/feed4,0.0
algebraic,VV_junc4/H_daughter2,0.0
algebraic,VV_junc5/v_alpha,2.211297384263679e-15
algebraic,VV_junc6/v_alpha,2.211297380869081e-15
algebraic,VV_junc7/alpha1,0.0
algebraic,VV_junc4/H_from1_target,0.4499952162398609
algebraic,VV_junc5/v_beta,2.211297362143047e-15
algebraic,VV_junc6/v_beta,2.2112973405059185e-15
algebraic,VV_junc7/alpha2,0.0
algebraic,VV_junc4/H_from2_target,0.0
algebraic,VV_junc5/FQB_alpha,0.5000000025008658
algebraic,VV_junc6/FQB_alpha,0.5000000045632897
algebraic,VV_junc7/alpha3,1.0
algebraic,VV_junc4/H_from1,-1.9983802001626789e-16
algebraic,VV_junc5/B,1.363812348925927
algebraic,VV_junc6/B,1.3638123532670996
algebraic,VV_junc7/alpha4,0.0
algebraic,VV_junc4/H_from2,0.0
algebraic,VV_junc5/A,-0.0
algebraic,VV_junc6/A,-0.0
algebraic,VV_junc7/Qout1_rem,1.9640298852020426e-30
algebraic,PV8/w_v,1.0000000000000004
algebraic,VV_junc5/X_0,0.04
algebraic,VV_junc6/X_0,0.04
algebraic,VV_junc7/Qout2_rem,-0.0
algebraic,V7/H_L_in,0.4501417913935532
algebraic,PV8/v_pos,2.2112961147356556e-15
algebraic,PV8/v_neg,9.820127443374704e-31
algebraic,VV_junc5/y_raw,0.5000000027183324
algebraic,VV_junc6/y_raw,0.5000000049600976
algebraic,VV_junc7/Qout3_rem,0.0
algebraic,V7/H_R_in,0.17440839444403422
algebraic,VV_junc5/y,0.5000000027183324
algebraic,VV_junc6/y,0.5000000049600976
algebraic,VV_junc7/Qout4_rem,2.211298989134535e-15
algebraic,V7/q,9.54422550665607e-15
algebraic,VV_junc5/ph,1.087332973299022e-08
algebraic,VV_junc6/ph,1.984039024485164e-08
algebraic,VV_junc7/beta1,0.0
algebraic,V7/H_mean,0.4500001884959786
algebraic,VV_junc5/FQE_alpha,0.5000000037072954
algebraic,VV_junc6/FQE_alpha,0.5000000067646423
algebraic,VV_junc7/beta2,0.0
algebraic,V7/hem_dep_u_rel,5.006577245971384
algebraic,VV_junc5/H_VV_out_alpha,0.4787788708888548
algebraic,VV_junc6/H_VV_out_alpha,0.47877886562210625
algebraic,VV_junc7/beta3,0.0
algebraic,V7/mu,0.005006577245971384
algebraic,VV_junc5/H_VV_out_beta,0.4787788685784029
algebraic,VV_junc6/H_VV_out_beta,0.47877886140626197
algebraic,VV_junc7/beta4,1.0
algebraic,V7/R,4663610156994630.0
algebraic,VV_junc5/H_split1,0.44999521612251525
algebraic,VV_junc6/H_split1,0.4499952159862548
algebraic,VV_junc7/D_F,1e-05
algebraic,V7/u,6546.415427001488
algebraic,VV_junc5/H_split2,0.0
algebraic,VV_junc6/H_split2,0.0
algebraic,VV_junc7/D_alpha,1e-05
algebraic,PV7/v_d,2.2113059490449647e-15
algebraic,V7/u_mmHg,49.102289397109914
algebraic,VV_junc5/H_daughter1,0.44999521612251525
algebraic,VV_junc6/H_daughter1,0.4499952159862548
algebraic,VV_junc7/D_beta,1e-05
algebraic,PV7/w_v_d,1.0000000000000004
algebraic,PV7/v_d_mm3_s,2.2113059490449645e-06
algebraic,VV_junc5/H_daughter2,0.0
algebraic,VV_junc6/H_daughter2,0.0
algebraic,VV_junc7/v_alpha,2.211299014239514e-15
algebraic,VV_junc8/H_mean,0.4841398505394106
algebraic,PV7/H_up,0.46021400903551113
algebraic,PV7/v_d_pos,2.2113059490449655e-15
algebraic,PV7/v_d_neg,9.820171116481212e-31
algebraic,PV7/H_L_out,0.46021400903551113
algebraic,VV_junc5/H_from1_target,0.44999521612251525
algebraic,VV_junc6/H_from1_target,0.4499952159862548
algebraic,VV_junc7/v_beta,2.211298989134535e-15
algebraic,VV_junc8/u,6536.1027810505875
algebraic,PV7/s_v_d,0.9999999999999994
algebraic,PV7/H_R_out,0.45001211337595537
algebraic,VV_junc4/H_split3,0.4787784277154187
algebraic,VV_junc5/H_from2_target,0.0
algebraic,VV_junc6/H_from2_target,0.0
algebraic,VV_junc7/FQB_alpha,0.5000000028382615
algebraic,VV_junc8/u_mmHg,49.0249379776075
algebraic,V7/v,2.211301031548081e-15
algebraic,PV7/H_down_target,0.44897338510505963
algebraic,PV7/H_volume_L,0.46021400903551113
algebraic,VV_junc4/H_daughter3,0.4787784277154187
algebraic,V7/v_mm3_s,2.2113010315480807e-06
algebraic,VV_junc5/H_from1,-1.9983801996415596e-16
algebraic,VV_junc6/H_from1,-1.9983801990364416e-16
algebraic,VV_junc7/B,1.3638124270111638
algebraic,V7/w_v,1.0000000000000004
algebraic,PV7/H_volume_R,0.45001211337595537
algebraic,VV_junc4/H_from3_target,0.4787784277154187
algebraic,V7/H_up,0.45014179139355337
algebraic,V7/v_pos,2.2113010315480816e-15
algebraic,V7/v_neg,9.820149278408156e-31
algebraic,VV_junc5/H_from2,0.0
algebraic,VV_junc6/H_from2,0.0
algebraic,VV_junc7/A,-0.0
algebraic,V7/H_L_out,0.4501417913935532
algebraic,VV_junc4/H_from3,0.4787784277154189
algebraic,V7/s_v,0.9999999999999994
algebraic,PV10/w_v,1.0000000000000004
algebraic,PV12/w_v,1.0000000000000004
algebraic,VV_junc7/X_0,0.04
algebraic,V7/H_R_out,0.44999213715941067
algebraic,V7/H_down_target,0.4499860282062212
algebraic,V7/H_volume_L,0.4501417913935532
algebraic,V8/H_L_in,0.4501418585188839
algebraic,V9/H_L_in,0.4501418591808089
algebraic,PV10/v_pos,2.211297384263679e-15
algebraic,PV10/v_neg,9.820133081211672e-31
algebraic,V11/H_L_in,0.45014202499480915
algebraic,PV12/v_pos,2.2112973405059185e-15
algebraic,PV12/v_neg,9.820132886888179e-31
algebraic,VV_junc7/y_raw,0.5000000030850669
algebraic,VV_junc8/vj1,2.211301031548081e-15
algebraic,V7/H_volume_R,0.44999213715941083
algebraic,V8/H_R_in,0.1744083944522123
algebraic,V9/H_R_in,0.17440839429726687
algebraic,V11/H_R_in,0.17440839448101522
algebraic,VV_junc7/y,0.5000000030850669
algebraic,VV_junc8/w_in1,1.0000000000000004
algebraic,V8/q,9.54422550665607e-15
algebraic,V9/q,9.544225506656024e-15
algebraic,V11/q,9.544225506656155e-15
algebraic,VV_junc7/ph,1.2340267398400988e-08
algebraic,VV_junc8/w_out1,-4.440892098500626e-16
algebraic,V8/H_mean,0.4500001884990528
algebraic,V9/H_mean,0.4500001885446171
algebraic,V11/H_mean,0.4500001881437092
algebraic,VV_junc7/FQE_alpha,0.5000000042074525
algebraic,VV_junc8/Qin1,2.2113010315480816e-15
algebraic,V8/hem_dep_u_rel,5.006577246017295
algebraic,V9/hem_dep_u_rel,5.006577246697762
algebraic,V11/hem_dep_u_rel,5.006577240710524
algebraic,VV_junc7/H_VV_out_alpha,0.4787787591747414
algebraic,VV_junc8/Qout1,9.820149278408156e-31
algebraic,V8/mu,0.005006577246017295
algebraic,V9/mu,0.005006577246697762
algebraic,V11/mu,0.0050065772407105235
algebraic,VV_junc7/H_VV_out_beta,0.4787787565525831
algebraic,VV_junc8/bc1_is_in,1.0
algebraic,V8/R,4663610157037396.0
algebraic,V9/R,4663610157671249.0
algebraic,V11/R,4663610152094156.0
algebraic,VV_junc7/H_split1,0.449995216333221
algebraic,VV_junc8/bc1_is_out,0.0
algebraic,V8/u,6546.415427006201
algebraic,V9/u,6546.4154268249285
algebraic,V11/u,6546.415427335035
algebraic,VV_junc7/H_split2,0.0
algebraic,VV_junc8/u_d,6533.891479998725
algebraic,PV8/v_d,2.211305948176622e-15
algebraic,V8/u_mmHg,49.10228939714526
algebraic,PV9/v_d,2.2113047322715583e-15
algebraic,V9/u_mmHg,49.102289395785604
algebraic,PV11/v_d,2.211304667304005e-15
algebraic,V11/u_mmHg,49.10228939961173
algebraic,VV_junc7/H_daughter1,0.449995216333221
algebraic,VV_junc8/u_d_mmHg,49.00835180989428
algebraic,VV_junc8/v,2.211301051862392e-15
algebraic,PV8/w_v_d,1.0000000000000004
algebraic,PV8/v_d_mm3_s,2.211305948176622e-06
algebraic,PV9/w_v_d,1.0000000000000004
algebraic,PV9/v_d_mm3_s,2.211304732271558e-06
algebraic,PV11/w_v_d,1.0000000000000004
algebraic,PV11/v_d_mm3_s,2.2113046673040048e-06
algebraic,VV_junc7/H_daughter2,0.0
algebraic,VV_junc8/v_mm3_s,2.211301051862392e-06
algebraic,PV15/R_constriction,0.0
algebraic,VV_junc9/H_mean,0.48413991107192733
algebraic,VV_junc10/H_mean,0.48413981753803276
algebraic,VV_junc12/H_mean,0.4841379849068354
algebraic,PV8/H_up,0.4602121513363472
algebraic,PV8/H_L_out,0.4602121513363472
algebraic,PV8/v_d_pos,2.211305948176623e-15
algebraic,PV8/v_d_neg,9.820171112624996e-31
algebraic,PV9/H_up,0.4602128446834922
algebraic,PV9/v_d_pos,2.211304732271559e-15
algebraic,PV9/v_d_neg,9.820165712921806e-31
algebraic,PV9/H_L_out,0.4602128446834922
algebraic,PV11/H_up,0.46018675465589864
algebraic,PV11/v_d_pos,2.2113046673040057e-15
algebraic,PV11/v_d_neg,9.820165424407912e-31
algebraic,PV11/H_L_out,0.46018675465589864
algebraic,VV_junc7/H_from1_target,0.449995216333221
algebraic,PV15/H_L_in,0.46285415809855257
algebraic,VV_junc9/u,6536.102781049167
algebraic,VV_junc10/u,6536.102780806333
algebraic,VV_junc12/u,6536.102781427451
algebraic,VV_junc4/H_split4,0.4787784280765006
algebraic,PV8/s_v_d,0.9999999999999994
algebraic,PV8/H_R_out,0.45001227191674487
algebraic,PV9/s_v_d,0.9999999999999994
algebraic,PV9/H_R_out,0.4500122468159069
algebraic,VV_junc5/H_split3,0.4787788685784029
algebraic,PV11/s_v_d,0.9999999999999994
algebraic,PV11/H_R_out,0.45001321717322595
algebraic,VV_junc6/H_split3,0.47877886562210625
algebraic,VV_junc7/H_from2_target,0.0
algebraic,PV15/H_R_in,0.45006327455300144
algebraic,VV_junc9/u_mmHg,49.02493797759685
algebraic,V8/v,2.211301032843014e-15
algebraic,VV_junc10/u_mmHg,49.02493797577544
algebraic,V9/v,2.2113010457429426e-15
algebraic,VV_junc12/u_mmHg,49.02493798043422
algebraic,V11/v,2.211301024583502e-15
algebraic,VV_junc4/H_daughter4,0.4787784280765006
algebraic,PV8/H_down_target,0.44897356812089484
algebraic,PV8/H_volume_L,0.4602121513363472
algebraic,V8/v_mm3_s,2.211301032843014e-06
algebraic,PV9/H_down_target,0.4489734836850022
algebraic,PV9/H_volume_L,0.4602128446834922
algebraic,VV_junc5/H_daughter3,0.4787788685784029
algebraic,V9/v_mm3_s,2.2113010457429425e-06
algebraic,PV11/H_down_target,0.44897606915119886
algebraic,PV11/H_volume_L,0.46018675465589864
algebraic,VV_junc6/H_daughter3,0.47877886562210625
algebraic,V11/v_mm3_s,2.2113010245835017e-06
algebraic,VV_junc7/H_from1,-1.998380200577281e-16
algebraic,PV15/q,9.544222242522502e-16
algebraic,V8/w_v,1.0000000000000004
algebraic,V9/w_v,1.0000000000000004
algebraic,V11/w_v,1.0000000000000004
algebraic,VV_junc4/H_from4_target,0.4787784280765006
algebraic,PV8/H_volume_R,0.45001227191674487
algebraic,V8/H_up,0.45014185851888405
algebraic,V8/v_pos,2.211301032843015e-15
algebraic,V8/v_neg,9.820149284158815e-31
algebraic,PV9/H_volume_R,0.4500122468159069
algebraic,VV_junc5/H_from3_target,0.4787788685784029
algebraic,V9/H_up,0.45014185918080907
algebraic,V9/v_pos,2.2113010457429434e-15
algebraic,V9/v_neg,9.820149341446005e-31
algebraic,PV11/H_volume_R,0.45001321717322595
algebraic,VV_junc6/H_from3_target,0.47877886562210625
algebraic,V11/H_up,0.4501420249948093
algebraic,V11/v_pos,2.211301024583503e-15
algebraic,V11/v_neg,9.820149247479213e-31
algebraic,VV_junc7/H_from2,0.0
algebraic,PV15/H_mean,0.44999814174154157
algebraic,V8/H_L_out,0.4501418585188839
algebraic,V9/H_L_out,0.4501418591808089
algebraic,V11/H_L_out,0.45014202499480915
algebraic,VV_junc4/H_from4,0.47877842807650084
algebraic,V8/s_v,0.9999999999999994
algebraic,VV_junc5/H_from3,0.4787788685784031
algebraic,V9/s_v,0.9999999999999994
algebraic,VV_junc6/H_from3,0.4787788656221065
algebraic,V11/s_v,0.9999999999999994
algebraic,PV14/w_v,1.0000000000000004
algebraic,PV15/hem_dep_u_rel,5.006546679432051
algebraic,V8/H_R_out,0.4499921352827804
algebraic,V9/H_R_out,0.44999213503072144
algebraic,V11/H_R_out,0.4499921335382453
algebraic,VV_junc4/RBC_in,1.9901497686121434e-15
algebraic,V8/H_down_target,0.44998602149706973
algebraic,V8/H_volume_L,0.4501418585188839
algebraic,V9/H_down_target,0.449986021480998
algebraic,V9/H_volume_L,0.4501418591808089
algebraic,V10/H_L_in,0.4501417879906864
algebraic,V11/H_down_target,0.4499860044585992
algebraic,V11/H_volume_L,0.45014202499480915
algebraic,V12/H_L_in,0.4501419261114839
algebraic,V13/H_L_in,0.4501418133438403
algebraic,PV14/v_pos,2.211298989134535e-15
algebraic,PV14/v_neg,9.820140208269974e-31
algebraic,PV15/mu,0.005006546679432051
algebraic,VV_junc9/vj1,2.211301032843014e-15
algebraic,VV_junc10/vj1,2.2113010457429426e-15
algebraic,VV_junc12/vj1,2.211301024583502e-15
algebraic,VV_junc4/RBC_out,2.1174417531960006e-15
algebraic,V8/H_volume_R,0.4499921352827806
algebraic,V9/H_volume_R,0.4499921350307216
algebraic,V10/H_R_in,0.17440839430052774
algebraic,V11/H_volume_R,0.44999213353824546
algebraic,V12/H_R_in,0.17440839446326165
algebraic,V13/H_R_in,0.17440839443253636
algebraic,PV15/R,466358168436427.0
algebraic,VV_junc9/w_in1,1.0000000000000004
algebraic,VV_junc10/w_in1,1.0000000000000004
algebraic,VV_junc12/w_in1,1.0000000000000004
algebraic,V10/q,9.544225506656021e-15
algebraic,V12/q,9.544225506656152e-15
algebraic,V13/q,9.544225506655985e-15
algebraic,PV15/u,6533.633664054828
algebraic,VV_junc9/w_out1,-4.440892098500626e-16
algebraic,VV_junc10/w_out1,-4.440892098500626e-16
algebraic,VV_junc12/w_out1,-4.440892098500626e-16
algebraic,V10/H_mean,0.45000018850461326
algebraic,V12/H_mean,0.45000018833092853
algebraic,V13/H_mean,0.45000018852223106
algebraic,PV15/u_mmHg,49.00641802594341
algebraic,PV15/v,1.105656387499644e-15
algebraic,VV_junc9/Qin1,2.211301032843015e-15
algebraic,VV_junc10/Qin1,2.2113010457429434e-15
algebraic,VV_junc12/Qin1,2.211301024583503e-15
algebraic,V10/hem_dep_u_rel,5.006577246100335
algebraic,V12/hem_dep_u_rel,5.006577243506494
algebraic,V13/hem_dep_u_rel,5.006577246363445
algebraic,PV15/v_mm3_s,1.105656387499644e-06
algebraic,VV_junc8/vj3,-1.105656387499644e-15
algebraic,VV_junc9/Qout1,9.820149284158815e-31
algebraic,VV_junc10/Qout1,9.820149341446005e-31
algebraic,VV_junc12/Qout1,9.820149247479213e-31
algebraic,V10/mu,0.005006577246100335
algebraic,V12/mu,0.005006577243506494
algebraic,V13/mu,0.005006577246363445
algebraic,VV_junc8/w_in3,-5.551115123125783e-16
algebraic,VV_junc9/bc1_is_in,1.0
algebraic,VV_junc10/bc1_is_in,1.0
algebraic,VV_junc12/bc1_is_in,1.0
algebraic,V10/R,4663610157114748.0
algebraic,V12/R,4663610154698594.0
algebraic,V13/R,4663610157359834.0
algebraic,VV_junc8/w_out3,1.0000000000000004
algebraic,VV_junc9/bc1_is_out,0.0
algebraic,VV_junc10/bc1_is_out,0.0
algebraic,VV_junc12/bc1_is_out,0.0
algebraic,V10/u,6546.415426813227
algebraic,V12/u,6546.415427323468
algebraic,V13/u,6546.415426671387
algebraic,VV_junc8/Qin3,6.137625893629895e-31
algebraic,VV_junc9/u_d,6533.891479996019
algebraic,VV_junc10/u_d,6533.891479735737
algebraic,VV_junc12/u_d,6533.891480404345
algebraic,PV10/v_d,2.211304728541616e-15
algebraic,V10/u_mmHg,49.10228939569784
algebraic,PV12/v_d,2.2113046175729643e-15
algebraic,V12/u_mmHg,49.10228939952497
algebraic,PV13/v_d,2.2113031315280237e-15
algebraic,V13/u_mmHg,49.10228939463394
algebraic,VV_junc8/Qout3,1.1056563874996444e-15
algebraic,VV_junc9/u_d_mmHg,49.008351809873986
algebraic,VV_junc9/v,2.2113010531475085e-15
algebraic,VV_junc10/u_d_mmHg,49.008351807921706
algebraic,VV_junc10/v,2.2113010705952548e-15
algebraic,VV_junc12/u_d_mmHg,49.00835181293669
algebraic,VV_junc12/v,2.211301023105989e-15
algebraic,PV10/w_v_d,1.0000000000000004
algebraic,PV10/v_d_mm3_s,2.211304728541616e-06
algebraic,PV12/w_v_d,1.0000000000000004
algebraic,PV12/v_d_mm3_s,2.211304617572964e-06
algebraic,PV13/w_v_d,1.0000000000000004
algebraic,PV13/v_d_mm3_s,2.2113031315280233e-06
algebraic,VV_junc8/bc3_is_in,0.0
algebraic,VV_junc9/v_mm3_s,2.2113010531475085e-06
algebraic,PV17/R_constriction,0.0
algebraic,VV_junc10/v_mm3_s,2.2113010705952547e-06
algebraic,PV19/R_constriction,0.0
algebraic,VV_junc11/H_mean,0.4841397861490726
algebraic,VV_junc12/v_mm3_s,2.2113010231059887e-06
algebraic,PV23/R_constriction,0.0
algebraic,VV_junc13/H_mean,0.4841402184521962
algebraic,VV_junc14/H_mean,0.4841398722385597
algebraic,PV10/H_up,0.4602138162215531
algebraic,PV10/H_L_out,0.4602138162215531
algebraic,PV10/v_d_pos,2.211304728541617e-15
algebraic,PV10/v_d_neg,9.820165696357535e-31
algebraic,PV12/H_up,0.4601998470348539
algebraic,PV12/H_L_out,0.4601998470348539
algebraic,PV12/v_d_pos,2.211304617572965e-15
algebraic,PV12/v_d_neg,9.820165203557726e-31
algebraic,PV13/H_up,0.46021384160078854
algebraic,PV13/v_d_pos,2.2113031315280244e-15
algebraic,PV13/v_d_neg,9.820158604192491e-31
algebraic,PV13/H_L_out,0.46021384160078854
algebraic,VV_junc8/bc3_is_out,1.0
algebraic,PV17/H_L_in,0.46285368304473185
algebraic,PV19/H_L_in,0.4628475795207647
algebraic,VV_junc11/u,6536.102780753587
algebraic,PV23/H_L_in,0.462833251565287
algebraic,VV_junc13/u,6536.10278161824
algebraic,VV_junc14/u,6536.102780544656
algebraic,VV_junc5/H_split4,0.4787788708888548
algebraic,PV10/s_v_d,0.9999999999999994
algebraic,PV10/H_R_out,0.45001211545865366
algebraic,VV_junc6/H_split4,0.47877886140626197
algebraic,PV12/s_v_d,0.9999999999999994
algebraic,PV12/H_R_out,0.45001270701339174
algebraic,PV13/s_v_d,0.9999999999999994
algebraic,PV13/H_R_out,0.4500121517618676
algebraic,VV_junc7/H_split3,0.4787787591747414
algebraic,PV15/w_v,1.0000000000000004
algebraic,PV17/H_R_in,0.45006327504933286
algebraic,PV19/H_R_in,0.4500632690800887
algebraic,VV_junc11/u_mmHg,49.02493797537981
algebraic,V10/v,2.2113010548078466e-15
algebraic,PV23/H_R_in,0.4500632030711476
algebraic,VV_junc13/u_mmHg,49.024937981865264
algebraic,V12/v,2.2113009799581163e-15
algebraic,VV_junc14/u_mmHg,49.02493797381269
algebraic,V13/v,2.2113010690776363e-15
algebraic,VV_junc5/H_daughter4,0.4787788708888548
algebraic,PV10/H_down_target,0.44897339145699633
algebraic,PV10/H_volume_L,0.4602138162215531
algebraic,V10/v_mm3_s,2.2113010548078464e-06
algebraic,VV_junc6/H_daughter4,0.47877886140626197
algebraic,PV12/H_down_target,0.4489747731243582
algebraic,PV12/H_volume_L,0.4601998470348539
algebraic,V12/v_mm3_s,2.211300979958116e-06
algebraic,PV13/H_down_target,0.4489733886792604
algebraic,PV13/H_volume_L,0.46021384160078854
algebraic,VV_junc7/H_daughter3,0.4787787591747414
algebraic,V13/v_mm3_s,2.211301069077636e-06
algebraic,PV15/v_pos,1.1056563874996444e-15
algebraic,PV15/v_neg,4.9101007149039155e-31
algebraic,PV16/R_constriction,0.0
algebraic,PV17/q,9.5442222425225e-16
algebraic,PV19/q,9.544222242522313e-16
algebraic,V10/w_v,1.0000000000000004
algebraic,PV23/q,9.544222242522808e-16
algebraic,V12/w_v,1.0000000000000004
algebraic,V13/w_v,1.0000000000000004
algebraic,VV_junc5/H_from4_target,0.4787788708888548
algebraic,PV10/H_volume_R,0.45001211545865366
algebraic,V10/H_up,0.45014178799068655
algebraic,V10/v_pos,2.2113010548078474e-15
algebraic,V10/v_neg,9.820149381702266e-31
algebraic,VV_junc6/H_from4_target,0.47877886140626197
algebraic,PV12/H_volume_R,0.45001270701339174
algebraic,V12/H_up,0.45014192611148407
algebraic,V12/v_pos,2.211300979958117e-15
algebraic,V12/v_neg,9.82014904930269e-31
algebraic,PV13/H_volume_R,0.4500121517618676
algebraic,VV_junc7/H_from3_target,0.4787787591747414
algebraic,V13/H_up,0.45014181334384046
algebraic,V13/v_pos,2.211301069077637e-15
algebraic,V13/v_neg,9.820149445072862e-31
algebraic,PV16/H_L_in,0.46285327024154477
algebraic,PV17/H_mean,0.4499981414030248
algebraic,PV19/H_mean,0.4499981393608327
algebraic,V10/H_L_out,0.4501417879906864
algebraic,PV23/H_mean,0.44999812751050133
algebraic,V12/H_L_out,0.4501419261114839
algebraic,V13/H_L_out,0.4501418133438403
algebraic,VV_junc5/H_from4,0.478778870888855
algebraic,V10/s_v,0.9999999999999994
algebraic,VV_junc6/H_from4,0.4787788614062622
algebraic,V12/s_v,0.9999999999999994
algebraic,VV_junc7/H_from3,0.4787787591747416
algebraic,V13/s_v,0.9999999999999994
algebraic,PV16/H_R_in,0.45006327811419505
algebraic,PV17/hem_dep_u_rel,5.006546674376605
algebraic,PV19/hem_dep_u_rel,5.006546643878301
algebraic,V10/H_R_out,0.44999213739621713
algebraic,PV23/hem_dep_u_rel,5.006546466904231
algebraic,V12/H_R_out,0.44999213484297873
algebraic,V13/H_R_out,0.4499921364875957
algebraic,VV_junc5/RBC_in,1.990149786396863e-15
algebraic,V10/H_down_target,0.449986028556006
algebraic,V10/H_volume_L,0.4501417879906864
algebraic,VV_junc6/RBC_in,1.9901497489886285e-15
algebraic,V12/H_down_target,0.449986014552873
algebraic,V12/H_volume_L,0.4501419261114839
algebraic,V13/H_down_target,0.44998602604007015
algebraic,V13/H_volume_L,0.4501418133438403
algebraic,V14/H_L_in,0.45014182725673685
algebraic,PV16/q,9.544222242522502e-16
algebraic,PV17/mu,0.0050065466743766055
algebraic,PV19/mu,0.005006546643878301
algebraic,VV_junc11/vj1,2.2113010548078466e-15
algebraic,PV23/mu,0.005006546466904231
algebraic,VV_junc13/vj1,2.2113009799581163e-15
algebraic,VV_junc14/vj1,2.2113010690776363e-15
algebraic,VV_junc5/RBC_out,2.1174449139744984e-15
algebraic,V10/H_volume_R,0.4499921373962173
algebraic,VV_junc6/RBC_out,2.1174448744837527e-15
algebraic,V12/H_volume_R,0.4499921348429789
algebraic,V13/H_volume_R,0.44999213648759584
algebraic,V14/H_R_in,0.17440839443160014
algebraic,PV16/H_mean,0.4499981412802882
algebraic,PV17/R,466358167965513.9
algebraic,PV19/R,466358165124606.94
algebraic,VV_junc11/w_in1,1.0000000000000004
algebraic,PV23/R,466358148639530.8
algebraic,VV_junc13/w_in1,1.0000000000000004
algebraic,VV_junc14/w_in1,1.0000000000000004
algebraic,V14/q,9.544225506655986e-15
algebraic,PV16/hem_dep_u_rel,5.006546672543648
algebraic,PV17/u,6533.6336640519885
algebraic,PV19/u,6533.633663318279
algebraic,VV_junc11/w_out1,-4.440892098500626e-16
algebraic,PV23/u,6533.633665256852
algebraic,VV_junc13/w_out1,-4.440892098500626e-16
algebraic,VV_junc14/w_out1,-4.440892098500626e-16
algebraic,V14/H_mean,0.45000018852121426
algebraic,PV16/mu,0.005006546672543648
algebraic,PV17/u_mmHg,49.006418025922116
algebraic,PV17/v,1.1056563891894602e-15
algebraic,PV19/u_mmHg,49.00641802041883
algebraic,PV19/v,1.1056584262418012e-15
algebraic,VV_junc11/Qin1,2.2113010548078474e-15
algebraic,PV23/u_mmHg,49.00641803495936
algebraic,PV23/v,1.1056530190185614e-15
algebraic,VV_junc13/Qin1,2.211300979958117e-15
algebraic,VV_junc14/Qin1,2.211301069077637e-15
algebraic,V14/hem_dep_u_rel,5.006577246348258
algebraic,PV16/R,466358167794774.56
algebraic,PV17/v_mm3_s,1.10565638918946e-06
algebraic,VV_junc9/vj3,-1.1056563891894602e-15
algebraic,PV19/v_mm3_s,1.105658426241801e-06
algebraic,VV_junc10/vj3,-1.1056584262418012e-15
algebraic,VV_junc11/Qout1,9.820149381702266e-31
algebraic,PV23/v_mm3_s,1.1056530190185612e-06
algebraic,VV_junc12/vj3,-1.1056530190185614e-15
algebraic,VV_junc13/Qout1,9.82014904930269e-31
algebraic,VV_junc14/Qout1,9.820149445072862e-31
algebraic,V14/mu,0.0050065772463482585
algebraic,PV16/u,6533.633664054985
algebraic,VV_junc9/w_in3,-5.551115123125783e-16
algebraic,VV_junc10/w_in3,-5.551115123125783e-16
algebraic,VV_junc11/bc1_is_in,1.0
algebraic,VV_junc12/w_in3,-5.551115123125783e-16
algebraic,VV_junc13/bc1_is_in,1.0
algebraic,VV_junc14/bc1_is_in,1.0
algebraic,V14/R,4663610157345687.0
algebraic,PV16/v,1.1056563883461221e-15
algebraic,PV16/u_mmHg,49.00641802594459
algebraic,VV_junc9/w_out3,1.0000000000000004
algebraic,VV_junc10/w_out3,1.0000000000000004
algebraic,VV_junc11/bc1_is_out,0.0
algebraic,VV_junc12/w_out3,1.0000000000000004
algebraic,VV_junc13/bc1_is_out,0.0
algebraic,VV_junc14/bc1_is_out,0.0
algebraic,V14/u,6546.415426676575
algebraic,VV_junc8/vj4,-1.1056563883461221e-15
algebraic,PV16/v_mm3_s,1.105656388346122e-06
algebraic,VV_junc9/Qin3,6.1376259030102585e-31
algebraic,VV_junc10/Qin3,6.137637210922315e-31
algebraic,VV_junc11/u_d,6533.891479676
algebraic,VV_junc12/Qin3,6.137607194803614e-31
algebraic,VV_junc13/u_d,6533.891480634248
algebraic,VV_junc14/u_d,6533.891479452096
algebraic,PV14/v_d,2.2113031362086853e-15
algebraic,V14/u_mmHg,49.10228939467286
algebraic,VV_junc8/w_in4,-5.551115123125783e-16
algebraic,VV_junc9/Qout3,1.1056563891894606e-15
algebraic,VV_junc10/Qout3,1.1056584262418016e-15
algebraic,VV_junc11/u_d_mmHg,49.00835180747364
algebraic,VV_junc11/v,2.2113010775865405e-15
algebraic,VV_junc12/Qout3,1.1056530190185618e-15
algebraic,VV_junc13/u_d_mmHg,49.008351814661104
algebraic,VV_junc13/v,2.21130098399226e-15
algebraic,VV_junc14/u_d_mmHg,49.00835180579421
algebraic,VV_junc14/v,2.211301092559552e-15
algebraic,PV14/w_v_d,1.0000000000000004
algebraic,PV14/v_d_mm3_s,2.211303136208685e-06
algebraic,VV_junc8/w_out4,1.0000000000000004
algebraic,VV_junc9/bc3_is_in,0.0
algebraic,VV_junc10/bc3_is_in,0.0
algebraic,VV_junc11/v_mm3_s,2.21130107758654e-06
algebraic,PV21/R_constriction,0.0
algebraic,VV_junc12/bc3_is_in,0.0
algebraic,VV_junc13/v_mm3_s,2.21130098399226e-06
algebraic,PV25/R_constriction,0.0
algebraic,VV_junc14/v_mm3_s,2.2113010925595517e-06
algebraic,PV27/R_constriction,0.0
algebraic,VV_junc15/H_mean,0.48413977806348923
algebraic,PV14/H_up,0.46021290772181433
algebraic,PV14/H_L_out,0.46021290772181433
algebraic,PV14/v_d_pos,2.211303136208686e-15
algebraic,PV14/v_d_neg,9.820158624978804e-31
algebraic,VV_junc8/Qin4,6.137625898328792e-31
algebraic,VV_junc9/bc3_is_out,1.0
algebraic,VV_junc10/bc3_is_out,1.0
algebraic,PV21/H_L_in,0.4628543237231626
algebraic,VV_junc12/bc3_is_out,1.0
algebraic,PV25/H_L_in,0.4628468160395157
algebraic,PV27/H_L_in,0.4628471319330997
algebraic,VV_junc15/u,6536.102780596951
algebraic,VV_junc7/H_split4,0.4787787565525831
algebraic,PV14/s_v_d,0.9999999999999994
algebraic,PV14/H_R_out,0.4500121981862958
algebraic,VV_junc8/Qin_tot,2.211301031548083e-15
algebraic,VV_junc8/Qout4,1.1056563883461225e-15
algebraic,PV17/w_v,1.0000000000000004
algebraic,PV19/w_v,1.0000000000000004
algebraic,PV21/H_R_in,0.45006326459519846
algebraic,PV23/w_v,1.0000000000000004
algebraic,PV25/H_R_in,0.45006330504814723
algebraic,PV27/H_R_in,0.4500632856119152
algebraic,VV_junc15/u_mmHg,49.02493797420494
algebraic,V14/v,2.2113010589835066e-15
algebraic,VV_junc7/H_daughter4,0.4787787565525831
algebraic,PV14/H_down_target,0.4489734808282845
algebraic,PV14/H_volume_L,0.46021290772181433
algebraic,V14/v_mm3_s,2.2113010589835066e-06
algebraic,VV_junc8/Qout_tot,2.211312775845768e-15
algebraic,VV_junc8/bc4_is_in,0.0
algebraic,PV17/v_pos,1.1056563891894606e-15
algebraic,PV17/v_neg,4.910100722408207e-31
algebraic,PV18/R_constriction,0.0
algebraic,PV19/v_pos,1.1056584262418016e-15
algebraic,PV19/v_neg,4.910109768737852e-31
algebraic,PV20/R_constriction,0.0
algebraic,PV21/q,9.54422224252226e-16
algebraic,PV23/v_pos,1.1056530190185618e-15
algebraic,PV23/v_neg,4.910085755842892e-31
algebraic,PV24/R_constriction,0.0
algebraic,PV25/q,9.544222242522962e-16
algebraic,PV27/q,9.5442222425221e-16
algebraic,V14/w_v,1.0000000000000004
algebraic,VV_junc7/H_from4_target,0.4787787565525831
algebraic,PV14/H_volume_R,0.4500121981862958
algebraic,V14/H_up,0.450141827256737
algebraic,V14/v_pos,2.2113010589835074e-15
algebraic,V14/v_neg,9.820149400245922e-31
algebraic,VV_junc8/bc4_is_out,1.0
algebraic,PV18/H_L_in,0.4628470324580802
algebraic,PV20/H_L_in,0.46284797121600707
algebraic,PV21/H_mean,0.44999814285937695
algebraic,PV24/H_L_in,0.4627112119894882
algebraic,PV25/H_mean,0.4499981376322984
algebraic,PV27/H_mean,0.44999813742913247
algebraic,V14/H_L_out,0.45014182725673685
algebraic,VV_junc7/H_from4,0.47877875655258334
algebraic,V14/s_v,0.9999999999999994
algebraic,VV_junc8/n_out,2.0
algebraic,VV_junc8/n_in,1.0
algebraic,PV18/H_R_in,0.45006328177627497
algebraic,PV20/H_R_in,0.4500632687026557
algebraic,PV21/hem_dep_u_rel,5.006546696125921
algebraic,PV24/H_R_in,0.45006336189204754
algebraic,PV25/hem_dep_u_rel,5.006546618064189
algebraic,PV27/hem_dep_u_rel,5.006546615030088
algebraic,V14/H_R_out,0.4499921361533857
algebraic,VV_junc7/RBC_in,1.990149802051716e-15
algebraic,V14/H_down_target,0.449986024647662
algebraic,V14/H_volume_L,0.45014182725673685
algebraic,VV_junc8/junction_type,1.0
algebraic,PV18/q,9.5442222425225e-16
algebraic,PV20/q,9.544222242522313e-16
algebraic,PV21/mu,0.0050065466961259205
algebraic,PV24/q,9.544222242522816e-16
algebraic,PV25/mu,0.00500654661806419
algebraic,PV27/mu,0.005006546615030088
algebraic,VV_junc15/vj1,2.2113010589835066e-15
algebraic,VV_junc7/RBC_out,2.117445978585741e-15
algebraic,V14/H_volume_R,0.44999213615338585
algebraic,VV_junc8/is_split,1.0
algebraic,PV18/H_mean,0.44999813780925063
algebraic,PV20/H_mean,0.44999813973186303
algebraic,PV21/R,466358169991455.44
algebraic,PV24/H_mean,0.4499980597043848
algebraic,PV25/R,466358162720030.94
algebraic,PV27/R,466358162437405.44
algebraic,VV_junc15/w_in1,1.0000000000000004
algebraic,VV_junc8/is_merge,0.0
algebraic,PV18/hem_dep_u_rel,5.0065466207068114
algebraic,PV20/hem_dep_u_rel,5.006546649419305
algebraic,PV21/u,6533.633663110441
algebraic,PV24/hem_dep_u_rel,5.006545454280828
algebraic,PV25/u,6533.63366585887
algebraic,PV27/u,6533.633662479408
algebraic,VV_junc15/w_out1,-4.440892098500626e-16
algebraic,VV_junc8/feed1,1.0
algebraic,PV18/mu,0.005006546620706811
algebraic,PV20/mu,0.005006546649419305
algebraic,PV21/u_mmHg,49.00641801885991
algebraic,PV21/v,1.1056590498387342e-15
algebraic,PV24/mu,0.0050065454542808285
algebraic,PV25/u_mmHg,49.00641803947488
algebraic,PV25/v,1.1056513898017325e-15
algebraic,PV27/u_mmHg,49.00641801412676
algebraic,PV27/v,1.1056608137445957e-15
algebraic,VV_junc15/Qin1,2.2113010589835074e-15
algebraic,VV_junc8/feed2,0.0
algebraic,PV18/R,466358162966190.3
algebraic,PV20/R,466358165640749.7
algebraic,PV21/v_mm3_s,1.1056590498387342e-06
algebraic,VV_junc11/vj3,-1.1056590498387342e-15
algebraic,PV24/R,466358054313995.5
algebraic,PV25/v_mm3_s,1.1056513898017324e-06
algebraic,VV_junc13/vj3,-1.1056513898017325e-15
algebraic,PV27/v_mm3_s,1.1056608137445956e-06
algebraic,VV_junc14/vj3,-1.1056608137445957e-15
algebraic,VV_junc15/Qout1,9.820149400245922e-31
algebraic,VV_junc8/feed3,0.0
algebraic,PV18/u,6533.633664053501
algebraic,PV20/u,6533.633663318051
algebraic,VV_junc11/w_in3,-5.551115123125783e-16
algebraic,PV24/u,6533.6336652846585
algebraic,VV_junc13/w_in3,-5.551115123125783e-16
algebraic,VV_junc14/w_in3,-5.551115123125783e-16
algebraic,VV_junc15/bc1_is_in,1.0
algebraic,VV_junc8/feed4,0.0
algebraic,PV18/v,1.1056563945556248e-15
algebraic,PV18/u_mmHg,49.00641802593346
algebraic,PV20/v,1.1056584259971154e-15
algebraic,PV20/u_mmHg,49.006418020417115
algebraic,VV_junc11/w_out3,1.0000000000000004
algebraic,PV24/v,1.1056531233965826e-15
algebraic,PV24/u_mmHg,49.006418035167925
algebraic,VV_junc13/w_out3,1.0000000000000004
algebraic,VV_junc14/w_out3,1.0000000000000004
algebraic,VV_junc15/bc1_is_out,0.0
algebraic,VV_junc8/alpha1,0.0
algebraic,VV_junc9/vj4,-1.1056563945556248e-15
algebraic,PV18/v_mm3_s,1.1056563945556247e-06
algebraic,VV_junc10/vj4,-1.1056584259971154e-15
algebraic,PV20/v_mm3_s,1.1056584259971155e-06
algebraic,VV_junc11/Qin3,6.137640672580681e-31
algebraic,VV_junc12/vj4,-1.1056531233965826e-15
algebraic,PV24/v_mm3_s,1.1056531233965825e-06
algebraic,VV_junc13/Qin3,6.137598150833437e-31
algebraic,VV_junc14/Qin3,6.137650464225184e-31
algebraic,VV_junc15/u_d,6533.891479512561
algebraic,VV_junc8/alpha2,0.0
algebraic,VV_junc9/w_in4,-5.551115123125783e-16
algebraic,VV_junc10/w_in4,-5.551115123125783e-16
algebraic,VV_junc11/Qout3,1.1056590498387346e-15
algebraic,VV_junc12/w_in4,-5.551115123125783e-16
algebraic,VV_junc13/Qout3,1.105651389801733e-15
algebraic,VV_junc14/Qout3,1.105660813744596e-15
algebraic,VV_junc15/u_d_mmHg,49.00835180624774
algebraic,VV_junc15/v,2.211301084389561e-15
algebraic,VV_junc8/alpha3,0.0
algebraic,VV_junc9/w_out4,1.0000000000000004
algebraic,VV_junc10/w_out4,1.0000000000000004
algebraic,VV_junc11/bc3_is_in,0.0
algebraic,VV_junc12/w_out4,1.0000000000000004
algebraic,VV_junc13/bc3_is_in,0.0
algebraic,VV_junc14/bc3_is_in,0.0
algebraic,VV_junc15/v_mm3_s,2.2113010843895606e-06
algebraic,PV29/R_constriction,0.0
algebraic,VV_junc8/alpha4,1.0
algebraic,VV_junc9/Qin4,6.137625932798456e-31
algebraic,VV_junc10/Qin4,6.137637209564037e-31
algebraic,VV_junc11/bc3_is_out,1.0
algebraic,VV_junc12/Qin4,6.137607774218026e-31
algebraic,VV_junc13/bc3_is_out,1.0
algebraic,VV_junc14/bc3_is_out,1.0
algebraic,PV29/H_L_in,0.4628460286147621
algebraic,VV_junc8/Qout1_rem,9.820149278408156e-31
algebraic,VV_junc9/Qin_tot,2.2113010328430165e-15
algebraic,VV_junc9/Qout4,1.1056563945556251e-15
algebraic,VV_junc10/Qin_tot,2.211301045742945e-15
algebraic,VV_junc10/Qout4,1.1056584259971158e-15
algebraic,PV21/w_v,1.0000000000000004
algebraic,VV_junc12/Qin_tot,2.2113010245835044e-15
algebraic,VV_junc12/Qout4,1.105653123396583e-15
algebraic,PV25/w_v,1.0000000000000004
algebraic,PV27/w_v,1.0000000000000004
algebraic,PV29/H_R_in,0.4500632867597379
algebraic,VV_junc8/Qout2_rem,-0.0
algebraic,VV_junc9/Qout_tot,2.2113127837450867e-15
algebraic,VV_junc9/bc4_is_in,0.0
algebraic,VV_junc10/Qout_tot,2.2113168522389186e-15
algebraic,VV_junc10/bc4_is_in,0.0
algebraic,PV21/v_pos,1.1056590498387346e-15
algebraic,PV21/v_neg,4.910112538064545e-31
algebraic,PV22/R_constriction,0.0
algebraic,VV_junc12/Qout_tot,2.2113061424151457e-15
algebraic,VV_junc12/bc4_is_in,0.0
algebraic,PV25/v_pos,1.105651389801733e-15
algebraic,PV25/v_neg,4.91007852066675e-31
algebraic,PV26/R_constriction,0.0
algebraic,PV27/v_pos,1.105660813744596e-15
algebraic,PV27/v_neg,4.910120371380147e-31
algebraic,PV28/R_constriction,0.0
algebraic,PV29/q,9.544222242522151e-16
algebraic,VV_junc8/Qout3_rem,1.1056563874996444e-15
algebraic,VV_junc9/bc4_is_out,1.0
algebraic,VV_junc10/bc4_is_out,1.0
algebraic,PV22/H_L_in,0.4628480952425546
algebraic,VV_junc12/bc4_is_out,1.0
algebraic,PV26/H_L_in,0.462859258141861
algebraic,PV28/H_L_in,0.4628460375145098
algebraic,PV29/H_mean,0.4499981370332791
algebraic,VV_junc8/Qout4_rem,0.0
algebraic,VV_junc9/n_out,2.0
algebraic,VV_junc9/n_in,1.0
algebraic,VV_junc10/n_out,2.0
algebraic,VV_junc10/n_in,1.0
algebraic,PV22/H_R_in,0.45006326825842824
algebraic,VV_junc12/n_out,2.0
algebraic,VV_junc12/n_in,1.0
algebraic,PV26/H_R_in,0.45006328703764653
algebraic,PV28/H_R_in,0.4500632867664229
algebraic,PV29/hem_dep_u_rel,5.006546609118374
algebraic,VV_junc8/beta1,0.0
algebraic,VV_junc9/junction_type,1.0
algebraic,VV_junc10/junction_type,1.0
algebraic,PV22/q,9.544222242522262e-16
algebraic,VV_junc12/junction_type,1.0
algebraic,PV26/q,9.544222242522962e-16
algebraic,PV28/q,9.5442222425221e-16
algebraic,PV29/mu,0.0050065466091183735
algebraic,VV_junc8/beta2,0.0
algebraic,VV_junc9/is_split,1.0
algebraic,VV_junc10/is_split,1.0
algebraic,PV22/H_mean,0.4499981397941343
algebraic,VV_junc12/is_split,1.0
algebraic,PV26/H_mean,0.4499981451519726
algebraic,PV28/H_mean,0.4499981366926573
algebraic,PV29/R,466358161886731.2
algebraic,VV_junc8/beta3,1.0
algebraic,VV_junc9/is_merge,0.0
algebraic,VV_junc10/is_merge,0.0
algebraic,PV22/hem_dep_u_rel,5.00654665034927
algebraic,VV_junc12/is_merge,0.0
algebraic,PV26/hem_dep_u_rel,5.00654673036378
algebraic,PV28/hem_dep_u_rel,5.006546604031492
algebraic,PV29/u,6533.63366268275
algebraic,VV_junc8/beta4,0.0
algebraic,VV_junc9/feed1,1.0
algebraic,VV_junc10/feed1,1.0
algebraic,PV22/mu,0.00500654665034927
algebraic,VV_junc12/feed1,1.0
algebraic,PV26/mu,0.0050065467303637805
algebraic,PV28/mu,0.005006546604031492
algebraic,PV29/u_mmHg,49.00641801565195
algebraic,PV29/v,1.1056602023147876e-15
algebraic,VV_junc8/D_F,9e-06
algebraic,VV_junc9/feed2,0.0
algebraic,VV_junc10/feed2,0.0
algebraic,PV22/R,466358165727375.44
algebraic,VV_junc12/feed2,0.0
algebraic,PV26/R,466358173180700.75
algebraic,PV28/R,466358161412889.8
algebraic,PV29/v_mm3_s,1.1056602023147874e-06
algebraic,VV_junc15/vj3,-1.1056602023147876e-15
algebraic,VV_junc8/D_alpha,9e-06
algebraic,VV_junc9/feed3,0.0
algebraic,VV_junc10/feed3,0.0
algebraic,PV22/u,6533.633663111734
algebraic,VV_junc12/feed3,0.0
algebraic,PV26/u,6533.633665855788
algebraic,PV28/u,6533.6336624796595
algebraic,VV_junc15/w_in3,-5.551115123125783e-16
algebraic,VV_junc8/D_beta,9e-06
algebraic,VV_junc9/feed4,0.0
algebraic,VV_junc10/feed4,0.0
algebraic,PV22/v,1.1056590544056847e-15
algebraic,PV22/u_mmHg,49.0064180188696
algebraic,VV_junc12/feed4,0.0
algebraic,PV26/v,1.1056513782159637e-15
algebraic,PV26/u_mmHg,49.006418039451766
algebraic,PV28/v,1.1056608150931445e-15
algebraic,PV28/u_mmHg,49.00641801412865
algebraic,VV_junc15/w_out3,1.0000000000000004
algebraic,VV_junc8/v_alpha,1.1056563883461225e-15
algebraic,VV_junc9/alpha1,0.0
algebraic,VV_junc10/alpha1,0.0
algebraic,VV_junc11/vj4,-1.1056590544056847e-15
algebraic,PV22/v_mm3_s,1.1056590544056847e-06
algebraic,VV_junc12/alpha1,0.0
algebraic,VV_junc13/vj4,-1.1056513782159637e-15
algebraic,PV26/v_mm3_s,1.1056513782159636e-06
algebraic,VV_junc14/vj4,-1.1056608150931445e-15
algebraic,PV28/v_mm3_s,1.1056608150931445e-06
algebraic,VV_junc15/Qin3,6.13764707010793e-31
algebraic,VV_junc8/v_beta,1.1056563874996444e-15
algebraic,VV_junc9/alpha2,0.0
algebraic,VV_junc10/alpha2,0.0
algebraic,VV_junc11/w_in4,-5.551115123125783e-16
algebraic,VV_junc12/alpha2,0.0
algebraic,VV_junc13/w_in4,-5.551115123125783e-16
algebraic,VV_junc14/w_in4,-5.551115123125783e-16
algebraic,VV_junc15/Qout3,1.105660202314788e-15
algebraic,VV_junc8/FQB_alpha,0.5000000001913972
algebraic,VV_junc9/alpha3,0.0
algebraic,VV_junc10/alpha3,1.0
algebraic,VV_junc11/w_out4,1.0000000000000004
algebraic,VV_junc12/alpha3,0.0
algebraic,VV_junc13/w_out4,1.0000000000000004
algebraic,VV_junc14/w_out4,1.0000000000000004
algebraic,VV_junc15/bc3_is_in,0.0
algebraic,VV_junc8/B,1.4000782048038793
algebraic,VV_junc9/alpha4,1.0
algebraic,VV_junc10/alpha4,0.0
algebraic,VV_junc11/Qin4,6.137640697932349e-31
algebraic,VV_junc12/alpha4,1.0
algebraic,VV_junc13/Qin4,6.137598086519501e-31
algebraic,VV_junc14/Qin4,6.137650471711134e-31
algebraic,VV_junc15/bc3_is_out,1.0
algebraic,VV_junc8/A,-0.0
algebraic,VV_junc9/Qout1_rem,9.820149284158815e-31
algebraic,VV_junc10/Qout1_rem,9.820149341446005e-31
algebraic,VV_junc11/Qin_tot,2.211301054807849e-15
algebraic,VV_junc11/Qout4,1.105659054405685e-15
algebraic,VV_junc12/Qout1_rem,9.820149247479213e-31
algebraic,VV_junc13/Qin_tot,2.2113009799581187e-15
algebraic,VV_junc13/Qout4,1.1056513782159641e-15
algebraic,VV_junc14/Qin_tot,2.2113010690776386e-15
algebraic,VV_junc14/Qout4,1.105660815093145e-15
algebraic,PV29/w_v,1.0000000000000004
algebraic,VV_junc8/X_0,0.044444444444444446
algebraic,VV_junc9/Qout2_rem,-0.0
algebraic,VV_junc10/Qout2_rem,-0.0
algebraic,VV_junc11/Qout_tot,2.2113181042444205e-15
algebraic,VV_junc11/bc4_is_in,0.0
algebraic,VV_junc12/Qout2_rem,-0.0
algebraic,VV_junc13/Qout_tot,2.211302768017698e-15
algebraic,VV_junc13/bc4_is_in,0.0
algebraic,VV_junc14/Qout_tot,2.211321628837742e-15
algebraic,VV_junc14/bc4_is_in,0.0
algebraic,PV29/v_pos,1.105660202314788e-15
algebraic,PV29/v_neg,4.910117656086344e-31
algebraic,PV30/R_constriction,0.0
algebraic,VV_junc8/y_raw,0.5000000002100702
algebraic,VV_junc9/Qout3_rem,1.1056563891894606e-15
algebraic,VV_junc10/Qout3_rem,0.0
algebraic,VV_junc11/bc4_is_out,1.0
algebraic,VV_junc12/Qout3_rem,1.1056530190185618e-15
algebraic,VV_junc13/bc4_is_out,1.0
algebraic,VV_junc14/bc4_is_out,1.0
algebraic,PV30/H_L_in,0.46284710181902206
algebraic,VV_junc8/y,0.5000000002100702
algebraic,VV_junc9/Qout4_rem,0.0
algebraic,VV_junc10/Qout4_rem,1.1056584259971158e-15
algebraic,VV_junc11/n_out,2.0
algebraic,VV_junc11/n_in,1.0
algebraic,VV_junc12/Qout4_rem,0.0
algebraic,VV_junc13/n_out,2.0
algebraic,VV_junc13/n_in,1.0
algebraic,VV_junc14/n_out,2.0
algebraic,VV_junc14/n_in,1.0
algebraic,PV30/H_R_in,0.45006328564400105
algebraic,VV_junc8/ph,8.402807335295011e-10
algebraic,VV_junc9/beta1,0.0
algebraic,VV_junc10/beta1,0.0
algebraic,VV_junc11/junction_type,1.0
algebraic,VV_junc12/beta1,0.0
algebraic,VV_junc13/junction_type,1.0
algebraic,VV_junc14/junction_type,1.0
algebraic,PV30/q,9.544222242522151e-16
algebraic,VV_junc8/FQE_alpha,0.5000000002941147
algebraic,VV_junc9/beta2,0.0
algebraic,VV_junc10/beta2,0.0
algebraic,VV_junc11/is_split,1.0
algebraic,VV_junc12/beta2,0.0
algebraic,VV_junc13/is_split,1.0
algebraic,VV_junc14/is_split,1.0
algebraic,PV30/H_mean,0.4499981373559285
algebraic,VV_junc8/H_VV_out_alpha,0.4841398506388699
algebraic,VV_junc9/beta3,1.0
algebraic,VV_junc10/beta3,0.0
algebraic,VV_junc11/is_merge,0.0
algebraic,VV_junc12/beta3,1.0
algebraic,VV_junc13/is_merge,0.0
algebraic,VV_junc14/is_merge,0.0
algebraic,PV30/hem_dep_u_rel,5.006546613936854
algebraic,VV_junc8/H_VV_out_beta,0.48413985043995134
algebraic,VV_junc9/beta4,0.0
algebraic,VV_junc10/beta4,1.0
algebraic,VV_junc11/feed1,1.0
algebraic,VV_junc12/beta4,0.0
algebraic,VV_junc13/feed1,1.0
algebraic,VV_junc14/feed1,1.0
algebraic,PV30/mu,0.005006546613936854
algebraic,VV_junc8/H_split1,0.44999213715941067
algebraic,VV_junc9/D_F,9e-06
algebraic,VV_junc10/D_F,9e-06
algebraic,VV_junc11/feed2,0.0
algebraic,VV_junc12/D_F,9e-06
algebraic,VV_junc13/feed2,0.0
algebraic,VV_junc14/feed2,0.0
algebraic,PV30/R,466358162335571.0
algebraic,VV_junc8/H_split2,0.0
algebraic,VV_junc9/D_alpha,9e-06
algebraic,VV_junc10/D_alpha,9e-06
algebraic,VV_junc11/feed3,0.0
algebraic,VV_junc12/D_alpha,9e-06
algebraic,VV_junc13/feed3,0.0
algebraic,VV_junc14/feed3,0.0
algebraic,PV30/u,6533.633662682493
algebraic,VV_junc8/H_daughter1,0.44999213715941067
algebraic,VV_junc9/D_beta,9e-06
algebraic,VV_junc10/D_beta,9e-06
algebraic,VV_junc11/feed4,0.0
algebraic,VV_junc12/D_beta,9e-06
algebraic,VV_junc13/feed4,0.0
algebraic,VV_junc14/feed4,0.0
algebraic,PV30/v,1.105660202350577e-15
algebraic,PV30/u_mmHg,49.00641801565003
algebraic,VV_junc8/H_daughter2,0.0
algebraic,VV_junc9/v_alpha,1.1056563945556251e-15
algebraic,VV_junc10/v_alpha,1.1056584262418016e-15
algebraic,VV_junc11/alpha1,0.0
algebraic,VV_junc12/v_alpha,1.105653123396583e-15
algebraic,VV_junc13/alpha1,0.0
algebraic,VV_junc14/alpha1,0.0
algebraic,VV_junc15/vj4,-1.105660202350577e-15
algebraic,PV30/v_mm3_s,1.1056602023505769e-06
algebraic,VV_junc8/H_from1_target,0.44999213715941067
algebraic,VV_junc9/v_beta,1.1056563891894606e-15
algebraic,VV_junc10/v_beta,1.1056584259971158e-15
algebraic,VV_junc11/alpha2,0.0
algebraic,VV_junc12/v_beta,1.1056530190185618e-15
algebraic,VV_junc13/alpha2,0.0
algebraic,VV_junc14/alpha2,0.0
algebraic,VV_junc15/w_in4,-5.551115123125783e-16
algebraic,VV_junc8/H_from2_target,0.0
algebraic,VV_junc9/FQB_alpha,0.5000000012133435
algebraic,VV_junc10/FQB_alpha,0.5000000000553257
algebraic,VV_junc11/alpha3,0.0
algebraic,VV_junc12/FQB_alpha,0.5000000236009884
algebraic,VV_junc13/alpha3,1.0
algebraic,VV_junc14/alpha3,0.0
algebraic,VV_junc15/w_out4,1.0000000000000004
algebraic,VV_junc8/H_from1,-1.9983665262986368e-16
algebraic,VV_junc9/B,1.4000781578575496
algebraic,VV_junc10/B,1.4000782303982813
algebraic,VV_junc11/alpha4,1.0
algebraic,VV_junc12/B,1.4000796517055876
algebraic,VV_junc13/alpha4,0.0
algebraic,VV_junc14/alpha4,1.0
algebraic,VV_junc15/Qin4,6.137647070306601e-31
algebraic,VV_junc8/H_from2,0.0
algebraic,VV_junc9/A,-0.0
algebraic,VV_junc10/A,-0.0
algebraic,VV_junc11/Qout1_rem,9.820149381702266e-31
algebraic,VV_junc12/A,-0.0
algebraic,VV_junc13/Qout1_rem,9.82014904930269e-31
algebraic,VV_junc14/Qout1_rem,9.820149445072862e-31
algebraic,VV_junc15/Qin_tot,2.211301058983509e-15
algebraic,VV_junc15/Qout4,1.1056602023505774e-15
algebraic,PV16/w_v,1.0000000000000004
algebraic,VV_junc9/X_0,0.044444444444444446
algebraic,VV_junc10/X_0,0.044444444444444446
algebraic,VV_junc11/Qout2_rem,-0.0
algebraic,VV_junc12/X_0,0.044444444444444446
algebraic,VV_junc13/Qout2_rem,-0.0
algebraic,VV_junc14/Qout2_rem,-0.0
algebraic,VV_junc15/Qout_tot,2.2113204046653665e-15
algebraic,VV_junc15/bc4_is_in,0.0
algebraic,V15/H_L_in,0.45012796188698984
algebraic,PV16/v_pos,1.1056563883461225e-15
algebraic,PV16/v_neg,4.9101007186630335e-31
algebraic,VV_junc9/y_raw,0.5000000013317185
algebraic,VV_junc10/y_raw,0.5000000000607234
algebraic,VV_junc11/Qout3_rem,1.1056590498387346e-15
algebraic,VV_junc12/y_raw,0.5000000259035239
algebraic,VV_junc13/Qout3_rem,0.0
algebraic,VV_junc14/Qout3_rem,1.105660813744596e-15
algebraic,VV_junc15/bc4_is_out,1.0
algebraic,V15/H_R_in,0.45
algebraic,VV_junc9/y,0.5000000013317185
algebraic,VV_junc10/y,0.5000000000607234
algebraic,VV_junc11/Qout4_rem,0.0
algebraic,VV_junc12/y,0.5000000259035239
algebraic,VV_junc13/Qout4_rem,1.1056513782159641e-15
algebraic,VV_junc14/Qout4_rem,0.0
algebraic,VV_junc15/n_out,2.0
algebraic,VV_junc15/n_in,1.0
algebraic,V15/q,5.027637906680097e-16
algebraic,VV_junc9/ph,5.326874038781039e-09
algebraic,VV_junc10/ph,2.428937051195734e-10
algebraic,VV_junc11/beta1,0.0
algebraic,VV_junc12/ph,1.0361409548685803e-07
algebraic,VV_junc13/beta1,0.0
algebraic,VV_junc14/beta1,0.0
algebraic,VV_junc15/junction_type,1.0
algebraic,V15/H_mean,0.45000019378266237
algebraic,VV_junc9/FQE_alpha,0.50000000186451
algebraic,VV_junc10/FQE_alpha,0.5000000000850175
algebraic,VV_junc11/beta2,0.0
algebraic,VV_junc12/FQE_alpha,0.5000000362669967
algebraic,VV_junc13/beta2,0.0
algebraic,VV_junc14/beta2,0.0
algebraic,VV_junc15/is_split,1.0
algebraic,V15/hem_dep_u_rel,5.435949384832857
algebraic,VV_junc9/H_VV_out_alpha,0.4841399117024387
algebraic,VV_junc10/H_VV_out_alpha,0.4841398175667827
algebraic,VV_junc11/beta3,1.0
algebraic,VV_junc12/H_VV_out_alpha,0.48413799717102635
algebraic,VV_junc13/beta3,0.0
algebraic,VV_junc14/beta3,1.0
algebraic,VV_junc15/is_merge,0.0
algebraic,V15/mu,0.005435949384832857
algebraic,VV_junc9/H_VV_out_beta,0.48413991044141597
algebraic,VV_junc10/H_VV_out_beta,0.4841398175092828
algebraic,VV_junc11/beta4,0.0
algebraic,VV_junc12/H_VV_out_beta,0.4841379726426433
algebraic,VV_junc13/beta4,1.0
algebraic,VV_junc14/beta4,0.0
algebraic,VV_junc15/feed1,1.0
algebraic,V15/R,540723884370936.25
algebraic,VV_junc9/H_split1,0.4499921352827804
algebraic,VV_junc10/H_split1,0.44999213503072144
algebraic,VV_junc11/D_F,9e-06
algebraic,VV_junc12/H_split1,0.4499921335382453
algebraic,VV_junc13/D_F,9e-06
algebraic,VV_junc14/D_F,9e-06
algebraic,VV_junc15/feed2,0.0
algebraic,V15/u,6533.375850841366
algebraic,VV_junc9/H_split2,0.0
algebraic,VV_junc10/H_split2,0.0
algebraic,VV_junc11/D_alpha,9e-06
algebraic,VV_junc12/H_split2,0.0
algebraic,VV_junc13/D_alpha,9e-06
algebraic,VV_junc14/D_alpha,9e-06
algebraic,VV_junc15/feed3,0.0
algebraic,PV15/v_d,1.1056446778946398e-15
algebraic,V15/u_mmHg,49.00448426247255
algebraic,VV_junc9/H_daughter1,0.4499921352827804
algebraic,VV_junc10/H_daughter1,0.44999213503072144
algebraic,VV_junc11/D_beta,9e-06
algebraic,VV_junc12/H_daughter1,0.4499921335382453
algebraic,VV_junc13/D_beta,9e-06
algebraic,VV_junc14/D_beta,9e-06
algebraic,VV_junc15/feed4,0.0
algebraic,PV15/w_v_d,1.0000000000000004
algebraic,PV15/v_d_mm3_s,1.1056446778946398e-06
algebraic,V15/v,1.1056490357569364e-15
algebraic,VV_junc9/H_daughter2,0.0
algebraic,VV_junc10/H_daughter2,0.0
algebraic,VV_junc11/v_alpha,1.105659054405685e-15
algebraic,VV_junc12/H_daughter2,0.0
algebraic,VV_junc13/v_alpha,1.105651389801733e-15
algebraic,VV_junc14/v_alpha,1.105660815093145e-15
algebraic,VV_junc15/alpha1,0.0
algebraic,PV15/H_up,0.46285415809855257
algebraic,PV15/v_d_pos,1.1056446778946402e-15
algebraic,PV15/v_d_neg,4.910048713811576e-31
algebraic,PV15/H_L_out,0.46285415809855257
algebraic,V15/w_v,1.0000000000000004
algebraic,V15/v_mm3_s,1.1056490357569363e-06
algebraic,VV_junc9/H_from1_target,0.4499921352827804
algebraic,VV_junc10/H_from1_target,0.44999213503072144
algebraic,VV_junc11/v_beta,1.1056590498387346e-15
algebraic,VV_junc12/H_from1_target,0.4499921335382453
algebraic,VV_junc13/v_beta,1.1056513782159641e-15
algebraic,VV_junc14/v_beta,1.105660813744596e-15
algebraic,VV_junc15/alpha2,0.0
algebraic,PV15/s_v_d,0.9999999999999991
algebraic,PV15/H_R_out,0.4499372773410599
algebraic,VV_junc8/H_split3,0.48413985043995134
algebraic,V15/H_up,0.45012796188698984
algebraic,V15/H_L_out,0.45012796188698984
algebraic,V15/v_pos,1.1056490357569368e-15
algebraic,V15/v_neg,4.910068066607815e-31
algebraic,VV_junc9/H_from2_target,0.0
algebraic,VV_junc10/H_from2_target,0.0
algebraic,VV_junc11/FQB_alpha,0.5000000010326309
algebraic,VV_junc12/H_from2_target,0.0
algebraic,VV_junc13/FQB_alpha,0.5000000026196704
algebraic,VV_junc14/FQB_alpha,0.5000000003049192
algebraic,VV_junc15/alpha3,0.0
algebraic,PV15/H_down_target,0.4487125401058405
algebraic,PV15/H_volume_L,0.46285415809855257
algebraic,VV_junc8/H_daughter3,0.48413985043995134
algebraic,V15/s_v,0.9999999999999991
algebraic,V15/H_R_out,0.449993728343443
algebraic,VV_junc9/H_from1,-1.9983665179647244e-16
algebraic,VV_junc10/H_from1,-1.9983665168453577e-16
algebraic,VV_junc11/B,1.4000782547421637
algebraic,VV_junc12/H_from1,-1.9983665102174322e-16
algebraic,VV_junc13/B,1.4000779194670745
algebraic,VV_junc14/B,1.4000781879749837
algebraic,VV_junc15/alpha4,1.0
algebraic,PV15/H_volume_R,0.4499372773410599
algebraic,VV_junc8/H_from3_target,0.48413985043995134
algebraic,V15/H_down_target,0.4499874169722296
algebraic,V15/H_volume_L,0.45012796188698984
algebraic,VV_junc9/H_from2,0.0
algebraic,VV_junc10/H_from2,0.0
algebraic,VV_junc11/A,-0.0
algebraic,VV_junc12/H_from2,0.0
algebraic,VV_junc13/A,-0.0
algebraic,VV_junc14/A,-0.0
algebraic,VV_junc15/Qout1_rem,9.820149400245922e-31
algebraic,VV_junc8/H_from3,0.48413985043995156
algebraic,V15/H_volume_R,0.449993728343443
algebraic,PV18/w_v,1.0000000000000004
algebraic,PV20/w_v,1.0000000000000004
algebraic,VV_junc11/X_0,0.044444444444444446
algebraic,PV24/w_v,1.0000000000000004
algebraic,VV_junc13/X_0,0.044444444444444446
algebraic,VV_junc14/X_0,0.044444444444444446
algebraic,VV_junc15/Qout2_rem,-0.0
algebraic,V16/H_L_in,0.4501279741298731
algebraic,V17/H_L_in,0.45012796566100355
algebraic,PV18/v_pos,1.1056563945556251e-15
algebraic,PV18/v_neg,4.910100746238765e-31
algebraic,V19/H_L_in,0.45012797857959624
algebraic,PV20/v_pos,1.1056584259971158e-15
algebraic,PV20/v_neg,4.910109767651229e-31
algebraic,VV_junc11/y_raw,0.5000000011333754
algebraic,V23/H_L_in,0.45012793363577397
algebraic,PV24/v_pos,1.105653123396583e-15
algebraic,PV24/v_neg,4.910086219374421e-31
algebraic,VV_junc13/y_raw,0.5000000028752479
algebraic,VV_junc14/y_raw,0.5000000003346674
algebraic,VV_junc15/Qout3_rem,1.105660202314788e-15
algebraic,V16/H_R_in,0.45
algebraic,V17/H_R_in,0.45
algebraic,V19/H_R_in,0.45
algebraic,VV_junc11/y,0.5000000011333754
algebraic,V23/H_R_in,0.45
algebraic,VV_junc13/y,0.5000000028752479
algebraic,VV_junc14/y,0.5000000003346674
algebraic,VV_junc15/Qout4_rem,0.0
algebraic,V16/q,5.027637906680097e-16
algebraic,V17/q,5.027637906680096e-16
algebraic,V19/q,5.027637906680052e-16
algebraic,VV_junc11/ph,4.533501563868021e-09
algebraic,V23/q,5.027637906680176e-16
algebraic,VV_junc13/ph,1.1500991648405037e-08
algebraic,VV_junc14/ph,1.3386696187033682e-09
algebraic,VV_junc15/beta1,0.0
algebraic,V16/H_mean,0.4500001937495436
algebraic,V17/H_mean,0.4500001937063408
algebraic,V19/H_mean,0.45000019388698337
algebraic,VV_junc11/FQE_alpha,0.5000000015868142
algebraic,V23/H_mean,0.4500001935284907
algebraic,VV_junc13/FQE_alpha,0.5000000040255711
algebraic,VV_junc14/FQE_alpha,0.5000000004685605
algebraic,VV_junc15/beta2,0.0
algebraic,V16/hem_dep_u_rel,5.435949384391806
algebraic,V17/hem_dep_u_rel,5.435949383816478
algebraic,V19/hem_dep_u_rel,5.435949386222088
algebraic,VV_junc11/H_VV_out_alpha,0.48413978668567703
algebraic,V23/hem_dep_u_rel,5.435949381448059
algebraic,VV_junc13/H_VV_out_alpha,0.48414021981350236
algebraic,VV_junc14/H_VV_out_alpha,0.4841398723970103
algebraic,VV_junc15/beta3,1.0
algebraic,V16/mu,0.005435949384391806
algebraic,V17/mu,0.005435949383816478
algebraic,V19/mu,0.005435949386222088
algebraic,VV_junc11/H_VV_out_beta,0.4841397856124681
algebraic,V23/mu,0.005435949381448059
algebraic,VV_junc13/H_VV_out_beta,0.48414021709089
algebraic,VV_junc14/H_VV_out_beta,0.4841398720801091
algebraic,VV_junc15/beta4,0.0
algebraic,V16/R,540723884327064.1
algebraic,V17/R,540723884269835.2
algebraic,V19/R,540723884509125.56
algebraic,VV_junc11/H_split1,0.44999213739621713
algebraic,V23/R,540723884034244.1
algebraic,VV_junc13/H_split1,0.44999213484297873
algebraic,VV_junc14/H_split1,0.4499921364875957
algebraic,VV_junc15/D_F,9e-06
algebraic,V16/u,6533.375850841726
algebraic,V17/u,6533.375850839984
algebraic,V19/u,6533.375850577091
algebraic,VV_junc11/H_split2,0.0
algebraic,V23/u,6533.375851304503
algebraic,VV_junc13/H_split2,0.0
algebraic,VV_junc14/H_split2,0.0
algebraic,VV_junc15/D_alpha,9e-06
algebraic,PV16/v_d,1.1056446785460811e-15
algebraic,V16/u_mmHg,49.00448426247525
algebraic,PV17/v_d,1.1056446727587216e-15
algebraic,V17/u_mmHg,49.00448426246219
algebraic,PV19/v_d,1.1056426603750149e-15
algebraic,V19/u_mmHg,49.00448426049032
algebraic,VV_junc11/H_daughter1,0.44999213739621713
algebraic,PV23/v_d,1.1056478935793975e-15
algebraic,V23/u_mmHg,49.00448426594638
algebraic,VV_junc13/H_daughter1,0.44999213484297873
algebraic,VV_junc14/H_daughter1,0.4499921364875957
algebraic,VV_junc15/D_beta,9e-06
algebraic,PV16/w_v_d,1.0000000000000004
algebraic,PV16/v_d_mm3_s,1.105644678546081e-06
algebraic,V16/v,1.105649036512714e-15
algebraic,PV17/w_v_d,1.0000000000000004
algebraic,PV17/v_d_mm3_s,1.1056446727587216e-06
algebraic,V17/v,1.1056490334087136e-15
algebraic,PV19/w_v_d,1.0000000000000004
algebraic,PV19/v_d_mm3_s,1.1056426603750147e-06
algebraic,V19/v,1.10564854673213e-15
algebraic,VV_junc11/H_daughter2,0.0
algebraic,PV23/w_v_d,1.0000000000000004
algebraic,PV23/v_d_mm3_s,1.1056478935793975e-06
algebraic,V23/v,1.1056498929591361e-15
algebraic,VV_junc13/H_daughter2,0.0
algebraic,VV_junc14/H_daughter2,0.0
algebraic,VV_junc15/v_alpha,1.1056602023505774e-15
algebraic,PV16/H_up,0.46285327024154477
algebraic,PV16/H_L_out,0.46285327024154477
algebraic,PV16/v_d_pos,1.1056446785460815e-15
algebraic,PV16/v_d_neg,4.9100487167045565e-31
algebraic,V16/w_v,1.0000000000000004
algebraic,V16/v_mm3_s,1.105649036512714e-06
algebraic,PV17/H_up,0.46285368304473185
algebraic,PV17/v_d_pos,1.105644672758722e-15
algebraic,PV17/v_d_neg,4.910048691003517e-31
algebraic,PV17/H_L_out,0.46285368304473185
algebraic,V17/w_v,1.0000000000000004
algebraic,V17/v_mm3_s,1.1056490334087137e-06
algebraic,PV19/H_up,0.4628475795207647
algebraic,PV19/v_d_pos,1.1056426603750153e-15
algebraic,PV19/v_d_neg,4.910039754224615e-31
algebraic,PV19/H_L_out,0.4628475795207647
algebraic,V19/w_v,1.0000000000000004
algebraic,V19/v_mm3_s,1.10564854673213e-06
algebraic,VV_junc11/H_from1_target,0.44999213739621713
algebraic,PV23/H_up,0.462833251565287
algebraic,PV23/v_d_pos,1.1056478935793979e-15
algebraic,PV23/v_d_neg,4.910062994320608e-31
algebraic,PV23/H_L_out,0.462833251565287
algebraic,V23/w_v,1.0000000000000004
algebraic,V23/v_mm3_s,1.105649892959136e-06
algebraic,VV_junc13/H_from1_target,0.44999213484297873
algebraic,VV_junc14/H_from1_target,0.4499921364875957
algebraic,VV_junc15/v_beta,1.105660202314788e-15
algebraic,VV_junc8/H_split4,0.4841398506388699
algebraic,PV16/s_v_d,0.9999999999999991
algebraic,PV16/H_R_out,0.4499373053090473
algebraic,V16/H_up,0.4501279741298731
algebraic,V16/H_L_out,0.4501279741298731
algebraic,V16/v_pos,1.1056490365127145e-15
algebraic,V16/v_neg,4.910068069964142e-31
algebraic,PV17/s_v_d,0.9999999999999991
algebraic,PV17/H_R_out,0.4499372963629793
algebraic,VV_junc9/H_split3,0.48413991044141597
algebraic,V17/H_up,0.45012796566100355
algebraic,V17/H_L_out,0.45012796566100355
algebraic,V17/v_pos,1.105649033408714e-15
algebraic,V17/v_neg,4.910068056179611e-31
algebraic,PV19/s_v_d,0.9999999999999991
algebraic,PV19/H_R_out,0.44993748468881567
algebraic,VV_junc10/H_split3,0.4841398175667827
algebraic,V19/H_up,0.45012797857959624
algebraic,V19/H_L_out,0.45012797857959624
algebraic,V19/v_pos,1.1056485467321305e-15
algebraic,V19/v_neg,4.910065894901417e-31
algebraic,VV_junc11/H_from2_target,0.0
algebraic,PV23/s_v_d,0.9999999999999991
algebraic,PV23/H_R_out,0.449938297434662
algebraic,VV_junc12/H_split3,0.4841379726426433
algebraic,V23/H_up,0.45012793363577397
algebraic,V23/H_L_out,0.45012793363577397
algebraic,V23/v_pos,1.1056498929591365e-15
algebraic,V23/v_neg,4.910071873350291e-31
algebraic,VV_junc13/H_from2_target,0.0
algebraic,VV_junc14/H_from2_target,0.0
algebraic,VV_junc15/FQB_alpha,0.5000000000080923
algebraic,VV_junc8/H_daughter4,0.4841398506388699
algebraic,PV16/H_down_target,0.44871262838416254
algebraic,PV16/H_volume_L,0.46285327024154477
algebraic,V16/s_v,0.9999999999999991
algebraic,V16/H_R_out,0.4499937279739048
algebraic,PV17/H_down_target,0.4487125872388541
algebraic,PV17/H_volume_L,0.46285368304473185
algebraic,VV_junc9/H_daughter3,0.48413991044141597
algebraic,V17/s_v,0.9999999999999991
algebraic,V17/H_R_out,0.4499937282662242
algebraic,PV19/H_down_target,0.4487131953448395
algebraic,PV19/H_volume_L,0.4628475795207647
algebraic,VV_junc10/H_daughter3,0.4841398175667827
algebraic,V19/s_v,0.9999999999999991
algebraic,V19/H_R_out,0.4499937289278767
algebraic,VV_junc11/H_from1,-1.9983665273502688e-16
algebraic,PV23/H_down_target,0.44871461510502275
algebraic,PV23/H_volume_L,0.462833251565287
algebraic,VV_junc12/H_daughter3,0.4841379726426433
algebraic,V23/s_v,0.9999999999999991
algebraic,V23/H_R_out,0.44999373542388316
algebraic,VV_junc13/H_from1,-1.9983665160116126e-16
algebraic,VV_junc14/H_from1,-1.998366523315179e-16
algebraic,VV_junc15/B,1.4000782610129827
algebraic,VV_junc8/H_from4_target,0.4841398506388699
algebraic,PV16/H_volume_R,0.4499373053090473
algebraic,V16/H_down_target,0.44998741571151063
algebraic,V16/H_volume_L,0.4501279741298731
algebraic,PV17/H_volume_R,0.4499372963629793
algebraic,VV_junc9/H_from3_target,0.48413991044141597
algebraic,V17/H_down_target,0.44998741651087454
algebraic,V17/H_volume_L,0.45012796566100355
algebraic,PV19/H_volume_R,0.44993748468881567
algebraic,VV_junc10/H_from3_target,0.4841398175667827
algebraic,V19/H_down_target,0.4499874154177221
algebraic,V19/H_volume_L,0.45012797857959624
algebraic,VV_junc11/H_from2,0.0
algebraic,PV23/H_volume_R,0.449938297434662
algebraic,VV_junc12/H_from3_target,0.4841379726426433
algebraic,V23/H_down_target,0.44998741951776233
algebraic,V23/H_volume_L,0.45012793363577397
algebraic,VV_junc13/H_from2,0.0
algebraic,VV_junc14/H_from2,0.0
algebraic,VV_junc15/A,-0.0
algebraic,VV_junc8/H_from4,0.4841398506388701
algebraic,V16/H_volume_R,0.4499937279739048
algebraic,VV_junc9/H_from3,0.4841399104414162
algebraic,V17/H_volume_R,0.4499937282662242
algebraic,VV_junc10/H_from3,0.4841398175667829
algebraic,V19/H_volume_R,0.4499937289278767
algebraic,PV22/w_v,1.0000000000000004
algebraic,VV_junc12/H_from3,0.4841379726426435
algebraic,V23/H_volume_R,0.44999373542388316
algebraic,PV26/w_v,1.0000000000000004
algebraic,PV28/w_v,1.0000000000000004
algebraic,VV_junc15/X_0,0.044444444444444446
algebraic,VV_junc8/RBC_in,9.95068077089131e-16
algebraic,V18/H_L_in,0.45012801700431265
algebraic,V20/H_L_in,0.4501279756312486
algebraic,V21/H_L_in,0.4501279309359734
algebraic,PV22/v_pos,1.105659054405685e-15
algebraic,PV22/v_neg,4.910112558345879e-31
algebraic,V24/H_L_in,0.45012894732720954
algebraic,V25/H_L_in,0.4501280631209765
algebraic,PV26/v_pos,1.1056513782159641e-15
algebraic,PV26/v_neg,4.910078469215601e-31
algebraic,V27/H_L_in,0.4501280271958931
algebraic,PV28/v_pos,1.105660815093145e-15
algebraic,PV28/v_neg,4.910120377368907e-31
algebraic,VV_junc15/y_raw,0.5000000000088818
algebraic,VV_junc8/RBC_out,1.0705846367938591e-15
algebraic,V18/H_R_in,0.45
algebraic,V20/H_R_in,0.45
algebraic,V21/H_R_in,0.45
algebraic,V24/H_R_in,0.45
algebraic,V25/H_R_in,0.45
algebraic,V27/H_R_in,0.45
algebraic,VV_junc15/y,0.5000000000088818
algebraic,V18/q,5.027637906680097e-16
algebraic,V20/q,5.027637906680052e-16
algebraic,V21/q,5.027637906680041e-16
algebraic,V24/q,5.027637906680185e-16
algebraic,V25/q,5.027637906680208e-16
algebraic,V27/q,5.027637906680003e-16
algebraic,VV_junc15/ph,3.552713678737392e-11
algebraic,V18/H_mean,0.4500001937564533
algebraic,V20/H_mean,0.4500001937181499
algebraic,V21/H_mean,0.4500001935972208
algebraic,V24/H_mean,0.45000019395743157
algebraic,V25/H_mean,0.45000019382850753
algebraic,V27/H_mean,0.45000019387392215
algebraic,VV_junc15/FQE_alpha,0.5000000000124352
algebraic,V18/hem_dep_u_rel,5.4359493844838305
algebraic,V20/hem_dep_u_rel,5.4359493839737345
algebraic,V21/hem_dep_u_rel,5.435949382363344
algebraic,V24/hem_dep_u_rel,5.4359493871602345
algebraic,V25/hem_dep_u_rel,5.435949385443375
algebraic,V27/hem_dep_u_rel,5.435949386048152
algebraic,VV_junc15/H_VV_out_alpha,0.4841397780676943
algebraic,V18/mu,0.005435949384483831
algebraic,V20/mu,0.005435949383973735
algebraic,V21/mu,0.005435949382363344
algebraic,V24/mu,0.005435949387160234
algebraic,V25/mu,0.005435949385443375
algebraic,V27/mu,0.005435949386048152
algebraic,VV_junc15/H_VV_out_beta,0.48413977805928415
algebraic,V18/R,540723884336217.94
algebraic,V20/R,540723884285477.75
algebraic,V21/R,540723884125289.25
algebraic,V24/R,540723884602444.75
algebraic,V25/R,540723884431665.56
algebraic,V27/R,540723884491823.8
algebraic,VV_junc15/H_split1,0.4499921361533857
algebraic,V18/u,6533.3758508429955
algebraic,V20/u,6533.375850576653
algebraic,V21/u,6533.375850512173
algebraic,V24/u,6533.375851360538
algebraic,V25/u,6533.375851499283
algebraic,V27/u,6533.375850292942
algebraic,VV_junc15/H_split2,0.0
algebraic,PV18/v_d,1.1056446781832666e-15
algebraic,V18/u_mmHg,49.00448426248477
algebraic,PV20/v_d,1.1056426600523382e-15
algebraic,V20/u_mmHg,49.00448426048703
algebraic,PV21/v_d,1.1056420359180055e-15
algebraic,V21/u_mmHg,49.0044842600034
algebraic,PV24/v_d,1.1056479961504904e-15
algebraic,V24/u_mmHg,49.004484266366674
algebraic,PV25/v_d,1.1056496066577585e-15
algebraic,V25/u_mmHg,49.004484267407356
algebraic,PV27/v_d,1.1056402877903847e-15
algebraic,V27/u_mmHg,49.00448425835903
algebraic,VV_junc15/H_daughter1,0.4499921361533857
algebraic,PV18/w_v_d,1.0000000000000004
algebraic,PV18/v_d_mm3_s,1.1056446781832665e-06
algebraic,V18/v,1.1056490388420614e-15
algebraic,PV20/w_v_d,1.0000000000000004
algebraic,PV20/v_d_mm3_s,1.1056426600523382e-06
algebraic,V20/v,1.1056485463787139e-15
algebraic,PV21/w_v_d,1.0000000000000004
algebraic,PV21/v_d_mm3_s,1.1056420359180054e-06
algebraic,V21/v,1.105648427459565e-15
algebraic,PV24/w_v_d,1.0000000000000004
algebraic,PV24/v_d_mm3_s,1.1056479961504903e-06
algebraic,V24/v,1.1056499954266776e-15
algebraic,PV25/w_v_d,1.0000000000000004
algebraic,PV25/v_d_mm3_s,1.1056496066577584e-06
algebraic,V25/v,1.1056502523675338e-15
algebraic,PV27/w_v_d,1.0000000000000004
algebraic,PV27/v_d_mm3_s,1.1056402877903846e-06
algebraic,V27/v,1.1056480212703174e-15
algebraic,VV_junc15/H_daughter2,0.0
algebraic,PV18/H_up,0.4628470324580802
algebraic,PV18/H_L_out,0.4628470324580802
algebraic,PV18/v_d_pos,1.105644678183267e-15
algebraic,PV18/v_d_neg,4.9100487150933365e-31
algebraic,V18/w_v,1.0000000000000004
algebraic,V18/v_mm3_s,1.1056490388420613e-06
algebraic,PV20/H_up,0.46284797121600707
algebraic,PV20/H_L_out,0.46284797121600707
algebraic,PV20/v_d_pos,1.1056426600523386e-15
algebraic,PV20/v_d_neg,4.910039752791643e-31
algebraic,V20/w_v,1.0000000000000004
algebraic,V20/v_mm3_s,1.105648546378714e-06
algebraic,PV21/H_up,0.4628543237231626
algebraic,PV21/v_d_pos,1.1056420359180059e-15
algebraic,PV21/v_d_neg,4.910036981078416e-31
algebraic,PV21/H_L_out,0.4628543237231626
algebraic,V21/w_v,1.0000000000000004
algebraic,V21/v_mm3_s,1.105648427459565e-06
algebraic,PV24/H_up,0.4627112119894882
algebraic,PV24/H_L_out,0.4627112119894882
algebraic,PV24/v_d_pos,1.1056479961504908e-15
algebraic,PV24/v_d_neg,4.910063449827764e-31
algebraic,V24/w_v,1.0000000000000004
algebraic,V24/v_mm3_s,1.1056499954266776e-06
algebraic,PV25/H_up,0.4628468160395157
algebraic,PV25/v_d_pos,1.1056496066577589e-15
algebraic,PV25/v_d_neg,4.910070601916765e-31
algebraic,PV25/H_L_out,0.4628468160395157
algebraic,V25/w_v,1.0000000000000004
algebraic,V25/v_mm3_s,1.1056502523675338e-06
algebraic,PV27/H_up,0.4628471319330997
algebraic,PV27/v_d_pos,1.1056402877903851e-15
algebraic,PV27/v_d_neg,4.910029217832278e-31
algebraic,PV27/H_L_out,0.4628471319330997
algebraic,V27/w_v,1.0000000000000004
algebraic,V27/v_mm3_s,1.1056480212703173e-06
algebraic,VV_junc15/H_from1_target,0.4499921361533857
algebraic,VV_junc9/H_split4,0.4841399117024387
algebraic,PV18/s_v_d,0.9999999999999991
algebraic,PV18/H_R_out,0.4499375571224463
algebraic,V18/H_up,0.45012801700431265
algebraic,V18/H_L_out,0.45012801700431265
algebraic,V18/v_pos,1.1056490388420617e-15
algebraic,V18/v_neg,4.910068080308522e-31
algebraic,VV_junc10/H_split4,0.4841398175092828
algebraic,PV20/s_v_d,0.9999999999999991
algebraic,PV20/H_R_out,0.4499374695218006
algebraic,V20/H_up,0.4501279756312486
algebraic,V20/H_L_out,0.4501279756312486
algebraic,V20/v_pos,1.1056485463787143e-15
algebraic,V20/v_neg,4.910065893331934e-31
algebraic,PV21/s_v_d,0.9999999999999991
algebraic,PV21/H_R_out,0.44993721178475016
algebraic,VV_junc11/H_split3,0.4841397856124681
algebraic,V21/H_up,0.4501279309359734
algebraic,V21/H_L_out,0.4501279309359734
algebraic,V21/v_pos,1.1056484274595654e-15
algebraic,V21/v_neg,4.910065365224825e-31
algebraic,VV_junc12/H_split4,0.48413799717102635
algebraic,PV24/s_v_d,0.9999999999999991
algebraic,PV24/H_R_out,0.44994300352769184
algebraic,V24/H_up,0.45012894732720954
algebraic,V24/H_L_out,0.45012894732720954
algebraic,V24/v_pos,1.105649995426678e-15
algebraic,V24/v_neg,4.910072328397586e-31
algebraic,PV25/s_v_d,0.9999999999999991
algebraic,PV25/H_R_out,0.4499375047151839
algebraic,VV_junc13/H_split3,0.48414021981350236
algebraic,V25/H_up,0.4501280631209765
algebraic,V25/H_L_out,0.4501280631209765
algebraic,V25/v_pos,1.1056502523675342e-15
algebraic,V25/v_neg,4.910073469444204e-31
algebraic,PV27/s_v_d,0.9999999999999991
algebraic,PV27/H_R_out,0.44993756913791516
algebraic,VV_junc14/H_split3,0.4841398720801091
algebraic,V27/H_up,0.4501280271958931
algebraic,V27/H_L_out,0.4501280271958931
algebraic,V27/v_pos,1.1056480212703178e-15
algebraic,V27/v_neg,4.910063561382205e-31
algebraic,VV_junc15/H_from2_target,0.0
algebraic,VV_junc9/H_daughter4,0.4841399117024387
algebraic,PV18/H_down_target,0.44871324834436765
algebraic,PV18/H_volume_L,0.4628470324580802
algebraic,V18/s_v,0.9999999999999991
algebraic,V18/H_R_out,0.44999372760738465
algebraic,VV_junc10/H_daughter4,0.4841398175092828
algebraic,PV20/H_down_target,0.4487131565834486
algebraic,PV20/H_volume_L,0.46284797121600707
algebraic,V20/s_v,0.9999999999999991
algebraic,V20/H_R_out,0.44999372890541517
algebraic,PV21/H_down_target,0.4487125247729984
algebraic,PV21/H_volume_L,0.4628543237231626
algebraic,VV_junc11/H_daughter3,0.4841397856124681
algebraic,V21/s_v,0.9999999999999991
algebraic,V21/H_R_out,0.4499937292753653
algebraic,VV_junc12/H_daughter4,0.48413799717102635
algebraic,PV24/H_down_target,0.44872674447587446
algebraic,PV24/H_volume_L,0.4627112119894882
algebraic,V24/s_v,0.9999999999999991
algebraic,V24/H_R_out,0.44999371960140616
algebraic,PV25/H_down_target,0.44871326979157666
algebraic,PV25/H_volume_L,0.4628468160395157
algebraic,VV_junc13/H_daughter3,0.48414021981350236
algebraic,V25/s_v,0.9999999999999991
algebraic,V25/H_R_out,0.4499937252949429
algebraic,PV27/H_down_target,0.44871323797873575
algebraic,PV27/H_volume_L,0.4628471319330997
algebraic,VV_junc14/H_daughter3,0.4841398720801091
algebraic,V27/s_v,0.9999999999999991
algebraic,V27/H_R_out,0.4499937272649098
algebraic,VV_junc15/H_from1,-1.9983665218309884e-16
algebraic,VV_junc9/H_from4_target,0.4841399117024387
algebraic,PV18/H_volume_R,0.4499375571224463
algebraic,V18/H_down_target,0.4499874114316673
algebraic,V18/H_volume_L,0.45012801700431265
algebraic,VV_junc10/H_from4_target,0.4841398175092828
algebraic,PV20/H_volume_R,0.4499374695218006
algebraic,V20/H_down_target,0.4499874155268401
algebraic,V20/H_volume_L,0.4501279756312486
algebraic,PV21/H_volume_R,0.44993721178475016
algebraic,VV_junc11/H_from3_target,0.4841397856124681
algebraic,V21/H_down_target,0.44998741986334556
algebraic,V21/H_volume_L,0.4501279309359734
algebraic,VV_junc12/H_from4_target,0.48413799717102635
algebraic,PV24/H_volume_R,0.44994300352769184
algebraic,V24/H_down_target,0.44998731862045377
algebraic,V24/H_volume_L,0.45012894732720954
algebraic,PV25/H_volume_R,0.4499375047151839
algebraic,VV_junc13/H_from3_target,0.48414021981350236
algebraic,V25/H_down_target,0.44998740689926064
algebraic,V25/H_volume_L,0.4501280631209765
algebraic,PV27/H_volume_R,0.44993756913791516
algebraic,VV_junc14/H_from3_target,0.4841398720801091
algebraic,V27/H_down_target,0.44998741054172503
algebraic,V27/H_volume_L,0.4501280271958931
algebraic,VV_junc15/H_from2,0.0
algebraic,VV_junc9/H_from4,0.4841399117024389
algebraic,V18/H_volume_R,0.44999372760738465
algebraic,VV_junc10/H_from4,0.48413981750928303
algebraic,V20/H_volume_R,0.44999372890541517
algebraic,VV_junc11/H_from3,0.48413978561246834
algebraic,V21/H_volume_R,0.4499937292753653
algebraic,VV_junc12/H_from4,0.48413799717102657
algebraic,V24/H_volume_R,0.44999371960140616
algebraic,VV_junc13/H_from3,0.4841402198135026
algebraic,V25/H_volume_R,0.4499937252949429
algebraic,VV_junc14/H_from3,0.48413987208010933
algebraic,V27/H_volume_R,0.4499937272649098
algebraic,PV30/w_v,1.0000000000000004
algebraic,VV_junc9/RBC_in,9.950680735220464e-16
algebraic,VV_junc10/RBC_in,9.950680787695345e-16
algebraic,V22/H_L_in,0.4501279737512424
algebraic,VV_junc12/RBC_in,9.950680659476387e-16
algebraic,V26/H_L_in,0.4501279556931096
algebraic,V28/H_L_in,0.4501280358905748
algebraic,V29/H_L_in,0.4501280357966516
algebraic,PV30/v_pos,1.1056602023505774e-15
algebraic,PV30/v_neg,4.910117656245281e-31
algebraic,VV_junc9/RBC_out,1.0705847744745623e-15
algebraic,VV_junc10/RBC_out,1.0705865373617268e-15
algebraic,V22/H_R_in,0.45
algebraic,VV_junc12/RBC_out,1.0705772998009761e-15
algebraic,V26/H_R_in,0.45
algebraic,V28/H_R_in,0.45
algebraic,V29/H_R_in,0.45
algebraic,V22/q,5.027637906680041e-16
algebraic,V26/q,5.027637906680207e-16
algebraic,V28/q,5.027637906680003e-16
algebraic,V29/q,5.027637906680014e-16
algebraic,V22/H_mean,0.45000019371843103
algebraic,V26/H_mean,0.45000019377878203
algebraic,V28/H_mean,0.45000019377140105
algebraic,V29/H_mean,0.45000019408060105
algebraic,V22/hem_dep_u_rel,5.43594938397749
algebraic,V26/hem_dep_u_rel,5.435949384781184
algebraic,V28/hem_dep_u_rel,5.435949384682881
algebraic,V29/hem_dep_u_rel,5.435949388800478
algebraic,V22/mu,0.00543594938397749
algebraic,V26/mu,0.005435949384781184
algebraic,V28/mu,0.005435949384682881
algebraic,V29/mu,0.005435949388800478
algebraic,V22/R,540723884285851.3
algebraic,V26/R,540723884365796.25
algebraic,V28/R,540723884356017.8
algebraic,V29/R,540723884765602.8
algebraic,V22/u,6533.375850514808
algebraic,V26/u,6533.37585149307
algebraic,V28/u,6533.375850293489
algebraic,V29/u,6533.375850354876
algebraic,PV22/v_d,1.1056420402702777e-15
algebraic,V22/u_mmHg,49.00448426002316
algebraic,PV26/v_d,1.1056495952904527e-15
algebraic,V26/u_mmHg,49.004484267360745
algebraic,PV28/v_d,1.105640288955569e-15
algebraic,V28/u_mmHg,49.00448425836313
algebraic,PV29/v_d,1.1056408955321234e-15
algebraic,V29/u_mmHg,49.00448425882357
algebraic,PV22/w_v_d,1.0000000000000004
algebraic,PV22/v_d_mm3_s,1.1056420402702777e-06
algebraic,V22/v,1.1056484320039933e-15
algebraic,PV26/w_v_d,1.0000000000000004
algebraic,PV26/v_d_mm3_s,1.1056495952904525e-06
algebraic,V26/v,1.1056502410108328e-15
algebraic,PV28/w_v_d,1.0000000000000004
algebraic,PV28/v_d_mm3_s,1.1056402889555689e-06
algebraic,V28/v,1.1056480225588862e-15
algebraic,PV29/w_v_d,1.0000000000000004
algebraic,PV29/v_d_mm3_s,1.1056408955321233e-06
algebraic,V29/v,1.1056481352492987e-15
algebraic,PV22/H_up,0.4628480952425546
algebraic,PV22/H_L_out,0.4628480952425546
algebraic,PV22/v_d_pos,1.1056420402702781e-15
algebraic,PV22/v_d_neg,4.9100370004063875e-31
algebraic,V22/w_v,1.0000000000000004
algebraic,V22/v_mm3_s,1.105648432003993e-06
algebraic,PV26/H_up,0.462859258141861
algebraic,PV26/H_L_out,0.462859258141861
algebraic,PV26/v_d_pos,1.105649595290453e-15
algebraic,PV26/v_d_neg,4.910070551435786e-31
algebraic,V26/w_v,1.0000000000000004
algebraic,V26/v_mm3_s,1.1056502410108328e-06
algebraic,PV28/H_up,0.4628460375145098
algebraic,PV28/H_L_out,0.4628460375145098
algebraic,PV28/v_d_pos,1.1056402889555694e-15
algebraic,PV28/v_d_neg,4.910029223006735e-31
algebraic,V28/w_v,1.0000000000000004
algebraic,V28/v_mm3_s,1.105648022558886e-06
algebraic,PV29/H_up,0.4628460286147621
algebraic,PV29/v_d_pos,1.1056408955321237e-15
algebraic,PV29/v_d_neg,4.910031916747763e-31
algebraic,PV29/H_L_out,0.4628460286147621
algebraic,V29/w_v,1.0000000000000004
algebraic,V29/v_mm3_s,1.1056481352492986e-06
algebraic,VV_junc11/H_split4,0.48413978668567703
algebraic,PV22/s_v_d,0.9999999999999991
algebraic,PV22/H_R_out,0.44993746316921307
algebraic,V22/H_up,0.4501279737512424
algebraic,V22/H_L_out,0.4501279737512424
algebraic,V22/v_pos,1.1056484320039937e-15
algebraic,V22/v_neg,4.9100653854061405e-31
algebraic,VV_junc13/H_split4,0.48414021709089
algebraic,PV26/s_v_d,0.9999999999999991
algebraic,PV26/H_R_out,0.44993702938908775
algebraic,V26/H_up,0.4501279556931096
algebraic,V26/H_L_out,0.4501279556931096
algebraic,V26/v_pos,1.1056502410108332e-15
algebraic,V26/v_neg,4.9100734190103205e-31
algebraic,VV_junc14/H_split4,0.4841398723970103
algebraic,PV28/s_v_d,0.9999999999999991
algebraic,PV28/H_R_out,0.44993761265265925
algebraic,V28/H_up,0.4501280358905748
algebraic,V28/H_L_out,0.4501280358905748
algebraic,V28/v_pos,1.1056480225588866e-15
algebraic,V28/v_neg,4.9100635671046e-31
algebraic,PV29/s_v_d,0.9999999999999991
algebraic,PV29/H_R_out,0.44993761237004576
algebraic,VV_junc15/H_split3,0.48413977805928415
algebraic,V29/H_up,0.4501280357966516
algebraic,V29/H_L_out,0.4501280357966516
algebraic,V29/v_pos,1.105648135249299e-15
algebraic,V29/v_neg,4.910064067550562e-31
algebraic,VV_junc11/H_daughter4,0.48413978668567703
algebraic,PV22/H_down_target,0.44871314424929226
algebraic,PV22/H_volume_L,0.4628480952425546
algebraic,V22/s_v,0.9999999999999991
algebraic,V22/H_R_out,0.449993728949924
algebraic,VV_junc13/H_daughter4,0.48414021709089
algebraic,PV26/H_down_target,0.44871203385298375
algebraic,PV26/H_volume_L,0.462859258141861
algebraic,V26/s_v,0.9999999999999991
algebraic,V26/H_R_out,0.44999372708855917
algebraic,VV_junc14/H_daughter4,0.4841398723970103
algebraic,PV28/H_down_target,0.4487133466104721
algebraic,PV28/H_volume_L,0.4628460375145098
algebraic,V28/s_v,0.9999999999999991
algebraic,V28/H_R_out,0.44999372711193186
algebraic,PV29/H_down_target,0.44871334787513084
algebraic,PV29/H_volume_L,0.4628460286147621
algebraic,VV_junc15/H_daughter3,0.48413977805928415
algebraic,V29/s_v,0.9999999999999991
algebraic,V29/H_R_out,0.44999372722373376
algebraic,VV_junc11/H_from4_target,0.48413978668567703
algebraic,PV22/H_volume_R,0.44993746316921307
algebraic,V22/H_down_target,0.4499874157151499
algebraic,V22/H_volume_L,0.4501279737512424
algebraic,VV_junc13/H_from4_target,0.48414021709089
algebraic,PV26/H_volume_R,0.44993702938908775
algebraic,V26/H_down_target,0.4499874175873493
algebraic,V26/H_volume_L,0.4501279556931096
algebraic,VV_junc14/H_from4_target,0.4841398723970103
algebraic,PV28/H_volume_R,0.44993761265265925
algebraic,V28/H_down_target,0.4499874095594837
algebraic,V28/H_volume_L,0.4501280358905748
algebraic,PV29/H_volume_R,0.44993761237004576
algebraic,VV_junc15/H_from3_target,0.48413977805928415
algebraic,V29/H_down_target,0.449987409908996
algebraic,V29/H_volume_L,0.4501280357966516
algebraic,VV_junc11/H_from4,0.48413978668567725
algebraic,V22/H_volume_R,0.449993728949924
algebraic,VV_junc13/H_from4,0.4841402170908902
algebraic,V26/H_volume_R,0.44999372708855917
algebraic,VV_junc14/H_from4,0.4841398723970105
algebraic,V28/H_volume_R,0.44999372711193186
algebraic,VV_junc15/H_from3,0.4841397780592844
algebraic,V29/H_volume_R,0.44999372722373376
algebraic,VV_junc11/RBC_in,9.95068088079493e-16
algebraic,VV_junc13/RBC_in,9.950680487517244e-16
algebraic,VV_junc14/RBC_in,9.950680924915507e-16
algebraic,V30/H_L_in,0.4501280273692307
algebraic,VV_junc11/RBC_out,1.0705870740964664e-15
algebraic,VV_junc13/RBC_out,1.0705806051720344e-15
algebraic,VV_junc14/RBC_out,1.0705889708638683e-15
algebraic,V30/H_R_in,0.45
algebraic,V30/q,5.027637906680014e-16
algebraic,V30/H_mean,0.4500001937685608
algebraic,V30/hem_dep_u_rel,5.435949384645054
algebraic,V30/mu,0.005435949384645054
algebraic,V30/R,540723884352255.1
algebraic,V30/u,6533.3758503543995
algebraic,PV30/v_d,1.105640895411915e-15
algebraic,V30/u_mmHg,49.00448425881999
algebraic,PV30/w_v_d,1.0000000000000004
algebraic,PV30/v_d_mm3_s,1.105640895411915e-06
algebraic,V30/v,1.1056481352131284e-15
algebraic,PV30/H_up,0.46284710181902206
algebraic,PV30/H_L_out,0.46284710181902206
algebraic,PV30/v_d_pos,1.1056408954119153e-15
algebraic,PV30/v_d_neg,4.91003191621393e-31
algebraic,V30/w_v,1.0000000000000004
algebraic,V30/v_mm3_s,1.1056481352131284e-06
algebraic,VV_junc15/H_split4,0.4841397780676943
algebraic,PV30/s_v_d,0.9999999999999991
algebraic,PV30/H_R_out,0.44993756990535283
algebraic,V30/H_up,0.4501280273692307
algebraic,V30/H_L_out,0.4501280273692307
algebraic,V30/v_pos,1.1056481352131288e-15
algebraic,V30/v_neg,4.910064067389934e-31
algebraic,VV_junc15/H_daughter4,0.4841397780676943
algebraic,PV30/H_down_target,0.4487132409096191
algebraic,PV30/H_volume_L,0.46284710181902206
algebraic,V30/s_v,0.9999999999999991
algebraic,V30/H_R_out,0.4499937272240356
algebraic,VV_junc15/H_from4_target,0.4841397780676943
algebraic,PV30/H_volume_R,0.44993756990535283
algebraic,V30/H_down_target,0.4499874104084938
algebraic,V30/H_volume_L,0.4501280273692307
algebraic,VV_junc15/H_from4,0.48413977806769454
algebraic,V30/H_volume_R,0.4499937272240356
algebraic,VV_junc15/RBC_in,9.950680872102328e-16
algebraic,VV_junc15/RBC_out,1.0705881699419557e-15
