environment | time (second),inlet | u_mmHg (dimensionless),inlet | v_mm3_s (mm3_per_s),PV1 | u_mmHg (dimensionless),PV1 | v_mm3_s (mm3_per_s),PV2 | u_mmHg (dimensionless),PV2 | v_mm3_s (mm3_per_s),V1 | u_mmHg (dimensionless),V1 | v_mm3_s (mm3_per_s),V2 | u_mmHg (dimensionless),V2 | v_mm3_s (mm3_per_s),VV_junc1 | H_VV_out_alpha (dimensionless),VV_junc1 | H_VV_out_beta (dimensionless),VV_junc1 | u_mmHg (dimensionless),VV_junc1 | v_mm3_s (mm3_per_s)
0,0.99758479470755,0.00541497898065747,0.99758479470755,0,0.99758479470755,0,0.99758479470755,-0.00214705185868789,0.99758479470755,-0.00214705185868789,0.449999999602113,0.449999999602113,0.99758479470755,0
1,49.9395206686136,6.68322790423779e-06,49.827400428089,3.34161544893148e-06,49.8274004280926,3.34161545707935e-06,49.8258879905843,3.34161394764532e-06,49.8258879905911,3.34161395641704e-06,0.449999999032809,0.449999998578338,49.8790413372233,6.68322790643833e-06
2,49.9395204437805,6.68325273126513e-06,49.8274001908545,3.34162531158944e-06,49.82740019085,3.34162531828844e-06,49.82588814954,3.34162636143895e-06,49.8258881495306,3.34162636880866e-06,0.450000006781672,0.450000006408016,49.8790408875664,6.68325272815127e-06
3,49.9395200840519,6.68329252566038e-06,49.8273992100169,3.34164577999312e-06,49.827399210021,3.34164578612561e-06,49.8258872062628,3.34164625871403e-06,49.8258872062739,3.34164626694723e-06,0.450000039245214,0.45000003890316,49.8790401681321,6.6832925294284e-06
4,49.9395197558047,6.68332879670343e-06,49.8273982774737,3.34166546499257e-06,49.8273982774722,3.34166547494882e-06,49.8258862712457,3.34166439531184e-06,49.8258862712455,3.34166440260405e-06,0.450000003072355,0.450000002517025,49.8790395116136,6.68332879804348e-06
5,49.9395194726757,6.68336011048779e-06,49.8273974709587,3.341678231706e-06,49.8273974709561,3.34167823981487e-06,49.8258854567829,3.34168005246123e-06,49.8258854567766,3.34168005903596e-06,0.450000009598307,0.45000000914602,49.8790389453565,6.6833601104463e-06
6,49.9395192298682,6.68338694395746e-06,49.8273967770883,3.34169395177167e-06,49.8273967770992,3.34169395945656e-06,49.8258847580004,3.34169346720695e-06,49.8258847580215,3.34169347717376e-06,0.449999997387416,0.449999996958779,49.8790384597365,6.68338694423619e-06
7,49.9395190204542,6.68341000283703e-06,49.8273961805856,3.34170468437029e-06,49.8273961805685,3.34170469665874e-06,49.8258841560487,3.34170500020576e-06,49.8258841560186,3.34170500592625e-06,0.449999971790466,0.449999971105059,49.8790380409009,6.68341000354667e-06
8,49.9395188402059,6.68342977733655e-06,49.827395667745,3.34171378452348e-06,49.8273956677099,3.34171378992468e-06,49.8258836384766,3.34171489348463e-06,49.8258836384113,3.34171488973554e-06,0.449999958907307,0.449999958606048,49.8790376803995,6.68342977798056e-06
9,49.9395186856239,6.68344670990698e-06,49.8273952276488,3.3417224865626e-06,49.8273952276285,3.34172248004182e-06,49.825883194663,3.34172336313086e-06,49.825883194624,3.34172335310003e-06,0.449999963858756,0.449999963495052,49.8790373712348,6.68344671054729e-06
10,49.9395185533412,6.68346120062054e-06,49.827394851013,3.34172986719186e-06,49.8273948510195,3.34172985512395e-06,49.8258828147646,3.34173060796527e-06,49.8258828147761,3.34173059858442e-06,0.449999972677817,0.449999972004717,49.87903710667,6.68346120133174e-06
11,49.9395184402875,6.68347359988266e-06,49.8273945290318,3.34173610314301e-06,49.8273945290505,3.34173609440418e-06,49.8258824899449,3.34173680505059e-06,49.8258824899802,3.34173680016462e-06,0.449999981844698,0.449999981357282,49.8790368805638,6.6834736005394e-06
12,49.939518343737,6.68348420964312e-06,49.8273942538774,3.34174148284945e-06,49.8273942538885,3.34174148035914e-06,49.8258822123855,3.34174210795843e-06,49.8258822124074,3.34174210637202e-06,0.449999989888557,0.449999989749658,49.879036687464,6.68348421019436e-06
13,49.9395182613096,6.68349328885584e-06,49.827394018801,3.34174610710855e-06,49.8273940187992,3.34174610753662e-06,49.8258819752638,3.34174664718556e-06,49.8258819752611,3.34174664574361e-06,0.449999996516141,0.449999996492265,49.8790365226104,6.68349328934892e-06
14,49.9395181909473,6.68350105908168e-06,49.8273938179791,3.3417500662797e-06,49.8273938179725,3.3417500654518e-06,49.8258817726914,3.34175053270492e-06,49.8258817726791,3.34175052988781e-06,0.450000001614024,0.450000001567848,49.879036381887,6.68350105951595e-06
15,49.9395181308827,6.68350770970538e-06,49.8273936464103,3.34175345761493e-06,49.8273936464081,3.34175345453542e-06,49.8258815996246,3.34175385803446e-06,49.8258815996204,3.34175385468188e-06,0.450000005341856,0.450000005170094,49.8790362617589,6.68350771007954e-06
16,49.9395180796028,6.6835134025604e-06,49.8273934998202,3.34175636185459e-06,49.8273934998241,3.34175635840083e-06,49.8258814517554,3.34175670376826e-06,49.8258814517627,3.34175670136978e-06,0.450000007813979,0.450000007621344,49.8790361592001,6.68351340288154e-06
17,49.9395180358158,6.68351827598731e-06,49.8273933745583,3.34175884753871e-06,49.8273933745635,3.34175884565058e-06,49.8258813254033,3.34175913958702e-06,49.8258813254132,3.34175913860211e-06,0.450000009287523,0.450000009182211,49.8790360716268,6.68351827626157e-06
18,49.9395179984196,6.6835224482513e-06,49.8273932675052,3.3417609755136e-06,49.8273932675072,3.34176097525149e-06,49.8258812174215,3.34176122519519e-06,49.8258812174256,3.34176122493431e-06,0.450000010036009,0.450000010021389,49.8790359968351,6.68352244848393e-06
19,49.939517966475,6.68352602047922e-06,49.8273931759975,3.34176279789293e-06,49.8273931759963,3.34176279810126e-06,49.8258811251212,3.34176301123537e-06,49.8258811251191,3.34176301084539e-06,0.450000010295067,0.450000010283447,49.8790359329466,6.68352602067989e-06
20,49.9395179391819,6.68352907916053e-06,49.8273930977637,3.34176435869189e-06,49.827393097762,3.34176435835413e-06,49.8258810462096,3.34176454064033e-06,49.8258810462065,3.34176453988635e-06,0.450000010179481,0.450000010160643,49.8790358783608,6.68352907933058e-06
21,49.9395179158581,6.68353169827769e-06,49.8273930308678,3.34176569513672e-06,49.8273930308677,3.34176569427707e-06,49.8258809787338,3.3417658501154e-06,49.8258809787336,3.34176584932721e-06,0.45000000981597,0.450000009768022,49.8790358317138,6.68353169842067e-06
22,49.9395178959227,6.68353394111708e-06,49.8273929736587,3.34176683920592e-06,49.82739297366,3.34176683842302e-06,49.8258809210293,3.34176697128909e-06,49.8258809210317,3.34176697082309e-06,0.450000009266487,0.45000000922282,49.8790357918434,6.68353394124006e-06
23,49.9395178788803,6.68353586183509e-06,49.8273929247274,3.34176781865102e-06,49.8273929247286,3.34176781835782e-06,49.8258808716751,3.34176793140421e-06,49.8258808716774,3.34176793127941e-06,0.45000000860751,0.450000008591157,49.8790357577588,6.68353586193916e-06
24,49.9395178643085,6.68353750676821e-06,49.8273928828703,3.34176865742016e-06,49.8273928828705,3.3417686574722e-06,49.825880829457,3.34176875375328e-06,49.8258808294575,3.34176875373841e-06,0.45000000790635,0.450000007903448,49.8790357286155,6.68353750685674e-06
25,49.9395178518472,6.68353891557449e-06,49.8273928470598,3.34176937584824e-06,49.8273928470593,3.34176937590879e-06,49.8258807933378,3.34176945814607e-06,49.825880793337,3.34176945804551e-06,0.450000007199379,0.450000007196002,49.8790357036931,6.68353891564857e-06
26,49.9395178411891,6.683540122193e-06,49.8273928164184,3.34176999121235e-06,49.827392816418,3.34176999110404e-06,49.8258807624323,3.34177006145654e-06,49.8258807624315,3.34177006126433e-06,0.450000006505736,0.450000006499695,49.8790356823771,6.683540122257e-06
27,49.939517832072,6.68354115568168e-06,49.8273927901972,3.34177051820917e-06,49.8273927901973,3.34177051797766e-06,49.825880735985,3.34177057815297e-06,49.8258807359851,3.34177057797916e-06,0.45000000584383,0.450000005830917,49.879035664143,6.68354115573584e-06
28,49.9395178242721,6.68354204090773e-06,49.8273927677565,3.34177096950351e-06,49.8273927677569,3.34177096933958e-06,49.825880713351,3.3417710206856e-06,49.8258807133517,3.34177102060673e-06,0.45000000521567,0.450000005206527,49.8790356485433,6.6835420409534e-06
29,49.9395178175982,6.68354279916412e-06,49.8273927485497,3.34177135598875e-06,49.8273927485499,3.341771355967e-06,49.8258806939789,3.34177139974904e-06,49.8258806939794,3.34177139974437e-06,0.45000000463133,0.450000004630117,49.8790356351957,6.68354279920459e-06
30,49.9395178118872,6.68354344868113e-06,49.827392732109,3.34177168705676e-06,49.827392732109,3.34177168709008e-06,49.825880677397,3.34177172448004e-06,49.825880677397,3.34177172448281e-06,0.450000004099489,0.45000000409763,49.8790356237738,6.68354344871568e-06
31,49.9395178069997,6.68354400506742e-06,49.827392718035,3.34177197067374e-06,49.8273927180349,3.3417719706785e-06,49.8258806632021,3.34177200266756e-06,49.8258806632018,3.34177200263946e-06,0.450000003615261,0.450000003614996,49.8790356139988,6.68354400509634e-06
32,49.9395178028164,6.68354448168575e-06,49.827392705986,3.34177221365966e-06,49.8273927059859,3.3417722136127e-06,49.8258806510495,3.34177224096919e-06,49.8258806510494,3.34177224092203e-06,0.450000003180515,0.450000003177896,49.8790356056325,6.68354448170885e-06
33,49.9395177992357,6.68354488998216e-06,49.8273926956699,3.34177242173158e-06,49.82739269567,3.34177242167502e-06,49.8258806406448,3.34177244509698e-06,49.8258806406449,3.34177244506095e-06,0.450000002789904,0.45000000278675,49.8790355984711,6.68354489000194e-06
34,49.9395177961705,6.68354523975777e-06,49.8273926868371,3.34177259995902e-06,49.8273926868372,3.34177259994534e-06,49.8258806317361,3.34177261995974e-06,49.8258806317363,3.34177261994845e-06,0.450000002440752,0.450000002439989,49.8790355923406,6.68354523977541e-06
35,49.9395177935463,6.68354553940633e-06,49.8273926792738,3.34177275267496e-06,49.8273926792738,3.34177275267138e-06,49.8258806241079,3.34177276976528e-06,49.825880624108,3.34177276976876e-06,0.45000000213089,0.45000000213069,49.8790355870923,6.68354553942027e-06
36,49.9395177912996,6.68354579611334e-06,49.8273926727971,3.34177288348729e-06,49.8273926727971,3.34177288349802e-06,49.8258806175758,3.34177289811094e-06,49.8258806175757,3.34177289811217e-06,0.450000001857958,0.450000001857359,49.8790355825989,6.68354579612605e-06
37,49.9395177893759,6.68354601603888e-06,49.8273926672508,3.341772995561e-06,49.8273926672507,3.34177299556066e-06,49.8258806119819,3.34177300807081e-06,49.8258806119818,3.34177300806209e-06,0.450000001616875,0.450000001616855,49.8790355787516,6.68354601605006e-06
38,49.9395177877287,6.68354620445387e-06,49.8273926625008,3.34177309158688e-06,49.8273926625008,3.34177309156687e-06,49.8258806071912,3.34177310227379e-06,49.8258806071911,3.34177310226173e-06,0.450000001405508,0.450000001404392,49.8790355754572,6.68354620446371e-06
39,49.9395177863182,6.68354636587727e-06,49.8273926584328,3.34177317381626e-06,49.8273926584328,3.34177317380227e-06,49.8258806030882,3.34177318297647e-06,49.8258806030882,3.34177318296934e-06,0.450000001220132,0.450000001219351,49.8790355726362,6.68354636588447e-06
40,49.9395177851102,6.68354650417588e-06,49.8273926549486,3.34177324427423e-06,49.8273926549486,3.34177324426405e-06,49.8258805995742,3.34177325211783e-06,49.8258805995742,3.34177325211689e-06,0.450000001057491,0.450000001056923,49.8790355702204,6.68354650418314e-06
41,49.9395177840758,6.68354662266437e-06,49.8273926519644,3.34177330464864e-06,49.8273926519644,3.34177330466415e-06,49.8258805965644,3.34177331135699e-06,49.8258805965644,3.34177331135843e-06,0.45000000091616,0.450000000915295,49.8790355681515,6.68354662267029e-06
42,49.9395177831898,6.68354672418137e-06,49.8273926494083,3.34177335635818e-06,49.8273926494083,3.34177335636856e-06,49.8258805939864,3.34177336211265e-06,49.8258805939864,3.34177336211194e-06,0.450000000792615,0.450000000792036,49.8790355663796,6.68354672418627e-06
43,49.939517782431,6.68354681115772e-06,49.8273926472188,3.3417734006621e-06,49.8273926472188,3.34177340067133e-06,49.8258805917782,3.34177340559926e-06,49.8258805917782,3.34177340559655e-06,0.450000000685136,0.450000000684621,49.879035564862,6.68354681116398e-06
44,49.9395177817811,6.68354688567881e-06,49.8273926453434,3.34177343864266e-06,49.8273926453434,3.34177343862607e-06,49.8258805898867,3.34177344285677e-06,49.8258805898867,3.34177344285385e-06,0.450000000592249,0.450000000591323,49.8790355635622,6.68354688568343e-06
45,49.9395177812245,6.68354694952677e-06,49.8273926437369,3.34177347117883e-06,49.8273926437369,3.34177347117728e-06,49.8258805882664,3.34177347477721e-06,49.8258805882665,3.34177347477643e-06,0.450000000510746,0.45000000051066,49.8790355624489,6.68354694953086e-06
46,49.9395177807476,6.6835470042325e-06,49.8273926423607,3.3417734990324e-06,49.8273926423607,3.3417734990412e-06,49.8258805868785,3.34177350212765e-06,49.8258805868785,3.34177350212796e-06,0.450000000440972,0.450000000440481,49.8790355614952,6.68354700423424e-06
47,49.9395177803392,6.68354705110406e-06,49.8273926411818,3.34177352290689e-06,49.8273926411818,3.3417735229203e-06,49.8258805856895,3.34177352556146e-06,49.8258805856895,3.3417735255621e-06,0.450000000380345,0.450000000379598,49.8790355606784,6.68354705110596e-06
48,49.9395177799893,6.68354709126298e-06,49.8273926401718,3.34177354338391e-06,49.8273926401718,3.3417735433781e-06,49.8258805846709,3.34177354564058e-06,49.8258805846709,3.34177354563984e-06,0.450000000327438,0.450000000327114,49.8790355599787,6.68354709126561e-06
49,49.9395177796896,6.68354712567211e-06,49.8273926393066,3.34177356090808e-06,49.8273926393066,3.34177356090792e-06,49.8258805837983,3.34177356284355e-06,49.8258805837983,3.34177356284321e-06,0.450000000282103,0.450000000282094,49.8790355593792,6.68354712567361e-06
50,49.9395177794329,6.68354715515438e-06,49.8273926385654,3.34177357592272e-06,49.8273926385654,3.34177357592182e-06,49.8258805830508,3.34177357758396e-06,49.8258805830508,3.34177357758323e-06,0.450000000242837,0.450000000242788,49.8790355588658,6.6835471551567e-06
51,49.939517779213,6.68354718041646e-06,49.8273926379304,3.34177358879417e-06,49.8273926379304,3.34177358879527e-06,49.8258805824104,3.34177359021347e-06,49.8258805824103,3.34177359021284e-06,0.450000000208989,0.450000000208928,49.8790355584259,6.68354718041701e-06
52,49.9395177790245,6.68354720206021e-06,49.8273926373864,3.34177359980177e-06,49.8273926373864,3.34177359980679e-06,49.8258805818617,3.34177360103453e-06,49.8258805818617,3.34177360103501e-06,0.450000000179956,0.450000000179676,49.8790355580491,6.68354720206298e-06
53,49.9395177788631,6.68354722060658e-06,49.8273926369204,3.34177360926039e-06,49.8273926369204,3.34177360926032e-06,49.8258805813916,3.34177361030682e-06,49.8258805813916,3.34177361030718e-06,0.450000000154603,0.450000000154599,49.8790355577262,6.68354722060667e-06
54,49.9395177787248,6.6835472364968e-06,49.827392636521,3.34177361735194e-06,49.827392636521,3.34177361736196e-06,49.8258805809889,3.3417736182519e-06,49.8258805809889,3.34177361825152e-06,0.45000000013324,0.450000000132681,49.8790355574497,6.68354723649736e-06
55,49.9395177786064,6.68354725011215e-06,49.8273926361789,3.3417736242768e-06,49.8273926361789,3.3417736242859e-06,49.8258805806439,3.3417736250593e-06,49.8258805806439,3.34177362505853e-06,0.450000000114442,0.450000000113935,49.8790355572127,6.6835472501125e-06
56,49.9395177785049,6.6835472617773e-06,49.8273926358858,3.34177363023075e-06,49.8273926358858,3.34177363023384e-06,49.8258805803483,3.34177363089212e-06,49.8258805803483,3.34177363089174e-06,0.450000000098379,0.450000000098207,49.8790355570097,6.68354726177949e-06
57,49.9395177784179,6.68354727177458e-06,49.8273926356347,3.34177363533326e-06,49.8273926356347,3.34177363531073e-06,49.825880580095,3.34177363588912e-06,49.825880580095,3.34177363588954e-06,0.450000000084924,0.450000000083667,49.8790355568358,6.68354727177484e-06
58,49.9395177783434,6.68354728033951e-06,49.8273926354195,3.3417736396936e-06,49.8273926354195,3.34177363969705e-06,49.825880579878,3.34177364017125e-06,49.825880579878,3.34177364017197e-06,0.450000000072584,0.450000000072391,49.8790355566868,6.68354728033955e-06
59,49.9395177782796,6.68354728767839e-06,49.8273926352352,3.34177364343458e-06,49.8273926352352,3.34177364341389e-06,49.8258805796921,3.3417736438404e-06,49.8258805796921,3.34177364384075e-06,0.450000000062759,0.450000000061605,49.8790355565591,6.68354728767917e-06
60,49.9395177782249,6.68354729396646e-06,49.8273926350773,3.34177364663768e-06,49.8273926350773,3.34177364663849e-06,49.8258805795328,3.34177364698442e-06,49.8258805795328,3.34177364698494e-06,0.450000000053558,0.450000000053513,49.8790355564498,6.68354729396651e-06
61,49.939517778178,6.68354729935466e-06,49.8273926349419,3.34177364938057e-06,49.8273926349419,3.34177364937861e-06,49.8258805793963,3.34177364967852e-06,49.8258805793963,3.34177364967822e-06,0.450000000045796,0.450000000045687,49.8790355563561,6.68354729935436e-06
62,49.9395177781379,6.68354730397257e-06,49.827392634826,3.34177365173069e-06,49.827392634826,3.34177365172973e-06,49.8258805792793,3.34177365198694e-06,49.8258805792793,3.34177365198648e-06,0.450000000039505,0.450000000039451,49.8790355562758,6.68354730397186e-06
63,49.9395177781035,6.68354730792758e-06,49.8273926347266,3.34177365375551e-06,49.8273926347266,3.34177365375415e-06,49.8258805791791,3.34177365396477e-06,49.8258805791791,3.34177365396445e-06,0.450000000033773,0.450000000033698,49.879035556207,6.68354730792817e-06
64,49.939517778074,6.68354731131697e-06,49.8273926346415,3.3417736554835e-06,49.8273926346415,3.34177365546942e-06,49.8258805790933,3.34177365565941e-06,49.8258805790933,3.34177365565914e-06,0.450000000029321,0.450000000028536,49.879035556148,6.68354731131785e-06
65,49.9395177780488,6.68354731422139e-06,49.8273926345686,3.34177365693145e-06,49.8273926345686,3.34177365693351e-06,49.8258805790197,3.34177365711132e-06,49.8258805790197,3.34177365711129e-06,0.450000000025069,0.450000000024954,49.8790355560975,6.68354731422187e-06
66,49.9395177780271,6.68354731671039e-06,49.8273926345061,3.34177365820982e-06,49.8273926345061,3.34177365821027e-06,49.8258805789567,3.34177365835579e-06,49.8258805789567,3.34177365835589e-06,0.450000000021288,0.450000000021262,49.8790355560543,6.68354731671025e-06
67,49.9395177780087,6.68354731884582e-06,49.8273926344526,3.34177365940432e-06,49.8273926344526,3.34177365940428e-06,49.8258805789028,3.34177365942326e-06,49.8258805789028,3.34177365942339e-06,0.450000000023099,0.450000000023097,49.8790355560174,6.68354731884574e-06
68,49.9395177779929,6.68354732067781e-06,49.827392634407,3.3417736603639e-06,49.827392634407,3.34177366036091e-06,49.8258805788568,3.34177366033875e-06,49.8258805788568,3.34177366033862e-06,0.45000000002131,0.450000000021143,49.8790355559859,6.68354732067655e-06
69,49.9395177779795,6.68354732224544e-06,49.8273926343679,3.34177366111474e-06,49.8273926343679,3.34177366111525e-06,49.8258805788174,3.34177366112254e-06,49.8258805788174,3.34177366112235e-06,0.450000000016674,0.450000000016646,49.8790355559589,6.68354732224634e-06
70,49.9395177779679,6.68354732358793e-06,49.8273926343344,3.3417736617888e-06,49.8273926343344,3.3417736617908e-06,49.8258805787836,3.34177366179397e-06,49.8258805787836,3.34177366179397e-06,0.450000000013414,0.450000000013302,49.8790355559358,6.68354732358784e-06
71,49.9395177779579,6.68354732473891e-06,49.8273926343056,3.34177366238628e-06,49.8273926343056,3.34177366238677e-06,49.8258805787546,3.34177366236887e-06,49.8258805787546,3.34177366236899e-06,0.450000000010739,0.450000000010712,49.8790355559159,6.68354732473745e-06
72,49.9395177779494,6.68354732572463e-06,49.8273926342809,3.34177366283976e-06,49.8273926342809,3.34177366283975e-06,49.8258805787296,3.34177366286196e-06,49.8258805787296,3.3417736628621e-06,0.450000000008605,0.450000000008604,49.8790355558988,6.68354732572516e-06
73,49.939517777942,6.68354732656957e-06,49.8273926342597,3.34177366325737e-06,49.8273926342597,3.34177366328454e-06,49.8258805787083,3.34177366328465e-06,49.8258805787083,3.34177366328452e-06,0.450000000007658,0.450000000006142,49.8790355558841,6.68354732657008e-06
74,49.9395177779357,6.68354732729265e-06,49.8273926342415,3.3417736636531e-06,49.8273926342415,3.34177366365068e-06,49.8258805786899,3.34177366364646e-06,49.8258805786899,3.34177366364603e-06,0.4500000000056,0.450000000005465,49.8790355558715,6.68354732729313e-06
75,49.9395177779303,6.68354732791322e-06,49.8273926342259,3.34177366396747e-06,49.8273926342259,3.34177366397e-06,49.8258805786742,3.34177366395682e-06,49.8258805786742,3.34177366395653e-06,0.450000000004507,0.450000000004365,49.8790355558606,6.68354732791249e-06
76,49.9395177779257,6.68354732844364e-06,49.8273926342125,3.34177366423593e-06,49.8273926342125,3.34177366423842e-06,49.8258805786606,3.34177366422199e-06,49.8258805786606,3.34177366422203e-06,0.450000000003626,0.450000000003487,49.8790355558513,6.68354732844364e-06
77,49.9395177779217,6.68354732889983e-06,49.827392634201,3.3417736644564e-06,49.827392634201,3.3417736644598e-06,49.825880578649,3.34177366444938e-06,49.825880578649,3.34177366444982e-06,0.450000000002946,0.450000000002757,49.8790355558433,6.68354732889838e-06
78,49.9395177779182,6.68354732928922e-06,49.8273926341911,3.34177366464747e-06,49.8273926341911,3.34177366464688e-06,49.8258805786391,3.34177366464402e-06,49.8258805786391,3.34177366464452e-06,0.450000000002303,0.45000000000227,49.8790355558365,6.68354732928856e-06
79,49.9395177779153,6.68354732962217e-06,49.8273926341827,3.34177366482043e-06,49.8273926341827,3.34177366481835e-06,49.8258805786306,3.34177366481121e-06,49.8258805786306,3.34177366481149e-06,0.450000000001891,0.450000000001775,49.8790355558306,6.68354732962325e-06
80,49.9395177779128,6.68354732990814e-06,49.8273926341755,3.34177366493065e-06,49.8273926341755,3.34177366493014e-06,49.8258805786233,3.34177366495406e-06,49.8258805786233,3.34177366495388e-06,0.450000000001483,0.450000000001455,49.8790355558256,6.68354732990792e-06
81,49.9395177779106,6.68354733015276e-06,49.8273926341692,3.34177366507041e-06,49.8273926341692,3.34177366507041e-06,49.825880578617,3.34177366507665e-06,49.825880578617,3.34177366507671e-06,0.450000000001178,0.450000000001178,49.8790355558212,6.68354733015258e-06
82,49.9395177779088,6.68354733036233e-06,49.8273926341639,3.3417736651961e-06,49.8273926341639,3.34177366519323e-06,49.8258805786116,3.34177366518143e-06,49.8258805786116,3.34177366518121e-06,0.450000000001025,0.450000000000864,49.8790355558175,6.68354733036267e-06
83,49.9395177779072,6.68354733054161e-06,49.8273926341593,3.34177366527252e-06,49.8273926341593,3.34177366524291e-06,49.825880578607,3.34177366527116e-06,49.825880578607,3.3417736652706e-06,0.450000000001583,0.449999999999931,49.8790355558143,6.68354733054275e-06
84,49.9395177779058,6.68354733069529e-06,49.8273926341554,3.34177366536453e-06,49.8273926341554,3.34177366536654e-06,49.8258805786031,3.34177366534771e-06,49.8258805786031,3.34177366534765e-06,0.450000000000663,0.450000000000551,49.8790355558116,6.68354733069464e-06
85,49.9395177779046,6.68354733082653e-06,49.8273926341521,3.34177366541387e-06,49.8273926341521,3.34177366541143e-06,49.8258805785997,3.34177366541345e-06,49.8258805785997,3.34177366541296e-06,0.450000000000555,0.450000000000418,49.8790355558093,6.68354733082651e-06
86,49.9395177779036,6.68354733093922e-06,49.8273926341492,3.34177366547434e-06,49.8273926341492,3.34177366545978e-06,49.8258805785968,3.34177366546968e-06,49.8258805785968,3.34177366546919e-06,0.450000000000796,0.449999999999984,49.8790355558073,6.68354733093929e-06
87,49.9395177779028,6.68354733103495e-06,49.8273926341467,3.34177366552012e-06,49.8273926341467,3.34177366552207e-06,49.8258805785943,3.34177366551777e-06,49.8258805785943,3.34177366551778e-06,0.450000000000367,0.450000000000258,49.8790355558056,6.68354733103479e-06
88,49.939517777902,6.68354733111832e-06,49.8273926341446,3.3417736655521e-06,49.8273926341446,3.34177366555256e-06,49.8258805785922,3.34177366555922e-06,49.8258805785922,3.34177366555935e-06,0.450000000000264,0.450000000000238,49.8790355558041,6.68354733111846e-06
89,49.9395177779014,6.68354733118864e-06,49.8273926341428,3.34177366558324e-06,49.8273926341428,3.34177366558323e-06,49.8258805785904,3.34177366559427e-06,49.8258805785904,3.34177366559442e-06,0.450000000000201,0.450000000000201,49.8790355558028,6.6835473311894e-06
90,49.9395177779009,6.68354733124897e-06,49.8273926341413,3.34177366561414e-06,49.8273926341413,3.34177366561409e-06,49.8258805785888,3.34177366562476e-06,49.8258805785888,3.34177366562489e-06,0.450000000000162,0.45000000000016,49.8790355558017,6.68354733125034e-06
91,49.9395177779004,6.68354733130085e-06,49.8273926341399,3.34177366564629e-06,49.8273926341399,3.34177366565842e-06,49.8258805785875,3.34177366565078e-06,49.8258805785875,3.34177366565034e-06,0.450000000000468,0.449999999999791,49.8790355558008,6.68354733130127e-06
92,49.9395177779,6.68354733134582e-06,49.8273926341388,3.34177366567678e-06,49.8273926341388,3.34177366567438e-06,49.8258805785863,3.34177366567276e-06,49.8258805785863,3.34177366567231e-06,0.450000000000171,0.450000000000036,49.8790355558,6.68354733134583e-06
93,49.9395177778997,6.68354733138316e-06,49.8273926341378,3.3417736656897e-06,49.8273926341378,3.34177366569223e-06,49.8258805785853,3.34177366569189e-06,49.8258805785853,3.34177366569129e-06,0.450000000000153,0.450000000000012,49.8790355557993,6.68354733138221e-06
94,49.9395177778994,6.68354733141589e-06,49.827392634137,3.34177366570494e-06,49.827392634137,3.3417736657225e-06,49.8258805785845,3.34177366570769e-06,49.8258805785845,3.34177366570772e-06,0.450000000000556,0.449999999999577,49.8790355557988,6.68354733141496e-06
95,49.9395177778991,6.68354733144329e-06,49.8273926341363,3.34177366570638e-06,49.8273926341363,3.34177366570685e-06,49.8258805785838,3.34177366572194e-06,49.8258805785838,3.34177366572212e-06,0.450000000000066,0.45000000000004,49.8790355557983,6.68354733144315e-06
96,49.9395177778989,6.68354733146762e-06,49.8273926341357,3.34177366572193e-06,49.8273926341357,3.34177366573694e-06,49.8258805785832,3.34177366573362e-06,49.8258805785832,3.34177366573382e-06,0.450000000000461,0.449999999999624,49.8790355557978,6.6835473314668e-06
97,49.9395177778987,6.68354733148738e-06,49.8273926341352,3.3417736657342e-06,49.8273926341352,3.34177366573998e-06,49.8258805785826,3.34177366574334e-06,49.8258805785826,3.34177366574434e-06,0.450000000000195,0.449999999999873,49.8790355557975,6.68354733148772e-06
98,49.9395177778986,6.68354733150485e-06,49.8273926341347,3.34177366572572e-06,49.8273926341347,3.34177366573387e-06,49.8258805785822,3.34177366575266e-06,49.8258805785822,3.34177366575259e-06,0.450000000000254,0.4499999999998,49.8790355557972,6.683547331505e-06
99,49.9395177778984,6.68354733152003e-06,49.8273926341343,3.34177366574177e-06,49.8273926341343,3.34177366576311e-06,49.8258805785818,3.34177366576053e-06,49.8258805785818,3.34177366575944e-06,0.450000000000617,0.449999999999427,49.8790355557969,6.68354733151955e-06
100,49.9395177778983,6.68354733153294e-06,49.827392634134,3.34177366576551e-06,49.827392634134,3.3417736657696e-06,49.8258805785815,3.34177366576674e-06,49.8258805785815,3.34177366576631e-06,0.450000000000132,0.449999999999903,49.8790355557967,6.68354733153228e-06
101,49.9395177778982,6.68354733154356e-06,49.8273926341337,3.34177366577755e-06,49.8273926341337,3.34177366577332e-06,49.8258805785812,3.34177366577123e-06,49.8258805785812,3.3417736657722e-06,0.450000000000132,0.449999999999896,49.8790355557965,6.68354733154319e-06
102,49.9395177778981,6.68354733155341e-06,49.8273926341335,3.34177366579646e-06,49.8273926341335,3.34177366579939e-06,49.8258805785809,3.34177366577576e-06,49.8258805785809,3.34177366577707e-06,0.450000000000093,0.449999999999929,49.8790355557963,6.68354733155229e-06
103,49.9395177778981,6.68354733156099e-06,49.8273926341333,3.34177366577152e-06,49.8273926341333,3.34177366577905e-06,49.8258805785807,3.34177366578047e-06,49.8258805785807,3.34177366578062e-06,0.450000000000219,0.449999999999799,49.8790355557962,6.68354733156138e-06
104,49.939517777898,6.68354733156781e-06,49.8273926341331,3.34177366578724e-06,49.8273926341331,3.34177366579387e-06,49.8258805785806,3.34177366578443e-06,49.8258805785805,3.34177366578355e-06,0.450000000000192,0.449999999999822,49.879035555796,6.68354733156775e-06
105,49.939517777898,6.68354733157387e-06,49.8273926341329,3.34177366579834e-06,49.8273926341329,3.34177366579795e-06,49.8258805785804,3.34177366578734e-06,49.8258805785804,3.34177366578641e-06,0.450000000000016,0.449999999999995,49.8790355557959,6.68354733157321e-06
106,49.9395177778979,6.68354733157917e-06,49.8273926341328,3.34177366579403e-06,49.8273926341328,3.341773665787e-06,49.8258805785803,3.34177366578922e-06,49.8258805785803,3.3417736657896e-06,0.4500000000002,0.449999999999809,49.8790355557958,6.68354733157867e-06
107,49.9395177778979,6.68354733158296e-06,49.8273926341327,3.34177366580909e-06,49.8273926341327,3.3417736658024e-06,49.8258805785801,3.34177366579096e-06,49.8258805785802,3.34177366579208e-06,0.45000000000019,0.449999999999817,49.8790355557958,6.68354733158321e-06
108,49.9395177778978,6.68354733158674e-06,49.8273926341326,3.34177366579946e-06,49.8273926341326,3.34177366579685e-06,49.8258805785801,3.34177366579306e-06,49.8258805785801,3.34177366579365e-06,0.450000000000076,0.44999999999993,49.8790355557957,6.68354733158685e-06
109,49.9395177778978,6.68354733158976e-06,49.8273926341325,3.34177366578693e-06,49.8273926341325,3.34177366579445e-06,49.82588057858,3.34177366579502e-06,49.82588057858,3.34177366579484e-06,0.450000000000212,0.449999999999792,49.8790355557956,6.68354733158958e-06
110,49.9395177778978,6.68354733159279e-06,49.8273926341325,3.34177366580135e-06,49.8273926341325,3.34177366579496e-06,49.8258805785799,3.34177366579657e-06,49.8258805785799,3.34177366579582e-06,0.45000000000018,0.449999999999824,49.8790355557956,6.6835473315914e-06
111,49.9395177778978,6.68354733159506e-06,49.8273926341324,3.34177366579519e-06,49.8273926341324,3.34177366580122e-06,49.8258805785798,3.34177366579781e-06,49.8258805785798,3.34177366579736e-06,0.45000000000017,0.449999999999833,49.8790355557955,6.68354733159413e-06
112,49.9395177778978,6.68354733159657e-06,49.8273926341324,3.3417736657962e-06,49.8273926341324,3.34177366580029e-06,49.8258805785798,3.34177366579837e-06,49.8258805785798,3.34177366579848e-06,0.450000000000115,0.449999999999887,49.8790355557955,6.68354733159686e-06
113,49.9395177778977,6.68354733159884e-06,49.8273926341323,3.34177366580023e-06,49.8273926341323,3.3417736657963e-06,49.8258805785798,3.34177366579943e-06,49.8258805785797,3.34177366579907e-06,0.45000000000011,0.449999999999891,49.8790355557955,6.68354733159867e-06
114,49.9395177778977,6.68354733160035e-06,49.8273926341323,3.34177366581337e-06,49.8273926341323,3.34177366581335e-06,49.8258805785797,3.34177366580005e-06,49.8258805785797,3.3417736657999e-06,0.450000000000001,0.45,49.8790355557954,6.68354733159958e-06
115,49.9395177778977,6.68354733160111e-06,49.8273926341322,3.34177366579733e-06,49.8273926341322,3.34177366579921e-06,49.8258805785797,3.3417736658008e-06,49.8258805785797,3.34177366580082e-06,0.450000000000053,0.449999999999948,49.8790355557954,6.6835473316014e-06
116,49.9395177778977,6.68354733160262e-06,49.8273926341322,3.34177366579794e-06,49.8273926341322,3.34177366579843e-06,49.8258805785797,3.34177366580128e-06,49.8258805785797,3.34177366580141e-06,0.450000000000014,0.449999999999987,49.8790355557954,6.6835473316014e-06
117,49.9395177778977,6.68354733160337e-06,49.8273926341322,3.34177366578326e-06,49.8273926341322,3.34177366578327e-06,49.8258805785796,3.34177366580126e-06,49.8258805785796,3.34177366580171e-06,0.450000000000001,0.45,49.8790355557954,6.68354733160322e-06
118,49.9395177778977,6.68354733160413e-06,49.8273926341322,3.34177366579974e-06,49.8273926341322,3.34177366581184e-06,49.8258805785796,3.34177366580207e-06,49.8258805785796,3.34177366580165e-06,0.450000000000338,0.449999999999663,49.8790355557954,6.68354733160322e-06
119,49.9395177778977,6.68354733160489e-06,49.8273926341321,3.34177366581308e-06,49.8273926341321,3.34177366581359e-06,49.8258805785796,3.34177366580259e-06,49.8258805785796,3.34177366580211e-06,0.450000000000014,0.449999999999986,49.8790355557954,6.68354733160413e-06
120,49.9395177778977,6.68354733160564e-06,49.8273926341321,3.34177366581242e-06,49.8273926341321,3.34177366581442e-06,49.8258805785796,3.34177366580253e-06,49.8258805785796,3.34177366580254e-06,0.450000000000056,0.449999999999944,49.8790355557954,6.68354733160504e-06
121,49.9395177778977,6.68354733160564e-06,49.8273926341321,3.34177366581311e-06,49.8273926341321,3.3417736658136e-06,49.8258805785796,3.34177366580267e-06,49.8258805785796,3.3417736658028e-06,0.450000000000014,0.449999999999987,49.8790355557953,6.68354733160595e-06
122,49.9395177778977,6.68354733160564e-06,49.8273926341321,3.34177366579825e-06,49.8273926341321,3.34177366579824e-06,49.8258805785796,3.34177366580304e-06,49.8258805785796,3.34177366580319e-06,0.45,0.45,49.8790355557953,6.68354733160686e-06
123,49.9395177778977,6.68354733160639e-06,49.8273926341321,3.34177366579826e-06,49.8273926341321,3.34177366579821e-06,49.8258805785795,3.34177366580303e-06,49.8258805785795,3.34177366580316e-06,0.450000000000001,0.449999999999999,49.8790355557953,6.68354733160686e-06
124,49.9395177778977,6.68354733160639e-06,49.8273926341321,3.34177366579973e-06,49.8273926341321,3.34177366581186e-06,49.8258805785795,3.34177366580336e-06,49.8258805785795,3.34177366580322e-06,0.450000000000338,0.449999999999662,49.8790355557953,6.68354733160686e-06
125,49.9395177778977,6.68354733160715e-06,49.8273926341321,3.34177366579953e-06,49.8273926341321,3.3417736658122e-06,49.8258805785795,3.34177366580365e-06,49.8258805785795,3.3417736658032e-06,0.450000000000353,0.449999999999647,49.8790355557953,6.68354733160686e-06
126,49.9395177778977,6.6835473316079e-06,49.8273926341321,3.34177366579709e-06,49.8273926341321,3.34177366579962e-06,49.8258805785795,3.34177366580364e-06,49.8258805785795,3.34177366580365e-06,0.450000000000071,0.449999999999929,49.8790355557953,6.68354733160777e-06
127,49.9395177778977,6.6835473316079e-06,49.8273926341321,3.34177366579703e-06,49.8273926341321,3.34177366579951e-06,49.8258805785795,3.3417736658038e-06,49.8258805785795,3.34177366580383e-06,0.450000000000069,0.449999999999931,49.8790355557953,6.68354733160777e-06
128,49.9395177778977,6.6835473316079e-06,49.8273926341321,3.34177366581166e-06,49.8273926341321,3.34177366581508e-06,49.8258805785795,3.34177366580356e-06,49.8258805785795,3.341773665804e-06,0.450000000000095,0.449999999999905,49.8790355557953,6.68354733160777e-06
129,49.9395177778977,6.6835473316079e-06,49.8273926341321,3.34177366579864e-06,49.8273926341321,3.34177366579804e-06,49.8258805785795,3.34177366580377e-06,49.8258805785795,3.34177366580396e-06,0.450000000000017,0.449999999999983,49.8790355557953,6.68354733160777e-06
130,49.9395177778977,6.6835473316079e-06,49.8273926341321,3.34177366579928e-06,49.8273926341321,3.34177366581227e-06,49.8258805785795,3.34177366580377e-06,49.8258805785795,3.34177366580404e-06,0.450000000000362,0.449999999999638,49.8790355557953,6.68354733160777e-06
131,49.9395177778977,6.6835473316079e-06,49.8273926341321,3.34177366579998e-06,49.8273926341321,3.34177366579652e-06,49.8258805785795,3.34177366580414e-06,49.8258805785795,3.3417736658037e-06,0.450000000000096,0.449999999999904,49.8790355557953,6.68354733160868e-06
132,49.9395177778977,6.6835473316079e-06,49.8273926341321,3.34177366579804e-06,49.8273926341321,3.34177366579858e-06,49.8258805785795,3.34177366580403e-06,49.8258805785795,3.3417736658041e-06,0.450000000000015,0.449999999999985,49.8790355557953,6.68354733160777e-06
133,49.9395177778977,6.6835473316079e-06,49.8273926341321,3.34177366581238e-06,49.8273926341321,3.34177366581445e-06,49.8258805785795,3.34177366580407e-06,49.8258805785795,3.34177366580402e-06,0.450000000000058,0.449999999999942,49.8790355557953,6.68354733160777e-06
134,49.9395177778977,6.6835473316079e-06,49.8273926341321,3.34177366581316e-06,49.8273926341321,3.34177366581366e-06,49.8258805785795,3.34177366580411e-06,49.8258805785795,3.34177366580419e-06,0.450000000000014,0.449999999999986,49.8790355557953,6.68354733160777e-06
135,49.9395177778977,6.6835473316079e-06,49.8273926341321,3.34177366579826e-06,49.8273926341321,3.34177366579826e-06,49.8258805785795,3.34177366580419e-06,49.8258805785795,3.34177366580429e-06,0.45,0.45,49.8790355557953,6.68354733160868e-06
136,49.9395177778977,6.6835473316079e-06,49.8273926341321,3.34177366579827e-06,49.8273926341321,3.34177366579821e-06,49.8258805785795,3.34177366580396e-06,49.8258805785795,3.34177366580406e-06,0.450000000000002,0.449999999999998,49.8790355557953,6.68354733160868e-06
137,49.9395177778976,6.68354733160866e-06,49.8273926341321,3.34177366579827e-06,49.8273926341321,3.34177366579824e-06,49.8258805785795,3.34177366580403e-06,49.8258805785795,3.34177366580411e-06,0.450000000000001,0.449999999999999,49.8790355557953,6.68354733160868e-06
138,49.9395177778977,6.6835473316079e-06,49.8273926341321,3.34177366579831e-06,49.8273926341321,3.3417736657983e-06,49.8258805785795,3.34177366580409e-06,49.8258805785795,3.34177366580416e-06,0.45,0.45,49.8790355557953,6.68354733160868e-06
139,49.9395177778977,6.6835473316079e-06,49.8273926341321,3.34177366579979e-06,49.8273926341321,3.34177366581192e-06,49.8258805785795,3.34177366580428e-06,49.8258805785795,3.34177366580408e-06,0.450000000000338,0.449999999999662,49.8790355557953,6.68354733160868e-06
140,49.9395177778976,6.68354733160866e-06,49.8273926341321,3.34177366581461e-06,49.8273926341321,3.34177366581219e-06,49.8258805785795,3.34177366580448e-06,49.8258805785795,3.34177366580397e-06,0.450000000000067,0.449999999999933,49.8790355557953,6.68354733160868e-06
141,49.9395177778977,6.6835473316079e-06,49.8273926341321,3.34177366581066e-06,49.8273926341321,3.34177366580108e-06,49.8258805785795,3.341773665804e-06,49.8258805785795,3.34177366580423e-06,0.450000000000267,0.449999999999733,49.8790355557953,6.68354733160777e-06
142,49.9395177778977,6.6835473316079e-06,49.8273926341321,3.34177366581089e-06,49.8273926341321,3.34177366581581e-06,49.8258805785795,3.34177366580402e-06,49.8258805785795,3.34177366580457e-06,0.450000000000137,0.449999999999863,49.8790355557953,6.68354733160777e-06
143,49.9395177778976,6.68354733160866e-06,49.8273926341321,3.34177366581585e-06,49.8273926341321,3.34177366581083e-06,49.8258805785795,3.34177366580418e-06,49.8258805785795,3.34177366580415e-06,0.45000000000014,0.44999999999986,49.8790355557953,6.68354733160777e-06
144,49.9395177778977,6.6835473316079e-06,49.8273926341321,3.34177366581586e-06,49.8273926341321,3.34177366581088e-06,49.8258805785795,3.3417736658045e-06,49.8258805785795,3.34177366580417e-06,0.450000000000139,0.449999999999861,49.8790355557953,6.68354733160777e-06
145,49.9395177778976,6.68354733160866e-06,49.8273926341321,3.34177366579728e-06,49.8273926341321,3.34177366579928e-06,49.8258805785795,3.34177366580422e-06,49.8258805785795,3.34177366580419e-06,0.450000000000056,0.449999999999944,49.8790355557953,6.68354733160868e-06
146,49.9395177778977,6.6835473316079e-06,49.8273926341321,3.34177366579701e-06,49.8273926341321,3.34177366579955e-06,49.8258805785795,3.3417736658044e-06,49.8258805785795,3.34177366580434e-06,0.450000000000071,0.449999999999929,49.8790355557953,6.68354733160868e-06
147,49.9395177778977,6.6835473316079e-06,49.8273926341321,3.34177366579802e-06,49.8273926341321,3.34177366579856e-06,49.8258805785795,3.34177366580433e-06,49.8258805785795,3.34177366580443e-06,0.450000000000015,0.449999999999985,49.8790355557953,6.68354733160868e-06
148,49.9395177778976,6.68354733160866e-06,49.8273926341321,3.34177366579981e-06,49.8273926341321,3.34177366579683e-06,49.8258805785795,3.34177366580446e-06,49.8258805785795,3.34177366580404e-06,0.450000000000083,0.449999999999917,49.8790355557953,6.68354733160868e-06
149,49.9395177778976,6.68354733160866e-06,49.8273926341321,3.34177366579806e-06,49.8273926341321,3.34177366579852e-06,49.8258805785795,3.34177366580419e-06,49.8258805785795,3.34177366580432e-06,0.450000000000013,0.449999999999987,49.8790355557953,6.68354733160868e-06
150,49.9395177778976,6.68354733160866e-06,49.8273926341321,3.34177366579728e-06,49.8273926341321,3.34177366579927e-06,49.8258805785795,3.3417736658041e-06,49.8258805785795,3.34177366580443e-06,0.450000000000055,0.449999999999944,49.8790355557953,6.68354733160868e-06
151,49.9395177778976,6.68354733160866e-06,49.8273926341321,3.34177366579809e-06,49.8273926341321,3.34177366579857e-06,49.8258805785795,3.34177366580436e-06,49.8258805785795,3.34177366580449e-06,0.450000000000013,0.449999999999987,49.8790355557953,6.68354733160868e-06
152,49.9395177778976,6.68354733160866e-06,49.8273926341321,3.34177366579829e-06,49.8273926341321,3.34177366579828e-06,49.8258805785795,3.34177366580435e-06,49.8258805785795,3.34177366580451e-06,0.45,0.45,49.8790355557953,6.68354733160868e-06
153,49.9395177778976,6.68354733160866e-06,49.8273926341321,3.34177366579977e-06,49.8273926341321,3.34177366579678e-06,49.8258805785795,3.34177366580449e-06,49.8258805785795,3.34177366580408e-06,0.450000000000084,0.449999999999916,49.8790355557953,6.68354733160868e-06
154,49.9395177778976,6.68354733160866e-06,49.8273926341321,3.34177366579806e-06,49.8273926341321,3.34177366579858e-06,49.8258805785795,3.34177366580423e-06,49.8258805785795,3.34177366580435e-06,0.450000000000014,0.449999999999986,49.8790355557953,6.68354733160868e-06
155,49.9395177778976,6.68354733160866e-06,49.8273926341321,3.34177366579725e-06,49.8273926341321,3.34177366579926e-06,49.8258805785795,3.34177366580414e-06,49.8258805785795,3.34177366580445e-06,0.450000000000056,0.449999999999944,49.8790355557953,6.68354733160868e-06
156,49.9395177778976,6.68354733160866e-06,49.8273926341321,3.34177366579805e-06,49.8273926341321,3.34177366579853e-06,49.8258805785795,3.34177366580408e-06,49.8258805785795,3.34177366580451e-06,0.450000000000013,0.449999999999986,49.8790355557953,6.68354733160868e-06
157,49.9395177778976,6.68354733160866e-06,49.8273926341321,3.34177366579832e-06,49.8273926341321,3.34177366579831e-06,49.8258805785795,3.34177366580407e-06,49.8258805785795,3.34177366580423e-06,0.45,0.45,49.8790355557953,6.68354733160868e-06
158,49.9395177778976,6.68354733160866e-06,49.8273926341321,3.34177366579832e-06,49.8273926341321,3.34177366579826e-06,49.8258805785795,3.34177366580408e-06,49.8258805785795,3.34177366580422e-06,0.450000000000002,0.449999999999998,49.8790355557953,6.68354733160868e-06
159,49.9395177778976,6.68354733160866e-06,49.8273926341321,3.34177366579829e-06,49.8273926341321,3.34177366579827e-06,49.8258805785795,3.3417736658041e-06,49.8258805785795,3.34177366580422e-06,0.450000000000001,0.449999999999999,49.8790355557953,6.68354733160868e-06
160,49.9395177778976,6.68354733160866e-06,49.8273926341321,3.34177366579833e-06,49.8273926341321,3.34177366579833e-06,49.8258805785795,3.34177366580411e-06,49.8258805785795,3.34177366580421e-06,0.45,0.45,49.8790355557953,6.68354733160868e-06
161,49.9395177778976,6.68354733160866e-06,49.8273926341321,3.34177366579827e-06,49.8273926341321,3.34177366579827e-06,49.8258805785795,3.34177366580411e-06,49.8258805785795,3.34177366580421e-06,0.45,0.45,49.8790355557953,6.68354733160868e-06
162,49.9395177778976,6.68354733160866e-06,49.8273926341321,3.34177366579829e-06,49.8273926341321,3.34177366579829e-06,49.8258805785795,3.34177366580412e-06,49.8258805785795,3.3417736658042e-06,0.45,0.45,49.8790355557953,6.68354733160868e-06
163,49.9395177778976,6.68354733160866e-06,49.8273926341321,3.34177366579976e-06,49.8273926341321,3.34177366579681e-06,49.8258805785795,3.34177366580456e-06,49.8258805785795,3.34177366580407e-06,0.450000000000082,0.449999999999918,49.8790355557953,6.68354733160868e-06
164,49.9395177778976,6.68354733160866e-06,49.8273926341321,3.34177366579802e-06,49.8273926341321,3.34177366579856e-06,49.8258805785795,3.34177366580428e-06,49.8258805785795,3.34177366580434e-06,0.450000000000015,0.449999999999985,49.8790355557953,6.68354733160868e-06
165,49.9395177778976,6.68354733160866e-06,49.8273926341321,3.34177366579729e-06,49.8273926341321,3.3417736657993e-06,49.8258805785795,3.34177366580418e-06,49.8258805785795,3.34177366580444e-06,0.450000000000056,0.449999999999944,49.8790355557953,6.68354733160868e-06
166,49.9395177778976,6.68354733160866e-06,49.8273926341321,3.34177366579954e-06,49.8273926341321,3.34177366579708e-06,49.8258805785795,3.34177366580455e-06,49.8258805785795,3.34177366580408e-06,0.450000000000068,0.449999999999931,49.8790355557953,6.68354733160868e-06
167,49.9395177778976,6.68354733160866e-06,49.8273926341321,3.34177366579801e-06,49.8273926341321,3.34177366579853e-06,49.8258805785795,3.34177366580426e-06,49.8258805785795,3.34177366580438e-06,0.450000000000014,0.449999999999985,49.8790355557953,6.68354733160868e-06
168,49.9395177778976,6.68354733160866e-06,49.8273926341321,3.34177366579733e-06,49.8273926341321,3.34177366579929e-06,49.8258805785795,3.34177366580416e-06,49.8258805785795,3.34177366580447e-06,0.450000000000055,0.449999999999945,49.8790355557953,6.68354733160868e-06
169,49.9395177778976,6.68354733160866e-06,49.8273926341321,3.34177366579808e-06,49.8273926341321,3.34177366579855e-06,49.8258805785795,3.3417736658041e-06,49.8258805785795,3.34177366580424e-06,0.450000000000013,0.449999999999987,49.8790355557953,6.68354733160868e-06
170,49.9395177778976,6.68354733160866e-06,49.8273926341321,3.34177366579974e-06,49.8273926341321,3.34177366579678e-06,49.8258805785795,3.34177366580452e-06,49.8258805785795,3.34177366580411e-06,0.450000000000082,0.449999999999918,49.8790355557953,6.68354733160868e-06
171,49.9395177778976,6.68354733160866e-06,49.8273926341321,3.34177366579804e-06,49.8273926341321,3.34177366579852e-06,49.8258805785795,3.34177366580424e-06,49.8258805785795,3.34177366580439e-06,0.450000000000013,0.449999999999987,49.8790355557953,6.68354733160868e-06
172,49.9395177778976,6.68354733160866e-06,49.8273926341321,3.34177366579729e-06,49.8273926341321,3.34177366579929e-06,49.8258805785795,3.34177366580415e-06,49.8258805785795,3.34177366580448e-06,0.450000000000056,0.449999999999944,49.8790355557953,6.68354733160868e-06
173,49.9395177778976,6.68354733160866e-06,49.8273926341321,3.34177366579659e-06,49.8273926341321,3.34177366580002e-06,49.8258805785795,3.34177366580396e-06,49.8258805785795,3.34177366580467e-06,0.450000000000096,0.449999999999904,49.8790355557953,6.68354733160868e-06
174,49.9395177778977,6.6835473316079e-06,49.8273926341321,3.34177366580004e-06,49.8273926341321,3.34177366579656e-06,49.8258805785795,3.34177366580437e-06,49.8258805785795,3.34177366580427e-06,0.450000000000097,0.449999999999903,49.8790355557953,6.68354733160868e-06
175,49.9395177778976,6.68354733160866e-06,49.8273926341321,3.34177366579907e-06,49.8273926341321,3.34177366579754e-06,49.8258805785795,3.3417736658042e-06,49.8258805785795,3.34177366580444e-06,0.450000000000043,0.449999999999957,49.8790355557953,6.68354733160868e-06
176,49.9395177778976,6.68354733160866e-06,49.8273926341321,3.34177366579754e-06,49.8273926341321,3.34177366579905e-06,49.8258805785795,3.34177366580417e-06,49.8258805785795,3.34177366580417e-06,0.450000000000042,0.449999999999958,49.8790355557953,6.68354733160868e-06
177,49.9395177778976,6.68354733160866e-06,49.8273926341321,3.34177366579803e-06,49.8273926341321,3.34177366579853e-06,49.8258805785795,3.34177366580413e-06,49.8258805785795,3.34177366580421e-06,0.450000000000014,0.449999999999986,49.8790355557953,6.68354733160868e-06
178,49.9395177778976,6.68354733160866e-06,49.8273926341321,3.34177366579825e-06,49.8273926341321,3.34177366579829e-06,49.8258805785795,3.34177366580412e-06,49.8258805785795,3.34177366580422e-06,0.450000000000001,0.449999999999999,49.8790355557953,6.68354733160868e-06
179,49.9395177778976,6.68354733160866e-06,49.8273926341321,3.34177366579829e-06,49.8273926341321,3.34177366579826e-06,49.8258805785795,3.34177366580412e-06,49.8258805785795,3.34177366580421e-06,0.450000000000001,0.449999999999999,49.8790355557953,6.68354733160868e-06
180,49.9395177778977,6.6835473316079e-06,49.8273926341321,3.34177366579978e-06,49.8273926341321,3.34177366579682e-06,49.8258805785795,3.34177366580456e-06,49.8258805785795,3.34177366580407e-06,0.450000000000083,0.449999999999917,49.8790355557953,6.68354733160868e-06
181,49.9395177778977,6.6835473316079e-06,49.8273926341321,3.34177366579806e-06,49.8273926341321,3.34177366579859e-06,49.8258805785795,3.34177366580428e-06,49.8258805785795,3.34177366580435e-06,0.450000000000015,0.449999999999985,49.8790355557953,6.68354733160868e-06
182,49.9395177778976,6.68354733160866e-06,49.8273926341321,3.3417736657973e-06,49.8273926341321,3.34177366579931e-06,49.8258805785795,3.34177366580419e-06,49.8258805785795,3.34177366580446e-06,0.450000000000056,0.449999999999944,49.8790355557953,6.68354733160868e-06
183,49.9395177778976,6.68354733160866e-06,49.8273926341321,3.34177366579949e-06,49.8273926341321,3.34177366579703e-06,49.8258805785795,3.34177366580455e-06,49.8258805785795,3.34177366580408e-06,0.450000000000069,0.449999999999931,49.8790355557953,6.68354733160868e-06
184,49.9395177778976,6.68354733160866e-06,49.8273926341321,3.34177366579801e-06,49.8273926341321,3.34177366579853e-06,49.8258805785795,3.34177366580425e-06,49.8258805785795,3.34177366580438e-06,0.450000000000014,0.449999999999985,49.8790355557953,6.68354733160868e-06
185,49.9395177778976,6.68354733160866e-06,49.8273926341321,3.34177366579736e-06,49.8273926341321,3.34177366579932e-06,49.8258805785795,3.34177366580416e-06,49.8258805785795,3.34177366580418e-06,0.450000000000055,0.449999999999945,49.8790355557953,6.68354733160868e-06
186,49.9395177778976,6.68354733160866e-06,49.8273926341321,3.34177366579804e-06,49.8273926341321,3.34177366579851e-06,49.8258805785795,3.3417736658041e-06,49.8258805785795,3.34177366580424e-06,0.450000000000013,0.449999999999987,49.8790355557953,6.68354733160868e-06
187,49.9395177778976,6.68354733160866e-06,49.8273926341321,3.34177366579834e-06,49.8273926341321,3.34177366579833e-06,49.8258805785795,3.34177366580409e-06,49.8258805785795,3.34177366580425e-06,0.45,0.449999999999999,49.8790355557953,6.68354733160868e-06
188,49.9395177778977,6.6835473316079e-06,49.8273926341321,3.34177366579977e-06,49.8273926341321,3.3417736657968e-06,49.8258805785795,3.34177366580453e-06,49.8258805785795,3.34177366580411e-06,0.450000000000083,0.449999999999917,49.8790355557953,6.68354733160868e-06
189,49.9395177778976,6.68354733160866e-06,49.8273926341321,3.34177366579803e-06,49.8273926341321,3.34177366579853e-06,49.8258805785795,3.34177366580426e-06,49.8258805785795,3.34177366580439e-06,0.450000000000014,0.449999999999986,49.8790355557953,6.68354733160868e-06
190,49.9395177778976,6.68354733160866e-06,49.8273926341321,3.34177366579729e-06,49.8273926341321,3.34177366579929e-06,49.8258805785795,3.34177366580416e-06,49.8258805785795,3.34177366580448e-06,0.450000000000056,0.449999999999944,49.8790355557953,6.68354733160868e-06
191,49.9395177778976,6.68354733160866e-06,49.8273926341321,3.34177366579662e-06,49.8273926341321,3.34177366580002e-06,49.8258805785795,3.34177366580398e-06,49.8258805785795,3.34177366580467e-06,0.450000000000095,0.449999999999905,49.8790355557953,6.68354733160868e-06
192,49.9395177778976,6.68354733160866e-06,49.8273926341321,3.34177366580003e-06,49.8273926341321,3.34177366579658e-06,49.8258805785795,3.34177366580438e-06,49.8258805785795,3.34177366580427e-06,0.450000000000096,0.449999999999904,49.8790355557953,6.68354733160868e-06
193,49.9395177778976,6.68354733160866e-06,49.8273926341321,3.34177366579908e-06,49.8273926341321,3.34177366579756e-06,49.8258805785795,3.34177366580421e-06,49.8258805785795,3.34177366580444e-06,0.450000000000042,0.449999999999957,49.8790355557953,6.68354733160868e-06
194,49.9395177778976,6.68354733160866e-06,49.8273926341321,3.34177366579756e-06,49.8273926341321,3.34177366579905e-06,49.8258805785795,3.34177366580418e-06,49.8258805785795,3.34177366580417e-06,0.450000000000042,0.449999999999958,49.8790355557953,6.68354733160868e-06
195,49.9395177778977,6.6835473316079e-06,49.8273926341321,3.34177366579802e-06,49.8273926341321,3.34177366579851e-06,49.8258805785795,3.34177366580414e-06,49.8258805785795,3.34177366580421e-06,0.450000000000013,0.449999999999986,49.8790355557953,6.68354733160868e-06
196,49.9395177778977,6.6835473316079e-06,49.8273926341321,3.34177366579823e-06,49.8273926341321,3.34177366579827e-06,49.8258805785795,3.34177366580412e-06,49.8258805785795,3.34177366580422e-06,0.450000000000001,0.449999999999999,49.8790355557953,6.68354733160868e-06
197,49.9395177778977,6.6835473316079e-06,49.8273926341321,3.34177366579978e-06,49.8273926341321,3.34177366579683e-06,49.8258805785795,3.34177366580455e-06,49.8258805785795,3.34177366580408e-06,0.450000000000082,0.449999999999918,49.8790355557953,6.68354733160868e-06
198,49.9395177778977,6.6835473316079e-06,49.8273926341321,3.34177366579951e-06,49.8273926341321,3.3417736657971e-06,49.8258805785795,3.34177366580441e-06,49.8258805785795,3.34177366580393e-06,0.450000000000067,0.449999999999933,49.8790355557953,6.68354733160868e-06
199,49.9395177778976,6.68354733160866e-06,49.8273926341321,3.34177366579555e-06,49.8273926341321,3.34177366580098e-06,49.8258805785795,3.34177366580419e-06,49.8258805785795,3.34177366580444e-06,0.450000000000152,0.449999999999849,49.8790355557953,6.68354733160868e-06
200,49.9395177778976,6.68354733160866e-06,49.8273926341321,3.34177366579733e-06,49.8273926341321,3.34177366579929e-06,49.8258805785795,3.34177366580432e-06,49.8258805785795,3.34177366580432e-06,0.450000000000055,0.449999999999945,49.8790355557953,6.68354733160868e-06
201,49.9395177778976,6.68354733160866e-06,49.8273926341321,3.34177366579906e-06,49.8273926341321,3.34177366579754e-06,49.8258805785795,3.34177366580434e-06,49.8258805785795,3.3417736658043e-06,0.450000000000042,0.449999999999958,49.8790355557953,6.68354733160868e-06
202,49.9395177778976,6.68354733160866e-06,49.8273926341321,3.34177366579854e-06,49.8273926341321,3.341773665798e-06,49.8258805785795,3.34177366580409e-06,49.8258805785795,3.34177366580424e-06,0.450000000000015,0.449999999999985,49.8790355557953,6.68354733160868e-06
203,49.9395177778977,6.6835473316079e-06,49.8273926341321,3.3417736657998e-06,49.8273926341321,3.34177366579682e-06,49.8258805785795,3.34177366580455e-06,49.8258805785795,3.34177366580409e-06,0.450000000000083,0.449999999999917,49.8790355557953,6.68354733160868e-06
204,49.9395177778976,6.68354733160866e-06,49.8273926341321,3.34177366579949e-06,49.8273926341321,3.34177366579712e-06,49.8258805785795,3.34177366580441e-06,49.8258805785795,3.34177366580393e-06,0.450000000000066,0.449999999999934,49.8790355557953,6.68354733160868e-06
205,49.9395177778976,6.68354733160866e-06,49.8273926341321,3.34177366579705e-06,49.8273926341321,3.34177366579959e-06,49.8258805785795,3.34177366580433e-06,49.8258805785795,3.34177366580431e-06,0.450000000000071,0.449999999999929,49.8790355557953,6.68354733160868e-06
206,49.9395177778977,6.6835473316079e-06,49.8273926341321,3.34177366579706e-06,49.8273926341321,3.34177366579955e-06,49.8258805785795,3.34177366580417e-06,49.8258805785795,3.34177366580448e-06,0.450000000000069,0.449999999999931,49.8790355557953,6.68354733160868e-06
207,49.9395177778977,6.6835473316079e-06,49.8273926341321,3.34177366579803e-06,49.8273926341321,3.3417736657985e-06,49.8258805785795,3.34177366580409e-06,49.8258805785795,3.34177366580425e-06,0.450000000000013,0.449999999999987,49.8790355557953,6.68354733160868e-06
208,49.9395177778976,6.68354733160866e-06,49.8273926341321,3.34177366579828e-06,49.8273926341321,3.34177366579822e-06,49.8258805785795,3.34177366580407e-06,49.8258805785795,3.34177366580426e-06,0.450000000000002,0.449999999999998,49.8790355557953,6.68354733160868e-06
209,49.9395177778977,6.6835473316079e-06,49.8273926341321,3.34177366579829e-06,49.8273926341321,3.34177366579822e-06,49.8258805785795,3.34177366580408e-06,49.8258805785795,3.34177366580425e-06,0.450000000000002,0.449999999999998,49.8790355557953,6.68354733160868e-06
210,49.9395177778977,6.6835473316079e-06,49.8273926341321,3.34177366579837e-06,49.8273926341321,3.34177366579835e-06,49.8258805785795,3.34177366580409e-06,49.8258805785795,3.34177366580424e-06,0.450000000000001,0.449999999999999,49.8790355557953,6.68354733160868e-06
211,49.9395177778976,6.68354733160866e-06,49.8273926341321,3.34177366579836e-06,49.8273926341321,3.34177366579835e-06,49.8258805785795,3.34177366580411e-06,49.8258805785795,3.34177366580424e-06,0.45,0.45,49.8790355557953,6.68354733160868e-06
212,49.9395177778977,6.6835473316079e-06,49.8273926341321,3.34177366579969e-06,49.8273926341321,3.34177366579677e-06,49.8258805785795,3.34177366580455e-06,49.8258805785795,3.3417736658041e-06,0.450000000000081,0.449999999999919,49.8790355557953,6.68354733160868e-06
213,49.9395177778976,6.68354733160866e-06,49.8273926341321,3.341773665798e-06,49.8273926341321,3.34177366579852e-06,49.8258805785795,3.34177366580427e-06,49.8258805785795,3.34177366580437e-06,0.450000000000015,0.449999999999985,49.8790355557953,6.68354733160868e-06
214,49.9395177778977,6.6835473316079e-06,49.8273926341321,3.34177366579729e-06,49.8273926341321,3.34177366579929e-06,49.8258805785795,3.34177366580417e-06,49.8258805785795,3.34177366580446e-06,0.450000000000056,0.449999999999944,49.8790355557953,6.68354733160868e-06
215,49.9395177778977,6.6835473316079e-06,49.8273926341321,3.34177366579662e-06,49.8273926341321,3.34177366580002e-06,49.8258805785795,3.34177366580398e-06,49.8258805785795,3.34177366580465e-06,0.450000000000095,0.449999999999905,49.8790355557953,6.68354733160868e-06
216,49.9395177778976,6.68354733160866e-06,49.8273926341321,3.34177366580003e-06,49.8273926341321,3.34177366579658e-06,49.8258805785795,3.34177366580439e-06,49.8258805785795,3.34177366580425e-06,0.450000000000096,0.449999999999904,49.8790355557953,6.68354733160868e-06
217,49.9395177778977,6.6835473316079e-06,49.8273926341321,3.34177366579908e-06,49.8273926341321,3.34177366579756e-06,49.8258805785795,3.34177366580421e-06,49.8258805785795,3.34177366580443e-06,0.450000000000043,0.449999999999958,49.8790355557953,6.68354733160868e-06
218,49.9395177778976,6.68354733160866e-06,49.8273926341321,3.34177366579896e-06,49.8273926341321,3.34177366579754e-06,49.8258805785795,3.34177366580461e-06,49.8258805785795,3.34177366580403e-06,0.45000000000004,0.44999999999996,49.8790355557953,6.68354733160868e-06
219,49.9395177778976,6.68354733160866e-06,49.8273926341321,3.34177366579776e-06,49.8273926341321,3.34177366579878e-06,49.8258805785795,3.34177366580428e-06,49.8258805785795,3.34177366580435e-06,0.450000000000028,0.449999999999972,49.8790355557953,6.68354733160868e-06
220,49.9395177778976,6.68354733160866e-06,49.8273926341321,3.34177366579727e-06,49.8273926341321,3.34177366579931e-06,49.8258805785795,3.34177366580417e-06,49.8258805785795,3.34177366580446e-06,0.450000000000057,0.449999999999943,49.8790355557953,6.68354733160868e-06
221,49.9395177778976,6.68354733160866e-06,49.8273926341321,3.34177366579804e-06,49.8273926341321,3.34177366579849e-06,49.8258805785795,3.3417736658041e-06,49.8258805785795,3.34177366580422e-06,0.450000000000013,0.449999999999987,49.8790355557953,6.68354733160868e-06
222,49.9395177778976,6.68354733160866e-06,49.8273926341321,3.34177366579838e-06,49.8273926341321,3.34177366579835e-06,49.8258805785795,3.3417736658041e-06,49.8258805785795,3.34177366580424e-06,0.450000000000001,0.449999999999999,49.8790355557953,6.68354733160868e-06
223,49.9395177778976,6.68354733160866e-06,49.8273926341321,3.34177366579838e-06,49.8273926341321,3.34177366579832e-06,49.8258805785795,3.34177366580411e-06,49.8258805785795,3.34177366580424e-06,0.450000000000002,0.449999999999998,49.8790355557953,6.68354733160868e-06
224,49.9395177778976,6.68354733160866e-06,49.8273926341321,3.3417736657997e-06,49.8273926341321,3.34177366579676e-06,49.8258805785795,3.34177366580455e-06,49.8258805785795,3.3417736658041e-06,0.450000000000082,0.449999999999918,49.8790355557953,6.68354733160868e-06
225,49.9395177778976,6.68354733160866e-06,49.8273926341321,3.341773665798e-06,49.8273926341321,3.34177366579852e-06,49.8258805785795,3.34177366580426e-06,49.8258805785795,3.34177366580437e-06,0.450000000000014,0.449999999999985,49.8790355557953,6.68354733160868e-06
226,49.9395177778976,6.68354733160866e-06,49.8273926341321,3.34177366579729e-06,49.8273926341321,3.34177366579929e-06,49.8258805785795,3.34177366580417e-06,49.8258805785795,3.34177366580446e-06,0.450000000000056,0.449999999999944,49.8790355557953,6.68354733160868e-06
227,49.9395177778976,6.68354733160866e-06,49.8273926341321,3.34177366579803e-06,49.8273926341321,3.34177366579851e-06,49.8258805785795,3.34177366580411e-06,49.8258805785795,3.34177366580422e-06,0.450000000000013,0.449999999999987,49.8790355557953,6.68354733160868e-06
228,49.9395177778976,6.68354733160866e-06,49.8273926341321,3.34177366579837e-06,49.8273926341321,3.34177366579836e-06,49.8258805785795,3.3417736658041e-06,49.8258805785795,3.34177366580424e-06,0.45,0.45,49.8790355557953,6.68354733160868e-06
229,49.9395177778976,6.68354733160866e-06,49.8273926341321,3.34177366579979e-06,49.8273926341321,3.34177366579682e-06,49.8258805785795,3.34177366580454e-06,49.8258805785795,3.34177366580411e-06,0.450000000000083,0.449999999999917,49.8790355557953,6.68354733160868e-06
230,49.9395177778976,6.68354733160866e-06,49.8273926341321,3.34177366579803e-06,49.8273926341321,3.34177366579854e-06,49.8258805785795,3.34177366580426e-06,49.8258805785795,3.34177366580438e-06,0.450000000000014,0.449999999999986,49.8790355557953,6.68354733160868e-06
231,49.9395177778976,6.68354733160866e-06,49.8273926341321,3.34177366579729e-06,49.8273926341321,3.34177366579929e-06,49.8258805785795,3.34177366580417e-06,49.8258805785795,3.34177366580447e-06,0.450000000000056,0.449999999999944,49.8790355557953,6.68354733160868e-06
232,49.9395177778976,6.68354733160866e-06,49.8273926341321,3.34177366579803e-06,49.8273926341321,3.34177366579851e-06,49.8258805785795,3.34177366580411e-06,49.8258805785795,3.34177366580423e-06,0.450000000000013,0.449999999999987,49.8790355557953,6.68354733160868e-06
233,49.9395177778976,6.68354733160866e-06,49.8273926341321,3.34177366579826e-06,49.8273926341321,3.34177366579825e-06,49.8258805785795,3.34177366580409e-06,49.8258805785795,3.34177366580424e-06,0.45,0.45,49.8790355557953,6.68354733160868e-06
234,49.9395177778976,6.68354733160866e-06,49.8273926341321,3.34177366579839e-06,49.8273926341321,3.34177366579833e-06,49.8258805785795,3.3417736658041e-06,49.8258805785795,3.34177366580424e-06,0.450000000000002,0.449999999999998,49.8790355557953,6.68354733160868e-06
235,49.9395177778976,6.68354733160866e-06,49.8273926341321,3.34177366579826e-06,49.8273926341321,3.34177366579824e-06,49.8258805785795,3.34177366580411e-06,49.8258805785795,3.34177366580422e-06,0.450000000000001,0.449999999999999,49.8790355557953,6.68354733160868e-06
236,49.9395177778976,6.68354733160866e-06,49.8273926341321,3.34177366579829e-06,49.8273926341321,3.34177366579829e-06,49.8258805785795,3.34177366580412e-06,49.8258805785795,3.34177366580422e-06,0.45,0.45,49.8790355557953,6.68354733160868e-06
237,49.9395177778976,6.68354733160866e-06,49.8273926341321,3.34177366579833e-06,49.8273926341321,3.34177366579833e-06,49.8258805785795,3.34177366580413e-06,49.8258805785795,3.34177366580421e-06,0.45,0.45,49.8790355557953,6.68354733160868e-06
238,49.9395177778976,6.68354733160866e-06,49.8273926341321,3.34177366579828e-06,49.8273926341321,3.34177366579828e-06,49.8258805785795,3.34177366580413e-06,49.8258805785795,3.34177366580421e-06,0.45,0.45,49.8790355557953,6.68354733160868e-06
239,49.9395177778976,6.68354733160866e-06,49.8273926341321,3.34177366579977e-06,49.8273926341321,3.34177366579685e-06,49.8258805785795,3.34177366580457e-06,49.8258805785795,3.34177366580407e-06,0.450000000000081,0.449999999999919,49.8790355557953,6.68354733160868e-06
240,49.9395177778976,6.68354733160866e-06,49.8273926341321,3.34177366579799e-06,49.8273926341321,3.34177366579851e-06,49.8258805785795,3.34177366580429e-06,49.8258805785795,3.34177366580435e-06,0.450000000000014,0.449999999999985,49.8790355557953,6.68354733160868e-06
241,49.9395177778976,6.68354733160866e-06,49.8273926341321,3.34177366579873e-06,49.8273926341321,3.34177366579781e-06,49.8258805785795,3.34177366580461e-06,49.8258805785795,3.34177366580401e-06,0.450000000000026,0.449999999999974,49.8790355557953,6.68354733160868e-06
242,49.9395177778976,6.68354733160866e-06,49.8273926341321,3.34177366579784e-06,49.8273926341321,3.34177366579885e-06,49.8258805785795,3.34177366580427e-06,49.8258805785795,3.34177366580436e-06,0.450000000000028,0.449999999999972,49.8790355557953,6.68354733160868e-06
243,49.9395177778977,6.6835473316079e-06,49.8273926341321,3.34177366579732e-06,49.8273926341321,3.34177366579931e-06,49.8258805785795,3.34177366580416e-06,49.8258805785795,3.34177366580418e-06,0.450000000000056,0.449999999999944,49.8790355557953,6.68354733160868e-06
244,49.9395177778976,6.68354733160866e-06,49.8273926341321,3.34177366579805e-06,49.8273926341321,3.34177366579848e-06,49.8258805785795,3.3417736658041e-06,49.8258805785795,3.34177366580424e-06,0.450000000000012,0.449999999999988,49.8790355557953,6.68354733160868e-06
245,49.9395177778977,6.6835473316079e-06,49.8273926341321,3.34177366579827e-06,49.8273926341321,3.34177366579824e-06,49.8258805785795,3.34177366580408e-06,49.8258805785795,3.34177366580425e-06,0.450000000000001,0.449999999999999,49.8790355557953,6.68354733160868e-06
246,49.9395177778977,6.6835473316079e-06,49.8273926341321,3.34177366579979e-06,49.8273926341321,3.34177366579682e-06,49.8258805785795,3.34177366580452e-06,49.8258805785795,3.34177366580411e-06,0.450000000000083,0.449999999999917,49.8790355557953,6.68354733160868e-06
247,49.9395177778976,6.68354733160866e-06,49.827392634132,3.34177366581162e-06,49.8273926341321,3.34177366580011e-06,49.8258805785795,3.34177366580411e-06,49.8258805785795,3.34177366580452e-06,0.45000000000031,0.449999999999668,49.8790355557953,6.68354733160868e-06
248,49.9395177778976,6.68354733160866e-06,49.8273926341321,3.34177366579611e-06,49.8273926341321,3.34177366580048e-06,49.8258805785795,3.34177366580388e-06,49.8258805785795,3.34177366580476e-06,0.450000000000131,0.449999999999887,49.8790355557953,6.68354733160868e-06
249,49.9395177778977,6.6835473316079e-06,49.8273926341321,3.34177366580081e-06,49.8273926341321,3.34177366579571e-06,49.8258805785795,3.34177366580434e-06,49.8258805785795,3.3417736658043e-06,0.450000000000145,0.44999999999986,49.8790355557953,6.68354733160868e-06
250,49.9395177778977,6.6835473316079e-06,49.8273926341321,3.34177366580068e-06,49.827392634132,3.34177366581094e-06,49.8258805785795,3.34177366580433e-06,49.8258805785795,3.34177366580399e-06,0.450000000000278,0.449999999999706,49.8790355557953,6.68354733160868e-06
251,49.9395177778976,6.68354733160866e-06,49.8273926341321,3.34177366579872e-06,49.8273926341321,3.34177366579788e-06,49.8258805785795,3.34177366580476e-06,49.8258805785795,3.34177366580417e-06,0.450000000000031,0.449999999999985,49.8790355557953,6.68354733160868e-06
252,49.9395177778976,6.68354733160866e-06,49.8273926341321,3.34177366579674e-06,49.8273926341321,3.34177366579982e-06,49.8258805785795,3.34177366580434e-06,49.8258805785795,3.34177366580429e-06,0.450000000000088,0.449999999999916,49.8790355557953,6.68354733160868e-06
253,49.9395177778976,6.68354733160866e-06,49.8273926341321,3.341773665797e-06,49.8273926341321,3.34177366579951e-06,49.8258805785795,3.34177366580415e-06,49.8258805785795,3.34177366580447e-06,0.450000000000076,0.449999999999936,49.8790355557953,6.68354733160868e-06
254,49.9395177778976,6.68354733160866e-06,49.8273926341321,3.34177366579804e-06,49.8273926341321,3.34177366579849e-06,49.8258805785795,3.34177366580407e-06,49.8258805785795,3.34177366580425e-06,0.450000000000013,0.449999999999988,49.8790355557953,6.68354733160868e-06
255,49.9395177778976,6.68354733160866e-06,49.8273926341321,3.34177366579832e-06,49.8273926341321,3.34177366579826e-06,49.8258805785795,3.34177366580405e-06,49.8258805785795,3.34177366580426e-06,0.449999999999999,0.449999999999995,49.8790355557953,6.68354733160868e-06
256,49.9395177778976,6.68354733160866e-06,49.8273926341321,3.34177366579684e-06,49.8273926341321,3.34177366579975e-06,49.8258805785795,3.34177366580393e-06,49.8258805785795,3.34177366580468e-06,0.45000000000008,0.449999999999918,49.8790355557953,6.68354733160868e-06
257,49.9395177778976,6.68354733160866e-06,49.8273926341321,3.34177366580012e-06,49.8273926341321,3.34177366579651e-06,49.8258805785795,3.34177366580437e-06,49.8258805785795,3.34177366580425e-06,0.450000000000107,0.449999999999905,49.8790355557953,6.68354733160868e-06
258,49.9395177778976,6.68354733160866e-06,49.827392634132,3.34177366581412e-06,49.827392634132,3.34177366581261e-06,49.8258805785795,3.34177366580451e-06,49.8258805785795,3.34177366580412e-06,0.450000000000032,0.449999999999947,49.8790355557953,6.68354733160868e-06
259,49.9395177778976,6.68354733160866e-06,49.8273926341321,3.34177366579748e-06,49.8273926341321,3.34177366579903e-06,49.8258805785795,3.34177366580447e-06,49.8258805785795,3.34177366580445e-06,0.450000000000052,0.449999999999966,49.8790355557953,6.68354733160868e-06
260,49.9395177778976,6.68354733160866e-06,49.8273926341321,3.34177366579801e-06,49.8273926341321,3.34177366579851e-06,49.8258805785795,3.34177366580413e-06,49.8258805785795,3.34177366580448e-06,0.450000000000012,0.449999999999985,49.8790355557953,6.68354733160868e-06
261,49.9395177778976,6.68354733160866e-06,49.8273926341321,3.34177366579827e-06,49.8273926341321,3.34177366579833e-06,49.8258805785795,3.34177366580412e-06,49.8258805785795,3.3417736658042e-06,0.449999999999995,0.449999999999991,49.8790355557953,6.68354733160868e-06
262,49.9395177778976,6.68354733160866e-06,49.8273926341321,3.34177366579982e-06,49.8273926341321,3.34177366579683e-06,49.8258805785795,3.34177366580456e-06,49.8258805785795,3.34177366580407e-06,0.450000000000085,0.449999999999918,49.8790355557953,6.68354733160868e-06
263,49.9395177778976,6.68354733160866e-06,49.8273926341321,3.34177366579951e-06,49.8273926341321,3.34177366579711e-06,49.8258805785795,3.34177366580441e-06,49.8258805785795,3.34177366580392e-06,0.450000000000062,0.449999999999928,49.8790355557953,6.68354733160868e-06
264,49.9395177778976,6.68354733160866e-06,49.8273926341321,3.34177366579703e-06,49.8273926341321,3.34177366579962e-06,49.8258805785795,3.34177366580433e-06,49.8258805785795,3.34177366580431e-06,0.450000000000069,0.449999999999924,49.8790355557953,6.68354733160868e-06
265,49.9395177778976,6.68354733160866e-06,49.8273926341321,3.34177366579706e-06,49.8273926341321,3.34177366579954e-06,49.8258805785795,3.34177366580417e-06,49.8258805785795,3.34177366580448e-06,0.450000000000076,0.449999999999937,49.8790355557953,6.68354733160868e-06
266,49.9395177778976,6.68354733160866e-06,49.8273926341321,3.34177366579657e-06,49.8273926341321,3.34177366579998e-06,49.8258805785795,3.34177366580396e-06,49.8258805785795,3.34177366580438e-06,0.450000000000092,0.449999999999901,49.8790355557953,6.68354733160868e-06
267,49.9395177778976,6.68354733160866e-06,49.8273926341321,3.34177366580008e-06,49.8273926341321,3.34177366579647e-06,49.8258805785795,3.34177366580436e-06,49.8258805785795,3.34177366580428e-06,0.450000000000113,0.449999999999911,49.8790355557953,6.68354733160868e-06
268,49.9395177778976,6.68354733160866e-06,49.827392634132,3.34177366581426e-06,49.8273926341321,3.3417736657977e-06,49.8258805785795,3.3417736658042e-06,49.8258805785795,3.34177366580416e-06,0.450000000000434,0.44999999999951,49.8790355557953,6.68354733160868e-06
269,49.9395177778976,6.68354733160866e-06,49.8273926341321,3.34177366579616e-06,49.8273926341321,3.34177366580067e-06,49.8258805785795,3.34177366580405e-06,49.8258805785795,3.34177366580464e-06,0.45000000000013,0.449999999999879,49.8790355557953,6.68354733160868e-06
270,49.9395177778976,6.68354733160866e-06,49.8273926341321,3.34177366579982e-06,49.8273926341321,3.34177366579671e-06,49.8258805785795,3.34177366580444e-06,49.8258805785795,3.34177366580426e-06,0.450000000000106,0.449999999999933,49.8790355557953,6.68354733160868e-06
271,49.9395177778977,6.6835473316079e-06,49.827392634132,3.34177366581402e-06,49.8273926341321,3.34177366579761e-06,49.8258805785795,3.34177366580424e-06,49.8258805785795,3.34177366580415e-06,0.450000000000442,0.449999999999527,49.8790355557953,6.68354733160868e-06
272,49.9395177778976,6.68354733160866e-06,49.8273926341321,3.34177366579751e-06,49.8273926341321,3.34177366579905e-06,49.8258805785795,3.3417736658042e-06,49.8258805785795,3.34177366580448e-06,0.450000000000054,0.449999999999968,49.8790355557953,6.68354733160868e-06
273,49.9395177778977,6.6835473316079e-06,49.8273926341321,3.34177366579806e-06,49.8273926341321,3.34177366579851e-06,49.8258805785795,3.34177366580415e-06,49.8258805785795,3.34177366580422e-06,0.450000000000017,0.449999999999992,49.8790355557953,6.68354733160868e-06
274,49.9395177778976,6.68354733160866e-06,49.8273926341321,3.34177366579975e-06,49.8273926341321,3.34177366579683e-06,49.8258805785795,3.34177366580457e-06,49.8258805785795,3.3417736658041e-06,0.45000000000008,0.449999999999918,49.8790355557953,6.68354733160868e-06
275,49.9395177778976,6.68354733160866e-06,49.827392634132,3.34177366581307e-06,49.8273926341321,3.34177366579854e-06,49.8258805785795,3.34177366580428e-06,49.8258805785795,3.34177366580408e-06,0.450000000000405,0.449999999999595,49.8790355557953,6.68354733160868e-06
276,49.9395177778977,6.6835473316079e-06,49.8273926341321,3.34177366579579e-06,49.8273926341321,3.34177366580076e-06,49.8258805785795,3.34177366580405e-06,49.8258805785795,3.3417736658046e-06,0.450000000000147,0.44999999999987,49.8790355557953,6.68354733160868e-06
277,49.9395177778977,6.6835473316079e-06,49.8273926341321,3.34177366579978e-06,49.8273926341321,3.34177366579668e-06,49.8258805785795,3.3417736658044e-06,49.8258805785795,3.34177366580424e-06,0.450000000000097,0.449999999999924,49.8790355557953,6.68354733160868e-06
278,49.9395177778976,6.68354733160866e-06,49.8273926341321,3.34177366580049e-06,49.827392634132,3.34177366581123e-06,49.8258805785795,3.34177366580433e-06,49.8258805785795,3.341773665804e-06,0.450000000000281,0.449999999999682,49.8790355557953,6.68354733160868e-06
279,49.9395177778976,6.68354733160866e-06,49.8273926341321,3.34177366579876e-06,49.8273926341321,3.34177366579792e-06,49.8258805785795,3.34177366580475e-06,49.8258805785795,3.3417736658042e-06,0.450000000000023,0.449999999999977,49.8790355557953,6.68354733160868e-06
280,49.9395177778976,6.68354733160866e-06,49.8273926341321,3.34177366579524e-06,49.8273926341321,3.34177366580126e-06,49.8258805785795,3.34177366580418e-06,49.8258805785795,3.34177366580446e-06,0.450000000000172,0.449999999999836,49.8790355557953,6.68354733160868e-06
281,49.9395177778976,6.68354733160866e-06,49.8273926341321,3.34177366579724e-06,49.8273926341321,3.34177366579919e-06,49.8258805785795,3.34177366580428e-06,49.8258805785795,3.34177366580464e-06,0.450000000000068,0.449999999999959,49.8790355557953,6.68354733160868e-06
282,49.9395177778976,6.68354733160866e-06,49.8273926341321,3.34177366579913e-06,49.8273926341321,3.34177366579757e-06,49.8258805785795,3.34177366580401e-06,49.8258805785795,3.34177366580432e-06,0.450000000000035,0.449999999999947,49.8790355557953,6.68354733160868e-06
283,49.9395177778976,6.68354733160866e-06,49.8273926341321,3.34177366579869e-06,49.8273926341321,3.3417736657982e-06,49.8258805785795,3.34177366580438e-06,49.8258805785795,3.34177366580428e-06,0.450000000000006,0.449999999999978,49.8790355557953,6.68354733160868e-06
284,49.9395177778976,6.68354733160866e-06,49.8273926341321,3.34177366579842e-06,49.8273926341321,3.34177366579836e-06,49.8258805785795,3.34177366580412e-06,49.8258805785795,3.34177366580427e-06,0.450000000000003,0.45,49.8790355557953,6.68354733160868e-06
285,49.9395177778976,6.68354733160866e-06,49.8273926341321,3.3417736657983e-06,49.8273926341321,3.34177366579832e-06,49.8258805785795,3.34177366580414e-06,49.8258805785795,3.34177366580426e-06,0.450000000000001,0.45,49.8790355557953,6.68354733160868e-06
286,49.9395177778976,6.68354733160866e-06,49.8273926341321,3.34177366579828e-06,49.8273926341321,3.34177366579829e-06,49.8258805785795,3.34177366580415e-06,49.8258805785795,3.34177366580425e-06,0.45,0.45,49.8790355557953,6.68354733160868e-06
287,49.9395177778976,6.68354733160866e-06,49.8273926341321,3.34177366579977e-06,49.8273926341321,3.3417736657968e-06,49.8258805785795,3.34177366580458e-06,49.8258805785795,3.3417736658041e-06,0.450000000000084,0.449999999999918,49.8790355557953,6.68354733160868e-06
288,49.9395177778976,6.68354733160866e-06,49.8273926341321,3.34177366579952e-06,49.8273926341321,3.3417736657971e-06,49.8258805785795,3.34177366580443e-06,49.8258805785795,3.34177366580395e-06,0.450000000000062,0.449999999999928,49.8790355557953,6.68354733160868e-06
289,49.9395177778976,6.68354733160866e-06,49.8273926341321,3.34177366579702e-06,49.8273926341321,3.3417736657996e-06,49.8258805785795,3.34177366580435e-06,49.8258805785795,3.34177366580433e-06,0.450000000000072,0.449999999999928,49.8790355557953,6.68354733160868e-06
290,49.9395177778976,6.68354733160866e-06,49.8273926341321,3.34177366579705e-06,49.8273926341321,3.34177366579951e-06,49.8258805785795,3.34177366580418e-06,49.8258805785795,3.34177366580449e-06,0.450000000000076,0.449999999999939,49.8790355557953,6.68354733160868e-06
291,49.9395177778977,6.6835473316079e-06,49.8273926341321,3.34177366579806e-06,49.8273926341321,3.34177366579852e-06,49.8258805785795,3.3417736658041e-06,49.8258805785795,3.34177366580426e-06,0.45000000000001,0.449999999999984,49.8790355557953,6.68354733160868e-06
292,49.9395177778976,6.68354733160866e-06,49.8273926341321,3.34177366579834e-06,49.8273926341321,3.34177366579831e-06,49.8258805785795,3.34177366580409e-06,49.8258805785795,3.34177366580428e-06,0.449999999999996,0.449999999999994,49.8790355557953,6.68354733160868e-06
293,49.9395177778976,6.68354733160866e-06,49.8273926341321,3.34177366579835e-06,49.8273926341321,3.34177366579829e-06,49.8258805785795,3.3417736658041e-06,49.8258805785795,3.34177366580427e-06,0.450000000000001,0.449999999999998,49.8790355557953,6.68354733160868e-06
294,49.9395177778977,6.6835473316079e-06,49.8273926341321,3.34177366579828e-06,49.8273926341321,3.34177366579826e-06,49.8258805785795,3.34177366580411e-06,49.8258805785795,3.34177366580426e-06,0.450000000000001,0.45,49.8790355557953,6.68354733160868e-06
295,49.9395177778977,6.6835473316079e-06,49.8273926341321,3.34177366579829e-06,49.8273926341321,3.34177366579828e-06,49.8258805785795,3.34177366580411e-06,49.8258805785795,3.34177366580424e-06,0.45,0.45,49.8790355557953,6.68354733160868e-06
296,49.9395177778976,6.68354733160866e-06,49.8273926341321,3.34177366579832e-06,49.8273926341321,3.34177366579832e-06,49.8258805785795,3.34177366580412e-06,49.8258805785795,3.34177366580423e-06,0.45,0.45,49.8790355557953,6.68354733160868e-06
297,49.9395177778976,6.68354733160866e-06,49.8273926341321,3.34177366579829e-06,49.8273926341321,3.34177366579829e-06,49.8258805785795,3.34177366580413e-06,49.8258805785795,3.34177366580422e-06,0.45,0.45,49.8790355557953,6.68354733160868e-06
298,49.9395177778976,6.68354733160866e-06,49.8273926341321,3.34177366579977e-06,49.8273926341321,3.34177366579679e-06,49.8258805785795,3.34177366580457e-06,49.8258805785795,3.34177366580408e-06,0.450000000000085,0.449999999999918,49.8790355557953,6.68354733160868e-06
299,49.9395177778976,6.68354733160866e-06,49.8273926341321,3.34177366579805e-06,49.8273926341321,3.34177366579859e-06,49.8258805785795,3.34177366580429e-06,49.8258805785795,3.34177366580406e-06,0.450000000000008,0.449999999999978,49.8790355557953,6.68354733160868e-06
300,49.9395177778976,6.68354733160866e-06,49.8273926341321,3.34177366579725e-06,49.8273926341321,3.34177366579921e-06,49.8258805785795,3.34177366580419e-06,49.8258805785795,3.34177366580445e-06,0.450000000000068,0.449999999999959,49.8790355557953,6.68354733160868e-06
301,49.9395177778976,6.68354733160866e-06,49.8273926341321,3.34177366579796e-06,49.8273926341321,3.34177366579839e-06,49.8258805785795,3.34177366580412e-06,49.8258805785795,3.3417736658042e-06,0.450000000000021,0.449999999999997,49.8790355557953,6.68354733160868e-06
302,49.9395177778976,6.68354733160866e-06,49.8273926341321,3.34177366579973e-06,49.8273926341321,3.34177366579674e-06,49.8258805785795,3.34177366580453e-06,49.8258805785795,3.34177366580407e-06,0.450000000000086,0.44999999999992,49.8790355557953,6.68354733160868e-06
303,49.9395177778976,6.68354733160866e-06,49.8273926341321,3.34177366579956e-06,49.8273926341321,3.34177366579708e-06,49.8258805785795,3.34177366580438e-06,49.8258805785795,3.34177366580392e-06,0.450000000000062,0.449999999999924,49.8790355557953,6.68354733160868e-06
304,49.9395177778976,6.68354733160866e-06,49.8273926341321,3.34177366579556e-06,49.8273926341321,3.34177366580109e-06,49.8258805785795,3.34177366580417e-06,49.8258805785795,3.34177366580444e-06,0.45000000000015,0.449999999999842,49.8790355557953,6.68354733160868e-06
305,49.9395177778977,6.6835473316079e-06,49.8273926341321,3.34177366581243e-06,49.8273926341321,3.34177366581436e-06,49.8258805785795,3.34177366580431e-06,49.8258805785795,3.34177366580462e-06,0.450000000000067,0.449999999999959,49.8790355557953,6.68354733160777e-06
306,49.9395177778977,6.6835473316079e-06,49.8273926341321,3.3417736657991e-06,49.8273926341321,3.34177366579754e-06,49.8258805785795,3.34177366580404e-06,49.8258805785795,3.3417736658043e-06,0.450000000000033,0.449999999999946,49.8790355557953,6.68354733160868e-06
307,49.9395177778976,6.68354733160866e-06,49.8273926341321,3.3417736658153e-06,49.8273926341321,3.34177366581178e-06,49.8258805785795,3.34177366580454e-06,49.8258805785795,3.34177366580443e-06,0.450000000000081,0.449999999999884,49.8790355557953,6.68354733160777e-06
308,49.9395177778976,6.68354733160866e-06,49.827392634132,3.34177366581162e-06,49.8273926341321,3.34177366580001e-06,49.8258805785795,3.34177366580415e-06,49.8258805785795,3.34177366580452e-06,0.450000000000348,0.449999999999701,49.8790355557953,6.68354733160868e-06
309,49.9395177778976,6.68354733160866e-06,49.8273926341321,3.34177366581275e-06,49.8273926341321,3.34177366581427e-06,49.8258805785795,3.34177366580436e-06,49.8258805785795,3.34177366580464e-06,0.45000000000002,0.449999999999935,49.8790355557953,6.68354733160777e-06
310,49.9395177778976,6.68354733160866e-06,49.8273926341321,3.34177366580048e-06,49.827392634132,3.34177366581109e-06,49.8258805785795,3.34177366580423e-06,49.8258805785795,3.34177366580417e-06,0.450000000000314,0.449999999999722,49.8790355557953,6.68354733160868e-06
311,49.9395177778976,6.68354733160866e-06,49.8273926341321,3.34177366579955e-06,49.8273926341321,3.34177366579668e-06,49.8258805785795,3.34177366580441e-06,49.8258805785795,3.34177366580395e-06,0.450000000000102,0.449999999999942,49.8790355557953,6.68354733160868e-06
312,49.9395177778976,6.68354733160866e-06,49.8273926341321,3.34177366579546e-06,49.8273926341321,3.34177366580097e-06,49.8258805785795,3.34177366580419e-06,49.8258805785795,3.34177366580443e-06,0.450000000000152,0.449999999999845,49.8790355557953,6.68354733160868e-06
313,49.9395177778976,6.68354733160866e-06,49.8273926341321,3.34177366581251e-06,49.8273926341321,3.34177366581456e-06,49.8258805785795,3.34177366580432e-06,49.8258805785795,3.34177366580462e-06,0.450000000000023,0.449999999999909,49.8790355557953,6.68354733160777e-06
314,49.9395177778976,6.68354733160866e-06,49.827392634132,3.34177366583056e-06,49.827392634132,3.34177366582615e-06,49.8258805785795,3.34177366580417e-06,49.8258805785795,3.34177366580417e-06,0.450000000000143,0.449999999999897,49.8790355557953,6.68354733160777e-06
315,49.9395177778976,6.68354733160866e-06,49.8273926341321,3.34177366579808e-06,49.8273926341321,3.34177366579812e-06,49.8258805785795,3.34177366580422e-06,49.8258805785795,3.34177366580438e-06,0.450000000000026,0.450000000000023,49.8790355557953,6.68354733160868e-06
316,49.9395177778976,6.68354733160866e-06,49.8273926341321,3.34177366581243e-06,49.8273926341321,3.34177366581434e-06,49.8258805785795,3.34177366580444e-06,49.8258805785795,3.34177366580446e-06,0.450000000000039,0.449999999999932,49.8790355557953,6.68354733160777e-06
317,49.9395177778976,6.68354733160866e-06,49.8273926341321,3.34177366579799e-06,49.8273926341321,3.34177366579847e-06,49.8258805785795,3.34177366580408e-06,49.8258805785795,3.3417736658042e-06,0.450000000000025,0.449999999999998,49.8790355557953,6.68354733160868e-06
318,49.9395177778976,6.68354733160866e-06,49.8273926341321,3.3417736657982e-06,49.8273926341321,3.34177366579822e-06,49.8258805785795,3.34177366580436e-06,49.8258805785795,3.34177366580451e-06,0.450000000000011,0.45000000000001,49.8790355557953,6.68354733160868e-06
319,49.9395177778977,6.6835473316079e-06,49.8273926341321,3.34177366579829e-06,49.8273926341321,3.34177366579826e-06,49.8258805785795,3.34177366580437e-06,49.8258805785795,3.3417736658045e-06,0.45,0.449999999999998,49.8790355557953,6.68354733160868e-06
320,49.9395177778976,6.68354733160866e-06,49.8273926341321,3.3417736657983e-06,49.8273926341321,3.34177366579828e-06,49.8258805785795,3.34177366580438e-06,49.8258805785795,3.34177366580419e-06,0.45,0.449999999999999,49.8790355557953,6.68354733160868e-06
321,49.9395177778977,6.6835473316079e-06,49.8273926341321,3.34177366579829e-06,49.8273926341321,3.34177366579829e-06,49.8258805785795,3.34177366580439e-06,49.8258805785795,3.34177366580449e-06,0.45,0.45,49.8790355557953,6.68354733160868e-06
322,49.9395177778977,6.6835473316079e-06,49.8273926341321,3.34177366579829e-06,49.8273926341321,3.34177366579829e-06,49.8258805785795,3.3417736658041e-06,49.8258805785795,3.34177366580419e-06,0.45,0.45,49.8790355557953,6.68354733160868e-06
323,49.9395177778976,6.68354733160866e-06,49.8273926341321,3.3417736657998e-06,49.8273926341321,3.34177366579681e-06,49.8258805785795,3.34177366580454e-06,49.8258805785795,3.34177366580405e-06,0.450000000000082,0.449999999999916,49.8790355557953,6.68354733160868e-06
324,49.9395177778977,6.6835473316079e-06,49.8273926341321,3.34177366579798e-06,49.8273926341321,3.34177366579845e-06,49.8258805785795,3.34177366580427e-06,49.8258805785795,3.34177366580432e-06,0.45000000000003,0.450000000000003,49.8790355557953,6.68354733160868e-06
325,49.9395177778977,6.6835473316079e-06,49.8273926341321,3.34177366579712e-06,49.8273926341321,3.34177366579909e-06,49.8258805785795,3.34177366580415e-06,49.8258805785795,3.3417736658041e-06,0.450000000000061,0.449999999999951,49.8790355557953,6.68354733160868e-06
326,49.9395177778976,6.68354733160866e-06,49.8273926341321,3.34177366579787e-06,49.8273926341321,3.34177366579839e-06,49.8258805785795,3.34177366580407e-06,49.8258805785795,3.34177366580415e-06,0.45000000000002,0.449999999999991,49.8790355557953,6.68354733160868e-06
327,49.9395177778977,6.6835473316079e-06,49.8273926341321,3.34177366579821e-06,49.8273926341321,3.34177366579823e-06,49.8258805785795,3.34177366580435e-06,49.8258805785795,3.34177366580446e-06,0.450000000000009,0.450000000000007,49.8790355557953,6.68354733160868e-06
328,49.9395177778977,6.6835473316079e-06,49.8273926341321,3.34177366579829e-06,49.8273926341321,3.34177366579824e-06,49.8258805785795,3.34177366580435e-06,49.8258805785795,3.34177366580445e-06,0.450000000000003,0.45,49.8790355557953,6.68354733160868e-06
329,49.9395177778976,6.68354733160866e-06,49.8273926341321,3.34177366579829e-06,49.8273926341321,3.34177366579827e-06,49.8258805785795,3.34177366580437e-06,49.8258805785795,3.34177366580445e-06,0.45,0.449999999999998,49.8790355557953,6.68354733160868e-06
330,49.9395177778976,6.68354733160866e-06,49.8273926341321,3.34177366579829e-06,49.8273926341321,3.34177366579829e-06,49.8258805785795,3.34177366580438e-06,49.8258805785795,3.34177366580445e-06,0.45,0.45,49.8790355557953,6.68354733160868e-06
331,49.9395177778976,6.68354733160866e-06,49.8273926341321,3.34177366579829e-06,49.8273926341321,3.34177366579829e-06,49.8258805785795,3.34177366580439e-06,49.8258805785795,3.34177366580446e-06,0.45,0.45,49.8790355557953,6.68354733160868e-06
332,49.9395177778976,6.68354733160866e-06,49.8273926341321,3.34177366579981e-06,49.8273926341321,3.34177366579683e-06,49.8258805785795,3.34177366580454e-06,49.8258805785795,3.34177366580403e-06,0.45000000000008,0.449999999999914,49.8790355557953,6.68354733160868e-06
333,49.9395177778976,6.68354733160866e-06,49.8273926341321,3.34177366579792e-06,49.8273926341321,3.34177366579848e-06,49.8258805785795,3.34177366580425e-06,49.8258805785795,3.34177366580431e-06,0.450000000000031,0.449999999999999,49.8790355557953,6.68354733160868e-06
334,49.9395177778976,6.68354733160866e-06,49.8273926341321,3.34177366581229e-06,49.8273926341321,3.34177366581447e-06,49.8258805785795,3.34177366580445e-06,49.8258805785795,3.34177366580442e-06,0.450000000000058,0.449999999999936,49.8790355557953,6.68354733160777e-06
335,49.9395177778976,6.68354733160866e-06,49.8273926341321,3.34177366579806e-06,49.8273926341321,3.34177366579873e-06,49.8258805785795,3.34177366580439e-06,49.8258805785795,3.34177366580451e-06,0.450000000000012,0.449999999999975,49.8790355557953,6.68354733160868e-06
336,49.9395177778976,6.68354733160866e-06,49.8273926341321,3.34177366579831e-06,49.8273926341321,3.34177366579837e-06,49.8258805785795,3.34177366580408e-06,49.8258805785795,3.34177366580424e-06,0.450000000000006,0.450000000000002,49.8790355557953,6.68354733160868e-06
337,49.9395177778976,6.68354733160866e-06,49.8273926341321,3.34177366579834e-06,49.8273926341321,3.34177366579829e-06,49.8258805785795,3.34177366580409e-06,49.8258805785795,3.34177366580424e-06,0.450000000000002,0.449999999999999,49.8790355557953,6.68354733160868e-06
338,49.9395177778976,6.68354733160866e-06,49.8273926341321,3.34177366579832e-06,49.8273926341321,3.34177366579829e-06,49.8258805785795,3.3417736658041e-06,49.8258805785795,3.34177366580424e-06,0.45,0.449999999999998,49.8790355557953,6.68354733160868e-06
339,49.9395177778976,6.68354733160866e-06,49.8273926341321,3.34177366579981e-06,49.8273926341321,3.34177366579682e-06,49.8258805785795,3.34177366580455e-06,49.8258805785795,3.3417736658041e-06,0.450000000000078,0.449999999999912,49.8790355557953,6.68354733160868e-06
340,49.9395177778976,6.68354733160866e-06,49.827392634132,3.34177366581301e-06,49.8273926341321,3.34177366579843e-06,49.8258805785795,3.34177366580426e-06,49.8258805785795,3.34177366580406e-06,0.450000000000431,0.449999999999617,49.8790355557953,6.68354733160868e-06
341,49.9395177778976,6.68354733160866e-06,49.8273926341321,3.34177366579575e-06,49.8273926341321,3.34177366580068e-06,49.8258805785795,3.34177366580403e-06,49.8258805785795,3.34177366580458e-06,0.450000000000146,0.449999999999871,49.8790355557953,6.68354733160868e-06
342,49.9395177778977,6.6835473316079e-06,49.8273926341321,3.34177366579837e-06,49.8273926341321,3.34177366579828e-06,49.8258805785795,3.34177366580426e-06,49.8258805785795,3.34177366580435e-06,0.449999999999989,0.449999999999984,49.8790355557953,6.68354733160868e-06
343,49.9395177778977,6.6835473316079e-06,49.8273926341321,3.34177366580078e-06,49.827392634132,3.34177366581086e-06,49.8258805785795,3.34177366580448e-06,49.8258805785795,3.34177366580413e-06,0.450000000000281,0.449999999999719,49.8790355557953,6.68354733160868e-06
344,49.9395177778976,6.68354733160866e-06,49.8273926341321,3.34177366579973e-06,49.8273926341321,3.34177366579678e-06,49.8258805785795,3.3417736658047e-06,49.8258805785795,3.34177366580391e-06,0.450000000000089,0.449999999999924,49.8790355557953,6.68354733160868e-06
345,49.9395177778976,6.68354733160866e-06,49.8273926341321,3.341773665797e-06,49.8273926341321,3.34177366579957e-06,49.8258805785795,3.34177366580433e-06,49.8258805785795,3.34177366580427e-06,0.450000000000069,0.449999999999926,49.8790355557953,6.68354733160868e-06
346,49.9395177778976,6.68354733160866e-06,49.8273926341321,3.34177366579561e-06,49.8273926341321,3.34177366580113e-06,49.8258805785795,3.34177366580405e-06,49.8258805785795,3.34177366580457e-06,0.450000000000142,0.449999999999834,49.8790355557953,6.68354733160868e-06
347,49.9395177778976,6.68354733160866e-06,49.8273926341321,3.34177366579841e-06,49.8273926341321,3.34177366579836e-06,49.8258805785795,3.34177366580426e-06,49.8258805785795,3.34177366580439e-06,0.449999999999994,0.449999999999991,49.8790355557953,6.68354733160868e-06
348,49.9395177778976,6.68354733160866e-06,49.8273926341321,3.34177366579929e-06,49.8273926341321,3.3417736657973e-06,49.8258805785795,3.34177366580405e-06,49.8258805785795,3.34177366580431e-06,0.450000000000064,0.449999999999953,49.8790355557953,6.68354733160868e-06
349,49.9395177778976,6.68354733160866e-06,49.8273926341321,3.34177366579853e-06,49.8273926341321,3.34177366579803e-06,49.8258805785795,3.34177366580411e-06,49.8258805785795,3.34177366580424e-06,0.450000000000014,0.449999999999987,49.8790355557953,6.68354733160868e-06
350,49.9395177778976,6.68354733160866e-06,49.8273926341321,3.34177366579831e-06,49.8273926341321,3.34177366579829e-06,49.8258805785795,3.34177366580414e-06,49.8258805785795,3.34177366580421e-06,0.449999999999997,0.449999999999996,49.8790355557953,6.68354733160868e-06
351,49.9395177778976,6.68354733160866e-06,49.8273926341321,3.34177366579827e-06,49.8273926341321,3.34177366579832e-06,49.8258805785795,3.34177366580415e-06,49.8258805785795,3.3417736658042e-06,0.450000000000002,0.449999999999999,49.8790355557953,6.68354733160868e-06
352,49.9395177778976,6.68354733160866e-06,49.8273926341321,3.34177366579981e-06,49.8273926341321,3.34177366579687e-06,49.8258805785795,3.34177366580459e-06,49.8258805785795,3.34177366580407e-06,0.450000000000077,0.449999999999912,49.8790355557953,6.68354733160868e-06
353,49.9395177778976,6.68354733160866e-06,49.8273926341321,3.34177366579954e-06,49.8273926341321,3.34177366579715e-06,49.8258805785795,3.34177366580475e-06,49.8258805785795,3.34177366580393e-06,0.450000000000069,0.449999999999936,49.8790355557953,6.68354733160868e-06
354,49.9395177778976,6.68354733160866e-06,49.8273926341321,3.34177366579553e-06,49.8273926341321,3.34177366580109e-06,49.8258805785795,3.34177366580423e-06,49.8258805785795,3.34177366580444e-06,0.450000000000158,0.449999999999848,49.8790355557953,6.68354733160868e-06
355,49.9395177778976,6.68354733160866e-06,49.8273926341321,3.34177366579735e-06,49.8273926341321,3.34177366579941e-06,49.8258805785795,3.34177366580435e-06,49.8258805785795,3.34177366580464e-06,0.450000000000044,0.449999999999929,49.8790355557953,6.68354733160868e-06
356,49.9395177778976,6.68354733160866e-06,49.8273926341321,3.34177366580029e-06,49.827392634132,3.34177366581107e-06,49.8258805785795,3.34177366580417e-06,49.8258805785795,3.34177366580419e-06,0.450000000000333,0.449999999999732,49.8790355557953,6.68354733160868e-06
357,49.9395177778976,6.68354733160866e-06,49.8273926341321,3.34177366579798e-06,49.8273926341321,3.34177366579813e-06,49.8258805785795,3.34177366580421e-06,49.8258805785795,3.3417736658044e-06,0.450000000000032,0.450000000000024,49.8790355557953,6.68354733160868e-06
358,49.9395177778976,6.68354733160866e-06,49.8273926341321,3.34177366579724e-06,49.8273926341321,3.34177366579912e-06,49.8258805785795,3.34177366580441e-06,49.8258805785795,3.34177366580446e-06,0.450000000000053,0.449999999999948,49.8790355557953,6.68354733160868e-06
359,49.9395177778976,6.68354733160866e-06,49.8273926341321,3.34177366579808e-06,49.8273926341321,3.34177366579848e-06,49.8258805785795,3.34177366580407e-06,49.8258805785795,3.3417736658042e-06,0.450000000000012,0.449999999999989,49.8790355557953,6.68354733160868e-06
360,49.9395177778977,6.6835473316079e-06,49.8273926341321,3.34177366579831e-06,49.8273926341321,3.34177366579829e-06,49.8258805785795,3.34177366580436e-06,49.8258805785795,3.34177366580451e-06,0.450000000000005,0.450000000000004,49.8790355557953,6.68354733160868e-06
361,49.9395177778976,6.68354733160866e-06,49.8273926341321,3.34177366579678e-06,49.8273926341321,3.34177366579971e-06,49.8258805785795,3.34177366580394e-06,49.8258805785795,3.34177366580463e-06,0.450000000000088,0.449999999999925,49.8790355557953,6.68354733160868e-06
362,49.9395177778977,6.6835473316079e-06,49.8273926341321,3.34177366581374e-06,49.8273926341321,3.34177366581309e-06,49.8258805785795,3.34177366580424e-06,49.8258805785795,3.34177366580464e-06,0.450000000000009,0.449999999999973,49.8790355557953,6.68354733160777e-06
363,49.9395177778977,6.6835473316079e-06,49.8273926341321,3.34177366579944e-06,49.8273926341321,3.34177366579731e-06,49.8258805785795,3.34177366580438e-06,49.8258805785795,3.34177366580454e-06,0.450000000000051,0.449999999999932,49.8790355557953,6.68354733160868e-06
364,49.9395177778976,6.68354733160866e-06,49.8273926341321,3.3417736658001e-06,49.8273926341321,3.34177366579662e-06,49.8258805785795,3.34177366580459e-06,49.8258805785795,3.34177366580404e-06,0.450000000000092,0.449999999999899,49.8790355557953,6.68354733160868e-06
365,49.9395177778976,6.68354733160866e-06,49.8273926341321,3.34177366579794e-06,49.8273926341321,3.34177366579856e-06,49.8258805785795,3.34177366580433e-06,49.8258805785795,3.34177366580431e-06,0.450000000000023,0.449999999999989,49.8790355557953,6.68354733160868e-06
366,49.9395177778977,6.6835473316079e-06,49.8273926341321,3.34177366579736e-06,49.8273926341321,3.34177366579943e-06,49.8258805785795,3.34177366580454e-06,49.8258805785795,3.34177366580441e-06,0.45000000000005,0.449999999999935,49.8790355557953,6.68354733160868e-06
367,49.9395177778976,6.68354733161544e-06,49.8273926341319,3.34177366574141e-06,49.8273926341319,3.34177366572223e-06,49.8258805785793,3.34177366579722e-06,49.8258805785793,3.34177366579703e-06,0.449999999999046,0.449999999997977,49.8790355557951,6.68354733161595e-06
368,49.939517777894,6.68354733201422e-06,49.8273926341209,3.34177366745374e-06,49.8273926341205,3.34177366876977e-06,49.8258805785686,3.34177366532917e-06,49.8258805785683,3.34177366535413e-06,0.450000000061844,0.449999999988442,49.879035555788,6.6835473320134e-06
369,49.9395177779436,6.68354732653533e-06,49.8273926342375,3.34177371979808e-06,49.8273926342531,3.34177367349149e-06,49.8258805786829,3.34177367032305e-06,49.8258805786934,3.34177366953676e-06,0.450000000722834,0.449999998140071,49.8790355558871,6.68354732653461e-06
370,49.9395177724921,6.68354792894785e-06,49.8273926203387,3.3417702279881e-06,49.8273926196552,3.34177259212449e-06,49.8258805650043,3.34177305726882e-06,49.825880564672,3.34177313426266e-06,0.450000100488791,0.449999968628308,49.8790355449841,6.68354792894934e-06
371,49.9395177754987,6.68354764051239e-06,49.8273926274864,3.34177262735285e-06,49.8273926272139,3.34177385180755e-06,49.8258805722823,3.34177336621551e-06,49.8258805722246,3.34177354505007e-06,0.450000064962047,0.449999996667722,49.8790355510184,6.68354763762272e-06
372,49.9395177742257,6.68354706677452e-06,49.8273926352224,3.34175906547948e-06,49.827392635813,3.34175899823135e-06,49.8258805734613,3.34177349230942e-06,49.8258805740046,3.34177381895361e-06,0.449999746592319,0.449999742841519,49.8790355480922,6.68354709217419e-06
373,49.9395177701159,6.68354695395645e-06,49.8273926249084,3.34176589566085e-06,49.8273926253575,3.34176612497949e-06,49.8258805663812,3.34177327572079e-06,49.8258805669536,3.34177372952935e-06,0.449999883730291,0.449999870939949,49.8790355400136,6.68354697362793e-06
374,49.9395177700565,6.68354696152844e-06,49.82739261793,3.34178100875045e-06,49.8273926175818,3.34178165808288e-06,49.825880565855,3.3417732779467e-06,49.8258805653291,3.34177367909217e-06,0.450000082036251,0.450000045819629,49.8790355401273,6.68354696337246e-06
375,49.9395177710995,6.68354694114449e-06,49.8273926220644,3.34177667965836e-06,49.8273926211849,3.34177741340009e-06,49.8258805680361,3.34177336849421e-06,49.8258805665874,3.34177357753198e-06,0.45000005635326,0.450000015428643,49.8790355421702,6.68354694503341e-06
376,49.9395177722676,6.68354695409788e-06,49.8273926275357,3.34176959557291e-06,49.8273926268618,3.34176993672128e-06,49.8258805704367,3.34177346118809e-06,49.825880569253,3.34177349866272e-06,0.450000048437271,0.4500000294096,49.8790355445172,6.68354695567086e-06
377,49.9395177734968,6.68354698260687e-06,49.8273926288488,3.34177132335472e-06,49.8273926288334,3.34177117457152e-06,49.8258805722851,3.34177349434778e-06,49.8258805721553,3.34177349064136e-06,0.450000045692995,0.450000037394562,49.8790355469924,6.68354698299117e-06
378,49.9395177745643,6.68354700933261e-06,49.8273926290814,3.34177471369821e-06,49.8273926295361,3.34177439629687e-06,49.8258805738086,3.34177347160206e-06,49.8258805744944,3.34177353867819e-06,0.450000041071911,0.450000023368764,49.8790355491245,6.68354700984946e-06
379,49.9395177754624,6.68354703961809e-06,49.8273926307757,3.34177447659341e-06,49.8273926311498,3.34177437989519e-06,49.8258805754326,3.34177344844464e-06,49.8258805760546,3.34177359082854e-06,0.450000031610048,0.450000026216678,49.8790355509247,6.68354703946989e-06
380,49.9395177761867,6.68354706777887e-06,49.8273926328316,3.34177303712279e-06,49.8273926327626,3.34177326497223e-06,49.8258805770384,3.34177346570243e-06,49.8258805769658,3.34177360208077e-06,0.450000029583624,0.450000016875253,49.8790355523732,6.68354706779792e-06
381,49.9395177767468,6.68354709499497e-06,49.8273926339445,3.34177296760622e-06,49.8273926335403,3.34177330353859e-06,49.8258805782767,3.34177351977364e-06,49.8258805776324,3.3417735752592e-06,0.450000028284285,0.450000009547557,49.8790355534938,6.68354709506639e-06
382,49.9395177771745,6.68354712076938e-06,49.8273926343418,3.34177362112407e-06,49.8273926339956,3.34177378227e-06,49.8258805789427,3.34177357306152e-06,49.8258805783497,3.34177354764548e-06,0.450000019943986,0.450000010956025,49.8790355543496,6.68354712077325e-06
383,49.9395177774918,6.68354714447544e-06,49.8273926346147,3.34177382575971e-06,49.8273926346017,3.34177372824614e-06,49.825880579158,3.34177359355316e-06,49.825880579091,3.34177355074935e-06,0.450000015010882,0.450000009572034,49.879035554984,6.6835471444183e-06
384,49.939517777723,6.68354716623049e-06,49.8273926348895,3.34177366691694e-06,49.8273926351439,3.34177346514541e-06,49.8258805792458,3.34177358261435e-06,49.8258805796356,3.34177358337839e-06,0.450000015517756,0.45000000426389,49.8790355554464,6.68354716607791e-06
385,49.9395177778872,6.68354718587074e-06,49.8273926351081,3.3417735745048e-06,49.8273926353431,3.34177348174992e-06,49.8258805794374,3.34177356748791e-06,49.8258805798305,3.34177361818878e-06,0.450000010450406,0.450000005276975,49.8790355557747,6.68354718570117e-06
386,49.9395177780001,6.6835472035157e-06,49.8273926352838,3.34177357617028e-06,49.8273926352859,3.34177366605069e-06,49.8258805797211,3.34177357269018e-06,49.8258805797508,3.34177363071541e-06,0.450000008763427,0.450000003750321,49.8790355560006,6.68354720346178e-06
387,49.9395177780741,6.68354721930204e-06,49.8273926354046,3.34177356894421e-06,49.8273926352082,3.34177373688712e-06,49.8258805799249,3.34177359892972e-06,49.8258805796186,3.34177362034726e-06,0.450000009648272,0.450000000281208,49.8790355561485,6.68354721931337e-06
388,49.939517778119,6.68354723339954e-06,49.8273926354039,3.34177357921372e-06,49.8273926352145,3.34177366886454e-06,49.8258805799204,3.34177362701647e-06,49.825880579601,3.3417736063669e-06,0.450000006449093,0.450000001448792,49.8790355562382,6.68354723338234e-06
389,49.939517778143,6.68354724591048e-06,49.8273926352819,3.34177363897666e-06,49.8273926352618,3.34177359067882e-06,49.8258805797456,3.34177363868852e-06,49.8258805796904,3.3417736071772e-06,0.450000004490427,0.4500000017966,49.8790355562861,6.68354724588244e-06
390,49.9395177781519,6.6835472569505e-06,49.8273926351364,3.34177368868536e-06,49.827392635269,3.34177357472488e-06,49.8258805795536,3.34177363271747e-06,49.8258805797563,3.34177362416321e-06,0.450000005666702,0.449999999310523,49.8790355563039,6.68354725692643e-06
391,49.9395177781503,6.68354726667381e-06,49.8273926350562,3.34177367405386e-06,49.8273926351934,3.3417736105313e-06,49.8258805794659,3.34177362295183e-06,49.8258805796946,3.34177364364936e-06,0.450000003750003,0.450000000207014,49.8790355563007,6.68354726661983e-06
392,49.9395177781419,6.68354727518969e-06,49.8273926350379,3.34177362288267e-06,49.8273926350556,3.3417736589832e-06,49.825880579478,3.34177362334276e-06,49.8258805795218,3.34177365181463e-06,0.450000002580107,0.45000000056659,49.8790355562839,6.68354727515725e-06
393,49.9395177781289,6.6835472826319e-06,49.8273926350149,3.34177359705795e-06,49.8273926349182,3.34177368407916e-06,49.8258805794921,3.34177363566094e-06,49.8258805793438,3.34177364699048e-06,0.45000000366605,0.449999998812417,49.8790355562578,6.68354728263785e-06
394,49.939517778113,6.68354728915985e-06,49.8273926349378,3.34177361857989e-06,49.8273926348325,3.34177367138906e-06,49.8258805794247,3.34177365026225e-06,49.8258805792493,3.3417736389203e-06,0.450000002458724,0.449999999513278,49.879035556226,6.68354728916438e-06
395,49.9395177780957,6.68354729486856e-06,49.827392634817,3.34177365961361e-06,49.8273926347971,3.3417736387925e-06,49.8258805792813,3.34177365681347e-06,49.8258805792374,3.34177363805385e-06,0.450000001369641,0.450000000208337,49.8790355561914,6.68354729486327e-06
396,49.939517778078,6.68354729984121e-06,49.8273926347013,3.34177368161846e-06,49.8273926347679,3.34177362004874e-06,49.8258805791358,3.34177365361708e-06,49.8258805792367,3.34177364619314e-06,0.450000002341557,0.449999998907488,49.879035556156,6.68354729981183e-06
397,49.9395177780607,6.68354730415782e-06,49.827392634629,3.34177367191158e-06,49.8273926347066,3.34177363224311e-06,49.8258805790544,3.34177364758083e-06,49.8258805791831,3.34177365654729e-06,0.450000001607573,0.449999999395053,49.8790355561214,6.68354730412375e-06
398,49.9395177780442,6.68354730788755e-06,49.8273926345976,3.34177364694853e-06,49.8273926346151,3.34177366069457e-06,49.8258805790386,3.34177364652969e-06,49.8258805790752,3.34177366135398e-06,0.45000000077684,0.450000000010151,49.8790355560883,6.68354730787996e-06
399,49.9395177780286,6.68354731112224e-06,49.8273926345739,3.34177363292581e-06,49.8273926345267,3.34177367834338e-06,49.8258805790364,3.34177365216606e-06,49.825880578965,3.34177365897666e-06,0.450000001578719,0.449999999045541,49.8790355560571,6.68354731114232e-06
400,49.939517778014,6.68354731393785e-06,49.8273926345289,3.34177364137267e-06,49.8273926344706,3.34177367263969e-06,49.8258805789981,3.3417736597226e-06,49.8258805789016,3.34177365423449e-06,0.450000001120104,0.449999999376178,49.8790355560279,6.68354731395448e-06
401,49.9395177780006,6.68354731638387e-06,49.8273926344624,3.34177366197753e-06,49.8273926344465,3.34177365425869e-06,49.8258805789202,3.34177366341841e-06,49.8258805788883,3.34177365296814e-06,0.450000000416788,0.449999999986267,49.8790355560011,6.68354731638556e-06
402,49.9395177779884,6.68354731849911e-06,49.8273926343978,3.34177367537378e-06,49.8273926344305,3.34177364285958e-06,49.8258805788393,3.34177366178929e-06,49.825880578888,3.3417736566987e-06,0.450000001067093,0.449999999253604,49.8790355559767,6.68354731847648e-06
403,49.9395177779775,6.68354732031697e-06,49.8273926343568,3.34177367192163e-06,49.8273926344001,3.3417736481121e-06,49.8258805787921,3.34177365820574e-06,49.8258805788632,3.34177366210207e-06,0.450000000793087,0.449999999465103,49.879035555955,6.68354732031094e-06
404,49.9395177779677,6.68354732188164e-06,49.8273926343401,3.34177365852981e-06,49.8273926343536,3.34177366298646e-06,49.8258805787828,3.34177365701376e-06,49.8258805788089,3.3417736648673e-06,0.45000000022271,0.44999999997414,49.8790355559354,6.68354732188527e-06
405,49.939517777959,6.68354732323651e-06,49.8273926343304,3.34177364968738e-06,49.8273926343077,3.34177367327511e-06,49.8258805787847,3.3417736595273e-06,49.825880578751,3.34177366371809e-06,0.4500000007399,0.449999999424288,49.879035555918,6.68354732324315e-06
406,49.9395177779512,6.6835473244032e-06,49.8273926343106,3.34177365288589e-06,49.8273926342785,3.34177367120532e-06,49.8258805787695,3.34177366343419e-06,49.8258805787169,3.34177366098195e-06,0.450000000574347,0.449999999552576,49.8790355559025,6.68354732441094e-06
407,49.9395177779443,6.68354732541556e-06,49.8273926342787,3.34177366362709e-06,49.8273926342673,3.34177366150335e-06,49.8258805787323,3.34177366553617e-06,49.8258805787107,3.34177365988332e-06,0.450000000111233,0.449999999992781,49.8790355558887,6.68354732541866e-06
408,49.9395177779383,6.68354732628914e-06,49.8273926342464,3.34177367151214e-06,49.827392634262,3.34177365460366e-06,49.8258805786912,3.34177366475461e-06,49.825880578714,3.34177366152933e-06,0.450000000514061,0.449999999570985,49.8790355558765,6.68354732628541e-06
409,49.9395177779329,6.68354732703713e-06,49.827392634226,3.34177367041452e-06,49.8273926342497,3.3417736564725e-06,49.8258805786667,3.34177366270075e-06,49.8258805787055,3.34177366433088e-06,0.450000000422345,0.449999999644725,49.8790355558659,6.68354732703301e-06
410,49.9395177779283,6.68354732767854e-06,49.8273926342189,3.34177366330444e-06,49.8273926342283,3.34177366412233e-06,49.8258805786631,3.34177366175909e-06,49.8258805786805,3.34177366591859e-06,0.450000000049689,0.450000000004071,49.8790355558566,6.68354732767875e-06
411,49.9395177779242,6.68354732823063e-06,49.8273926342166,3.34177365791435e-06,49.8273926342059,3.3417736700667e-06,49.825880578667,3.34177366284247e-06,49.8258805786516,3.34177366539223e-06,0.450000000360113,0.449999999682313,49.8790355558485,6.68354732823263e-06
412,49.9395177779207,6.68354732870688e-06,49.8273926342092,3.34177365895309e-06,49.8273926341917,3.34177366955437e-06,49.8258805786627,3.34177366485962e-06,49.8258805786342,3.34177366385068e-06,0.45000000031254,0.44999999972125,49.8790355558413,6.68354732870921e-06
413,49.9395177779176,6.68354732911754e-06,49.8273926341949,3.34177366452505e-06,49.8273926341873,3.34177366449157e-06,49.825880578646,3.34177366606334e-06,49.825880578632,3.34177366305654e-06,0.450000000015289,0.450000000013422,49.8790355558351,6.68354732911848e-06
414,49.9395177779149,6.68354732947156e-06,49.8273926341794,3.34177366900566e-06,49.8273926341866,3.34177366034388e-06,49.8258805786257,3.34177366571782e-06,49.8258805786359,3.3417736637514e-06,0.450000000252932,0.449999999769819,49.8790355558297,6.68354732946955e-06
415,49.9395177779125,6.68354732977468e-06,49.8273926341695,3.34177366883114e-06,49.8273926341824,3.34177366080732e-06,49.8258805786133,3.34177366457225e-06,49.8258805786342,3.34177366519952e-06,0.450000000233468,0.449999999785938,49.879035555825,6.68354732977605e-06
416,49.9395177779105,6.68354733003286e-06,49.8273926341668,3.34177366516545e-06,49.8273926341729,3.34177366476842e-06,49.8258805786121,3.34177366392229e-06,49.8258805786231,3.34177366611045e-06,0.450000000017689,0.449999999995545,49.879035555821,6.68354733003252e-06
417,49.9395177779087,6.68354733025656e-06,49.8273926341671,3.34177366200266e-06,49.8273926341622,3.34177366816907e-06,49.8258805786157,3.34177366436696e-06,49.825880578609,3.34177366589129e-06,0.450000000178539,0.449999999834605,49.8790355558175,6.68354733025626e-06
418,49.9395177779072,6.6835473304461e-06,49.8273926341649,3.34177366215966e-06,49.8273926341554,3.34177366822447e-06,49.8258805786154,3.34177366540732e-06,49.8258805786001,3.34177366504356e-06,0.450000000173361,0.449999999835093,49.8790355558144,6.68354733044998e-06
419,49.9395177779059,6.68354733061282e-06,49.8273926341586,3.34177366495648e-06,49.8273926341538,3.34177366557141e-06,49.8258805786082,3.34177366609602e-06,49.8258805785995,3.34177366451754e-06,0.45000000002094,0.449999999986641,49.8790355558118,6.6835473306146e-06
420,49.9395177779047,6.68354733075541e-06,49.8273926341512,3.34177366754038e-06,49.8273926341544,3.34177366317679e-06,49.8258805785982,3.34177366596172e-06,49.8258805786026,3.3417736647929e-06,0.45000000012551,0.449999999882129,49.8790355558095,6.68354733075466e-06
421,49.9395177779037,6.68354733087664e-06,49.8273926341464,3.3417736676768e-06,49.8273926341534,3.34177366314832e-06,49.8258805785919,3.34177366533747e-06,49.8258805786031,3.34177366553836e-06,0.450000000128662,0.449999999876084,49.8790355558075,6.68354733087472e-06
422,49.9395177779029,6.68354733098091e-06,49.8273926341455,3.34177366579326e-06,49.8273926341493,3.34177366511728e-06,49.8258805785916,3.34177366492037e-06,49.8258805785984,3.34177366605975e-06,0.45000000002131,0.449999999983607,49.8790355558058,6.68354733098022e-06
423,49.9395177779022,6.68354733106964e-06,49.8273926341463,3.34177366398265e-06,49.8273926341442,3.3417736670446e-06,49.8258805785942,3.3417736650874e-06,49.8258805785914,3.34177366598306e-06,0.450000000087003,0.449999999916222,49.8790355558043,6.68354733106935e-06
424,49.9395177779015,6.68354733114556e-06,49.8273926341459,3.34177366385023e-06,49.8273926341409,3.34177366726204e-06,49.825880578595,3.34177366562119e-06,49.8258805785869,3.34177366552636e-06,0.450000000096435,0.44999999990614,49.8790355558031,6.68354733114757e-06
425,49.939517777901,6.68354733121186e-06,49.8273926341433,3.34177366526045e-06,49.8273926341403,3.34177366593413e-06,49.8258805785919,3.34177366601506e-06,49.8258805785867,3.34177366519779e-06,0.450000000019831,0.449999999982256,49.879035555802,6.68354733121214e-06
426,49.9395177779005,6.68354733126893e-06,49.8273926341398,3.34177366670399e-06,49.8273926341411,3.34177366455199e-06,49.8258805785871,3.34177366597542e-06,49.8258805785888,3.34177366529364e-06,0.450000000061196,0.449999999941167,49.879035555801,6.68354733126944e-06
427,49.9395177779001,6.68354733131783e-06,49.8273926341374,3.34177366692435e-06,49.8273926341411,3.34177366438119e-06,49.8258805785838,3.34177366564251e-06,49.8258805785897,3.34177366567467e-06,0.450000000071669,0.449999999929824,49.8790355558002,6.68354733131764e-06
428,49.9395177778998,6.68354733135903e-06,49.827392634137,3.34177366598158e-06,49.8273926341394,3.34177366537151e-06,49.8258805785837,3.3417736653867e-06,49.8258805785877,3.3417736659722e-06,0.45000000001784,0.449999999983814,49.8790355557995,6.68354733135766e-06
429,49.9395177778995,6.68354733139397e-06,49.8273926341378,3.34177366493185e-06,49.8273926341369,3.34177366644034e-06,49.8258805785853,3.34177366543844e-06,49.8258805785843,3.3417736659563e-06,0.450000000042542,0.449999999958405,49.8790355557989,6.68354733139586e-06
430,49.9395177778992,6.68354733142484e-06,49.8273926341379,3.34177366475917e-06,49.8273926341353,3.34177366666374e-06,49.8258805785862,3.34177366571011e-06,49.825880578582,3.34177366571504e-06,0.450000000053322,0.449999999947094,49.8790355557984,6.68354733142496e-06
431,49.939517777899,6.68354733145057e-06,49.8273926341367,3.34177366568991e-06,49.8273926341352,3.34177366577579e-06,49.8258805785849,3.34177366592854e-06,49.825880578582,3.34177366552263e-06,0.450000000003042,0.449999999998251,49.879035555798,6.68354733145043e-06
432,49.9395177778988,6.68354733147365e-06,49.8273926341352,3.34177366597579e-06,49.8273926341356,3.34177366549337e-06,49.8258805785825,3.34177366591157e-06,49.8258805785832,3.34177366556227e-06,0.450000000013632,0.449999999986725,49.8790355557976,6.68354733147407e-06
433,49.9395177778986,6.68354733149244e-06,49.8273926341344,3.34177366576237e-06,49.8273926341355,3.34177366570707e-06,49.8258805785813,3.34177366577357e-06,49.8258805785835,3.34177366571966e-06,0.450000000001852,0.449999999998768,49.8790355557973,6.68354733149499e-06
434,49.9395177778985,6.68354733150875e-06,49.8273926341342,3.34177366570719e-06,49.8273926341348,3.34177366579642e-06,49.8258805785815,3.34177366569987e-06,49.8258805785825,3.34177366580967e-06,0.450000000002478,0.449999999997501,49.879035555797,6.68354733150954e-06
435,49.9395177778984,6.68354733152381e-06,49.8273926341343,3.34177366573065e-06,49.827392634134,3.3417736657841e-06,49.8258805785819,3.34177366573284e-06,49.8258805785813,3.34177366579091e-06,0.450000000001984,0.449999999999002,49.8790355557967,6.6835473315241e-06
436,49.9395177778983,6.68354733153559e-06,49.8273926341341,3.34177366580163e-06,49.8273926341336,3.34177366573144e-06,49.8258805785818,3.34177366579872e-06,49.8258805785809,3.3417736657371e-06,0.450000000001973,0.449999999998058,49.8790355557965,6.68354733153592e-06
437,49.9395177778982,6.68354733154682e-06,49.8273926341337,3.34177366583196e-06,49.8273926341335,3.34177366571634e-06,49.8258805785812,3.34177366582647e-06,49.8258805785809,3.34177366571952e-06,0.4500000000034,0.449999999996951,49.8790355557964,6.68354733154683e-06
438,49.9395177778981,6.68354733155544e-06,49.8273926341333,3.34177366581854e-06,49.8273926341335,3.34177366574607e-06,49.8258805785807,3.34177366580891e-06,49.825880578581,3.34177366574649e-06,0.45000000000206,0.449999999998018,49.8790355557962,6.68354733155502e-06
439,49.939517777898,6.68354733156283e-06,49.8273926341331,3.34177366578732e-06,49.8273926341333,3.34177366579133e-06,49.8258805785804,3.34177366578227e-06,49.8258805785809,3.34177366578047e-06,0.450000000000286,0.450000000000062,49.8790355557961,6.68354733156229e-06
440,49.939517777898,6.68354733156908e-06,49.827392634133,3.34177366576585e-06,49.8273926341331,3.34177366578408e-06,49.8258805785804,3.34177366577586e-06,49.8258805785805,3.34177366579319e-06,0.450000000000517,0.4499999999995,49.879035555796,6.68354733156957e-06
441,49.9395177778979,6.68354733157448e-06,49.8273926341329,3.3417736657953e-06,49.8273926341328,3.34177366578566e-06,49.8258805785804,3.34177366578722e-06,49.8258805785803,3.34177366578704e-06,0.450000000000285,0.449999999999747,49.8790355557959,6.68354733157594e-06
442,49.9395177778979,6.68354733157957e-06,49.8273926341328,3.34177366581025e-06,49.8273926341327,3.341773665799e-06,49.8258805785803,3.34177366579983e-06,49.8258805785801,3.3417736657796e-06,0.450000000000499,0.449999999999871,49.8790355557958,6.68354733157957e-06
443,49.9395177778979,6.68354733158414e-06,49.8273926341327,3.34177366583409e-06,49.8273926341327,3.34177366579194e-06,49.8258805785801,3.34177366580189e-06,49.8258805785801,3.34177366578178e-06,0.450000000001132,0.449999999998781,49.8790355557957,6.68354733158321e-06
444,49.9395177778978,6.68354733158739e-06,49.8273926341326,3.34177366579328e-06,49.8273926341326,3.34177366577221e-06,49.82588057858,3.34177366579745e-06,49.8258805785801,3.34177366579037e-06,0.450000000000657,0.449999999999482,49.8790355557957,6.68354733158776e-06
445,49.9395177778978,6.68354733159054e-06,49.8273926341325,3.3417736657937e-06,49.8273926341325,3.34177366580217e-06,49.8258805785799,3.34177366579425e-06,49.82588057858,3.34177366579612e-06,0.450000000000258,0.449999999999786,49.8790355557956,6.68354733159049e-06
446,49.9395177778978,6.6835473315929e-06,49.8273926341324,3.34177366578775e-06,49.8273926341324,3.34177366577821e-06,49.8258805785799,3.34177366579579e-06,49.8258805785799,3.34177366579724e-06,0.450000000000283,0.449999999999751,49.8790355557956,6.68354733159413e-06
447,49.9395177778978,6.68354733159522e-06,49.8273926341324,3.3417736658041e-06,49.8273926341324,3.34177366580726e-06,49.8258805785798,3.34177366579892e-06,49.8258805785798,3.3417736657962e-06,0.450000000000099,0.449999999999923,49.8790355557955,6.68354733159504e-06
448,49.9395177778977,6.68354733159692e-06,49.8273926341323,3.34177366580757e-06,49.8273926341323,3.34177366578813e-06,49.8258805785798,3.34177366580104e-06,49.8258805785798,3.34177366579597e-06,0.450000000000604,0.44999999999952,49.8790355557955,6.68354733159777e-06
449,49.9395177778977,6.68354733159835e-06,49.8273926341323,3.3417736658077e-06,49.8273926341323,3.34177366580414e-06,49.8258805785797,3.34177366580078e-06,49.8258805785797,3.34177366579794e-06,0.45000000000005,0.449999999999851,49.8790355557955,6.68354733159867e-06
450,49.9395177778977,6.68354733160081e-06,49.8273926341323,3.34177366580438e-06,49.8273926341323,3.34177366580653e-06,49.8258805785797,3.34177366580074e-06,49.8258805785797,3.34177366579976e-06,0.450000000000137,0.450000000000017,49.8790355557954,6.68354733159958e-06
451,49.9395177778977,6.68354733160163e-06,49.8273926341322,3.34177366580958e-06,49.8273926341322,3.34177366580164e-06,49.8258805785797,3.34177366580068e-06,49.8258805785797,3.34177366580095e-06,0.45000000000022,0.449999999999778,49.8790355557954,6.6835473316014e-06
452,49.9395177778977,6.68354733160236e-06,49.8273926341322,3.34177366581307e-06,49.8273926341322,3.3417736657986e-06,49.8258805785796,3.34177366580118e-06,49.8258805785796,3.34177366580169e-06,0.45000000000039,0.449999999999583,49.8790355557954,6.6835473316014e-06
453,49.9395177778977,6.68354733160396e-06,49.8273926341322,3.34177366580274e-06,49.8273926341322,3.34177366580848e-06,49.8258805785796,3.34177366580176e-06,49.8258805785796,3.34177366580155e-06,0.450000000000193,0.449999999999873,49.8790355557954,6.68354733160322e-06
454,49.9395177778977,6.68354733160472e-06,49.8273926341322,3.34177366578672e-06,49.8273926341322,3.34177366579443e-06,49.8258805785796,3.34177366580286e-06,49.8258805785796,3.34177366580139e-06,0.450000000000206,0.449999999999775,49.8790355557954,6.68354733160413e-06
455,49.9395177778977,6.68354733160469e-06,49.8273926341321,3.34177366581043e-06,49.8273926341321,3.3417736658006e-06,49.8258805785796,3.34177366580293e-06,49.8258805785796,3.34177366580193e-06,0.450000000000262,0.449999999999714,49.8790355557954,6.68354733160504e-06
456,49.9395177778977,6.68354733160473e-06,49.8273926341321,3.34177366580741e-06,49.8273926341321,3.34177366580193e-06,49.8258805785796,3.3417736658025e-06,49.8258805785796,3.34177366580265e-06,0.450000000000173,0.449999999999868,49.8790355557953,6.68354733160504e-06
457,49.9395177778977,6.68354733160559e-06,49.8273926341321,3.34177366580494e-06,49.8273926341321,3.34177366580036e-06,49.8258805785796,3.34177366580228e-06,49.8258805785796,3.34177366580317e-06,0.450000000000159,0.449999999999903,49.8790355557953,6.68354733160595e-06
458,49.9395177778977,6.68354733160617e-06,49.8273926341321,3.34177366580035e-06,49.8273926341321,3.34177366579604e-06,49.8258805785795,3.34177366580249e-06,49.8258805785796,3.34177366580312e-06,0.450000000000048,0.449999999999808,49.8790355557953,6.68354733160595e-06
459,49.9395177778977,6.68354733160581e-06,49.8273926341321,3.34177366582089e-06,49.8273926341321,3.34177366580629e-06,49.8258805785795,3.34177366580304e-06,49.8258805785796,3.34177366580329e-06,0.45000000000056,0.449999999999745,49.8790355557953,6.68354733160504e-06
460,49.9395177778977,6.68354733160569e-06,49.8273926341321,3.34177366580961e-06,49.8273926341321,3.34177366582017e-06,49.8258805785795,3.34177366580204e-06,49.8258805785796,3.34177366580312e-06,0.450000000000214,0.449999999999626,49.8790355557954,6.68354733160504e-06
461,49.9395177778977,6.68354733160318e-06,49.8273926341321,3.34177366579402e-06,49.8273926341322,3.34177366578215e-06,49.8258805785794,3.34177366579881e-06,49.8258805785796,3.34177366580461e-06,0.450000000000516,0.449999999999854,49.8790355557954,6.68354733160413e-06
462,49.9395177778978,6.68354733159723e-06,49.827392634132,3.3417736658152e-06,49.8273926341324,3.34177366579728e-06,49.8258805785791,3.34177366578994e-06,49.8258805785798,3.34177366580717e-06,0.450000000000737,0.449999999999737,49.8790355557955,6.68354733159686e-06
463,49.9395177778979,6.68354733157964e-06,49.8273926341318,3.34177366581358e-06,49.8273926341328,3.34177366578869e-06,49.8258805785783,3.34177366576635e-06,49.8258805785802,3.34177366581301e-06,0.450000000001561,0.450000000000173,49.8790355557959,6.68354733157957e-06
464,49.9395177778985,6.68354733153113e-06,49.8273926341314,3.34177366586422e-06,49.8273926341341,3.34177366583139e-06,49.8258805785761,3.34177366570264e-06,49.8258805785813,3.34177366582883e-06,0.450000000003146,0.450000000001314,49.8790355557969,6.68354733153137e-06
465,49.9395177778998,6.68354733140112e-06,49.8273926341304,3.34177366595402e-06,49.8273926341375,3.34177366587732e-06,49.8258805785702,3.34177366552938e-06,49.8258805785844,3.34177366587108e-06,0.450000000008036,0.450000000003758,49.8790355557996,6.68354733140131e-06
466,49.9395177779035,6.68354733104466e-06,49.8273926341274,3.34177366623064e-06,49.8273926341467,3.34177366597854e-06,49.8258805785542,3.34177366505861e-06,49.8258805785929,3.34177366598632e-06,0.450000000023311,0.45000000000925,49.879035555807,6.6835473310457e-06
467,49.9395177779136,6.68354733007835e-06,49.8273926341194,3.34177366697897e-06,49.8273926341719,3.34177366631377e-06,49.8258805785109,3.34177366377806e-06,49.8258805786158,3.34177366630069e-06,0.450000000062854,0.450000000025751,49.8790355558271,6.68354733007891e-06
468,49.9395177779409,6.68354732745055e-06,49.8273926340975,3.3417736689779e-06,49.8273926342402,3.34177366716921e-06,49.8258805783929,3.34177366029592e-06,49.8258805786782,3.34177366715427e-06,0.450000000170485,0.450000000069605,49.8790355558817,6.68354732745138e-06
469,49.9395177780151,6.68354732030581e-06,49.8273926340383,3.34177367437794e-06,49.827392634426,3.3417736694662e-06,49.8258805780722,3.34177365083301e-06,49.8258805788477,3.3417736694749e-06,0.45000000046384,0.450000000189887,49.8790355560303,6.68354732031003e-06
470,49.9395177782171,6.68354730088336e-06,49.8273926338771,3.34177368913329e-06,49.8273926349312,3.3417736758052e-06,49.8258805772005,3.34177362510821e-06,49.8258805793086,3.34177367578189e-06,0.450000001259603,0.450000000516225,49.8790355564341,6.68354730090141e-06
471,49.9395177787656,6.68354724810448e-06,49.827392633439,3.34177372928213e-06,49.8273926363041,3.34177369298919e-06,49.8258805748309,3.34177355517672e-06,49.8258805805613,3.34177369292183e-06,0.450000003425472,0.450000001401223,49.8790355575313,6.68354724809615e-06
472,49.9395177802572,6.68354710462703e-06,49.8273926322485,3.34177383832752e-06,49.8273926400368,3.34177373969708e-06,49.8258805683902,3.34177336510018e-06,49.8258805839671,3.34177373953382e-06,0.450000009320441,0.4500000038193,49.8790355605145,6.68354710456879e-06
473,49.9395177843124,6.683546714547e-06,49.8273926290122,3.34177413463039e-06,49.827392650183,3.34177386669857e-06,49.8258805508825,3.341772848411e-06,49.8258805932246,3.34177386622623e-06,0.450000025318955,0.450000010374981,49.8790355686247,6.68354671461293e-06
474,49.939517794532,6.68354561563891e-06,49.8273926179769,3.34177353872123e-06,49.8273926776421,3.3417756188011e-06,49.8258804995266,3.34177097326177e-06,49.8258806201034,3.34177464115952e-06,0.450000062355865,0.44999994633884,49.8790355890701,6.68354561551223e-06
475,49.939517821826,6.68354260979448e-06,49.8273925867706,3.34177257702162e-06,49.8273927517448,3.34177984010324e-06,49.8258803590677,3.34176542158988e-06,49.8258806923054,3.34177718352007e-06,0.450000202525582,0.449999797425412,49.8790356436724,6.68354260802153e-06
476,49.9395178938359,6.68353463904297e-06,49.8273924995173,3.34175682060115e-06,49.8273929523276,3.34178496676129e-06,49.8258799822678,3.34174968093253e-06,49.8258808878974,3.34178495808195e-06,0.450000779710026,0.449999209848507,49.8790357876719,6.68353463901531e-06
477,49.9395180917831,6.68351274829657e-06,49.827392266585,3.341726301909e-06,49.8273934965726,3.34180645774878e-06,49.8258789563027,3.34170634041314e-06,49.8258814163265,3.34180640775857e-06,0.450002236385254,0.449997765660354,49.879036183567,6.68351274817542e-06
478,49.9395186270602,6.68345359075139e-06,49.8273916377309,3.3416160848863e-06,49.8273949678787,3.34186439750138e-06,49.8258761843199,3.34158926812928e-06,49.8258828446936,3.34186432236399e-06,0.450006936747166,0.449993086900586,49.8790372541226,6.68345359049908e-06
479,49.9395200771406,6.68329333994237e-06,49.8273899341737,3.34127105105896e-06,49.8273989531115,3.34202600681394e-06,49.8258686734518,3.34127148202308e-06,49.825886716725,3.342021858912e-06,0.450021082053132,0.449978972599765,49.8790401543443,6.68329333609381e-06
480,49.9395240259956,6.68285707241686e-06,49.8273852961429,3.34040587379201e-06,49.8274098101434,3.34245121518075e-06,49.8258482290132,3.34040584940379e-06,49.8258972570059,3.3424512217305e-06,0.450057019284066,0.449942927994111,49.8790480519953,6.68285707128143e-06
481,49.939534748755,6.68167214069297e-06,49.8273726991337,3.33805387768031e-06,49.8274392904359,3.34361871218193e-06,49.8257927016205,3.33805364159941e-06,49.8259258845008,3.3436184957045e-06,0.450155105661376,0.449844638314145,49.8790694975241,6.68167213741799e-06
482,49.9395638270714,6.67845886723149e-06,49.8273385571281,3.33169799232855e-06,49.8275192317537,3.34678278189293e-06,49.8256421593423,3.33167614418122e-06,49.8260035086826,3.34678271429386e-06,0.450420040666921,0.449578043751795,49.8791276541704,6.67845885894076e-06
483,49.9396423312267,6.66978379936118e-06,49.8272464912493,3.31446463382392e-06,49.8277350461439,3.35532468608086e-06,49.8252359490649,3.31446386133166e-06,49.8262130646951,3.35531991467851e-06,0.451134936568295,0.448851251651579,49.8792846626121,6.66978377235682e-06
484,49.9398519039518,6.64662508040289e-06,49.8270015094967,3.26855905133135e-06,49.8283111350285,3.37806588212232e-06,49.8241531360392,3.26855938162533e-06,49.8267723873699,3.37806563143601e-06,0.453020287007165,0.446878532121465,49.8797038081082,6.64662502083411e-06
485,49.9403947738991,6.58663571800787e-06,49.8263724037061,3.1499543489852e-06,49.829803084367,3.43667213897782e-06,49.8213592326287,3.14996605328519e-06,49.8282205887653,3.43666949049068e-06,0.457760845166176,0.441532820418636,49.8807895483469,6.58663556531792e-06
486,49.9416983132552,6.4425889183696e-06,49.8248954569981,2.8671355179861e-06,49.8333840099424,3.57545371962684e-06,49.8147178085806,2.86713615537348e-06,49.8316949151388,3.57545236432548e-06,0.468246215601803,0.42724611597104,49.8833966276803,6.44258857546083e-06
487,49.9443335634901,6.15138216912037e-06,49.8220669861919,2.30440571601015e-06,49.8406209650365,3.84697126996717e-06,49.8016061284113,2.30439838662763e-06,49.8387140722782,3.84698309283586e-06,0.485105397187759,0.39139355328301,49.8886671288662,6.15138156492958e-06
488,49.9482043510366,5.72364290984595e-06,49.8183377254688,1.50200408049748e-06,49.8512760504368,4.22163625468943e-06,49.7831977114501,1.50200433627868e-06,49.8490743595272,4.2216376241042e-06,0.497185726529422,0.317377226788628,49.8964087045542,5.7236421716143e-06
489,49.951858550464,5.31983820967446e-06,49.8153045752265,7.70806401006023e-07,49.8614385144597,4.54902815845611e-06,49.7667942213858,7.7080714206233e-07,49.8590620977789,4.54903029677491e-06,0.491057997539921,0.207689471123103,49.9037171027427,5.31983766555732e-06
490,49.9540680179507,5.07568258007718e-06,49.8136037993249,3.31121565600616e-07,49.867694075143,4.74456145931033e-06,49.7571424145114,3.31121939695479e-07,49.865322967824,4.74456025848556e-06,0.475625281583022,0.0828230635550545,49.9081360368234,5.07568231394453e-06
491,49.9549735869074,4.97561338373041e-06,49.8127022557993,1.29425381108737e-07,49.8703158667387,4.84619167053224e-06,49.7527776083978,1.29425524968437e-07,49.8680048352205,4.84618776508508e-06,0.462018208720333,4.77207144074833e-10,49.909947174168,4.97561331336328e-06
492,49.9551639956471,4.9545723480522e-06,49.8121025323972,4.85437028195487e-08,49.8708992975643,4.90602683842554e-06,49.7510395227086,4.85437534519426e-08,49.8686330536855,4.90602866483073e-06,0.454452493717181,1.26692883289704e-09,49.9103279912622,4.95457235944104e-06
493,49.9550754376445,4.96435792481299e-06,49.8116493255049,1.79299003641237e-08,49.8706597956525,4.94641795127759e-06,49.7503836244346,1.7929847596673e-08,49.8684045566118,4.94642818395305e-06,0.451630551733616,3.43684114539469e-09,49.9101508750536,4.96435793752607e-06
494,49.9549123391727,4.98238069982038e-06,49.8112975389122,6.59482454734625e-09,49.8701959808749,4.97578253357475e-06,49.7501410569816,6.59483450886608e-09,49.8679383125739,4.97578596591563e-06,0.450596247465292,9.37804732949578e-09,49.9098246781881,4.98238073448192e-06
495,49.9547484506299,5.00049112626323e-06,49.8110203126943,2.42901937742314e-09,49.869726253517,4.99806063269359e-06,49.7500519482904,2.42902515403802e-09,49.8674624763099,4.99806218418262e-06,0.45021868629177,2.55541094279421e-08,49.909496901142,5.00049115563979e-06
496,49.9546057683407,5.01625816350737e-06,49.8108028586129,9.01107771053942e-10,49.8693162849536,5.01535710086813e-06,49.7500192707119,9.01109450198047e-10,49.8670461678455,5.01535712317739e-06,0.450081715012388,0.623220526118695,49.9092115366012,5.01625818713637e-06
497,49.9544879877876,5.02927338148037e-06,49.8106302995696,3.40841744489589e-10,49.8689774514509,5.02893250185362e-06,49.7500072879494,3.40794267680161e-10,49.8667016842155,5.02893263903588e-06,0.450031055478361,0.624496075483172,49.9089759755079,5.0292734008035e-06
498,49.9543929486246,5.03977547907409e-06,49.8104937228669,1.35310940559849e-10,49.8687039519672,5.03964015736403e-06,49.7500028936479,1.35311704198756e-10,49.8664235360408,5.03964020856556e-06,0.45001234716121,0.625671936370268,49.908785897196,5.03977549553019e-06
499,49.9543170476731,5.04816306431976e-06,49.8103856354146,5.98681770354722e-11,49.8684854802322,5.0481032432811e-06,49.7500012802411,5.98663185273762e-11,49.8662013067355,5.04810323320008e-06,0.450005513180931,0.626669001232928,49.9086340953049,5.04816307655165e-06
500,49.9542567100511,5.05483079949077e-06,49.8103001030171,3.21566563776543e-11,49.8683117895564,5.0547999080455e-06,49.7500006877433,3.21601248965695e-11,49.8660246139474,5.05479866071029e-06,0.450002993932213,0.627480309876598,49.9085134200878,5.05483080825343e-06
501,49.954208867246,5.06011780054634e-06,49.8102322551416,2.19685979818405e-11,49.8681740617314,5.06009577115856e-06,49.7500004700011,2.19781216364534e-11,49.8658844984666,5.0600958520068e-06,0.450001951480739,0.628132990705195,49.9084177344439,5.06011781100369e-06
502,49.9541709795477,5.06430459552609e-06,49.8101787796379,1.8217604197707e-11,49.8680649898826,5.06428765979106e-06,49.750000389654,1.82209507391958e-11,49.8657735351731,5.06428638701306e-06,0.450001731930736,0.628646779847373,49.9083419591055,5.06430459893909e-06
503,49.9541409998198,5.0676184661147e-06,49.8101359592018,1.68331413114005e-11,49.8679786679004,5.06761356890097e-06,49.7500003599939,1.6833999117074e-11,49.8656857156322,5.06760162229829e-06,0.450001786002608,0.629060671532741,49.9082819997253,5.06761847114467e-06
504,49.9541172753355,5.07024065127281e-06,49.8101026881987,1.63193127400086e-11,49.8679103679052,5.07023287364345e-06,49.7500003489953,1.63196890838307e-11,49.8656162307963,5.07022429603325e-06,0.450001952563795,0.629388204530249,49.9082345508897,5.07024063531662e-06
505,49.9540985071738,5.07231495348877e-06,49.8100768179901,1.61264628532218e-11,49.8678563368242,5.07230324726525e-06,49.750000344872,1.61268840007116e-11,49.865561259671,5.07229879817995e-06,0.450001769285997,0.629641616010921,49.9081970145122,5.07231494069128e-06
506,49.9540836645327,5.07395551099761e-06,49.8100533156998,1.60532947767634e-11,49.867813604103,5.07394376117175e-06,49.7500003432915,1.60529857262985e-11,49.8655177843407,5.07393944774969e-06,0.4500015258029,0.629843448351849,49.9081673291339,5.07395550774345e-06
507,49.9540719259453,5.07525292834312e-06,49.8100367326847,1.60237663714208e-11,49.8677798082433,5.07524258757928e-06,49.7500003426587,1.602340003328e-11,49.8654834022576,5.07523689853249e-06,0.450001462600791,0.630006611735439,49.9081438519451,5.07525292780156e-06
508,49.9540626424086,5.07627890388781e-06,49.8100333868906,1.60084257161881e-11,49.8677530830235,5.07626600705223e-06,49.7500003423857,1.60106438184793e-11,49.8654562121283,5.07626288695071e-06,0.450001439902012,0.630134401306912,49.908125284871,5.07627890247659e-06
509,49.9540553039106,5.07708976363687e-06,49.8100160858921,1.60041100512002e-11,49.8677319587666,5.07707453181278e-06,49.7500003422557,1.60045677823809e-11,49.8654347205833,5.07707376018765e-06,0.450001332949558,0.630233703988301,49.9081106078331,5.07708976312279e-06
510,49.9540495118816,5.07773044815347e-06,49.8099700726097,1.60107611880196e-11,49.8677152702043,5.07773005199694e-06,49.7500003421827,1.60011643280922e-11,49.8654177464889,5.07771439252839e-06,0.450002051349793,0.630321500521797,49.9080990240709,5.07773042404551e-06
511,49.954044928628,5.07823683196691e-06,49.8099658412874,1.60079727820605e-11,49.867702087707,5.07821612181079e-06,49.7500003421309,1.59987488157297e-11,49.8654043275432,5.0782208623111e-06,0.450000927995386,0.630370191930222,49.9080898571127,5.07823684900359e-06
512,49.9540412993665,5.07863769132746e-06,49.8100623502995,1.59793330266252e-11,49.8676916354537,5.0786313319624e-06,49.7500003420947,1.59970612610599e-11,49.8653937013266,5.07862167130755e-06,0.450001564152249,0.630425917715354,49.9080825988721,5.07863768185507e-06
513,49.9540384339581,5.07895461391116e-06,49.810120650288,1.59615635897429e-11,49.867683386747,5.07893867247848e-06,49.7500003420776,1.59962697790772e-11,49.8653853033638,5.07893862073177e-06,0.450001280742937,0.630464623665843,49.9080768679055,5.0789546150836e-06
514,49.9540361690351,5.07920520573698e-06,49.8098868597799,1.60221707259124e-11,49.8676768639907,5.079189418999e-06,49.7500003420727,1.59960499468423e-11,49.8653786684959,5.0791891752006e-06,0.450001707332394,0.630497218324179,49.9080723382565,5.07920518374885e-06
515,49.9540343770939,5.07940329763534e-06,49.8094836786807,1.61283162515174e-11,49.8676717003023,5.07939814683469e-06,49.7500003420554,1.59952457033216e-11,49.8653734185722,5.07938730112234e-06,0.450001318705961,0.630521562594967,49.9080687542261,5.07940330358906e-06
516,49.9540329580301,5.07956012562891e-06,49.809569342941,1.61044008843805e-11,49.8676676192073,5.07954616852697e-06,49.750000342008,1.59930384887966e-11,49.8653692636842,5.07954411535489e-06,0.450001445558083,0.630539519239049,49.9080659161466,5.07956011824899e-06
517,49.9540318346874,5.07968412095053e-06,49.8106606515858,1.58125617503093e-11,49.8676643860574,5.07967163549771e-06,49.7500003419607,1.59908335043791e-11,49.8653659751783,5.07966812165507e-06,0.450001284205343,0.630557073053378,49.9080636693933,5.07968412234004e-06
518,49.9540309458225,5.07978220436581e-06,49.8117845793391,1.55122025978444e-11,49.8676618284631,5.07976936121509e-06,49.7500003419919,1.59923008693694e-11,49.8653633734723,5.07976619875659e-06,0.450001399870787,0.63056790355231,49.9080618917092,5.07978219798042e-06
519,49.9540302421051,5.07985974101056e-06,49.8105907912017,1.58299884916859e-11,49.86765980538,5.0798449483223e-06,49.7500003421231,1.59984441714849e-11,49.8653613142126,5.07984375088091e-06,0.450001297886834,0.630578429429689,49.9080604842281,5.07985974170515e-06
520,49.9540296851755,5.07992107526938e-06,49.8063587361744,1.69580207867104e-11,49.8676582033277,5.07990709832869e-06,49.7500003421953,1.60018268352496e-11,49.8653596848526,5.07990508669994e-06,0.450001338673081,0.630585599306024,49.908059370381,5.07992107382506e-06
521,49.9540292445601,5.07996953382881e-06,49.8040684306089,1.7568385066465e-11,49.8676569370722,5.07995481315968e-06,49.7500003419731,1.59914432675607e-11,49.8653583963658,5.07995353799795e-06,0.450001313250506,0.630589120103076,49.9080584891329,5.079969533851e-06
522,49.9540288963148,5.08000786160164e-06,49.8099872281051,1.59899109590885e-11,49.8676559349483,5.07999430240184e-06,49.7500003415914,1.59736014028062e-11,49.8653573771755,5.07999184186078e-06,0.450001421886418,0.630596385300466,49.9080577926832,5.08000785815238e-06
523,49.9540286215304,5.08003813879002e-06,49.8237628543769,1.23165159683354e-11,49.8676551444634,5.08002429446739e-06,49.7500003414469,1.59668506044355e-11,49.8653565724903,5.08002211929102e-06,0.450001336153346,0.630599821703088,49.9080572430709,5.08003813988398e-06
524,49.9540284037645,5.08006209465285e-06,49.8339078725721,9.61124387373765e-12,49.8676545190959,5.08004743663877e-06,49.7500003419352,1.59896940226793e-11,49.865355936503,5.08004609104259e-06,0.45000141978051,0.630603495475183,49.9080568075813,5.08006209096675e-06
525,49.9540282318209,5.08008099160535e-06,49.8234033153546,1.24120913445407e-11,49.8676540245432,5.08006659926181e-06,49.7500003429803,1.60385690845244e-11,49.8653554330179,5.08006504725199e-06,0.450001307878724,0.630603338663106,49.9080564636301,5.08008099332801e-06
526,49.9540280935064,5.08009605174678e-06,49.8091692618104,1.62074122168505e-11,49.8676536294366,5.0800798645476e-06,49.7500003380625,1.58086082771503e-11,49.8653550310756,5.0800798759656e-06,0.450001316704052,0.630606907652611,49.9080561870127,5.08009605177722e-06
527,49.9540279864775,5.0801077654515e-06,49.8099792331744,1.5991357720545e-11,49.8676533217696,5.08009175731355e-06,49.7500003420065,1.5993050463725e-11,49.8653547176536,5.08009177419153e-06,0.450001295240259,0.63060687757444,49.9080559729547,5.08010776549418e-06
528,49.9540279003165,5.08011709237391e-06,49.8099760277665,1.59921478209229e-11,49.8676530754824,5.08010110025461e-06,49.7500003419873,1.59921559356303e-11,49.8653544673747,5.0801011002657e-06,0.450001341585908,0.630610499183228,49.9080558006329,5.08011709238872e-06
529,49.9540278321434,5.08012444874895e-06,49.8099763087743,1.59920218232682e-11,49.8676528805002,5.08010845429584e-06,49.7500003419887,1.59922302208434e-11,49.8653542689327,5.08010845676299e-06,0.450001344326342,0.630610503023542,49.9080556642868,5.08012444875476e-06
530,49.9540277784798,5.08013023298887e-06,49.8099764044528,1.59919561245639e-11,49.8676527270918,5.08011423851597e-06,49.7500003419891,1.59922547416089e-11,49.8653541128297,5.08011424105648e-06,0.450001360227923,0.630610525307262,49.9080555569597,5.08013023298736e-06
531,49.9540277362542,5.08013478700775e-06,49.809976808587,1.59918167381973e-11,49.8676526063513,5.08011879568748e-06,49.7500003419912,1.59923631605087e-11,49.8653539899604,5.08011879519356e-06,0.45000136456322,0.630610531382541,49.9080554725085,5.08013478699831e-06
532,49.9540277029798,5.08013837719351e-06,49.8099759847618,1.59920114810018e-11,49.8676525112053,5.08012238708421e-06,49.7500003419864,1.59921436433965e-11,49.8653538931458,5.08012238518456e-06,0.450001383328742,0.630610557679652,49.9080554059596,5.08013837719227e-06
533,49.9540276766554,5.08014120651402e-06,49.8099759239983,1.59920079860768e-11,49.8676524360477,5.08012521394423e-06,49.7500003419859,1.59921279698621e-11,49.8653538166985,5.08012521451876e-06,0.450001378579155,0.630610551023806,49.9080553533107,5.08014120651751e-06
534,49.9540276558192,5.08014343473132e-06,49.8099754572192,1.59921168818091e-11,49.8676523766379,5.08012744258163e-06,49.7500003419831,1.59920035159055e-11,49.8653537562646,5.08012744262609e-06,0.4500013928814,0.630610571066293,49.9080553116385,5.08014343473587e-06
535,49.9540276393472,5.08014518609544e-06,49.8099758207615,1.59920076584151e-11,49.8676523297386,5.08012919280425e-06,49.750000341985,1.59921004510494e-11,49.8653537085452,5.08012919409965e-06,0.450001385061738,0.630614116811218,49.9080552786944,5.08014518609707e-06
536,49.9540276263555,5.08014656235027e-06,49.8099754671248,1.59920922726559e-11,49.8676522927847,5.08013057020193e-06,49.7500003419828,1.5992006621579e-11,49.8653536709449,5.08013057026536e-06,0.45000139928029,0.630614136736533,49.9080552527109,5.08014656235355e-06
537,49.9540276161547,5.08014764192476e-06,49.8099757936257,1.59919976140674e-11,49.8676522637577,5.08013164897585e-06,49.7500003419845,1.59920936678302e-11,49.865353641389,5.08013164993443e-06,0.450001394966305,0.630614130691086,49.9080552323094,5.08014764192558e-06
538,49.9540276081315,5.08014848884352e-06,49.8099754236341,1.5992090297603e-11,49.8676522409607,5.08013249705776e-06,49.7500003419823,1.59919947343593e-11,49.8653536181949,5.08013249675741e-06,0.450001404734897,0.630614144380404,49.908055216263,5.08014848884613e-06
539,49.9540276018498,5.08014915247505e-06,49.8099757680608,1.59919937810898e-11,49.8676522230864,5.0801331597802e-06,49.7500003419841,1.59920865659289e-11,49.8653535999868,5.08013316048416e-06,0.450001403373658,0.630614142472817,49.9080552036996,5.0801491524735e-06
540,49.9540275968931,5.08014967260087e-06,49.8099754115596,1.59920851563774e-11,49.8676522090336,5.08013368105955e-06,49.7500003419819,1.59919920986065e-11,49.8653535856963,5.08013368051899e-06,0.450001406559645,0.630614146937533,49.9080551937861,5.08014967260624e-06
541,49.9540275930106,5.08015008031087e-06,49.8099757585472,1.5991989748389e-11,49.8676521980028,5.08013408754022e-06,49.7500003419837,1.59920836114224e-11,49.8653535744574,5.08013408832193e-06,0.450001409210438,0.630614150652249,49.9080551860213,5.08015008030634e-06
542,49.9540275899384,5.08015039946171e-06,49.8099754012493,1.59920827429863e-11,49.8676521893203,5.08013440801228e-06,49.7500003419815,1.59919888251764e-11,49.8653535656309,5.08013440738264e-06,0.450001407058876,0.630614147637135,49.9080551798768,5.08015039946804e-06
543,49.9540275875358,5.08015064958803e-06,49.8099757503906,1.59919878650532e-11,49.8676521825096,5.0801346566826e-06,49.7500003419833,1.59920812952611e-11,49.8653535586908,5.08013465759983e-06,0.450001413447214,0.630614156589499,49.9080551750716,5.08015064958363e-06
544,49.9540275856383,5.0801508447486e-06,49.809975395013,1.5992081222075e-11,49.8676521771597,5.08013485345475e-06,49.7500003419812,1.59919871471091e-11,49.8653535532498,5.08013485267102e-06,0.450001407797052,0.630614148671585,49.9080551712765,5.08015084475664e-06
545,49.954027584156,5.08015099758484e-06,49.8099757461213,1.59919865050733e-11,49.867652172971,5.08013500460727e-06,49.750000341983,1.59920802554595e-11,49.8653535489835,5.08013500559614e-06,0.450001416131141,0.630614160350649,49.908055168312,5.08015099757722e-06
546,49.9540275829913,5.0801511164078e-06,49.8099753911751,1.59920802905326e-11,49.8676521696902,5.08013512527022e-06,49.7500003419808,1.59919861073914e-11,49.8653535456423,5.0801351243316e-06,0.450001409071696,0.630614150457822,49.9080551659826,5.08015111641725e-06
547,49.9540275820771,5.08015120944222e-06,49.8099757434195,1.59919856931804e-11,49.8676521671209,5.08013521640843e-06,49.7500003419827,1.59920795350029e-11,49.8653535430301,5.08013521745457e-06,0.450001417194702,0.63061416184108,49.9080551641544,5.08015120943492e-06
548,49.9540275813649,5.08015128156623e-06,49.8099753705143,1.59920846019759e-11,49.8676521651132,5.08013529059581e-06,49.7500003419804,1.59919812399358e-11,49.8653535409798,5.08013528948574e-06,0.450001410472886,0.630614152421393,49.9080551627298,5.08015128157513e-06
549,49.9540275807993,5.08015133795362e-06,49.8099756294912,1.59920151329585e-11,49.8676521635364,5.08013534554102e-06,49.7500003419817,1.59920491472768e-11,49.8653535393808,5.08013534593734e-06,0.450001414845883,0.630614158549538,49.9080551615986,5.08015133794925e-06
550,49.9540275803658,5.08015138166634e-06,49.8099755480963,1.59920365178254e-11,49.8676521623144,5.08013538971263e-06,49.7500003419811,1.5992028051897e-11,49.8653535381316,5.0801353896301e-06,0.450001415566894,0.630614159559935,49.9080551607316,5.08015138166775e-06
551,49.9540275800141,5.08015141561499e-06,49.8099755636856,1.59920321055896e-11,49.8676521613439,5.08013542355873e-06,49.750000341981,1.59920318391169e-11,49.8653535371484,5.08013542358412e-06,0.450001413663265,0.630614156892264,49.9080551600282,5.08015141561555e-06
552,49.9540275797545,5.08015144191005e-06,49.8099755645573,1.59920316821244e-11,49.8676521606074,5.08013544998644e-06,49.7500003419809,1.59920324363558e-11,49.8653535363923,5.08013544987715e-06,0.450001416929288,0.630614161469139,49.908055159509,5.08015144190904e-06
553,49.9540275795325,5.08015146223331e-06,49.8099755628985,1.5992031965393e-11,49.8676521600081,5.08013547001418e-06,49.7500003419807,1.5992031757652e-11,49.8653535357895,5.0801354702042e-06,0.450001413452014,0.630614156596225,49.908055159065,5.08015146223443e-06
554,49.9540275793832,5.08015147791888e-06,49.809975562894,1.59920318556453e-11,49.8676521595736,5.08013548615633e-06,49.7500003419806,1.59920320360547e-11,49.8653535353374,5.08013548588537e-06,0.45000141816936,0.630614163206928,49.9080551587665,5.08015147791684e-06
555,49.9540275792369,5.08015148999298e-06,49.8099755627188,1.59920318001708e-11,49.8676521591961,5.08013549760939e-06,49.7500003419804,1.59920319955356e-11,49.8653535349648,5.08013549796487e-06,0.450001412640998,0.630614155459699,49.9080551584738,5.08015148999675e-06
556,49.9540275791603,5.08015149927143e-06,49.8099755625892,1.59920317753427e-11,49.8676521589527,5.0801355076578e-06,49.7500003419802,1.59920319551019e-11,49.8653535347019,5.08013550723628e-06,0.450001419849603,0.630614165561554,49.9080551583206,5.08015149926814e-06
557,49.9540275790539,5.08015150637409e-06,49.8099755624604,1.59920317387384e-11,49.867652158702,5.08013551382513e-06,49.7500003419801,1.59920319147535e-11,49.8653535344651,5.08013551434694e-06,0.45000141109691,0.630614153295876,49.9080551581079,5.08015150637584e-06
558,49.9540275790295,5.08015151180109e-06,49.809975562414,1.5992031727287e-11,49.8676521585854,5.08013552039472e-06,49.7500003419799,1.59920318744904e-11,49.865353534323,5.08013551976429e-06,0.450001422241731,0.630614168913788,49.9080551580591,5.08015151179916e-06
559,49.9540275789378,5.08015151592367e-06,49.8099755623085,1.59920316982243e-11,49.8676521583986,5.08013552308947e-06,49.7500003419798,1.59920315153046e-11,49.8653535341617,5.08013552389977e-06,0.450001408500255,0.630614149657026,49.9080551578756,5.08015151593008e-06
560,49.9540275789576,5.08015151905408e-06,49.8099755623138,1.59920317011429e-11,49.8676521583752,5.08013552800572e-06,49.7500003419796,1.59920317942202e-11,49.8653535341016,5.08013552701303e-06,0.450001425817662,0.630614173924955,49.9080551579152,5.08015151904783e-06
561,49.9540275788595,5.08015152140202e-06,49.80997556221,1.59920316717437e-11,49.8676521582067,5.08013552812438e-06,49.7500003419795,1.5992031754213e-11,49.8653535339751,5.080135529382e-06,0.450001404313967,0.630614143790528,49.9080551577189,5.0801515214107e-06
562,49.9540275789252,5.08015152317371e-06,49.8099755622649,1.59920316887213e-11,49.8676521582654,5.08013553270567e-06,49.7500003419793,1.59920313952828e-11,49.8653535339783,5.08013553112744e-06,0.450001431284327,0.630614181585723,49.9080551578505,5.08015152316148e-06
563,49.9540275787993,5.08015152447591e-06,49.8099755621391,1.59920316523989e-11,49.8676521580758,5.08013553049592e-06,49.7500003419791,1.59920316744548e-11,49.8653535338558,5.08013553246138e-06,0.450001397685613,0.630614134501816,49.9080551575984,5.08015152448934e-06
564,49.9540275789229,5.08015152545351e-06,49.8099755622525,1.59920316862477e-11,49.8676521582238,5.08013553585219e-06,49.750000341979,1.59920316347037e-11,49.8653535339182,5.08013553340062e-06,0.450001439733413,0.630614193425937,49.9080551578459,5.08015152543794e-06
565,49.9540275787425,5.08015152614655e-06,49.8099755620775,1.59920316352207e-11,49.8676521579714,5.08013553109419e-06,49.7500003419788,1.59920319140467e-11,49.8653535337713,5.08013553414138e-06,0.45000138727419,0.63061411991166,49.9080551574849,5.08015152616736e-06
566,49.9540275789479,5.0801515266723e-06,49.8099755622708,1.59920316923489e-11,49.8676521582354,5.08013553844798e-06,49.7500003419787,1.59920318744664e-11,49.8653535339026,5.0801355346064e-06,0.450001452858936,0.630614211819525,49.9080551578961,5.08015152664575e-06
567,49.9540275786762,5.08015152700893e-06,49.8099755620102,1.59920316160233e-11,49.867652157867,5.08013553026985e-06,49.7500003419785,1.59920318349714e-11,49.8653535336991,5.08013553502007e-06,0.45000137098104,0.630614097079085,49.9080551573522,5.08015152704138e-06
568,49.9540275791403,5.08015152542272e-06,49.8099755624628,1.59920317463694e-11,49.8676521585366,5.08013554054082e-06,49.7500003419784,1.59920317955617e-11,49.8653535341155,5.08013553332787e-06,0.45000148407327,0.630614255562057,49.9080551582811,5.08015152537609e-06
569,49.9540275796993,5.08015151080859e-06,49.8099755630863,1.59920319072492e-11,49.8676521597555,5.08013551894356e-06,49.7500003419782,1.59920317562374e-11,49.8653535353146,5.08013551877993e-06,0.450001412697403,0.630614155538743,49.9080551593987,5.08015151081145e-06
570,49.9540275799315,5.0801515069029e-06,49.8099755633346,1.59920319727374e-11,49.8676521604232,5.08013551173748e-06,49.7500003419781,1.59920323550178e-11,49.8653535361563,5.08013551487195e-06,0.450001416801236,0.630614161289693,49.9080551598631,5.08015150689334e-06
571,49.9540275799555,5.08015151595057e-06,49.8099755633234,1.59920319704338e-11,49.8676521604081,5.08013552920323e-06,49.7500003419779,1.5992031677845e-11,49.8653535361512,5.08013552389515e-06,0.450001427352995,0.630614176076509,49.9080551599112,5.08015151594282e-06
572,49.9540275796099,5.08015153109273e-06,49.8099755629256,1.5992031861823e-11,49.867652159672,5.08013553860412e-06,49.7500003419777,1.59920319577866e-11,49.8653535354774,5.08013553907203e-06,0.450001394004953,0.630614129343885,49.9080551592197,5.08015153110227e-06
573,49.9540275794039,5.08015154436071e-06,49.8099755626646,1.59920317951326e-11,49.8676521590997,5.08013555231459e-06,49.7500003419776,1.59920319188038e-11,49.8653535348477,5.08013555231895e-06,0.450001426393415,0.630614174731793,49.9080551588079,5.08015154434997e-06
574,49.9540275790275,5.08015155258823e-06,49.8099755622628,1.59920316849684e-11,49.8676521583675,5.08013555749886e-06,49.7500003419774,1.59920318799062e-11,49.8653535341923,5.08013556058065e-06,0.450001388095334,0.630614121062379,49.9080551580549,5.08015155260455e-06
575,49.954027579051,5.08015155597886e-06,49.8099755622652,1.5992031690259e-11,49.8676521582596,5.08013556702876e-06,49.7500003419773,1.5992031841094e-11,49.8653535339632,5.08013556392046e-06,0.450001441010281,0.630614195215289,49.9080551581022,5.08015155595694e-06
576,49.9540275787864,5.0801515559118e-06,49.8099755620099,1.59920316171476e-11,49.8676521578522,5.08013556037866e-06,49.7500003419771,1.59920314833565e-11,49.8653535336677,5.08013556391269e-06,0.450001379188604,0.63061410858084,49.9080551575726,5.08015155593785e-06
577,49.9540275790229,5.08015155429557e-06,49.8099755622402,1.59920316853262e-11,49.8676521581605,5.08013556690414e-06,49.750000341977,1.59920317637253e-11,49.8653535338113,5.08013556222147e-06,0.4500014588257,0.630614220181112,49.908055158046,5.08015155426347e-06
578,49.9540275786884,5.08015155241887e-06,49.8099755619277,1.59920315937338e-11,49.8676521577205,5.0801355548258e-06,49.7500003419768,1.5992031725169e-11,49.8653535335712,5.08013556043821e-06,0.450001360215309,0.630614081992416,49.9080551573764,5.08015155245721e-06
579,49.9540275790679,5.08015155088157e-06,49.8099755622942,1.5992031701881e-11,49.8676521582249,5.08013556606665e-06,49.7500003419766,1.5992031686698e-11,49.865353533828,5.08013555878499e-06,0.450001483366601,0.630614254571758,49.9080551581363,5.08015155083285e-06
580,49.9540275785424,5.08015154942004e-06,49.8099755617975,1.59920315565157e-11,49.8676521575198,5.08013554851227e-06,49.7500003419765,1.59920313293012e-11,49.8653535334342,5.08013555746935e-06,0.450001329348353,0.630614038736686,49.9080551570843,5.08015154948134e-06
581,49.954027579144,5.08015154797232e-06,49.8099755623751,1.59920317268014e-11,49.8676521583159,5.0801355669487e-06,49.7500003419763,1.59920316100119e-11,49.8653535338417,5.08013555584006e-06,0.450001521891612,0.630614308559184,49.9080551582886,5.08015154789609e-06
582,49.954027578348,5.08015154621374e-06,49.8099755616221,1.59920315058662e-11,49.8676521572577,5.08013554030697e-06,49.7500003419762,1.59920315717968e-11,49.8653535332675,5.08013555430789e-06,0.450001281887076,0.630613972226333,49.9080551566951,5.08015154630721e-06
583,49.9540275797151,5.08015153899238e-06,49.8099755629651,1.59920318922696e-11,49.8676521592517,5.08013556794451e-06,49.750000341976,1.59920318526785e-11,49.8653535345179,5.08013554677361e-06,0.450001613940177,0.630614437552396,49.9080551594313,5.08015153885299e-06
584,49.9540275813635,5.08015149375376e-06,49.8099755648118,1.59920323687877e-11,49.8676521628619,5.08013550215556e-06,49.7500003419759,1.59920324526577e-11,49.8653535380699,5.08013550173339e-06,0.45000140467273,0.630614144293285,49.9080551627269,5.08015149377024e-06
585,49.9540275820536,5.08015148020838e-06,49.8099755655571,1.59920325653341e-11,49.8676521648543,5.08013547908482e-06,49.7500003419757,1.59920324146993e-11,49.8653535405728,5.08013548817695e-06,0.450001416825354,0.630614161323491,49.9080551641073,5.08015148017603e-06
586,49.9540275821316,5.08015150495156e-06,49.8099755655388,1.59920325623302e-11,49.8676521648391,5.08013552845705e-06,49.7500003419756,1.59920326958383e-11,49.8653535405872,5.08013551285205e-06,0.450001447823083,0.63061420476248,49.9080551642634,5.08015150493156e-06
587,49.9540275811233,5.08015154785658e-06,49.8099755643833,1.59920322467147e-11,49.8676521627029,5.08013555446349e-06,49.7500003419754,1.59920320200265e-11,49.8653535386346,5.08013555585713e-06,0.450001350027945,0.630614067716248,49.9080551622464,5.08015154788518e-06
588,49.9540275806682,5.08015158351341e-06,49.8099755637773,1.59920320946119e-11,49.867652161295,5.0801355949477e-06,49.7500003419753,1.59920319823238e-11,49.8653535370101,5.08013559142967e-06,0.450001456535165,0.630614216971247,49.9080551613369,5.08015158346825e-06
589,49.9540275806059,5.08015159093139e-06,49.8099755636934,1.59920320688651e-11,49.8676521610478,5.08013561099367e-06,49.7500003419751,1.59920319447064e-11,49.8653535366999,5.08013559883038e-06,0.450001404161775,0.630614143577253,49.9080551612121,5.08015159089882e-06
590,49.9540275803773,5.0801515955609e-06,49.8099755634499,1.59920320024312e-11,49.8676521607444,5.08013557786207e-06,49.7500003419749,1.59920322261867e-11,49.8653535365557,5.08013560362277e-06,0.450001394162661,0.63061412956489,49.9080551607544,5.08015159556635e-06
591,49.9540275803191,5.08015160421319e-06,49.8099755633534,1.59920319802842e-11,49.8676521604426,5.0801356494428e-06,49.7500003419748,1.59920318697273e-11,49.8653535361859,5.08013561197965e-06,0.450001435915529,0.630614188075706,49.9080551606391,5.0801516041347e-06
592,49.9540275797952,5.08015161428617e-06,49.8099755627999,1.59920318275156e-11,49.8676521594625,5.08013561374459e-06,49.7500003419746,1.59920315133528e-11,49.8653535352945,5.08013562237455e-06,0.450001369547344,0.630614095069961,49.9080551595895,5.08015161438016e-06
593,49.9540275796622,5.08015162300035e-06,49.809975562624,1.59920317870205e-11,49.8676521589779,5.08013564070175e-06,49.7500003419745,1.59920317950893e-11,49.8653535346985,5.08013563081914e-06,0.450001444764015,0.630614200475624,49.9080551593255,5.08015162287847e-06
594,49.9540275790561,5.08015162574661e-06,49.809975562019,1.59920316184085e-11,49.86765215795,5.08013560961379e-06,49.7500003419743,1.59920317578982e-11,49.8653535338168,5.08013563394487e-06,0.450001354162472,0.63061407351021,49.9080551581107,5.08015162590254e-06
595,49.9540275791871,5.08015162576022e-06,49.8099755621346,1.59920316589839e-11,49.8676521579363,5.08013566179526e-06,49.7500003419742,1.59920317207923e-11,49.8653535336062,5.08013563345889e-06,0.450001470252405,0.630614236194044,49.908055158376,5.0801516255724e-06
596,49.9540275786253,5.08015161968074e-06,49.8099755616128,1.59920315087655e-11,49.8676521571546,5.08013559371123e-06,49.750000341974,1.59920316837717e-11,49.8653535330256,5.0801356279806e-06,0.45000133292971,0.630614043755458,49.9080551572484,5.0801516199117e-06
597,49.9540275790903,5.08015161421459e-06,49.8099755620761,1.59920316465186e-11,49.8676521577324,5.08013566324564e-06,49.7500003419738,1.59920313278229e-11,49.8653535333269,5.08013562177601e-06,0.450001505267106,0.630614285262258,49.9080551581834,5.08015161392814e-06
598,49.9540275784045,5.08015160468528e-06,49.8099755614525,1.59920314631982e-11,49.8676521569005,5.08013556276966e-06,49.7500003419737,1.59920316099864e-11,49.8653535328212,5.080135613149e-06,0.450001296763726,0.63061399307388,49.9080551568056,5.08015160503419e-06
599,49.9540275791771,5.08015159963704e-06,49.8099755622112,1.59920316866002e-11,49.8676521579045,5.08013567005002e-06,49.7500003419735,1.59920315732217e-11,49.8653535334207,5.08013560699355e-06,0.450001553944312,0.630614353476568,49.9080551583584,5.08015159920978e-06
600,49.9540275777756,5.08015159518173e-06,49.8099755608712,1.59920313006063e-11,49.867652155991,5.08013551107587e-06,49.7500003419734,1.59920312175283e-11,49.8653535321264,5.08013560403623e-06,0.450001207650942,0.630613868194756,49.9080551555452,5.08015159579645e-06
601,49.954027576066,5.08015163478795e-06,49.8099755589892,1.59920308146934e-11,49.8676521522774,5.08013563919787e-06,49.7500003419732,1.59920308619197e-11,49.8653535285641,5.08013564269235e-06,0.450001426401403,0.630614174742987,49.9080551521326,5.08015163471009e-06
602,49.954027575394,5.08015163941732e-06,49.8099755582924,1.59920306319952e-11,49.8676521503426,5.08013570041827e-06,49.750000341973,1.59920308254102e-11,49.8653535260827,5.08013564735105e-06,0.450001415054438,0.630614158841799,49.908055150787,5.08015163954406e-06
603,49.9540275752662,5.08015160753933e-06,49.8099755582898,1.59920306283036e-11,49.8676521503909,5.08013553070987e-06,49.7500003419729,1.59920307889859e-11,49.8653535261056,5.08013561586026e-06,0.450001376119075,0.630614104279324,49.9080551505311,5.08015160763898e-06
604,49.9540275763449,5.08015155782535e-06,49.80997555954,1.59920309709022e-11,49.8676521526436,5.0801355788027e-06,49.7500003419727,1.5992030752647e-11,49.865353528186,5.08013556562213e-06,0.450001490979957,0.630614265240814,49.9080551526914,5.08015155767771e-06
605,49.9540275769009,5.08015151243548e-06,49.8099755602824,1.59920311586921e-11,49.8676521543253,5.08013551847576e-06,49.7500003419726,1.59920313544229e-11,49.8653535300383,5.08013552057632e-06,0.450001373575758,0.63061410071522,49.9080551538001,5.08015151261225e-06
606,49.9540275780917,5.08015148484494e-06,49.8099755615595,1.59920315103928e-11,49.867652156605,5.08013553743594e-06,49.7500003419724,1.59920313182551e-11,49.8653535320966,5.08013549242159e-06,0.450001513919058,0.630614297386761,49.9080551561859,5.08015148458981e-06
607,49.9540275779583,5.08015146916694e-06,49.8099755615097,1.59920314813373e-11,49.8676521569238,5.08013543164407e-06,49.7500003419723,1.59920316011877e-11,49.8653535327535,5.0801354775662e-06,0.450001326942715,0.630614035365521,49.9080551559137,5.08015146946218e-06
608,49.9540275791164,5.08015146391024e-06,49.8099755626571,1.59920318068774e-11,49.8676521587241,5.08013553544523e-06,49.7500003419721,1.59920318842059e-11,49.8653535341643,5.08013547126314e-06,0.450001566792979,0.63061437148218,49.9080551582371,5.08015146347771e-06
609,49.954027580408,5.08015143270341e-06,49.8099755640825,1.5992032175804e-11,49.8676521615438,5.08013544412229e-06,49.750000341972,1.59920321673098e-11,49.8653535368835,5.08013544071348e-06,0.450001413820706,0.630614157112896,49.9080551608156,5.0801514327577e-06
610,49.9540275809114,5.08015142768026e-06,49.8099755646105,1.59920323140246e-11,49.8676521629976,5.08013539383249e-06,49.7500003419718,1.59920324504994e-11,49.8653535387346,5.08013543569859e-06,0.450001416320734,0.630614160616336,49.9080551618233,5.08015142760178e-06
611,49.9540275810917,5.08015144859675e-06,49.8099755647073,1.59920323426802e-11,49.867652163134,5.0801355175523e-06,49.7500003419717,1.59920324147591e-11,49.8653535388744,5.08013545630214e-06,0.45000145212737,0.630614210794338,49.9080551621844,5.0801514485147e-06
612,49.9540275803784,5.0801514822273e-06,49.8099755638796,1.59920321147182e-11,49.8676521616707,5.08013547896282e-06,49.7500003419715,1.59920320600882e-11,49.8653535375468,5.08013549033816e-06,0.450001361700665,0.630614084073935,49.9080551607555,5.0801514823479e-06
613,49.954027580095,5.08015151378592e-06,49.8099755634649,1.59920320123319e-11,49.8676521606797,5.08013552660651e-06,49.7500003419713,1.59920320245182e-11,49.8653535364178,5.08013552160122e-06,0.450001456183426,0.630614216478334,49.9080551601915,5.08015151364179e-06
614,49.9540275792618,5.08015153356423e-06,49.8099755625715,1.59920317650341e-11,49.867652159119,5.08013550706027e-06,49.7500003419712,1.59920323080493e-11,49.8653535350395,5.08013554184026e-06,0.450001342021352,0.630614056496125,49.9080551585216,5.08015153376527e-06
615,49.9540275794415,5.0801515461019e-06,49.8099755626844,1.59920318077486e-11,49.8676521590178,5.08013559064253e-06,49.750000341971,1.59920316346175e-11,49.8653535346751,5.08013555372298e-06,0.450001491271153,0.630614265648884,49.9080551588854,5.08015154586337e-06
616,49.9540275787725,5.08015154876511e-06,49.8099755620272,1.59920316184329e-11,49.8676521580292,5.08013551490054e-06,49.7500003419709,1.5992031599303e-11,49.8653535339351,5.08013555714986e-06,0.450001315824807,0.630614019785325,49.9080551575422,5.08015154906116e-06
617,49.9540275794074,5.08015155152645e-06,49.8099755626236,1.59920317955234e-11,49.8676521587775,5.08013561275741e-06,49.7500003419707,1.59920318830902e-11,49.8653535343314,5.08013555897105e-06,0.450001534847252,0.630614326714704,49.9080551588184,5.08015155115936e-06
618,49.9540275785447,5.08015154908935e-06,49.8099755618041,1.59920315551468e-11,49.8676521576736,5.08013549390817e-06,49.7500003419705,1.59920312099131e-11,49.8653535336488,5.0801355576866e-06,0.450001267504326,0.630613952070916,49.9080551570852,5.08015154953227e-06
619,49.9540275799358,5.08015154670358e-06,49.8099755631572,1.59920319459086e-11,49.8676521595845,5.08013565157011e-06,49.7500003419704,1.59920321319045e-11,49.8653535349165,5.08013555374515e-06,0.450001628078754,0.630614457365637,49.9080551598777,5.08015154606164e-06
620,49.9540275816437,5.08015149881128e-06,49.8099755650694,1.59920324393396e-11,49.8676521633578,5.08013551002248e-06,49.7500003419703,1.59920324159484e-11,49.8653535385323,5.08013550685018e-06,0.450001400632326,0.630614138631223,49.9080551632866,5.08015149889252e-06
621,49.9540275822809,5.0801514872292e-06,49.8099755657574,1.59920326197261e-11,49.8676521652977,5.0801354392326e-06,49.7500003419701,1.59920327000781e-11,49.8653535410405,5.0801354952366e-06,0.450001412921828,0.630614155853244,49.9080551645627,5.08015148709728e-06
622,49.9540275823753,5.08015151338146e-06,49.8099755657477,1.59920326204366e-11,49.8676521652191,5.08013560935646e-06,49.75000034197,1.5992032346259e-11,49.8653535409849,5.0801355209826e-06,0.450001454730313,0.630614214441999,49.9080551647519,5.08015151327618e-06
623,49.9540275812338,5.08015155794962e-06,49.8099755644544,1.59920322661039e-11,49.8676521628884,5.08013555217952e-06,49.7500003419698,1.59920323115421e-11,49.8653535388311,5.08013556609746e-06,0.450001335551281,0.630614047429225,49.908055162466,5.08015155810426e-06
624,49.9540275806556,5.08015159818704e-06,49.8099755637081,1.59920320778759e-11,49.8676521611881,5.0801356083403e-06,49.7500003419696,1.59920322769104e-11,49.8653535369502,5.08013560597445e-06,0.450001458952663,0.630614220359033,49.908055161313,5.08015159800107e-06
625,49.9540275794207,5.08015162033996e-06,49.809975562408,1.59920317196143e-11,49.8676521588745,5.08013558182667e-06,49.7500003419695,1.59920319233462e-11,49.8653535348675,5.08013562871672e-06,0.450001312645779,0.630614015330361,49.9080551588388,5.08015162060565e-06
626,49.954027579571,5.0801516307298e-06,49.8099755624931,1.59920317589073e-11,49.8676521586082,5.08013568638818e-06,49.7500003419693,1.59920318888846e-11,49.8653535342483,5.0801356382477e-06,0.450001508395174,0.630614289645809,49.9080551591449,5.08015163042182e-06
627,49.95402757867,5.08015162695745e-06,49.8099755616345,1.59920315117695e-11,49.8676521573057,5.08013558087211e-06,49.7500003419691,1.59920315354904e-11,49.8653535332601,5.08013563546466e-06,0.450001281753171,0.630613972038683,49.9080551573363,5.08015162733955e-06
628,49.9540275798454,5.08015161834099e-06,49.8099755628013,1.59920318490384e-11,49.8676521589366,5.08013571010035e-06,49.750000341969,1.59920321392353e-11,49.8653535343195,5.0801356255056e-06,0.450001595409334,0.630614411584006,49.9080551596963,5.0801516177844e-06
629,49.9540275812922,5.08015157033701e-06,49.8099755644497,1.59920322741791e-11,49.8676521622004,5.08013558123657e-06,49.7500003419689,1.5992032424048e-11,49.8653535374578,5.08013557836594e-06,0.450001397268354,0.630614133917086,49.9080551625838,5.08015157040791e-06
630,49.9540275818346,5.0801515547796e-06,49.8099755650561,1.59920324336527e-11,49.8676521638864,5.08013551870102e-06,49.7500003419687,1.5992032389928e-11,49.8653535396238,5.08013556275955e-06,0.450001413013696,0.630614155981984,49.90805516367,5.08015155465819e-06
631,49.9540275818478,5.08015157245011e-06,49.8099755649989,1.59920324205861e-11,49.86765216374,5.08013565378167e-06,49.7500003419686,1.59920326749119e-11,49.865353539511,5.08013558012331e-06,0.450001441196761,0.630614195476615,49.9080551636967,5.08015157237332e-06
632,49.9540275808498,5.08015160628714e-06,49.8099755638859,1.59920321164467e-11,49.8676521617167,5.08013560375307e-06,49.7500003419684,1.5992032321944e-11,49.8653535376261,5.0801356143919e-06,0.450001348465889,0.630614065527244,49.9080551616983,5.08015160640571e-06
633,49.9540275802847,5.08015163603976e-06,49.8099755631957,1.59920319408043e-11,49.8676521601791,5.08013564275216e-06,49.7500003419682,1.59920319690609e-11,49.8653535359498,5.08013564388309e-06,0.450001443716042,0.630614199007036,49.9080551605707,5.08015163590062e-06
634,49.9540275792532,5.08015165027973e-06,49.8099755621243,1.59920316463783e-11,49.8676521582517,5.08013562155497e-06,49.7500003419681,1.59920316162627e-11,49.8653535341957,5.08013565856585e-06,0.45000133271191,0.630614043450242,49.9080551585044,5.08015165048528e-06
635,49.9540275793296,5.08015165412469e-06,49.809975562166,1.59920316703626e-11,49.8676521579922,5.0801356988952e-06,49.7500003419679,1.59920312635493e-11,49.8653535336578,5.0801356617463e-06,0.450001484217756,0.630614255764534,49.9080551586615,5.0801516538877e-06
636,49.9540275786291,5.08015164642164e-06,49.8099755615159,1.59920314831333e-11,49.8676521570055,5.08013561310423e-06,49.7500003419677,1.59920315489593e-11,49.8653535329075,5.0801356548036e-06,0.450001310918484,0.630614012909797,49.9080551572554,5.08015164671815e-06
637,49.9540275792609,5.08015163865436e-06,49.8099755621486,1.59920316699372e-11,49.8676521578244,5.0801357002483e-06,49.7500003419676,1.59920318344549e-11,49.8653535333719,5.08013564609753e-06,0.450001530353505,0.630614320417344,49.9080551585254,5.08015163828531e-06
638,49.9540275784035,5.08015162654099e-06,49.8099755613706,1.59920314406638e-11,49.8676521568031,5.08013557205642e-06,49.7500003419674,1.59920311629775e-11,49.8653535327717,5.08013563513367e-06,0.450001264115437,0.630613947321861,49.9080551568028,5.08015162698211e-06
639,49.9540275797895,5.08015161558897e-06,49.8099755627509,1.59920318385887e-11,49.8676521587718,5.08013572053098e-06,49.7500003419673,1.59920320866831e-11,49.8653535341002,5.0801356226311e-06,0.450001624096408,0.630614451784935,49.9080551595851,5.08015161494859e-06
640,49.9540275814892,5.08015156015529e-06,49.8099755646832,1.59920323374021e-11,49.8676521625862,5.08013557123196e-06,49.7500003419671,1.59920323724353e-11,49.865353537758,5.08013556819403e-06,0.45000139757284,0.63061413434378,49.9080551629777,5.08015156023612e-06
641,49.9540275821222,5.08015154161901e-06,49.8099755653931,1.59920325236294e-11,49.8676521645691,5.08013549347678e-06,49.750000341967,1.59920323392533e-11,49.8653535403082,5.08013554962786e-06,0.450001410146413,0.630614151963887,49.9080551642454,5.0801515414887e-06
642,49.9540275822202,5.08015156127167e-06,49.8099755654112,1.59920325317886e-11,49.8676521645456,5.08013565692566e-06,49.7500003419668,1.59920326251768e-11,49.8653535403071,5.08013556887489e-06,0.450001452485053,0.63061421129558,49.9080551644417,5.08015156116562e-06
643,49.9540275810896,5.08015159980818e-06,49.8099755641514,1.59920321863835e-11,49.867652162281,5.08013559396631e-06,49.7500003419667,1.59920322731452e-11,49.8653535382188,5.08013560795822e-06,0.450001333794115,0.630614044966801,49.9080551621775,5.08015159996557e-06
644,49.9540275805257,5.08015163458034e-06,49.8099755634399,1.59920320074342e-11,49.8676521606501,5.08013564483463e-06,49.7500003419665,1.59920322402188e-11,49.8653535364073,5.08013564236774e-06,0.450001457473689,0.630614218286457,49.9080551610531,5.08015163439541e-06
645,49.9540275793059,5.08015165188506e-06,49.8099755621731,1.59920316580492e-11,49.8676521584033,5.080135613468e-06,49.7500003419663,1.5992031888357e-11,49.8653535343915,5.08013566026194e-06,0.450001311453081,0.630614013658962,49.9080551586091,5.08015165215056e-06
646,49.9540275794693,5.08015165803815e-06,49.8099755622873,1.59920317050748e-11,49.8676521581959,5.08013571371174e-06,49.7500003419662,1.59920318556008e-11,49.8653535338319,5.08013566555571e-06,0.450001507288138,0.630614288094454,49.9080551589415,5.0801516577294e-06
647,49.9540275785801,5.08015165058636e-06,49.8099755614542,1.59920314647509e-11,49.8676521569449,5.08013560450717e-06,49.750000341966,1.59920315039089e-11,49.8653535328957,5.08013565909454e-06,0.450001280882282,0.630613970818255,49.9080551571565,5.08015165096913e-06
648,49.9540275797628,5.08015163888263e-06,49.8099755626403,1.59920318071148e-11,49.8676521586106,5.08013574123865e-06,49.7500003419659,1.59920321093649e-11,49.865353533998,5.08013564597707e-06,0.450001594432096,0.630614410214544,49.9080551595313,5.08015163828986e-06
649,49.9540275812029,5.08015158893429e-06,49.8099755642916,1.59920322329503e-11,49.8676521618582,5.0801356639553e-06,49.7500003419657,1.59920323958858e-11,49.8653535371676,5.08013559647993e-06,0.450001396006923,0.630614132149367,49.9080551624079,5.08015158872695e-06
650,49.954027581759,5.08015157101961e-06,49.8099755649186,1.5992032398132e-11,49.8676521636571,5.08013542959582e-06,49.7500003419656,1.59920323634711e-11,49.8653535393875,5.08013557921437e-06,0.45000141353808,0.630614156716836,49.9080551635197,5.08015157076534e-06
651,49.9540275817762,5.08015158584732e-06,49.8099755648774,1.59920323891181e-11,49.867652163439,5.08013580493896e-06,49.7500003419654,1.59920326501631e-11,49.8653535392674,5.08013559288038e-06,0.450001439049813,0.630614192467968,49.9080551635558,5.08015158559556e-06
652,49.9540275808074,5.08015161651412e-06,49.809975563801,1.59920320950067e-11,49.8676521615395,5.08013562837789e-06,49.7500003419653,1.59920319798759e-11,49.8653535374106,5.08013562487662e-06,0.450001349987162,0.630614067659095,49.908055161611,5.08015161687035e-06
653,49.9540275802133,5.0801516467723e-06,49.8099755630856,1.59920319120265e-11,49.8676521599852,5.08013560734252e-06,49.7500003419651,1.59920319477166e-11,49.8653535357832,5.08013565438869e-06,0.450001440812917,0.630614194938712,49.9080551604306,5.08015164636163e-06
654,49.9540275792586,5.08015165678925e-06,49.8099755620986,1.59920316413674e-11,49.8676521582052,5.0801355900402e-06,49.7500003419649,1.59920315966207e-11,49.8653535340729,5.08013566570333e-06,0.450001338063803,0.630614050950172,49.9080551585112,5.08015165739289e-06
655,49.9540275792318,5.08015166258531e-06,49.809975562041,1.59920316366281e-11,49.8676521577533,5.08013574544036e-06,49.7500003419648,1.59920312456095e-11,49.865353533515,5.08013566957e-06,0.450001472856504,0.630614239843326,49.9080551584698,5.08015166192581e-06
656,49.9540275786976,5.08015165028688e-06,49.8099755615602,1.59920314981022e-11,49.8676521570688,5.08013558570503e-06,49.7500003419646,1.59920312137055e-11,49.8653535328472,5.08013565935231e-06,0.450001329932373,0.630614039555109,49.908055157388,5.08015165106099e-06
657,49.9540275791003,5.08015164583782e-06,49.8099755619698,1.59920316200883e-11,49.8676521575175,5.0801357367181e-06,49.7500003419645,1.59920311818866e-11,49.8653535332164,5.08013565249537e-06,0.450001500121989,0.630614278052095,49.908055158209,5.08015164493099e-06
658,49.9540275785706,5.08015162834344e-06,49.8099755615163,1.59920314849293e-11,49.8676521570154,5.08013555621824e-06,49.7500003419643,1.59920314691754e-11,49.8653535327997,5.08013563775703e-06,0.450001308461114,0.630614009466136,49.9080551571318,5.08015162935226e-06
659,49.9540275790995,5.08015162732452e-06,49.8099755620368,1.59920316399737e-11,49.867652157605,5.08013573720623e-06,49.7500003419642,1.59920317565498e-11,49.8653535332959,5.08013563359645e-06,0.450001527311867,0.630614316154914,49.9080551582098,5.08015162615993e-06
660,49.9540275783893,5.08015161011902e-06,49.8099755614048,1.59920314530226e-11,49.8676521568645,5.0801355049047e-06,49.750000341964,1.59920310869415e-11,49.8653535326626,5.08013562000559e-06,0.450001278208025,0.630613967070657,49.9080551567663,5.0801516114434e-06
661,49.9540275793905,5.08015160910405e-06,49.8099755623917,1.59920317395381e-11,49.8676521581306,5.08013577346343e-06,49.7500003419638,1.59920316935093e-11,49.8653535337337,5.08013561455455e-06,0.450001587484529,0.630614400478499,49.9080551587971,5.08015160737432e-06
662,49.9540275807607,5.08015155871354e-06,49.8099755639557,1.59920321450628e-11,49.8676521612486,5.08013558825363e-06,49.7500003419637,1.599203198114e-11,49.8653535365186,5.0801355669671e-06,0.45000139752808,0.630614134281056,49.908055161519,5.08015155898829e-06
663,49.9540275811654,5.08015154551408e-06,49.8099755644227,1.59920322650425e-11,49.8676521627256,5.08013535216827e-06,49.7500003419635,1.59920322688564e-11,49.8653535384838,5.08013555356529e-06,0.450001405302717,0.630614145176124,49.9080551623326,5.0801515452049e-06
664,49.9540275814092,5.0801515571828e-06,49.8099755646134,1.59920323218888e-11,49.8676521628193,5.08013584464532e-06,49.7500003419634,1.59920322376351e-11,49.8653535386145,5.08013556412619e-06,0.450001462417451,0.63061422521445,49.9080551628235,5.08015155681642e-06
665,49.9540275804242,5.08015158306276e-06,49.8099755635438,1.59920320250835e-11,49.8676521610974,5.08013552250944e-06,49.7500003419632,1.59920322064989e-11,49.865353536962,5.08013559176182e-06,0.450001326458304,0.630614034686686,49.9080551608421,5.08015158365015e-06
666,49.9540275801713,5.0801516125276e-06,49.8099755631678,1.59920319379094e-11,49.8676521600423,5.08013562911669e-06,49.7500003419631,1.59920318564243e-11,49.865353535803,5.08013561962459e-06,0.45000148263693,0.630614253549227,49.90805516035,5.08015161177354e-06
667,49.954027579087,5.0801516199128e-06,49.8099755620668,1.59920316303139e-11,49.8676521582225,5.08013552218686e-06,49.7500003419629,1.59920318254583e-11,49.8653535341049,5.0801356294079e-06,0.450001297322004,0.63061399385623,49.9080551581641,5.08015162093034e-06
668,49.9540275796203,5.08015162784014e-06,49.8099755625537,1.59920317797995e-11,49.8676521585741,5.08013577424008e-06,49.7500003419627,1.59920314755535e-11,49.8653535342429,5.08013563382367e-06,0.450001547258853,0.63061434410783,49.9080551592533,5.08015162649281e-06
669,49.9540275806093,5.08015158973698e-06,49.8099755636893,1.59920320736491e-11,49.8676521608154,5.08013560856704e-06,49.7500003419626,1.59920320828059e-11,49.8653535361891,5.08013559792593e-06,0.450001397664975,0.630614134472894,49.9080551612169,5.08015158994203e-06
670,49.9540275809185,5.08015157774895e-06,49.809975564053,1.59920321674099e-11,49.8676521619564,5.08013543456781e-06,49.7500003419624,1.59920320520957e-11,49.8653535377108,5.08013558574485e-06,0.450001406917281,0.63061414743871,49.9080551618386,5.08015157748377e-06
671,49.9540275810726,5.0801515855228e-06,49.8099755641709,1.59920322032523e-11,49.8676521619782,5.08013581904668e-06,49.7500003419623,1.59920320214709e-11,49.8653535377704,5.08013559267234e-06,0.450001448572584,0.630614205812801,49.9080551621492,5.08015158523995e-06
672,49.9540275802508,5.08015160547787e-06,49.8099755632838,1.59920319578444e-11,49.8676521605292,5.08013556472817e-06,49.7500003419621,1.59920319909312e-11,49.8653535363733,5.08013561397982e-06,0.450001344613621,0.630614060128829,49.9080551604968,5.08015160591913e-06
673,49.9540275799654,5.08015162813369e-06,49.8099755629038,1.59920318664594e-11,49.8676521595449,5.08013563878599e-06,49.750000341962,1.59920319604767e-11,49.8653535353108,5.08013563546055e-06,0.450001462574457,0.630614225434472,49.9080551599364,5.08015162756965e-06
674,49.9540275790631,5.0801516330926e-06,49.8099755619911,1.59920316125441e-11,49.8676521580075,5.08013555826435e-06,49.7500003419618,1.59920312920577e-11,49.8653535338649,5.08013564223321e-06,0.450001322801043,0.630614029561545,49.9080551581186,5.08015163386881e-06
675,49.9540275792254,5.08015163950779e-06,49.8099755621179,1.59920316600007e-11,49.8676521578559,5.08013573277344e-06,49.7500003419616,1.59920312617732e-11,49.8653535335919,5.08013564619176e-06,0.450001497699144,0.630614274656817,49.9080551584591,5.08015163862728e-06
676,49.9540275785818,5.08015162663535e-06,49.809975561533,1.59920314898516e-11,49.8676521570735,5.08013553921781e-06,49.7500003419615,1.59920315505989e-11,49.865353532865,5.0801356360835e-06,0.450001304874682,0.630614004440254,49.9080551571539,5.08015162766878e-06
677,49.9540275791401,5.080151626012e-06,49.8099755620806,1.59920316528887e-11,49.8676521576799,5.08013574373564e-06,49.7500003419613,1.599203183951e-11,49.8653535333664,5.08013563224376e-06,0.450001531606171,0.630614322172782,49.9080551582915,5.08015162480933e-06
678,49.9540275784469,5.08015160780011e-06,49.8099755614699,1.59920314709835e-11,49.8676521570002,5.08013550214899e-06,49.7500003419612,1.5992031490456e-11,49.8653535327977,5.08013561771776e-06,0.450001274895586,0.630613962428735,49.9080551568812,5.08015160915693e-06
679,49.9540275795075,5.08015160703036e-06,49.8099755625147,1.59920317736898e-11,49.8676521583596,5.08013578154252e-06,49.750000341961,1.59920317795379e-11,49.865353533956,5.08013561237197e-06,0.450001594077034,0.630614409716974,49.9080551590317,5.08015160523519e-06
680,49.9540275809118,5.08015155625226e-06,49.8099755641146,1.59920321882512e-11,49.8676521615581,5.08013558459915e-06,49.7500003419609,1.59920323877311e-11,49.865353536815,5.08013556452593e-06,0.450001396101477,0.63061413228187,49.9080551618211,5.08015155653902e-06
681,49.9540275813085,5.08015154419529e-06,49.8099755645697,1.59920323049786e-11,49.8676521630282,5.08013534466577e-06,49.7500003419607,1.59920320389329e-11,49.8653535387904,5.0801355522423e-06,0.450001405117662,0.630614144916795,49.9080551626189,5.08015154387158e-06
682,49.9540275815266,5.08015155753476e-06,49.8099755647282,1.59920323532919e-11,49.8676521630534,5.08013585125745e-06,49.7500003419606,1.59920323282715e-11,49.8653535388555,5.08013556446622e-06,0.450001462314606,0.630614225070326,49.9080551630583,5.08015155717112e-06
683,49.9540275804965,5.0801515851539e-06,49.8099755636072,1.59920320426169e-11,49.8676521612351,5.08013552282112e-06,49.7500003419604,1.59920319796434e-11,49.8653535371057,5.08013559386292e-06,0.450001324395714,0.630614031796255,49.9080551609866,5.08015158575108e-06
684,49.9540275802191,5.08015161583575e-06,49.8099755632018,1.59920319478667e-11,49.8676521601152,5.08013563115146e-06,49.7500003419603,1.59920319501263e-11,49.8653535358785,5.08013562292536e-06,0.450001483168264,0.630614254293817,49.9080551604457,5.08015161507137e-06
685,49.9540275791064,5.08015162362336e-06,49.8099755620711,1.59920316321421e-11,49.8676521582405,5.08013552399949e-06,49.7500003419601,1.59920319206943e-11,49.8653535341269,5.08013563314373e-06,0.450001295121578,0.630613990772639,49.9080551582028,5.08015162465836e-06
686,49.9540275793902,5.08015163466125e-06,49.8099755622984,1.59920317109018e-11,49.8676521581568,5.08013575915215e-06,49.7500003419599,1.59920318913475e-11,49.8653535338849,5.08013564089632e-06,0.450001528745017,0.630614318163273,49.9080551587917,5.08015163347954e-06
687,49.954027578558,5.08015162089488e-06,49.809975561532,1.59920314873963e-11,49.86765215715,5.08013550131597e-06,49.7500003419598,1.59920315430591e-11,49.865353532958,5.08013563084645e-06,0.450001269121016,0.630613954336481,49.908055157103,5.08015162228094e-06
688,49.9540275796434,5.08015162021375e-06,49.8099755626,1.59920317973494e-11,49.8676521585113,5.08013580586206e-06,49.7500003419596,1.59920318329093e-11,49.8653535341031,5.08013562548232e-06,0.450001599200252,0.63061441689645,49.908055159304,5.08015161836192e-06
689,49.9540275810852,5.08015156733551e-06,49.8099755642459,1.59920322235669e-11,49.8676521618132,5.08013559484335e-06,49.7500003419595,1.59920324418721e-11,49.8653535370587,5.08013557561312e-06,0.450001393622532,0.630614128807975,49.9080551621679,5.08015156763213e-06
690,49.9540275815,5.0801515549961e-06,49.8099755647201,1.59920323455767e-11,49.8676521633255,5.08013535870972e-06,49.7500003419593,1.59920324128666e-11,49.8653535390891,5.08013556298907e-06,0.450001406555279,0.630614146931414,49.9080551630021,5.08015155463636e-06
691,49.9540275816784,5.08015156904595e-06,49.8099755648365,1.59920323823394e-11,49.8676521632761,5.08013586864877e-06,49.7500003419592,1.59920323839464e-11,49.8653535390856,5.08013557598989e-06,0.450001459088686,0.63061422054965,49.9080551633618,5.08015156869806e-06
692,49.9540275806004,5.08015159812687e-06,49.809975563662,1.59920320575745e-11,49.867652161351,5.08013553445211e-06,49.750000341959,1.59920320360839e-11,49.8653535372277,5.08013560681491e-06,0.450001324071855,0.630614031342411,49.9080551611944,5.08015159870502e-06
693,49.9540275802614,5.08015162942602e-06,49.8099755631927,1.59920319456021e-11,49.8676521601105,5.0801356401427e-06,49.7500003419589,1.59920320073337e-11,49.8653535358808,5.08013563655817e-06,0.450001479510926,0.630614249168568,49.90805516053,5.08015162868469e-06
694,49.9540275791226,5.08015163729041e-06,49.8099755620353,1.59920316231055e-11,49.8676521581711,5.08013553881354e-06,49.7500003419587,1.59920313406133e-11,49.8653535340615,5.08013564678661e-06,0.450001295817501,0.630613991747878,49.9080551582353,5.08015163830714e-06
695,49.9540275793787,5.08015164738794e-06,49.8099755622386,1.59920316951876e-11,49.8676521580446,5.08013576984363e-06,49.7500003419585,1.59920316310608e-11,49.865353533775,5.08013565365671e-06,0.450001525627565,0.630614313794599,49.9080551587683,5.08015164622793e-06
696,49.9540275785541,5.08015163265143e-06,49.8099755614832,1.59920314749981e-11,49.867652157048,5.08013551529372e-06,49.7500003419584,1.59920312835379e-11,49.8653535328547,5.08013564256381e-06,0.450001271036682,0.63061395702102,49.9080551570954,5.0801516340116e-06
697,49.9540275796194,5.08015163062582e-06,49.8099755625365,1.59920317806057e-11,49.8676521583928,5.08013581385561e-06,49.7500003419582,1.59920315741561e-11,49.8653535339866,5.08013563593996e-06,0.450001595358545,0.630614411512832,49.9080551592558,5.08015162880474e-06
698,49.9540275810331,5.08015157747167e-06,49.8099755641551,1.59920321997546e-11,49.8676521616413,5.08013560435961e-06,49.7500003419581,1.59920321838882e-11,49.8653535368955,5.08013558574416e-06,0.450001393325683,0.630614128391982,49.9080551620636,5.08015157776572e-06
699,49.9540275814387,5.08015156428871e-06,49.8099755646231,1.59920323202236e-11,49.8676521631302,5.08013537226126e-06,49.7500003419579,1.59920324746779e-11,49.865353538893,5.0801355722774e-06,0.450001406389244,0.63061414669874,49.9080551628796,5.08015156393685e-06
700,49.9540275816093,5.08015157710327e-06,49.8099755647365,1.59920323560478e-11,49.8676521630813,5.08013587102645e-06,49.7500003419578,1.59920321274959e-11,49.8653535388894,5.08013558406992e-06,0.450001457548892,0.630614218391844,49.9080551632235,5.08015157676255e-06
701,49.95402758055,5.08015160475777e-06,49.8099755635857,1.59920320378694e-11,49.8676521611947,5.08013554237527e-06,49.7500003419576,1.59920320994275e-11,49.8653535370685,5.0801356134304e-06,0.450001325617525,0.630614033508451,49.9080551610937,5.08015160532523e-06
702,49.9540275802145,5.08015163458644e-06,49.8099755631258,1.59920319280926e-11,49.8676521599796,5.08013564488526e-06,49.7500003419574,1.59920317524153e-11,49.865353535749,5.08013564173964e-06,0.450001477659221,0.630614246573662,49.9080551604361,5.08015163386335e-06
703,49.9540275790991,5.08015164149889e-06,49.8099755619951,1.59920316130338e-11,49.8676521580849,5.08013554529746e-06,49.7500003419573,1.59920314054878e-11,49.8653535339717,5.08013565096094e-06,0.450001298139318,0.63061399500158,49.9080551581885,5.08015164248991e-06
704,49.9540275793496,5.08015165060614e-06,49.8099755621969,1.59920316843337e-11,49.8676521579669,5.08013577057453e-06,49.7500003419571,1.59920316967035e-11,49.865353533697,5.08013565691263e-06,0.4500015229469,0.630614310038022,49.90805515871,5.0801516494721e-06
705,49.9540275785444,5.08015163547702e-06,49.809975561462,1.5992031470036e-11,49.8676521569999,5.08013552092034e-06,49.750000341957,1.59920313499461e-11,49.8653535328045,5.08013564534687e-06,0.45000127402364,0.630613961206825,49.9080551570764,5.08015163680739e-06
706,49.9540275792727,5.08015163654797e-06,49.8099755621695,1.59920316805486e-11,49.8676521577873,5.08013578639201e-06,49.7500003419568,1.59920319603618e-11,49.8653535334588,5.0801356422785e-06,0.450001565816894,0.630614370114334,49.9080551585598,5.08015163500022e-06
707,49.9540275783778,5.08015161510442e-06,49.8099755613735,1.59920314436827e-11,49.867652156895,5.08013547629971e-06,49.7500003419566,1.5992031294745e-11,49.8653535327107,5.08013562558601e-06,0.450001234646009,0.630613906024572,49.9080551567393,5.08015161685307e-06
708,49.95402757974,5.0801516161017e-06,49.809975562708,1.59920318306063e-11,49.8676521586195,5.08013584604611e-06,49.7500003419565,1.5992031586302e-11,49.8653535341816,5.08013562063184e-06,0.450001645948676,0.630614482407839,49.9080551595017,5.0801516137617e-06
709,49.954027581517,5.08015155289686e-06,49.8099755647304,1.59920323541216e-11,49.8676521626337,5.08013567752308e-06,49.7500003419564,1.59920321969745e-11,49.8653535378026,5.08013556084048e-06,0.450001388503082,0.63061412163378,49.9080551630326,5.08015155311386e-06
710,49.9540275818821,5.08015153927238e-06,49.8099755651616,1.59920324625125e-11,49.8676521641884,5.08013553086593e-06,49.7500003419562,1.59920321696729e-11,49.8653535400363,5.08013554713873e-06,0.450001391498276,0.630614125831127,49.9080551637654,5.08015153914221e-06
711,49.9540275821499,5.08015156218421e-06,49.8099755653338,1.59920325177562e-11,49.8676521641787,5.08013598312537e-06,49.750000341956,1.59920324614866e-11,49.8653535400578,5.08013556815902e-06,0.450001488206257,0.630614261353861,49.9080551643107,5.08015156125111e-06
712,49.9540275808181,5.08015159275266e-06,49.8099755638968,1.59920321184382e-11,49.8676521619131,5.08013548310746e-06,49.7500003419559,1.59920324343555e-11,49.8653535377368,5.08013560238445e-06,0.450001285874632,0.630613977814336,49.9080551616224,5.08015159410115e-06
713,49.9540275804799,5.08015163602866e-06,49.8099755633889,1.59920320005523e-11,49.8676521604661,5.08013564985258e-06,49.7500003419557,1.5992032088279e-11,49.8653535363146,5.08013564210072e-06,0.450001512408961,0.630614295270571,49.9080551609749,5.08015163442906e-06
714,49.9540275791696,5.08015163908248e-06,49.8099755620694,1.59920316312348e-11,49.867652158323,5.08013549825711e-06,49.7500003419556,1.59920317422872e-11,49.8653535341424,5.08013565009226e-06,0.450001260389577,0.630613942100589,49.9080551583203,5.08015164109929e-06
715,49.954027579446,5.0801516584664e-06,49.809975562269,1.59920317053833e-11,49.8676521580686,5.0801357977842e-06,49.7500003419554,1.59920317154109e-11,49.8653535338974,5.08013566318564e-06,0.450001554264589,0.63061435392539,49.9080551589119,5.08015165627967e-06
716,49.9540275785984,5.08015163519478e-06,49.8099755615093,1.59920314823417e-11,49.8676521571248,5.08013552267011e-06,49.7500003419552,1.59920316886198e-11,49.8653535328252,5.08013564663698e-06,0.450001247895375,0.630613924591709,49.9080551571755,5.08015163759137e-06
717,49.9540275792912,5.08015164535754e-06,49.8099755621626,1.59920316791864e-11,49.8676521577697,5.08013578129541e-06,49.7500003419551,1.59920316619139e-11,49.8653535335622,5.08013564951204e-06,0.450001582248421,0.630614393140824,49.9080551586057,5.08015164274639e-06
718,49.9540275784894,5.08015161506615e-06,49.8099755614747,1.59920314722447e-11,49.8676521570729,5.08013551311585e-06,49.7500003419549,1.59920313162619e-11,49.865353532759,5.08013562701902e-06,0.45000122937348,0.630613898635859,49.9080551569546,5.08015161780531e-06
719,49.9540275792435,5.08015162948507e-06,49.8099755621748,1.59920316835777e-11,49.8676521577741,5.08013576476164e-06,49.7500003419548,1.59920316087575e-11,49.8653535335799,5.08013563316266e-06,0.450001601987692,0.630614420802656,49.9080551585129,5.08015162656557e-06
720,49.9540275783356,5.08015159874459e-06,49.8099755613815,1.59920314463152e-11,49.8676521569273,5.08013548050353e-06,49.7500003419546,1.59920312632756e-11,49.8653535326021,5.08013561120977e-06,0.450001210415512,0.630613872068914,49.9080551566441,5.08015160181367e-06
721,49.9540275791543,5.08015161664768e-06,49.8099755621336,1.59920316738627e-11,49.8676521576664,5.08013574977151e-06,49.7500003419545,1.59920315559417e-11,49.8653535334807,5.08013561992991e-06,0.450001621146866,0.630614447651565,49.9080551583367,5.08015161343974e-06
722,49.9540275782049,5.08015158327005e-06,49.8099755613083,1.59920314258791e-11,49.86765215681,5.08013545587522e-06,49.7500003419543,1.59920315296616e-11,49.865353532472,5.08013559617084e-06,0.450001193788699,0.630613848768757,49.9080551563803,5.08015158663329e-06
723,49.9540275791407,5.0801516032221e-06,49.8099755621702,1.59920316849987e-11,49.8676521577013,5.08013574758574e-06,49.7500003419542,1.59920318224985e-11,49.8653535335189,5.08013560605669e-06,0.450001641231379,0.630614475797205,49.9080551583122,5.08015159971728e-06
724,49.9540275781579,5.08015156754996e-06,49.8099755613197,1.59920314279802e-11,49.8676521568584,5.08013543514924e-06,49.750000341954,1.59920314773568e-11,49.865353532508,5.08013558086615e-06,0.450001176943182,0.630613825162116,49.9080551562839,5.08015157119917e-06
725,49.9540275791924,5.08015159058489e-06,49.8099755622692,1.59920317127112e-11,49.867652157864,5.08013574428371e-06,49.7500003419538,1.59920317703643e-11,49.865353533687,5.08013559298401e-06,0.450001660940508,0.630614503416798,49.9080551584181,5.08015158678518e-06
726,49.954027578141,5.08015155370879e-06,49.8099755613544,1.59920314361131e-11,49.8676521569617,5.08013541212331e-06,49.7500003419537,1.59920314253926e-11,49.8653535326037,5.08013556746234e-06,0.450001158655854,0.630613799534979,49.9080551562475,5.08015155765679e-06
727,49.954027579254,5.08015158056373e-06,49.8099755623684,1.59920317404856e-11,49.8676521580289,5.08013574431668e-06,49.7500003419535,1.59920317185708e-11,49.8653535338607,5.0801355825185e-06,0.450001680877892,0.630614531356258,49.908055158544,5.0801515764615e-06
728,49.954027577628,5.08015154771023e-06,49.8099755608659,1.5992031301057e-11,49.8676521562093,5.08013534559229e-06,49.7500003419534,1.59920316928017e-11,49.8653535319386,5.08013556277803e-06,0.450001099101759,0.630608639980959,49.9080551552138,5.08015155251542e-06
729,49.9540275752449,5.080151624234e-06,49.8099755582104,1.59920306099676e-11,49.8676521509886,5.08013546551238e-06,49.7500003419532,1.59920303909865e-11,49.8653535275422,5.08013563118134e-06,0.450001449820603,0.630614207561726,49.9080551504972,5.08015162326501e-06
730,49.9540275746744,5.08015162739122e-06,49.809975557596,1.59920304572845e-11,49.8676521489174,5.08013563602122e-06,49.750000341953,1.59920300463538e-11,49.865353524508,5.08013563594089e-06,0.450001435042155,0.630614186851794,49.9080551493445,5.08015162784614e-06
731,49.9540275741423,5.08015159100123e-06,49.8099755572183,1.59920303428619e-11,49.8676521486208,5.08013503408244e-06,49.7500003419529,1.5992030339872e-11,49.8653535242069,5.0801356013489e-06,0.45000131435564,0.630614017726493,49.9080551482701,5.08015159217393e-06
732,49.9540275758736,5.08015154041382e-06,49.8099755591236,1.59920308740897e-11,49.8676521515497,5.08013574961143e-06,49.7500003419527,1.59920306334757e-11,49.8653535271684,5.08013554623705e-06,0.450001588649713,0.630614402111342,49.9080551517659,5.08015153862743e-06
733,49.954027576235,5.08015147186316e-06,49.8099755597533,1.59920310172488e-11,49.8676521534665,5.08013540746512e-06,49.7500003419526,1.5992030927165e-11,49.8653535290518,5.08013548256229e-06,0.45000127442923,0.630613961775203,49.9080551524485,5.0801514740906e-06
734,49.9540275780805,5.08015145679552e-06,49.8099755616507,1.59920315487512e-11,49.8676521565104,5.08013569031556e-06,49.7500003419524,1.59920315399735e-11,49.865353532134,5.08013546046468e-06,0.450001635317946,0.630614467510355,49.908055156188,5.08015145394074e-06
735,49.9540275776718,5.08015141904173e-06,49.8099755613899,1.59920314490279e-11,49.8676521569255,5.08013524775199e-06,49.7500003419523,1.59920315148005e-11,49.8653535325404,5.08013543162378e-06,0.45000121411972,0.630613877259844,49.9080551553149,5.08015142217209e-06
736,49.954027578935,5.08015144253087e-06,49.8099755625633,1.59920317919794e-11,49.8676521584328,5.08013562572927e-06,49.7500003419521,1.59920318087465e-11,49.8653535342109,5.08013544546882e-06,0.450001658921826,0.630614500587898,49.9080551579012,5.0801514390605e-06
737,49.9540275779392,5.0801514189384e-06,49.8099755616583,1.59920315175695e-11,49.8676521575957,5.08013523556419e-06,49.750000341952,1.59920317837439e-11,49.8653535332526,5.08013543245237e-06,0.450001171694446,0.630613817806745,49.9080551558445,5.08015142273052e-06
738,49.954027579132,5.08015145525956e-06,49.8099755627139,1.59920318336817e-11,49.8676521587081,5.08013563358306e-06,49.7500003419518,1.59920314397925e-11,49.8653535345205,5.08013545740003e-06,0.450001688438683,0.630614541951651,49.9080551582996,5.08015145125501e-06
739,49.9540275780248,5.0801514275155e-06,49.8099755617109,1.59920315300061e-11,49.8676521577377,5.08013524361488e-06,49.7500003419516,1.59920314149601e-11,49.8653535333756,5.08013544177155e-06,0.450001141652595,0.630613775707285,49.9080551560117,5.08015143179728e-06
740,49.954027579367,5.08015146662857e-06,49.8099755629068,1.5992031886962e-11,49.8676521590378,5.08013566184942e-06,49.7500003419515,1.59920317092473e-11,49.8653535348667,5.08013546799288e-06,0.450001717919009,0.630614583264213,49.9080551587737,5.08015146211801e-06
741,49.9540275781635,5.08015143486235e-06,49.8099755618217,1.59920315578751e-11,49.8676521579976,5.08013525677602e-06,49.7500003419513,1.59920316845853e-11,49.8653535336239,5.08013544973513e-06,0.450001113177205,0.630608659705572,49.9080551562854,5.08015143958892e-06
742,49.9540275795756,5.08015147900249e-06,49.8099755630696,1.59920319319731e-11,49.8676521593205,5.08013568713744e-06,49.7500003419512,1.59920319790433e-11,49.8653535351687,5.08013547969968e-06,0.450001743847688,0.630614619599637,49.9080551591947,5.08015147404421e-06
743,49.9540275782048,5.08015144506836e-06,49.8099755618246,1.59920315568494e-11,49.8676521580608,5.08013525097673e-06,49.750000341951,1.59920316355169e-11,49.8653535336811,5.08013546061005e-06,0.450001083628911,0.630608618298097,49.9080551563642,5.08015145023728e-06
744,49.9540275796709,5.08015149368091e-06,49.8099755631102,1.59920319444788e-11,49.8676521593638,5.08013571052356e-06,49.7500003419509,1.59920319301454e-11,49.8653535352314,5.08013549374989e-06,0.450001769610114,0.63061465570208,49.9080551593891,5.08015148828872e-06
745,49.9540275781531,5.08015145613761e-06,49.8099755617311,1.59920315301886e-11,49.8676521579279,5.0801352480186e-06,49.7500003419507,1.5992031267754e-11,49.8653535335403,5.08013547233407e-06,0.450001054513928,0.630608577497841,49.9080551562571,5.08015146175239e-06
746,49.9540275797186,5.08015150755892e-06,49.809975563106,1.59920319452302e-11,49.8676521593068,5.08013573749449e-06,49.7500003419506,1.59920318815881e-11,49.8653535351869,5.08013550697607e-06,0.450001797149629,0.630614694294866,49.9080551594883,5.08015150172287e-06
747,49.954027578081,5.08015146521273e-06,49.8099755616246,1.59920315000464e-11,49.8676521577661,5.0801352426729e-06,49.7500003419504,1.59920312193664e-11,49.8653535333664,5.08013548207266e-06,0.450001025048627,0.630608536206668,49.908055156109,5.08015147128026e-06
748,49.9540275804944,5.08015151147861e-06,49.8099755638637,1.59920321546034e-11,49.8676521604915,5.08013583049056e-06,49.7500003419503,1.5992032152407e-11,49.8653535362431,5.08013550894692e-06,0.450001885589325,0.630614818230752,49.9080551610511,5.08015150437313e-06
749,49.9540275840268,5.08015139627819e-06,49.8099755678065,1.59920331808836e-11,49.8676521682442,5.08013565068973e-06,49.7500003419501,1.59920334045696e-11,49.865353542777,5.08013540575534e-06,0.450001366944861,0.630614091422943,49.9080551680427,5.08015139771396e-06
750,49.9540275848774,5.08015138985668e-06,49.8099755687282,1.59920334103192e-11,49.8676521713345,5.08013539689712e-06,49.75000034195,1.59920330616396e-11,49.8653535472922,5.0801353969668e-06,0.450001388849758,0.630614122119598,49.9080551697609,5.08015138918472e-06
751,49.9540275856702,5.08015144217885e-06,49.8099755692982,1.59920335826931e-11,49.8676521717964,5.08013628581795e-06,49.7500003419498,1.59920333568666e-11,49.8653535477609,5.08013544662708e-06,0.45000156743804,0.630614372386143,49.9080551713618,5.08015144044293e-06
752,49.9540275831144,5.08015151570754e-06,49.8099755664898,1.59920327996465e-11,49.8676521674841,5.0801352261572e-06,49.7500003419496,1.59920326950705e-11,49.8653535434005,5.08013552684769e-06,0.45000116175062,0.630613803871862,49.9080551662011,5.08015151834752e-06
753,49.9540275825842,5.08015161598501e-06,49.8099755655668,1.59920325902546e-11,49.8676521646663,5.08013573107932e-06,49.7500003419495,1.5992032352395e-11,49.8653535406323,5.0801356199137e-06,0.450001626567127,0.630614455247304,49.9080551652003,5.08015161268759e-06
754,49.9540275798584,5.08015163730644e-06,49.8099755627676,1.59920318061566e-11,49.8676521601792,5.08013531174989e-06,49.7500003419493,1.59920316907675e-11,49.8653535360887,5.08013565163389e-06,0.450001092796753,0.630608631145444,49.9080551596768,5.08015164152766e-06
755,49.9540275804663,5.08015169231876e-06,49.8099755631597,1.59920319554566e-11,49.8676521595782,5.08013596555383e-06,49.7500003419492,1.59920319863343e-11,49.8653535355008,5.08013569346206e-06,0.450001715839506,0.630614580350079,49.908055160975,5.08015168769089e-06
756,49.9540275786009,5.08015165685832e-06,49.8099755614295,1.59920314497731e-11,49.8676521573603,5.08013540577132e-06,49.750000341949,1.59920316439129e-11,49.8653535330416,5.08013567226737e-06,0.450001057944904,0.630608582305837,49.9080551571557,5.08015166199311e-06
757,49.9540275800764,5.0801516911385e-06,49.809975562773,1.59920318570568e-11,49.8676521586085,5.08013598232872e-06,49.7500003419488,1.599203193965e-11,49.8653535344691,5.08013569090373e-06,0.450001778634937,0.63061466834911,49.908055160203,5.08015168552538e-06
758,49.9540275783144,5.0801516368871e-06,49.8099755612157,1.59920313906798e-11,49.8676521569717,5.08013539302884e-06,49.7500003419487,1.59920312783615e-11,49.8653535326024,5.08013565347442e-06,0.450001014324451,0.630608521178354,49.9080551565762,5.08015164281187e-06
759,49.9540275799541,5.08015167747084e-06,49.8099755627027,1.59920318409043e-11,49.8676521584144,5.08013596942569e-06,49.7500003419485,1.59920318933063e-11,49.8653535343034,5.0801356761369e-06,0.450001823103079,0.630614730665002,49.9080551599642,5.08015167113899e-06
760,49.9540275768168,5.08015163096642e-06,49.8099755597469,1.599203098725e-11,49.8676521545929,5.08013529584355e-06,49.7500003419484,1.59920312321874e-11,49.8653535305098,5.08013565042687e-06,0.45000087889707,0.630608331397314,49.9080551535643,5.08015163879736e-06
761,49.9540275741552,5.08015174189616e-06,49.809975556653,1.59920302083889e-11,49.8676521474519,5.08013579870233e-06,49.7500003419482,1.59920302521152e-11,49.865353523653,5.08013574873799e-06,0.450001504894858,0.630614284740605,49.908055148317,5.08015174114189e-06
762,49.9540275741738,5.08015169161149e-06,49.8099755568739,1.59920302516491e-11,49.8676521477086,5.08013506348536e-06,49.750000341948,1.59920302292398e-11,49.8653535230361,5.08013570133197e-06,0.450001301855241,0.630614000208929,49.908055148335,5.08015169246119e-06
763,49.9540275759609,5.08015160971758e-06,49.8099755589483,1.59920308229056e-11,49.8676521513582,5.08013587392248e-06,49.7500003419479,1.59920308445252e-11,49.8653535270168,5.08013561714072e-06,0.450001496445879,0.63061427290054,49.908055151928,5.08015160928971e-06
764,49.9540275770163,5.08015155589484e-06,49.809975560219,1.59920311568002e-11,49.8676521540742,5.08013553115812e-06,49.7500003419477,1.59920314598965e-11,49.8653535297326,5.08013556226984e-06,0.45000148917859,0.630614262716449,49.9080551540422,5.08015155480643e-06
765,49.9540275775397,5.08015151957677e-06,49.8099755608724,1.59920313268986e-11,49.8676521554358,5.08013557423667e-06,49.7500003419476,1.59920314372775e-11,49.8653535310389,5.08013552852026e-06,0.450001394175587,0.630614129583005,49.9080551550741,5.08015152022017e-06
766,49.9540275777746,5.08015150753282e-06,49.8099755611564,1.59920314037246e-11,49.8676521560848,5.08013549963033e-06,49.7500003419474,1.59920314147438e-11,49.8653535317936,5.08013551546463e-06,0.450001433573503,0.630614184793683,49.9080551555504,5.08015150745086e-06
767,49.9540275776245,5.08015150171412e-06,49.8099755610304,1.59920313671439e-11,49.8676521559457,5.08013547454194e-06,49.7500003419473,1.59920313922951e-11,49.8653535317247,5.08013550996251e-06,0.45000140110097,0.630614139287962,49.908055155246,5.08015150195752e-06
768,49.9540275777527,5.08015149853546e-06,49.8099755611685,1.59920314069262e-11,49.8676521560935,5.08013554038616e-06,49.7500003419471,1.59920313699316e-11,49.8653535318307,5.0801355062322e-06,0.450001435946835,0.630614188119577,49.9080551555066,5.08015149840048e-06
769,49.9540275777623,5.08015149135846e-06,49.8099755612059,1.59920314146889e-11,49.8676521562391,5.08013546090869e-06,49.7500003419469,1.59920310286145e-11,49.8653535319551,5.08013549971837e-06,0.450001406018265,0.630614146178864,49.9080551555221,5.08015149160565e-06
770,49.9540275780624,5.08015148490588e-06,49.8099755615292,1.59920315034129e-11,49.8676521567884,5.08013549913741e-06,49.7500003419468,1.59920313254599e-11,49.8653535324863,5.08013549263444e-06,0.450001438717341,0.630614192002055,49.9080551561265,5.08015148472623e-06
771,49.9540275781807,5.08015147731136e-06,49.8099755616771,1.59920315405631e-11,49.8676521571586,5.08013546235515e-06,49.7500003419467,1.59920319414295e-11,49.86535353287,5.08013548558661e-06,0.45000140933647,0.630614150828865,49.9080551563596,5.08015147750393e-06
772,49.9540275784678,5.08015147418113e-06,49.8099755619754,1.59920316220894e-11,49.8676521576824,5.08013550178423e-06,49.7500003419465,1.59920312813287e-11,49.8653535333921,5.08013548186732e-06,0.45000143697047,0.630614189554059,49.9080551569373,5.08015147400056e-06
773,49.9540275785375,5.08015147178988e-06,49.8099755620551,1.59920316412535e-11,49.8676521579173,5.0801354653436e-06,49.7500003419463,1.599203157843e-11,49.8653535336406,5.08013548000238e-06,0.450001409682316,0.63061415131352,49.9080551570735,5.08015147195329e-06
774,49.95402757873,5.08015147355516e-06,49.8099755622405,1.59920316924226e-11,49.8676521582294,5.08013549895822e-06,49.7500003419462,1.59920315565774e-11,49.8653535339529,5.08013548127365e-06,0.450001433379997,0.630614184522512,49.9080551574616,5.08015147339574e-06
775,49.9540275787308,5.08015147523272e-06,49.8099755622358,1.59920316893696e-11,49.8676521582867,5.08013546960112e-06,49.750000341946,1.59920318538494e-11,49.8653535340215,5.0801354834226e-06,0.45000140939493,0.630614150910789,49.9080551574603,5.08015147538026e-06
776,49.9540275788487,5.08015147955638e-06,49.8099755623369,1.59920317179142e-11,49.8676521584363,5.08013550149014e-06,49.7500003419459,1.59920321512068e-11,49.8653535341693,5.08013548731289e-06,0.450001430272196,0.630614180167363,49.9080551576987,5.08015147941842e-06
777,49.9540275788124,5.08015148284216e-06,49.8099755622889,1.59920317035961e-11,49.8676521583961,5.0801354780832e-06,49.7500003419457,1.599203181057e-11,49.8653535341368,5.08013549100838e-06,0.450001409529967,0.630614151100024,49.9080551576237,5.0801514829709e-06
778,49.9540275788902,5.08015148768712e-06,49.8099755623479,1.59920317207629e-11,49.8676521584662,5.08013550732287e-06,49.7500003419456,1.5992031789058e-11,49.8653535342036,5.08013549547375e-06,0.450001427948959,0.63061417691167,49.9080551577815,5.08015148756931e-06
779,49.9540275788422,5.08015149110686e-06,49.8099755622876,1.59920317033835e-11,49.8676521583929,5.08013548777173e-06,49.7500003419454,1.5992031767631e-11,49.8653535341356,5.08013549924797e-06,0.450001409986145,0.630614151739294,49.9080551576833,5.0801514912182e-06
780,49.9540275788995,5.08015149555976e-06,49.8099755623277,1.59920317153461e-11,49.8676521584304,5.08013551367358e-06,49.7500003419452,1.59920320653294e-11,49.8653535341694,5.08013550336876e-06,0.450001426160846,0.63061417440588,49.9080551578001,5.08015149545554e-06
781,49.9540275788507,5.0801514985777e-06,49.8099755622679,1.59920316982959e-11,49.8676521583516,5.08013549672284e-06,49.7500003419451,1.59920317250324e-11,49.8653535340948,5.08013550669612e-06,0.450001410547865,0.630614152526466,49.9080551577005,5.08015149867515e-06
782,49.9540275788959,5.08015150239028e-06,49.8099755622983,1.59920317075283e-11,49.8676521583749,5.08013551928315e-06,49.7500003419449,1.59920317038608e-11,49.8653535341145,5.08013551021954e-06,0.45000142470586,0.630614172366919,49.9080551577927,5.08015150229949e-06
783,49.9540275788498,5.08015150489212e-06,49.8099755622432,1.59920316918515e-11,49.8676521582999,5.0801355043597e-06,49.7500003419448,1.59920316827742e-11,49.865353534043,5.08013551299126e-06,0.450001411112818,0.630614153318169,49.9080551576988,5.08015150497795e-06
784,49.9540275788866,5.08015150805524e-06,49.8099755622677,1.59920316993813e-11,49.8676521583161,5.0801355238761e-06,49.7500003419446,1.59920316617727e-11,49.865353534056,5.0801355159003e-06,0.450001423493598,0.630614170668104,49.908055157774,5.08015150797564e-06
785,49.9540275788444,5.08015151005407e-06,49.8099755622183,1.59920316853742e-11,49.8676521582481,5.0801355106263e-06,49.7500003419445,1.59920316408563e-11,49.8653535339909,5.08013551813617e-06,0.450001411655141,0.630614154078158,49.9080551576882,5.08015151012751e-06
786,49.9540275788752,5.08015151262088e-06,49.809975562239,1.59920316917799e-11,49.8676521582609,5.08013552745426e-06,49.7500003419443,1.59920316200251e-11,49.8653535340008,5.08013552048246e-06,0.450001422480522,0.63061416924842,49.9080551577511,5.08015151255131e-06
787,49.9540275788375,5.08015151417185e-06,49.8099755621957,1.59920316795064e-11,49.8676521582011,5.08013551569101e-06,49.7500003419441,1.59920315992789e-11,49.8653535339435,5.08013552223918e-06,0.450001412167544,0.630614154796221,49.9080551576743,5.0801515142366e-06
788,49.9540275788638,5.08015151622062e-06,49.8099755622139,1.59920316851408e-11,49.8676521582125,5.08013553016942e-06,49.750000341944,1.59920315786178e-11,49.8653535339523,5.08013552409673e-06,0.450001421632578,0.630614168060144,49.9080551577281,5.08015151616109e-06
789,49.9540275788305,5.08015151739118e-06,49.8099755621765,1.59920316745425e-11,49.8676521581611,5.08013551973635e-06,49.7500003419438,1.59920315580417e-11,49.865353533903,5.08013552544679e-06,0.450001412646321,0.630614155467159,49.9080551576605,5.08015151744894e-06
790,49.9540275788534,5.08015151900865e-06,49.8099755621929,1.5992031679604e-11,49.8676521581722,5.08013553219766e-06,49.7500003419437,1.59920315375508e-11,49.8653535339118,5.08013552689575e-06,0.450001420918781,0.630614167059857,49.9080551577073,5.08015151895597e-06
791,49.9540275788244,5.08015151987062e-06,49.8099755621609,1.59920316705337e-11,49.8676521581286,5.0801355229547e-06,49.7500003419435,1.59920311981031e-11,49.8653535338701,5.08013552791494e-06,0.450001413087844,0.630614156085892,49.9080551576484,5.08015151991913e-06
792,49.9540275788445,5.08015152113634e-06,49.8099755621759,1.59920316751331e-11,49.8676521581396,5.08013553365742e-06,49.7500003419434,1.59920318158662e-11,49.8653535338791,5.08013552903392e-06,0.450001420314927,0.63061416621364,49.9080551576895,5.08015152109237e-06
793,49.9540275788194,5.08015152175669e-06,49.8099755621486,1.59920316673998e-11,49.8676521581029,5.08013552544665e-06,49.7500003419432,1.59920317956306e-11,49.865353533844,5.0801355297922e-06,0.450001413489107,0.630614156648206,49.9080551576385,5.08015152179996e-06
794,49.9540275788372,5.08015152274363e-06,49.8099755621624,1.59920316715972e-11,49.8676521581138,5.08013553471979e-06,49.7500003419431,1.59920320945225e-11,49.8653535338532,5.08013553064988e-06,0.450001419802625,0.63061416549572,49.9080551576747,5.08015152270218e-06
795,49.9540275788155,5.08015152317982e-06,49.8099755621392,1.59920316650153e-11,49.8676521580831,5.08013552739733e-06,49.7500003419429,1.59920317554148e-11,49.8653535338239,5.08013553120621e-06,0.450001413850472,0.630614157154609,49.9080551576307,5.08015152321786e-06
796,49.9540275788312,5.08015152394762e-06,49.8099755621518,1.5992031668838e-11,49.8676521580938,5.08013553540818e-06,49.7500003419427,1.59920320544771e-11,49.8653535338331,5.08013553186172e-06,0.450001419365425,0.630614164883046,49.9080551576628,5.08015152391181e-06
797,49.9540275788126,5.08015152424508e-06,49.8099755621321,1.59920316632401e-11,49.867652158068,5.08013552895782e-06,49.7500003419426,1.59920317155393e-11,49.8653535338085,5.08013553226381e-06,0.450001414174631,0.630614157608873,49.9080551576248,5.08015152428015e-06
798,49.9540275788265,5.08015152484225e-06,49.8099755621435,1.59920316667099e-11,49.8676521580783,5.08013553584592e-06,49.7500003419424,1.59920320147721e-11,49.8653535338175,5.08013553276321e-06,0.450001418990603,0.630614164357785,49.9080551576533,5.08015152481221e-06
799,49.9540275788104,5.0801515250385e-06,49.8099755621267,1.59920316619488e-11,49.8676521580567,5.08013553015135e-06,49.7500003419423,1.59920316760042e-11,49.865353533797,5.08013553305078e-06,0.450001414464248,0.63061415801473,49.9080551576205,5.08015152506778e-06
800,49.9540275788227,5.08015152550388e-06,49.8099755621371,1.59920316650821e-11,49.8676521580665,5.08013553612354e-06,49.7500003419421,1.59920316563642e-11,49.8653535338057,5.08013553343114e-06,0.450001418668535,0.630614163906452,49.9080551576457,5.08015152547705e-06
801,49.9540275788088,5.08015152562688e-06,49.8099755621228,1.59920316610195e-11,49.8676521580484,5.08013553113451e-06,49.7500003419419,1.59920316368093e-11,49.8653535337885,5.0801355336339e-06,0.450001414720673,0.630614158374075,49.9080551576174,5.08015152565167e-06
802,49.9540275788198,5.08015152599122e-06,49.8099755621322,1.59920316638436e-11,49.8676521580575,5.08013553626741e-06,49.7500003419418,1.59920316173395e-11,49.8653535337967,5.08013553392344e-06,0.450001418392071,0.630614163519026,49.9080551576397,5.08015152596727e-06
803,49.9540275788078,5.08015152606155e-06,49.80997556212,1.5992031660374e-11,49.8676521580423,5.08013553184858e-06,49.7500003419416,1.59920315979547e-11,49.8653535337823,5.0801355340639e-06,0.450001414947341,0.630614158691718,49.9080551576153,5.08015152608368e-06
804,49.9540275788174,5.08015152634808e-06,49.8099755621284,1.59920316629015e-11,49.8676521580507,5.08013553634114e-06,49.7500003419415,1.59920312596113e-11,49.8653535337899,5.08013553428486e-06,0.450001418153413,0.63061416318458,49.908055157635,5.08015152632834e-06
805,49.9540275788071,5.08015152638205e-06,49.8099755621179,1.59920316599358e-11,49.8676521580378,5.08013553248061e-06,49.7500003419413,1.59920315594404e-11,49.8653535337777,5.08013553437978e-06,0.450001415147654,0.630614158972429,49.908055157614,5.08015152640019e-06
806,49.9540275788156,5.08015152660726e-06,49.8099755621254,1.5992031662196e-11,49.8676521580456,5.08013553634105e-06,49.7500003419412,1.59920315403109e-11,49.8653535337848,5.08013553454917e-06,0.450001417947135,0.63061416289551,49.9080551576313,5.08015152659027e-06
807,49.9540275788066,5.08015152661759e-06,49.8099755621164,1.59920316596486e-11,49.8676521580346,5.08013553292984e-06,49.750000341941,1.59920312022223e-11,49.8653535337745,5.08013553461169e-06,0.450001415323725,0.630614159219167,49.9080551576131,5.08015152663484e-06
808,49.9540275788141,5.08015152679836e-06,49.8099755621231,1.59920316616705e-11,49.8676521580417,5.08013553634892e-06,49.7500003419408,1.59920311832627e-11,49.8653535337809,5.0801355347418e-06,0.45000141776887,0.630614162645696,49.9080551576284,5.08015152678035e-06
809,49.9540275788064,5.08015152679052e-06,49.8099755621154,1.59920316594778e-11,49.8676521580324,5.08013553330984e-06,49.7500003419407,1.59920318024772e-11,49.8653535337721,5.08013553478146e-06,0.450001415478414,0.630614159435943,49.9080551576126,5.08015152680491e-06
810,49.954027578813,5.08015152693387e-06,49.8099755621213,1.59920316612687e-11,49.8676521580388,5.08013553624306e-06,49.7500003419406,1.59920321027327e-11,49.865353533778,5.0801355348826e-06,0.450001417614431,0.630614162429272,49.9080551576262,5.08015152692224e-06
811,49.9540275788063,5.08015152691776e-06,49.8099755621146,1.59920316593779e-11,49.8676521580308,5.08013553358754e-06,49.7500003419404,1.59920320840288e-11,49.8653535337705,5.08013553490611e-06,0.450001415614069,0.630614159626044,49.9080551576124,5.08015152693224e-06
812,49.9540275788121,5.08015152703315e-06,49.8099755621199,1.5992031660976e-11,49.8676521580365,5.0801355361818e-06,49.7500003419402,1.5992031746365e-11,49.8653535337758,5.08013553498412e-06,0.450001417480618,0.630614162241751,49.9080551576243,5.08015152702228e-06
813,49.9540275788063,5.08015152701035e-06,49.8099755621141,1.5992031659349e-11,49.8676521580297,5.08013553387357e-06,49.7500003419401,1.59920317278311e-11,49.8653535337694,5.08013553499613e-06,0.450001415733187,0.630614159792971,49.9080551576124,5.08015152702228e-06
814,49.9540275788114,5.08015152710484e-06,49.8099755621187,1.59920316607561e-11,49.8676521580349,5.08013553608549e-06,49.7500003419399,1.59920317093823e-11,49.8653535337741,5.08013553505783e-06,0.450001417363732,0.630614162077953,49.9080551576228,5.08015152709504e-06
815,49.9540275788063,5.08015152707964e-06,49.8099755621137,1.59920316593565e-11,49.867652158029,5.08013553410099e-06,49.7500003419398,1.59920316910185e-11,49.8653535337686,5.08013553506237e-06,0.450001415838286,0.630614159940253,49.9080551576125,5.08015152708776e-06
816,49.9540275788108,5.08015152715644e-06,49.8099755621178,1.5992031660598e-11,49.8676521580336,5.08013553602217e-06,49.7500003419396,1.59920316727397e-11,49.8653535337728,5.08013553511095e-06,0.450001417261863,0.630614161935197,49.9080551576217,5.08015152714688e-06
817,49.9540275788064,5.08015152712926e-06,49.8099755621134,1.59920316593858e-11,49.8676521580285,5.08013553422672e-06,49.7500003419394,1.5992031654546e-11,49.8653535337681,5.08013553511034e-06,0.45000141592995,0.630614160068707,49.9080551576127,5.08015152713779e-06
818,49.9540275788103,5.08015152719286e-06,49.809975562117,1.59920316604854e-11,49.8676521580326,5.08013553595874e-06,49.7500003419393,1.59920316364374e-11,49.8653535337718,5.08013553514913e-06,0.450001417173707,0.630614161811659,49.9080551576207,5.08015152718326e-06
819,49.9540275788065,5.08015152716629e-06,49.8099755621133,1.59920316594369e-11,49.8676521580282,5.08013553440033e-06,49.7500003419391,1.59920316184139e-11,49.8653535337678,5.08013553514546e-06,0.450001416010406,0.630614160181455,49.9080551576129,5.08015152717235e-06
820,49.9540275788099,5.08015152721958e-06,49.8099755621164,1.59920316604038e-11,49.8676521580318,5.08013553587117e-06,49.750000341939,1.59920316004753e-11,49.8653535337711,5.0801355351766e-06,0.450001417095991,0.630614161702751,49.9080551576199,5.08015152721055e-06
821,49.9540275788066,5.08015152719278e-06,49.8099755621131,1.59920316595026e-11,49.8676521580281,5.08013553452612e-06,49.7500003419388,1.59920315826219e-11,49.8653535337676,5.08013553517118e-06,0.450001416081888,0.630614160281626,49.9080551576131,5.08015152720054e-06
822,49.9540275788096,5.08015152723723e-06,49.8099755621158,1.59920316603494e-11,49.8676521580312,5.08013553579117e-06,49.7500003419387,1.59920315648535e-11,49.8653535337705,5.08013553519625e-06,0.450001417027568,0.630614161606865,49.9080551576193,5.08015152723146e-06
823,49.9540275788067,5.08015152721379e-06,49.809975562113,1.59920316595737e-11,49.867652158028,5.08013553462093e-06,49.7500003419385,1.59920312281237e-11,49.8653535337675,5.08013553519016e-06,0.450001416144597,0.630614160369504,49.9080551576134,5.08015152721873e-06
824,49.9540275788094,5.0801515272499e-06,49.8099755621154,1.59920316603223e-11,49.8676521580307,5.08013553575027e-06,49.7500003419383,1.59920315295719e-11,49.86535353377,5.0801355352104e-06,0.450001416968324,0.630614161523843,49.9080551576187,5.0801515272442e-06
825,49.9540275788068,5.08015152722817e-06,49.8099755621129,1.59920316596448e-11,49.8676521580279,5.08013553471441e-06,49.7500003419382,1.59920315120586e-11,49.8653535337674,5.08013553520399e-06,0.45000141619862,0.630614160445211,49.9080551576136,5.08015152723328e-06
826,49.9540275788091,5.0801515272591e-06,49.809975562115,1.59920316603025e-11,49.8676521580303,5.08013553569639e-06,49.750000341938,1.59920311755835e-11,49.8653535337697,5.08013553522086e-06,0.450001416917417,0.630614161452505,49.9080551576183,5.08015152725602e-06
827,49.9540275788068,5.08015152724985e-06,49.8099755621127,1.59920316596868e-11,49.8676521580275,5.08013553511136e-06,49.7500003419379,1.59920317963344e-11,49.8653535337675,5.08013553521961e-06,0.450001416244141,0.630614160509002,49.9080551576136,5.08015152725147e-06
828,49.9540275788092,5.08015152725288e-06,49.8099755621148,1.59920316603627e-11,49.8676521580306,5.08013553530352e-06,49.7500003419377,1.59920320981236e-11,49.8653535337694,5.08013553521999e-06,0.450001416882895,0.630614161404127,49.9080551576183,5.08015152725329e-06
829,49.9540275788067,5.08015152725961e-06,49.8099755621124,1.5992031659707e-11,49.8676521580273,5.08013553511758e-06,49.7500003419376,1.59920320809509e-11,49.8653535337673,5.08013553522871e-06,0.450001416257649,0.630614160527932,49.9080551576134,5.08015152726057e-06
830,49.9540275788092,5.0801515272582e-06,49.8099755621147,1.59920316604283e-11,49.8676521580306,5.08013553533134e-06,49.7500003419374,1.59920317448156e-11,49.8653535337694,5.08013553522496e-06,0.450001416889152,0.630614161412894,49.9080551576184,5.08015152725693e-06
831,49.9540275788066,5.0801515272641e-06,49.8099755621121,1.59920316597309e-11,49.8676521580271,5.0801355351168e-06,49.7500003419373,1.59920317278128e-11,49.8653535337672,5.08013553523366e-06,0.450001416240412,0.630614160503776,49.9080551576132,5.08015152726239e-06
832,49.9540275788093,5.08015152726111e-06,49.8099755621146,1.59920316604977e-11,49.8676521580307,5.08013553536283e-06,49.7500003419371,1.5992031710895e-11,49.8653535337694,5.080135535229e-06,0.450001416909024,0.630614161440742,49.9080551576185,5.08015152726057e-06
833,49.9540275788065,5.08015152726803e-06,49.8099755621118,1.59920316597547e-11,49.8676521580269,5.08013553510964e-06,49.7500003419369,1.59920316940623e-11,49.865353533767,5.08013553523726e-06,0.450001416219624,0.630614160474644,49.908055157613,5.08015152726784e-06
834,49.9540275788093,5.08015152726455e-06,49.8099755621145,1.5992031660567e-11,49.8676521580307,5.08013553536958e-06,49.7500003419368,1.59920316773146e-11,49.8653535337694,5.08013553523163e-06,0.450001416930016,0.63061416147016,49.9080551576187,5.0801515272633e-06
835,49.9540275788064,5.08015152727078e-06,49.8099755621116,1.59920316597785e-11,49.8676521580268,5.08013553510417e-06,49.7500003419366,1.5992031660652e-11,49.8653535337669,5.08013553524001e-06,0.450001416198321,0.630614160444792,49.9080551576129,5.08015152727148e-06
836,49.9540275788094,5.08015152726641e-06,49.8099755621144,1.59920316606399e-11,49.8676521580308,5.08013553537573e-06,49.7500003419365,1.59920316440743e-11,49.8653535337694,5.08013553523355e-06,0.450001416951397,0.630614161500122,49.9080551576188,5.08015152726512e-06
837,49.9540275788063,5.08015152727179e-06,49.8099755621113,1.59920316598023e-11,49.8676521580266,5.08013553507542e-06,49.7500003419363,1.59920316275818e-11,49.8653535337668,5.08013553524223e-06,0.450001416176217,0.630614160413816,49.9080551576127,5.0801515272733e-06
838,49.9540275788095,5.08015152726797e-06,49.8099755621143,1.59920316607165e-11,49.8676521580309,5.08013553541632e-06,49.7500003419362,1.59920316111742e-11,49.8653535337695,5.08013553523543e-06,0.450001416974224,0.630614161532111,49.908055157619,5.08015152726693e-06
839,49.9540275788062,5.0801515272749e-06,49.8099755621111,1.5992031659828e-11,49.8676521580265,5.08013553510078e-06,49.750000341936,1.59920315948517e-11,49.8653535337667,5.08013553524375e-06,0.45000141615246,0.630614160380523,49.9080551576125,5.08015152727421e-06
840,49.9540275788096,5.08015152726941e-06,49.8099755621142,1.59920316607967e-11,49.867652158031,5.08013553538682e-06,49.7500003419358,1.59920315786143e-11,49.8653535337695,5.08013553523557e-06,0.450001416998834,0.630614161566599,49.9080551576192,5.08015152726875e-06
841,49.9540275788061,5.08015152727532e-06,49.8099755621108,1.59920316598518e-11,49.8676521580263,5.08013553506284e-06,49.7500003419357,1.59920315624618e-11,49.8653535337666,5.08013553524476e-06,0.450001416126675,0.630614160344389,49.9080551576123,5.08015152727694e-06
842,49.9540275788097,5.08015152727003e-06,49.8099755621142,1.59920316608769e-11,49.8676521580312,5.08013553537526e-06,49.7500003419355,1.59920315463944e-11,49.8653535337696,5.08013553523618e-06,0.450001417025628,0.630614161604147,49.9080551576194,5.08015152726966e-06
843,49.954027578806,5.08015152727608e-06,49.8099755621105,1.5992031659872e-11,49.8676521580262,5.08013553506112e-06,49.7500003419354,1.59920312113626e-11,49.8653535337665,5.08013553524574e-06,0.450001416099218,0.630614160305912,49.908055157612,5.08015152727785e-06
844,49.9540275788098,5.08015152727016e-06,49.8099755621141,1.59920316609626e-11,49.8676521580313,5.08013553540591e-06,49.7500003419352,1.59920315145147e-11,49.8653535337697,5.0801355352365e-06,0.450001417053475,0.630614161643171,49.9080551576196,5.08015152727057e-06
845,49.9540275788059,5.08015152727662e-06,49.8099755621103,1.59920316598959e-11,49.867652158026,5.08013553503756e-06,49.7500003419351,1.59920314987024e-11,49.8653535337664,5.08013553524671e-06,0.450001416070544,0.63061416026573,49.9080551576118,5.08015152727876e-06
846,49.9540275788099,5.0801515272705e-06,49.8099755621141,1.59920316610465e-11,49.8676521580314,5.0801355354376e-06,49.7500003419349,1.59920314829751e-11,49.8653535337698,5.08013553523705e-06,0.450001417083259,0.630614161684908,49.9080551576198,5.08015152726966e-06
847,49.9540275788058,5.08015152727688e-06,49.80997556211,1.59920316599179e-11,49.8676521580258,5.0801355350575e-06,49.7500003419348,1.59920317863829e-11,49.8653535337663,5.08013553524766e-06,0.45000141603955,0.630614160222295,49.9080551576115,5.08015152727876e-06
848,49.95402757881,5.08015152727093e-06,49.8099755621141,1.59920316611394e-11,49.8676521580316,5.08013553545776e-06,49.7500003419346,1.59920317708258e-11,49.8653535337699,5.0801355352368e-06,0.450001417115344,0.630614161729872,49.9080551576201,5.08015152726784e-06
849,49.9540275788056,5.0801515272779e-06,49.8099755621097,1.59920316599344e-11,49.8676521580256,5.08013553505703e-06,49.7500003419344,1.59920317553537e-11,49.8653535337662,5.08013553524801e-06,0.450001416006509,0.630614160175993,49.9080551576113,5.08015152727694e-06
850,49.9540275788102,5.08015152727063e-06,49.809975562114,1.59920316612287e-11,49.8676521580318,5.08013553545336e-06,49.7500003419343,1.59920317399667e-11,49.86535353377,5.08013553523667e-06,0.450001417149299,0.630614161777454,49.9080551576204,5.08015152726875e-06
851,49.9540275788055,5.080151527278e-06,49.8099755621094,1.59920316599491e-11,49.8676521580255,5.08013553502229e-06,49.7500003419341,1.59920317246646e-11,49.8653535337661,5.08013553524891e-06,0.450001415971533,0.63061416012698,49.908055157611,5.08015152728058e-06
852,49.9540275788103,5.08015152727059e-06,49.809975562114,1.59920316613253e-11,49.867652158032,5.08013553545685e-06,49.750000341934,1.59920317094477e-11,49.8653535337701,5.08013553523665e-06,0.450001417184889,0.630614161827328,49.9080551576206,5.08015152726966e-06
853,49.9540275788054,5.08015152727855e-06,49.8099755621091,1.59920316599657e-11,49.8676521580253,5.08013553500499e-06,49.7500003419338,1.59920316943157e-11,49.865353533766,5.08013553524892e-06,0.450001415935557,0.630614160076565,49.9080551576107,5.08015152728058e-06
854,49.9540275788105,5.08015152727029e-06,49.809975562114,1.59920316614219e-11,49.8676521580322,5.08013553546498e-06,49.7500003419337,1.59920316792687e-11,49.8653535337702,5.08013553523585e-06,0.450001417221884,0.630614161879172,49.9080551576209,5.08015152726784e-06
855,49.9540275788052,5.08015152727847e-06,49.8099755621088,1.5992031659975e-11,49.8676521580251,5.08013553497673e-06,49.7500003419335,1.59920316643068e-11,49.8653535337658,5.08013553524932e-06,0.450001415897044,0.630614160022594,49.9080551576104,5.08015152728058e-06
856,49.9540275788106,5.08015152727e-06,49.809975562114,1.59920316615203e-11,49.8676521580324,5.08013553548922e-06,49.7500003419333,1.59920316494299e-11,49.8653535337703,5.08013553523605e-06,0.450001417261612,0.630614161934846,49.9080551576212,5.08015152726784e-06
857,49.954027578805,5.08015152727964e-06,49.8099755621085,1.59920316599861e-11,49.8676521580248,5.08013553497354e-06,49.7500003419332,1.5992031634638e-11,49.8653535337657,5.08013553524992e-06,0.450001415856175,0.630614159965322,49.9080551576101,5.08015152728058e-06
858,49.9540275788108,5.08015152726963e-06,49.809975562114,1.59920316616223e-11,49.8676521580326,5.08013553549735e-06,49.750000341933,1.59920316199311e-11,49.8653535337705,5.08013553523572e-06,0.450001417303965,0.630614161994198,49.9080551576216,5.08015152726875e-06
859,49.9540275788049,5.08015152728007e-06,49.8099755621082,1.59920316599899e-11,49.8676521580246,5.08013553496042e-06,49.7500003419329,1.59920316053092e-11,49.8653535337655,5.08013553525001e-06,0.450001415812093,0.630614159903547,49.9080551576097,5.08015152727967e-06
860,49.954027578811,5.08015152727002e-06,49.809975562114,1.59920316617298e-11,49.8676521580329,5.08013553556135e-06,49.7500003419327,1.59920315907724e-11,49.8653535337706,5.08013553523486e-06,0.450001417349842,0.630614162058488,49.908055157622,5.08015152726693e-06
861,49.9540275788047,5.08015152728068e-06,49.8099755621078,1.59920316599937e-11,49.8676521580243,5.08013553494983e-06,49.7500003419326,1.59920315763205e-11,49.8653535337654,5.08013553525078e-06,0.450001415764553,0.630614159836925,49.9080551576094,5.08015152728331e-06
862,49.9540275788112,5.08015152726896e-06,49.809975562114,1.59920316618373e-11,49.8676521580331,5.08013553555239e-06,49.7500003419324,1.59920315619537e-11,49.8653535337708,5.08013553523484e-06,0.450001417398602,0.630614162126818,49.9080551576223,5.08015152726784e-06
863,49.9540275788045,5.08015152728061e-06,49.8099755621075,1.59920316599921e-11,49.8676521580241,5.08013553491724e-06,49.7500003419322,1.59920315476718e-11,49.8653535337652,5.08013553525113e-06,0.450001415714896,0.630614159767339,49.908055157609,5.0801515272824e-06
864,49.9540275788114,5.08015152726899e-06,49.8099755621141,1.59920316619466e-11,49.8676521580334,5.08013553559263e-06,49.7500003419321,1.5992031533475e-11,49.8653535337709,5.08013553523416e-06,0.450001417449356,0.630614162197943,49.9080551576227,5.08015152726602e-06
865,49.9540275788043,5.08015152728073e-06,49.8099755621071,1.59920316599868e-11,49.8676521580238,5.08013553488629e-06,49.7500003419319,1.59920315193632e-11,49.8653535337651,5.08013553525203e-06,0.450001415662703,0.630614159694197,49.9080551576085,5.08015152728331e-06
866,49.9540275788116,5.08015152726874e-06,49.8099755621141,1.59920316620596e-11,49.8676521580337,5.08013553558559e-06,49.7500003419318,1.59920315053364e-11,49.8653535337711,5.08013553523376e-06,0.450001417503056,0.630614162273195,49.9080551576232,5.08015152726693e-06
867,49.9540275788041,5.0801515272817e-06,49.8099755621068,1.59920316599815e-11,49.8676521580235,5.0801355348871e-06,49.7500003419316,1.59920318104475e-11,49.8653535337649,5.08013553525257e-06,0.450001415607406,0.630614159616706,49.9080551576081,5.0801515272824e-06
868,49.9540275788118,5.08015152726856e-06,49.8099755621142,1.59920316621762e-11,49.867652158034,5.08013553560441e-06,49.7500003419315,1.59920317965909e-11,49.8653535337713,5.0801355352333e-06,0.450001417560138,0.630614162353188,49.9080551576236,5.08015152726602e-06
869,49.9540275788038,5.08015152728198e-06,49.8099755621064,1.59920316599708e-11,49.8676521580232,5.08013553486256e-06,49.7500003419313,1.59920321018725e-11,49.8653535337647,5.08013553525292e-06,0.450001415548535,0.630614159534208,49.9080551576076,5.08015152728422e-06
870,49.954027578812,5.08015152726745e-06,49.8099755621143,1.59920316623001e-11,49.8676521580343,5.08013553563599e-06,49.7500003419312,1.59920317691326e-11,49.8653535337715,5.08013553523274e-06,0.450001417620658,0.630614162437998,49.9080551576241,5.08015152726421e-06
871,49.9540275788036,5.08015152728158e-06,49.809975562106,1.59920316599582e-11,49.8676521580228,5.08013553485514e-06,49.750000341931,1.5992031755531e-11,49.8653535337645,5.08013553525354e-06,0.450001415486362,0.63061415944708,49.9080551576071,5.08015152728422e-06
872,49.9540275788123,5.08015152726713e-06,49.8099755621143,1.59920316624276e-11,49.8676521580347,5.08013553564828e-06,49.7500003419308,1.5992032061068e-11,49.8653535337717,5.08013553523218e-06,0.450001417684607,0.630614162527614,49.9080551576246,5.08015152726512e-06
873,49.9540275788033,5.08015152728243e-06,49.8099755621056,1.59920316599384e-11,49.8676521580225,5.08013553482434e-06,49.7500003419307,1.59920317285827e-11,49.8653535337643,5.08013553525424e-06,0.450001415420415,0.630614159354665,49.9080551576066,5.08015152728512e-06
874,49.9540275788126,5.08015152726742e-06,49.8099755621145,1.59920316625551e-11,49.867652158035,5.08013553566497e-06,49.7500003419305,1.5992031715236e-11,49.8653535337719,5.08013553523101e-06,0.450001417752907,0.630614162623326,49.9080551576252,5.08015152726512e-06
875,49.954027578803,5.08015152728357e-06,49.8099755621051,1.59920316599149e-11,49.8676521580221,5.08013553480529e-06,49.7500003419304,1.59920320210285e-11,49.865353533764,5.08013553525492e-06,0.450001415349711,0.630614159255583,49.9080551576061,5.08015152728512e-06
876,49.9540275788129,5.08015152726615e-06,49.8099755621146,1.59920316626917e-11,49.8676521580354,5.08013553573591e-06,49.7500003419302,1.59920316887977e-11,49.8653535337722,5.08013553523052e-06,0.450001417825604,0.630614162725202,49.9080551576257,5.08015152726239e-06
877,49.9540275788028,5.08015152728265e-06,49.8099755621047,1.59920316598878e-11,49.8676521580217,5.08013553477207e-06,49.7500003419301,1.59920316757061e-11,49.8653535337638,5.08013553525574e-06,0.450001415275365,0.630614159151398,49.9080551576055,5.08015152728603e-06
878,49.9540275788132,5.08015152726575e-06,49.8099755621147,1.59920316628337e-11,49.8676521580358,5.08013553575838e-06,49.7500003419299,1.59920316626994e-11,49.8653535337724,5.08013553522986e-06,0.450001417901725,0.630614162831874,49.9080551576263,5.08015152726148e-06
879,49.9540275788024,5.08015152728329e-06,49.8099755621042,1.59920316598552e-11,49.8676521580213,5.0801355347197e-06,49.7500003419297,1.59920316497778e-11,49.8653535337635,5.0801355352564e-06,0.450001415196904,0.630614159041446,49.9080551576048,5.08015152728694e-06
880,49.9540275788135,5.08015152726493e-06,49.8099755621149,1.59920316629758e-11,49.8676521580363,5.08013553576307e-06,49.7500003419296,1.59920316369411e-11,49.8653535337727,5.08013553522877e-06,0.450001417983077,0.630614162945878,49.908055157627,5.08015152726239e-06
881,49.9540275788021,5.08015152728441e-06,49.8099755621037,1.59920316598154e-11,49.8676521580208,5.08013553471607e-06,49.7500003419294,1.59920316241894e-11,49.8653535337632,5.08013553525722e-06,0.45000141511252,0.630614158923193,49.9080551576042,5.08015152728785e-06
882,49.9540275788138,5.08015152726571e-06,49.8099755621151,1.59920316631269e-11,49.8676521580367,5.08013553581247e-06,49.7500003419293,1.59920316115227e-11,49.865353533773,5.08013553522846e-06,0.450001418070354,0.630614163068185,49.9080551576277,5.08015152726239e-06
883,49.9540275788017,5.08015152728468e-06,49.8099755621032,1.59920316597646e-11,49.8676521580203,5.08013553465151e-06,49.7500003419291,1.5992031598941e-11,49.8653535337629,5.08013553525831e-06,0.450001415022422,0.630614158796933,49.9080551576034,5.08015152728967e-06
884,49.9540275788142,5.08015152726369e-06,49.8099755621153,1.59920316632854e-11,49.8676521580372,5.08013553583083e-06,49.750000341929,1.59920315864443e-11,49.8653535337733,5.08013553522722e-06,0.450001418163346,0.6306141631985,49.9080551576284,5.08015152726057e-06
885,49.9540275788014,5.08015152728566e-06,49.8099755621027,1.59920316597175e-11,49.8676521580198,5.08013553464771e-06,49.7500003419288,1.59920315740325e-11,49.8653535337626,5.08013553525889e-06,0.450001414926616,0.630614158662674,49.9080551576027,5.08015152728876e-06
886,49.9540275788146,5.08015152726367e-06,49.8099755621155,1.59920316634511e-11,49.8676521580378,5.08013553586768e-06,49.7500003419286,1.59920312426501e-11,49.8653535337736,5.08013553522634e-06,0.450001418261687,0.630614163336311,49.9080551576292,5.08015152726057e-06
887,49.954027578801,5.08015152728593e-06,49.8099755621022,1.59920316596595e-11,49.8676521580193,5.08013553460986e-06,49.7500003419285,1.5992031549464e-11,49.8653535337623,5.08013553526008e-06,0.450001414825727,0.630614158521293,49.9080551576019,5.08015152728967e-06
888,49.954027578815,5.08015152726332e-06,49.8099755621157,1.59920316636186e-11,49.8676521580383,5.08013553590255e-06,49.7500003419283,1.59920312182512e-11,49.865353533774,5.08013553522518e-06,0.450001418365535,0.630614163481839,49.90805515763,5.08015152725875e-06
889,49.9540275788005,5.08015152728647e-06,49.8099755621016,1.5992031659596e-11,49.8676521580187,5.08013553456297e-06,49.7500003419282,1.59920315252354e-11,49.865353533762,5.0801355352613e-06,0.450001414718653,0.630614158371243,49.908055157601,5.08015152729149e-06
890,49.9540275788154,5.08015152726179e-06,49.809975562116,1.59920316637952e-11,49.8676521580389,5.08013553594838e-06,49.750000341928,1.59920315132486e-11,49.8653535337743,5.08013553522474e-06,0.450001418475774,0.630614163636324,49.9080551576309,5.08015152725784e-06
891,49.9540275788001,5.08015152728734e-06,49.809975562101,1.59920316595252e-11,49.8676521580181,5.08013553453418e-06,49.7500003419279,1.59920315013468e-11,49.8653535337616,5.08013553526263e-06,0.450001414605247,0.63061415821232,49.9080551576001,5.08015152729149e-06
892,49.9540275788159,5.08015152726102e-06,49.8099755621163,1.59920316639809e-11,49.8676521580395,5.08013553597235e-06,49.7500003419277,1.59920314895299e-11,49.8653535337747,5.08013553522308e-06,0.450001418592615,0.63061416380006,49.9080551576318,5.08015152725693e-06
893,49.9540275787996,5.08015152728866e-06,49.8099755621004,1.59920316594435e-11,49.8676521580175,5.08013553445658e-06,49.7500003419276,1.59920321159115e-11,49.8653535337612,5.08013553526341e-06,0.450001414484619,0.630614158043277,49.9080551575992,5.08015152729422e-06
894,49.9540275788164,5.08015152725977e-06,49.8099755621166,1.59920316641739e-11,49.8676521580402,5.08013553604388e-06,49.7500003419274,1.5992031785208e-11,49.8653535337751,5.08013553522182e-06,0.450001418717162,0.630614163974595,49.9080551576328,5.08015152725602e-06
895,49.9540275787991,5.08015152728907e-06,49.8099755620997,1.59920316593564e-11,49.8676521580168,5.08013553442018e-06,49.7500003419272,1.59920317736462e-11,49.8653535337608,5.08013553526492e-06,0.450001414356221,0.630614157863345,49.9080551575981,5.08015152729422e-06
896,49.9540275788169,5.08015152725887e-06,49.809975562117,1.59920316643778e-11,49.8676521580409,5.08013553607379e-06,49.7500003419271,1.59920320812266e-11,49.8653535337755,5.08013553522049e-06,0.45000141884949,0.630614164160034,49.9080551576339,5.08015152725511e-06
897,49.9540275787986,5.08015152729055e-06,49.8099755620991,1.59920316592602e-11,49.867652158016,5.08013553435227e-06,49.7500003419269,1.59920317507776e-11,49.8653535337603,5.08013553526587e-06,0.450001414219842,0.630614157672229,49.9080551575971,5.08015152729604e-06
898,49.9540275788175,5.08015152725825e-06,49.8099755621173,1.59920316645853e-11,49.8676521580417,5.08013553615107e-06,49.7500003419268,1.59920320585282e-11,49.865353533776,5.08013553521903e-06,0.450001418989852,0.630614164356732,49.908055157635,5.08015152725329e-06
899,49.954027578798,5.08015152729166e-06,49.8099755620984,1.59920316591494e-11,49.8676521580153,5.08013553429649e-06,49.7500003419266,1.59920320473064e-11,49.8653535337598,5.08013553526716e-06,0.450001414075484,0.630614157469932,49.9080551575959,5.08015152729877e-06
900,49.954027578818,5.08015152725822e-06,49.8099755621177,1.59920316648074e-11,49.8676521580425,5.08013553619842e-06,49.7500003419265,1.59920317171119e-11,49.8653535337765,5.08013553521798e-06,0.450001419138399,0.6306141645649,49.9080551576362,5.08015152725238e-06
901,49.9540275787974,5.08015152729203e-06,49.8099755620976,1.59920316590386e-11,49.8676521580144,5.08013553425841e-06,49.7500003419263,1.59920317060599e-11,49.8653535337593,5.08013553526918e-06,0.450001413922543,0.630614157255606,49.9080551575947,5.08015152729877e-06
902,49.9540275788187,5.08015152725622e-06,49.8099755621182,1.59920316650368e-11,49.8676521580433,5.08013553627053e-06,49.7500003419261,1.5992032014151e-11,49.865353533777,5.0801355352163e-06,0.450001419296027,0.630614164785794,49.9080551576374,5.08015152725056e-06
903,49.9540275787967,5.0801515272942e-06,49.8099755620968,1.59920316589114e-11,49.8676521580136,5.08013553419872e-06,49.750000341926,1.59920316842109e-11,49.8653535337588,5.08013553527036e-06,0.450001413759965,0.630614157027776,49.9080551575934,5.08015152730059e-06
904,49.9540275788193,5.0801515272554e-06,49.8099755621187,1.59920316652752e-11,49.8676521580442,5.08013553630337e-06,49.7500003419258,1.59920316734139e-11,49.8653535337776,5.08013553521443e-06,0.450001419463621,0.630614165020654,49.9080551576388,5.08015152724965e-06
905,49.954027578796,5.08015152729496e-06,49.809975562096,1.5992031658777e-11,49.8676521580126,5.08013553413386e-06,49.7500003419257,1.59920316627018e-11,49.8653535337582,5.08013553527196e-06,0.450001413587208,0.630614156785681,49.908055157592,5.08015152729968e-06
906,49.9540275788201,5.08015152725407e-06,49.8099755621192,1.59920316655301e-11,49.8676521580452,5.0801355363824e-06,49.7500003419255,1.59920316520747e-11,49.8653535337782,5.08013553521282e-06,0.450001419641877,0.630614165270454,49.9080551576402,5.08015152724693e-06
907,49.9540275787953,5.08015152729597e-06,49.8099755620951,1.59920316586244e-11,49.8676521580116,5.0801355340725e-06,49.7500003419254,1.59920316415325e-11,49.8653535337576,5.08013553527419e-06,0.450001413403099,0.630614156527678,49.9080551575906,5.08015152730149e-06
908,49.9540275788208,5.08015152725325e-06,49.8099755621198,1.59920316657994e-11,49.8676521580462,5.08013553647181e-06,49.7500003419252,1.59920316310753e-11,49.8653535337788,5.0801355352107e-06,0.450001419831975,0.63061416553685,49.9080551576417,5.08015152724511e-06
909,49.9540275787945,5.08015152729755e-06,49.8099755620942,1.59920316584645e-11,49.8676521580106,5.08013553402775e-06,49.750000341925,1.59920316207031e-11,49.865353533757,5.0801355352761e-06,0.45000141320723,0.630614156253195,49.908055157589,5.08015152730331e-06
910,49.9540275788216,5.08015152725179e-06,49.8099755621204,1.59920316660761e-11,49.8676521580473,5.08013553651765e-06,49.7500003419249,1.59920316104158e-11,49.8653535337794,5.08013553520879e-06,0.450001420033413,0.630614165819137,49.9080551576433,5.08015152724329e-06
911,49.9540275787937,5.08015152729864e-06,49.8099755620933,1.599203165829e-11,49.8676521580095,5.08013553393889e-06,49.7500003419247,1.59920316002135e-11,49.8653535337563,5.08013553527816e-06,0.450001413000016,0.630614155962814,49.9080551575874,5.08015152730513e-06
912,49.9540275788225,5.08015152724965e-06,49.8099755621211,1.59920316663691e-11,49.8676521580484,5.08013553661668e-06,49.7500003419246,1.59920315900961e-11,49.8653535337801,5.08013553520667e-06,0.450001420246813,0.630614166118188,49.908055157645,5.08015152724056e-06
913,49.9540275787929,5.08015152729963e-06,49.8099755620923,1.59920316580974e-11,49.8676521580083,5.08013553384437e-06,49.7500003419244,1.59920315800637e-11,49.8653535337556,5.08013553527994e-06,0.450001412780224,0.630614155654805,49.9080551575856,5.08015152730786e-06
914,49.9540275788234,5.08015152724844e-06,49.8099755621218,1.59920316666712e-11,49.8676521580496,5.08013553669157e-06,49.7500003419242,1.59920312510564e-11,49.8653535337809,5.08013553520475e-06,0.450001420473076,0.630614166435264,49.9080551576468,5.08015152723965e-06
915,49.9540275787919,5.08015152730169e-06,49.8099755620912,1.5992031657892e-11,49.867652158007,5.08013553374589e-06,49.7500003419241,1.59920315602537e-11,49.8653535337548,5.08013553528234e-06,0.450001412547289,0.63061415532838,49.9080551575838,5.08015152730968e-06
916,49.9540275788243,5.08015152724787e-06,49.8099755621226,1.59920316669952e-11,49.8676521580509,5.08013553676682e-06,49.7500003419239,1.59920315504762e-11,49.8653535337817,5.0801355352019e-06,0.450001420712946,0.630614166771409,49.9080551576487,5.08015152723783e-06
917,49.9540275787909,5.08015152730276e-06,49.8099755620901,1.5992031657672e-11,49.8676521580057,5.08013553365089e-06,49.7500003419238,1.59920315407836e-11,49.865353533754,5.08013553528495e-06,0.450001412300122,0.63061415498201,49.9080551575818,5.08015152731241e-06
918,49.9540275788253,5.08015152724563e-06,49.8099755621234,1.59920316673319e-11,49.8676521580523,5.08013553686418e-06,49.7500003419236,1.5992031531176e-11,49.8653535337825,5.08013553519989e-06,0.450001420967816,0.630614167128573,49.9080551576507,5.08015152723601e-06
919,49.9540275787899,5.08015152730536e-06,49.8099755620889,1.59920316574357e-11,49.8676521580043,5.08013553356689e-06,49.7500003419235,1.59920315216533e-11,49.8653535337531,5.08013553528753e-06,0.450001412037283,0.630614154613678,49.9080551575797,5.08015152731332e-06
920,49.9540275788264,5.08015152724301e-06,49.8099755621243,1.59920316676886e-11,49.8676521580538,5.08013553697736e-06,49.7500003419233,1.59920311931549e-11,49.8653535337834,5.08013553519704e-06,0.450001421238997,0.630614167508595,49.9080551576529,5.0801515272351e-06
921,49.9540275787888,5.08015152730661e-06,49.8099755620877,1.59920316571776e-11,49.8676521580028,5.08013553345624e-06,49.7500003419232,1.59920315028627e-11,49.8653535337522,5.08013553529037e-06,0.450001411757428,0.630614154221499,49.9080551575775,5.08015152731787e-06
922,49.9540275788275,5.08015152724116e-06,49.8099755621252,1.59920316680653e-11,49.8676521580553,5.08013553709041e-06,49.750000341923,1.59920314935949e-11,49.8653535337844,5.08013553519366e-06,0.450001421527223,0.630614167912504,49.9080551576552,5.08015152723055e-06
923,49.9540275787876,5.08015152730882e-06,49.8099755620864,1.59920316569049e-11,49.8676521580012,5.080135533354e-06,49.7500003419228,1.5992031484412e-11,49.8653535337512,5.0801355352933e-06,0.450001411461224,0.630614153806411,49.9080551575751,5.08015152731969e-06
924,49.9540275788287,5.08015152723989e-06,49.8099755621262,1.59920316684529e-11,49.8676521580569,5.08013553717502e-06,49.7500003419227,1.59920321134365e-11,49.8653535337854,5.08013553519145e-06,0.450001421831823,0.630614168339358,49.9080551576576,5.08015152722692e-06
925,49.9540275787864,5.08015152730987e-06,49.809975562085,1.59920316566104e-11,49.8676521579995,5.08013553323128e-06,49.7500003419225,1.59920317853624e-11,49.8653535337502,5.08013553529593e-06,0.450001411147493,0.630614153366761,49.9080551575726,5.08015152732332e-06
926,49.95402757883,5.08015152723682e-06,49.8099755621273,1.59920316688696e-11,49.8676521580587,5.08013553729147e-06,49.7500003419224,1.59920317764345e-11,49.8653535337864,5.08013553518808e-06,0.450001422155041,0.630614168792303,49.9080551576602,5.08015152722601e-06
927,49.9540275787851,5.08015152731239e-06,49.8099755620836,1.59920316562959e-11,49.8676521579977,5.08013553310777e-06,49.7500003419222,1.59920317675915e-11,49.8653535337491,5.08013553529949e-06,0.450001410814494,0.63061415290011,49.90805515757,5.08015152732605e-06
928,49.9540275788314,5.08015152723502e-06,49.8099755621285,1.59920316693045e-11,49.8676521580605,5.08013553743333e-06,49.7500003419221,1.59920317588335e-11,49.8653535337876,5.08013553518469e-06,0.450001422498285,0.630614169273312,49.9080551576629,5.08015152722328e-06
929,49.9540275787836,5.08015152731639e-06,49.8099755620821,1.59920316559577e-11,49.8676521579958,5.08013553297934e-06,49.7500003419219,1.59920320692223e-11,49.8653535337479,5.08013553530297e-06,0.450001410460592,0.630614152404165,49.9080551575672,5.08015152732878e-06
930,49.9540275788328,5.08015152723268e-06,49.8099755621297,1.59920316697649e-11,49.8676521580625,5.08013553757772e-06,49.7500003419218,1.59920317415722e-11,49.8653535337888,5.08013553518105e-06,0.450001422863129,0.630614169784589,49.9080551576658,5.08015152722055e-06
931,49.9540275787822,5.08015152731852e-06,49.8099755620805,1.59920316555941e-11,49.8676521579938,5.08013553285e-06,49.7500003419216,1.59920320521312e-11,49.8653535337467,5.08013553530647e-06,0.450001410084613,0.630614151877283,49.9080551575642,5.08015152733242e-06
932,49.9540275788344,5.08015152723025e-06,49.8099755621311,1.59920316702489e-11,49.8676521580646,5.080135537705e-06,49.7500003419214,1.59920317246507e-11,49.86535353379,5.08013553517721e-06,0.450001423250525,0.630614170327471,49.9080551576689,5.08015152721782e-06
933,49.9540275787806,5.080151527321e-06,49.8099755620788,1.5992031655205e-11,49.8676521579917,5.08013553269818e-06,49.7500003419213,1.59920320353799e-11,49.8653535337454,5.08013553531073e-06,0.450001409685313,0.63061415131772,49.908055157561,5.08015152733515e-06
934,49.954027578836,5.08015152722697e-06,49.8099755621325,1.59920316707638e-11,49.8676521580668,5.08013553786481e-06,49.7500003419211,1.59920317080689e-11,49.8653535337914,5.08013553517297e-06,0.450001423662132,0.630614170904281,49.9080551576721,5.08015152721146e-06
935,49.9540275787789,5.08015152732283e-06,49.809975562077,1.59920316547922e-11,49.8676521579894,5.08013553254485e-06,49.750000341921,1.59920316999054e-11,49.865353533744,5.08013553531467e-06,0.450001409261258,0.630614150723466,49.9080551575576,5.08015152733878e-06
936,49.9540275788377,5.08015152722452e-06,49.809975562134,1.59920316713042e-11,49.8676521580691,5.08013553802562e-06,49.7500003419208,1.59920316918268e-11,49.8653535337928,5.08013553516885e-06,0.450001424098772,0.63061417151617,49.9080551576756,5.08015152720782e-06
937,49.9540275787771,5.08015152732637e-06,49.8099755620751,1.59920316543468e-11,49.867652157987,5.08013553239531e-06,49.7500003419207,1.59920316838332e-11,49.8653535337425,5.0801355353191e-06,0.450001408811628,0.630614150093372,49.9080551575541,5.08015152734151e-06
938,49.9540275788396,5.08015152722103e-06,49.8099755621357,1.59920316718719e-11,49.8676521580716,5.08013553820429e-06,49.7500003419205,1.59920316759245e-11,49.8653535337943,5.08013553516396e-06,0.45000142456209,0.630614172165445,49.9080551576793,5.08015152720509e-06
939,49.9540275787752,5.0801515273289e-06,49.8099755620731,1.59920316538667e-11,49.8676521579844,5.08013553220585e-06,49.7500003419203,1.59920316681007e-11,49.8653535337409,5.08013553532379e-06,0.450001408333927,0.630614149423941,49.9080551575503,5.08015152734606e-06
940,49.9540275788415,5.08015152721778e-06,49.8099755621374,1.59920316724723e-11,49.8676521580743,5.08013553839034e-06,49.7500003419202,1.59920316603619e-11,49.865353533796,5.08013553515968e-06,0.450001425054432,0.630614172855394,49.9080551576832,5.08015152720054e-06
941,49.9540275787732,5.08015152733263e-06,49.809975562071,1.59920316533612e-11,49.8676521579817,5.08013553200815e-06,49.75000034192,1.5992031652708e-11,49.8653535337393,5.08013553532917e-06,0.450001407826866,0.630614148713366,49.9080551575462,5.08015152735152e-06
942,49.9540275788436,5.080151527214e-06,49.8099755621393,1.59920316731091e-11,49.8676521580771,5.08013553856441e-06,49.7500003419199,1.5992031645139e-11,49.8653535337977,5.08013553515443e-06,0.450001425576698,0.630614173587278,49.9080551576874,5.08015152719508e-06
943,49.9540275787711,5.0801515273356e-06,49.8099755620688,1.59920316528175e-11,49.8676521579788,5.08013553181651e-06,49.7500003419197,1.59920316376549e-11,49.8653535337375,5.0801355353344e-06,0.450001407288724,0.630614147959236,49.908055157542,5.08015152735607e-06
944,49.9540275788458,5.08015152721128e-06,49.8099755621412,1.59920316737805e-11,49.8676521580801,5.08013553875727e-06,49.7500003419196,1.59920316302557e-11,49.8653535337995,5.08013553514882e-06,0.450001426131208,0.630614174364345,49.9080551576918,5.08015152719054e-06
945,49.9540275787688,5.0801515273408e-06,49.8099755620664,1.59920316522356e-11,49.8676521579757,5.08013553161019e-06,49.7500003419194,1.59920316229415e-11,49.8653535337356,5.08013553534e-06,0.450001406717357,0.630614147158544,49.9080551575374,5.08015152736152e-06
946,49.9540275788481,5.08015152720678e-06,49.8099755621433,1.59920316744864e-11,49.8676521580832,5.08013553898882e-06,49.7500003419192,1.59920316157122e-11,49.8653535338015,5.08013553514326e-06,0.450001426719971,0.630614175189415,49.9080551576965,5.0801515271869e-06
947,49.9540275787664,5.08015152734284e-06,49.8099755620639,1.59920316516173e-11,49.8676521579725,5.08013553131094e-06,49.7500003419191,1.59920316085678e-11,49.8653535337336,5.08013553534503e-06,0.450001406110666,0.630614146308351,49.9080551575326,5.08015152736516e-06
948,49.9540275788506,5.08015152720442e-06,49.8099755621456,1.59920316752342e-11,49.8676521580865,5.08013553929824e-06,49.7500003419189,1.59920316015084e-11,49.8653535338035,5.08013553513749e-06,0.450001427344597,0.630614176064741,49.9080551577014,5.08015152717962e-06
949,49.9540275787639,5.08015152734781e-06,49.8099755620613,1.59920316509662e-11,49.8676521579691,5.08013553110725e-06,49.7500003419188,1.59920315945338e-11,49.8653535337315,5.08013553535145e-06,0.450001405468604,0.630614145408591,49.9080551575275,5.08015152737062e-06
950,49.9540275788532,5.08015152719963e-06,49.8099755621479,1.59920316760165e-11,49.86765215809,5.08013553951235e-06,49.7500003419186,1.59920315876442e-11,49.8653535338057,5.08013553513161e-06,0.450001428004189,0.630614176989067,49.9080551577066,5.08015152717598e-06
951,49.9540275787612,5.08015152735244e-06,49.8099755620586,1.59920316502661e-11,49.8676521579654,5.08013553084783e-06,49.7500003419185,1.59920315808395e-11,49.8653535337293,5.08013553535813e-06,0.450001404790392,0.630614144458172,49.9080551575221,5.08015152737607e-06
952,49.9540275788559,5.08015152719565e-06,49.8099755621505,1.59920316768443e-11,49.8676521580938,5.08013553977872e-06,49.7500003419183,1.59920315741197e-11,49.865353533808,5.08013553512435e-06,0.450001428702483,0.630614177967628,49.9080551577122,5.08015152717144e-06
953,49.9540275787583,5.08015152735556e-06,49.8099755620556,1.59920316495204e-11,49.8676521579616,5.0801355305628e-06,49.7500003419181,1.59920315674848e-11,49.8653535337269,5.08013553536497e-06,0.450001404070912,0.630614143449921,49.9080551575164,5.08015152738244e-06
954,49.9540275788589,5.08015152719066e-06,49.8099755621532,1.59920316777267e-11,49.8676521580978,5.0801355400801e-06,49.750000341918,1.59920312418692e-11,49.8653535338104,5.08013553511711e-06,0.450001429443855,0.630614179006558,49.9080551577181,5.08015152716234e-06
955,49.9540275787553,5.08015152736164e-06,49.8099755620525,1.59920316487293e-11,49.8676521579575,5.08013553027704e-06,49.7500003419178,1.5992031235404e-11,49.8653535337244,5.0801355353722e-06,0.450001403307193,0.630614142379675,49.9080551575103,5.08015152738881e-06
956,49.954027578862,5.08015152718533e-06,49.809975562156,1.59920316786563e-11,49.867652158102,5.08013554037798e-06,49.7500003419177,1.59920312290237e-11,49.865353533813,5.08013553510935e-06,0.450001430230341,0.630614180108709,49.9080551577243,5.08015152715507e-06
957,49.9540275787521,5.08015152736594e-06,49.8099755620493,1.59920316478855e-11,49.8676521579531,5.08013552995616e-06,49.7500003419175,1.59920315417944e-11,49.8653535337217,5.0801355353806e-06,0.450001402497333,0.63061414124477,49.9080551575039,5.08015152739608e-06
958,49.9540275788653,5.0801515271803e-06,49.8099755621591,1.59920316796351e-11,49.8676521581065,5.08013554067123e-06,49.7500003419174,1.5992031535584e-11,49.8653535338158,5.0801355351013e-06,0.450001431064404,0.630614181277532,49.9080551577309,5.0801515271487e-06
959,49.9540275787487,5.08015152737199e-06,49.8099755620458,1.59920316469834e-11,49.8676521579485,5.08013552963667e-06,49.7500003419172,1.59920315294586e-11,49.8653535337189,5.08013553538849e-06,0.450001401638013,0.630614140040552,49.9080551574971,5.08015152740427e-06
960,49.9540275788688,5.08015152717391e-06,49.8099755621623,1.59920316806721e-11,49.8676521581112,5.08013554099985e-06,49.750000341917,1.59920315234181e-11,49.8653535338187,5.08013553509301e-06,0.450001431949717,0.630614182518173,49.908055157738,5.08015152714051e-06
961,49.9540275787451,5.08015152737793e-06,49.8099755620421,1.59920316460268e-11,49.8676521579436,5.08013552929749e-06,49.7500003419169,1.59920315174625e-11,49.8653535337159,5.08013553539759e-06,0.450001400726512,0.630614138763211,49.9080551574898,5.08015152741245e-06
962,49.9540275788725,5.08015152716844e-06,49.8099755621658,1.59920316817673e-11,49.8676521581163,5.08013554135894e-06,49.7500003419167,1.59920315115918e-11,49.8653535338218,5.08013553508363e-06,0.450001432887972,0.630614183833007,49.9080551577454,5.08015152713415e-06
963,49.9540275787413,5.08015152738366e-06,49.8099755620383,1.59920316450047e-11,49.8676521579384,5.08013552893052e-06,49.7500003419166,1.5992031505806e-11,49.8653535337127,5.08013553540719e-06,0.450001399760055,0.630614137408856,49.9080551574822,5.08015152742155e-06
964,49.9540275788765,5.08015152716041e-06,49.8099755621695,1.59920316829298e-11,49.8676521581216,5.08013554174255e-06,49.7500003419164,1.59920315001051e-11,49.8653535338251,5.08013553507413e-06,0.450001433884062,0.630614185228888,49.9080551577533,5.08015152712414e-06
965,49.9540275787372,5.08015152739084e-06,49.8099755620342,1.59920316439207e-11,49.8676521579329,5.08013552854566e-06,49.7500003419163,1.59920318135563e-11,49.8653535337093,5.08013553541697e-06,0.450001398733568,0.630614135970378,49.908055157474,5.08015152742882e-06
966,49.9540275788807,5.08015152715316e-06,49.8099755621734,1.59920316841632e-11,49.8676521581273,5.08013554213915e-06,49.7500003419161,1.59920318080253e-11,49.8653535338285,5.08013553506354e-06,0.450001434941656,0.630614186710959,49.9080551577618,5.08015152711505e-06
967,49.9540275787329,5.08015152739863e-06,49.8099755620298,1.59920316427676e-11,49.8676521579271,5.08013552815904e-06,49.7500003419159,1.59920314835117e-11,49.8653535337057,5.08013553542766e-06,0.450001397643919,0.630614134443388,49.9080551574653,5.08015152743883e-06
968,49.9540275788851,5.08015152714781e-06,49.8099755621775,1.59920316854621e-11,49.8676521581333,5.08013554257521e-06,49.7500003419158,1.59920317972181e-11,49.8653535338322,5.08013553505241e-06,0.450001436063946,0.630614188283691,49.9080551577707,5.08015152710595e-06
969,49.9540275787283,5.0801515274062e-06,49.8099755620252,1.599203164154e-11,49.8676521579209,5.08013552770685e-06,49.7500003419156,1.5992031472874e-11,49.8653535337019,5.08013553543899e-06,0.450001396488415,0.63061413282411,49.9080551574562,5.08015152744883e-06
970,49.9540275788898,5.08015152713976e-06,49.809975562182,1.59920316868374e-11,49.8676521581397,5.08013554298625e-06,49.7500003419155,1.59920314676825e-11,49.8653535338361,5.08013553504096e-06,0.45000143725406,0.630614189951471,49.9080551577801,5.08015152709504e-06
971,49.9540275787234,5.08015152741378e-06,49.8099755620203,1.59920316402286e-11,49.8676521579143,5.08013552723957e-06,49.7500003419153,1.59920314625759e-11,49.8653535336979,5.08013553545071e-06,0.450001395262137,0.630614131105652,49.9080551574464,5.08015152745884e-06
972,49.9540275788949,5.08015152713051e-06,49.8099755621867,1.59920316882964e-11,49.8676521581465,5.08013554347951e-06,49.7500003419152,1.59920317766224e-11,49.8653535338403,5.08013553502896e-06,0.450001438517328,0.630614191721764,49.9080551577902,5.08015152708322e-06
973,49.9540275787183,5.08015152742249e-06,49.8099755620152,1.59920316388409e-11,49.8676521579073,5.08013552677045e-06,49.750000341915,1.59920317716857e-11,49.8653535336936,5.08013553546398e-06,0.450001393961093,0.630614129282421,49.9080551574361,5.08015152747157e-06
974,49.9540275789002,5.08015152712219e-06,49.8099755621917,1.59920316898373e-11,49.8676521581537,5.08013554397483e-06,49.7500003419149,1.59920317668339e-11,49.8653535338447,5.08013553501554e-06,0.450001439857428,0.630614193599727,49.9080551578008,5.08015152707321e-06
975,49.9540275787128,5.08015152743147e-06,49.8099755620097,1.59920316373604e-11,49.8676521578999,5.08013552625592e-06,49.7500003419147,1.5992031762067e-11,49.8653535336891,5.08013553547727e-06,0.450001392580564,0.630614127347802,49.9080551574251,5.08015152748249e-06
976,49.9540275789058,5.08015152711312e-06,49.809975562197,1.59920316914727e-11,49.8676521581613,5.08013554451787e-06,49.7500003419146,1.59920320764539e-11,49.8653535338494,5.08013553500179e-06,0.45000144127964,0.630614195592759,49.9080551578121,5.08015152705866e-06
977,49.954027578707,5.08015152744089e-06,49.8099755620039,1.59920316357908e-11,49.867652157892,5.0801355257062e-06,49.7500003419144,1.59920320718569e-11,49.8653535336842,5.08013553549105e-06,0.450001391115431,0.630614125294623,49.9080551574135,5.08015152749431e-06
978,49.9540275789118,5.08015152710376e-06,49.8099755622026,1.59920316932045e-11,49.8676521581694,5.08013554509842e-06,49.7500003419142,1.59920320673448e-11,49.8653535338544,5.08013553498671e-06,0.450001442788853,0.63061419770771,49.9080551578241,5.08015152704593e-06
979,49.9540275787008,5.0801515274512e-06,49.8099755619978,1.59920316341175e-11,49.8676521578837,5.08013552508534e-06,49.7500003419141,1.59920317438483e-11,49.8653535336791,5.08013553550645e-06,0.450001389561032,0.630614123116349,49.9080551574011,5.08015152751068e-06
980,49.9540275789181,5.08015152709303e-06,49.8099755622086,1.59920316950328e-11,49.867652158178,5.08013554566252e-06,49.7500003419139,1.59920320585752e-11,49.8653535338596,5.08013553497137e-06,0.450001444389593,0.630614199950924,49.9080551578368,5.08015152703319e-06
981,49.9540275786943,5.08015152746151e-06,49.8099755619913,1.59920316323405e-11,49.8676521578748,5.08013552448163e-06,49.7500003419138,1.59920317352482e-11,49.8653535336737,5.08013553552273e-06,0.450001387912499,0.63061412080616,49.908055157388,5.08015152752523e-06
982,49.9540275789249,5.08015152708026e-06,49.809975562215,1.59920316969719e-11,49.8676521581871,5.08013554627891e-06,49.7500003419136,1.59920317310755e-11,49.8653535338652,5.08013553495468e-06,0.450001446087785,0.630614202330703,49.9080551578503,5.08015152702046e-06
983,49.9540275786874,5.08015152747317e-06,49.8099755619844,1.59920316304543e-11,49.8676521578655,5.08013552381656e-06,49.7500003419134,1.59920317269876e-11,49.8653535336679,5.08013553553978e-06,0.45000138616279,0.630614118354188,49.9080551573741,5.08015152753978e-06
984,49.954027578932,5.08015152707009e-06,49.8099755622218,1.59920316990312e-11,49.8676521581968,5.08013554701795e-06,49.7500003419133,1.59920317229847e-11,49.8653535338712,5.08013553493719e-06,0.450001447890383,0.630614204856791,49.9080551578647,5.08015152700136e-06
985,49.95402757868,5.08015152748513e-06,49.8099755619771,1.59920316284445e-11,49.8676521578555,5.08013552312909e-06,49.7500003419131,1.59920317190666e-11,49.8653535336618,5.080135535558e-06,0.450001384306213,0.630614115752455,49.9080551573593,5.08015152755524e-06
986,49.9540275789396,5.08015152705665e-06,49.809975562229,1.59920317012105e-11,49.8676521582071,5.08013554768806e-06,49.750000341913,1.59920317152334e-11,49.8653535338775,5.08013553491852e-06,0.450001449802458,0.630614207536299,49.9080551578799,5.08015152698772e-06
987,49.9540275786722,5.08015152749835e-06,49.8099755619693,1.59920316263164e-11,49.8676521578449,5.08013552241497e-06,49.7500003419128,1.59920317114851e-11,49.8653535336553,5.08013553557706e-06,0.450001382336498,0.630614112992174,49.9080551573437,5.08015152757162e-06
988,49.9540275789476,5.08015152704407e-06,49.8099755622366,1.59920317035189e-11,49.8676521582179,5.08013554848325e-06,49.7500003419127,1.59920320268923e-11,49.8653535338841,5.08013553489894e-06,0.450001451831718,0.630614210380023,49.908055157896,5.08015152696771e-06
989,49.9540275786639,5.08015152751192e-06,49.8099755619611,1.59920316240483e-11,49.8676521578337,5.08013552160449e-06,49.7500003419125,1.59920317042431e-11,49.8653535336484,5.08013553559726e-06,0.450001380246235,0.630614110062962,49.9080551573271,5.0801515275889e-06
990,49.9540275789905,5.08015152654775e-06,49.8099755622805,1.59920317157191e-11,49.8676521582902,5.08013554986151e-06,49.7500003419123,1.59920317007494e-11,49.8653535339418,5.08013553438831e-06,0.450001456377218,0.630614216749906,49.9080551579818,5.08015152646385e-06
991,49.9540275793864,5.08015151702845e-06,49.8099755627157,1.59920318295633e-11,49.8676521591311,5.08013553097704e-06,49.7500003419122,1.59920316973407e-11,49.8653535347446,5.08013552496457e-06,0.450001425072687,0.630614172880976,49.9080551587731,5.08015151701511e-06
992,49.954027579477,5.08015151500161e-06,49.8099755628172,1.59920318548009e-11,49.8676521594568,5.08013551439959e-06,49.750000341912,1.59920316940168e-11,49.8653535351885,5.08013552299624e-06,0.450001410218732,0.630614152065232,49.908055158954,5.08015151500058e-06
993,49.9540275795258,5.08015151971236e-06,49.8099755628465,1.59920318636677e-11,49.8676521595107,5.08013553509954e-06,49.7500003419119,1.59920316907778e-11,49.8653535352476,5.08013552763637e-06,0.450001424294157,0.630614171789976,49.9080551590518,5.08015151968993e-06
994,49.9540275793419,5.08015152781579e-06,49.8099755626349,1.59920318056793e-11,49.8676521591355,5.08013553563225e-06,49.7500003419117,1.59920316876237e-11,49.8653535349152,5.08013553580053e-06,0.450001404912234,0.630614144628916,49.9080551586837,5.08015152783173e-06
995,49.9540275792649,5.08015153528767e-06,49.8099755625272,1.59920317785537e-11,49.8676521588814,5.0801355466091e-06,49.7500003419116,1.59920316845544e-11,49.8653535346242,5.08013554322769e-06,0.450001421721153,0.63061416818427,49.90805515853,5.08015153526958e-06
996,49.9540275790571,5.08015154104788e-06,49.8099755623,1.59920317165999e-11,49.8676521584683,5.0801355447137e-06,49.7500003419114,1.599203168157e-11,49.8653535342466,5.08013554904829e-06,0.450001403768691,0.630614143026401,49.908055158114,5.0801515410667e-06
997,49.9540275790247,5.08015154436906e-06,49.8099755622523,1.59920317056233e-11,49.8676521583252,5.08013555548158e-06,49.7500003419112,1.59920316786704e-11,49.8653535340603,5.08013555230835e-06,0.450001423090486,0.630614170103199,49.9080551580497,5.08015154434815e-06
998,49.9540275788733,5.08015154605434e-06,49.809975562097,1.59920316627361e-11,49.8676521580547,5.08013555003864e-06,49.7500003419111,1.59920316758557e-11,49.8653535338246,5.0801355540551e-06,0.450001404421096,0.630614143940655,49.9080551577465,5.08015154607619e-06
999,49.9540275789032,5.08015154610973e-06,49.8099755621236,1.59920316716484e-11,49.8676521580578,5.08013555780921e-06,49.7500003419109,1.59920319921981e-11,49.8653535337824,5.08013555404689e-06,0.450001424796027,0.630614172493276,49.9080551578065,5.08015154608893e-06
1000,49.9540275787917,5.08015154556729e-06,49.8099755620168,1.59920316415523e-11,49.8676521578895,5.08013554952883e-06,49.7500003419108,1.59920316704808e-11,49.8653535336536,5.08013555356865e-06,0.450001404721164,0.630614144361158,49.9080551575831,5.08015154558871e-06
