time,PV1__R_constriction,PV1__u_mmHg,PV2__R_constriction,PV2__u_mmHg,PV3__u_mmHg,PV4__u_mmHg,PV5__u_mmHg,PV6__u_mmHg,V1__u_mmHg,V2__u_mmHg,V3__u_mmHg,V4__u_mmHg,V5__u_mmHg,V6__u_mmHg,VV_junc1__H_VV_out_alpha,VV_junc1__H_VV_out_beta,VV_junc1__u_d_mmHg,VV_junc1__u_mmHg,VV_junc2__H_VV_out_alpha,VV_junc2__H_VV_out_beta,VV_junc3__H_VV_out_alpha,VV_junc3__H_VV_out_beta,inlet__H_down,inlet__H_link_L,inlet__H_link_R,inlet__RBC_volume,inlet__u_mmHg
0.0,0.0,49.73422197556719,0.0,49.734220976105,49.57468410479164,49.574684104791864,49.57466126387813,49.574661684401505,49.73199813493897,49.73199814692719,49.57312897512089,49.57312897512089,49.573129390105585,49.57312939008737,0.4698083506999124,0.4697307414068656,49.736653006604115,49.81381420309694,0.4744782805734328,0.47447828054944763,0.4745043263361941,0.4744600002886189,0.449999999005151,0.45,0.16554533503524738,1.5269638949389773e-14,49.90690730491809
1.0,0.0,49.73434677458822,0.0,49.734346774603004,49.57488730061834,49.57488730061829,49.57488730181946,49.57488730182211,49.73201941382167,49.732019413851276,49.573134633402155,49.57313463340209,49.57313463454568,49.57313463455096,0.44999999903062154,0.44999999898656456,49.736674135354754,49.813828521797504,0.45004731379691304,0.45004731379642077,0.4500473108875765,0.4500473102565929,0.4499999990217316,0.45,1.0095243462399201e-16,1.5269638961091278e-14,49.9069142608988
2.0,0.0,49.73434528959297,0.0,49.73434528959481,49.57488856735856,49.57488856735858,49.57488856841532,49.57488856840921,49.73201812358383,49.732018123587494,49.573136441417546,49.57313644141756,49.57313644248521,49.573136442473,0.44999999932118434,0.4499999992580705,49.73667245560212,49.813827334168174,0.4500420731518143,0.45004207314956757,0.45004207055066286,0.45004207003179614,0.44999999929979384,0.45,4.699693111520998e-23,1.5269638969637766e-14,49.906913667084325
3.0,0.0,49.73434311478376,0.0,49.734343114784956,49.57488826093814,49.57488826093816,49.57488826175255,49.57488826174687,49.7320159370725,49.732015937074905,49.57313623908149,49.57313623908154,49.573136239911996,49.57313623990064,0.4499999995024595,0.44999999949128067,49.736670292495006,49.81382580481927,0.45003332605331287,0.45003332605168106,0.45003332399773094,0.4500333236108764,0.4499999994978049,0.45,-2.2854751744652664e-25,1.526963897570843e-14,49.90691290240986
4.0,0.0,49.73434112012379,0.0,49.73434112012416,49.57488755258511,49.57488755258508,49.574887553195545,49.57488755319111,49.73201392519753,49.73201392519827,49.57313557142959,49.57313557142953,49.57313557205339,49.5731355720445,0.4499999996573362,0.4499999996288813,49.73666831505004,49.813824406742434,0.45002626929812284,0.4500262692973448,0.4500262676637593,0.45002626738140805,0.4499999996394451,0.45,-2.7683094372583464e-28,1.526963898005163e-14,49.90691220337142
5.0,0.0,49.73433936033095,0.0,49.73433936033083,49.574886689350095,49.574886689350215,49.57488668980392,49.5748866898005,49.73201214999894,49.732012149998695,49.57313473379726,49.57313473379747,49.573134734261465,49.57313473425462,0.44999999991906753,0.44999999985737266,49.73666657066296,49.81382317344476,0.45002070207167627,0.45002070206942474,0.45002070075555045,0.4500207005511029,0.44999999974185034,0.45,-5.66549760256085e-31,1.5269638983008384e-14,49.906911586722565
6.0,0.0,49.7343378219335,0.0,49.73433782193231,49.57488576460262,49.574885764602826,49.57488576493704,49.574885764934464,49.73201059812508,49.7320105981227,49.57313382745327,49.57313382745368,49.57313382779571,49.57313382779058,0.4499999997590588,0.4499999996763492,49.736665045741915,49.81382209532053,0.45001631784393203,0.45001631783761664,0.45001631675334053,0.45001631661435226,0.44999999976151167,0.45,2.4540632183315873e-33,1.526963898385457e-14,49.90691104766042
7.0,0.0,49.73433648340309,0.0,49.73433648340095,49.57488483650646,49.57488483650653,49.57488483674657,49.574884836744886,49.7320092478705,49.73200924786624,49.57313291300189,49.57313291300204,49.57313291324799,49.57313291324461,0.4499999997423155,0.449999999657551,49.736663718935674,49.81382115725731,0.45001285532678337,0.4500128553175049,0.4500128544492317,0.450012854352927,0.44999999982582495,0.45,7.205639197300496e-33,1.5269638985918457e-14,49.90691057862879
8.0,0.0,49.7343353235632,0.0,49.73433532356049,49.57488393527106,49.574883935271664,49.574883935437434,49.57488393543567,49.73200807786994,49.73200807786452,49.573132021767506,49.573132021768714,49.573132021938974,49.573132021935436,0.4500000000612182,0.4499999999884974,49.736662569256445,49.81382034442689,0.45001013170111326,0.45001013168390336,0.4500101310219322,0.4500101309616579,0.4499999998796716,0.45,-6.89984566415812e-33,1.5269638987220118e-14,49.90691017221356
9.0,0.0,49.73433432185796,0.0,49.73433432185637,49.574883084581906,49.57488308458196,49.57488308469236,49.574883084691436,49.73200706738917,49.732007067385986,49.57313117838274,49.573131178382845,49.57313117849646,49.57313117849461,0.44999999991282863,0.44999999985457123,49.73666157632676,49.81381964242004,0.4500079856660172,0.45000798563985045,0.45000798519850393,0.4500079851669474,0.4499999999051438,0.45,9.083474004618228e-36,1.5269638988209457e-14,49.90690982121012
10.0,0.0,49.73433345897871,0.0,49.734333458977375,49.57488229748281,49.57488229748252,49.57488229755629,49.57488229755586,49.73200619695081,49.732006196948156,49.57313039657143,49.57313039657086,49.57313039664689,49.57313039664603,0.449999999947398,0.4499999998963932,49.73666072100661,49.81381903770418,0.45000629209965926,0.4500062920758382,0.45000629174512147,0.45000629172531087,0.44999999993190776,0.45,-3.3982981762790074e-37,1.526963898901243e-14,49.906909518852174
11.0,0.0,49.7343327179365,0.0,49.73433271793489,49.57488157881133,49.57488157881105,49.57488157885774,49.57488157885734,49.73200544941723,49.73200544941402,49.57312968165037,49.573129681649846,49.57312968169824,49.57312968169741,0.4499999999392156,0.44999999990002215,49.73665998645578,49.813818518372045,0.45000495946071234,0.45000495944337865,0.4500049591993147,0.4500049591891262,0.4499999999583859,0.45,-2.2317551141963486e-38,1.5269638989858072e-14,49.9069092591861
12.0,0.0,49.73433208268366,0.0,49.73433208268307,49.574880930889755,49.57488093088957,49.574880930918944,49.57488093091882,49.73200480859873,49.73200480859759,49.573129036355176,49.57312903635479,49.573129036385225,49.57312903638496,0.4500000000022193,0.44999999996827733,49.736659356768556,49.81381807318112,0.45000390790957706,0.4500039078983444,0.45000390774083043,0.4500039077350203,0.449999999971988,0.45,1.253772306361678e-38,1.526963899020513e-14,49.906909036590626
13.0,0.0,49.73433153941747,0.0,49.73433153941698,49.574880351872935,49.574880351872764,49.57488035189131,49.57488035189125,49.73200426057353,49.73200426057256,49.57312845912374,49.5731284591234,49.57312845914262,49.57312845914251,0.4499999999509901,0.44999999992097656,49.73665881826141,49.813817692454485,0.45000307968515446,0.45000307967719805,0.4500030795549416,0.45000307955002944,0.44999999998128803,0.45,-8.6344186445078e-39,1.5269638990562074e-14,49.906908846227296
14.0,0.0,49.7343310756845,0.0,49.73433107568398,49.574879838498894,49.574879838498795,49.57487983850986,49.57487983850981,49.73200379277813,49.73200379277711,49.57312794691997,49.57312794691978,49.57312794693131,49.57312794693121,0.4500000000212233,0.4499999999935005,49.736658358590866,49.8138173674656,0.45000242734027585,0.4500024273347111,0.45000242723827355,0.4500024272338017,0.44999999999391954,0.45,1.411325916622422e-41,1.5269638990870885e-14,49.90690868373285
15.0,0.0,49.73433068032402,0.0,49.73433068032363,49.57487938630058,49.574879386300516,49.57487938630612,49.57487938630609,49.73200339395416,49.73200339395336,49.573127495450976,49.573127495450855,49.573127495456795,49.57312749545672,0.44999999999789264,0.44999999997472684,49.73665796669389,49.81381709039401,0.45000191252209343,0.4500019125178245,0.45000191244786913,0.4500019124446991,0.4499999999947823,0.45,-9.209783530947324e-43,1.526963899092315e-14,49.90690854519704
16.0,0.0,49.73433034398643,0.0,49.73433034398618,49.5748789901119,49.574878990111856,49.5748789901142,49.574878990114186,49.732003054670216,49.73200305466973,49.57312709967027,49.57312709967015,49.57312709967272,49.57312709967269,0.45000000000033163,0.4499999999794044,49.73665763330262,49.81381685468503,0.4500015073836122,0.45000150738190137,0.45000150732791433,0.4500015073243774,0.45000000000236123,0.45,-1.1682138931497468e-44,1.526963899115601e-14,49.90690842734255
17.0,0.0,49.73433005811889,0.0,49.73433005811856,49.57487864465687,49.57487864465685,49.57487864465656,49.574878644656515,49.73200276629841,49.732002766297725,49.573126754400626,49.57312675440058,49.57312675440045,49.57312675440039,0.4500000000001555,0.4499999999830909,49.736657349939385,49.813816654347214,0.45000118790889404,0.4500011879071149,0.45000118786608573,0.4500011878621169,0.4500000000016408,0.45,-1.0203721288494176e-44,1.5269638991129965e-14,49.90690832717364
18.0,0.0,49.734329815494355,0.0,49.734329815494,49.57487834465645,49.57487834465641,49.57487834465426,49.57487834465423,49.73200252154846,49.73200252154775,49.57312645443192,49.57312645443186,49.573126454429826,49.573126454429776,0.4500000000018513,0.44999999998805434,49.736657109440245,49.813816484314046,0.45000093615569065,0.4500009361540193,0.4500009361227531,0.4500009361207839,0.4500000000029314,0.45,5.0974427928739925e-47,1.5269638991164944e-14,49.906908242157044
19.0,0.0,49.734329609768146,0.0,49.734329609767435,49.57487808503049,49.57487808503045,49.574878085026015,49.574878085026,49.73200231402027,49.732002314018835,49.57312619473573,49.57312619473567,49.57312619473135,49.57312619473131,0.449999999999974,0.4499999999914248,49.73665690551604,49.813816340139475,0.45000073768047655,0.4500007376790859,0.4500007376536287,0.45000073765305815,0.45000000000340623,0.45,-2.21995211840903e-47,1.526963899117662e-14,49.90690817006976
20.0,0.0,49.73432943560522,0.0,49.73432943560476,49.574877861100056,49.574877861100035,49.57487786109301,49.574877861092986,49.732002138331524,49.732002138330614,49.57312597066934,49.57312597066931,49.57312597066233,49.5731259706623,0.4500000000037786,0.45000000000210394,49.736656732878906,49.81381621808467,0.4500005814518523,0.45000058145154676,0.45000058146102295,0.45000058145885014,0.45000000000543716,0.45,6.440170041345298e-52,1.5269638991230763e-14,49.90690810904235
21.0,0.0,49.734329288168766,0.0,49.734329288168766,49.57487766840311,49.57487766840311,49.57487766839681,49.5748776683968,49.73200198960326,49.73200198960326,49.57312577779944,49.57312577779944,49.57312577779308,49.57312577779307,0.45000000000529916,0.45000000000432017,49.73665658673427,49.813816114760606,0.45000045812590467,0.450000458125903,0.4500004581468103,0.45000045814652906,0.45000000000395096,0.45,2.572428319671444e-50,1.5269638991179774e-14,49.90690805738031
22.0,0.0,49.734329163586764,0.0,49.7343291635865,49.574877503069764,49.574877503069764,49.57487750306447,49.57487750306448,49.732001863930094,49.73200186392959,49.57312561227369,49.57312561227368,49.57312561226832,49.57312561226834,0.44999999998337603,0.4499999999813564,49.736656463243435,49.81381602745227,0.4500003610493009,0.45000036104816216,0.45000036106146835,0.4500003610607809,0.45000000000467066,0.45,-1.7806357381860374e-50,1.5269638991229807e-14,49.90690801372616
23.0,0.0,49.7343290583473,0.0,49.73432905834736,49.57487736148909,49.574877361489094,49.574877361485036,49.57487736148503,49.732001757768515,49.73200175776864,49.57312547049491,49.57312547049493,49.573125470490794,49.57312547049079,0.45000000001377466,0.45000000001144996,49.736656358926076,49.81381595369997,0.4500002845602027,0.45000028455967844,0.4500002845801729,0.45000028457947844,0.45000000000517265,0.45,7.241147454085429e-53,1.5269638991206526e-14,49.90690797685001
24.0,0.0,49.73432896950786,0.0,49.73432896950797,49.57487724047661,49.57487724047662,49.574877240474,49.574877240473995,49.73200166815082,49.732001668151035,49.57312534928761,49.57312534928763,49.57312534928492,49.573125349284915,0.4499999999976191,0.44999999999485985,49.7366562708649,49.81381589144087,0.45000022421691,0.45000022421647035,0.4500002242321417,0.4500002242316663,0.4500000000033851,0.45,-3.153542135568224e-53,1.5269638991169516e-14,49.90690794572044
25.0,0.0,49.734328894610236,0.0,49.734328894610336,49.574877137271656,49.57487713727166,49.574877137270484,49.57487713727054,49.73200159259709,49.73200159259729,49.57312524589652,49.57312524589654,49.57312524589526,49.57312524589537,0.4500000000059181,0.45000000000517426,49.73665619662338,49.81381583895206,0.45000017674627574,0.4500001767461173,0.4500001767548061,0.4500001767530356,0.4500000000038517,0.45,9.148552133097328e-58,1.5269638991171425e-14,49.90690791947604
26.0,0.0,49.73432883144199,0.0,49.7343288314421,49.574877049330546,49.574877049330546,49.57487704933027,49.57487704933036,49.73200152887547,49.732001528875685,49.573125157781746,49.573125157781746,49.57312515778137,49.57312515778157,0.4500000000116343,0.45000000001110907,49.73665613400851,49.8138157946837,0.450000139275735,0.4500001392756948,0.45000013928029275,0.45000013927789145,0.45000000000186013,0.45,3.6542505025034184e-56,1.5269638991099954e-14,49.90690789734187
27.0,0.0,49.734328778253264,0.0,49.734328778253655,49.57487697456223,49.57487697456223,49.57487697456414,49.57487697456448,49.7320014752207,49.73200147522147,49.573125082853764,49.573125082853764,49.573125082855455,49.57312508285613,0.4500000000206157,0.4500000000152299,49.73665608128584,49.81381575740949,0.450000109811306,0.45000010981114047,0.4500001098095267,0.4500001098042666,0.44999999999764784,0.45,-2.529473413838131e-56,1.526963899095593e-14,49.90690787870476
28.0,0.0,49.73432873355723,0.0,49.73432873355721,49.574876911155854,49.574876911155854,49.57487691115755,49.574876911157574,49.73200143013332,49.73200143013329,49.57312501930295,49.57312501930293,49.573125019304555,49.5731250193046,0.4499999999932778,0.4499999999910921,49.73665603698113,49.81381572608518,0.4500000865812761,0.45000008658097335,0.4500000865878442,0.45000008657889534,0.4500000000018339,0.45,2.428064861103126e-59,1.5269638991122323e-14,49.906907863042605
29.0,0.0,49.73432869577383,0.0,49.73432869577369,49.57487685716234,49.57487685716233,49.57487685716278,49.5748768571627,49.732001392019,49.73200139201872,49.57312496517988,49.57312496517987,49.57312496518037,49.5731249651802,0.449999999987624,0.44999999998590995,49.73665599952867,49.813815699606685,0.4500000681151765,0.45000006811452026,0.45000006811828286,0.4500000681091282,0.4499999999991997,0.45,1.0201738853433872e-58,1.5269638991044317e-14,49.90690784980335
30.0,0.0,49.73432866400142,0.0,49.73432866400128,49.57487681141414,49.57487681141413,49.57487681141417,49.57487681141421,49.73200135996828,49.73200135996801,49.57312491931638,49.573124919316356,49.57312491931632,49.573124919316385,0.44999999998103923,0.4499999999788975,49.73665596803456,49.813815677340465,0.4500000535889021,0.4500000535880276,0.4500000536083204,0.4500000535991575,0.4499999999981727,0.45,3.292741962504023e-59,1.526963899101944e-14,49.906907838670236
31.0,0.0,49.73432863737451,0.0,49.734328637374226,49.57487677278558,49.574876772785544,49.574876772787434,49.57487677278771,49.73200133310833,49.73200133310777,49.57312488058605,49.573124880585965,49.573124880587336,49.57312488058786,0.4499999999420808,0.4499999999388867,49.73665594164069,49.8138156586779,0.4500000421965511,0.4500000421944812,0.4500000422876304,0.4500000422759109,0.450000000009206,0.45,-5.070934134423162e-59,1.526963899142245e-14,49.90690782933896
32.0,0.0,49.734328615027636,0.0,49.73432861502676,49.57487674015091,49.57487674015083,49.57487674015831,49.57487674015882,49.73200131056631,49.73200131056457,49.573124847862516,49.57312484786232,49.57312484786831,49.57312484786933,0.4499999998382144,0.44999999983580136,49.73665591948896,49.813815643010415,0.450000033131426,0.4500000331276628,0.45000003338708144,0.4500000333651208,0.4500000000427525,0.45,-1.6612977600843778e-59,1.52696389926281e-14,49.906907821505214
33.0,0.0,49.73432859621701,0.0,49.73432859621703,49.574876712524556,49.57487671252457,49.57487671253422,49.57487671253404,49.73200129158981,49.732001291589846,49.57312482015692,49.57312482015696,49.57312482016662,49.57312482016626,0.45000000012939206,0.4500000001264293,49.736655900844205,49.8138156298299,0.4500000264368265,0.45000002643434306,0.4500000263112231,0.45000002628921715,0.45000000004611945,0.45,6.15087372886164e-62,1.526963899236835e-14,49.90690781491495
34.0,0.0,49.73432858041945,0.0,49.73432858041934,49.574876689195264,49.5748766891953,49.57487668920252,49.5748766892023,49.73200127565396,49.73200127565374,49.57312479675937,49.57312479675944,49.57312479676689,49.57312479676645,0.449999999995781,0.44999999999329277,49.736655885184945,49.813815618760714,0.45000002070666095,0.45000002070320294,0.4500000207446934,0.45000002072736106,0.45000000002906143,0.45,-2.6787245526897306e-62,1.5269638991994447e-14,49.906907809380364
35.0,0.0,49.734328567183724,0.0,49.73432856718361,49.57487666954667,49.57487666954669,49.57487666955208,49.57487666955192,49.732001262302354,49.73200126230211,49.57312477705187,49.57312477705191,49.57312477705744,49.573124777057096,0.4500000000218036,0.45000000001860263,49.73665587206509,49.81381560948628,0.450000016370116,0.45000001636837905,0.45000001637351467,0.45000001636095727,0.45000000002239016,0.45,-7.90982739291227e-65,1.5269638991743797e-14,49.906907804743135
36.0,0.0,49.73432855604693,0.0,49.734328556047025,49.57487665294019,49.574876652940205,49.57487665294477,49.574876652944624,49.73200125106791,49.732001251068084,49.57312476039441,49.573124760394464,49.573124760399104,49.5731247603988,0.45000000001745477,0.4500000000147951,49.73665586102597,49.81381560168257,0.4500000129023765,0.45000001290209296,0.4500000129066759,0.4500000128972832,0.45000000001630996,0.45,6.3978256815365326e-65,1.5269638991556042e-14,49.90690780084129
37.0,0.0,49.73432854668025,0.0,49.734328546680395,49.57487663891467,49.57487663891468,49.57487663891852,49.57487663891838,49.73200124161916,49.73200124161942,49.5731247463249,49.57312474632495,49.57312474632885,49.573124746328595,0.4500000000130272,0.4500000000110098,49.73665585174136,49.81381559511914,0.45000001015459745,0.45000001015420354,0.4500000101564676,0.4500000101489179,0.4500000000113279,0.45,5.527514407307684e-65,1.5269638991401094e-14,49.90690779755957
38.0,0.0,49.73432853884229,0.0,49.73432853884242,49.574876627127175,49.57487662712719,49.57487662713069,49.57487662713058,49.73200123371255,49.73200123371281,49.57312473449968,49.57312473449973,49.57312473450329,49.573124734503054,0.4500000000067465,0.45000000000645285,49.73665584397203,49.81381558962674,0.45000000799779055,0.45000000799722156,0.4500000079986547,0.4500000079945313,0.45000000000802176,0.45,-1.0932771546681732e-65,1.5269638991300628e-14,49.90690779481337
39.0,0.0,49.73432853229166,0.0,49.73432853229181,49.57487661723479,49.574876617234814,49.57487661723873,49.574876617238594,49.732001227104575,49.732001227104874,49.57312472457508,49.573124724575116,49.57312472457903,49.573124724578776,0.44999999999951024,0.44999999999765805,49.73665583747874,49.81381558503611,0.4500000063037644,0.4500000063028606,0.4500000063121898,0.45000000630960607,0.4500000000069694,0.45,-4.037064943460366e-65,1.5269638991276315e-14,49.906907792518055
40.0,0.0,49.734328526792275,0.0,49.7343285267923,49.574876608901896,49.57487660890192,49.57487660890643,49.574876608906365,49.73200122155708,49.732001221557105,49.57312471621453,49.57312471621455,49.573124716219084,49.57312471621895,0.4500000000125315,0.4500000000093166,49.73665583202748,49.81381558118203,0.4500000050059692,0.45000000500467124,0.4500000049739404,0.4500000049724127,0.45000000000772367,0.45,4.199746499402845e-68,1.526963899128459e-14,49.90690779059101
41.0,0.0,49.734328522176675,0.0,49.73432852217666,49.5748766018883,49.57487660188829,49.5748766018915,49.57487660189148,49.73200121690122,49.732001216901175,49.57312470917723,49.57312470917723,49.57312470918053,49.57312470918051,0.4499999999822433,0.4499999999791801,49.73665582745214,49.81381557794691,0.45000000395051365,0.4500000039494487,0.45000000392804373,0.4500000039276437,0.45000000000880425,0.45,-1.528246929573534e-70,1.526963899135037e-14,49.90690778897346
42.0,0.0,49.7343285183099,0.0,49.734328518309844,49.57487659599119,49.57487659599119,49.57487659599322,49.57487659599323,49.73200121300031,49.73200121300019,49.573124703260085,49.573124703260085,49.57312470326216,49.57312470326219,0.450000000032579,0.45000000002998475,49.736655823619486,49.8138155752379,0.45000000308601357,0.4500000030859221,0.4500000030754019,0.4500000030740937,0.4500000000062909,0.45,8.585501452783025e-71,1.5269638991220334e-14,49.906907787618955
43.0,0.0,49.734328515072335,0.0,49.73432851507229,49.574876591036826,49.574876591036826,49.574876591038,49.574876591038006,49.7320012097343,49.73200120973423,49.573124698288645,49.573124698288645,49.57312469828984,49.57312469828987,0.45000000001322255,0.4500000000119397,49.73665582041036,49.81381557296996,0.4500000024385599,0.4500000024384914,0.45000000242670024,0.4500000024265264,0.450000000000153,0.45,-5.91262173024968e-71,1.5269638991044396e-14,49.90690778648497
44.0,0.0,49.73432851236547,0.0,49.73432851236543,49.574876586884145,49.57487658688416,49.57487658688528,49.57487658688529,49.73200120700387,49.732001207003776,49.57312469412141,49.57312469412141,49.57312469412253,49.573124694122534,0.44999999999882584,0.44999999999695445,49.73665581772707,49.81381557107313,0.45000000193049144,0.45000000192900785,0.45000000193366596,0.45000000193295,0.44999999999816054,0.45,-4.040211590870444e-74,1.5269638990993764e-14,49.90690778553656
45.0,0.0,49.73432851008702,0.0,49.73432851008697,49.574876583383286,49.57487658338329,49.57487658338464,49.57487658338465,49.73200120470562,49.732001204705504,49.573124690608154,49.57312469060816,49.57312469060945,49.57312469060945,0.4499999999795162,0.44999999997567725,49.73665581546841,49.81381556947592,0.45000000152959335,0.45000000152884395,0.4500000015408608,0.4500000015398001,0.44999999999961204,0.45,1.2207832941527866e-73,1.5269638991059498e-14,49.90690778473795
46.0,0.0,49.734328508176816,0.0,49.73432850817676,49.57487658044183,49.57487658044183,49.57487658044356,49.574876580443565,49.73200120277868,49.73200120277857,49.573124687656204,49.573124687656204,49.57312468765785,49.57312468765786,0.44999999998718454,0.4499999999831452,49.736655813574934,49.813815568136974,0.4500000011989553,0.45000000119886024,0.450000001212039,0.4500000012114582,0.45000000000138857,0.45,6.8222249193577914e-74,1.5269638991108158e-14,49.90690778406849
47.0,0.0,49.73432850658224,0.0,49.73432850658219,49.57487657798085,49.574876577980845,49.57487657798345,49.57487657798347,49.732001201170114,49.732001201170014,49.573124685186414,49.573124685186414,49.57312468518888,49.57312468518891,0.44999999999964524,0.44999999999621876,49.73665581199436,49.81381556701917,0.450000000931934,0.4500000009309911,0.45000000095075204,0.45000000095064735,0.4500000000038304,0.45,-4.289584605185551e-74,1.5269638991172302e-14,49.906907783509595
48.0,0.0,49.734328505250666,0.0,49.73432850525061,49.57487657592143,49.57487657592143,49.574876575925785,49.574876575925806,49.73200119982692,49.73200119982682,49.57312468311959,49.57312468311959,49.573124683123694,49.57312468312374,0.44999999999525925,0.44999999999121193,49.7366558106744,49.81381556608539,0.450000000719575,0.4500000007194823,0.450000000760887,0.45000000075975444,0.4500000000072778,0.45,-5.22014457990698e-74,1.5269638991284478e-14,49.906907783042705
49.0,0.0,49.73432850413464,0.0,49.73432850413458,49.5748765741907,49.57487657419069,49.5748765741935,49.57487657419351,49.73200119870099,49.732001198700864,49.573124681382446,49.57312468138243,49.57312468138524,49.57312468138524,0.450000000016157,0.45000000001310586,49.7366558095683,49.813815565303344,0.4500000005930166,0.4500000005923538,0.4500000005552571,0.4500000005549661,0.4500000000078598,0.45,5.778948836460711e-77,1.5269638991288435e-14,49.90690778265167
50.0,0.0,49.73432850320071,0.0,49.73432850320064,49.57487657273874,49.574876572738745,49.57487657274093,49.574876572740926,49.732001197758855,49.73200119775871,49.573124679925094,49.57312467992508,49.57312467992735,49.573124679927346,0.45000000000263085,0.4499999999998541,49.73665580864257,49.81381556464913,0.45000000045948196,0.45000000045891186,0.45000000044509786,0.4500000004443177,0.4500000000058208,0.45,-3.771125237528076e-78,1.5269638991236522e-14,49.90690778232456
51.0,0.0,49.734328502419864,0.0,49.73432850241979,49.57487657152341,49.5748765715234,49.57487657152391,49.5748765715239,49.732001196971225,49.732001196971055,49.57312467870526,49.57312467870523,49.57312467870585,49.57312467870583,0.4499999999953878,0.4499999999937508,49.73665580786852,49.81381556410177,0.4500000003597923,0.45000000035963145,0.45000000034069737,0.45000000034006366,0.45000000000619506,0.45,-1.7994005087462393e-79,1.526963899125653e-14,49.906907782050894
52.0,0.0,49.73432850176648,0.0,49.73432850176646,49.574876570503605,49.574876570503605,49.57487657050469,49.574876570504685,49.732001196312034,49.73200119631198,49.573124677681626,49.57312467768162,49.57312467768272,49.5731246776827,0.450000000008481,0.45000000000828183,49.73665580722092,49.813815563644205,0.45000000028957604,0.45000000028927506,0.45000000029106724,0.4500000002908726,0.45000000000495005,0.45,5.5463369805557955e-80,1.52696389911995e-14,49.906907781822106
53.0,0.0,49.73432850121784,0.0,49.73432850121784,49.57487656964636,49.57487656964635,49.57487656964709,49.57487656964709,49.732001195758585,49.73200119575856,49.573124676821145,49.57312467682112,49.57312467682187,49.573124676821855,0.45000000000859913,0.4500000000084505,49.73665580667712,49.81381556325996,0.4500000002291604,0.4500000002286286,0.45000000023317205,0.4500000002328776,0.4500000000035848,0.45,7.999984453032515e-80,1.526963899115563e-14,49.90690778162998
54.0,0.0,49.73432850075965,0.0,49.73432850075963,49.57487656892967,49.574876568929646,49.57487656892992,49.57487656892993,49.7320011952964,49.73200119529635,49.573124676101735,49.57312467610169,49.57312467610196,49.57312467610197,0.45000000000237794,0.4500000000017891,49.73665580622292,49.813815562938984,0.4500000001797339,0.45000000017832126,0.45000000018138925,0.4500000001811408,0.4500000000025111,0.45,7.040541746975017e-81,1.5269638991129262e-14,49.906907781469485
55.0,0.0,49.734328500377586,0.0,49.73432850037754,49.57487656833157,49.574876568331526,49.57487656833199,49.574876568332,49.732001194911014,49.73200119491093,49.57312467550138,49.57312467550127,49.57312467550169,49.57312467550172,0.44999999999652607,0.4499999999957567,49.736655805844165,49.81381556267123,0.4500000001418409,0.45000000013962543,0.4500000001504704,0.45000000015034997,0.45000000000214074,0.45,-5.004337009719502e-80,1.5269638991124746e-14,49.90690778133561
56.0,0.0,49.73432850005798,0.0,49.734328500057934,49.574876567830664,49.57487656783061,49.57487656783248,49.57487656783249,49.73200119458861,49.732001194588506,49.573124674998574,49.57312467499844,49.57312467500017,49.573124675000194,0.4499999999989341,0.44999999999849444,49.73665580552735,49.81381556244724,0.45000000011430596,0.4500000001112806,0.4500000001398287,0.45000000013830715,0.45000000000222995,0.45,-1.0759676588179542e-82,1.5269638991124762e-14,49.90690778122363
57.0,0.0,49.73432849979112,0.0,49.734328499791104,49.574876567410755,49.574876567410776,49.574876567412836,49.57487656741283,49.732001194319366,49.73200119431933,49.57312467457701,49.57312467457705,49.57312467457906,49.573124674579056,0.4500000000055085,0.4500000000047885,49.736655805262885,49.81381556226056,0.45000000008691826,0.45000000008423297,0.4500000000766196,0.45000000007583135,0.45000000000067475,0.45,3.316481898570618e-83,1.5269638991068018e-14,49.90690778113028
58.0,0.0,49.73432849956637,0.0,49.73432849956636,49.574876567057764,49.57487656705781,49.5748765670593,49.574876567059285,49.73200119409263,49.73200119409262,49.57312467422264,49.57312467422273,49.573124674224225,49.57312467422421,0.45000000000513624,0.45000000000430646,49.7366558050401,49.81381556210304,0.45000000006846,0.45000000006620683,0.4500000000523395,0.45000000005148216,0.4500000000007081,0.45,4.783662390587908e-83,1.5269638991069094e-14,49.90690778105152
59.0,0.0,49.73432849937883,0.0,49.734328499378826,49.574876566762626,49.57487656676265,49.57487656676371,49.574876566763706,49.73200119390346,49.73200119390344,49.57312467392637,49.573124673926436,49.57312467392749,49.57312467392747,0.4500000000051494,0.45000000000465323,49.736655804854216,49.81381556197171,0.45000000005138663,0.4500000000502483,0.45000000005292157,0.45000000005262814,0.4500000000002318,0.45,4.209954928554645e-84,1.5269638991054822e-14,49.906907780985854
60.0,0.0,49.734328499223686,0.0,49.734328499223665,49.574876566516224,49.574876566516224,49.57487656651794,49.57487656651794,49.73200119374689,49.73200119374685,49.573124673679075,49.57312467367909,49.57312467368066,49.57312467368066,0.4500000000136995,0.45000000001261337,49.73665580470048,49.81381556186354,0.4500000000293482,0.45000000002820867,0.45000000006549523,0.45000000006544283,0.44999999999714757,0.45,-2.992388189643596e-83,1.5269638990952027e-14,49.90690778093178
61.0,0.0,49.73432849909547,0.0,49.73432849909544,49.57487656630974,49.57487656630974,49.57487656631364,49.57487656631364,49.732001193617485,49.73200119361739,49.573124673471845,49.57312467347186,49.573124673475434,49.57312467347543,0.4500000000238162,0.4500000000217476,49.73665580457348,49.813815561774774,0.4500000000105976,0.45000000000911555,0.4500000000640075,0.4500000000637467,0.4499999999910883,0.45,-6.433891790037942e-86,1.5269638990753026e-14,49.906907780887394
62.0,0.0,49.734328498985356,0.0,49.73432849898529,49.57487656613729,49.574876566137306,49.57487656614087,49.57487656614087,49.73200119350658,49.73200119350649,49.57312467329858,49.5731246732986,49.573124673302154,49.57312467330215,0.44999999998610907,0.4499999999827744,49.73665580446411,49.81381556169702,0.4500000000478591,0.45000000004672813,0.4500000000135283,0.4500000000135131,0.44999999999279927,0.45,1.983134482177908e-86,1.526963899083504e-14,49.90690778084851
63.0,0.0,49.734328498892935,0.0,49.73432849889288,49.574876565992724,49.57487656599276,49.57487656599561,49.57487656599561,49.73200119341339,49.73200119341329,49.573124673153416,49.573124673153465,49.57312467315638,49.573124673156364,0.44999999998473134,0.44999999998229206,49.73665580437246,49.81381556163203,0.4500000000408062,0.4500000000390536,0.450000000005495,0.4500000000050194,0.4499999999940317,0.45,2.8604545804632292e-86,1.526963899087333e-14,49.90690778081602
64.0,0.0,49.734328498816026,0.0,49.734328498815984,49.5748765658716,49.57487656587165,49.57487656587427,49.57487656587426,49.732001193335755,49.73200119333566,49.5731246730319,49.57312467303198,49.57312467303454,49.57312467303453,0.4500000000003329,0.44999999999862583,49.736655804296284,49.81381556157816,0.45000000000651724,0.4500000000055803,0.45000000001655277,0.45000000001649404,0.44999999999459384,0.45,2.5173985692218546e-87,1.526963899087764e-14,49.90690778078908
65.0,0.0,49.73432849875245,0.0,49.734328498752404,49.574876565769465,49.574876565769536,49.57487656577327,49.57487656577327,49.73200119327156,49.73200119327146,49.57312467292955,49.57312467292969,49.57312467293311,49.5731246729331,0.45000000001329027,0.4500000000103748,49.736655804233344,49.81381556153376,0.4499999999640633,0.4499999999638045,0.4500000000250309,0.4500000000244813,0.44999999999429396,0.45,-1.7893383363410573e-86,1.526963899085771e-14,49.906907780766886
66.0,0.0,49.73432849869973,0.0,49.73432849869968,49.57487656568255,49.57487656568264,49.57487656568902,49.574876565689,49.7320011932184,49.732001193218295,49.57312467284246,49.57312467284262,49.57312467284853,49.57312467284849,0.4500000000039756,0.44999999999930557,49.73665580418107,49.8138155614969,0.4499999999589264,0.44999999995699486,0.4500000000105725,0.45000000001038987,0.44999999999345885,0.45,-3.847231127562038e-89,1.5269638990839668e-14,49.906907780748455
67.0,0.0,49.734328498654264,0.0,49.73432849865419,49.57487656561242,49.57487656561241,49.57487656561789,49.57487656561789,49.73200119317262,49.73200119317247,49.573124672771655,49.57312467277164,49.57312467277714,49.57312467277714,0.4499999999946812,0.44999999999073903,49.73665580413591,49.81381556146466,0.4500000000496577,0.4500000000468599,0.4500000000027133,0.4500000000024151,0.4499999999950057,0.45,1.1858416261346463e-89,1.526963899090001e-14,49.906907780732325
68.0,0.0,49.734328498616264,0.0,49.734328498616186,49.57487656555385,49.57487656555382,49.574876565558164,49.574876565558164,49.732001193134295,49.73200119313414,49.57312467271275,49.573124672712716,49.57312467271719,49.5731246727172,0.4499999999943829,0.44999999999134177,49.73665580409822,49.81381556143781,0.4500000000456518,0.4500000000425571,0.4499999999999617,0.4499999999997926,0.4499999999962271,0.45,1.7104468412757735e-89,1.52696389909389e-14,49.9069077807189
69.0,0.0,49.73432849858475,0.0,49.73432849858468,49.57487656550442,49.57487656550442,49.57487656550828,49.57487656550828,49.732001193102505,49.732001193102356,49.57312467266329,49.57312467266328,49.57312467266712,49.57312467266713,0.4499999999979877,0.44999999999506723,49.73665580406702,49.81381556141558,0.44999999999058116,0.4499999999885428,0.44999999999864293,0.44999999999855345,0.44999999999733653,0.45,1.5053119749512617e-90,1.5269638990969997e-14,49.90690778070779
70.0,0.0,49.73432849855879,0.0,49.73432849855872,49.574876565461736,49.574876565461764,49.57487656546668,49.574876565466674,49.7320011930763,49.73200119307616,49.57312467262076,49.5731246726208,49.57312467262537,49.57312467262536,0.4500000000001295,0.44999999999614215,49.736655804041284,49.8138155613972,0.4499999999297119,0.4499999999276793,0.4499999999949095,0.44999999999490053,0.4499999999985474,0.45,-1.0699586255735214e-89,1.5269638991006963e-14,49.9069077806986
71.0,0.0,49.734328498537266,0.0,49.73432849853718,49.57487656542423,49.57487656542426,49.574876565431815,49.574876565431815,49.73200119305462,49.73200119305445,49.57312467258329,49.57312467258333,49.57312467259038,49.573124672590374,0.4499999999979405,0.44999999999238005,49.73665580401992,49.81381556138185,0.44999999993663625,0.4499999999345748,0.4499999999912135,0.4499999999899425,0.4499999999999029,0.45,-2.3004668583524632e-92,1.526963899105416e-14,49.90690778069093
72.0,0.0,49.734328498518686,0.0,49.7343284985186,49.574876565396345,49.57487656539631,49.57487656540269,49.57487656540269,49.73200119303584,49.73200119303567,49.573124672554734,49.57312467255468,49.573124672561086,49.573124672561086,0.45000000000319945,0.4499999999994719,49.736655804001536,49.813815561368855,0.45000000005970603,0.4500000000560858,0.4500000000054917,0.45000000000544627,0.45000000000016643,0.45,7.090803931721916e-93,1.5269638991054774e-14,49.90690778068443
73.0,0.0,49.7343284985033,0.0,49.73432849850321,49.57487656537335,49.57487656537331,49.574876565378354,49.57487656537837,49.73200119302031,49.732001193020146,49.57312467253153,49.573124672531435,49.57312467253664,49.57312467253666,0.45000000000346413,0.44999999999941614,49.73665580398629,49.81381556135806,0.45000000005686763,0.4500000000552589,0.45000000000595886,0.4500000000052198,0.450000000000249,0.45,1.0227750747499163e-92,1.526963899105732e-14,49.90690778067903
74.0,0.0,49.734328498490676,0.0,49.734328498490584,49.574876565353705,49.57487656535366,49.57487656535808,49.5748765653581,49.73200119300757,49.73200119300743,49.573124672511995,49.573124672511895,49.5731246725163,49.573124672516336,0.4500000000007089,0.44999999999593826,49.73665580397376,49.81381556134913,0.44999999999087764,0.44999999999056467,0.4499999999981718,0.4499999999973721,0.45000000000050266,0.45,9.002873199234229e-94,1.526963899106943e-14,49.906907780674565
75.0,0.0,49.734328498480345,0.0,49.73432849848026,49.57487656533586,49.57487656533581,49.57487656534114,49.57487656534117,49.73200119299718,49.73200119299703,49.57312467249444,49.5731246724943,49.573124672499326,49.57312467249937,0.4499999999974539,0.4499999999922184,49.7366558039635,49.81381556134173,0.4499999999237183,0.44999999992124806,0.44999999998910045,0.44999999998859885,0.45000000000127977,0.45,-6.3974708948890076e-93,1.5269638991098736e-14,49.90690778067086
76.0,0.0,49.734328498471754,0.0,49.73432849847167,49.57487656531909,49.57487656531901,49.57487656532685,49.57487656532688,49.73200119298855,49.73200119298837,49.57312467247777,49.57312467247762,49.57312467248498,49.57312467248504,0.4499999999987881,0.4499999999927687,49.736655803954974,49.813815561335495,0.4499999999392131,0.44999999993789525,0.44999999999016144,0.4499999999898053,0.4500000000025906,0.45,-1.3247358825981065e-95,1.526963899113949e-14,49.90690778066775
77.0,0.0,49.73432849846404,0.0,49.73432849846395,49.57487656530853,49.57487656530853,49.57487656531505,49.574876565315044,49.73200119298072,49.73200119298053,49.573124672466534,49.57312467246653,49.57312467247309,49.57312467247308,0.4500000000062486,0.4500000000016655,49.736655803947365,49.813815561330244,0.45000000006262025,0.450000000060332,0.4500000000087323,0.45000000000761986,0.4500000000021648,0.45,4.100652235143641e-96,1.5269638991115633e-14,49.90690778066512
78.0,0.0,49.73432849845783,0.0,49.734328498457735,49.57487656530012,49.57487656530013,49.574876565305274,49.57487656530526,49.73200119297443,49.732001192974266,49.57312467245795,49.573124672457965,49.57312467246326,49.57312467246324,0.4500000000061964,0.4500000000014814,49.73665580394122,49.81381556132597,0.4500000000612558,0.45000000005903446,0.4500000000091644,0.4500000000082265,0.45000000000171514,0.45,5.955087039450722e-96,1.5269638991101412e-14,49.906907780662976
79.0,0.0,49.73432849845285,0.0,49.734328498452776,49.57487656529274,49.57487656529272,49.57487656529718,49.57487656529717,49.73200119296942,49.732001192969285,49.57312467245073,49.57312467245069,49.57312467245514,49.57312467245513,0.45000000000180823,0.44999999999756085,49.73665580393627,49.81381556132248,0.4499999999979009,0.449999999994712,0.45000000000070006,0.44999999999957063,0.4500000000015148,0.45,6.7874188705551e-97,1.526963899110022e-14,49.906907780661236
80.0,0.0,49.73432849844884,0.0,49.73432849844879,49.574876565285265,49.5748765652852,49.574876565290396,49.574876565290396,49.7320011929654,49.732001192965285,49.57312467244358,49.57312467244344,49.57312467244836,49.57312467244836,0.4499999999981735,0.4499999999933355,49.73665580393228,49.81381556131958,0.4499999999341402,0.44999999992927087,0.44999999999119134,0.4499999999909873,0.45000000000183715,0.45,-3.3655869219266913e-96,1.5269638991115447e-14,49.906907780659786
81.0,0.0,49.73432849844545,0.0,49.73432849844539,49.5748765652773,49.574876565277236,49.574876565284605,49.5748765652846,49.732001192962,49.73200119296187,49.573124672435746,49.57312467243559,49.57312467244257,49.573124672442546,0.4500000000001044,0.44999999999462936,49.73665580392892,49.81381556131707,0.4499999999535609,0.449999999946318,0.4499999999931646,0.4499999999929755,0.45000000000267737,0.45,3.870282327937687e-97,1.5269638991140287e-14,49.90690778065853
82.0,0.0,49.734328498442196,0.0,49.734328498442096,49.574876565273755,49.57487656527379,49.57487656527982,49.57487656527981,49.732001192958684,49.73200119295849,49.5731246724316,49.57312467243166,49.57312467243771,49.57312467243771,0.45000000000633295,0.4500000000006525,49.736655803925714,49.813815561314925,0.45000000006067786,0.4500000000561889,0.4500000000083873,0.4500000000068158,0.4500000000021723,0.45,-9.970710180944126e-98,1.526963899111648e-14,49.90690778065747
83.0,0.0,49.734328498439616,0.0,49.73432849843952,49.57487656527117,49.57487656527123,49.57487656527589,49.57487656527588,49.73200119295607,49.73200119295588,49.57312467242886,49.573124672428996,49.57312467243375,49.57312467243374,0.4500000000057102,0.45000000000072177,49.73665580392316,49.8138155613132,0.45000000005819724,0.45000000005460356,0.4500000000085069,0.4500000000071222,0.450000000001705,0.45,-1.0990856014033812e-97,1.5269638991101882e-14,49.9069077806566
84.0,0.0,49.73432849843761,0.0,49.73432849843753,49.57487656526865,49.574876565268724,49.57487656527263,49.57487656527262,49.73200119295405,49.732001192953895,49.573124672426495,49.57312467242664,49.5731246724305,49.57312467243048,0.4500000000020056,0.4499999999976204,49.73665580392117,49.8138155613118,0.45000000000039037,0.44999999999731793,0.45000000000090185,0.4500000000004056,0.4500000000014926,0.45,1.2905716862608545e-97,1.526963899109934e-14,49.9069077806559
85.0,0.0,49.73432849843607,0.0,49.734328498436,49.57487656526536,49.574876565265434,49.57487656526988,49.57487656526986,49.732001192952524,49.732001192952374,49.57312467242348,49.57312467242361,49.57312467242777,49.573124672427724,0.4499999999989889,0.4499999999941314,49.736655803919625,49.81381556131064,0.44999999994232504,0.44999999993929146,0.44999999999317636,0.44999999999295076,0.45000000000175217,0.45,3.8982339531483774e-97,1.52696389911117e-14,49.90690778065532
86.0,0.0,49.734328498434785,0.0,49.7343284984347,49.57487656526107,49.57487656526116,49.57487656526747,49.57487656526745,49.73200119295123,49.732001192951074,49.57312467241932,49.57312467241946,49.57312467242536,49.57312467242532,0.45000000000087864,0.4499999999946524,49.73665580391833,49.81381556130962,0.44999999995742496,0.4499999999558592,0.4499999999952543,0.4499999999940456,0.45000000000245693,0.45,3.491846623439241e-97,1.5269638991132727e-14,49.906907780654805
87.0,0.0,49.73432849843325,0.0,49.734328498433136,49.57487656526033,49.57487656526035,49.57487656526555,49.57487656526555,49.73200119294965,49.732001192949454,49.57312467241812,49.573124672418146,49.57312467242337,49.573124672423376,0.450000000005921,0.45000000000048157,49.73665580391683,49.81381556130869,0.45000000005328344,0.450000000052155,0.45000000000760454,0.45000000000723517,0.4500000000019769,0.45,-9.510707429293127e-98,1.5269638991110572e-14,49.90690778065434
88.0,0.0,49.73432849843214,0.0,49.734328498432035,49.57487656526001,49.57487656526002,49.574876565263956,49.57487656526396,49.73200119294853,49.73200119294832,49.57312467241769,49.57312467241772,49.57312467242176,49.57312467242178,0.4500000000049028,0.45000000000111184,49.736655803915745,49.81381556130798,0.4500000000517992,0.4500000000497053,0.45000000000819007,0.45000000000722606,0.4500000000015255,0.45,-1.1181256327713075e-97,1.526963899109638e-14,49.906907780653995
89.0,0.0,49.734328498431374,0.0,49.73432849843127,49.57487656525942,49.57487656525947,49.57487656526262,49.57487656526262,49.732001192947784,49.73200119294755,49.57312467241722,49.57312467241731,49.57312467242045,49.573124672420434,0.45000000000136714,0.4499999999988222,49.736655803914985,49.81381556130747,0.45000000000038903,0.4499999999984808,0.45000000000264995,0.4500000000009059,0.45000000000127655,0.45,9.049570815463659e-98,1.526963899109205e-14,49.90690778065373
90.0,0.0,49.734328498430884,0.0,49.73432849843075,49.57487656525791,49.574876565258,49.57487656526145,49.57487656526143,49.73200119294731,49.732001192947045,49.57312467241593,49.57312467241612,49.5731246724193,49.57312467241924,0.44999999999885704,0.4499999999958914,49.736655803914466,49.81381556130706,0.4499999999496296,0.44999999994529205,0.44999999999662366,0.4499999999951616,0.45000000000140356,0.45,3.0324525276568103e-97,1.5269638991099484e-14,49.906907780653526
91.0,0.0,49.73432849843047,0.0,49.73432849843031,49.574876565255316,49.57487656525543,49.574876565260354,49.57487656526033,49.7320011929469,49.73200119294658,49.57312467241346,49.57312467241368,49.573124672418196,49.57312467241816,0.45000000000038104,0.44999999999646495,49.73665580391403,49.813815561306676,0.4499999999631464,0.4499999999577951,0.44999999999940676,0.4499999999975942,0.45000000000189705,0.45,2.561628084233923e-97,1.5269638991113923e-14,49.906907780653334
92.0,0.0,49.73432849842965,0.0,49.73432849842959,49.57487656525553,49.57487656525549,49.574876565259615,49.57487656525963,49.73200119294602,49.73200119294588,49.57312467241332,49.57312467241325,49.57312467241741,49.57312467241743,0.45000000000296175,0.45000000000179746,49.73665580391329,49.81381556130626,0.45000000004741597,0.4500000000407444,0.4500000000106665,0.45000000000907286,0.45000000000152374,0.45,-6.586628203394251e-98,1.526963899109708e-14,49.90690778065313
93.0,0.0,49.734328498429115,0.0,49.73432849842906,49.5748765652559,49.57487656525583,49.574876565259075,49.574876565259096,49.73200119294547,49.73200119294536,49.573124672413634,49.57312467241349,49.57312467241686,49.573124672416895,0.4500000000031079,0.45000000000119733,49.73665580391277,49.81381556130594,0.45000000004432544,0.45000000003951374,0.4500000000103455,0.45000000000902757,0.45000000000119134,0.45,-7.18466620006051e-98,1.5269638991086733e-14,49.90690778065297
94.0,0.0,49.734328498428795,0.0,49.73432849842872,49.57487656525589,49.574876565255835,49.57487656525865,49.57487656525866,49.73200119294516,49.73200119294501,49.57312467241374,49.57312467241365,49.57312467241644,49.57312467241647,0.45000000000053475,0.44999999999921925,49.73665580391243,49.8138155613057,0.4499999999983563,0.4499999999944812,0.4500000000041778,0.4500000000031786,0.45000000000104096,0.45,8.80490833963223e-98,1.5269638991084742e-14,49.90690778065286
95.0,0.0,49.73432849842865,0.0,49.73432849842854,49.57487656525493,49.5748765652549,49.5748765652582,49.574876565258215,49.732001192945056,49.73200119294483,49.573124672413,49.57312467241294,49.57312467241603,49.57312467241605,0.4499999999985086,0.4499999999968667,49.73665580391226,49.81381556130553,0.4499999999512008,0.4499999999488145,0.44999999999829554,0.4499999999968479,0.4500000000012137,0.45,2.6364836902975666e-97,1.5269638991092974e-14,49.90690778065277
96.0,0.0,49.734328498428546,0.0,49.73432849842842,49.574876565252936,49.57487656525289,49.57487656525772,49.57487656525774,49.73200119294494,49.73200119294469,49.57312467241112,49.573124672411026,49.57312467241554,49.57312467241556,0.44999999999981577,0.4499999999971017,49.73665580391213,49.813815561305375,0.4499999999622103,0.4499999999608524,0.4499999999998988,0.4499999999984108,0.4500000000016839,0.45,2.3806984023692873e-97,1.5269638991107048e-14,49.90690778065269
97.0,0.0,49.734328498427956,0.0,49.73432849842791,49.57487656525337,49.57487656525334,49.574876565257526,49.57487656525753,49.73200119294428,49.7320011929442,49.57312467241116,49.57312467241111,49.573124672415304,49.573124672415325,0.45000000000345847,0.45000000000097,49.73665580391162,49.81381556130509,0.4500000000406506,0.4500000000398247,0.4500000000093425,0.4500000000092268,0.45000000000134693,0.45,-6.590085222125503e-98,1.526963899109163e-14,49.906907780652546
98.0,0.0,49.73432849842764,0.0,49.73432849842763,49.57487656525398,49.57487656525394,49.574876565257405,49.57487656525741,49.73200119294395,49.73200119294394,49.57312467241169,49.573124672411616,49.57312467241518,49.5731246724152,0.4500000000028973,0.45000000000127505,49.73665580391134,49.81381556130494,0.4500000000397209,0.4500000000389078,0.4500000000092297,0.4500000000088903,0.4500000000010371,0.45,-7.741915157968796e-98,1.5269638991081886e-14,49.906907780652475
99.0,0.0,49.73432849842752,0.0,49.73432849842754,49.57487656525424,49.57487656525418,49.57487656525734,49.574876565257355,49.73200119294383,49.73200119294384,49.573124672412085,49.57312467241196,49.57312467241512,49.573124672415155,0.4500000000007215,0.4499999999994827,49.73665580391122,49.813815561304864,0.4500000000000087,0.44999999999851725,0.45000000000353746,0.450000000003426,0.45000000000086404,0.45,5.915198048918438e-98,1.5269638991078806e-14,49.90690778065244
100.0,0.0,49.73432849842751,0.0,49.73432849842755,49.57487656525366,49.57487656525355,49.574876565257306,49.57487656525734,49.73200119294383,49.732001192943876,49.57312467241171,49.57312467241149,49.57312467241509,49.573124672415155,0.4499999999992474,0.4499999999973319,49.736655803911205,49.81381556130483,0.4499999999618473,0.44999999995932377,0.44999999999761975,0.44999999999748186,0.45000000000093726,0.45,1.9944958231291611e-97,1.5269638991083388e-14,49.90690778065241
101.0,0.0,49.73432849842746,0.0,49.734328498427516,49.57487656525214,49.57487656525202,49.57487656525725,49.574876565257284,49.73200119294377,49.732001192943876,49.57312467241028,49.57312467241003,49.57312467241505,49.57312467241512,0.450000000001289,0.449999999996825,49.73665580391117,49.81381556130477,0.4499999999780073,0.4499999999719737,0.4499999999980834,0.4499999999967986,0.4500000000012471,0.45,1.6245106344274058e-97,1.5269638991092334e-14,49.906907780652375
102.0,0.0,49.73432849842715,0.0,49.734328498427104,49.574876565252744,49.57487656525277,49.574876565257036,49.57487656525703,49.732001192943486,49.73200119294338,49.5731246724105,49.57312467241055,49.57312467241484,49.57312467241482,0.4500000000035977,0.44999999999948664,49.73665580391082,49.81381556130459,0.4500000000401203,0.45000000003438523,0.4500000000039302,0.45000000000250734,0.4500000000009971,0.45,-4.1318051356410983e-98,1.526963899108125e-14,49.90690778065229
103.0,0.0,49.73432849842694,0.0,49.7343284984269,49.5748765652535,49.574876565253554,49.57487656525691,49.57487656525689,49.73200119294329,49.732001192943166,49.57312467241116,49.57312467241128,49.57312467241471,49.57312467241467,0.45000000000306356,0.44999999999964385,49.73665580391062,49.81381556130447,0.4500000000385463,0.45000000003408175,0.45000000000334567,0.45000000000248935,0.4500000000007864,0.45,-4.147334908760509e-98,1.5269638991074748e-14,49.90690778065224
104.0,0.0,49.734328498426834,0.0,49.73432849842684,49.57487656525393,49.57487656525397,49.57487656525684,49.57487656525683,49.73200119294314,49.732001192943144,49.57312467241171,49.57312467241177,49.57312467241466,49.57312467241462,0.45000000000206286,0.44999999999766394,49.73665580391053,49.813815561304416,0.4500000000072616,0.45000000000147033,0.4499999999999153,0.44999999999863455,0.45000000000070745,0.45,6.578872679802015e-98,1.526963899107409e-14,49.9069077806522
105.0,0.0,49.73432849842677,0.0,49.734328498426855,49.57487656525363,49.574876565253625,49.57487656525683,49.57487656525683,49.73200119294304,49.73200119294321,49.57312467241158,49.573124672411566,49.57312467241466,49.573124672414636,0.45000000000133195,0.44999999999555357,49.736655803910494,49.81381556130435,0.44999999997585843,0.44999999997134205,0.44999999999523155,0.44999999999482565,0.45000000000085266,0.45,1.842717328493265e-97,1.5269638991080526e-14,49.906907780652176
106.0,0.0,49.73432849842672,0.0,49.734328498426805,49.5748765652525,49.57487656525251,49.5748765652568,49.574876565256794,49.732001192943,49.732001192943166,49.57312467241052,49.573124672410515,49.573124672414636,49.57312467241462,0.4500000000024474,0.4499999999955084,49.73665580391044,49.81381556130427,0.44999999998740886,0.44999999998216306,0.44999999999459306,0.4499999999936545,0.4500000000011967,0.45,1.6896440934490805e-97,1.5269638991090882e-14,49.90690778065213
107.0,0.0,49.734328498426585,0.0,49.734328498426486,49.574876565253234,49.57487656525327,49.5748765652565,49.574876565256496,49.73200119294294,49.732001192942725,49.57312467241098,49.573124672411055,49.57312467241432,49.57312467241431,0.45000000000421747,0.449999999998828,49.73665580391023,49.81381556130417,0.45000000003442314,0.45000000003112434,0.4499999999991806,0.4499999999984472,0.4500000000009636,0.45,-4.448551963175639e-98,1.5269638991080163e-14,49.906907780652084
108.0,0.0,49.73432849842647,0.0,49.73432849842633,49.57487656525403,49.574876565254094,49.57487656525626,49.57487656525625,49.732001192942846,49.73200119294255,49.573124672411716,49.57312467241184,49.57312467241407,49.573124672414046,0.4500000000038285,0.4499999999988979,49.736655803910104,49.81381556130411,0.4500000000315879,0.4500000000299641,0.44999999999945134,0.4499999999987619,0.4500000000007582,0.45,-4.720602639601182e-98,1.5269638991073783e-14,49.906907780652055
109.0,0.0,49.73432849842643,0.0,49.7343284984263,49.57487656525453,49.57487656525461,49.57487656525603,49.574876565256005,49.732001192942796,49.73200119294254,49.57312467241228,49.57312467241247,49.57312467241385,49.573124672413805,0.45000000000241425,0.44999999999735596,49.736655803910054,49.8138155613041,0.45000000000319335,0.4500000000026468,0.44999999999722584,0.4499999999971803,0.45000000000067064,0.45,5.99952446791174e-98,1.5269638991072855e-14,49.90690778065204
110.0,0.0,49.73432849842648,0.0,49.73432849842635,49.57487656525434,49.57487656525446,49.57487656525578,49.57487656525574,49.732001192942846,49.73200119294262,49.57312467241223,49.573124672412476,49.5731246724136,49.57312467241354,0.4500000000011093,0.44999999999583973,49.7366558039101,49.8138155613041,0.4499999999743336,0.4499999999723332,0.4499999999956691,0.4499999999949392,0.45000000000079116,0.45,1.763106492206071e-97,1.5269638991078497e-14,49.90690778065204
111.0,0.0,49.73432849842657,0.0,49.73432849842641,49.57487656525341,49.57487656525355,49.57487656525549,49.57487656525545,49.73200119294297,49.73200119294265,49.57312467241136,49.573124672411645,49.57312467241333,49.57312467241324,0.4500000000008952,0.4499999999970858,49.73665580391017,49.81381556130409,0.4499999999797994,0.44999999997438794,0.44999999999797236,0.4499999999965886,0.45000000000110557,0.45,1.5807025724874703e-97,1.526963899108789e-14,49.90690778065204
112.0,0.0,49.73432849842632,0.0,49.73432849842626,49.57487656525394,49.57487656525393,49.574876565255444,49.57487656525545,49.732001192942676,49.73200119294251,49.57312467241172,49.57312467241171,49.573124672413236,49.57312467241324,0.45000000000185714,0.4500000000009984,49.73665580391,49.81381556130402,0.45000000002785445,0.45000000002263285,0.4500000000060318,0.45000000000427953,0.45000000000089474,0.45,-4.200225406694492e-98,1.5269638991078077e-14,49.90690778065201
113.0,0.0,49.734328498426244,0.0,49.73432849842618,49.57487656525451,49.57487656525448,49.57487656525543,49.57487656525545,49.7320011929426,49.73200119294242,49.57312467241228,49.5731246724122,49.573124672413215,49.57312467241324,0.45000000000135154,0.45000000000132134,49.73665580390992,49.813815561304,0.4500000000252835,0.4500000000210562,0.45000000000664014,0.4500000000046352,0.4500000000006814,0.45,-5.054026897209542e-98,1.5269638991071356e-14,49.906907780652
114.0,0.0,49.73432849842631,0.0,49.73432849842616,49.5748765652548,49.5748765652548,49.57487656525538,49.574876565255394,49.73200119294269,49.732001192942384,49.573124672412625,49.573124672412625,49.573124672413165,49.57312467241318,0.4500000000001437,0.4499999999998007,49.73665580390993,49.81381556130402,0.44999999999736673,0.4499999999919878,0.4500000000036289,0.45000000000160173,0.4500000000005667,0.45,4.3636376842449675e-98,1.526963899106938e-14,49.90690778065201
115.0,0.0,49.73432849842648,0.0,49.73432849842624,49.57487656525444,49.574876565254506,49.57487656525521,49.5748765652552,49.732001192942924,49.73200119294243,49.57312467241238,49.57312467241251,49.573124672413,49.573124672412995,0.44999999999909396,0.44999999999808776,49.73665580391004,49.813815561304075,0.4499999999661964,0.4499999999609456,0.45000000000043056,0.4499999999995247,0.45000000000065193,0.45,1.5170784768584445e-97,1.52696389910738e-14,49.90690778065204
116.0,0.0,49.734328498426635,0.0,49.73432849842637,49.57487656525338,49.574876565253454,49.57487656525493,49.574876565254925,49.73200119294309,49.73200119294255,49.57312467241141,49.57312467241154,49.57312467241273,49.57312467241273,0.45000000000033896,0.449999999997545,49.736655803910175,49.81381556130412,0.449999999969426,0.44999999996358914,0.4500000000036091,0.4500000000029319,0.45000000000093987,0.45,1.431021980796654e-97,1.5269638991082533e-14,49.906907780652055
117.0,0.0,49.73432849842629,0.0,49.7343284984263,49.574876565253675,49.57487656525362,49.57487656525522,49.574876565255224,49.732001192942576,49.73200119294262,49.57312467241151,49.57312467241139,49.57312467241299,49.57312467241301,0.4500000000025953,0.4499999999999724,49.73665580390999,49.81381556130404,0.4500000000238393,0.4500000000175907,0.4500000000125003,0.4500000000120572,0.450000000000757,0.45,-3.987374210411996e-98,1.526963899107387e-14,49.90690778065202
118.0,0.0,49.73432849842619,0.0,49.73432849842626,49.574876565254,49.5748765652539,49.57487656525553,49.57487656525554,49.732001192942434,49.73200119294261,49.5731246724118,49.57312467241161,49.573124672413286,49.57312467241332,0.45000000000229706,0.45000000000011636,49.73665580390992,49.81381556130401,0.45000000002337,0.45000000001744217,0.45000000001207235,0.4500000000117051,0.4500000000005846,0.45,-4.5098790288455124e-98,1.5269638991068466e-14,49.90690778065201
119.0,0.0,49.73432849842622,0.0,49.73432849842625,49.574876565254065,49.57487656525396,49.57487656525582,49.57487656525584,49.7320011929425,49.73200119294259,49.57312467241194,49.573124672411744,49.57312467241359,49.573124672413634,0.4500000000008687,0.4499999999990212,49.73665580390993,49.813815561304025,0.44999999999525164,0.44999999999160123,0.450000000006979,0.4500000000064845,0.45000000000050444,0.45,4.309758003384054e-98,1.5269638991067453e-14,49.90690778065201
120.0,0.0,49.73432849842631,0.0,49.7343284984263,49.57487656525357,49.574876565253454,49.57487656525607,49.5748765652561,49.732001192942626,49.732001192942626,49.57312467241157,49.57312467241136,49.573124672413854,49.573124672413904,0.44999999999918944,0.4499999999982764,49.73665580390999,49.81381556130405,0.4499999999679133,0.44999999996732964,0.45000000000147455,0.45000000000140283,0.45000000000059837,0.45,1.4038589536994753e-97,1.526963899107196e-14,49.90690778065203
121.0,0.0,49.73432849842632,0.0,49.73432849842636,49.57487656525252,49.57487656525238,49.574876565256226,49.574876565256254,49.732001192942626,49.732001192942704,49.57312467241059,49.57312467241032,49.57312467241402,49.57312467241408,0.4499999999994255,0.44999999999891926,49.736655803910025,49.81381556130403,0.4499999999795991,0.4499999999779209,0.4500000000019232,0.4500000000007871,0.45000000000085927,0.45,1.2730840387409433e-97,1.5269638991079788e-14,49.90690778065201
122.0,0.0,49.73432849842615,0.0,49.734328498426166,49.57487656525292,49.57487656525291,49.57487656525629,49.57487656525629,49.732001192942434,49.732001192942484,49.573124672410714,49.57312467241068,49.57312467241409,49.57312467241409,0.4500000000017703,0.4500000000004929,49.73665580390986,49.813815561303954,0.45000000002472096,0.4500000000219999,0.45000000000563267,0.45000000000494866,0.45000000000069446,0.45,-3.328088442622047e-98,1.5269638991072047e-14,49.90690778065198
123.0,0.0,49.734328498426045,0.0,49.7343284984261,49.57487656525337,49.574876565253376,49.57487656525644,49.57487656525644,49.7320011929423,49.73200119294245,49.57312467241111,49.57312467241111,49.57312467241424,49.573124672414224,0.4500000000018729,0.450000000000248,49.736655803909784,49.813815561303926,0.45000000002627427,0.4500000000222453,0.45000000000463414,0.45000000000435036,0.4500000000005438,0.45,-3.7158680395182594e-98,1.526963899106734e-14,49.90690778065196
124.0,0.0,49.73432849842595,0.0,49.73432849842611,49.57487656525363,49.57487656525359,49.57487656525669,49.57487656525669,49.73200119294217,49.732001192942505,49.57312467241144,49.57312467241133,49.57312467241447,49.573124672414494,0.4500000000014605,0.44999999999861,49.73665580390974,49.813815561303905,0.45000000000768337,0.4500000000030747,0.45000000000179746,0.45000000000001944,0.4500000000004646,0.45,3.759033342833277e-98,1.5269638991066134e-14,49.906907780651956
125.0,0.0,49.73432849842584,0.0,49.73432849842613,49.57487656525346,49.574876565253334,49.57487656525704,49.57487656525705,49.732001192942,49.7320011929426,49.57312467241139,49.57312467241114,49.573124672414835,49.57312467241487,0.4500000000017141,0.4499999999965512,49.736655803909684,49.81381556130385,0.4499999999935686,0.4499999999877095,0.44999999999800083,0.4499999999949748,0.45000000000051416,0.45,1.1288147450545106e-97,1.5269638991068908e-14,49.906907780651935
126.0,0.0,49.734328498425704,0.0,49.73432849842604,49.57487656525288,49.57487656525273,49.574876565257384,49.574876565257405,49.732001192941844,49.73200119294251,49.57312467241081,49.57312467241055,49.57312467241519,49.57312467241523,0.4500000000039288,0.44999999999527307,49.736655803909564,49.81381556130374,0.45000000000867313,0.45000000000028906,0.44999999999376056,0.44999999999205315,0.45000000000068247,0.45,8.966822824082347e-98,1.5269638991073713e-14,49.90690778065186
127.0,0.0,49.73432849842581,0.0,49.73432849842572,49.57487656525352,49.574876565253575,49.57487656525697,49.57487656525696,49.73200119294214,49.732001192941965,49.57312467241125,49.57312467241135,49.57312467241481,49.57312467241478,0.4500000000052563,0.44999999999641804,49.736655803909464,49.81381556130369,0.45000000002792917,0.45000000002009,0.4499999999914092,0.4499999999898299,0.4500000000005392,0.45,-2.546134120372146e-98,1.526963899106739e-14,49.90690778065185
128.0,0.0,49.73432849842576,0.0,49.73432849842561,49.574876565254236,49.57487656525434,49.57487656525659,49.57487656525657,49.732001192942136,49.732001192941816,49.57312467241191,49.573124672412135,49.57312467241443,49.57312467241438,0.4500000000041056,0.4499999999972815,49.73665580390939,49.81381556130365,0.45000000002607293,0.45000000001971,0.4499999999912819,0.449999999990138,0.4500000000004311,0.45,-2.3506723897969965e-98,1.5269638991064092e-14,49.90690778065183
129.0,0.0,49.73432849842567,0.0,49.73432849842562,49.5748765652548,49.5748765652549,49.57487656525626,49.57487656525624,49.732001192941986,49.73200119294187,49.57312467241251,49.57312467241272,49.5731246724141,49.57312467241405,0.450000000003315,0.4499999999964695,49.73665580390934,49.81381556130361,0.45000000001358614,0.45000000000891166,0.44999999999235935,0.44999999999105295,0.4500000000004001,0.45,3.8941937792676435e-98,1.5269638991064165e-14,49.906907780651814
130.0,0.0,49.734328498425576,0.0,49.734328498425654,49.574876565254996,49.57487656525508,49.574876565256005,49.574876565255984,49.732001192941844,49.73200119294197,49.57312467241279,49.57312467241296,49.57312467241384,49.57312467241381,0.45000000000244506,0.4499999999958651,49.736655803909315,49.81381556130358,0.45000000000055235,0.4499999999978555,0.44999999999282503,0.44999999999144724,0.4500000000004879,0.45,1.0529450150281611e-97,1.526963899106797e-14,49.90690778065179
131.0,0.0,49.73432849842557,0.0,49.7343284984256,49.574876565254755,49.574876565254854,49.574876565255806,49.5748765652558,49.732001192941865,49.73200119294191,49.573124672412554,49.57312467241277,49.573124672413655,49.57312467241362,0.45000000000296253,0.44999999999597545,49.73665580390928,49.81381556130353,0.45000000000045903,0.45000000000008833,0.4499999999918005,0.4499999999915155,0.45000000000067786,0.45,9.383384342162871e-98,1.526963899107364e-14,49.90690778065177
132.0,0.0,49.73432849842557,0.0,49.73432849842543,49.5748765652552,49.57487656525524,49.574876565255494,49.574876565255494,49.73200119294194,49.73200119294166,49.57312467241298,49.57312467241304,49.57312467241333,49.573124672413314,0.45000000000433965,0.44999999999731705,49.73665580390921,49.81381556130351,0.45000000001583634,0.45000000001562285,0.44999999999528845,0.4499999999946405,0.45000000000055634,0.45,-2.3236911580178386e-98,1.5269638991067958e-14,49.90690778065174
133.0,0.0,49.73432849842558,0.0,49.73432849842535,49.574876565255735,49.57487656525577,49.574876565255174,49.57487656525517,49.73200119294199,49.732001192941546,49.5731246724135,49.573124672413556,49.57312467241299,49.57312467241299,0.4500000000037632,0.4499999999977376,49.73665580390918,49.81381556130351,0.4500000000130927,0.4500000000119956,0.44999999999629864,0.44999999999600987,0.45000000000042734,0.45,-2.7098106199973404e-98,1.5269638991063916e-14,49.90690778065174
134.0,0.0,49.73432849842567,0.0,49.734328498425356,49.57487656525611,49.57487656525619,49.57487656525474,49.57487656525473,49.732001192942114,49.7320011929415,49.57312467241389,49.57312467241405,49.57312467241257,49.57312467241255,0.45000000000138507,0.4499999999984482,49.736655803909215,49.81381556130353,0.44999999999875767,0.4499999999950806,0.44999999999695256,0.4499999999965621,0.4500000000003683,0.45,3.182588927122557e-98,1.526963899106307e-14,49.906907780651764
135.0,0.0,49.734328498425874,0.0,49.73432849842542,49.574876565256076,49.57487656525625,49.57487656525413,49.57487656525411,49.732001192942406,49.7320011929415,49.57312467241391,49.57312467241426,49.57312467241196,49.57312467241193,0.44999999999956686,0.44999999999845,49.73665580390935,49.81381556130359,0.44999999997808116,0.4499999999720308,0.449999999998316,0.44999999999829204,0.45000000000045687,0.45,1.031107045424002e-97,1.526963899106698e-14,49.90690778065179
136.0,0.0,49.7343284984261,0.0,49.73432849842556,49.574876565255536,49.57487656525573,49.57487656525346,49.57487656525345,49.73200119294268,49.7320011929416,49.57312467241345,49.573124672413826,49.573124672411275,49.57312467241125,0.4500000000017031,0.4499999999965824,49.73665580390952,49.813815561303684,0.44999999997122325,0.44999999996097156,0.4500000000052507,0.45000000000380563,0.45000000000069773,0.45,1.0347281148411145e-97,1.5269638991074414e-14,49.90690778065183
137.0,0.0,49.73432849842571,0.0,49.73432849842572,49.574876565255465,49.574876565255416,49.57487656525393,49.57487656525393,49.732001192942,49.732001192942,49.57312467241332,49.57312467241323,49.5731246724117,49.57312467241171,0.45000000000424295,0.4499999999976188,49.736655803909414,49.813815561303656,0.45000000001078405,0.4500000000014012,0.45000000001642465,0.45000000001640167,0.45000000000057705,0.45,-2.7650925825298423e-98,1.526963899106852e-14,49.906907780651835
138.0,0.0,49.734328498425654,0.0,49.734328498425725,49.574876565255444,49.57487656525533,49.574876565254336,49.57487656525434,49.732001192941915,49.73200119294205,49.5731246724133,49.57312467241308,49.5731246724121,49.57312467241212,0.45000000000426194,0.4499999999974306,49.73665580390939,49.81381556130366,0.45000000000893303,0.4500000000004456,0.45000000001675106,0.4500000000165369,0.450000000000454,0.45,-2.8368733280452837e-98,1.526963899106471e-14,49.90690778065184
139.0,0.0,49.73432849842583,0.0,49.7343284984257,49.57487656525524,49.57487656525517,49.5748765652546,49.57487656525461,49.73200119294219,49.73200119294194,49.573124672413144,49.573124672413,49.57312467241235,49.573124672412376,0.4500000000033936,0.4499999999962111,49.73665580390947,49.813815561303706,0.4499999999846493,0.4499999999778504,0.45000000001185714,0.45000000001126883,0.4500000000004135,0.45,4.23320604281459e-98,1.5269638991064632e-14,49.906907780651856
140.0,0.0,49.73432849842611,0.0,49.73432849842573,49.574876565254634,49.57487656525462,49.5748765652546,49.57487656525461,49.73200119294262,49.73200119294185,49.573124672412646,49.573124672412604,49.573124672412376,49.573124672412405,0.45000000000327134,0.44999999999415363,49.73665580390962,49.81381556130377,0.4499999999577091,0.4499999999525641,0.45000000000776624,0.4500000000072591,0.4500000000005406,0.45,1.254641266099957e-97,1.5269638991069927e-14,49.90690778065188
141.0,0.0,49.73432849842627,0.0,49.7343284984259,49.574876565253625,49.57487656525359,49.57487656525443,49.57487656525444,49.732001192942775,49.73200119294204,49.57312467241169,49.57312467241162,49.5731246724122,49.573124672412234,0.45000000000442764,0.4499999999935623,49.736655803909784,49.81381556130385,0.44999999996047335,0.44999999995545215,0.4500000000122186,0.4500000000120854,0.45000000000082224,0.45,1.2195030274360069e-97,1.5269638991078557e-14,49.906907780651906
142.0,0.0,49.73432849842585,0.0,49.73432849842604,49.57487656525351,49.57487656525345,49.57487656525514,49.57487656525514,49.73200119294207,49.73200119294242,49.57312467241137,49.57312467241125,49.573124672412895,49.57312467241289,0.45000000000724993,0.4499999999951658,49.73665580390965,49.813815561303805,0.4500000000110511,0.45000000000704377,0.4500000000216139,0.4500000000212746,0.450000000000654,0.45,-3.942374995691003e-98,1.52696389910707e-14,49.906907780651906
143.0,0.0,49.73432849842573,0.0,49.73432849842609,49.57487656525335,49.574876565253255,49.57487656525591,49.57487656525591,49.732001192941844,49.73200119294256,49.573124672411176,49.57312467241098,49.57312467241367,49.573124672413655,0.4500000000061333,0.4499999999963052,49.73665580390962,49.81381556130381,0.4500000000134291,0.4500000000113815,0.45000000001994517,0.4500000000197491,0.45000000000051127,0.45,-4.666821716465055e-98,1.5269638991066178e-14,49.906907780651906
144.0,0.0,49.734328498425725,0.0,49.734328498426116,49.57487656525305,49.57487656525291,49.57487656525677,49.57487656525678,49.73200119294182,49.73200119294261,49.57312467241093,49.57312467241064,49.57312467241454,49.57312467241454,0.4500000000032933,0.4499999999972456,49.73665580390963,49.813815561303834,0.44999999999626616,0.44999999999604257,0.4500000000123381,0.45000000001224894,0.450000000000392,0.45,1.652960224275117e-98,1.5269638991063543e-14,49.906907780651935
145.0,0.0,49.73432849842567,0.0,49.73432849842615,49.57487656525251,49.574876565252296,49.574876565257775,49.57487656525779,49.732001192941716,49.7320011929427,49.573124672410465,49.57312467241005,49.57312467241555,49.573124672415574,0.44999999999961954,0.449999999999578,49.73665580390961,49.81381556130385,0.44999999999029494,0.4499999999865302,0.45000000000391727,0.45000000000351503,0.45000000000029416,0.45,6.648240938766758e-98,1.526963899106135e-14,49.90690778065196
146.0,0.0,49.734328498425505,0.0,49.73432849842613,49.574876565251884,49.57487656525164,49.57487656525871,49.57487656525873,49.73200119294148,49.732001192942754,49.57312467240983,49.57312467240936,49.57312467241651,49.57312467241655,0.4500000000034107,0.44999999999705914,49.73665580390952,49.81381556130382,0.4500000000163871,0.4500000000081083,0.4499999999977304,0.4499999999968079,0.450000000000199,0.45,2.2708284294885863e-98,1.5269638991057693e-14,49.906907780651956
147.0,0.0,49.73432849842573,0.0,49.734328498425754,49.57487656525256,49.574876565252595,49.57487656525831,49.57487656525831,49.732001192942015,49.73200119294207,49.573124672410295,49.57312467241035,49.57312467241614,49.573124672416135,0.45000000000387896,0.4499999999968506,49.73665580390944,49.81381556130375,0.45000000002639085,0.45000000001690965,0.4499999999890841,0.4499999999888083,0.4500000000000895,0.45,-2.287986285387051e-98,1.5269638991053566e-14,49.90690778065186
148.0,0.0,49.73432849842563,0.0,49.73432849842564,49.57487656525316,49.574876565253255,49.574876565258045,49.57487656525803,49.73200119294192,49.732001192941944,49.573124672410835,49.57312467241101,49.573124672415894,49.573124672415865,0.4500000000046105,0.4499999999961183,49.73665580390934,49.81381556130367,0.4500000000288649,0.4500000000195689,0.44999999998861206,0.4499999999869344,0.450000000000046,0.45,-2.4603340963331763e-98,1.5269638991052196e-14,49.90690778065183
149.0,0.0,49.73432849842531,0.0,49.734328498425654,49.57487656525369,49.57487656525371,49.57487656525806,49.57487656525805,49.73200119294144,49.732001192942114,49.57312467241137,49.57312467241144,49.573124672415894,49.57312467241588,0.4500000000058107,0.4499999999952437,49.73665580390919,49.813815561303585,0.4500000000308082,0.4500000000237706,0.4499999999892825,0.44999999998894996,0.44999999999996526,0.45,-2.5541947258622332e-98,1.5269638991049688e-14,49.906907780651814
150.0,0.0,49.73432849842489,0.0,49.73432849842566,49.574876565254115,49.574876565254065,49.57487656525849,49.574876565258485,49.732001192940785,49.73200119294233,49.57312467241181,49.57312467241171,49.57312467241633,49.5731246724163,0.4500000000090496,0.4499999999932438,49.736655803908995,49.8138155613035,0.4500000000424067,0.45000000003401186,0.44999999998876816,0.4499999999879144,0.4499999999997441,0.45,-6.877547896486661e-98,1.526963899104215e-14,49.90690778065179
151.0,0.0,49.734328498424674,0.0,49.73432849842547,49.574876565254556,49.5748765652545,49.57487656525913,49.57487656525912,49.73200119294055,49.73200119294214,49.57312467241219,49.57312467241209,49.573124672416974,49.57312467241694,0.4500000000131143,0.44999999999012813,49.73665580390879,49.813815561303414,0.450000000055916,0.45000000004715746,0.44999999997933315,0.4499999999786247,0.44999999999937146,0.45,-1.3425352771247716e-97,1.5269638991029578e-14,49.90690778065173
152.0,0.0,49.734328498425256,0.0,49.73432849842496,49.57487656525551,49.5748765652556,49.574876565257874,49.574876565257874,49.73200119294169,49.73200119294111,49.5731246724132,49.57312467241337,49.57312467241575,49.573124672415744,0.4500000000103146,0.44999999998753104,49.736655803908825,49.81381556130341,0.4500000000231376,0.45000000001469714,0.44999999996612194,0.44999999996542916,0.4499999999994523,0.45,2.8526143694155727e-98,1.5269638991034766e-14,49.906907780651686
153.0,0.0,49.73432849842528,0.0,49.73432849842471,49.574876565256545,49.57487656525669,49.57487656525658,49.57487656525658,49.73200119294186,49.73200119294072,49.57312467241424,49.57312467241452,49.57312467241447,49.573124672414465,0.4500000000083313,0.4499999999887795,49.7366558039087,49.8138155613033,0.4500000000169979,0.4500000000109712,0.4499999999679224,0.44999999996701034,0.4499999999995858,0.45,6.100407336574696e-98,1.5269638991039423e-14,49.90690778065164
154.0,0.0,49.734328498425064,0.0,49.73432849842458,49.57487656525752,49.57487656525769,49.574876565255245,49.57487656525523,49.7320011929416,49.732001192940636,49.57312467241519,49.57312467241553,49.57312467241314,49.5731246724131,0.45000000000722173,0.44999999999111706,49.736655803908526,49.81381556130315,0.4500000000192914,0.4500000000167176,0.4499999999772461,0.4499999999762521,0.44999999999978746,0.45,4.6136717851750714e-98,1.5269638991045396e-14,49.90690778065158
155.0,0.0,49.73432849842493,0.0,49.7343284984245,49.57487656525829,49.57487656525852,49.57487656525385,49.57487656525382,49.732001192941446,49.73200119294058,49.57312467241596,49.573124672416405,49.57312467241172,49.573124672411666,0.4500000000043118,0.4499999999945182,49.73665580390842,49.81381556130303,0.4500000000130734,0.45000000001141316,0.44999999998700224,0.44999999998564066,0.4500000000000728,0.45,6.688053370162142e-98,1.5269638991054535e-14,49.906907780651544
156.0,0.0,49.7343284984251,0.0,49.73432849842445,49.574876565258656,49.574876565258904,49.574876565252595,49.57487656525256,49.732001192941716,49.73200119294042,49.57312467241638,49.573124672416895,49.57312467241046,49.57312467241039,0.45000000000069174,0.4499999999968938,49.73665580390849,49.81381556130301,0.4499999999917702,0.4499999999833606,0.44999999999327833,0.44999999999114404,0.4500000000004025,0.45,1.3341814769406689e-97,1.52696389910658e-14,49.90690778065153
157.0,0.0,49.734328498424965,0.0,49.73432849842476,49.57487656525845,49.574876565258435,49.57487656525263,49.574876565252644,49.73200119294136,49.73200119294094,49.5731246724163,49.57312467241628,49.57312467241043,49.57312467241045,0.45000000000102497,0.45000000000042945,49.73665580390857,49.81381556130308,0.45000000000011064,0.44999999999160245,0.4500000000061775,0.45000000000396617,0.45000000000038476,0.45,-3.9198441415406915e-98,1.5269638991062404e-14,49.906907780651515
158.0,0.0,49.73432849842507,0.0,49.734328498424766,49.57487656525847,49.57487656525841,49.57487656525247,49.57487656525249,49.73200119294151,49.732001192940906,49.57312467241637,49.57312467241624,49.57312467241025,49.57312467241029,0.45000000000193274,0.44999999999941265,49.736655803908626,49.81381556130313,0.4499999999934171,0.44999999998478635,0.45000000000865314,0.4500000000073706,0.45000000000033474,0.45,-4.126877799316633e-98,1.526963899106083e-14,49.906907780651544
159.0,0.0,49.73432849842546,0.0,49.73432849842471,49.57487656525841,49.574876565258435,49.57487656525188,49.57487656525189,49.732001192942136,49.732001192940615,49.57312467241634,49.573124672416384,49.57312467240966,49.5731246724097,0.4500000000040622,0.44999999999511414,49.73665580390879,49.813815561303244,0.4499999999706644,0.4499999999623395,0.4500000000082351,0.45000000000708124,0.45000000000035517,0.45,4.422298499010164e-98,1.526963899106287e-14,49.90690778065161
160.0,0.0,49.734328498426216,0.0,49.7343284984248,49.57487656525796,49.5748765652581,49.57487656525063,49.574876565250634,49.732001192943216,49.73200119294041,49.57312467241599,49.57312467241628,49.57312467240841,49.57312467240843,0.45000000000729057,0.4499999999895751,49.7366558039092,49.813815561303485,0.44999999993242196,0.4499999999220951,0.4500000000112582,0.45000000001001744,0.45000000000054874,0.45,1.3429269456371023e-97,1.5269638991070328e-14,49.90690778065172
161.0,0.0,49.734328498426905,0.0,49.73432849842536,49.57487656525682,49.57487656525698,49.57487656524911,49.57487656524913,49.732001192944,49.73200119294091,49.57312467241502,49.57312467241532,49.573124672406884,49.573124672406905,0.45000000001457147,0.449999999982959,49.73665580390983,49.813815561303855,0.4499999999072416,0.44999999989472594,0.4500000000291535,0.450000000027885,0.4500000000009024,0.45,1.1430930391329464e-97,1.5269638991080908e-14,49.90690778065188
162.0,0.0,49.734328498425775,0.0,49.734328498426095,49.57487656525554,49.57487656525544,49.574876565251074,49.57487656525109,49.732001192941915,49.73200119294256,49.573124672413506,49.57312467241332,49.57312467240875,49.57312467240876,0.4500000000170164,0.4499999999857191,49.73665580390964,49.813815561303805,0.4499999999936371,0.44999999998018764,0.4500000000585465,0.45000000005766144,0.450000000000688,0.45,-4.183793657677296e-98,1.5269638991071707e-14,49.90690778065192
163.0,0.0,49.73432849842564,0.0,49.73432849842634,49.57487656525432,49.57487656525414,49.57487656525299,49.57487656525302,49.73200119294158,49.732001192943,49.57312467241227,49.573124672411915,49.57312467241066,49.57312467241067,0.45000000001575713,0.44999999998698914,49.73665580390969,49.81381556130388,0.4499999999955824,0.44999999998502116,0.4500000000571957,0.45000000005549007,0.45000000000049034,0.45,-5.083697213396649e-98,1.5269638991065462e-14,49.90690778065196
164.0,0.0,49.734328498426,0.0,49.73432849842637,49.57487656525297,49.574876565252794,49.57487656525478,49.5748765652548,49.732001192942114,49.73200119294285,49.573124672411005,49.57312467241064,49.57312467241245,49.5731246724125,0.4500000000135403,0.4499999999866568,49.73665580390988,49.81381556130402,0.4499999999589791,0.44999999995286444,0.4500000000396336,0.45000000003902063,0.4500000000003568,0.45,1.7571048904547518e-98,1.5269638991062477e-14,49.90690778065202
165.0,0.0,49.73432849842641,0.0,49.734328498426414,49.57487656525128,49.574876565251095,49.57487656525629,49.57487656525633,49.73200119294272,49.73200119294273,49.573124672409456,49.57312467240907,49.573124672414,49.573124672414075,0.45000000001010715,0.44999999998761536,49.7366558039101,49.81381556130417,0.44999999992893236,0.44999999992815143,0.4500000000231747,0.4500000000231205,0.45000000000033485,0.45,9.364497820160277e-98,1.5269638991063057e-14,49.90690778065209
166.0,0.0,49.73432849842637,0.0,49.734328498426635,49.57487656524946,49.57487656524923,49.574876565257405,49.57487656525745,49.732001192942555,49.73200119294307,49.573124672407666,49.5731246724072,49.57312467241515,49.57312467241523,0.4500000000082117,0.4499999999901725,49.73665580391019,49.81381556130424,0.44999999996062906,0.4499999999571846,0.4500000000235474,0.4500000000206859,0.45000000000041773,0.45,8.36587702403376e-98,1.5269638991065443e-14,49.906907780652155
167.0,0.0,49.73432849842607,0.0,49.7343284984265,49.57487656524965,49.574876565249625,49.574876565258265,49.57487656525826,49.73200119294215,49.73200119294302,49.57312467240745,49.57312467240739,49.57312467241602,49.573124672416014,0.4500000000073777,0.449999999993948,49.73665580390999,49.81381556130409,0.45000000001989116,0.450000000015332,0.4500000000214717,0.45000000001940216,0.45000000000034673,0.45,-2.7576804009572104e-98,1.5269638991061423e-14,49.90690778065201
168.0,0.0,49.73432849842579,0.0,49.734328498426535,49.57487656524949,49.57487656524948,49.57487656525936,49.574876565259345,49.7320011929417,49.7320011929432,49.57312467240719,49.57312467240717,49.57312467241713,49.573124672417094,0.45000000000466567,0.4499999999971487,49.73665580390987,49.813815561304004,0.45000000003229484,0.45000000002599766,0.4500000000163325,0.45000000001502954,0.45000000000033435,0.45,-4.0362822643931406e-98,1.526963899106083e-14,49.90690778065197
169.0,0.0,49.73432849842531,0.0,49.7343284984266,49.5748765652492,49.57487656524909,49.57487656526104,49.574876565261036,49.73200119294096,49.732001192943535,49.573124672406934,49.573124672406706,49.57312467241881,49.5731246724188,0.45000000000187484,0.449999999999902,49.73665580390968,49.813815561303905,0.4500000000352647,0.450000000026854,0.45000000000773016,0.45000000000606005,0.4500000000002264,0.45,-3.7930685009974424e-98,1.526963899105754e-14,49.90690778065194
170.0,0.0,49.73432849842448,0.0,49.734328498426585,49.57487656524898,49.57487656524872,49.57487656526363,49.574876565263644,49.73200119293972,49.73200119294391,49.57312467240667,49.573124672406166,49.57312467242141,49.57312467242142,0.45000000001104595,0.44999999999209467,49.73665580390926,49.81381556130371,0.4500000000670217,0.45000000005477747,0.4499999999936709,0.44999999999258,0.44999999999986845,0.45,-1.0351179045493564e-97,1.5269638991045412e-14,49.906907780651885
171.0,0.0,49.73432849842367,0.0,49.73432849842609,49.57487656524937,49.57487656524908,49.57487656526646,49.574876565266464,49.73200119293871,49.73200119294357,49.57312467240686,49.573124672406294,49.57312467242428,49.5731246724243,0.4500000000232862,0.4499999999816219,49.73665580390861,49.81381556130339,0.45000000012688673,0.4500000001102233,0.4499999999667313,0.4499999999649111,0.4499999999992434,0.45,-2.0802272601655414e-97,1.5269638991024406e-14,49.90690778065173
172.0,0.0,49.73432849842501,0.0,49.734328498424695,49.574876565251685,49.5748765652518,49.57487656526379,49.57487656526377,49.73200119294145,49.732001192940814,49.573124672409236,49.57312467240945,49.57312467242177,49.573124672421734,0.45000000001916246,0.44999999997756296,49.736655803908555,49.81381556130323,0.45000000005128127,0.4500000000337423,0.4499999999244644,0.44999999992214423,0.4499999999993303,0.45,7.798598538945123e-98,1.5269638991031825e-14,49.90690778065163
173.0,0.0,49.73432849842505,0.0,49.73432849842427,49.574876565253795,49.57487656525401,49.57487656526135,49.57487656526132,49.73200119294172,49.732001192940174,49.573124672411325,49.57312467241176,49.57312467241936,49.57312467241932,0.45000000001909757,0.4499999999768074,49.73665580390836,49.81381556130303,0.4500000000481627,0.4500000000341499,0.44999999992449097,0.44999999992259493,0.4499999999995478,0.45,1.1538904639695435e-97,1.5269638991039152e-14,49.90690778065151
174.0,0.0,49.734328498424254,0.0,49.73432849842424,49.574876565255856,49.57487656525603,49.57487656525938,49.57487656525936,49.73200119294055,49.732001192940515,49.573124672413314,49.57312467241367,49.57312467241738,49.57312467241732,0.4500000000201548,0.449999999978066,49.73665580390796,49.81381556130273,0.45000000008319874,0.45000000007231644,0.44999999994340817,0.4499999999431428,0.4499999999998533,0.45,6.287595173808481e-98,1.52696389910477e-14,49.90690778065136
175.0,0.0,49.73432849842314,0.0,49.73432849842401,49.57487656525805,49.574876565258165,49.57487656525816,49.57487656525813,49.73200119293898,49.732001192940736,49.57312467241536,49.57312467241561,49.5731246724161,49.573124672416036,0.4500000000218557,0.4499999999775911,49.7366558039073,49.81381556130227,0.4500000001184704,0.4500000001126986,0.4499999999594721,0.4499999999590087,0.45000000000020435,0.45,7.913619614497227e-98,1.5269638991058788e-14,49.90690778065118
176.0,0.0,49.734328498422535,0.0,49.734328498423174,49.57487656526023,49.574876565260396,49.57487656525757,49.574876565257526,49.732001192938505,49.73200119293976,49.57312467241748,49.57312467241779,49.573124672415496,49.5731246724154,0.4500000000220825,0.449999999975363,49.73665580390658,49.81381556130173,0.4500000001011136,0.450000000096843,0.44999999994897943,0.44999999994837947,0.45000000000055057,0.45,2.0719139677957746e-97,1.5269638991071577e-14,49.90690778065098
177.0,0.0,49.734328498423686,0.0,49.73432849842286,49.57487656526127,49.57487656526135,49.574876565255195,49.57487656525519,49.73200119294036,49.73200119293874,49.57312467241897,49.57312467241914,49.57312467241316,49.573124672413144,0.45000000002176405,0.44999999997990076,49.73665580390699,49.81381556130191,0.4500000000086553,0.4500000000066587,0.4499999999375964,0.4499999999370489,0.4500000000005651,0.45,-5.2993585125360767e-98,1.5269638991067734e-14,49.906907780650926
178.0,0.0,49.73432849842419,0.0,49.7343284984227,49.57487656526281,49.574876565262926,49.5748765652525,49.5748765652525,49.73200119294121,49.732001192938235,49.573124672420626,49.57312467242085,49.57312467241046,49.57312467241045,0.4500000000165896,0.4499999999848434,49.736655803907155,49.81381556130205,0.4499999999903428,0.4499999999902927,0.44999999994602957,0.44999999994487627,0.45000000000035895,0.45,-6.46579175373848e-98,1.5269638991061183e-14,49.906907780651004
179.0,0.0,49.734328498424595,0.0,49.73432849842264,49.57487656526446,49.574876565264674,49.574876565249156,49.57487656524914,49.73200119294186,49.73200119293795,49.573124672422246,49.573124672422665,49.57312467240709,49.573124672407054,0.45000000000713264,0.4499999999909667,49.73665580390733,49.81381556130221,0.449999999991553,0.44999999998750656,0.4499999999667044,0.44999999996558976,0.4500000000002962,0.45,8.73516481907733e-98,1.526963899106176e-14,49.906907780651125
180.0,0.0,49.73432849842545,0.0,49.73432849842267,49.574876565265775,49.574876565266145,49.57487656524483,49.574876565244786,49.732001192943144,49.732001192937595,49.573124672423624,49.573124672424356,49.573124672402734,49.57312467240265,0.45000000000068635,0.4499999999923266,49.73665580390776,49.81381556130243,0.44999999995315004,0.4499999999425753,0.4499999999936406,0.4499999999913231,0.4500000000007412,0.45,3.1818836070638165e-97,1.5269638991079302e-14,49.90690778065125
181.0,0.0,49.734328498426486,0.0,49.73432849842318,49.574876565265896,49.5748765652663,49.57487656524057,49.57487656524053,49.732001192944466,49.732001192937865,49.57312467242404,49.57312467242485,49.57312467239839,49.5731246723983,0.4500000000153806,0.4499999999764927,49.73665580390851,49.81381556130274,0.4499999998694026,0.4499999998498126,0.450000000031233,0.45000000002770896,0.450000000001751,0.45,3.8936406212110406e-97,1.5269638991111623e-14,49.906907780651345
182.0,0.0,49.73432849842456,0.0,49.73432849842515,49.574876565262706,49.57487656526257,49.57487656524422,49.574876565244246,49.732001192940565,49.73200119294172,49.573124672420825,49.57312467242052,49.57312467240182,49.57312467240186,0.450000000023397,0.44999999998294327,49.73665580390857,49.81381556130295,0.4499999999692311,0.4499999999518737,0.4500000000902001,0.45000000008735636,0.450000000001415,0.45,-1.223984493401886e-97,1.5269638991092788e-14,49.906907780651494
183.0,0.0,49.734328498424325,0.0,49.734328498425675,49.57487656525974,49.574876565259466,49.57487656524782,49.57487656524786,49.73200119293994,49.73200119294262,49.573124672417805,49.57312467241725,49.57312467240535,49.57312467240544,0.45000000002309254,0.4499999999839918,49.73665580390871,49.81381556130311,0.4499999999833484,0.4499999999688905,0.4500000000885289,0.4500000000865545,0.45000000000111595,0.45,-1.6963309709235855e-97,1.526963899108279e-14,49.90690778065157
184.0,0.0,49.734328498424986,0.0,49.73432849842541,49.574876565257554,49.57487656525737,49.574876565250875,49.574876565250904,49.732001192941084,49.7320011929419,49.57312467241557,49.57312467241519,49.57312467240845,49.57312467240852,0.45000000001966145,0.44999999998241524,49.73665580390891,49.813815561303265,0.4499999999601188,0.44999999994880086,0.4500000000594396,0.45000000005815904,0.4500000000007776,0.45,-2.983997710296307e-98,1.526963899107467e-14,49.906907780651636
185.0,0.0,49.73432849842579,0.0,49.73432849842505,49.5748765652567,49.574876565256645,49.5748765652529,49.57487656525291,49.73200119294246,49.732001192940956,49.57312467241461,49.57312467241452,49.57312467241055,49.57312467241058,0.45000000001802565,0.44999999998126283,49.73665580390912,49.81381556130347,0.4499999999487041,0.44999999993874606,0.45000000003575424,0.45000000003542373,0.45000000000032353,0.45,1.9480814660442226e-98,1.5269638991061483e-14,49.906907780651736
186.0,0.0,49.734328498425846,0.0,49.73432849842528,49.57487656525721,49.57487656525718,49.57487656525379,49.574876565253795,49.73200119294242,49.73200119294128,49.573124672415034,49.57312467241495,49.57312467241146,49.573124672411495,0.4500000000216234,0.4499999999819166,49.73665580390928,49.81381556130372,0.44999999997765555,0.44999999997080303,0.4500000000469602,0.45000000004680635,0.44999999999974327,0.45,-1.6846624267033245e-97,1.5269638991040408e-14,49.90690778065188
187.0,0.0,49.73432849842516,0.0,49.73432849842587,49.57487656525558,49.574876565255494,49.57487656525598,49.57487656525598,49.7320011929411,49.73200119294251,49.57312467241349,49.57312467241334,49.57312467241365,49.57312467241368,0.4500000000166081,0.44999999998190165,49.7366558039092,49.81381556130364,0.44999999995669954,0.4499999999504773,0.4500000000488973,0.45000000004794827,0.44999999999965623,0.45,5.1926769337471754e-98,1.5269638991041215e-14,49.90690778065182
188.0,0.0,49.73432849842492,0.0,49.734328498426024,49.57487656525383,49.574876565253746,49.5748765652578,49.57487656525781,49.732001192940665,49.732001192942874,49.57312467241177,49.5731246724116,49.57312467241551,49.57312467241553,0.45000000001277235,0.4499999999853293,49.736655803909166,49.81381556130359,0.44999999996054224,0.4499999999569721,0.45000000003714025,0.45000000003691665,0.44999999999975315,0.45,7.489868515506564e-98,1.526963899104461e-14,49.90690778065179
189.0,0.0,49.73432849842491,0.0,49.73432849842601,49.574876565252,49.574876565251905,49.57487656525957,49.57487656525957,49.73200119294065,49.73200119294286,49.573124672409925,49.573124672409726,49.57312467241731,49.57312467241732,0.4500000000092551,0.449999999991166,49.73665580390916,49.81381556130359,0.44999999997856827,0.44999999997839074,0.45000000002028456,0.450000000019722,0.4499999999998168,0.45,6.591604151470016e-99,1.526963899104504e-14,49.9069077806518
190.0,0.0,49.73432849842488,0.0,49.73432849842607,49.574876565250115,49.57487656525,49.57487656526157,49.574876565261576,49.73200119294057,49.732001192942974,49.573124672408014,49.57312467240775,49.57312467241932,49.57312467241934,0.4500000000046488,0.44999999999892515,49.73665580390918,49.81381556130365,0.45000000000243773,0.45000000000056,0.4500000000053317,0.4500000000039692,0.4499999999996299,0.45,-4.6852374304293993e-98,1.5269638991036965e-14,49.90690778065184
191.0,0.0,49.73432849842478,0.0,49.734328498426166,49.57487656524863,49.5748765652485,49.5748765652635,49.574876565263516,49.73200119294039,49.73200119294315,49.573124672406465,49.57312467240619,49.57312467242127,49.573124672421315,0.4500000000058767,0.449999999997695,49.73665580390917,49.81381556130371,0.4500000000198749,0.45000000001599644,0.4499999999929792,0.44999999999168,0.4499999999992179,0.45,-1.0073662837966126e-100,1.5269638991023823e-14,49.906907780651856
192.0,0.0,49.734328498425334,0.0,49.73432849842523,49.574876565250015,49.57487656525004,49.57487656526209,49.57487656526207,49.732001192941674,49.73200119294148,49.573124672407715,49.573124672407765,49.573124672419965,49.573124672419965,0.4500000000030319,0.44999999999305357,49.73665580390899,49.8138155613035,0.45000000003060026,0.45000000002697493,0.4499999999685239,0.4499999999663211,0.4499999999995832,0.45,3.1050301726961596e-101,1.5269638991040092e-14,49.90690778065174
193.0,0.0,49.73432849842541,0.0,49.73432849842504,49.574876565251515,49.574876565251564,49.57487656526052,49.57487656526051,49.732001192941894,49.732001192941155,49.57312467240918,49.5731246724093,49.57312467241845,49.57312467241844,0.45000000000298407,0.449999999992243,49.73665580390893,49.81381556130344,0.4500000000311888,0.45000000002862883,0.4499999999649391,0.449999999964371,0.4499999999996285,0.45,4.478666404030519e-101,1.5269638991042042e-14,49.90690778065172
194.0,0.0,49.73432849842505,0.0,49.73432849842508,49.57487656525278,49.57487656525282,49.57487656525905,49.57487656525905,49.73200119294135,49.732001192941404,49.573124672410465,49.57312467241053,49.57312467241699,49.573124672416974,0.45000000000315676,0.4499999999918255,49.73665580390876,49.81381556130327,0.4500000000279017,0.4500000000245426,0.44999999997161627,0.44999999997097656,0.44999999999999246,0.45,3.9415372917101946e-102,1.5269638991053424e-14,49.906907780651636
195.0,0.0,49.73432849842428,0.0,49.73432849842484,49.57487656525349,49.57487656525348,49.574876565257924,49.574876565257924,49.73200119294033,49.732001192941446,49.57312467241122,49.5731246724112,49.573124672415844,49.573124672415844,0.45000000000152124,0.4499999999878162,49.73665580390823,49.81381556130266,0.4500000000238127,0.4500000000214882,0.4499999999747588,0.4499999999744727,0.45000000000131385,0.45,-2.8015999787482808e-101,1.5269638991097988e-14,49.90690778065134
196.0,0.0,49.734328498423416,0.0,49.734328498423956,49.57487656525351,49.5748765652535,49.57487656525733,49.57487656525733,49.732001192939514,49.73200119294057,49.573124672411275,49.57312467241125,49.57312467241523,49.57312467241523,0.44999999999971135,0.4499999999832615,49.73665580390733,49.81381556130163,0.4500000000240026,0.4500000000216768,0.44999999996798173,0.44999999996749135,0.45000000000363233,0.45,-6.023680408060768e-104,1.5269638991175035e-14,49.90690778065082
197.0,0.0,49.73432849842412,0.0,49.73432849842386,49.574876565254485,49.574876565254506,49.574876565256375,49.57487656525637,49.73200119294053,49.73200119293999,49.57312467241224,49.57312467241228,49.57312467241425,49.57312467241425,0.45000000001387896,0.4499999999991463,49.73665580390771,49.81381556130208,0.45000000002039303,0.45000000001846957,0.44999999998004253,0.4499999999793081,0.4500000000030008,0.45,1.8566940067889237e-104,1.526963899114007e-14,49.906907780651046
198.0,0.0,49.73432849842465,0.0,49.73432849842402,49.574876565255686,49.574876565255735,49.57487656525511,49.574876565255096,49.732001192941226,49.73200119293996,49.57312467241343,49.57312467241351,49.573124672412966,49.57312467241295,0.4500000000137299,0.4500000000012819,49.736655803908086,49.81381556130248,0.4500000000164291,0.4500000000145416,0.4499999999884047,0.4499999999877029,0.45000000000222284,0.45,2.678078024457268e-104,1.5269638991114466e-14,49.906907780651245
199.0,0.0,49.734328498424965,0.0,49.73432849842412,49.57487656525719,49.57487656525725,49.574876565253895,49.57487656525388,49.732001192941674,49.73200119293997,49.57312467241494,49.573124672415055,49.5731246724117,49.573124672411666,0.4500000000049156,0.44999999999924756,49.73665580390828,49.813815561302704,0.45000000000893386,0.45000000000810053,0.45000000000426393,0.45000000000371093,0.45000000000147805,0.45,2.356894541963331e-105,1.52696389910963e-14,49.90690778065135
200.0,0.0,49.734328498425036,0.0,49.734328498423785,49.574876565259096,49.57487656525916,49.5748765652531,49.57487656525308,49.73200119294195,49.73200119293945,49.57312467241685,49.57312467241701,49.57312467241077,49.573124672410714,0.44999999999989077,0.44999999999581936,49.73665580390812,49.813815561302654,0.44999999999869517,0.4499999999933891,0.4500000000393845,0.45000000003779933,0.4500000000009458,0.45,-1.6752538947417926e-104,1.5269638991083644e-14,49.90690778065134
201.0,0.0,49.73432849842469,0.0,49.7343284984231,49.574876565260816,49.574876565260894,49.57487656525324,49.57487656525321,49.73200119294177,49.73200119293859,49.57312467241863,49.5731246724188,49.573124672410735,49.573124672410664,0.4500000000098619,0.4499999999918956,49.73665580390761,49.81381556130234,0.44999999997987356,0.44999999997233114,0.450000000075933,0.4500000000739677,0.4500000000007594,0.45,-3.6019397229878427e-107,1.526963899107461e-14,49.906907780651174
202.0,0.0,49.73432849842402,0.0,49.73432849842403,49.574876565259274,49.57487656525926,49.574876565254186,49.57487656525419,49.73200119294028,49.73200119294032,49.57312467241717,49.57312467241715,49.57312467241189,49.57312467241191,0.450000000010078,0.44999999999086915,49.736655803907745,49.81381556130248,0.449999999966051,0.4499999999624643,0.4500000000100123,0.4500000000082094,0.4500000000005452,0.45,1.1102348470441995e-107,1.5269638991067993e-14,49.90690778065124
203.0,0.0,49.734328498423956,0.0,49.734328498424105,49.57487656525837,49.57487656525835,49.574876565254755,49.57487656525477,49.73200119294015,49.73200119294046,49.5731246724163,49.57312467241624,49.5731246724125,49.57312467241251,0.45000000001110635,0.4499999999896462,49.73665580390775,49.81381556130251,0.4499999999640538,0.44999999996180107,0.4500000000145153,0.45000000001244894,0.45000000000038815,0.45,1.6013923322766237e-107,1.5269638991063152e-14,49.90690778065125
204.0,0.0,49.73432849842405,0.0,49.734328498423515,49.574876565258045,49.57487656525804,49.574876565255295,49.574876565255295,49.73200119294058,49.732001192939535,49.57312467241596,49.57312467241595,49.57312467241293,49.57312467241292,0.45000000001300094,0.44999999998766754,49.7366558039075,49.81381556130235,0.44999999996660783,0.44999999996297296,0.45000000005778146,0.45000000005580604,0.4500000000002767,0.45,1.409336402082448e-108,1.526963899105972e-14,49.906907780651174
205.0,0.0,49.73432849842384,0.0,49.73432849842245,49.574876565258194,49.57487656525822,49.57487656525617,49.57487656525615,49.73200119294082,49.732001192938014,49.57312467241609,49.57312467241617,49.57312467241359,49.57312467241355,0.45000000001690865,0.4499999999832812,49.73665580390687,49.8138155613019,0.44999999996484497,0.4499999999602059,0.4500000001085487,0.45000000010700214,0.450000000000199,0.45,-1.0017403216621103e-107,1.5269638991057324e-14,49.906907780650954
206.0,0.0,49.7343284984231,0.0,49.73432849842171,49.57487656525854,49.574876565258585,49.57487656525764,49.57487656525762,49.73200119294007,49.732001192937304,49.57312467241645,49.57312467241656,49.57312467241494,49.573124672414906,0.45000000002091806,0.4499999999784828,49.73665580390614,49.813815561301396,0.44999999995054724,0.44999999994639633,0.4500000001102272,0.4500000001086868,0.45000000000014373,0.45,-2.1538277081690525e-110,1.5269638991055614e-14,49.9069077806507
207.0,0.0,49.734328498423054,0.0,49.73432849842364,49.574876565257185,49.57487656525716,49.57487656525899,49.57487656525902,49.732001192939045,49.73200119294021,49.57312467241515,49.57312467241509,49.5731246724167,49.57312467241673,0.4500000000203584,0.44999999998032486,49.73665580390708,49.81381556130207,0.4499999999402878,0.44999999993577383,0.4500000000105657,0.4500000000074128,0.45000000000010315,0.45,6.638796759638882e-111,1.5269638991054364e-14,49.90690778065104
208.0,0.0,49.73432849842295,0.0,49.73432849842413,49.574876565254996,49.574876565254954,49.574876565260276,49.574876565260304,49.73200119293863,49.73200119294098,49.57312467241295,49.57312467241287,49.57312467241809,49.57312467241814,0.450000000017565,0.449999999983104,49.736655803907254,49.813815561302206,0.44999999994733814,0.44999999994273404,0.4499999999970004,0.4499999999952738,0.4500000000000734,0.45,9.575738191548013e-111,1.526963899105345e-14,49.9069077806511
209.0,0.0,49.73432849842286,0.0,49.73432849842403,49.574876565252325,49.5748765652523,49.574876565261505,49.57487656526153,49.732001192938554,49.732001192940885,49.573124672410245,49.57312467241022,49.5731246724193,49.57312467241934,0.4500000000123328,0.44999999998766055,49.73665580390717,49.81381556130214,0.4499999999654892,0.44999999996075096,0.450000000015381,0.45000000001417095,0.45000000000005236,0.45,8.427314242834287e-112,1.52696389910528e-14,49.906907780651075
210.0,0.0,49.734328498422926,0.0,49.73432849842424,49.57487656524956,49.57487656524958,49.57487656526271,49.57487656526274,49.73200119293855,49.732001192941176,49.57312467240742,49.57312467240747,49.573124672420505,49.573124672420555,0.45000000000527535,0.4499999999940158,49.736655803907304,49.813815561302235,0.449999999987735,0.44999999998409623,0.45000000000879525,0.4500000000087675,0.4500000000000377,0.45,-5.990039331908308e-111,1.5269638991052348e-14,49.90690778065112
211.0,0.0,49.734328498423366,0.0,49.73432849842516,49.57487656524755,49.574876565247585,49.574876565263445,49.574876565263494,49.73200119293877,49.732001192942334,49.57312467240533,49.57312467240536,49.57312467242139,49.57312467242148,0.450000000002725,0.4499999999967398,49.73665580390798,49.813815561302725,0.4500000000096037,0.45000000000723417,0.44999999994818474,0.4499999999478278,0.45000000000002727,0.45,-1.287909891125549e-113,1.5269638991052023e-14,49.90690778065136
212.0,0.0,49.73432849842421,0.0,49.73432849842449,49.574876565248495,49.57487656524846,49.57487656526192,49.57487656526192,49.732001192940366,49.732001192940906,49.57312467240626,49.573124672406166,49.573124672419844,49.57312467241986,0.45000000000520396,0.4499999999953886,49.736655803908064,49.81381556130278,0.4500000000278873,0.450000000024225,0.4499999999736576,0.44999999997196205,0.4500000000000195,0.45,3.969756717067949e-114,1.5269638991051783e-14,49.906907780651395
213.0,0.0,49.73432849842441,0.0,49.73432849842472,49.57487656524902,49.57487656524897,49.57487656526103,49.57487656526103,49.732001192940544,49.73200119294117,49.57312467240677,49.57312467240664,49.57312467241899,49.57312467241899,0.4500000000083226,0.44999999999218837,49.736655803908285,49.81381556130294,0.4500000000331998,0.45000000003084767,0.44999999996293194,0.4499999999610059,0.45000000000001383,0.45,5.7259398627605375e-114,1.5269638991051613e-14,49.90690778065147
214.0,0.0,49.73432849842447,0.0,49.73432849842579,49.574876565248864,49.57487656524881,49.57487656526044,49.57487656526047,49.732001192940096,49.73200119294274,49.57312467240659,49.57312467240647,49.57312467241851,49.57312467241856,0.4500000000135471,0.4499999999866888,49.73665580390884,49.81381556130333,0.4500000000370546,0.4500000000357682,0.44999999992279854,0.44999999992135914,0.45000000000000984,0.45,5.039224506121524e-115,1.526963899105149e-14,49.90690778065167
215.0,0.0,49.73432849842488,0.0,49.734328498427594,49.57487656524778,49.574876565247706,49.57487656525981,49.57487656525986,49.73200119293983,49.732001192945226,49.57312467240547,49.573124672405335,49.5731246724181,49.573124672418196,0.45000000002261636,0.44999999997816725,49.73665580390994,49.813815561304104,0.45000000005016927,0.4500000000484483,0.4499999998608027,0.4499999998586666,0.4500000000000071,0.45,-3.581823594587332e-114,1.5269638991051404e-14,49.90690778065205
216.0,0.0,49.73432849842607,0.0,49.73432849842897,49.57487656524621,49.574876565246115,49.57487656525848,49.57487656525854,49.73200119294092,49.73200119294672,49.57312467240384,49.573124672403665,49.573124672416974,49.57312467241709,0.45000000003518775,0.44999999996681933,49.73665580391121,49.813815561305006,0.4500000000818222,0.45000000008137625,0.44999999982664907,0.4499999998239309,0.4500000000000052,0.45,-7.701228289382793e-117,1.5269638991051344e-14,49.90690778065251
217.0,0.0,49.73432849842681,0.0,49.73432849842604,49.574876565249056,49.57487656524905,49.57487656525536,49.57487656525533,49.73200119294349,49.73200119294196,49.57312467240663,49.57312467240659,49.573124672413385,49.573124672413336,0.45000000003251606,0.4499999999665988,49.73665580391012,49.813815561304246,0.45000000010691626,0.45000000010401237,0.4499999999585475,0.4499999999544691,0.45000000000000373,0.45,2.3737687661310763e-117,1.52696389910513e-14,49.906907780652126
218.0,0.0,49.73432849842717,0.0,49.73432849842552,49.57487656525279,49.57487656525278,49.57487656525256,49.574876565252524,49.7320011929443,49.73200119294102,49.57312467241036,49.57312467241032,49.573124672410486,49.573124672410394,0.4500000000296074,0.44999999996920714,49.73665580391004,49.81381556130419,0.45000000009968144,0.45000000009535435,0.44999999997182916,0.4499999999692037,0.4500000000000027,0.45,3.423901808523144e-117,1.5269638991051266e-14,49.9069077806521
219.0,0.0,49.734328498427274,0.0,49.734328498426116,49.5748765652568,49.57487656525673,49.574876565250044,49.574876565250015,49.73200119294417,49.73200119294185,49.57312467241442,49.57312467241428,49.573124672408035,49.57312467240795,0.45000000002572604,0.44999999997433293,49.73665580391039,49.81381556130444,0.4500000000741321,0.4500000000697978,0.44999999993880946,0.4499999999379186,0.4500000000000019,0.45,3.013271238190238e-118,1.5269638991051243e-14,49.90690778065221
220.0,0.0,49.73432849842727,0.0,49.73432849842652,49.57487656526045,49.574876565260304,49.57487656524775,49.57487656524773,49.73200119294395,49.732001192942455,49.57312467241819,49.5731246724179,49.573124672405775,49.57312467240571,0.45000000002013585,0.4499999999816654,49.73665580391059,49.81381556130458,0.4500000000459239,0.4500000000400971,0.44999999993119394,0.44999999993100764,0.4500000000000014,0.45,-2.1417990019556197e-117,1.5269638991051225e-14,49.90690778065228
221.0,0.0,49.734328498427146,0.0,49.7343284984258,49.57487656526281,49.57487656526264,49.57487656524596,49.57487656524592,49.732001192944125,49.73200119294143,49.573124672420654,49.57312467242034,49.573124672403836,49.57312467240376,0.45000000001282126,0.44999999998935425,49.73665580391019,49.81381556130429,0.4500000000279429,0.45000000001954604,0.44999999999984985,0.4499999999993982,0.450000000000001,0.45,-4.605051764402002e-120,1.5269638991051215e-14,49.90690778065214
222.0,0.0,49.73432849842659,0.0,49.734328498426116,49.57487656526257,49.57487656526265,49.57487656524666,49.574876565246655,49.73200119294313,49.732001192942185,49.573124672420334,49.57312467242049,49.573124672404404,49.57312467240439,0.4500000000080368,0.4499999999912409,49.73665580391004,49.81381556130419,0.45000000001517737,0.4500000000059823,0.4500000000063601,0.45000000000615925,0.4500000000000006,0.45,1.4194265685935643e-120,1.5269638991051206e-14,49.9069077806521
223.0,0.0,49.734328498426336,0.0,49.73432849842594,49.57487656526244,49.57487656526259,49.57487656524761,49.57487656524761,49.73200119294285,49.73200119294204,49.57312467242021,49.573124672420484,49.5731246724053,49.573124672405285,0.4500000000045651,0.4499999999946047,49.73665580390984,49.81381556130404,0.45000000000685203,0.4499999999982789,0.45000000001513446,0.4500000000136059,0.45000000000000046,0.45,2.0473675720295222e-120,1.52696389910512e-14,49.90690778065203
224.0,0.0,49.734328498426244,0.0,49.73432849842541,49.57487656526254,49.57487656526264,49.574876565248346,49.574876565248346,49.732001192942974,49.7320011929413,49.57312467242034,49.573124672420555,49.57312467240604,49.573124672406,0.4500000000012379,0.4499999999990479,49.736655803909535,49.81381556130382,0.4499999999985227,0.44999999999334417,0.4500000000254054,0.45000000002300233,0.4500000000000003,0.45,1.8018255673813245e-121,1.5269638991051196e-14,49.906907780651906
225.0,0.0,49.73432849842613,0.0,49.734328498424674,49.574876565262954,49.57487656526301,49.57487656524846,49.574876565248445,49.732001192943166,49.73200119294023,49.57312467242079,49.573124672420924,49.57312467240615,49.57312467240611,0.4500000000055388,0.44999999999552104,49.736655803909116,49.81381556130352,0.44999999998893203,0.44999999998489926,0.4500000000372032,0.4500000000348151,0.45000000000000023,0.45,-1.2807171664483443e-120,1.5269638991051193e-14,49.906907780651764
226.0,0.0,49.734328498425846,0.0,49.7343284984243,49.57487656526359,49.57487656526367,49.574876565248005,49.57487656524797,49.732001192942924,49.732001192939805,49.57312467242144,49.57312467242159,49.5731246724057,49.57312467240564,0.45000000001211743,0.44999999998809387,49.736655803908775,49.813815561303294,0.44999999997260487,0.44999999996832984,0.45000000004797014,0.45000000004656027,0.4500000000000001,0.45,-2.753651879408662e-123,1.526963899105119e-14,49.90690778065164
227.0,0.0,49.73432849842544,0.0,49.734328498425654,49.57487656526257,49.574876565262606,49.574876565250186,49.57487656525019,49.73200119294163,49.73200119294204,49.57312467242048,49.573124672420526,49.57312467240786,49.573124672407864,0.450000000012029,0.44999999998798446,49.736655803909244,49.81381556130363,0.44999999995502893,0.4499999999548828,0.4500000000446668,0.4500000000432366,0.45000000000000023,0.45,8.487649733939107e-124,1.526963899105119e-14,49.906907780651814
228.0,0.0,49.734328498425164,0.0,49.734328498425825,49.574876565260624,49.57487656526068,49.57487656525235,49.574876565252374,49.73200119294114,49.732001192942434,49.57312467241853,49.57312467241863,49.57312467241003,49.57312467241005,0.4500000000119123,0.44999999998808193,49.73665580390919,49.813815561303585,0.44999999995626516,0.44999999995464135,0.45000000003969975,0.4500000000379847,0.4500000000000002,0.45,1.2242506384271939e-123,1.5269638991051187e-14,49.9069077806518
229.0,0.0,49.734328498425064,0.0,49.73432849842552,49.57487656525822,49.574876565258364,49.57487656525413,49.574876565254144,49.732001192941134,49.73200119294203,49.57312467241609,49.57312467241635,49.57312467241185,49.57312467241187,0.45000000001033563,0.44999999998970636,49.736655803909,49.81381556130344,0.44999999996490364,0.44999999996317025,0.45000000002694623,0.45000000002562407,0.45000000000000007,0.45,1.077425534787733e-124,1.5269638991051187e-14,49.90690778065172
230.0,0.0,49.73432849842519,0.0,49.73432849842548,49.57487656525586,49.5748765652561,49.57487656525514,49.574876565255146,49.73200119294134,49.73200119294191,49.57312467241368,49.57312467241414,49.57312467241299,49.573124672412995,0.45000000000832535,0.4499999999917194,49.73665580390904,49.81381556130347,0.44999999997561596,0.44999999996995305,0.4500000000010807,0.4500000000001771,0.45,0.45,-7.658218436637685e-124,1.5269638991051187e-14,49.90690778065174
231.0,0.0,49.73432849842552,0.0,49.73432849842612,49.57487656525415,49.574876565254414,49.574876565255074,49.57487656525509,49.73200119294152,49.732001192942725,49.57312467241194,49.57312467241245,49.57312467241307,49.573124672413094,0.4500000000053434,0.44999999999459067,49.73665580390952,49.81381556130381,0.4499999999847648,0.4499999999731813,0.44999999997662604,0.44999999997579493,0.45000000000000007,0.45,-1.646582722823219e-126,1.5269638991051187e-14,49.906907780651906
232.0,0.0,49.73432849842544,0.0,49.73432849842581,49.574876565253646,49.57487656525359,49.574876565255494,49.57487656525551,49.73200119294157,49.73200119294228,49.5731246724115,49.57312467241139,49.57312467241331,49.57312467241332,0.4500000000040074,0.44999999999595486,49.73665580390933,49.813815561303684,0.45000000000417023,0.4499999999930521,0.45000000002405904,0.4500000000228478,0.45000000000000007,0.45,5.075302914571922e-127,1.5269638991051187e-14,49.90690778065185
233.0,0.0,49.734328498425306,0.0,49.7343284984259,49.57487656525282,49.57487656525269,49.57487656525655,49.57487656525657,49.73200119294131,49.73200119294249,49.57312467241071,49.57312467241043,49.573124672414345,49.57312467241436,0.450000000001153,0.4499999999987681,49.73665580390931,49.81381556130367,0.4500000000083684,0.4499999999979961,0.45000000001306006,0.4500000000125465,0.45000000000000007,0.45,7.32056933090761e-127,1.5269638991051187e-14,49.90690778065184
234.0,0.0,49.7343284984253,0.0,49.734328498426514,49.5748765652513,49.57487656525121,49.57487656525755,49.574876565257576,49.732001192941,49.732001192943414,49.57312467240919,49.57312467240901,49.57312467241547,49.57312467241551,0.450000000003361,0.449999999996415,49.736655803909606,49.813815561303876,0.4500000000074765,0.4499999999984465,0.4499999999629162,0.44999999996243256,0.45000000000000007,0.45,6.442609118371987e-128,1.5269638991051184e-14,49.90690778065194
235.0,0.0,49.73432849842561,0.0,49.73432849842771,49.57487656524869,49.57487656524867,49.5748765652578,49.57487656525785,49.73200119294087,49.73200119294506,49.5731246724066,49.57312467240656,49.573124672416014,49.573124672416085,0.45000000001115714,0.4499999999883354,49.736655803910345,49.8138155613044,0.45000000001161233,0.450000000004836,0.44999999989171985,0.4499999998912429,0.45000000000000007,0.45,-4.57933345157697e-127,1.5269638991051184e-14,49.9069077806522
236.0,0.0,49.73432849842645,0.0,49.73432849842883,49.574876565245624,49.574876565245596,49.574876565256616,49.57487656525665,49.73200119294158,49.73200119294634,49.57312467240353,49.57312467240346,49.57312467241506,49.57312467241515,0.4500000000204271,0.4499999999788636,49.736655803911326,49.81381556130509,0.45000000003993523,0.4500000000344746,0.449999999861078,0.449999999858603,0.45,0.45,-9.84596013524321e-130,1.5269638991051184e-14,49.906907780652546
237.0,0.0,49.73432849842726,0.0,49.734328498426905,49.574876565248154,49.57487656524809,49.574876565254925,49.57487656525492,49.73200119294374,49.73200119294304,49.573124672405825,49.573124672405676,49.57312467241288,49.57312467241287,0.4500000000212171,0.4499999999788228,49.736655803910764,49.8138155613047,0.4500000000872639,0.4500000000831594,0.44999999999103635,0.449999999989282,0.45,0.45,3.034844801813446e-130,1.5269638991051184e-14,49.90690778065236
238.0,0.0,49.73432849842743,0.0,49.73432849842655,49.574876565250726,49.574876565250605,49.57487656525371,49.57487656525369,49.73200119294416,49.73200119294244,49.57312467240836,49.57312467240813,49.573124672411545,49.57312467241151,0.45000000002130097,0.4499999999788035,49.73665580391068,49.81381556130464,0.45000000008556873,0.4500000000816369,0.4499999999957352,0.4499999999938223,0.44999999999999996,0.45,4.377431683226692e-130,1.5269638991051184e-14,49.906907780652325
239.0,0.0,49.734328498427345,0.0,49.734328498427104,49.57487656525301,49.57487656525283,49.57487656525255,49.57487656525254,49.732001192943756,49.732001192943315,49.573124672410714,49.57312467241038,49.57312467241052,49.57312467241049,0.4500000000200887,0.449999999979701,49.73665580391091,49.8138155613048,0.45000000005887997,0.45000000005818896,0.4499999999413159,0.44999999993932993,0.44999999999999996,0.45,3.852443710673769e-131,1.5269638991051184e-14,49.906907780652396
240.0,0.0,49.73432849842741,0.0,49.734328498427885,49.574876565254655,49.5748765652544,49.574876565251024,49.574876565251024,49.73200119294348,49.732001192944445,49.573124672412504,49.57312467241199,49.5731246724092,49.5731246724092,0.45000000001890317,0.44999999998049767,49.736655803911326,49.8138155613051,0.45000000003870594,0.45000000003361956,0.44999999989431894,0.44999999989251205,0.45,0.45,-2.738273272593631e-130,1.5269638991051184e-14,49.90690778065254
241.0,0.0,49.73432849842784,0.0,49.73432849842801,49.57487656525556,49.57487656525526,49.57487656524913,49.57487656524913,49.73200119294408,49.732001192944416,49.573124672413456,49.57312467241286,49.573124672407324,49.573124672407324,0.45000000001796414,0.4499999999814541,49.7366558039116,49.81381556130529,0.45000000004766527,0.4500000000363723,0.44999999992983325,0.4499999999281306,0.45,0.45,-5.887522663823905e-133,1.5269638991051184e-14,49.906907780652645
242.0,0.0,49.73432849842774,0.0,49.734328498427026,49.574876565257206,49.57487656525725,49.57487656524889,49.57487656524888,49.73200119294441,49.73200119294298,49.57312467241488,49.57312467241497,49.5731246724067,49.57312467240667,0.45000000001552476,0.44999999998466733,49.73665580391106,49.81381556130491,0.4500000000571056,0.4500000000455281,0.450000000010069,0.4500000000088358,0.45,0.45,1.814725766348384e-133,1.5269638991051184e-14,49.90690778065245
243.0,0.0,49.73432849842776,0.0,49.73432849842645,49.57487656525945,49.574876565259565,49.57487656524822,49.574876565248196,49.73200119294471,49.732001192942114,49.573124672417066,49.573124672417286,49.573124672405896,49.57312467240586,0.4500000000112037,0.4499999999891697,49.73665580391079,49.81381556130472,0.450000000048439,0.4500000000379636,0.4500000000288431,0.4500000000279648,0.45,0.45,2.6175434279981908e-133,1.5269638991051184e-14,49.90690778065236
244.0,0.0,49.73432849842771,0.0,49.73432849842579,49.57487656526262,49.57487656526265,49.57487656524737,49.57487656524734,49.732001192944985,49.73200119294113,49.57312467242027,49.57312467242034,49.573124672405015,49.57312467240496,0.45000000000324575,0.44999999999709367,49.736655803910445,49.813815561304466,0.4500000000280456,0.4500000000179602,0.45000000003599794,0.45000000003463936,0.45,0.45,2.3036198954849996e-134,1.5269638991051184e-14,49.90690778065223
245.0,0.0,49.734328498427445,0.0,49.73432849842452,49.57487656526706,49.57487656526698,49.57487656524663,49.57487656524658,49.732001192945205,49.73200119293935,49.57312467242476,49.57312467242462,49.57312467240413,49.57312467240405,0.4500000000086595,0.4499999999918076,49.73665580390969,49.813815561303926,0.4500000000011108,0.4499999999909941,0.45000000008018093,0.4500000000791765,0.45,0.45,-1.63738688057768e-133,1.5269638991051184e-14,49.90690778065197
246.0,0.0,49.73432849842652,0.0,49.7343284984231,49.57487656527164,49.574876565271566,49.57487656524686,49.57487656524681,49.73200119294451,49.73200119293767,49.573124672429394,49.57312467242926,49.573124672404084,49.573124672403985,0.4500000000240295,0.4499999999767358,49.73665580390852,49.81381556130311,0.4499999999627433,0.4499999999517621,0.45000000015817115,0.45000000015751446,0.45,0.45,-3.520522390999733e-136,1.5269638991051184e-14,49.90690778065155
247.0,0.0,49.734328498424745,0.0,49.73432849842546,49.57487656526771,49.574876565267814,49.57487656525058,49.574876565250584,49.73200119294068,49.73200119294211,49.57312467242569,49.5731246724259,49.573124672408134,49.573124672408156,0.4500000000232788,0.44999999997655116,49.73665580390882,49.813815561303315,0.4499999999073153,0.44999999989694806,0.4500000000417917,0.45000000004101554,0.45,0.45,1.0851393801351664e-136,1.5269638991051184e-14,49.90690778065166
248.0,0.0,49.73432849842429,0.0,49.73432849842583,49.57487656526369,49.57487656526385,49.574876565253625,49.57487656525364,49.73200119293982,49.732001192942896,49.57312467242172,49.57312467242202,49.573124672411296,49.57312467241134,0.4500000000214866,0.44999999997827306,49.73665580390877,49.81381556130329,0.44999999990989414,0.4499999999014529,0.45000000002403245,0.450000000023755,0.45,0.45,1.5651948661368954e-136,1.5269638991051184e-14,49.90690778065164
249.0,0.0,49.73432849842455,0.0,49.73432849842515,49.57487656526019,49.57487656526032,49.574876565255806,49.57487656525582,49.73200119294055,49.732001192941745,49.57312467241815,49.573124672418416,49.573124672413485,49.57312467241351,0.45000000001955115,0.44999999998055135,49.736655803908555,49.813815561303144,0.4499999999385997,0.4499999999337159,0.4500000000514585,0.4500000000510446,0.45,0.45,1.3774801194803017e-137,1.5269638991051184e-14,49.90690778065157
250.0,0.0,49.73432849842494,0.0,49.73432849842436,49.57487656525777,49.57487656525788,49.57487656525696,49.57487656525696,49.73200119294152,49.73200119294035,49.57312467241564,49.57312467241585,49.57312467241462,49.57312467241463,0.45000000001891693,0.4499999999814891,49.736655803908356,49.813815561303,0.44999999996354395,0.44999999996018397,0.4500000000695101,0.4500000000693212,0.44999999999999996,0.45,-9.790972374888523e-137,1.5269638991051184e-14,49.90690778065151
251.0,0.0,49.73432849842462,0.0,49.73432849842436,49.57487656525684,49.57487656525693,49.57487656525698,49.57487656525697,49.73200119294105,49.7320011929405,49.573124672414664,49.57312467241487,49.573124672414735,49.573124672414714,0.450000000019517,0.4499999999806408,49.7366558039082,49.81381556130286,0.4499999999548866,0.44999999995412765,0.4500000000442752,0.4500000000440182,0.45000000000014406,0.45,-1.5187170977070425e-139,1.5269638991055727e-14,49.90690778065144
252.0,0.0,49.73432849842566,0.0,49.73432849842658,49.57487656525538,49.57487656525539,49.57487656526206,49.574876565261945,49.73200119294149,49.732001192943315,49.57312467241328,49.573124672413314,49.57312467241948,49.57312467241932,0.45000000002049767,0.44999999998395535,49.736655803909834,49.813815561304104,0.44999999995527207,0.4499999999530899,0.45000000010472063,0.45000000009511587,0.44999999999963136,0.45,8.531964041048868e-140,1.5269638991037877e-14,49.90690778065205
253.0,0.0,49.73432849842477,0.0,49.73432849842602,49.574876565252666,49.5748765652527,49.57487656526196,49.57487656526202,49.732001192940444,49.732001192942924,49.573124672410515,49.57312467241058,49.573124672419844,49.57312467241977,0.4500000000095982,0.4499999999852516,49.73665580390911,49.81381556130364,0.4499999999863626,0.4499999999842505,0.4499999999634586,0.44999999993751344,0.44999999999917656,0.45,-5.875751843189839e-140,1.5269638991027202e-14,49.90690778065183
254.0,0.0,49.73432849842368,0.0,49.73432849842433,49.574876565251394,49.57487656525141,49.57487656526045,49.57487656526043,49.73200119293965,49.732001192940956,49.573124672409214,49.573124672409214,49.573124672418544,49.57312467241845,0.45000000000386814,0.4499999999912327,49.736655803907695,49.813815561302434,0.4499999999950758,0.4499999999946034,0.44999999999355267,0.4499999999792925,0.45000000000048396,0.45,-4.015017531896989e-143,1.526963899106823e-14,49.90690778065122
255.0,0.0,49.7343284984245,0.0,49.734328498424524,49.57487656525171,49.574876565251685,49.57487656526159,49.57487656526134,49.732001192940785,49.732001192940835,49.573124672409506,49.57312467240945,49.57312467241933,49.57312467241905,0.45000000000663526,0.4499999999960576,49.736655803908214,49.813815561302754,0.44999999999089596,0.44999999999069523,0.450000000089857,0.4500000000731344,0.45000000000088414,0.45,1.2131707128605773e-142,1.5269638991077992e-14,49.90690778065137
256.0,0.0,49.73432849842378,0.0,49.734328498423714,49.57487656525197,49.57487656525195,49.57487656525918,49.574876565258855,49.73200119294011,49.73200119293999,49.573124672409755,49.5731246724097,49.573124672417094,49.57312467241658,0.4500000000027885,0.4499999999958624,49.73665580390745,49.813815561302164,0.4499999999999963,0.44999999999972273,0.45000000002289325,0.4500000000157402,0.45000000000115126,0.45,6.779682803524461e-143,1.5269638991087998e-14,49.90690778065108
257.0,0.0,49.73432849842212,0.0,49.73432849842218,49.57487656525247,49.574876565252445,49.574876565255366,49.574876565254826,49.732001192938384,49.732001192938526,49.57312467241021,49.57312467241018,49.57312467241372,49.57312467241266,0.4499999999950569,0.44999999999289886,49.73665580390584,49.81381556130085,0.4500000000150407,0.45000000001406815,0.4499999999200657,0.4499999999043105,0.45000000000213136,0.45,-4.262835424325858e-143,1.5269638991122982e-14,49.90690778065042
258.0,0.0,49.7343284984201,0.0,49.73432849842019,49.57487656525342,49.57487656525342,49.57487656525223,49.57487656525113,49.732001192936394,49.73200119293657,49.57312467241111,49.5731246724111,49.573124672411055,49.573124672408916,0.44999999998808277,0.4499999999875058,49.73665580390381,49.81381556129897,0.4500000000275456,0.4500000000272618,0.449999999887596,0.44999999985722894,0.4500000000046704,0.45,-5.187592472130082e-143,1.5269638991207687e-14,49.90690778064948
259.0,0.0,49.73432849842103,0.0,49.73432849842105,49.57487656525421,49.57487656525421,49.57487656525377,49.57487656525348,49.7320011929373,49.73200119293735,49.573124672411986,49.57312467241198,49.57312467241192,49.57312467241135,0.4500000000031466,0.45000000000102686,49.736655803904746,49.81381556129962,0.44999999999313295,0.4499999999927425,0.45000000000685386,0.44999999996008916,0.4500000000051269,0.45,-2.400797387204748e-146,1.5269638991211442e-14,49.90690778064981
260.0,0.0,49.73432849842213,0.0,49.734328498422066,49.57487656525464,49.57487656525464,49.57487656525476,49.574876565255146,49.7320011929384,49.7320011929383,49.573124672412476,49.573124672412476,49.573124672412405,49.57312467241307,0.4500000000097668,0.450000000005939,49.73665580390584,49.81381556130051,0.44999999997847917,0.449999999977992,0.4500000000615992,0.450000000005433,0.45000000000450396,0.45,7.254207550643358e-146,1.526963899118756e-14,49.90690778065026
261.0,0.0,49.73432849842192,0.0,49.73432849842164,49.57487656525529,49.57487656525528,49.57487656525393,49.57487656525406,49.73200119293834,49.7320011929378,49.5731246724131,49.573124672413094,49.57312467241165,49.57312467241186,0.45000000000201795,0.44999999999613777,49.73665580390549,49.81381556130011,0.4499999999928582,0.4499999999923834,0.4500000000479434,0.4499999999940365,0.45000000000525375,0.45,4.053941085185501e-146,1.5269638991217797e-14,49.90690778065006
262.0,0.0,49.73432849842088,0.0,49.734328498420275,49.57487656525636,49.57487656525634,49.57487656525236,49.57487656525181,49.73200119293754,49.73200119293633,49.57312467241411,49.573124672414075,49.57312467241046,49.57312467240938,0.4499999999916882,0.44999999998097334,49.73665580390422,49.813815561298775,0.45000000000936247,0.4500000000089599,0.4500000000214333,0.4499999999670146,0.4500000000076439,0.45,-2.5489812303510865e-146,1.5269638991302726e-14,49.90690778064939
263.0,0.0,49.734328498419515,0.0,49.73432849841847,49.57487656525807,49.574876565258045,49.574876565251145,49.574876565250015,49.732001192936465,49.73200119293437,49.573124672415815,49.57312467241574,49.57312467240955,49.57312467240732,0.44999999999001983,0.44999999997034157,49.73665580390257,49.81381556129689,0.4500000000018817,0.4499999999999674,0.4500000000372182,0.4499999999658798,0.45000000001194224,0.45,-3.1019438427391097e-146,1.5269638991442903e-14,49.90690778064845
264.0,0.0,49.73432849841969,0.0,49.73432849841949,49.57487656525808,49.57487656525807,49.57487656525116,49.57487656525117,49.73200119293608,49.73200119293567,49.573124672415965,49.57312467241594,49.57312467240895,49.57312467240896,0.4500000000188819,0.44999999999569257,49.736655803903304,49.813815561297545,0.4499999999584938,0.4499999999569243,0.4500000000623425,0.44999999998504453,0.4500000000116915,0.45,-1.4355886483119684e-149,1.526963899141481e-14,49.90690778064877
265.0,0.0,49.73432849842058,0.0,49.73432849842101,49.57487656525682,49.57487656525683,49.574876565251756,49.57487656525269,49.73200119293657,49.73200119293744,49.57312467241477,49.5731246724148,49.57312467240907,49.57312467241093,0.45000000002832397,0.45000000000634377,49.73665580390458,49.81381556129889,0.44999999995002393,0.44999999994941775,0.4500000000571006,0.44999999999189433,0.4500000000092505,0.45,4.337749690074138e-149,1.5269638991330377e-14,49.90690778064944
266.0,0.0,49.734328498421014,0.0,49.73432849842131,49.5748765652559,49.57487656525591,49.57487656525245,49.57487656525356,49.73200119293712,49.73200119293773,49.5731246724138,49.573124672413826,49.57312467240967,49.573124672411886,0.4500000000156559,0.44999999999469764,49.73665580390491,49.813815561299194,0.4499999999712751,0.44999999996977186,0.45000000004751284,0.44999999999893225,0.4500000000085207,0.45,2.424107962403914e-149,1.526963899131644e-14,49.90690778064959
267.0,0.0,49.73432849842065,0.0,49.734328498420574,49.57487656525571,49.57487656525571,49.574876565252836,49.5748765652539,49.73200119293707,49.73200119293688,49.57312467241348,49.573124672413485,49.57312467241009,49.57312467241222,0.4499999999987331,0.4499999999755492,49.736655803904256,49.813815561298455,0.45000000000168916,0.4500000000005966,0.4500000000334975,0.45000000000762796,0.4500000000098353,0.45,-1.5241969535807926e-149,1.5269638991371303e-14,49.90690778064923
268.0,0.0,49.734328498419174,0.0,49.73432849841888,49.57487656525662,49.574876565256616,49.5748765652525,49.57487656525383,49.73200119293576,49.73200119293516,49.57312467241424,49.573124672414224,49.57312467240965,49.573124672412305,0.4499999999918602,0.44999999996724444,49.73665580390261,49.81381556129664,0.4500000000230987,0.45000000002211116,0.45000000001945123,0.45000000001497237,0.4500000000135274,0.45,-1.8548481801381675e-149,1.5269638991493264e-14,49.906907780648325
269.0,0.0,49.73432849841965,0.0,49.73432849841987,49.57487656525652,49.574876565256524,49.57487656525381,49.57487656525431,49.73200119293582,49.73200119293625,49.57312467241432,49.57312467241433,49.57312467241136,49.573124672412376,0.45000000002056084,0.44999999999794726,49.73665580390349,49.813815561297524,0.4499999999645505,0.4499999999634428,0.4500000000295326,0.45000000000806334,0.45000000001261753,0.45,-8.583972262803916e-153,1.5269638991442566e-14,49.906907780648766
270.0,0.0,49.73432849842112,0.0,49.73432849842165,49.57487656525531,49.57487656525534,49.57487656525541,49.57487656525514,49.732001192937034,49.732001192938085,49.573124672413286,49.573124672413314,49.573124672413336,49.5731246724128,0.4500000000322247,0.4500000000132017,49.73665580390521,49.813815561299336,0.4499999999378069,0.4499999999353642,0.45000000002890994,0.4500000000075153,0.45000000000929014,0.45,2.5936759434938842e-152,1.5269638991327733e-14,49.90690778064967
271.0,0.0,49.7343284984224,0.0,49.734328498422954,49.57487656525399,49.574876565253994,49.574876565256304,49.574876565256034,49.73200119293831,49.73200119293941,49.57312467241196,49.573124672411986,49.57312467241422,49.573124672413705,0.4500000000247693,0.4500000000097348,49.736655803906494,49.81381556130072,0.44999999995462725,0.4499999999544094,0.4500000000243818,0.4500000000028228,0.4500000000062419,0.45,1.4494146452013657e-152,1.526963899123561e-14,49.906907780650364
272.0,0.0,49.734328498424176,0.0,49.73432849842467,49.57487656525232,49.574876565252325,49.57487656525706,49.57487656525718,49.73200119294014,49.73200119294111,49.57312467241026,49.57312467241029,49.5731246724148,49.57312467241504,0.4500000000154312,0.4500000000055879,49.736655803908214,49.813815561302576,0.44999999997679885,0.44999999997664364,0.4500000000179285,0.4499999999966825,0.45000000000217855,0.45,-9.11499220282829e-153,1.5269638991112282e-14,49.90690778065129
273.0,0.0,49.734328498427104,0.0,49.734328498427665,49.57487656525013,49.57487656525013,49.574876565258286,49.57487656525875,49.73200119294299,49.73200119294411,49.57312467240815,49.57312467240817,49.57312467241582,49.57312467241676,0.45000000002144613,0.45000000001880247,49.73665580391123,49.81381556130579,0.44999999996262646,0.4499999999616146,0.45000000001511664,0.44999999998820517,0.4499999999958058,0.45,-1.109383752083568e-152,1.5269638990903834e-14,49.90690778065289
274.0,0.0,49.734328498428816,0.0,49.734328498428944,49.57487656524949,49.57487656524948,49.574876565258975,49.57487656525888,49.73200119294504,49.73200119294526,49.573124672407296,49.57312467240729,49.57312467241683,49.57312467241662,0.44999999998855134,0.44999999998776763,49.7366558039126,49.813815561307244,0.45000000004942087,0.4500000000491319,0.45000000001034435,0.44999999998396245,0.44999999999208373,0.45,1.3435946010748863e-155,1.5269638990808814e-14,49.906907780653626
275.0,0.0,49.7343284984295,0.0,49.73432849842961,49.57487656525123,49.574876565251195,49.57487656525882,49.574876565258506,49.73200119294556,49.732001192945795,49.57312467240892,49.57312467240887,49.573124672416824,49.5731246724162,0.45000000002961804,0.4500000000260479,49.736655803913436,49.81381556130817,0.450000000021211,0.4500000000203003,0.44999999998946894,0.4499999999662945,0.4499999999911809,0.45,-8.767794386882708e-157,1.526963899074294e-14,49.90690778065409
276.0,0.0,49.73432849843616,0.0,49.7343284984364,49.574876565253135,49.574876565253085,49.57487656525798,49.57487656525766,49.73200119295182,49.73200119295229,49.57312467241084,49.57312467241073,49.57312467241609,49.57312467241544,0.4500000000467487,0.45000000004307367,49.73665580392051,49.81381556131578,0.45000000002877755,0.4500000000265008,0.44999999997551465,0.4499999999603873,0.44999999997578033,0.45,-3.018161881768245e-158,1.5269638990237688e-14,49.90690778065789
277.0,0.0,49.73432849843355,0.0,49.73432849843344,49.57487656525398,49.574876565253994,49.57487656525737,49.57487656525719,49.73200119295015,49.732001192949944,49.573124672411595,49.573124672411616,49.573124672415155,49.573124672414814,0.44999999993621487,0.44999999993307116,49.73665580391694,49.81381556131185,0.45000000004259716,0.45000000004109036,0.4500000000511387,0.45000000004016927,0.44999999998094725,0.45,1.6955658617935338e-158,1.5269638990509754e-14,49.90690778065593
278.0,0.0,49.73432849842948,0.0,49.73432849842943,49.57487656525579,49.574876565255806,49.5748765652577,49.57487656525758,49.73200119294598,49.73200119294588,49.57312467241341,49.57312467241343,49.57312467241546,49.5731246724152,0.44999999999828694,0.44999999999524015,49.73665580391296,49.81381556130771,0.4500000000314135,0.4500000000304877,0.4500000000055506,0.44999999999850293,0.4499999999910185,0.45,-1.1676941193032943e-158,1.5269638990767752e-14,49.90690778065387
279.0,0.0,49.73432849842585,0.0,49.73432849842581,49.57487656525674,49.57487656525675,49.57487656525748,49.57487656525736,49.73200119294228,49.732001192942185,49.57312467241444,49.573124672414465,49.57312467241529,49.573124672415084,0.44999999999037316,0.449999999988899,49.73665580390942,49.813815561304004,0.450000000012164,0.45000000001100415,0.45000000000328577,0.4499999999956721,0.4499999999981453,0.45,-7.979084939179737e-162,1.5269638991001066e-14,49.906907780652006
280.0,0.0,49.734328498425114,0.0,49.734328498424986,49.57487656525708,49.5748765652571,49.57487656525709,49.57487656525701,49.732001192941496,49.73200119294125,49.57312467241482,49.57312467241488,49.57312467241495,49.573124672414814,0.4500000000040563,0.4500000000024344,49.73665580390873,49.81381556130331,0.4500000000029565,0.4500000000022958,0.44999999998902235,0.44999999998371804,0.44999999999996093,0.45,2.4109464015039957e-161,1.5269638991043282e-14,49.90690778065164
281.0,0.0,49.73432849842359,0.0,49.73432849842325,49.57487656525769,49.57487656525774,49.574876565256126,49.574876565256076,49.73200119294015,49.732001192939514,49.57312467241536,49.57312467241546,49.573124672414,49.57312467241391,0.44999999998101503,0.4499999999809421,49.73665580390701,49.81381556130144,0.4500000000259238,0.4500000000258122,0.4499999999927914,0.44999999998929674,0.45000000000334656,0.45,1.347333199856674e-161,1.526963899116836e-14,49.90690778065072
282.0,0.0,49.734328498417995,0.0,49.73432849841734,49.57487656525974,49.57487656525985,49.57487656525379,49.57487656525378,49.73200119293501,49.73200119293369,49.57312467241719,49.573124672417386,49.573124672411666,49.57312467241165,0.44999999993668527,0.44999999992855855,49.73665580390099,49.813815561294916,0.4500000000770004,0.4500000000761974,0.45000000000158785,0.44999999999988743,0.45000000001601276,0.45,-8.471576089362786e-162,1.526963899160627e-14,49.906907780647465
283.0,0.0,49.7343284984051,0.0,49.734328498403926,49.574876565264404,49.57487656526459,49.57487656524931,49.57487656524933,49.73200119292281,49.732001192920485,49.57312467242144,49.5731246724218,49.57312467240725,49.5731246724073,0.44999999987864925,0.44999999985727357,49.73665580388737,49.813815561280265,0.4500000001526305,0.4500000001475864,0.45000000000360335,0.4500000000017728,0.45000000004567026,0.45,-1.0309355349511717e-161,1.5269638992586973e-14,49.90690778064016
284.0,0.0,49.734328498400984,0.0,49.73432849840092,49.57487656526576,49.574876565265804,49.574876565248026,49.57487656524802,49.73200119291743,49.732001192917295,49.5731246724235,49.57312467242357,49.57312467240603,49.57312467240601,0.4500000000367544,0.45000000000807333,49.736655803884545,49.81381556127713,0.4499999999313769,0.44999999992538003,0.44999999999899715,0.44999999999620915,0.45000000005600077,0.45,-4.771198781548846e-165,1.526963899280084e-14,49.90690778063856
285.0,0.0,49.73432849840687,0.0,49.73432849840766,49.574876565262265,49.574876565262166,49.5748765652495,49.57487656524947,49.73200119292226,49.73200119292384,49.573124672420654,49.573124672420455,49.573124672407474,49.573124672407396,0.4500000001299488,0.45000000010434726,49.73665580389147,49.813815561284514,0.4499999998026628,0.4499999997970596,0.45000000000231954,0.4500000000000546,0.4500000000427524,0.45,1.4416571820574294e-164,1.5269638992316378e-14,49.90690778064224
286.0,0.0,49.7343284984124,0.0,49.73432849841311,49.574876565258094,49.57487656525799,49.57487656525072,49.57487656525068,49.73200119292791,49.73200119292932,49.57312467241648,49.57312467241628,49.57312467240864,49.573124672408554,0.4500000000806629,0.4500000000590382,49.73665580389689,49.81381556129029,0.44999999987727246,0.4499999998716697,0.45000000000878904,0.45000000000703055,0.4500000000296943,0.45,8.056556554143758e-165,1.526963899193887e-14,49.90690778064513
287.0,0.0,49.7343284984154,0.0,49.73432849841566,49.574876565254804,49.57487656525476,49.5748765652515,49.574876565251486,49.732001192931534,49.73200119293205,49.57312467241283,49.573124672412746,49.57312467240936,49.57312467240932,0.44999999998492035,0.44999999996760043,49.73665580389926,49.81381556129279,0.45000000001673507,0.45000000001320245,0.4500000000134427,0.45000000001305124,0.45000000002255736,0.45,-5.065689879436293e-165,1.52696389917809e-14,49.90690778064638
288.0,0.0,49.73432849841366,0.0,49.73432849841369,49.574876565253945,49.57487656525394,49.57487656525168,49.57487656525167,49.7320011929303,49.73200119293036,49.573124672411545,49.57312467241154,49.57312467240952,49.573124672409506,0.449999999939838,0.4499999999243954,49.73665580389702,49.81381556129029,0.45000000008536906,0.45000000008286095,0.45000000001291074,0.4500000000124371,0.4500000000270727,0.45,-6.164612778761624e-165,1.5269638991955048e-14,49.9069077806451
289.0,0.0,49.734328498413525,0.0,49.73432849841384,49.574876565254954,49.57487656525493,49.574876565252445,49.57487656525244,49.732001192929594,49.7320011929302,49.57312467241282,49.57312467241277,49.57312467241032,49.57312467241031,0.4500000000536769,0.4500000000371265,49.73665580389748,49.813815561290696,0.4499999999280073,0.4499999999255533,0.45000000000253954,0.45000000000228163,0.4500000000294251,0.45,6.823675227011689e-168,1.526963899194799e-14,49.90690778064536
290.0,0.0,49.73432849841437,0.0,49.734328498414804,49.57487656525325,49.57487656525321,49.574876565253014,49.57487656525301,49.73200119293056,49.73200119293143,49.57312467241127,49.5731246724112,49.5731246724109,49.57312467241088,0.44999999996978785,0.4499999999582634,49.73665580389818,49.81381556129121,0.44999999996797035,0.4499999999660431,0.45000000000387147,0.4500000000038283,0.450000000026814,0.45,-4.452874482091687e-169,1.5269638991940258e-14,49.90690778064561
291.0,0.0,49.734328498406896,0.0,49.73432849840746,49.57487656525001,49.574876565249966,49.57487656525254,49.574876565252524,49.732001192923605,49.73200119292472,49.57312467240805,49.57312467240796,49.57312467241048,49.57312467241045,0.44999999989878614,0.4499999998925547,49.7366558038902,49.81381556128192,0.4499999999703076,0.44999999997026785,0.44999999999580736,0.449999999995725,0.4500000000470649,0.45,-2.124698407729391e-170,1.526963899264995e-14,49.90690778064097
292.0,0.0,49.734328498411266,0.0,49.734328498411465,49.57487656524975,49.57487656524974,49.574876565253064,49.574876565253064,49.73200119292723,49.732001192927626,49.573124672407744,49.57312467240771,49.57312467241102,49.57312467241102,0.45000000008012164,0.45000000007681096,49.736655803895296,49.813815561287726,0.44999999997768003,0.4499999999776625,0.44999999997948725,0.44999999997937756,0.4500000000391013,0.45,6.549010791924632e-171,1.5269638992218515e-14,49.90690778064387
293.0,0.0,49.73432849841465,0.0,49.73432849841489,49.574876565248964,49.574876565248964,49.57487656525304,49.57487656525306,49.732001192930454,49.73200119293093,49.573124672406955,49.57312467240695,49.57312467241101,49.57312467241105,0.4500000000779722,0.4500000000777448,49.73665580389884,49.81381556129137,0.44999999997597756,0.44999999997516144,0.4499999999705864,0.44999999997013784,0.45000000003204793,0.45,9.446231753987668e-171,1.5269638991999716e-14,49.90690778064569
294.0,0.0,49.73432849841616,0.0,49.73432849841673,49.57487656524712,49.57487656524712,49.574876565252524,49.57487656525255,49.73200119293208,49.73200119293323,49.57312467240518,49.573124672405164,49.57312467241052,49.5731246724106,0.44999999999176676,0.44999999998770124,49.73665580390023,49.81381556129217,0.4499999999680565,0.449999999966337,0.4499999999610991,0.44999999995933215,0.45000000003020774,0.45,8.313339600250308e-172,1.52696389920357e-14,49.90690778064609
295.0,0.0,49.73432849841489,0.0,49.734328498415955,49.574876565243756,49.57487656524374,49.57487656525154,49.5748765652516,49.732001192930966,49.732001192933076,49.5731246724019,49.57312467240188,49.57312467240961,49.57312467240975,0.44999999991610745,0.4499999999038527,49.73665580389882,49.813815561289466,0.4499999999564144,0.44999999995511974,0.44999999994222306,0.449999999939084,0.45000000003788354,0.45,-5.909027438833491e-171,1.5269638992368625e-14,49.90690778064474
296.0,0.0,49.734328498411855,0.0,49.734328498413035,49.574876565239684,49.57487656523967,49.57487656525041,49.5748765652505,49.73200119292789,49.73200119293026,49.57312467239788,49.57312467239786,49.57312467240855,49.57312467240871,0.4499999999637555,0.4499999999389681,49.736655803895815,49.81381556128492,0.4499999999737275,0.44999999997284446,0.44999999992990364,0.44999999992669965,0.450000000053865,0.45,-1.270491387156916e-173,1.526963899283848e-14,49.906907780642456
297.0,0.0,49.734328498417476,0.0,49.73432849841724,49.574876565242896,49.5748765652429,49.574876565250776,49.57487656525076,49.73200119293368,49.732001192933225,49.57312467240065,49.573124672400674,49.573124672408696,49.573124672408674,0.45000000008252355,0.45000000005885726,49.736655803901265,49.81381556129131,0.45000000008530217,0.4500000000845178,0.4500000000065565,0.45000000000332585,0.4500000000430831,0.45,3.916067300524018e-174,1.5269638992344445e-14,49.90690778064566
298.0,0.0,49.734328498421405,0.0,49.734328498420886,49.574876565246015,49.574876565246036,49.5748765652512,49.574876565251174,49.73200119293768,49.73200119293664,49.57312467240363,49.57312467240366,49.573124672409044,49.57312467240899,0.4500000000810536,0.45000000005898705,49.73665580390511,49.813815561295684,0.45000000009274593,0.4500000000912014,0.4500000000157081,0.4500000000124578,0.45000000003308266,0.45,5.648498850137854e-174,1.526963899202536e-14,49.90690778064784
299.0,0.0,49.73432849842379,0.0,49.734328498423544,49.574876565248786,49.5748765652488,49.57487656525155,49.57487656525154,49.73200119294011,49.73200119293961,49.57312467240645,49.573124672406465,49.5731246724094,49.57312467240938,0.4500000000253314,0.4500000000044602,49.73665580390746,49.81381556129822,0.45000000005011875,0.4500000000494666,0.4499999999932279,0.4499999999904863,0.45000000002560686,0.45,4.9710746465803477e-175,1.5269638991854853e-14,49.906907780649114
300.0,0.0,49.734328498424794,0.0,49.73432849842484,49.57487656525096,49.574876565250975,49.57487656525168,49.57487656525171,49.732001192941176,49.73200119294126,49.57312467240872,49.57312467240874,49.57312467240954,49.57312467240958,0.4499999999805233,0.4499999999611991,49.736655803908405,49.81381556129914,0.4500000000138713,0.4500000000134948,0.4499999999757825,0.44999999997300494,0.4500000000223989,0.45,-3.533380168529813e-174,1.5269638991806546e-14,49.90690778064957
301.0,0.0,49.73432849842495,0.0,49.734328498424794,49.57487656525251,49.574876565252524,49.57487656525161,49.57487656525163,49.73200119294143,49.73200119294113,49.57312467241028,49.57312467241031,49.57312467240945,49.573124672409506,0.45000000000726276,0.4499999999899768,49.736655803908484,49.81381556129918,0.4500000000338683,0.4500000000335289,0.4499999999974953,0.4499999999935983,0.4500000000235184,0.45,-7.596471067432063e-177,1.5269638991806616e-14,49.90690778064959
302.0,0.0,49.73432849842669,0.0,49.734328498426315,49.574876565254726,49.57487656525473,49.57487656525232,49.57487656525228,49.73200119294312,49.732001192942384,49.57312467241244,49.57312467241244,49.5731246724101,49.573124672410046,0.4500000000317098,0.450000000017747,49.73665580391026,49.81381556130153,0.45000000004845486,0.4500000000479898,0.45000000001737706,0.45000000001380414,0.45000000001792795,0.45,2.341495263474887e-177,1.526963899159554e-14,49.90690778065077
303.0,0.0,49.73432849842797,0.0,49.734328498427345,49.57487656525691,49.574876565256915,49.57487656525254,49.574876565252474,49.73200119294451,49.73200119294325,49.57312467241459,49.573124672414586,49.57312467241031,49.57312467241021,0.45000000002701507,0.45000000001831025,49.73665580391143,49.81381556130311,0.45000000004366547,0.4500000000429416,0.45000000002064006,0.450000000016958,0.450000000013318,0.45,3.377368266501496e-177,1.5269638991450495e-14,49.90690778065155
304.0,0.0,49.73432849842883,0.0,49.73432849842783,49.57487656525933,49.57487656525934,49.57487656525202,49.574876565251955,49.732001192945624,49.73200119294361,49.57312467241701,49.57312467241702,49.57312467240982,49.5731246724097,0.4500000000085127,0.45000000000800067,49.73665580391206,49.81381556130403,0.4500000000274645,0.4500000000273055,0.4500000000178678,0.4500000000161519,0.4500000000098365,0.45,2.9729505974952626e-178,1.526963899135668e-14,49.90690778065201
305.0,0.0,49.734328498429335,0.0,49.734328498427764,49.57487656526229,49.5748765652623,49.57487656525054,49.57487656525046,49.73200119294646,49.732001192943315,49.57312467241997,49.57312467241999,49.573124672408376,49.57312467240822,0.45000000000369905,0.4499999999909902,49.736655803912214,49.81381556130444,0.45000000000935236,0.45000000000846685,0.4500000000224337,0.4500000000216885,0.4500000000076311,0.45,-2.112577238679248e-177,1.526963899129929e-14,49.90690778065221
306.0,0.0,49.73432849842929,0.0,49.73432849842747,49.574876565265285,49.5748765652653,49.57487656524866,49.57487656524857,49.732001192946534,49.73200119294292,49.573124672423,49.57312467242302,49.573124672406486,49.573124672406315,0.4500000000183012,0.44999999998867735,49.73665580391204,49.81381556130454,0.44999999998988904,0.4499999999897233,0.45000000004802765,0.45000000004596075,0.4500000000065868,0.45,-4.469296704225122e-180,1.5269638991257982e-14,49.90690778065227
307.0,0.0,49.73432849842832,0.0,49.73432849842854,49.574876565263814,49.57487656526381,49.574876565250904,49.5748765652509,49.732001192944495,49.73200119294496,49.57312467242168,49.57312467242169,49.57312467240854,49.57312467240854,0.45000000002066803,0.44999999999075174,49.73665580391212,49.813815561304885,0.4499999999595153,0.44999999995838186,0.45000000007053076,0.45000000006901797,0.4500000000048541,0.45,1.3797463919224581e-180,1.5269638991199846e-14,49.906907780652446
308.0,0.0,49.734328498428084,0.0,49.73432849842864,49.57487656526236,49.57487656526234,49.574876565252836,49.57487656525284,49.732001192944104,49.73200119294521,49.57312467242026,49.57312467242025,49.57312467241043,49.573124672410465,0.4500000000202924,0.4499999999892106,49.736655803912065,49.81381556130506,0.4499999999581312,0.44999999995640116,0.4500000000676162,0.4500000000661142,0.4500000000035276,0.45,1.9909275051712545e-180,1.5269638991158525e-14,49.90690778065254
309.0,0.0,49.73432849842822,0.0,49.73432849842819,49.5748765652612,49.574876565261185,49.57487656525424,49.574876565254236,49.73200119294453,49.73200119294447,49.57312467241906,49.57312467241906,49.573124672411915,49.57312467241188,0.4500000000188943,0.44999999998621865,49.7366558039119,49.8138155613051,0.44999999996983325,0.4499999999677529,0.45000000005477,0.45000000005123825,0.45000000000253226,0.45,1.7785395194345334e-181,1.526963899112928e-14,49.906907780652546
310.0,0.0,49.73432849842833,0.0,49.734328498427615,49.574876565260624,49.57487656526062,49.57487656525493,49.57487656525488,49.732001192945006,49.73200119294356,49.57312467241846,49.57312467241846,49.57312467241268,49.573124672412575,0.4500000000187409,0.4499999999833934,49.73665580391165,49.813815561305034,0.44999999997831946,0.4499999999768069,0.4500000000450869,0.4500000000407699,0.45000000000179335,0.45,-1.2458669513387891e-180,1.5269638991107363e-14,49.906907780652524
311.0,0.0,49.734328498427956,0.0,49.73432849842743,49.57487656526057,49.57487656526055,49.57487656525506,49.574876565255,49.73200119294454,49.73200119294346,49.573124672418366,49.573124672418366,49.573124672412824,49.57312467241271,0.4500000000216973,0.4499999999815914,49.73665580391138,49.813815561304935,0.4499999999685243,0.44999999996666556,0.4500000000526834,0.450000000047651,0.45000000000124274,0.45,-1.3078466049339946e-182,1.5269638991088986e-14,49.906907780652475
312.0,0.0,49.734328498427104,0.0,49.73432849842777,49.57487656525853,49.57487656525852,49.574876565256865,49.57487656525691,49.732001192943066,49.73200119294441,49.57312467241641,49.573124672416405,49.57312467241455,49.57312467241461,0.4500000000180855,0.4499999999834734,49.73665580391113,49.813815561304814,0.4499999999569887,0.44999999995621,0.45000000005677643,0.4500000000514133,0.45000000000087204,0.45,3.576402355361756e-183,1.526963899107821e-14,49.9069077806524
313.0,0.0,49.734328498426585,0.0,49.73432849842777,49.574876565256204,49.5748765652562,49.57487656525893,49.574876565259,49.73200119294229,49.73200119294468,49.573124672414124,49.57312467241412,49.57312467241658,49.5731246724167,0.45000000001394613,0.44999999998707063,49.73665580391087,49.81381556130468,0.4499999999620325,0.4499999999615288,0.4500000000485169,0.45000000004439766,0.4500000000006092,0.45,4.054297044940957e-183,1.526963899107011e-14,49.90690778065234
314.0,0.0,49.734328498426166,0.0,49.734328498427665,49.57487656525331,49.574876565253305,49.57487656526155,49.574876565261604,49.73200119294172,49.73200119294473,49.57312467241123,49.57312467241122,49.57312467241919,49.573124672419304,0.45000000000825857,0.449999999992884,49.736655803910615,49.81381556130453,0.4499999999780372,0.4499999999777866,0.4500000000318347,0.4500000000287252,0.4500000000004087,0.45,-4.112838926450803e-183,1.5269638991063572e-14,49.90690778065227
315.0,0.0,49.73432849842566,0.0,49.734328498427715,49.574876565249575,49.57487656524957,49.574876565264994,49.57487656526504,49.732001192940935,49.73200119294505,49.57312467240749,49.57312467240747,49.57312467242265,49.57312467242275,0.45000000000278007,0.44999999999863616,49.73665580391038,49.813815561304395,0.4499999999997831,0.44999999999974943,0.450000000009862,0.45000000000731405,0.4500000000002251,0.45,-1.3393062504661963e-182,1.5269638991057488e-14,49.906907780652205
316.0,0.0,49.73432849842526,0.0,49.7343284984277,49.57487656524579,49.57487656524577,49.57487656526852,49.57487656526857,49.73200119294034,49.73200119294523,49.573124672403644,49.57312467240363,49.573124672426225,49.573124672426324,0.4500000000148911,0.4499999999861663,49.73665580391018,49.81381556130428,0.45000000002894486,0.45000000002809076,0.4499999999781738,0.44999999997746437,0.45000000000003837,0.45,-1.2610769240784366e-182,1.5269638991051733e-14,49.90690778065214
317.0,0.0,49.73432849842648,0.0,49.73432849842608,49.57487656524818,49.57487656524818,49.574876565265825,49.57487656526584,49.732001192942995,49.73200119294219,49.57312467240583,49.57312467240583,49.57312467242376,49.57312467242378,0.45000000001371837,0.44999999998600887,49.73665580390999,49.81381556130414,0.4500000000647348,0.4500000000647258,0.4499999999388952,0.4499999999382675,0.45000000000000484,0.45,3.7823872295571375e-183,1.526963899105152e-14,49.90690778065207
318.0,0.0,49.73432849842658,0.0,49.734328498425626,49.57487656525061,49.57487656525061,49.57487656526308,49.57487656526309,49.73200119294336,49.732001192941446,49.57312467240823,49.57312467240822,49.57312467242108,49.57312467242107,0.4500000000129079,0.44999999998665446,49.736655803909805,49.81381556130401,0.4500000000625892,0.4500000000625073,0.4499999999402925,0.44999999993924034,0.4500000000000003,0.45,5.706761599746102e-183,1.5269638991051477e-14,49.90690778065201
319.0,0.0,49.73432849842607,0.0,49.734328498425796,49.57487656525265,49.57487656525265,49.574876565260745,49.574876565260745,49.732001192942505,49.73200119294195,49.573124672410316,49.57312467241031,49.5731246724187,49.5731246724187,0.4500000000127728,0.4499999999871808,49.736655803909635,49.813815561303905,0.45000000004280044,0.4500000000426176,0.4499999999601602,0.4499999999590851,0.4500000000000087,0.45,7.468982318452412e-184,1.5269638991051493e-14,49.906907780651956
320.0,0.0,49.7343284984255,0.0,49.73432849842608,49.57487656525387,49.57487656525386,49.57487656525925,49.57487656525927,49.73200119294151,49.732001192942676,49.57312467241161,49.5731246724116,49.573124672417116,49.57312467241715,0.4500000000133527,0.4499999999869394,49.73665580390949,49.8138155613038,0.45000000002608964,0.4500000000258101,0.4499999999773054,0.44999999997549084,0.4500000000000143,0.45,-3.5126585120827657e-183,1.526963899105145e-14,49.906907780651906
321.0,0.0,49.734328498425455,0.0,49.7343284984259,49.57487656525417,49.57487656525416,49.57487656525871,49.574876565258734,49.73200119294154,49.732001192942434,49.57312467241194,49.57312467241192,49.57312467241654,49.57312467241659,0.4500000000147827,0.44999999998533,49.73665580390939,49.813815561303734,0.4500000000327851,0.4500000000316922,0.4499999999701221,0.4499999999683132,0.449999999999986,0.45,-6.399684834894533e-184,1.5269638991050688e-14,49.90690778065187
322.0,0.0,49.73432849842587,0.0,49.73432849842535,49.574876565255735,49.574876565255735,49.57487656525693,49.57487656525692,49.73200119294243,49.732001192941375,49.57312467241345,49.57312467241345,49.57312467241482,49.573124672414814,0.45000000001255225,0.44999999998755746,49.736655803909315,49.81381556130368,0.45000000003861906,0.4500000000384595,0.4499999999629888,0.449999999961888,0.44999999999993956,0.45,1.9725907872509508e-184,1.5269638991049246e-14,49.90690778065185
323.0,0.0,49.7343284984259,0.0,49.734328498425086,49.574876565257085,49.574876565257085,49.57487656525534,49.574876565255316,49.73200119294262,49.73200119294096,49.57312467241481,49.573124672414814,49.573124672413236,49.5731246724132,0.45000000001005264,0.44999999998989054,49.7366558039092,49.81381556130359,0.450000000031023,0.45000000003066803,0.4499999999710074,0.44999999996951096,0.4499999999999794,0.45,2.845246453787474e-184,1.526963899105057e-14,49.9069077806518
324.0,0.0,49.7343284984258,0.0,49.734328498424986,49.57487656525843,49.574876565258435,49.574876565253795,49.57487656525378,49.73200119294251,49.732001192940864,49.57312467241618,49.57312467241619,49.573124672411666,49.57312467241164,0.45000000000690593,0.4499999999931,49.7366558039091,49.81381556130352,0.45000000001693924,0.4500000000164361,0.4499999999853591,0.4499999999843505,0.45000000000001694,0.45,2.5040143626255368e-185,1.5269638991051726e-14,49.906907780651764
325.0,0.0,49.73432849842577,0.0,49.734328498424894,49.57487656525999,49.57487656525999,49.57487656525215,49.57487656525214,49.73200119294251,49.73200119294074,49.57312467241776,49.57312467241777,49.57312467240998,49.573124672409975,0.45000000000218804,0.44999999999850265,49.736655803909045,49.813815561303485,0.4500000000036876,0.45000000000350476,0.44999999999881923,0.4499999999979807,0.4499999999999633,0.45,-1.7798249937763225e-184,1.5269638991049773e-14,49.90690778065174
326.0,0.0,49.73432849842591,0.0,49.734328498424865,49.57487656526157,49.574876565261576,49.574876565250705,49.574876565250705,49.73200119294272,49.73200119294062,49.573124672419326,49.57312467241933,49.57312467240855,49.57312467240854,0.4500000000042938,0.449999999997963,49.7366558039091,49.81381556130358,0.4499999999948474,0.449999999994217,0.45000000000552853,0.45000000000527496,0.4499999999996457,0.45,-3.8267765693532497e-187,1.5269638991039164e-14,49.90690778065179
327.0,0.0,49.734328498425555,0.0,49.73432849842545,49.5748765652608,49.5748765652608,49.57487656525163,49.57487656525166,49.73200119294189,49.73200119294167,49.573124672418665,49.573124672418665,49.573124672409435,49.573124672409435,0.450000000005842,0.44999999999732215,49.736655803909215,49.813815561303755,0.44999999997563533,0.4499999999756059,0.4500000000172355,0.45000000001309304,0.44999999999909684,0.45,1.1795368678730593e-187,1.5269638991021488e-14,49.90690778065187
328.0,0.0,49.7343284984256,0.0,49.73432849842551,49.57487656526013,49.574876565260126,49.57487656525216,49.57487656525218,49.73200119294192,49.73200119294174,49.57312467241803,49.57312467241802,49.573124672409946,49.573124672409946,0.4500000000079002,0.44999999999690965,49.73665580390928,49.81381556130387,0.44999999997091356,0.44999999997022244,0.4500000000189259,0.4500000000152422,0.44999999999871754,0.45,1.7013529172480215e-187,1.5269638991008894e-14,49.90690778065193
329.0,0.0,49.73432849842613,0.0,49.734328498425505,49.57487656525982,49.57487656525982,49.574876565252495,49.574876565252524,49.73200119294272,49.732001192941446,49.57312467241772,49.57312467241772,49.57312467241031,49.573124672410316,0.45000000001286544,0.44999999999631124,49.73665580390956,49.813815561304224,0.44999999996866613,0.449999999968571,0.4500000000164902,0.4500000000111135,0.4499999999978061,0.45,1.4973086547650908e-188,1.5269638990978504e-14,49.906907780652105
330.0,0.0,49.73432849842725,0.0,49.734328498425874,49.574876565260126,49.57487656526012,49.574876565252815,49.57487656525289,49.73200119294417,49.73200119294142,49.57312467241803,49.57312467241803,49.57312467241071,49.57312467241075,0.450000000021495,0.4499999999967528,49.73665580391034,49.81381556130513,0.44999999995939977,0.4499999999586324,0.4500000000146236,0.4500000000012935,0.4499999999956611,0.45,-1.0642700007365939e-187,1.5269638990907428e-14,49.90690778065257
331.0,0.0,49.73432849842784,0.0,49.73432849842659,49.57487656526068,49.57487656526067,49.57487656525078,49.574876565250854,49.732001192944686,49.73200119294218,49.57312467241861,49.57312467241861,49.573124672408746,49.57312467240879,0.4500000000233598,0.44999999998799567,49.73665580391101,49.81381556130614,0.4499999999446341,0.44999999994365864,0.45000000003352386,0.450000000018645,0.4499999999923352,0.45,-1.6508320296228732e-190,1.5269638990805015e-14,49.906907780653064
332.0,0.0,49.734328498425526,0.0,49.73432849842607,49.57487656525857,49.57487656525856,49.57487656524786,49.57487656524784,49.732001192941546,49.73200119294265,49.57312467241649,49.573124672416476,49.57312467240552,49.57312467240554,0.4500000000095774,0.4499999999788711,49.73665580390952,49.81381556130486,0.4499999999578696,0.4499999999577075,0.45000000007789465,0.4500000000713865,0.44999999999352275,0.45,9.274169320688473e-191,1.5269638990849065e-14,49.90690778065243
333.0,0.0,49.73432849842782,0.0,49.73432849842799,49.574876565257426,49.574876565257405,49.57487656525405,49.57487656525415,49.73200119294383,49.73200119294417,49.57312467241537,49.57312467241532,49.573124672411566,49.573124672411744,0.45000000004532664,0.450000000016551,49.73665580391183,49.813815561307145,0.44999999995119694,0.449999999950145,0.45000000004875795,0.4500000000447001,0.4499999999905998,0.45,-6.386890196124839e-191,1.5269638990722724e-14,49.90690778065356
334.0,0.0,49.73432849842829,0.0,49.73432849842866,49.57487656525524,49.57487656525523,49.574876565255295,49.574876565255316,49.73200119294434,49.73200119294508,49.57312467241313,49.573124672413115,49.57312467241293,49.57312467241299,0.45000000000775237,0.4499999999838746,49.73665580391226,49.81381556130764,0.44999999997176543,0.44999999997095874,0.4500000000370579,0.45000000003550894,0.44999999998832146,0.45,-4.364288667326801e-194,1.5269638990684275e-14,49.90690778065383
335.0,0.0,49.73432849842713,0.0,49.73432849842774,49.574876565253604,49.57487656525361,49.57487656525691,49.57487656525685,49.73200119294324,49.732001192944445,49.57312467241144,49.57312467241146,49.57312467241463,49.57312467241455,0.4499999999810202,0.4499999999611141,49.736655803911034,49.813815561306264,0.4499999999855943,0.4499999999855268,0.45000000002588464,0.45000000002347035,0.4499999999907172,0.45,1.318705858817621e-193,1.526963899078448e-14,49.906907780653135
336.0,0.0,49.73432849842576,0.0,49.73432849842669,49.57487656525256,49.57487656525257,49.574876565258705,49.57487656525857,49.73200119294171,49.73200119294357,49.57312467241035,49.573124672410394,49.57312467241647,49.573124672416235,0.44999999998505186,0.44999999997223555,49.73665580390982,49.81381556130493,0.44999999999488366,0.44999999999455104,0.45000000002209667,0.4500000000216852,0.44999999999389506,0.45,7.369455344307643e-194,1.526963899087688e-14,49.906907780652475
337.0,0.0,49.73432849842371,0.0,49.7343284984252,49.574876565250996,49.574876565251024,49.57487656526127,49.57487656526104,49.73200119293932,49.73200119294231,49.573124672408774,49.57312467240883,49.57312467241906,49.5731246724186,0.4499999999924108,0.4499999999919171,49.736655803908086,49.81381556130307,0.45000000000522317,0.4500000000051185,0.4500000000226495,0.45000000001721707,0.4499999999982757,0.45,-4.6336646134160796e-194,1.526963899100072e-14,49.906907780651544
338.0,0.0,49.734328498420474,0.0,49.73432849842294,49.57487656524779,49.574876565247834,49.5748765652652,49.5748765652648,49.73200119293563,49.73200119294055,49.573124672405584,49.57312467240566,49.57312467242302,49.573124672422225,0.44999999999572,0.44999999997477796,49.736655803905315,49.81381556130011,0.45000000002353857,0.4500000000229798,0.4500000000168671,0.4500000000047612,0.45000000000428,0.45,-5.638867499478571e-194,1.5269638991195223e-14,49.90690778065007
339.0,0.0,49.734328498421355,0.0,49.73432849842195,49.57487656524756,49.574876565247564,49.57487656526492,49.57487656526485,49.73200119293735,49.732001192938526,49.5731246724053,49.573124672405314,49.57312467242285,49.5731246724227,0.4500000000178915,0.4499999999878695,49.73665580390537,49.813815561300075,0.4500000000427296,0.45000000004129775,0.4499999999446544,0.4499999999294379,0.45000000000505797,0.45,-2.6096843079884156e-197,1.5269638991208615e-14,49.90690778065003
340.0,0.0,49.734328498422904,0.0,49.73432849842196,49.574876565249774,49.57487656524977,49.57487656526192,49.574876565262116,49.73200119293958,49.73200119293767,49.573124672407474,49.57312467240744,49.573124672419894,49.5731246724203,0.45000000003326485,0.45000000000445567,49.736655803906245,49.81381556130094,0.4500000000443589,0.4500000000442268,0.4499999999109629,0.4499999998979735,0.45000000000382095,0.45,7.885376630405774e-197,1.5269638991157642e-14,49.906907780650464
341.0,0.0,49.73432849842351,0.0,49.734328498422705,49.574876565251756,49.57487656525175,49.57487656525902,49.57487656525922,49.732001192940075,49.73200119293849,49.57312467240947,49.573124672409435,49.57312467241703,49.57312467241742,0.4500000000288786,0.45000000000170953,49.736655803906935,49.81381556130164,0.45000000003845747,0.4500000000380762,0.44999999992416034,0.4499999999131699,0.45000000000246987,0.45,4.406663590747848e-197,1.5269638991117814e-14,49.90690778065082
342.0,0.0,49.73432849842514,0.0,49.73432849842517,49.57487656525349,49.5748765652535,49.57487656525593,49.574876565256,49.73200119294124,49.73200119294132,49.57312467241121,49.57312467241122,49.57312467241401,49.57312467241416,0.450000000025418,0.4500000000005551,49.73665580390903,49.813815561303755,0.45000000003150037,0.45000000003085866,0.44999999993730555,0.4499999999281129,0.44999999999858337,0.45,-2.770761228995049e-197,1.5269638990996998e-14,49.90690778065188
343.0,0.0,49.73432849842984,0.0,49.734328498430344,49.574876565254954,49.574876565254954,49.57487656525235,49.57487656525233,49.73200119294548,49.73200119294651,49.57312467241266,49.573124672412696,49.573124672410636,49.5731246724106,0.45000000004384116,0.45000000002164414,49.73665580391418,49.81381556130891,0.4500000000315564,0.4500000000289929,0.4499999999034573,0.4499999998958881,0.44999999998974016,0.45,-3.3718356308557307e-197,1.526963899070307e-14,49.90690778065446
344.0,0.0,49.734328498432056,0.0,49.73432849843192,49.574876565255806,49.574876565255806,49.574876565250776,49.57487656525082,49.73200119294832,49.73200119294806,49.573124672413506,49.5731246724135,49.57312467240872,49.573124672408795,0.45000000000602214,0.4499999999855453,49.73665580391581,49.81381556131041,0.45000000003915086,0.4500000000378833,0.4499999999937482,0.4499999999873957,0.44999999998673973,0.45,-1.5604954892549052e-200,1.5269638990635507e-14,49.9069077806552
345.0,0.0,49.73432849843116,0.0,49.73432849843045,49.57487656525743,49.574876565257426,49.57487656525043,49.57487656525053,49.73200119294799,49.732001192946555,49.57312467241513,49.5731246724151,49.573124672408056,49.57312467240827,0.44999999997770246,0.44999999996251905,49.73665580391434,49.81381556130888,0.4500000000327168,0.4500000000325671,0.4500000000562158,0.4500000000521503,0.4499999999892335,0.45,4.715165978172555e-200,1.5269638990731565e-14,49.90690778065443
346.0,0.0,49.73432849843079,0.0,49.73432849842953,49.574876565259565,49.574876565259544,49.574876565249504,49.57487656524967,49.73200119294786,49.73200119294533,49.573124672417336,49.573124672417286,49.57312467240715,49.57312467240749,0.4499999999907055,0.449999999983842,49.736655803913735,49.81381556130831,0.45000000000333146,0.45000000000287127,0.4500000000297947,0.4500000000287434,0.4499999999905597,0.45,2.6350231845319454e-200,1.526963899075746e-14,49.90690778065416
347.0,0.0,49.73432849843152,0.0,49.734328498429484,49.57487656526135,49.574876565261334,49.57487656524761,49.574876565247855,49.732001192948815,49.73200119294473,49.57312467241934,49.573124672419304,49.573124672405335,49.573124672405854,0.4500000000206246,0.45000000001157187,49.73665580391423,49.8138155613089,0.44999999994390927,0.44999999994287454,0.4499999999953106,0.4499999999914285,0.44999999998992923,0.45,-1.6568135795753122e-200,1.5269638990711825e-14,49.90690778065446
348.0,0.0,49.73432849843393,0.0,49.734328498430585,49.574876565261974,49.574876565261945,49.5748765652443,49.5748765652447,49.73200119295176,49.7320011929451,49.573124672420384,49.57312467242034,49.573124672402,49.573124672402805,0.4500000000417915,0.4500000000090285,49.73665580391608,49.81381556131082,0.4499999998470112,0.4499999998470092,0.4500000000295886,0.45000000001845986,0.44999999998655305,0.45,-2.016234023547802e-200,1.5269638990593288e-14,49.90690778065542
349.0,0.0,49.7343284984321,0.0,49.73432849843136,49.574876565259764,49.57487656525976,49.574876565245184,49.57487656524527,49.73200119294879,49.732001192947315,49.57312467241795,49.57312467241792,49.57312467240276,49.57312467240293,0.45000000001352747,0.4499999999682649,49.73665580391541,49.81381556131015,0.44999999993929457,0.4499999999380874,0.450000000098504,0.45000000008438784,0.44999999998652057,0.45,-9.331190552836631e-204,1.5269638990630408e-14,49.90690778065508
350.0,0.0,49.7343284984292,0.0,49.73432849843055,49.574876565257306,49.57487656525732,49.57487656524913,49.57487656524895,49.73200119294493,49.73200119294764,49.573124672415126,49.57312467241513,49.57312467240669,49.573124672406315,0.44999999999926693,0.44999999995666035,49.73665580391348,49.813815561308175,0.45000000001557855,0.45000000001416046,0.4500000001038154,0.45000000009218727,0.4499999999897259,0.45,2.8194962708213354e-203,1.526963899074904e-14,49.90690778065408
351.0,0.0,49.73432849842806,0.0,49.734328498429164,49.574876565255636,49.574876565255636,49.5748765652528,49.57487656525262,49.73200119294389,49.732001192946115,49.573124672413414,49.57312467241343,49.57312467241038,49.573124672409996,0.45000000000576007,0.4499999999675179,49.73665580391224,49.81381556130687,0.4499999999913968,0.4499999999909959,0.4500000000861209,0.45000000007690505,0.4499999999926149,0.45,1.575647185577698e-203,1.5269638990830738e-14,49.90690778065343
352.0,0.0,49.734328498427786,0.0,49.73432849842773,49.57487656525481,49.574876565254804,49.57487656525582,49.574876565255764,49.73200119294414,49.732001192944026,49.57312467241265,49.57312467241266,49.573124672413414,49.57312467241328,0.4500000000183183,0.449999999983294,49.73665580391143,49.81381556130605,0.44999999994365664,0.4499999999433753,0.4500000000651626,0.4500000000576274,0.4499999999947114,0.45,-9.907137610233676e-204,1.5269638990880354e-14,49.90690778065303
353.0,0.0,49.73432849842747,0.0,49.73432849842676,49.574876565254876,49.57487656525486,49.57487656525781,49.57487656525783,49.73200119294414,49.732001192942676,49.573124672412746,49.573124672412725,49.5731246724154,49.573124672415446,0.4500000000217064,0.4499999999869914,49.73665580391082,49.8138155613055,0.4499999999477414,0.44999999994760453,0.4500000000606832,0.4500000000534402,0.4499999999955391,0.45,-1.2056340189906458e-203,1.5269638990902736e-14,49.90690778065275
354.0,0.0,49.73432849842649,0.0,49.73432849842671,49.57487656525451,49.57487656525451,49.57487656525849,49.57487656525845,49.7320011929427,49.73200119294313,49.57312467241235,49.57312467241235,49.5731246724162,49.57312467241613,0.4500000000130471,0.449999999981188,49.73665580391029,49.81381556130496,0.449999999969633,0.449999999968938,0.45000000003967544,0.45000000003315477,0.4499999999961807,0.45,-5.579768866550024e-207,1.5269638990932753e-14,49.90690778065249
355.0,0.0,49.73432849842562,0.0,49.734328498426684,49.57487656525312,49.574876565253135,49.574876565259984,49.57487656525988,49.7320011929414,49.73200119294353,49.573124672410984,49.57312467241101,49.5731246724178,49.5731246724176,0.45000000000854656,0.4499999999835057,49.73665580390984,49.81381556130447,0.44999999996755635,0.4499999999665203,0.4500000000147981,0.4500000000095703,0.4499999999971937,0.45,1.685973237807718e-206,1.5269638990966618e-14,49.90690778065224
356.0,0.0,49.73432849842511,0.0,49.73432849842691,49.57487656525065,49.57487656525067,49.57487656526196,49.57487656526179,49.73200119294051,49.732001192944125,49.57312467240855,49.573124672408575,49.5731246724199,49.573124672419574,0.4500000000038902,0.44999999999113705,49.736655803909706,49.81381556130426,0.44999999997530715,0.44999999997435913,0.4499999999846356,0.44999999998254947,0.449999999998013,0.45,9.421892232079544e-207,1.5269638990991012e-14,49.906907780652126
357.0,0.0,49.7343284984251,0.0,49.734328498427935,49.57487656524648,49.574876565246505,49.57487656526355,49.574876565263295,49.73200119293999,49.73200119294565,49.57312467240441,49.57312467240446,49.5731246724218,49.57312467242128,0.4500000000043758,0.4499999999954821,49.73665580391022,49.81381556130454,0.4499999999921105,0.4499999999917268,0.4499999999232313,0.44999999992005985,0.44999999999862567,0.45,-5.924167606726267e-207,1.526963899100811e-14,49.90690778065227
358.0,0.0,49.734328498425725,0.0,49.73432849843028,49.574876565240004,49.574876565240054,49.57487656526388,49.57487656526348,49.732001192939755,49.73200119294886,49.57312467239799,49.573124672398066,49.57312467242273,49.57312467242191,0.45000000002351603,0.44999999997972606,49.736655803911695,49.81381556130552,0.4500000000175903,0.45000000001749757,0.4499999998031532,0.44999999979154426,0.44999999999901885,0.45,-7.209325440523646e-207,1.5269638991020083e-14,49.90690778065276
359.0,0.0,49.7343284984274,0.0,49.73432849842842,49.574876565239876,49.57487656523988,49.574876565260496,49.57487656526042,49.7320011929432,49.73200119294524,49.57312467239754,49.573124672397554,49.57312467241888,49.57312467241871,0.45000000003029617,0.4499999999690971,49.736655803911596,49.8138155613054,0.450000000107839,0.45000000010620256,0.44999999991551126,0.4499999999004011,0.44999999999927376,0.45,-3.3364969194927236e-210,1.5269638991028786e-14,49.90690778065271
360.0,0.0,49.73432849842815,0.0,49.73432849842631,49.57487656524482,49.57487656524481,49.57487656525686,49.57487656525705,49.73200119294539,49.732001192941695,49.57312467240225,49.57312467240222,49.573124672414664,49.57312467241504,0.45000000002754387,0.4499999999697441,49.736655803910914,49.81381556130488,0.45000000014163366,0.4500000001408688,0.4500000000151129,0.45000000000200685,0.44999999999948137,0.45,1.0081500952512958e-209,1.5269638991035192e-14,49.906907780652446
361.0,0.0,49.734328498427885,0.0,49.73432849842636,49.57487656524963,49.57487656524962,49.57487656525451,49.574876565254705,49.73200119294496,49.732001192941915,49.57312467240707,49.57312467240704,49.57312467241224,49.573124672412625,0.45000000002575097,0.4499999999727324,49.736655803910814,49.81381556130479,0.4500000001109084,0.4500000001103332,0.44999999998717416,0.4499999999764975,0.44999999999963103,0.45,5.633945627493858e-210,1.5269638991039805e-14,49.906907780652396
362.0,0.0,49.73432849842718,0.0,49.734328498427224,49.574876565253454,49.574876565253454,49.57487656525341,49.57487656525347,49.73200119294347,49.73200119294356,49.573124672411026,49.57312467241101,49.57312467241127,49.5731246724114,0.45000000002478124,0.44999999997605755,49.73665580391089,49.81381556130483,0.4500000000633268,0.4500000000631715,0.4499999999277371,0.44999999992018735,0.4499999999997359,0.45,-3.542434721426395e-210,1.526963899104304e-14,49.90690778065241
363.0,0.0,49.73432849842659,0.0,49.734328498427516,49.574876565255465,49.574876565255465,49.574876565253476,49.574876565253454,49.73200119294243,49.73200119294431,49.57312467241316,49.57312467241316,49.573124672411396,49.57312467241135,0.45000000002531687,0.4499999999768958,49.73665580391075,49.81381556130473,0.45000000004774804,0.4500000000467645,0.44999999993483597,0.44999999992739836,0.4499999999998093,0.45,-4.310911921124153e-210,1.5269638991045302e-14,49.90690778065236
364.0,0.0,49.73432849842715,0.0,49.734328498426805,49.57487656525696,49.57487656525696,49.57487656525285,49.57487656525289,49.73200119294363,49.73200119294294,49.57312467241466,49.57312467241464,49.57312467241069,49.57312467241077,0.4500000000221064,0.4499999999780293,49.73665580391067,49.81381556130465,0.45000000005654756,0.45000000005649105,0.4499999999642527,0.44999999995760137,0.4499999999998627,0.45,-1.9951026574806417e-213,1.526963899104695e-14,49.90690778065233
365.0,0.0,49.73432849842743,0.0,49.73432849842628,49.57487656525903,49.574876565259025,49.57487656525171,49.57487656525179,49.73200119294431,49.73200119294201,49.57312467241672,49.5731246724167,49.57312467240952,49.57312467240969,0.45000000001758994,0.4499999999813579,49.736655803910544,49.81381556130456,0.4500000000492144,0.4500000000489636,0.4499999999677696,0.4499999999629687,0.449999999999902,0.45,6.028367424601212e-213,1.526963899104816e-14,49.906907780652276
366.0,0.0,49.734328498427246,0.0,49.73432849842591,49.57487656526111,49.57487656526111,49.57487656525058,49.574876565250676,49.73200119294422,49.73200119294155,49.573124672418814,49.5731246724188,49.57312467240836,49.57312467240855,0.4500000000125642,0.4499999999864522,49.73665580391027,49.81381556130437,0.450000000035711,0.450000000035569,0.449999999982345,0.4499999999791204,0.44999999999993023,0.45,3.3688926334220555e-213,1.526963899104903e-14,49.90690778065218
367.0,0.0,49.7343284984271,0.0,49.73432849842567,49.57487656526333,49.57487656526333,49.574876565249,49.5748765652491,49.732001192944104,49.732001192941254,49.573124672421066,49.57312467242106,49.57312467240676,49.57312467240697,0.45000000000615836,0.4499999999931076,49.73665580391008,49.81381556130423,0.4500000000156473,0.4500000000154804,0.44999999999826623,0.44999999999775864,0.44999999999995005,0.45,-2.118245901975571e-213,1.5269638991049644e-14,49.90690778065211
368.0,0.0,49.734328498427445,0.0,49.73432849842552,49.57487656526581,49.574876565265804,49.574876565246534,49.57487656524666,49.73200119294468,49.73200119294082,49.573124672423596,49.57312467242358,49.573124672404305,49.573124672404546,0.4500000000022116,0.44999999999640944,49.73665580391021,49.81381556130431,0.44999999998826895,0.44999999998823564,0.45000000000859297,0.45000000000781304,0.449999999999964,0.45,-2.577767052549084e-213,1.5269638991050073e-14,49.906907780652155
369.0,0.0,49.7343284984258,0.0,49.73432849842522,49.574876565265164,49.574876565265164,49.57487656524641,49.574876565246456,49.73200119294241,49.73200119294125,49.57312467242306,49.57312467242306,49.573124672404134,49.57312467240422,0.45000000000363427,0.4499999999883739,49.736655803909194,49.813815561303194,0.4499999999645554,0.44999999996402584,0.45000000003844215,0.4500000000370609,0.45000000000229323,0.45,-1.1929981384047683e-216,1.5269638991127908e-14,49.9069077806516
370.0,0.0,49.734328498424915,0.0,49.73432849842545,49.5748765652629,49.574876565262905,49.57487656524864,49.574876565248616,49.732001192940984,49.73200119294206,49.57312467242085,49.57312467242086,49.573124672406315,49.573124672406244,0.4500000000037377,0.4499999999883348,49.73665580390884,49.8138155613029,0.4499999999593204,0.44999999995829243,0.4500000000545442,0.45000000005316976,0.4500000000025298,0.45,3.604742386839018e-216,1.5269638991135885e-14,49.90690778065145
371.0,0.0,49.73432849842505,0.0,49.73432849842543,49.57487656526087,49.57487656526088,49.5748765652509,49.574876565250854,49.732001192941205,49.73200119294196,49.57312467241884,49.57312467241884,49.57312467240855,49.573124672408476,0.4500000000023696,0.44999999998659324,49.736655803908896,49.81381556130301,0.44999999996202805,0.4499999999608854,0.45000000004793494,0.4500000000453416,0.450000000002078,0.45,2.014474105047493e-216,1.5269638991122916e-14,49.90690778065151
372.0,0.0,49.7343284984243,0.0,49.73432849842397,49.57487656525901,49.57487656525901,49.574876565252445,49.57487656525244,49.73200119294086,49.73200119294023,49.57312467241697,49.57312467241696,49.57312467241011,49.57312467241011,0.44999999999101237,0.44999999997510864,49.73665580390773,49.81381556130167,0.449999999962904,0.44999999996221957,0.45000000003182433,0.4500000000295417,0.4500000000048501,0.45,-1.2666332772691773e-216,1.5269638991221994e-14,49.90690778065083
373.0,0.0,49.73432849842072,0.0,49.73432849841992,49.5748765652572,49.57487656525719,49.57487656525254,49.57487656525256,49.732001192937716,49.73200119293613,49.57312467241519,49.57312467241517,49.57312467241028,49.57312467241033,0.4499999999630597,0.4499999999439288,49.736655803903716,49.81381556129707,0.44999999995257217,0.44999999995231216,0.4500000000218138,0.45000000001934454,0.4500000000147581,0.45,-1.5414100536008286e-216,1.5269638991566114e-14,49.90690778064854
374.0,0.0,49.734328498419096,0.0,49.73432849841907,49.574876565256005,49.574876565256005,49.57487656525257,49.57487656525257,49.73200119293547,49.73200119293543,49.57312467241397,49.57312467241397,49.573124672410394,49.57312467241039,0.4500000000170932,0.44999999999655765,49.736655803902714,49.81381556129599,0.44999999996424633,0.4499999999638442,0.450000000021655,0.45000000002014856,0.45000000001868906,0.45,-7.133690156916438e-220,1.526963899163884e-14,49.90690778064799
375.0,0.0,49.73432849842019,0.0,49.73432849842082,49.57487656525461,49.57487656525462,49.574876565254,49.57487656525397,49.732001192936025,49.7320011929373,49.57312467241253,49.57312467241253,49.57312467241181,49.57312467241175,0.45000000004885443,0.4500000000311687,49.736655803904355,49.81381556129785,0.4499999999813439,0.44999999998076934,0.4500000000182415,0.4500000000167944,0.45000000001533746,0.45,2.155503387198414e-219,1.5269638991501e-14,49.90690778064893
376.0,0.0,49.734328498420716,0.0,49.734328498421725,49.574876565252914,49.57487656525292,49.574876565255586,49.574876565255536,49.732001192936444,49.73200119293844,49.57312467241079,49.57312467241079,49.57312467241342,49.573124672413336,0.4500000000227856,0.4500000000101787,49.73665580390501,49.81381556129851,0.4499999999964268,0.44999999999600593,0.450000000002582,0.45000000000076745,0.4500000000133098,0.45,1.2045814349602601e-219,1.5269638991462344e-14,49.906907780649256
377.0,0.0,49.73432849842008,0.0,49.73432849842152,49.57487656525133,49.57487656525133,49.57487656525666,49.57487656525659,49.73200119293577,49.73200119293865,49.573124672409094,49.573124672409094,49.573124672414636,49.57312467241453,0.4499999999778987,0.4499999999760112,49.7366558039044,49.813815561297716,0.45000000002684803,0.4500000000265463,0.44999999996400486,0.449999999962613,0.45000000001417867,0.45,-7.574001208167524e-220,1.5269638991532468e-14,49.906907780648865
378.0,0.0,49.73432849841764,0.0,49.73432849841997,49.57487656525024,49.57487656525024,49.57487656525654,49.57487656525644,49.73200119293304,49.73200119293768,49.5731246724078,49.57312467240781,49.57312467241484,49.573124672414664,0.4499999999683593,0.4499999999559368,49.73665580390226,49.81381556129523,0.4500000000897925,0.4500000000895504,0.4499999998924777,0.44999999989223743,0.4500000000195166,0.45,-9.217065285432467e-220,1.5269638991720974e-14,49.906907780647614
379.0,0.0,49.73432849841858,0.0,49.73432849841945,49.57487656525107,49.57487656525107,49.574876565255316,49.574876565255295,49.73200119293446,49.73200119293619,49.57312467240872,49.57312467240872,49.57312467241346,49.57312467241339,0.45000000002332974,0.45000000000170604,49.7366558039027,49.8138155612958,0.45000000004094015,0.4500000000406457,0.4499999999555036,0.4499999999523883,0.450000000019902,0.45,-4.265684434323142e-223,1.5269638991673614e-14,49.906907780647906
380.0,0.0,49.734328498420915,0.0,49.73432849842065,49.574876565252154,49.574876565252154,49.57487656525472,49.574876565254755,49.7320011929372,49.73200119293668,49.57312467240992,49.573124672409925,49.573124672412625,49.57312467241266,0.4500000000441769,0.4500000000187005,49.736655803904625,49.81381556129797,0.4500000000052875,0.45000000000495843,0.45000000000239854,0.4499999999980128,0.45000000001564033,0.45,1.2889118027097263e-222,1.526963899151367e-14,49.90690778064899
381.0,0.0,49.73432849842185,0.0,49.73432849842205,49.57487656525299,49.57487656525299,49.57487656525429,49.574876565254314,49.73200119293795,49.732001192938355,49.57312467241069,49.5731246724107,49.57312467241226,49.57312467241229,0.45000000003077234,0.4500000000019029,49.73665580390575,49.813815561299215,0.45000000004435337,0.45000000004383156,0.4499999999640556,0.4499999999604082,0.45000000001234974,0.45,7.202954515345348e-223,1.5269638991427234e-14,49.90690778064961
382.0,0.0,49.73432849842171,0.0,49.73432849842306,49.57487656525395,49.57487656525396,49.57487656525346,49.57487656525345,49.73200119293735,49.73200119294007,49.57312467241147,49.57312467241149,49.573124672411666,49.57312467241163,0.4500000000098854,0.449999999975609,49.73665580390607,49.813815561299556,0.4500000001133841,0.4500000001131281,0.4499999998915153,0.4499999998877805,0.45000000001072143,0.45,-4.528973693413532e-223,1.5269638991404458e-14,49.906907780649775
383.0,0.0,49.7343284984208,0.0,49.73432849842313,49.57487656525543,49.574876565255444,49.574876565251614,49.57487656525157,49.73200119293604,49.732001192940686,49.57312467241269,49.573124672412725,49.57312467241017,49.573124672410074,0.450000000007466,0.4499999999649337,49.73665580390558,49.81381556129904,0.4500000001684232,0.45000000016791414,0.4499999998342239,0.4499999998299299,0.45000000001144663,0.45,-5.511465323014059e-223,1.5269638991435507e-14,49.90690778064952
384.0,0.0,49.73432849842215,0.0,49.73432849842251,49.57487656525715,49.57487656525715,49.574876565250065,49.57487656525007,49.73200119293826,49.73200119293897,49.573124672414686,49.573124672414686,49.57312467240823,49.573124672408234,0.4500000000311004,0.4499999999845088,49.73665580390605,49.813815561299656,0.450000000063342,0.45000000006225954,0.44999999994548845,0.44999999994152207,0.4500000000105804,0.45,-2.55058623750619e-226,1.526963899138072e-14,49.906907780649824
385.0,0.0,49.73432849842388,0.0,49.73432849842268,49.57487656525899,49.57487656525898,49.57487656524879,49.57487656524883,49.7320011929407,49.732001192938306,49.57312467241678,49.57312467241675,49.5731246724066,49.573124672406685,0.45000000003553087,0.4499999999925318,49.736655803907055,49.81381556130082,0.44999999999996243,0.4499999999992792,0.450000000009787,0.4500000000071346,0.45000000000809487,0.45,7.706911004029219e-226,1.5269638991293433e-14,49.906907780650414
386.0,0.0,49.73432849842473,0.0,49.73432849842323,49.57487656526103,49.57487656526103,49.5748765652472,49.57487656524725,49.73200119294173,49.732001192938725,49.573124672418835,49.573124672418814,49.57312467240498,49.573124672405086,0.45000000002460183,0.44999999999118956,49.73665580390774,49.813815561301574,0.45000000001071266,0.4500000000104342,0.44999999999462453,0.44999999999307944,0.4500000000062,0.45,4.307018679634263e-226,1.5269638991240374e-14,49.90690778065078
387.0,0.0,49.73432849842524,0.0,49.73432849842369,49.574876565263054,49.574876565263054,49.57487656524556,49.57487656524562,49.732001192942306,49.732001192939215,49.57312467242085,49.57312467242084,49.57312467240339,49.573124672403495,0.45000000000809365,0.44999999998973755,49.736655803908164,49.813815561302015,0.4500000000231478,0.4500000000230965,0.44999999997669116,0.44999999997568996,0.45000000000504853,0.45,-2.707837062291505e-226,1.526963899121459e-14,49.906907780651004
388.0,0.0,49.73432849842592,0.0,49.73432849842358,49.574876565264866,49.574876565264866,49.574876565244175,49.57487656524424,49.73200119294342,49.732001192938746,49.57312467242278,49.57312467242277,49.57312467240184,49.57312467240199,0.4499999999977044,0.4499999999955138,49.73665580390842,49.81381556130222,0.4499999999649003,0.4499999999645609,0.45000000003249496,0.4500000000314821,0.4500000000047931,0.45,-3.295230073348527e-226,1.5269638991209132e-14,49.90690778065112
389.0,0.0,49.73432849842546,0.0,49.734328498424645,49.574876565264255,49.57487656526425,49.574876565245404,49.57487656524543,49.73200119294217,49.73200119294052,49.57312467242222,49.57312467242222,49.57312467240301,49.573124672403075,0.4500000000107188,0.44999999999619744,49.736655803908754,49.81381556130261,0.4499999999617957,0.44999999996114765,0.4500000000481271,0.4500000000468046,0.45000000000415963,0.45,-1.4909526173710515e-229,1.5269638991180276e-14,49.90690778065131
390.0,0.0,49.73432849842509,0.0,49.73432849842565,49.57487656526233,49.57487656526232,49.574876565248,49.574876565247976,49.7320011929411,49.73200119294219,49.57312467242025,49.57312467242024,49.57312467240565,49.57312467240563,0.4500000000136383,0.44999999999675805,49.736655803909095,49.813815561303045,0.449999999987636,0.4499999999873083,0.4500000000281746,0.45000000002627366,0.4500000000030663,0.45,4.498081567690377e-229,1.5269638991143102e-14,49.906907780651515
391.0,0.0,49.73432849842549,0.0,49.73432849842577,49.574876565260645,49.574876565260645,49.57487656525019,49.57487656525018,49.73200119294163,49.73200119294219,49.57312467241857,49.573124672418565,49.57312467240786,49.573124672407836,0.45000000001234053,0.4499999999945703,49.73665580390935,49.81381556130336,0.4499999999765168,0.4499999999760536,0.4500000000345132,0.4500000000336664,0.4500000000021528,0.45,2.509105713654532e-229,1.5269638991115984e-14,49.90690778065168
392.0,0.0,49.734328498426194,0.0,49.7343284984255,49.57487656525963,49.57487656525963,49.57487656525152,49.57487656525153,49.73200119294282,49.73200119294145,49.573124672417556,49.573124672417556,49.57312467240918,49.57312467240919,0.45000000001117824,0.44999999999079454,49.73665580390954,49.8138155613036,0.44999999995549195,0.4499999999551442,0.45000000004687213,0.45000000004644325,0.4500000000014316,0.45,-1.5952055592039488e-229,1.5269638991095906e-14,49.9069077806518
393.0,0.0,49.734328498426734,0.0,49.73432849842531,49.574876565259665,49.574876565259665,49.57487656525146,49.57487656525148,49.732001192943734,49.732001192940906,49.573124672417585,49.57312467241757,49.57312467240917,49.57312467240921,0.4500000000150507,0.44999999998604445,49.73665580390972,49.813815561303805,0.44999999995214873,0.44999999995180756,0.4500000000437859,0.4500000000432595,0.4500000000009152,0.45,-1.9521776306104407e-229,1.5269638991079848e-14,49.906907780651906
394.0,0.0,49.73432849842667,0.0,49.73432849842652,49.57487656525948,49.57487656525948,49.57487656525218,49.57487656525218,49.732001192943024,49.73200119294274,49.57312467241737,49.57312467241738,49.5731246724099,49.57312467240989,0.4500000000171762,0.44999999998605356,49.73665580391031,49.813815561304416,0.4499999999586098,0.44999999995817014,0.4500000000504749,0.45000000004944796,0.44999999999983675,0.45,-5.093274667643539e-232,1.5269638991044797e-14,49.906907780652205
395.0,0.0,49.73432849842564,0.0,49.73432849842655,49.57487656525672,49.57487656525672,49.574876565254314,49.57487656525429,49.73200119294147,49.73200119294331,49.57312467241463,49.57312467241463,49.573124672411986,49.573124672411964,0.4500000000145345,0.44999999998693957,49.73665580390981,49.81381556130407,0.44999999996665435,0.44999999996625323,0.45000000005046364,0.4500000000489616,0.4499999999997812,0.45,1.5389749983825325e-231,1.5269638991043857e-14,49.90690778065203
396.0,0.0,49.73432849842459,0.0,49.73432849842593,49.57487656525278,49.574876565252765,49.5748765652565,49.574876565256474,49.73200119294021,49.73200119294291,49.5731246724107,49.57312467241069,49.573124672414245,49.5731246724142,0.45000000001193763,0.4499999999896126,49.73665580390898,49.81381556130341,0.44999999998498846,0.449999999983746,0.4500000000213968,0.4500000000196795,0.4500000000001859,0.45,8.600407324066795e-232,1.5269638991056538e-14,49.9069077806517
397.0,0.0,49.73432849842467,0.0,49.73432849842642,49.57487656524897,49.57487656524895,49.574876565258414,49.574876565258386,49.73200119294005,49.73200119294356,49.57312467240684,49.573124672406834,49.57312467241635,49.57312467241628,0.4500000000098817,0.44999999999895657,49.736655803909294,49.81381556130374,0.45000000000877444,0.4500000000071322,0.44999999996383033,0.4499999999629679,0.4499999999996089,0.45,-5.407645642718983e-232,1.5269638991035495e-14,49.90690778065186
398.0,0.0,49.734328498427,0.0,49.734328498429754,49.574876565246576,49.574876565246555,49.57487656525976,49.574876565259714,49.73200119294177,49.73200119294728,49.57312467240434,49.57312467240434,49.573124672418,49.5731246724179,0.4500000000198554,0.45000000000886264,49.73665580391222,49.81381556130633,0.45000000003437113,0.4500000000316997,0.4499999998800576,0.4499999998784561,0.4499999999966079,0.45,-6.580751912331772e-232,1.5269638990933378e-14,49.90690778065317
399.0,0.0,49.734328498428994,0.0,49.7343284984298,49.57487656524889,49.57487656524891,49.574876565259046,49.57487656525904,49.73200119294489,49.73200119294649,49.57312467240653,49.57312467240655,49.57312467241708,49.57312467241706,0.45000000000848417,0.44999999998357954,49.736655803913095,49.813815561306825,0.45000000006125407,0.4500000000607155,0.44999999996394896,0.4499999999614919,0.4499999999969276,0.45,-3.045591226986394e-235,1.5269638990957227e-14,49.90690778065341
400.0,0.0,49.734328498429214,0.0,49.734328498428354,49.57487656525188,49.5748765652519,49.57487656525788,49.574876565257895,49.73200119294605,49.73200119294434,49.573124672409456,49.573124672409506,49.573124672415666,49.57312467241571,0.44999999999763335,0.449999999971808,49.73665580391237,49.8138155613061,0.45000000006952035,0.45000000006769025,0.450000000029724,0.4500000000288979,0.4499999999980382,0.45,9.202505747810324e-235,1.5269638991000655e-14,49.90690778065304
401.0,0.0,49.73432849842867,0.0,49.73432849842804,49.57487656525404,49.57487656525407,49.57487656525717,49.57487656525718,49.7320011929454,49.73200119294414,49.57312467241162,49.57312467241168,49.57312467241492,49.57312467241497,0.45000000000141616,0.4499999999765173,49.73665580391195,49.81381556130573,0.45000000006054836,0.45000000005938495,0.4500000000053478,0.4500000000046307,0.44999999999857504,0.45,5.142728024621003e-235,1.526963899101434e-14,49.90690778065286
402.0,0.0,49.73432849842705,0.0,49.73432849842741,49.57487656525591,49.57487656525597,49.574876565256886,49.574876565256886,49.732001192943294,49.73200119294402,49.5731246724135,49.57312467241362,49.57312467241473,49.573124672414735,0.4500000000033808,0.4499999999773874,49.73665580391079,49.81381556130449,0.45000000004808227,0.45000000004773466,0.4499999999540748,0.44999999995314066,0.4500000000012399,0.45,-3.2335733151564176e-235,1.5269638991097354e-14,49.90690778065224
403.0,0.0,49.734328498424,0.0,49.734328498424986,49.57487656525801,49.574876565258144,49.57487656525701,49.57487656525701,49.73200119294013,49.732001192942114,49.573124672415595,49.573124672415815,49.57312467241494,49.57312467241491,0.4499999999865284,0.44999999995464546,49.736655803907865,49.81381556130111,0.4500000000474598,0.4500000000430808,0.4499999999399566,0.44999999993808054,0.4500000000087348,0.45,-3.935047190123893e-235,1.5269638991348767e-14,49.906907780650556
404.0,0.0,49.7343284984218,0.0,49.73432849842176,49.57487656525615,49.57487656525619,49.57487656525615,49.57487656525615,49.73200119293823,49.73200119293815,49.57312467241389,49.57312467241395,49.573124672414046,49.57312467241407,0.4500000000183253,0.44999999998809237,49.73665580390538,49.81381556129888,0.45000000003509183,0.4500000000332853,0.44999999996322637,0.44999999996247697,0.450000000012405,0.45,-1.820995187467972e-238,1.5269638991440243e-14,49.90690778064945
405.0,0.0,49.73432849842202,0.0,49.73432849842111,49.574876565255856,49.57487656525583,49.574876565254385,49.5748765652544,49.7320011929387,49.73200119293683,49.57312467241365,49.5731246724136,49.57312467241226,49.573124672412305,0.4500000000340531,0.4500000000111744,49.73665580390538,49.81381556129931,0.4500000000345454,0.4500000000281757,0.44999999997790074,0.4499999999774311,0.45000000001027984,0.45,5.502287327193251e-238,1.5269638991358754e-14,49.906907780649654
406.0,0.0,49.73432849842163,0.0,49.734328498420155,49.57487656525903,49.57487656525904,49.574876565252424,49.574876565252445,49.73200119293869,49.73200119293572,49.5731246724167,49.57312467241673,49.57312467241021,49.57312467241026,0.4500000000020531,0.4499999999883225,49.73665580390459,49.81381556129849,0.45000000004259727,0.45000000003608004,0.45000000000467427,0.45000000000444235,0.45000000001123847,0.45,3.074898051005328e-238,1.5269638991409604e-14,49.90690778064925
407.0,0.0,49.734328498418094,0.0,49.73432849841593,49.57487656526399,49.574876565264084,49.574876565250285,49.57487656525032,49.7320011929358,49.732001192931456,49.573124672421514,49.5731246724217,49.573124672407886,49.57312467240794,0.4499999999468825,0.4499999999440388,49.7366558039004,49.81381556129388,0.45000000004445195,0.45000000003983787,0.4500000000539602,0.45000000005342383,0.4500000000201781,0.45,-1.933392037687979e-238,1.5269638991728828e-14,49.90690778064694
408.0,0.0,49.73432849840885,0.0,49.734328498405404,49.5748765652691,49.57487656526925,49.574876565248,49.57487656524804,49.73200119292757,49.73200119292068,49.57312467242652,49.57312467242683,49.573124672405264,49.57312467240534,0.44999999991392653,0.4499999998819975,49.736655803890145,49.8138155612829,0.4500000000277051,0.4500000000198978,0.4500000001358824,0.4500000001345777,0.45000000004199603,0.45,-2.3528119605428585e-238,1.526963899245247e-14,49.90690778064144
409.0,0.0,49.73432849840664,0.0,49.73432849840595,49.57487656526785,49.57487656526785,49.57487656524906,49.57487656524907,49.73200119292332,49.73200119292194,49.5731246724259,49.573124672425884,49.573124672406685,49.57312467240669,0.45000000005067853,0.4500000000054335,49.73665580388997,49.8138155612828,0.44999999988807443,0.4499999998797611,0.45000000003671514,0.4500000000351012,0.45000000004488505,0.45,-1.0888881412583097e-241,1.5269638992446858e-14,49.906907780641404
410.0,0.0,49.73432849841101,0.0,49.73432849841264,49.57487656526298,49.57487656526286,49.57487656525156,49.574876565251536,49.73200119292604,49.73200119292929,49.573124672421415,49.57312467242118,49.57312467240954,49.57312467240948,0.4500000001195415,0.4500000000778031,49.73665580389599,49.813815561289246,0.44999999983671835,0.449999999829929,0.4499999999632711,0.4499999999621678,0.4500000000330297,0.45,3.290165282126526e-241,1.526963899202066e-14,49.90690778064463
411.0,0.0,49.73432849841521,0.0,49.7343284984167,49.5748765652581,49.57487656525799,49.57487656525344,49.57487656525342,49.73200119293037,49.73200119293336,49.57312467241649,49.57312467241624,49.57312467241141,49.57312467241136,0.4500000000783024,0.45000000004346447,49.73665580390004,49.81381556129358,0.44999999988815853,0.4499999998829899,0.44999999999192286,0.4499999999902021,0.4500000000231434,0.45,1.838675843935661e-241,1.5269638991737133e-14,49.90690778064679
412.0,0.0,49.734328498419416,0.0,49.73432849841982,49.57487656525394,49.57487656525389,49.57487656525469,49.57487656525468,49.732001192935385,49.73200119293618,49.5731246724121,49.573124672411964,49.57312467241254,49.57312467241252,0.4500000000142491,0.44999999998622,49.73665580390345,49.81381556129718,0.4499999999586796,0.4499999999561512,0.45000000003931806,0.45000000003788243,0.45000000001438767,0.45,-1.1560973369036367e-241,1.526963899150587e-14,49.906907780648595
413.0,0.0,49.73432849842383,0.0,49.73432849842365,49.57487656525122,49.5748765652512,49.5748765652553,49.5748765652553,49.73200119294016,49.73200119293982,49.573124672409236,49.57312467240919,49.573124672413144,49.57312467241314,0.4500000000133036,0.44999999999123824,49.736655803907496,49.81381556130143,0.4499999999665578,0.44999999996462914,0.45000000002329926,0.45000000002269175,0.4500000000059241,0.45,-1.4068951414640733e-241,1.526963899123646e-14,49.90690778065072
414.0,0.0,49.73432849842618,0.0,49.73432849842647,49.574876565250776,49.57487656525074,49.57487656525564,49.57487656525564,49.73200119294226,49.73200119294286,49.57312467240866,49.573124672408575,49.57312467241346,49.57312467241345,0.45000000001664947,0.44999999999801016,49.73665580391009,49.813815561304175,0.4499999999884252,0.4499999999879165,0.4500000000222868,0.4500000000221571,0.4500000000004681,0.45,-6.511466593837697e-245,1.5269638991060568e-14,49.906907780652084
415.0,0.0,49.73432849842621,0.0,49.734328498427026,49.57487656525046,49.574876565250406,49.57487656525712,49.57487656525712,49.73200119294206,49.732001192943706,49.57312467240826,49.57312467240815,49.57312467241488,49.57312467241487,0.4500000000020641,0.4499999999887121,49.73665580391036,49.8138155613045,0.45000000001743223,0.4500000000173624,0.45000000003214646,0.45000000003212093,0.44999999999930074,0.45,1.9674933995289994e-244,1.5269638991032866e-14,49.90690778065225
416.0,0.0,49.734328498426976,0.0,49.7343284984286,49.57487656524931,49.57487656524924,49.57487656525936,49.57487656525935,49.73200119294231,49.732001192945575,49.57312467240715,49.573124672406955,49.57312467241719,49.57312467241718,0.4500000000126456,0.4500000000110469,49.73665580391164,49.81381556130588,0.45000000001830076,0.450000000015765,0.4499999999938095,0.449999999992939,0.44999999999683493,0.45,1.0995139401483136e-244,1.5269638990942532e-14,49.906907780652936
417.0,0.0,49.73432849843075,0.0,49.73432849843365,49.574876565246925,49.57487656524677,49.574876565261775,49.57487656526177,49.73200119294518,49.73200119295098,49.57312467240479,49.573124672404475,49.573124672419844,49.57312467241983,0.4500000000560203,0.45000000003675694,49.73665580391634,49.81381556131074,0.45000000002593327,0.45000000002095225,0.4499999999151733,0.44999999991428413,0.4499999999881834,0.45,-6.913372291606476e-245,1.5269638990643327e-14,49.90690778065537
418.0,0.0,49.73432849843981,0.0,49.73432849844462,49.574876565242825,49.57487656524255,49.57487656526377,49.57487656526376,49.732001192952765,49.7320011929624,49.573124672400716,49.573124672400134,49.573124672422296,49.57312467242228,0.4500000001157308,0.4500000000616683,49.73665580392684,49.81381556132153,0.45000000007864993,0.45000000006733487,0.44999999980572875,0.4499999998042353,0.44999999996845885,0.45,-8.413123000326915e-245,1.5269638989989004e-14,49.90690778066075
419.0,0.0,49.73432849844522,0.0,49.7343284984461,49.57487656524434,49.57487656524428,49.57487656526174,49.57487656526173,49.73200119296085,49.73200119296262,49.57312467240176,49.57312467240165,49.573124672419844,49.573124672419844,0.4500000000198624,0.44999999994949613,49.73665580392959,49.81381556132423,0.45000000016036473,0.45000000014858726,0.44999999994000844,0.4499999999392818,0.44999999996135526,0.45,-3.893618582281444e-248,1.5269638989842917e-14,49.90690778066211
420.0,0.0,49.73432849844246,0.0,49.734328498440135,49.57487656525021,49.57487656525037,49.57487656525852,49.57487656525853,49.73200119296033,49.7320011929557,49.57312467240735,49.57312467240768,49.57312467241618,49.57312467241619,0.4499999999536681,0.44999999988931033,49.73665580392456,49.81381556131897,0.450000000166957,0.45000000015701896,0.45000000003930213,0.45000000003865565,0.4499999999704252,0.45,1.1764889568307246e-247,1.5269638990176258e-14,49.90690778065949
421.0,0.0,49.73432849843798,0.0,49.7343284984359,49.57487656525588,49.57487656525605,49.57487656525626,49.57487656525626,49.73200119295571,49.732001192951536,49.5731246724131,49.57312467241343,49.5731246724139,49.573124672413904,0.4499999999798303,0.4499999999260539,49.73665580392026,49.813815561314534,0.45000000012611696,0.4500000001179164,0.4500000000071946,0.4500000000068956,0.4499999999796744,0.45,6.574690427281e-248,1.5269638990444237e-14,49.90690778065728
422.0,0.0,49.73432849843473,0.0,49.73432849843421,49.57487656526048,49.57487656526057,49.57487656525501,49.57487656525501,49.732001192951266,49.73200119295022,49.57312467241793,49.57312467241808,49.57312467241279,49.57312467241279,0.45000000003875607,0.44999999999475904,49.73665580391819,49.81381556131252,0.4500000000733071,0.4500000000666937,0.44999999994606055,0.4499999999456724,0.44999999998455703,0.45,-4.133943731172621e-248,1.526963899055054e-14,49.906907780656276
423.0,0.0,49.734328498435566,0.0,49.73432849843587,49.57487656526316,49.57487656526316,49.57487656525481,49.57487656525481,49.732001192951266,49.73200119295186,49.5731246724208,49.57312467242082,49.57312467241262,49.57312467241262,0.4500000000689397,0.4500000000323702,49.736655803919874,49.81381556131451,0.4500000000435908,0.4500000000391638,0.44999999995768086,0.44999999995725076,0.4499999999805275,0.45,-5.030740632866016e-248,1.5269638990398846e-14,49.90690778065728
424.0,0.0,49.73432849843615,0.0,49.73432849843572,49.57487656526377,49.5748765652638,49.57487656525473,49.57487656525473,49.73200119295258,49.732001192951735,49.57312467242142,49.57312467242149,49.57312467241247,49.573124672412455,0.4500000000042951,0.4499999999720402,49.73665580391972,49.81381556131432,0.4500000000476834,0.45000000004482393,0.44999999999370915,0.44999999999360024,0.44999999997946927,0.45,-2.328468052547899e-251,1.5269638990412045e-14,49.90690778065716
425.0,0.0,49.73432849843397,0.0,49.73432849843315,49.57487656526434,49.57487656526438,49.574876565254144,49.57487656525415,49.73200119295091,49.73200119294926,49.573124672422004,49.573124672422104,49.57312467241188,49.57312467241188,0.44999999997323326,0.44999999994830964,49.73665580391703,49.81381556131148,0.45000000004102386,0.45000000003855584,0.44999999999239193,0.4499999999912807,0.44999999998456336,0.45,7.03565849333541e-251,1.5269638990592455e-14,49.90690778065573
426.0,0.0,49.73432849843194,0.0,49.73432849843086,49.57487656526519,49.57487656526525,49.57487656525318,49.574876565253184,49.732001192948985,49.732001192946804,49.573124672422885,49.57312467242299,49.57312467241093,49.57312467241093,0.44999999998503887,0.44999999996902745,49.73665580391491,49.81381556130936,0.4500000000248912,0.4500000000224104,0.4499999999975416,0.44999999999679274,0.4499999999887876,0.45,3.931807137792918e-251,1.5269638990712835e-14,49.90690778065468
427.0,0.0,49.73432849843052,0.0,49.734328498429086,49.574876565266486,49.57487656526654,49.574876565251614,49.574876565251614,49.73200119294757,49.73200119294468,49.573124672424214,49.573124672424335,49.57312467240938,49.57312467240939,0.45000000000654966,0.4500000000030497,49.73665580391348,49.813815561308026,0.45000000000170604,0.4500000000013228,0.450000000009217,0.45000000000848717,0.44999999999151774,0.45,-2.4721875297306823e-251,1.5269638990777143e-14,49.906907780654024
428.0,0.0,49.73432849843014,0.0,49.734328498428034,49.57487656526838,49.574876565268454,49.574876565249234,49.574876565249234,49.7320011929474,49.73200119294319,49.57312467242613,49.5731246724263,49.57312467240701,49.57312467240702,0.45000000001923296,0.4500000000046028,49.736655803912875,49.813815561307536,0.4499999999781743,0.4499999999759422,0.4500000000268371,0.45000000002535484,0.44999999999212953,0.45,-3.008490919790679e-251,1.526963899078934e-14,49.906907780653775
429.0,0.0,49.73432849842881,0.0,49.73432849842814,49.574876565267516,49.57487656526754,49.57487656524916,49.57487656524916,49.73200119294546,49.73200119294411,49.573124672425394,49.57312467242545,49.57312467240686,49.57312467240686,0.45000000000731,0.4499999999819123,49.73665580391218,49.813815561306846,0.4499999999573929,0.44999999995409823,0.4500000000468935,0.4500000000461198,0.44999999999281043,0.45,-1.3923384281101075e-254,1.5269638990827545e-14,49.90690778065342
430.0,0.0,49.73432849842741,0.0,49.73432849842781,49.57487656526506,49.574876565265036,49.57487656525069,49.57487656525068,49.73200119294355,49.732001192944345,49.57312467242303,49.573124672422985,49.57312467240835,49.57312467240834,0.45000000000594775,0.44999999997835183,49.736655803911276,49.813815561305915,0.44999999995089784,0.44999999994697154,0.45000000004978485,0.45000000004888346,0.4499999999945007,0.45,4.2070655324595746e-254,1.526963899088533e-14,49.90690778065295
431.0,0.0,49.73432849842721,0.0,49.734328498427296,49.57487656526304,49.57487656526302,49.574876565251735,49.57487656525173,49.73200119294346,49.73200119294365,49.57312467242102,49.57312467242098,49.57312467240941,49.57312467240941,0.4500000000135812,0.44999999998420415,49.73665580391097,49.8138155613056,0.4499999999539793,0.4499999999500093,0.450000000039504,0.45000000003852736,0.4499999999952511,0.45,2.3510763498930755e-254,1.526963899090313e-14,49.9069077806528
432.0,0.0,49.73432849842826,0.0,49.73432849842748,49.57487656526169,49.57487656526168,49.57487656525186,49.57487656525186,49.732001192944836,49.7320011929433,49.57312467241962,49.57312467241964,49.57312467240962,49.57312467240962,0.45000000002748003,0.44999999999252566,49.73665580391169,49.813815561306356,0.4499999999611072,0.4499999999552843,0.4500000000251786,0.45000000002445517,0.44999999999402485,0.45,-1.4782774002223929e-254,1.5269638990854397e-14,49.906907780653185
433.0,0.0,49.73432849843061,0.0,49.73432849842921,49.5748765652612,49.57487656526118,49.57487656525061,49.57487656525062,49.732001192947365,49.73200119294458,49.57312467241906,49.57312467241909,49.57312467240847,49.57312467240848,0.4500000000435478,0.4499999999977392,49.736655803913855,49.81381556130863,0.4499999999659552,0.4499999999556661,0.4500000000163352,0.45000000001567086,0.44999999998978507,0.45,-1.798967142299622e-254,1.5269638990712585e-14,49.906907780654315
434.0,0.0,49.734328498430145,0.0,49.73432849843027,49.57487656526057,49.57487656526054,49.57487656525188,49.57487656525188,49.732001192946335,49.73200119294661,49.57312467241846,49.57312467241844,49.573124672409556,49.573124672409556,0.45000000001607204,0.4499999999699232,49.73665580391395,49.81381556130854,0.4499999999500951,0.44999999994507833,0.45000000007257224,0.45000000007225727,0.44999999998999834,0.45,-8.32567276436328e-258,1.5269638990740726e-14,49.906907780654265
435.0,0.0,49.73432849842864,0.0,49.73432849842982,49.57487656525856,49.57487656525855,49.574876565254876,49.574876565254876,49.732001192944466,49.732001192946846,49.57312467241649,49.573124672416434,49.57312467241244,49.57312467241241,0.4499999999970183,0.4499999999578615,49.736655803912804,49.81381556130725,0.44999999994821105,0.4499999999463351,0.4500000000949533,0.4500000000943158,0.4499999999925689,0.45,2.515670816751452e-257,1.5269638990833335e-14,49.906907780653626
436.0,0.0,49.7343284984274,0.0,49.73432849842859,49.57487656525598,49.57487656525595,49.57487656525768,49.574876565257675,49.73200119294324,49.732001192945624,49.5731246724139,49.57312467241381,49.57312467241523,49.57312467241522,0.44999999999841095,0.4499999999667101,49.73665580391155,49.813815561306,0.44999999996119355,0.44999999995973805,0.4500000000707915,0.45000000007062596,0.44999999999496193,0.45,1.4058574111878718e-257,1.5269638990904967e-14,49.90690778065301
437.0,0.0,49.73432849842528,0.0,49.734328498426116,49.574876565253334,49.574876565253284,49.57487656526043,49.574876565260425,49.7320011929413,49.73200119294299,49.57312467241125,49.573124672411126,49.57312467241805,49.57312467241803,0.4499999999989166,0.449999999976449,49.73665580390925,49.81381556130371,0.44999999997758167,0.44999999997648055,0.4500000000396962,0.4500000000391958,0.44999999999918133,0.45,-8.839555417340936e-258,1.5269638991034324e-14,49.906907780651856
438.0,0.0,49.73432849842112,0.0,49.73432849842196,49.574876565251195,49.57487656525114,49.57487656526333,49.57487656526333,49.732001192937304,49.73200119293897,49.57312467240909,49.57312467240896,49.573124672420924,49.57312467242091,0.4499999999777482,0.4499999999665122,49.73665580390494,49.81381556129929,0.4499999999885405,0.44999999998513024,0.45000000003978574,0.45000000003952495,0.45000000000723117,0.45,-1.0757160906214757e-257,1.5269638991300113e-14,49.90690778064965
439.0,0.0,49.734328498419245,0.0,49.73432849841956,49.57487656525007,49.57487656525006,49.5748765652641,49.5748765652641,49.73200119293538,49.732001192936,49.57312467240794,49.57312467240792,49.57312467242195,49.57312467242194,0.45000000002287627,0.4500000000186762,49.736655803903105,49.81381556129754,0.4499999999940643,0.449999999992952,0.44999999995237994,0.44999999995207496,0.4500000000112209,0.45,1.1907747442992554e-260,1.5269638991390813e-14,49.90690778064877
440.0,0.0,49.73432849841865,0.0,49.73432849841906,49.57487656524987,49.574876565249916,49.57487656526264,49.57487656526264,49.73200119293484,49.732001192935655,49.5731246724077,49.573124672407765,49.573124672420555,49.57312467242056,0.44999999996868933,0.44999999996868256,49.73665580390245,49.813815561296686,0.44999999999985635,0.44999999999669144,0.44999999999248547,0.449999999991828,0.45000000001205553,0.45,-7.770549301056395e-262,1.5269638991465872e-14,49.90690778064834
441.0,0.0,49.734328498412204,0.0,49.73432849841289,49.57487656524842,49.57487656524846,49.57487656526178,49.574876565261796,49.73200119292864,49.73200119293,49.57312467240625,49.57312467240636,49.573124672419546,49.57312467241961,0.4499999999274416,0.4499999999204832,49.73665580389576,49.81381556128915,0.45000000000075424,0.4500000000006026,0.4500000000190069,0.4500000000176186,0.4500000000278285,0.45,-3.707734044595465e-263,1.526963899201053e-14,49.90690778064457
442.0,0.0,49.73432849841526,0.0,49.734328498415195,49.57487656524948,49.57487656524959,49.574876565259615,49.57487656525972,49.73200119293143,49.73200119293129,49.57312467240728,49.57312467240752,49.5731246724176,49.57312467241778,0.450000000058603,0.45000000004972834,49.73665580389909,49.81381556129289,0.4499999999959786,0.44999999999102613,0.44999999994530593,0.44999999994297335,0.45000000002333834,0.45,1.1428440941448796e-263,1.526963899173969e-14,49.90690778064644
443.0,0.0,49.734328498417604,0.0,49.73432849841714,49.57487656524969,49.574876565249774,49.57487656525727,49.57487656525739,49.73200119293384,49.7320011929329,49.57312467240761,49.5731246724078,49.57312467241532,49.57312467241544,0.45000000006655616,0.4500000000593797,49.73665580390137,49.81381556129553,0.4499999999852088,0.4499999999775779,0.4499999999556891,0.4499999999429219,0.4500000000173545,0.45,1.64842760450505e-263,1.5269638991541363e-14,49.906907780647764
444.0,0.0,49.73432849841994,0.0,49.73432849841907,49.57487656525066,49.57487656525067,49.574876565255416,49.57487656525558,49.73200119293651,49.732001192934774,49.57312467240869,49.573124672408746,49.57312467241338,49.573124672413556,0.45000000001627544,0.45000000001602164,49.73665580390337,49.81381556129766,0.44999999997272455,0.4499999999619102,0.44999999999109147,0.44999999997528434,0.4500000000114606,0.45,1.4507307062742273e-264,1.526963899140064e-14,49.90690778064884
445.0,0.0,49.73432849842296,0.0,49.73432849842135,49.57487656525398,49.574876565253945,49.57487656525472,49.57487656525503,49.73200119294008,49.73200119293686,49.573124672411964,49.57312467241195,49.573124672412476,49.573124672413066,0.44999999998760387,0.4499999999713701,49.73665580390584,49.81381556129992,0.4499999999604138,0.44999999994806666,0.44999999999609486,0.44999999999423335,0.45000000000724033,0.45,-1.0311629233456265e-263,1.52696389913026e-14,49.906907780649966
446.0,0.0,49.734328498425604,0.0,49.73432849842338,49.57487656525907,49.57487656525905,49.57487656525375,49.57487656525426,49.73200119294302,49.7320011929386,49.573124672416824,49.57312467241682,49.573124672411296,49.57312467241247,0.4500000000248969,0.449999999987264,49.73665580390819,49.81381556130195,0.4499999999541423,0.44999999994138373,0.44999999999111845,0.44999999995467127,0.4500000000058148,0.45,-2.217088828225428e-266,1.5269638991230365e-14,49.90690778065098
447.0,0.0,49.734328498421725,0.0,49.73432849842184,49.57487656525516,49.574876565255096,49.57487656524698,49.574876565247,49.73200119293789,49.732001192938135,49.57312467241313,49.573124672412995,49.57312467240477,49.57312467240476,0.45000000002281443,0.449999999990406,49.73665580390555,49.81381556130043,0.44999999995656,0.44999999994933254,0.4500000000798768,0.45000000006635027,0.4500000000037341,0.45,6.8337880846891145e-267,1.5269638991164193e-14,49.906907780650215
448.0,0.0,49.734328498422364,0.0,49.73432849842271,49.574876565254286,49.57487656525425,49.57487656524778,49.5748765652477,49.73200119293839,49.73200119293908,49.5731246724123,49.5731246724122,49.57312467240549,49.57312467240528,0.45000000002659674,0.4499999999924091,49.73665580390633,49.81381556130137,0.4499999999504519,0.4499999999459787,0.4500000000981399,0.45000000008588825,0.4500000000014052,0.45,9.856991850230416e-267,1.5269638991088506e-14,49.906907780650684
449.0,0.0,49.73432849842568,0.0,49.73432849842508,49.574876565255245,49.574876565255266,49.57487656525205,49.57487656525211,49.73200119294217,49.73200119294094,49.5731246724132,49.573124672413236,49.57312467240953,49.57312467240966,0.4500000000359767,0.44999999999495716,49.736655803909194,49.81381556130404,0.4499999999394028,0.4499999999337618,0.45000000008857083,0.4500000000672369,0.4499999999976437,0.45,8.674836981151223e-268,1.526963899096536e-14,49.90690778065202
450.0,0.0,49.73432849842983,0.0,49.73432849842803,49.57487656525684,49.574876565256936,49.57487656525568,49.574876565256,49.732001192946875,49.732001192943244,49.57312467241471,49.57312467241492,49.57312467241288,49.57312467241356,0.45000000005068813,0.44999999999973345,49.736655803912804,49.81381556130766,0.44999999992540385,0.44999999991671524,0.4500000000950276,0.4500000000631519,0.44999999999126483,0.45,-6.165975687911285e-267,1.5269638990756796e-14,49.90690778065383
451.0,0.0,49.73432849843209,0.0,49.73432849843038,49.57487656525746,49.5748765652576,49.5748765652558,49.57487656525616,49.73200119294904,49.73200119294563,49.573124672415325,49.57312467241558,49.573124672412916,49.57312467241366,0.45000000005482127,0.4499999999948013,49.73665580391514,49.8138155613106,0.4499999999198457,0.449999999909435,0.45000000013365477,0.45000000009962554,0.44999999998338264,0.45,-1.3257377812926058e-269,1.526963899050831e-14,49.906907780655295
452.0,0.0,49.7343284984292,0.0,49.734328498430216,49.574876565255245,49.57487656525516,49.57487656525915,49.574876565258876,49.73200119294506,49.732001192947095,49.573124672413165,49.573124672413,49.57312467241686,49.573124672416306,0.4500000000016079,0.4499999999475802,49.73665580391333,49.81381556130851,0.44999999995615014,0.4499999999469767,0.45000000007308216,0.45000000004355023,0.449999999987152,0.45,4.086354568574017e-270,1.526963899066456e-14,49.90690778065425
453.0,0.0,49.734328498427445,0.0,49.73432849842909,49.57487656525322,49.57487656525308,49.574876565261334,49.574876565260894,49.732001192943045,49.73200119294634,49.573124672411126,49.57312467241087,49.57312467241923,49.573124672418366,0.4499999999935094,0.449999999947341,49.73665580391182,49.81381556130684,0.44999999997200235,0.44999999996347095,0.4500000000525893,0.45000000002819535,0.4499999999907108,0.45,5.894119536904038e-270,1.526963899077982e-14,49.90690778065342
454.0,0.0,49.734328498425846,0.0,49.73432849842706,49.574876565251515,49.57487656525141,49.57487656526302,49.574876565262706,49.73200119294163,49.73200119294407,49.57312467240937,49.57312467240917,49.57312467242087,49.57312467242023,0.45000000000330653,0.44999999996770745,49.736655803910054,49.81381556130499,0.4499999999812852,0.44999999997468426,0.4500000000540994,0.4500000000382047,0.44999999999474694,0.45,5.187235402211833e-271,1.526963899089588e-14,49.9069077806525
455.0,0.0,49.73432849842347,0.0,49.73432849842422,49.574876565250264,49.57487656525023,49.574876565264915,49.574876565264745,49.73200119293945,49.73200119294097,49.57312467240803,49.57312467240795,49.573124672422594,49.57312467242226,0.4500000000045988,0.4499999999814846,49.73665580390748,49.81381556130236,0.4499999999990777,0.4499999999951878,0.45000000006471624,0.450000000053041,0.4499999999999484,0.45,-3.687026973317442e-270,1.526963899105453e-14,49.906907780651174
456.0,0.0,49.73432849842032,0.0,49.73432849842122,49.574876565249795,49.57487656524976,49.57487656526719,49.57487656526704,49.732001192936245,49.73200119293804,49.57312467240749,49.573124672407424,49.57312467242484,49.57312467242454,0.44999999999342105,0.449999999981942,49.73665580390439,49.813815561299165,0.45000000001331253,0.4500000000097566,0.4500000000268041,0.4500000000197358,0.45000000000596735,0.45,-5.718818678945037e-273,1.5269638991248645e-14,49.90690778064959
457.0,0.0,49.73432849842066,0.0,49.73432849842106,49.57487656525009,49.574876565250044,49.57487656526589,49.574876565265775,49.73200119293675,49.73200119293754,49.57312467240791,49.573124672407815,49.573124672423894,49.573124672423674,0.45000000000645346,0.4499999999983957,49.73665580390457,49.81381556129937,0.4499999999885004,0.44999999998668716,0.4499999999472573,0.4499999999427868,0.4500000000058036,0.45,3.2127613102801396e-273,1.526963899123578e-14,49.90690778064969
458.0,0.0,49.73432849841691,0.0,49.73432849841793,49.57487656525001,49.574876565249966,49.57487656526373,49.57487656526356,49.73200119293295,49.73200119293499,49.5731246724077,49.57312467240758,49.57312467242179,49.57312467242145,0.44999999994795414,0.44999999994495754,49.73665580390087,49.81381556129541,0.45000000005562,0.4500000000554639,0.4499999999878287,0.44999999998647855,0.45000000001237733,0.45,-2.212548962411673e-273,1.5269638991496145e-14,49.90690778064771
459.0,0.0,49.734328498417526,0.0,49.73432849841785,49.57487656525069,49.57487656525066,49.57487656526154,49.57487656526146,49.73200119293365,49.73200119293431,49.57312467240843,49.573124672408376,49.57312467241962,49.57312467241946,0.4500000000112526,0.4500000000069332,49.73665580390137,49.813815561295556,0.4500000000087077,0.4500000000079965,0.44999999995402795,0.44999999995270024,0.4500000000155607,0.45,-1.5118784380675558e-276,1.526963899153785e-14,49.906907780647764
460.0,0.0,49.734328498420595,0.0,49.73432849842026,49.5748765652516,49.57487656525159,49.57487656525939,49.57487656525942,49.73200119293681,49.732001192936146,49.57312467240944,49.57312467240944,49.57312467241743,49.57312467241748,0.45000000005174057,0.45000000004519114,49.73665580390435,49.81381556129855,0.4499999999758935,0.4499999999751731,0.4499999999539108,0.4499999999506161,0.4500000000113393,0.45,4.568265543414048e-276,1.5269638991365444e-14,49.90690778064927
461.0,0.0,49.73432849842215,0.0,49.73432849842182,49.57487656525244,49.57487656525244,49.57487656525741,49.57487656525746,49.732001192938405,49.732001192937744,49.57312467241028,49.57312467241028,49.573124672415396,49.57312467241548,0.4500000000329076,0.450000000027088,49.73665580390589,49.8138155613002,0.44999999998983703,0.44999999998930545,0.4499999999662671,0.44999999996399326,0.4500000000072863,0.45,2.5529293509639974e-276,1.5269638991254886e-14,49.9069077806501
462.0,0.0,49.73432849842359,0.0,49.73432849842352,49.57487656525327,49.57487656525327,49.57487656525557,49.574876565255586,49.73200119293982,49.73200119293969,49.573124672411076,49.57312467241106,49.57312467241353,49.573124672413556,0.4500000000014718,0.44999999999900364,49.73665580390737,49.813815561301816,0.45000000001590523,0.45000000001574003,0.4499999999754576,0.449999999974394,0.4500000000028877,0.45,-1.605195749579271e-276,1.5269638991145175e-14,49.90690778065091
463.0,0.0,49.7343284984263,0.0,49.73432849842635,49.5748765652542,49.57487656525419,49.57487656525383,49.57487656525382,49.73200119294244,49.73200119294254,49.57312467241196,49.57312467241193,49.573124672411836,49.573124672411815,0.45000000000606377,0.45000000000540574,49.736655803910175,49.81381556130467,0.45000000001968654,0.45000000001960205,0.44999999996464707,0.44999999996457635,0.44999999999762935,0.45,-1.9534184923772947e-276,1.5269638990975308e-14,49.90690778065234
464.0,0.0,49.734328498427615,0.0,49.734328498427594,49.574876565254876,49.57487656525488,49.57487656525334,49.57487656525334,49.732001192943876,49.73200119294383,49.57312467241262,49.573124672412646,49.57312467241121,49.57312467241122,0.4500000000002775,0.4500000000000791,49.73665580391135,49.813815561305795,0.45000000001138313,0.45000000001037993,0.4500000000052453,0.4500000000050438,0.44999999999579837,0.45,-9.040478210470553e-280,1.5269638990918888e-14,49.9069077806529
465.0,0.0,49.73432849842718,0.0,49.73432849842705,49.574876565255494,49.57487656525552,49.57487656525353,49.57487656525355,49.73200119294362,49.73200119294332,49.573124672413236,49.57312467241328,49.57312467241126,49.573124672411296,0.44999999998699275,0.44999999998552515,49.73665580391074,49.81381556130517,0.4500000000096699,0.4500000000091131,0.4500000000322046,0.4500000000317634,0.4499999999966694,0.45,2.7316551427803786e-279,1.5269638990956713e-14,49.90690778065259
466.0,0.0,49.73432849842674,0.0,49.73432849842634,49.5748765652564,49.57487656525641,49.574876565253426,49.57487656525347,49.73200119294331,49.732001192942505,49.57312467241415,49.57312467241419,49.57312467241115,49.57312467241123,0.4499999999928374,0.4499999999890723,49.7366558039102,49.81381556130465,0.4500000000033456,0.45000000000227725,0.450000000019997,0.450000000019167,0.44999999999767093,0.45,1.526558061143906e-279,1.5269638990983966e-14,49.906907780652325
467.0,0.0,49.734328498426386,0.0,49.73432849842557,49.57487656525771,49.574876565257725,49.574876565252694,49.574876565252765,49.7320011929431,49.73200119294149,49.573124672415474,49.57312467241551,49.57312467241046,49.57312467241062,0.45000000000499407,0.44999999999613916,49.736655803909706,49.813815561304196,0.4499999999920846,0.44999999999131546,0.4500000000006924,0.4499999999980887,0.4499999999985336,0.45,-9.598481486366433e-280,1.5269638991003066e-14,49.9069077806521
468.0,0.0,49.734328498426194,0.0,49.73432849842481,49.57487656525956,49.574876565259615,49.574876565250996,49.574876565251124,49.73200119294318,49.73200119294044,49.573124672417315,49.57312467241742,49.573124672408795,49.573124672409065,0.45000000001091833,0.4499999999918708,49.736655803909215,49.81381556130378,0.4499999999767094,0.44999999997652235,0.450000000005366,0.45000000000035645,0.4499999999989877,0.45,-1.1680725692414348e-279,1.5269638991016445e-14,49.906907780651885
469.0,0.0,49.73432849842595,0.0,49.734328498425654,49.57487656525966,49.574876565259686,49.57487656525134,49.574876565251365,49.73200119294243,49.732001192941816,49.573124672417485,49.573124672417556,49.573124672409094,49.57312467240916,0.45000000001139784,0.44999999998580864,49.73665580390949,49.813815561303926,0.44999999996691764,0.4499999999647456,0.45000000003953317,0.4500000000343531,0.4499999999991888,0.45,-5.405874046290577e-283,1.5269638991026164e-14,49.90690778065197
470.0,0.0,49.734328498425704,0.0,49.73432849842619,49.57487656525859,49.574876565258585,49.57487656525279,49.57487656525274,49.732001192941766,49.73200119294274,49.573124672416476,49.57312467241649,49.573124672410515,49.573124672410415,0.4500000000106582,0.44999999998576545,49.73665580390961,49.813815561303976,0.44999999996605755,0.4499999999625506,0.45000000004825785,0.4500000000439121,0.4499999999994206,0.45,1.6334294819348911e-282,1.5269638991033317e-14,49.90690778065199
471.0,0.0,49.73432849842562,0.0,49.734328498425924,49.57487656525769,49.57487656525771,49.574876565253895,49.574876565253845,49.73200119294177,49.73200119294242,49.57312467241557,49.57312467241561,49.573124672411616,49.573124672411524,0.4500000000083823,0.4499999999850472,49.73665580390941,49.8138155613038,0.4499999999679553,0.4499999999653325,0.4500000000408604,0.4500000000363048,0.44999999999958773,0.45,9.128256725773286e-283,1.526963899103847e-14,49.9069077806519
472.0,0.0,49.73432849842579,0.0,49.734328498425654,49.57487656525704,49.57487656525712,49.57487656525495,49.57487656525493,49.732001192942185,49.73200119294192,49.57312467241488,49.57312467241501,49.57312467241266,49.57312467241265,0.45000000000897655,0.4499999999850819,49.73665580390931,49.81381556130371,0.4499999999707977,0.44999999996845014,0.4500000000309734,0.4500000000256177,0.44999999999970497,0.45,-5.739539518037142e-283,1.5269638991042083e-14,49.906907780651856
473.0,0.0,49.7343284984263,0.0,49.7343284984261,49.57487656525676,49.574876565256886,49.57487656525622,49.57487656525624,49.73200119294276,49.732001192942334,49.57312467241455,49.573124672414785,49.57312467241393,49.57312467241398,0.45000000001493495,0.4499999999892102,49.73665580390975,49.81381556130401,0.44999999997237333,0.44999999996766066,0.4500000000314325,0.45000000002673446,0.449999999999787,0.45,-6.9846451031021e-283,1.5269638991044614e-14,49.90690778065201
474.0,0.0,49.73432849842416,0.0,49.73432849842439,49.57487656525525,49.574876565255266,49.57487656525631,49.57487656525628,49.73200119294033,49.732001192940814,49.573124672413115,49.57312467241315,49.573124672414075,49.57312467241403,0.45000000001043156,0.44999999998958223,49.736655803907986,49.813815561302754,0.4499999999745374,0.4499999999666711,0.45000000002317025,0.4500000000182907,0.4499999999998466,0.45,-3.2325142015755924e-286,1.5269638991046454e-14,49.90690778065138
475.0,0.0,49.734328498422656,0.0,49.734328498423274,49.574876565253504,49.57487656525342,49.574876565256865,49.574876565256815,49.732001192938604,49.73200119293986,49.57312467241143,49.573124672411275,49.573124672414686,49.573124672414565,0.45000000000530066,0.449999999990323,49.73665580390677,49.81381556130189,0.4499999999797181,0.4499999999716176,0.45000000001312424,0.45000000000999407,0.4499999999998905,0.45,9.767308583983544e-286,1.5269638991047804e-14,49.906907780650954
476.0,0.0,49.73432849842266,0.0,49.73432849842373,49.57487656525185,49.57487656525174,49.57487656525853,49.57487656525845,49.73200119293838,49.73200119294051,49.57312467240976,49.573124672409584,49.573124672416334,49.57312467241619,0.45000000000547663,0.44999999999703194,49.736655803906984,49.81381556130203,0.4499999999890492,0.4499999999809838,0.4500000000086747,0.45000000000656415,0.449999999999922,0.45,5.4583623756342085e-286,1.526963899104878e-14,49.90690778065101
477.0,0.0,49.734328498422734,0.0,49.73432849842437,49.57487656524953,49.57487656524944,49.57487656526064,49.57487656526055,49.73200119293814,49.732001192941404,49.57312467240745,49.573124672407296,49.57312467241846,49.57312467241829,0.45000000000953116,0.4500000000058821,49.736655803907325,49.81381556130227,0.45000000000415785,0.4499999999961829,0.4499999999976149,0.4499999999970364,0.4499999999999441,0.45,-3.4320339030633024e-286,1.5269638991049464e-14,49.90690778065114
478.0,0.0,49.73432849842141,0.0,49.73432849842381,49.57487656524585,49.574876565245724,49.57487656526262,49.57487656526248,49.73200119293635,49.73200119294116,49.573124672403765,49.573124672403594,49.57312467242051,49.57312467242024,0.45000000002736984,0.4500000000017127,49.73665580390653,49.8138155613017,0.4500000000278681,0.45000000001743135,0.44999999997037,0.4499999999678147,0.44999999999995965,0.45,-4.1765613285487376e-286,1.5269638991049943e-14,49.90690778065085
479.0,0.0,49.73432849842528,0.0,49.73432849842591,49.57487656524624,49.57487656524618,49.57487656526269,49.57487656526264,49.732001192941176,49.73200119294245,49.573124672403985,49.57312467240388,49.573124672420626,49.573124672420526,0.4500000000201218,0.4499999999874967,49.736655803909414,49.81381556130375,0.45000000006041674,0.45000000005821816,0.4499999999544588,0.44999999995084355,0.44999999999997103,0.45,-1.9329248099204525e-289,1.526963899105029e-14,49.90690778065187
480.0,0.0,49.73432849842798,0.0,49.734328498427324,49.574876565248864,49.57487656524885,49.57487656526156,49.57487656526159,49.73200119294461,49.73200119294328,49.57312467240649,49.57312467240643,49.57312467241946,49.57312467241951,0.4500000000136796,0.44999999998244994,49.73665580391131,49.81381556130508,0.4500000000744583,0.45000000007014196,0.44999999996015666,0.449999999956411,0.4499999999999794,0.45,5.840491923880382e-289,1.5269638991050546e-14,49.90690778065254
481.0,0.0,49.73432849842686,0.0,49.734328498426414,49.57487656525077,49.57487656525071,49.57487656526019,49.574876565260205,49.73200119294338,49.73200119294246,49.57312467240841,49.57312467240828,49.57312467241805,49.57312467241808,0.4500000000187567,0.4499999999855458,49.73665580391028,49.81381556130435,0.450000000066246,0.45000000006190527,0.4499999999686562,0.44999999996484447,0.44999999999998536,0.45,3.263900295397683e-289,1.526963899105073e-14,49.906907780652176
482.0,0.0,49.73432849842457,0.0,49.73432849842475,49.574876565252204,49.574876565252055,49.57487656525883,49.57487656525878,49.73200119294071,49.7320011929411,49.573124672409925,49.57312467240966,49.57312467241666,49.57312467241659,0.45000000002667484,0.4499999999885239,49.73665580390841,49.81381556130304,0.4500000000507353,0.45000000004897517,0.44999999997589374,0.4499999999723086,0.44999999999998946,0.45,-2.0522302659910184e-289,1.526963899105086e-14,49.906907780651515
483.0,0.0,49.73432849842374,0.0,49.734328498423956,49.574876565253426,49.57487656525323,49.57487656525773,49.57487656525764,49.732001192939784,49.73200119294029,49.573124672411225,49.57312467241084,49.573124672415574,49.5731246724154,0.45000000002766416,0.44999999998421647,49.73665580390778,49.81381556130258,0.45000000004707197,0.45000000004262786,0.4499999999790009,0.44999999997377266,0.4499999999999924,0.45,-2.497430330908143e-289,1.526963899105095e-14,49.906907780651295
484.0,0.0,49.73432849842684,0.0,49.73432849842645,49.574876565255835,49.57487656525581,49.5748765652572,49.574876565257206,49.732001192943294,49.732001192942526,49.57312467241354,49.5731246724135,49.57312467241505,49.57312467241506,0.450000000017406,0.44999999998466894,49.73665580391041,49.81381556130445,0.4500000000504258,0.4500000000421282,0.4499999999692887,0.4499999999633036,0.4499999999999945,0.45,-1.155818068481799e-292,1.5269638991051016e-14,49.906907780652226
485.0,0.0,49.734328498428184,0.0,49.734328498427516,49.57487656525803,49.57487656525815,49.57487656525598,49.574876565256055,49.73200119294487,49.73200119294349,49.57312467241567,49.573124672415894,49.57312467241381,49.573124672413975,0.45000000001043683,0.4499999999880284,49.73665580391146,49.8138155613052,0.4500000000427951,0.45000000003459845,0.4499999999687715,0.4499999999637505,0.44999999999999607,0.45,3.4923997352596175e-292,1.5269638991051064e-14,49.9069077806526
486.0,0.0,49.734328498427615,0.0,49.73432849842676,49.57487656525956,49.574876565259686,49.574876565254144,49.574876565254236,49.73200119294439,49.73200119294268,49.57312467241721,49.573124672417464,49.57312467241198,49.573124672412135,0.4500000000061716,0.44999999998845674,49.73665580391082,49.813815561304736,0.45000000002948426,0.4500000000239359,0.44999999997930346,0.4499999999749659,0.44999999999999724,0.45,1.9516925416767539e-292,1.5269638991051098e-14,49.90690778065237
487.0,0.0,49.73432849842656,0.0,49.734328498425555,49.57487656526089,49.57487656526098,49.574876565252204,49.57487656525227,49.73200119294338,49.732001192941404,49.573124672418594,49.57312467241878,49.57312467241003,49.573124672410145,0.4500000000016561,0.449999999989546,49.73665580390975,49.81381556130397,0.4500000000133724,0.4500000000098538,0.44999999999395024,0.4499999999902433,0.44999999999999807,0.45,-1.2271583508803074e-292,1.5269638991051124e-14,49.906907780651984
488.0,0.0,49.73432849842643,0.0,49.734328498425235,49.57487656526249,49.57487656526257,49.57487656525063,49.574876565250676,49.73200119294336,49.73200119294099,49.573124672420235,49.5731246724204,49.57312467240844,49.573124672408525,0.4499999999944835,0.44999999999434115,49.73665580390952,49.813815561303805,0.4499999999949484,0.44999999999445567,0.45000000000498064,0.4500000000036739,0.4499999999999986,0.45,-1.493371644061465e-292,1.526963899105114e-14,49.906907780651906
489.0,0.0,49.73432849842544,0.0,49.734328498425306,49.574876565262244,49.574876565262265,49.57487656525042,49.57487656525044,49.732001192941794,49.73200119294153,49.57312467242009,49.57312467242016,49.57312467240818,49.57312467240822,0.4500000000071555,0.45000000000025725,49.73665580390909,49.81381556130357,0.4499999999752982,0.44999999997383805,0.45000000002424023,0.4500000000242004,0.44999999999964024,0.45,1.6532336202741093e-295,1.5269638991037634e-14,49.906907780651785
490.0,0.0,49.73432849842613,0.0,49.734328498426116,49.57487656526081,49.57487656526084,49.57487656525172,49.574876565251735,49.732001192942334,49.732001192942334,49.573124672418714,49.573124672418786,49.57312467240944,49.57312467240947,0.45000000001595714,0.4500000000080659,49.736655803909926,49.81381556130442,0.44999999996780254,0.4499999999665825,0.4500000000165902,0.4500000000163747,0.4499999999984201,0.45,-1.0788382472056028e-296,1.5269638990988993e-14,49.906907780652205
491.0,0.0,49.734328498429164,0.0,49.73432849842902,49.574876565259245,49.5748765652593,49.57487656525274,49.57487656525276,49.73200119294529,49.73200119294503,49.57312467241717,49.57312467241728,49.5731246724105,49.573124672410565,0.45000000003239904,0.45000000002420915,49.73665580391303,49.81381556130769,0.44999999996320594,0.44999999996105366,0.45000000000462737,0.450000000003399,0.4499999999924196,0.45,-5.147700070170305e-298,1.5269638990782255e-14,49.906907780653846
492.0,0.0,49.73432849842845,0.0,49.73432849842867,49.574876565258066,49.57487656525806,49.57487656525405,49.57487656525405,49.73200119294467,49.73200119294511,49.57312467241591,49.573124672415894,49.57312467241175,49.573124672411744,0.44999999998692786,0.4499999999791243,49.736655803912214,49.813815561306704,0.45000000000088347,0.4499999999989698,0.450000000031992,0.45000000003177615,0.4499999999933896,0.45,1.586688406682951e-298,1.5269638990858175e-14,49.90690778065337
493.0,0.0,49.73432849842718,0.0,49.73432849842794,49.574876565256524,49.574876565256474,49.57487656525556,49.57487656525554,49.7320011929432,49.732001192944686,49.57312467241436,49.57312467241428,49.57312467241327,49.573124672413215,0.44999999998270157,0.4499999999776404,49.73665580391116,49.81381556130568,0.45000000000734447,0.4500000000044894,0.4500000000294674,0.450000000028828,0.4499999999950369,0.45,2.288624478810784e-298,1.526963899091377e-14,49.90690778065285
494.0,0.0,49.73432849842564,0.0,49.73432849842729,49.57487656525385,49.57487656525376,49.57487656525811,49.574876565258066,49.73200119294114,49.73200119294444,49.57312467241174,49.57312467241157,49.57312467241588,49.57312467241578,0.4500000000009495,0.44999999999400603,49.73665580391014,49.813815561304764,0.45000000000485607,0.4500000000036146,0.45000000000903334,0.45000000000841783,0.44999999999677864,0.45,2.0141483905436358e-299,1.526963899095322e-14,49.90690778065238
495.0,0.0,49.734328498424084,0.0,49.734328498427224,49.57487656524929,49.57487656524914,49.574876565262535,49.57487656526246,49.732001192938746,49.73200119294502,49.573124672407246,49.573124672406955,49.57312467242038,49.573124672420214,0.45000000002887736,0.44999999999649326,49.736655803909414,49.81381556130411,0.45000000002035473,0.45000000001767787,0.44999999998423,0.44999999998284756,0.44999999999803175,0.45,-1.4316338197451551e-298,1.5269638990980704e-14,49.906907780652055
496.0,0.0,49.73432849842348,0.0,49.734328498427395,49.574876565243734,49.57487656524354,49.5748765652679,49.5748765652678,49.73200119293774,49.732001192945575,49.57312467240166,49.57312467240127,49.57312467242584,49.573124672425635,0.4500000000399699,0.44999999997039036,49.7366558039092,49.81381556130386,0.4500000000759625,0.4500000000693004,0.4499999999537559,0.4499999999493464,0.44999999999835133,0.45,-3.0781356427826756e-301,1.526963899100032e-14,49.90690778065193
497.0,0.0,49.734328498425775,0.0,49.73432849842472,49.574876565247294,49.57487656524733,49.57487656526371,49.574876565263736,49.732001192942604,49.73200119294049,49.57312467240486,49.57312467240494,49.573124672421734,49.57312467242179,0.45000000002990126,0.4499999999646517,49.73665580390896,49.8138155613036,0.45000000010952623,0.4500000001036495,0.4499999998903229,0.4499999998868327,0.4499999999988162,0.45,9.487814115089397e-302,1.5269638991014685e-14,49.90690778065181
498.0,0.0,49.73432849842609,0.0,49.734328498424055,49.574876565251124,49.57487656525121,49.57487656525971,49.574876565259764,49.73200119294342,49.732001192939336,49.5731246724086,49.57312467240879,49.573124672417755,49.57312467241787,0.45000000002638174,0.4499999999675065,49.73665580390876,49.813815561303414,0.45000000010119523,0.450000000096494,0.44999999989504447,0.4499999998917549,0.4499999999991571,0.45,1.3685134108715355e-301,1.52696389910252e-14,49.90690778065171
499.0,0.0,49.734328498425484,0.0,49.73432849842457,49.574876565254534,49.5748765652546,49.57487656525646,49.5748765652565,49.73200119294223,49.73200119294041,49.5731246724121,49.573124672412206,49.57312467241446,49.57312467241453,0.4500000000271711,0.44999999997317075,49.736655803908725,49.81381556130335,0.45000000007407237,0.45000000006889695,0.44999999993231515,0.44999999992851675,0.4499999999993992,0.45,1.20438678755046e-302,1.5269638991032658e-14,49.90690778065168
500.0,0.0,49.73432849842503,0.0,49.734328498425505,49.57487656525688,49.57487656525686,49.574876565254534,49.57487656525454,49.732001192941055,49.73200119294202,49.573124672414565,49.57312467241455,49.57312467241247,49.573124672412476,0.4500000000278432,0.44999999997804624,49.73665580390898,49.8138155613035,0.45000000004767393,0.4500000000455078,0.4499999999653343,0.44999999996271717,0.44999999999956797,0.45,-8.560644613905906e-302,1.5269638991037855e-14,49.90690778065175
501.0,0.0,49.734328498425484,0.0,49.73432849842571,49.574876565257625,49.57487656525761,49.57487656525399,49.57487656525399,49.73200119294164,49.7320011929421,49.57312467241538,49.57312467241537,49.57312467241185,49.57312467241185,0.45000000002545115,0.44999999997723805,49.73665580390931,49.81381556130372,0.450000000046321,0.4500000000429685,0.4499999999603004,0.4499999999583809,0.4499999999996881,0.45,-1.8406120998139873e-304,1.5269638991041566e-14,49.906907780651856
502.0,0.0,49.73432849842516,0.0,49.7343284984243,49.57487656525871,49.57487656525874,49.57487656525188,49.5748765652519,49.73200119294189,49.73200119294017,49.573124672416434,49.57312467241651,49.57312467240978,49.57312467240982,0.45000000001928386,0.4499999999788479,49.73665580390844,49.81381556130308,0.4500000000453748,0.4500000000424306,0.4499999999511627,0.44999999994942463,0.44999999999977613,0.45,5.673364493200927e-305,1.526963899104428e-14,49.906907780651544
503.0,0.0,49.734328498425185,0.0,49.73432849842394,49.574876565260205,49.574876565260254,49.57487656525046,49.5748765652505,49.73200119294211,49.73200119293962,49.57312467241792,49.57312467241802,49.57312467240833,49.573124672408376,0.450000000014931,0.44999999998301354,49.73665580390828,49.81381556130296,0.45000000003570323,0.4500000000337891,0.4499999999639635,0.44999999996164125,0.44999999999984064,0.45,8.183207743667639e-305,1.5269638991046267e-14,49.90690778065148
504.0,0.0,49.73432849842544,0.0,49.734328498424105,49.574876565262045,49.574876565262095,49.57487656524911,49.57487656524914,49.7320011929424,49.73200119293973,49.57312467241977,49.573124672419866,49.573124672406934,49.57312467240698,0.4500000000099189,0.44999999998973905,49.736655803908484,49.8138155613031,0.4500000000192194,0.4500000000183802,0.44999999998497753,0.44999999998307405,0.4499999999998863,0.45,7.201790795734627e-306,1.526963899104768e-14,49.906907780651544
505.0,0.0,49.73432849842581,0.0,49.73432849842422,49.57487656526419,49.57487656526424,49.57487656524721,49.57487656524724,49.73200119294289,49.73200119293972,49.57312467242194,49.57312467242205,49.573124672405,49.573124672405065,0.45000000000286616,0.44999999999793544,49.73665580390872,49.81381556130327,0.4499999999979386,0.4499999999974382,0.45000000000127566,0.4500000000009701,0.44999999999991824,0.45,-5.118951172768428e-305,1.5269638991048662e-14,49.906907780651636
506.0,0.0,49.7343284984259,0.0,49.73432849842411,49.57487656526599,49.57487656526604,49.574876565244914,49.57487656524494,49.73200119294309,49.732001192939514,49.573124672423795,49.573124672423894,49.573124672402734,49.57312467240281,0.45000000000661755,0.4499999999929377,49.73665580390872,49.81381556130326,0.44999999997330525,0.44999999997171575,0.45000000001185575,0.4500000000111318,0.449999999999941,0.45,-1.1006184571246492e-307,1.5269638991049363e-14,49.906907780651636
507.0,0.0,49.734328498424944,0.0,49.73432849842512,49.57487656526394,49.574876565263935,49.574876565247074,49.57487656524707,49.73200119294115,49.7320011929415,49.57312467242188,49.57312467242187,49.57312467240475,49.57312467240475,0.4500000000072917,0.44999999999269935,49.73665580390875,49.813815561303265,0.4499999999574611,0.4499999999568234,0.4500000000478883,0.4500000000464657,0.4499999999999576,0.45,3.392463667843772e-308,1.5269638991049877e-14,49.90690778065164
508.0,0.0,49.734328498424674,0.0,49.734328498425235,49.57487656526164,49.57487656526162,49.5748765652493,49.57487656524928,49.73200119294068,49.7320011929418,49.573124672419624,49.573124672419574,49.573124672406934,49.57312467240691,0.45000000000744794,0.44999999999257884,49.73665580390867,49.81381556130321,0.4499999999604613,0.4499999999590217,0.4500000000502379,0.45000000004899354,0.4499999999999698,0.45,4.893257782058592e-308,1.5269638991050253e-14,49.90690778065161
509.0,0.0,49.73432849842474,0.0,49.73432849842484,49.57487656525948,49.574876565259466,49.57487656525129,49.57487656525128,49.732001192940984,49.732001192941176,49.57312467241743,49.573124672417414,49.57312467240893,49.57312467240892,0.45000000000780804,0.4499999999920623,49.736655803908505,49.813815561303095,0.4499999999714728,0.4499999999702228,0.4500000000373723,0.45000000003655094,0.4499999999999785,0.45,4.30640648017988e-309,1.526963899105052e-14,49.906907780651544
510.0,0.0,49.73432849842483,0.0,49.734328498424304,49.57487656525786,49.57487656525786,49.57487656525274,49.57487656525274,49.732001192941375,49.73200119294033,49.57312467241575,49.57312467241575,49.57312467241042,49.57312467241043,0.4500000000085474,0.4499999999911816,49.736655803908285,49.81381556130294,0.44999999998205226,0.4499999999799486,0.4500000000277584,0.45000000002697405,0.4499999999999845,0.45,-3.0609448576579804e-308,1.5269638991050707e-14,49.90690778065147
511.0,0.0,49.73432849842468,0.0,49.734328498424226,49.57487656525734,49.57487656525733,49.574876565253554,49.57487656525356,49.73200119294119,49.73200119294029,49.573124672415204,49.57312467241519,49.57312467241126,49.573124672411254,0.450000000010179,0.44999999998945545,49.736655803908164,49.81381556130287,0.4499999999804014,0.4499999999781109,0.45000000003297014,0.45000000003292817,0.4499999999999888,0.45,-6.5812942786e-311,1.526963899105084e-14,49.90690778065143
512.0,0.0,49.73432849842474,0.0,49.734328498425114,49.574876565257405,49.5748765652574,49.57487656525496,49.574876565254954,49.73200119294086,49.7320011929416,49.57312467241528,49.57312467241527,49.573124672412696,49.57312467241268,0.450000000008785,0.4499999999906961,49.73665580390864,49.813815561303194,0.4499999999703648,0.44999999997005324,0.45000000002216045,0.45000000002138174,0.449999999999992,0.45,2.0285687181614e-311,1.5269638991050937e-14,49.90690778065161
513.0,0.0,49.73432849842454,0.0,49.73432849842533,49.57487656525607,49.574876565256055,49.57487656525634,49.57487656525633,49.732001192940444,49.732001192942,49.57312467241396,49.573124672413925,49.57312467241409,49.573124672414075,0.4500000000070664,0.4499999999937876,49.73665580390864,49.813815561303194,0.44999999997440976,0.44999999997374973,0.4500000000171542,0.4500000000169054,0.44999999999999435,0.45,2.9259884964053e-311,1.526963899105101e-14,49.9069077806516
514.0,0.0,49.734328498424055,0.0,49.73432849842516,49.574876565253625,49.57487656525359,49.57487656525813,49.574876565258116,49.73200119293978,49.73200119294199,49.57312467241153,49.57312467241145,49.573124672415865,49.57312467241585,0.4500000000038154,0.4499999999999635,49.73665580390831,49.81381556130296,0.4499999999880074,0.4499999999871071,0.4500000000130967,0.45000000001273055,0.449999999999996,0.45,2.575072964285e-312,1.526963899105106e-14,49.90690778065148
515.0,0.0,49.734328498423245,0.0,49.734328498424915,49.57487656525038,49.57487656525033,49.57487656526076,49.57487656526073,49.73200119293869,49.73200119294203,49.5731246724083,49.57312467240817,49.57312467241847,49.57312467241845,0.45000000000909174,0.4499999999991892,49.73665580390779,49.81381556130259,0.45000000000847035,0.4500000000061905,0.4500000000039376,0.4500000000032849,0.4499999999999971,0.45,-1.830332641471e-311,1.5269638991051095e-14,49.906907780651295
516.0,0.0,49.73432849842286,0.0,49.734328498424894,49.57487656524749,49.574876565247436,49.57487656526382,49.5748765652638,49.732001192938114,49.73200119294218,49.57312467240536,49.57312467240524,49.57312467242157,49.57312467242153,0.4500000000196516,0.4499999999906032,49.73665580390758,49.81381556130244,0.45000000003431023,0.45000000002993096,0.4499999999784603,0.44999999997714013,0.44999999999999785,0.45,-3.9353723444e-314,1.526963899105112e-14,49.90690778065122
517.0,0.0,49.734328498425285,0.0,49.734328498424865,49.57487656524974,49.57487656524976,49.574876565262045,49.57487656526205,49.73200119294178,49.73200119294093,49.57312467240742,49.57312467240746,49.57312467241997,49.57312467241999,0.450000000012677,0.4499999999845508,49.736655803908796,49.8138155613033,0.4500000000531709,0.45000000005056867,0.449999999942425,0.44999999994162665,0.44999999999999857,0.45,1.2130096137e-314,1.526963899105114e-14,49.90690778065166
518.0,0.0,49.73432849842565,0.0,49.734328498424745,49.57487656525178,49.57487656525182,49.574876565259885,49.57487656525989,49.73200119294239,49.73200119294057,49.573124672409406,49.57312467240949,49.57312467241784,49.573124672417876,0.45000000001094276,0.4499999999852192,49.73665580390892,49.813815561303386,0.4500000000501647,0.4500000000484087,0.4499999999440252,0.4499999999438541,0.44999999999999896,0.45,1.749633692e-314,1.5269638991051152e-14,49.9069077806517
519.0,0.0,49.73432849842494,0.0,49.73432849842463,49.57487656525334,49.57487656525337,49.57487656525788,49.57487656525789,49.73200119294139,49.73200119294075,49.57312467241101,49.573124672411076,49.573124672415815,49.57312467241583,0.45000000001217544,0.4499999999883939,49.7366558039085,49.813815561303095,0.45000000003735946,0.45000000003633417,0.4499999999631904,0.44999999996277906,0.44999999999999923,0.45,1.539799083e-315,1.526963899105116e-14,49.906907780651544
520.0,0.0,49.734328498424155,0.0,49.7343284984246,49.57487656525413,49.574876565254144,49.57487656525661,49.574876565256616,49.73200119294021,49.73200119294112,49.57312467241187,49.57312467241189,49.573124672414494,49.57312467241449,0.4500000000141014,0.44999999998986023,49.73665580390809,49.81381556130281,0.45000000002762064,0.4500000000264308,0.4499999999792823,0.4499999999779266,0.4499999999999994,0.45,-1.094471719e-314,1.5269638991051168e-14,49.9069077806514
521.0,0.0,49.73432849842441,0.0,49.73432849842482,49.5748765652542,49.57487656525421,49.57487656525643,49.57487656525643,49.732001192940494,49.7320011929413,49.573124672411964,49.573124672411986,49.57312467241428,49.573124672414274,0.45000000001267304,0.4499999999881038,49.736655803908334,49.81381556130298,0.450000000029884,0.45000000002976187,0.44999999997298323,0.4499999999723491,0.44999999999999957,0.45,-2.353208e-317,1.526963899105117e-14,49.90690778065149
522.0,0.0,49.73432849842549,0.0,49.73432849842501,49.57487656525588,49.57487656525589,49.57487656525549,49.57487656525549,49.73200119294201,49.73200119294106,49.57312467241363,49.573124672413655,49.57312467241335,49.57312467241335,0.4500000000116672,0.44999999998767215,49.73665580390895,49.813815561303414,0.45000000002704665,0.4500000000263177,0.44999999996971174,0.4499999999696953,0.4499999999999998,0.45,7.25335e-318,1.5269638991051174e-14,49.90690778065171
523.0,0.0,49.734328498425796,0.0,49.73432849842482,49.57487656525761,49.574876565257625,49.57487656525401,49.57487656525401,49.73200119294257,49.732001192940615,49.57312467241537,49.57312467241539,49.57312467241188,49.573124672411886,0.4500000000086648,0.4499999999904818,49.736655803909,49.81381556130344,0.45000000001350227,0.45000000001300977,0.4499999999728268,0.4499999999723926,0.44999999999999984,0.45,1.0462166e-317,1.5269638991051177e-14,49.90690778065173
524.0,0.0,49.734328498426144,0.0,49.734328498424716,49.57487656525906,49.574876565259075,49.57487656525164,49.57487656525164,49.73200119294315,49.73200119294029,49.57312467241691,49.57312467241694,49.57312467240955,49.57312467240956,0.4500000000032203,0.44999999999613044,49.73665580390914,49.81381556130354,0.4499999999769377,0.4499999999765701,0.4499999999802256,0.44999999997943424,0.44999999999999984,0.45,9.2074e-319,1.526963899105118e-14,49.90690778065178
525.0,0.0,49.73432849842739,0.0,49.734328498425185,49.57487656525989,49.57487656525992,49.5748765652481,49.574876565248104,49.73200119294479,49.73200119294039,49.573124672417975,49.57312467241803,49.57312467240603,49.57312467240606,0.4500000000039422,0.449999999995162,49.73665580390998,49.813815561304146,0.4499999999044036,0.4499999999043664,0.44999999999004053,0.4499999999895779,0.44999999999999984,0.45,-6.544537e-318,1.526963899105118e-14,49.90690778065208
526.0,0.0,49.734328498429264,0.0,49.734328498426606,49.5748765652595,49.574876565259544,49.574876565244175,49.57487656524418,49.73200119294692,49.7320011929416,49.57312467241784,49.57312467241792,49.57312467240211,49.573124672402116,0.4500000000144836,0.4499999999838741,49.73665580391161,49.8138155613053,0.4499999998443014,0.4499999998431031,0.4500000000170407,0.45000000001628987,0.44999999999999996,0.45,-1.407e-320,1.526963899105118e-14,49.90690778065265
527.0,0.0,49.73432849842698,0.0,49.734328498427445,49.574876565257384,49.57487656525738,49.57487656524685,49.57487656524685,49.73200119294306,49.732001192944,49.57312467241532,49.5731246724153,49.573124672404475,49.57312467240447,0.45000000001616697,0.44999999998415413,49.73665580391089,49.8138155613048,0.4500000000099719,0.4500000000086554,0.45000000008493063,0.45000000008492796,0.44999999999999996,0.45,4.333e-321,1.526963899105118e-14,49.906907780652396
528.0,0.0,49.734328498426414,0.0,49.734328498427494,49.57487656525603,49.574876565256005,49.574876565249824,49.574876565249824,49.73200119294218,49.73200119294435,49.57312467241381,49.573124672413776,49.57312467240737,49.57312467240735,0.45000000001552587,0.4499999999849549,49.736655803910644,49.813815561304615,0.4500000000289165,0.45000000002736706,0.45000000008522545,0.45000000008479357,0.44999999999999996,0.45,6.25e-321,1.5269638991051184e-14,49.906907780652304
529.0,0.0,49.73432849842671,0.0,49.734328498427075,49.574876565255444,49.57487656525544,49.57487656525253,49.57487656525253,49.732001192942846,49.73200119294356,49.573124672413236,49.57312467241323,49.57312467241014,49.57312467241012,0.45000000001400425,0.4499999999856729,49.73665580391058,49.81381556130457,0.44999999998210255,0.4499999999813296,0.4500000000544517,0.45000000005427226,0.44999999999999996,0.45,5.53e-322,1.5269638991051184e-14,49.906907780652276
530.0,0.0,49.73432849842703,0.0,49.734328498426486,49.57487656525565,49.57487656525566,49.574876565254414,49.57487656525442,49.73200119294362,49.73200119294251,49.57312467241348,49.573124672413485,49.57312467241212,49.573124672412106,0.45000000001331913,0.4499999999854321,49.736655803910445,49.81381556130447,0.44999999995169376,0.44999999995143874,0.4500000000306842,0.450000000030201,0.44999999999999996,0.45,-3.91e-321,1.5269638991051184e-14,49.90690778065223
531.0,0.0,49.73432849842683,0.0,49.73432849842643,49.57487656525662,49.57487656525663,49.574876565254996,49.574876565254996,49.73200119294332,49.73200119294253,49.57312467241439,49.57312467241439,49.573124672412725,49.57312467241273,0.45000000001541846,0.44999999998488677,49.73665580391032,49.81381556130444,0.44999999999441576,0.449999999993815,0.45000000004144003,0.45000000004093343,0.4499999999996077,0.45,-5e-324,1.5269638991038265e-14,49.906907780652226
532.0,0.0,49.734328498426606,0.0,49.73432849842718,49.57487656525563,49.574876565255636,49.574876565256126,49.574876565256126,49.732001192942604,49.73200119294376,49.57312467241345,49.57312467241346,49.57312467241386,49.573124672413854,0.4500000000137123,0.4499999999887698,49.7366558039106,49.81381556130481,0.44999999996991835,0.4499999999688231,0.4500000000313568,0.4500000000313375,0.44999999999859236,0.45,0.0,1.5269638991005963e-14,49.9069077806524
533.0,0.0,49.734328498424894,0.0,49.73432849842609,49.574876565252175,49.574876565252175,49.574876565258094,49.57487656525809,49.732001192940594,49.73200119294302,49.57312467241005,49.57312467241003,49.57312467241585,49.57312467241583,0.45000000000585977,0.4499999999872674,49.73665580390918,49.81381556130358,0.4499999999772256,0.44999999997458306,0.45000000002061524,0.4500000000202774,0.44999999999992296,0.45,1e-323,1.5269638991051477e-14,49.906907780651785
534.0,0.0,49.73432849842279,0.0,49.73432849842465,49.57487656524761,49.57487656524759,49.57487656526011,49.5748765652601,49.7320011929382,49.73200119294194,49.57312467240549,49.57312467240542,49.57312467241798,49.57312467241797,0.4499999999951432,0.4499999999870613,49.73665580390736,49.81381556130185,0.4500000000072572,0.45000000000016743,0.4499999999865434,0.4499999999859058,0.45000000000254964,0.45,0.0,1.5269638991138242e-14,49.90690778065092
535.0,0.0,49.7343284984214,0.0,49.73432849842431,49.57487656524322,49.57487656524321,49.57487656526139,49.57487656526138,49.7320011929363,49.73200119294215,49.573124672401086,49.573124672400986,49.57312467241959,49.573124672419574,0.4499999999972914,0.4499999999823869,49.73665580390647,49.81381556130074,0.45000000004834756,0.45000000003723367,0.44999999990645223,0.44999999990639206,0.4500000000054224,0.45,0.0,1.5269638991229687e-14,49.90690778065037
536.0,0.0,49.73432849842254,0.0,49.734328498426,49.574876565242135,49.574876565242135,49.57487656526078,49.574876565260766,49.73200119293716,49.732001192944075,49.57312467239985,49.5731246723998,49.57312467241941,49.57312467241939,0.4500000000220659,0.44999999997545354,49.73665580390793,49.813815561301574,0.45000000008417224,0.45000000007460467,0.44999999982155486,0.4499999998210717,0.45000000000682017,0.45,0.0,1.5269638991267297e-14,49.90690778065078
537.0,0.0,49.73432849842667,0.0,49.73432849842576,49.574876565249916,49.57487656524993,49.57487656525766,49.57487656525766,49.7320011929434,49.73200119294158,49.57312467240746,49.573124672407516,49.5731246724157,49.5731246724157,0.4500000000335479,0.44999999998499995,49.73665580390995,49.81381556130343,0.45000000008202556,0.45000000008136165,0.44999999997912626,0.4499999999791125,0.4500000000044189,0.45,0.0,1.5269638991183857e-14,49.906907780651714
538.0,0.0,49.73432849842751,0.0,49.73432849842567,49.57487656525394,49.57487656525396,49.574876565255174,49.57487656525518,49.7320011929447,49.73200119294101,49.573124672411474,49.573124672411566,49.573124672412995,49.573124672413,0.45000000002973456,0.4499999999864865,49.736655803910324,49.81381556130391,0.45000000007244423,0.4500000000712139,0.45000000000527496,0.4500000000051414,0.45000000000312573,0.45,0.0,1.5269638991143935e-14,49.906907780651956
539.0,0.0,49.73432849842682,0.0,49.73432849842587,49.574876565255806,49.57487656525583,49.57487656525334,49.57487656525335,49.732001192943585,49.732001192941674,49.573124672413414,49.573124672413485,49.573124672411176,49.57312467241118,0.4500000000207913,0.4499999999850869,49.736655803910054,49.81381556130385,0.4500000000563429,0.4500000000550859,0.4499999999678995,0.44999999996758056,0.4500000000022511,0.45,0.0,1.5269638991120117e-14,49.90690778065191
540.0,0.0,49.73432849842633,0.0,49.7343284984265,49.57487656525708,49.5748765652571,49.57487656525216,49.57487656525216,49.73200119294254,49.732001192942896,49.57312467241478,49.57312467241481,49.57312467241008,49.57312467241009,0.4500000000157918,0.4499999999870668,49.736655803910125,49.813815561304075,0.45000000004082186,0.4500000000377161,0.4499999999349065,0.44999999993484413,0.4500000000011054,0.45,0.0,1.526963899108501e-14,49.90690778065203
541.0,0.0,49.73432849842751,0.0,49.734328498427466,49.57487656525897,49.57487656525897,49.57487656525159,49.57487656525159,49.73200119294381,49.73200119294372,49.57312467241671,49.57312467241672,49.57312467240951,49.57312467240952,0.45000000001767304,0.4499999999922346,49.73665580391123,49.81381556130517,0.45000000003011353,0.45000000002939033,0.4499999999750007,0.44999999997497725,0.449999999999153,0.45,0.0,1.526963899102068e-14,49.90690778065259
542.0,0.0,49.73432849842766,0.0,49.734328498427,49.57487656525974,49.57487656525975,49.574876565251294,49.5748765652513,49.732001192944296,49.73200119294295,49.573124672417485,49.5731246724175,49.573124672409094,49.573124672409094,0.45000000001157614,0.4499999999916209,49.73665580391105,49.81381556130509,0.4500000000272602,0.45000000002584056,0.449999999997324,0.4499999999966313,0.44999999999888785,0.45,0.0,1.5269638991013533e-14,49.906907780652546
543.0,0.0,49.73432849842951,0.0,49.73432849842833,49.574876565261576,49.574876565261576,49.574876565250214,49.574876565250214,49.732001192946214,49.73200119294387,49.57312467241932,49.57312467241931,49.57312467240806,49.573124672408085,0.4500000000339522,0.45000000002306934,49.73665580391281,49.81381556130706,0.450000000016596,0.4500000000155866,0.4499999999717183,0.4499999999712691,0.44999999999529167,0.45,0.0,1.5269638990873712e-14,49.90690778065353
544.0,0.0,49.73432849843018,0.0,49.734328498429626,49.57487656526251,49.574876565262514,49.57487656524991,49.57487656524991,49.732001192946676,49.7320011929456,49.57312467242027,49.57312467242027,49.57312467240767,49.57312467240768,0.45000000000051726,0.44999999999682055,49.73665580391367,49.813815561308026,0.45000000000574997,0.4500000000044683,0.45000000001820034,0.450000000017812,0.4499999999921344,0.45,0.0,1.5269638990802607e-14,49.90690778065402
545.0,0.0,49.73432849842892,0.0,49.73432849842898,49.57487656526189,49.574876565261896,49.5748765652509,49.5748765652509,49.73200119294528,49.73200119294543,49.57312467241969,49.57312467241971,49.573124672408554,49.573124672408554,0.44999999997600065,0.44999999997492895,49.736655803912555,49.813815561306875,0.44999999999729884,0.44999999999675694,0.450000000044435,0.45000000004403434,0.44999999999365387,0.45,0.0,1.526963899087368e-14,49.906907780653434
546.0,0.0,49.734328498428084,0.0,49.734328498428006,49.574876565261185,49.57487656526119,49.57487656525196,49.57487656525197,49.73200119294451,49.73200119294437,49.57312467241901,49.57312467241902,49.57312467240961,49.57312467240962,0.4499999999864292,0.44999999998392454,49.73665580391165,49.81381556130598,0.44999999999249857,0.44999999999199086,0.4500000000384601,0.450000000038315,0.4499999999955746,0.45,0.0,1.5269638990924884e-14,49.906907780652986
547.0,0.0,49.734328498427416,0.0,49.73432849842684,49.57487656526088,49.57487656526089,49.57487656525301,49.57487656525302,49.73200119294401,49.73200119294286,49.57312467241871,49.57312467241871,49.573124672410636,49.57312467241067,0.45000000000681273,0.4500000000001574,49.736655803910814,49.8138155613052,0.4499999999925859,0.4499999999918125,0.45000000003073826,0.4500000000302027,0.4499999999972755,0.45,0.0,1.5269638990960777e-14,49.9069077806526
548.0,0.0,49.73432849842664,0.0,49.734328498425626,49.57487656526146,49.57487656526147,49.57487656525389,49.574876565253916,49.732001192943414,49.732001192941375,49.573124672419226,49.573124672419226,49.573124672411474,49.57312467241153,0.45000000001266316,0.4499999999994755,49.73665580390987,49.8138155613044,0.44999999999879714,0.4499999999978642,0.4500000000509345,0.4500000000500434,0.44999999999813556,0.45,0.0,1.526963899098591e-14,49.906907780652205
549.0,0.0,49.73432849842558,0.0,49.73432849842538,49.5748765652613,49.57487656526131,49.5748765652546,49.574876565254606,49.732001192941986,49.73200119294157,49.573124672419134,49.573124672419134,49.57312467241227,49.57312467241228,0.45000000000655804,0.44999999999012685,49.73665580390918,49.8138155613038,0.44999999997453544,0.4499999999728843,0.4500000000277664,0.4500000000267429,0.44999999999863416,0.45,0.0,1.52696389910093e-14,49.9069077806519
550.0,0.0,49.73432849842503,0.0,49.734328498425455,49.57487656525966,49.574876565259665,49.574876565255586,49.57487656525558,49.73200119294112,49.732001192941986,49.57312467241756,49.57312467241756,49.57312467241335,49.57312467241332,0.45000000000533164,0.4499999999903513,49.73665580390893,49.81381556130354,0.4499999999620932,0.44999999996147205,0.45000000000245466,0.45000000000220985,0.44999999999912516,0.45,0.0,1.526963899102505e-14,49.906907780651764
551.0,0.0,49.73432849842463,0.0,49.734328498425214,49.57487656525795,49.574876565257966,49.57487656525659,49.574876565256574,49.73200119294066,49.7320011929418,49.57312467241582,49.57312467241583,49.57312467241438,49.57312467241435,0.4500000000028859,0.4499999999897532,49.7366558039086,49.81381556130319,0.4499999999822767,0.4499999999813349,0.4500000000034232,0.4500000000027613,0.4499999999998313,0.45,0.0,1.526963899104852e-14,49.906907780651586
552.0,0.0,49.734328498423864,0.0,49.73432849842449,49.574876565256965,49.574876565256986,49.57487656525719,49.574876565257185,49.73200119293988,49.73200119294113,49.57312467241467,49.573124672414686,49.57312467241504,49.57312467241503,0.449999999997029,0.44999999998892404,49.73665580390784,49.81381556130237,0.4500000000253056,0.4500000000243122,0.4500000000004636,0.45000000000027474,0.4500000000014276,0.45,0.0,1.526963899110148e-14,49.90690778065118
553.0,0.0,49.73432849842217,0.0,49.734328498423174,49.57487656525747,49.57487656525749,49.57487656525702,49.57487656525701,49.732001192938036,49.732001192940054,49.573124672414856,49.5731246724149,49.57312467241502,49.573124672415005,0.4499999999883008,0.44999999998572265,49.736655803906295,49.81381556130074,0.4500000000818436,0.45000000008179886,0.44999999996535905,0.4499999999646355,0.4500000000045891,0.45,0.0,1.5269638991205706e-14,49.90690778065037
554.0,0.0,49.73432849842234,0.0,49.73432849842274,49.57487656525801,49.574876565258016,49.574876565256446,49.574876565256446,49.73200119293844,49.73200119293924,49.573124672415645,49.573124672415666,49.57312467241439,49.573124672414366,0.4500000000042434,0.4500000000013989,49.736655803906245,49.813815561300686,0.4500000000005227,0.45000000000017576,0.44999999998538615,0.4499999999847499,0.4500000000050483,0.45,0.0,1.5269638991208388e-14,49.90690778065035
555.0,0.0,49.73432849842324,0.0,49.73432849842307,49.57487656525767,49.57487656525765,49.57487656525598,49.57487656525598,49.732001192939556,49.73200119293922,49.57312467241558,49.573124672415574,49.57312467241381,49.573124672413805,0.4500000000151329,0.4500000000104219,49.736655803906935,49.81381556130142,0.449999999946977,0.44999999994475975,0.4500000000099513,0.45000000000974866,0.4500000000038206,0.45,0.0,1.5269638991162284e-14,49.906907780650705
556.0,0.0,49.73432849842375,0.0,49.73432849842369,49.574876565256936,49.57487656525693,49.57487656525575,49.57487656525576,49.73200119294001,49.7320011929399,49.573124672414885,49.57312467241488,49.57312467241356,49.573124672413556,0.45000000001243273,0.4500000000073678,49.73665580390748,49.81381556130201,0.44999999996692963,0.4499999999664648,0.4500000000021381,0.450000000001013,0.4500000000025254,0.45,0.0,1.526963899112361e-14,49.906907780651004
557.0,0.0,49.73432849842454,0.0,49.73432849842488,49.57487656525557,49.57487656525557,49.57487656525616,49.574876565256154,49.7320011929406,49.732001192941276,49.5731246724135,49.57312467241349,49.57312467241396,49.57312467241396,0.4500000000097537,0.4500000000028622,49.73665580390848,49.813815561303066,0.45000000000001633,0.44999999999996637,0.44999999998848433,0.4499999999883834,0.4500000000002219,0.45,0.0,1.52696389910536e-14,49.90690778065153
558.0,0.0,49.734328498426294,0.0,49.734328498426926,49.574876565253305,49.574876565253305,49.57487656525761,49.574876565257604,49.73200119294218,49.73200119294343,49.573124672411296,49.573124672411296,49.57312467241533,49.573124672415325,0.4500000000201609,0.450000000008077,49.73665580391041,49.813815561305155,0.44999999998308365,0.4499999999827288,0.44999999999871065,0.4499999999985178,0.4499999999959695,0.45,0.0,1.5269638990913486e-14,49.906907780652574
559.0,0.0,49.734328498427516,0.0,49.73432849842756,49.57487656525353,49.57487656525364,49.5748765652582,49.574876565258194,49.73200119294378,49.73200119294384,49.57312467241136,49.573124672411524,49.57312467241598,49.573124672415965,0.450000000005274,0.4499999999909708,49.73665580391126,49.813815561305944,0.45000000001137824,0.450000000010153,0.4499999999850506,0.4499999999846206,0.44999999999449686,0.45,0.0,1.526963899087893e-14,49.90690778065297
560.0,0.0,49.73432849842717,0.0,49.73432849842675,49.57487656525459,49.574876565254634,49.57487656525729,49.57487656525729,49.73200119294373,49.73200119294289,49.573124672412305,49.57312467241238,49.57312467241513,49.57312467241513,0.44999999999198886,0.4499999999791246,49.7366558039106,49.81381556130522,0.45000000003382384,0.4500000000315629,0.4499999999738843,0.44999999997367546,0.44999999999576157,0.45,0.0,1.5269638990928184e-14,49.90690778065261
561.0,0.0,49.73432849842647,0.0,49.734328498425896,49.57487656525551,49.574876565255465,49.574876565256304,49.57487656525631,49.7320011929431,49.732001192941944,49.573124672413336,49.57312467241325,49.57312467241411,49.57312467241412,0.44999999999581614,0.44999999998658474,49.73665580390985,49.8138155613045,0.44999999999558893,0.44999999999294105,0.44999999999316886,0.4499999999929315,0.44999999999702234,0.45,0.0,1.5269638990963664e-14,49.90690778065225
562.0,0.0,49.73432849842601,0.0,49.734328498425256,49.57487656525758,49.57487656525756,49.574876565255835,49.57487656525584,49.732001192942676,49.73200119294119,49.57312467241557,49.57312467241555,49.5731246724135,49.57312467241351,0.45000000000370177,0.4499999999993085,49.736655803909336,49.81381556130401,0.4499999999239687,0.44999999992112033,0.45000000003090884,0.45000000003066926,0.4499999999980561,0.45,0.0,1.5269638990988535e-14,49.906907780652006
563.0,0.0,49.73432849842634,0.0,49.73432849842511,49.574876565262045,49.57487656526239,49.574876565256524,49.57487656525654,49.732001192943244,49.732001192940764,49.57312467242009,49.57312467242072,49.57312467241393,49.57312467241396,0.4500000000040722,0.45000000000177304,49.73665580390944,49.813815561304,0.4499999998452953,0.449999999843897,0.45000000007533686,0.4500000000749415,0.44999999999864,0.45,0.0,1.526963899100595e-14,49.906907780652006
564.0,0.0,49.73432849842284,0.0,49.73432849842258,49.57487656525395,49.574876565254044,49.57487656525646,49.57487656525646,49.732001192939244,49.73200119293871,49.573124672412014,49.5731246724122,49.57312467241409,49.5731246724141,0.450000000006877,0.4499999999909783,49.736655803906444,49.81381556130181,0.4499999999606243,0.44999999995069423,0.45000000001464757,0.450000000013827,0.4499999999989437,0.45,0.0,1.526963899101861e-14,49.906907780650904
565.0,0.0,49.734328498420815,0.0,49.73432849842135,49.57487656524802,49.57487656524782,49.5748765652562,49.57487656525619,49.73200119293682,49.732001192937865,49.57312467240599,49.57312467240566,49.573124672414075,49.57312467241407,0.4500000000098521,0.4499999999885894,49.736655803904824,49.81381556130061,0.45000000004728213,0.4500000000315758,0.44999999997279666,0.44999999997241075,0.44999999999924556,0.45,0.0,1.5269638991027925e-14,49.906907780650315
566.0,0.0,49.734328498421846,0.0,49.734328498422215,49.574876565249944,49.574876565249845,49.574876565256396,49.57487656525639,49.732001192937936,49.73200119293867,49.57312467240775,49.57312467240758,49.57312467241429,49.57312467241428,0.4500000000082501,0.449999999990559,49.73665580390576,49.81381556130124,0.45000000003346224,0.4500000000227971,0.4499999999875923,0.4499999999872476,0.4499999999994632,0.45,0.0,1.5269638991034633e-14,49.90690778065062
567.0,0.0,49.73432849842373,0.0,49.73432849842355,49.57487656525419,49.574876565254314,49.574876565256396,49.574876565256396,49.732001192940096,49.73200119293974,49.57312467241184,49.573124672412064,49.57312467241422,49.57312467241422,0.4500000000055986,0.4499999999934331,49.736655803907354,49.81381556130235,0.4499999999930987,0.44999999998721507,0.4500000000160145,0.4500000000159181,0.4499999999996159,0.45,0.0,1.5269638991039335e-14,49.906907780651174
568.0,0.0,49.73432849842425,0.0,49.734328498423736,49.57487656525521,49.57487656525541,49.57487656525555,49.574876565255565,49.73200119294077,49.73200119293976,49.57312467241283,49.57312467241321,49.57312467241337,49.57312467241338,0.4500000000059709,0.4499999999932119,49.7366558039077,49.813815561302576,0.4499999999993288,0.44999999998848317,0.45000000001600243,0.450000000015043,0.4499999999997226,0.45,0.0,1.526963899104263e-14,49.90690778065129
569.0,0.0,49.73432849842382,0.0,49.734328498423984,49.57487656525493,49.57487656525487,49.574876565255174,49.574876565255174,49.73200119294003,49.73200119294035,49.57312467241278,49.573124672412646,49.57312467241298,49.57312467241298,0.4500000000052277,0.4499999999914595,49.736655803907624,49.81381556130245,0.4499999999763451,0.44999999996533513,0.4500000000171143,0.45000000001675705,0.4500000000000784,0.45,0.0,1.5269638991055364e-14,49.90690778065122
570.0,0.0,49.734328498423274,0.0,49.73432849842364,49.57487656525408,49.57487656525388,49.57487656525579,49.57487656525579,49.73200119293942,49.73200119294017,49.57312467241203,49.57312467241162,49.57312467241356,49.57312467241356,0.4499999999941413,0.44999999998268503,49.73665580390713,49.81381556130187,0.44999999998787277,0.4499999999794203,0.4500000000163443,0.4500000000163048,0.45000000000118034,0.45,0.0,1.526963899110018e-14,49.90690778065093
571.0,0.0,49.73432849842072,0.0,49.73432849842119,49.57487656525293,49.57487656525267,49.57487656525661,49.5748765652566,49.732001192936956,49.73200119293789,49.573124672410906,49.5731246724104,49.57312467241438,49.573124672414366,0.4499999999754391,0.449999999968458,49.7366558039045,49.813815561298895,0.4499999999918801,0.44999999998744566,0.4500000000143681,0.4500000000135707,0.45000000000755785,0.45,0.0,1.5269638991318926e-14,49.906907780649455
572.0,0.0,49.734328498420986,0.0,49.73432849842123,49.57487656525273,49.574876565252644,49.57487656525679,49.57487656525677,49.73200119293714,49.732001192937595,49.57312467241061,49.57312467241043,49.57312467241461,49.5731246724146,0.45000000001511153,0.4500000000102661,49.73665580390484,49.813815561299286,0.44999999999643814,0.4499999999953965,0.4499999999941395,0.4499999999929842,0.4500000000079155,0.45,0.0,1.5269638991288893e-14,49.90690778064964
573.0,0.0,49.73432849842106,0.0,49.73432849842151,49.574876565252275,49.57487656525219,49.57487656525737,49.574876565257355,49.73200119293711,49.732001192938014,49.5731246724101,49.57312467240994,49.57312467241517,49.57312467241515,0.45000000000564483,0.4500000000047573,49.736655803905,49.813815561299464,0.4500000000127196,0.4500000000123537,0.45000000000329715,0.45000000000270696,0.45000000000740786,0.45,0.0,1.5269638991277432e-14,49.90690778064973
574.0,0.0,49.734328498417995,0.0,49.73432849841907,49.574876565251635,49.57487656525146,49.57487656525907,49.57487656525903,49.73200119293393,49.73200119293608,49.5731246724094,49.573124672409044,49.57312467241675,49.57312467241668,0.44999999996904205,0.44999999996120377,49.73665580390205,49.81381556129633,0.4500000000529882,0.45000000004731117,0.450000000031051,0.45000000003018525,0.45000000001276164,0.45,0.0,1.526963899147975e-14,49.90690778064817
575.0,0.0,49.73432849840884,0.0,49.7343284984109,49.57487656525092,49.574876565250555,49.57487656526254,49.574876565262464,49.732001192924635,49.73200119292875,49.57312467240855,49.57312467240784,49.57312467242005,49.5731246724199,0.44999999991995654,0.4499999998962273,49.73665580389305,49.81381556128682,0.45000000012459596,0.4500000001141743,0.4500000000655771,0.4500000000639,0.45000000003070373,0.45,0.0,1.5269638992091054e-14,49.906907780643415
576.0,0.0,49.734328498395655,0.0,49.73432849839807,49.57487656525056,49.57487656525016,49.57487656526692,49.574876565266834,49.73200119291142,49.73200119291627,49.57312467240805,49.573124672407246,49.57312467242443,49.57312467242424,0.44999999992795353,0.4499999998825625,49.7366558038799,49.813815561272925,0.4500000001683941,0.4500000001496904,0.4500000000360726,0.4500000000308258,0.4500000000589255,0.45,0.0,1.5269638992981195e-14,49.90690778063647
577.0,0.0,49.73432849840533,0.0,49.73432849840452,49.57487656525224,49.57487656525239,49.57487656526265,49.57487656526268,49.73200119292168,49.73200119292005,49.573124672410096,49.573124672410415,49.57312467242093,49.57312467242101,0.4500000001170855,0.45000000007645513,49.736655803889,49.813815561282496,0.44999999995199513,0.4499999999350369,0.44999999981350414,0.4499999998106968,0.4500000000441259,0.45,0.0,1.526963899237192e-14,49.90690778064125
578.0,0.0,49.734328498411266,0.0,49.734328498409745,49.57487656525342,49.574876565253724,49.57487656525804,49.5748765652581,49.73200119292778,49.732001192924734,49.57312467241136,49.573124672411964,49.573124672416455,49.57312467241659,0.4500000001218374,0.4500000000866423,49.73665580389476,49.813815561288564,0.44999999993615697,0.4499999999220728,0.44999999981879446,0.4499999998166194,0.4500000000320201,0.45,0.0,1.526963899198488e-14,49.906907780644275
579.0,0.0,49.734328498415266,0.0,49.73432849841439,49.57487656525418,49.57487656525439,49.57487656525373,49.57487656525377,49.73200119293169,49.73200119292994,49.57312467241206,49.573124672412476,49.573124672411964,49.57312467241206,0.4500000000461467,0.45000000001725604,49.736655803898834,49.813815561292856,0.45000000000649876,0.4499999999963429,0.4499999999214823,0.449999999920193,0.4500000000216557,0.45,0.0,1.5269638991712094e-14,49.90690778064643
580.0,0.0,49.734328498419146,0.0,49.73432849841909,49.57487656525458,49.57487656525464,49.57487656525037,49.574876565250385,49.732001192935414,49.73200119293529,49.573124672412405,49.57312467241253,49.5731246724084,49.573124672408426,0.4499999999947695,0.44999999997160955,49.73665580390287,49.81381556129709,0.4500000000494376,0.4500000000425943,0.4499999999926994,0.44999999999142365,0.4500000000120799,0.45,0.0,1.5269638991445595e-14,49.90690778064855
581.0,0.0,49.73432849842425,0.0,49.7343284984241,49.57487656525452,49.57487656525457,49.57487656524889,49.57487656524891,49.73200119294047,49.732001192940174,49.57312467241241,49.5731246724125,49.5731246724069,49.57312467240691,0.45000000004125706,0.45000000002237894,49.736655803908015,49.813815561302434,0.44999999998710477,0.4499999999812891,0.44999999994494105,0.4499999999431355,0.4500000000027712,0.45,0.0,1.526963899111466e-14,49.906907780651245
582.0,0.0,49.73432849842613,0.0,49.734328498425654,49.57487656525484,49.574876565254904,49.57487656524924,49.574876565249255,49.73200119294261,49.73200119294164,49.573124672412646,49.57312467241277,49.57312467240705,49.57312467240708,0.4500000000077205,0.44999999999233337,49.73665580390966,49.8138155613041,0.45000000001871326,0.45000000001650947,0.4500000000035435,0.4500000000026792,0.4499999999990919,0.45,0.0,1.526963899102339e-14,49.9069077806521
583.0,0.0,49.734328498427516,0.0,49.73432849842653,49.57487656525642,49.57487656525654,49.57487656524852,49.57487656524856,49.73200119294424,49.732001192942256,49.573124672414224,49.57312467241447,49.573124672406315,49.57312467240636,0.45000000000932405,0.4500000000006962,49.736655803910814,49.813815561305276,0.44999999999423845,0.44999999999370544,0.4500000000092779,0.45000000000739565,0.4499999999968976,0.45,0.0,1.5269638990950424e-14,49.90690778065266
584.0,0.0,49.73432849843159,0.0,49.734328498429775,49.574876565257426,49.57487656525763,49.57487656524711,49.57487656524716,49.73200119294859,49.73200119294495,49.57312467241547,49.57312467241591,49.57312467240492,49.573124672404994,0.4500000000380645,0.4500000000346329,49.736655803914616,49.81381556130919,0.44999999991196077,0.44999999990600575,0.4499999999965354,0.4499999999956221,0.44999999999009466,0.45,0.0,1.526963899071234e-14,49.90690778065462
585.0,0.0,49.73432849844153,0.0,49.73432849843844,49.57487656525604,49.57487656525638,49.574876565245354,49.574876565245425,49.732001192958876,49.73200119295268,49.573124672414636,49.57312467241538,49.57312467240311,49.57312467240323,0.4500000000947624,0.450000000072485,49.73665580392419,49.81381556131906,0.44999999976677213,0.4499999997499274,0.4500000000029071,0.4500000000024966,0.44999999997258927,0.45,0.0,1.5269638990125708e-14,49.90690778065967
586.0,0.0,49.734328498455525,0.0,49.73432849845191,49.574876565251,49.57487656525139,49.57487656524443,49.57487656524452,49.732001192973,49.732001192965726,49.57312467241013,49.573124672411005,49.57312467240195,49.5731246724021,0.45000000011092756,0.45000000006427154,49.73665580393807,49.81381556133335,0.44999999969588866,0.4499999996661763,0.4500000000729373,0.45000000007073304,0.44999999994576045,0.45,0.0,1.5269638989277613e-14,49.90690778066698
587.0,0.0,49.734328498446274,0.0,49.734328498447226,49.57487656524897,49.574876565248836,49.574876565249234,49.57487656524921,49.73200119296238,49.73200119296428,49.57312467240678,49.57312467240649,49.57312467240656,49.573124672406514,0.4499999999431855,0.449999999895757,49.73665580393017,49.81381556132511,0.4500000001337525,0.45000000011722185,0.45000000014891983,0.45000000014626174,0.4499999999565832,0.45,0.0,1.5269638989739756e-14,49.90690778066245
588.0,0.0,49.73432849844045,0.0,49.734328498442416,49.57487656524921,49.57487656524892,49.57487656525427,49.57487656525423,49.73200119295624,49.732001192960176,49.573124672406635,49.57312467240603,49.5731246724116,49.5731246724115,0.4499999999316891,0.44999999989007705,49.73665580392466,49.81381556131937,0.4500000001701793,0.4500000001582419,0.450000000132775,0.45000000013076563,0.44999999996757317,0.45,0.0,1.5269638990092033e-14,49.90690778065955
589.0,0.0,49.73432849843732,0.0,49.734328498438394,49.5748765652505,49.574876565250264,49.5748765652586,49.57487656525856,49.73200119295333,49.73200119295548,49.57312467240806,49.573124672407616,49.573124672416064,49.573124672416,0.4499999999929875,0.4499999999606968,49.736655803921316,49.813815561315884,0.4500000000194024,0.45000000000775847,0.450000000071238,0.4500000000697802,0.44999999997657397,0.45,0.0,1.526963899032804e-14,49.90690778065794
590.0,0.0,49.734328498436135,0.0,49.73432849843608,49.574876565251564,49.57487656525147,49.57487656526126,49.57487656526125,49.73200119295241,49.732001192952296,49.57312467240945,49.57312467240928,49.57312467241894,49.57312467241891,0.4500000000441763,0.4500000000205352,49.73665580391987,49.81381556131435,0.4499999998952556,0.449999999884693,0.45000000001064566,0.45000000000924,0.4499999999814291,0.45,0.0,1.5269638990441375e-14,49.90690778065728
591.0,0.0,49.73432849843565,0.0,49.734328498435744,49.57487656525144,49.574876565251394,49.57487656526135,49.57487656526135,49.73200119295184,49.73200119295202,49.57312467240937,49.57312467240928,49.57312467241917,49.57312467241917,0.45000000001176516,0.4499999999926197,49.736655803919476,49.81381556131394,0.4499999999844905,0.44999999997815476,0.4500000000063349,0.45000000000555396,0.44999999998125206,0.45,0.0,1.5269638990458222e-14,49.90690778065701
592.0,0.0,49.73432849843291,0.0,49.73432849843345,49.574876565251756,49.57487656525171,49.57487656526125,49.57487656526126,49.73200119294903,49.732001192950115,49.57312467240948,49.57312467240936,49.57312467241891,49.57312467241894,0.4499999999905838,0.44999999997633267,49.73665580391679,49.81381556131137,0.45000000002795354,0.45000000002397494,0.450000000053517,0.4500000000518642,0.44999999998520096,0.45,0.0,1.5269638990594922e-14,49.90690778065578
593.0,0.0,49.73432849843081,0.0,49.73432849843206,49.57487656525131,49.5748765652512,49.574876565262606,49.57487656526261,49.7320011929466,49.73200119294911,49.57312467240902,49.57312467240882,49.57312467242023,49.573124672420235,0.4499999999872459,0.4499999999815511,49.73665580391503,49.813815561309625,0.45000000003170465,0.45000000002940627,0.4500000000494188,0.4500000000476099,0.4499999999883493,0.45,0.0,1.526963899069216e-14,49.906907780654876
594.0,0.0,49.73432849842915,0.0,49.73432849843153,49.574876565249305,49.57487656524912,49.574876565265356,49.574876565265335,49.732001192944296,49.732001192949085,49.57312467240712,49.57312467240676,49.57312467242298,49.57312467242293,0.450000000001217,0.4499999999873926,49.73665580391398,49.81381556130865,0.45000000002644835,0.45000000002620577,0.45000000002372836,0.4500000000215651,0.44999999999038237,0.45,0.0,1.5269638990747352e-14,49.90690778065435
595.0,0.0,49.734328498427665,0.0,49.73432849843176,49.574876565244956,49.57487656524466,49.57487656526943,49.57487656526936,49.73200119294188,49.7320011929501,49.5731246724029,49.573124672402315,49.57312467242701,49.57312467242689,0.4500000000269065,0.4499999999780306,49.73665580391345,49.81381556130837,0.450000000047102,0.4500000000419177,0.4500000000057357,0.4500000000029014,0.4499999999909856,0.45,0.0,1.5269638990757904e-14,49.90690778065423
596.0,0.0,49.73432849842729,0.0,49.73432849843205,49.574876565239585,49.57487656523926,49.57487656527487,49.574876565274785,49.73200119294117,49.7320011929507,49.573124672397476,49.57312467239682,49.57312467243242,49.57312467243226,0.45000000004448226,0.4499999999515375,49.7366558039134,49.81381556130859,0.4500000001185609,0.4500000001052967,0.44999999998413936,0.44999999998129464,0.4499999999904122,0.45,0.0,1.5269638990742294e-14,49.9069077806544
597.0,0.0,49.734328498430784,0.0,49.73432849842932,49.5748765652457,49.574876565245795,49.57487656527587,49.57487656527587,49.7320011929479,49.732001192944935,49.573124672403075,49.573124672403274,49.57312467243387,49.57312467243387,0.4500000000287556,0.44999999995280504,49.736655803913685,49.813815561307806,0.45000000015063685,0.45000000013870906,0.4499999998468826,0.449999999846782,0.4499999999925341,0.45,0.0,1.5269638990824373e-14,49.90690778065388
598.0,0.0,49.734328498430514,0.0,49.734328498427686,49.57487656525152,49.57487656525173,49.574876565269946,49.57487656526997,49.73200119294831,49.73200119294263,49.573124672408795,49.573124672409214,49.57312467242811,49.57312467242814,0.4500000000242627,0.4499999999593793,49.73665580391273,49.81381556130673,0.45000000013255376,0.45000000012234814,0.4499999998502873,0.44999999985006606,0.4499999999945323,0.45,0.0,1.5269638990887448e-14,49.90690778065331
599.0,0.0,49.73432849842837,0.0,49.73432849842679,49.57487656525641,49.57487656525655,49.57487656526124,49.574876565261256,49.7320011929455,49.73200119294233,49.57312467241383,49.57312467241412,49.573124672419326,49.57312467241937,0.45000000002526513,0.44999999996839163,49.736655803911255,49.81381556130564,0.45000000009013785,0.450000000082864,0.4499999999283057,0.44999999992650525,0.44999999999606294,0.45,0.0,1.52696389909285e-14,49.90690778065279
600.0,0.0,49.73432849842625,0.0,49.73432849842625,49.57487656525974,49.57487656525977,49.574876565253895,49.574876565253916,49.73200119294255,49.73200119294254,49.57312467241737,49.57312467241744,49.57312467241175,49.57312467241181,0.4500000000268438,0.44999999997615414,49.73665580390997,49.81381556130479,0.45000000005041046,0.45000000004571156,0.4500000000154167,0.45000000001093104,0.4499999999967823,0.45,0.0,1.5269638990944507e-14,49.906907780652396
601.0,0.0,49.73432849842636,0.0,49.73432849842615,49.574876565261185,49.57487656526121,49.57487656525307,49.574876565253106,49.73200119294277,49.73200119294234,49.57312467241891,49.57312467241896,49.57312467241067,49.57312467241079,0.45000000002221907,0.4499999999793771,49.73665580390996,49.81381556130472,0.4500000000393657,0.45000000003554175,0.4500000000279243,0.45000000002104457,0.4499999999965818,0.45,0.0,1.5269638990940396e-14,49.90690778065237
602.0,0.0,49.73432849842808,0.0,49.734328498427395,49.574876565262606,49.57487656526265,49.574876565257526,49.57487656525751,49.73200119294476,49.73200119294338,49.573124672420334,49.57312467242042,49.57312467241534,49.57312467241529,0.4500000000107477,0.44999999998163376,49.73665580391142,49.813815561305574,0.4500000000351151,0.4500000000312814,0.4499999999478856,0.4499999999452589,0.44999999999731904,0.45,0.0,1.5269638990970007e-14,49.90690778065279
603.0,0.0,49.734328498427956,0.0,49.734328498426954,49.574876565263196,49.57487656526325,49.57487656525642,49.57487656525638,49.73200119294479,49.73200119294278,49.573124672420946,49.57312467242106,49.573124672414316,49.573124672414224,0.45000000000669516,0.44999999998600315,49.73665580391114,49.81381556130525,0.45000000002105883,0.45000000001875845,0.44999999994711437,0.44999999994565854,0.4499999999980745,0.45,0.0,1.526963899099403e-14,49.90690778065263
604.0,0.0,49.73432849842711,0.0,49.73432849842576,49.57487656526383,49.57487656526389,49.574876565252445,49.574876565252424,49.7320011929441,49.7320011929414,49.5731246724216,49.573124672421734,49.57312467241033,49.57312467241029,0.45000000000476126,0.44999999999303464,49.73665580391014,49.813815561304466,0.45000000000372076,0.45000000000248386,0.44999999998629747,0.44999999998425333,0.4499999999986454,0.45,0.0,1.526963899100906e-14,49.90690778065224
605.0,0.0,49.734328498426656,0.0,49.734328498424745,49.57487656526534,49.57487656526543,49.574876565248324,49.57487656524833,49.73200119294389,49.73200119294007,49.57312467242311,49.573124672423276,49.57312467240617,49.57312467240618,0.45000000000327744,0.4499999999996456,49.73665580390942,49.81381556130395,0.44999999998856266,0.44999999998803075,0.450000000025722,0.45000000002345203,0.4499999999988289,0.45,0.0,1.52696389910117e-14,49.906907780651984
606.0,0.0,49.734328498427054,0.0,49.734328498424915,49.57487656526764,49.574876565267736,49.574876565246925,49.57487656524694,49.732001192944395,49.73200119294012,49.573124672425394,49.573124672425585,49.5731246724047,49.573124672404724,0.4500000000141158,0.44999999998792595,49.73665580390971,49.81381556130418,0.449999999974376,0.4499999999718238,0.45000000003504986,0.45000000003328516,0.4499999999986679,0.45,0.0,1.526963899100709e-14,49.9069077806521
607.0,0.0,49.734328498425455,0.0,49.73432849842584,49.57487656526488,49.574876565264866,49.5748765652488,49.574876565248786,49.73200119294159,49.73200119294232,49.57312467242286,49.573124672422814,49.57312467240649,49.57312467240645,0.4500000000109233,0.4499999999848066,49.736655803909336,49.81381556130381,0.4499999999423494,0.4499999999401234,0.45000000005454727,0.4500000000524991,0.4499999999991793,0.45,0.0,1.526963899102725e-14,49.906907780651906
608.0,0.0,49.73432849842505,0.0,49.734328498425945,49.574876565262144,49.5748765652621,49.5748765652512,49.57487656525118,49.73200119294092,49.732001192942704,49.573124672420164,49.57312467242007,49.57312467240886,49.57312467240881,0.4500000000096262,0.4499999999856918,49.73665580390918,49.81381556130369,0.44999999994464146,0.44999999994195894,0.4500000000530251,0.45000000005135865,0.4499999999992769,0.45,0.0,1.526963899103065e-14,49.90690778065184
609.0,0.0,49.73432849842509,0.0,49.73432849842543,49.57487656525974,49.574876565259714,49.57487656525343,49.57487656525342,49.73200119294124,49.732001192941915,49.573124672417705,49.57312467241766,49.5731246724111,49.573124672411055,0.45000000000827906,0.4499999999867981,49.736655803908945,49.81381556130346,0.44999999996208545,0.4499999999598862,0.4500000000391909,0.4500000000382232,0.4499999999996516,0.45,0.0,1.526963899104204e-14,49.90690778065172
610.0,0.0,49.7343284984248,0.0,49.73432849842445,49.574876565257995,49.574876565258,49.57487656525476,49.574876565254755,49.732001192941325,49.73200119294062,49.57312467241589,49.57312467241591,49.5731246724125,49.573124672412476,0.45000000000548335,0.4499999999837949,49.73665580390829,49.81381556130277,0.4499999999767101,0.44999999997526524,0.45000000002185153,0.45000000002135315,0.45000000000099416,0.45,0.0,1.5269638991086168e-14,49.90690778065138
611.0,0.0,49.734328498423686,0.0,49.73432849842348,49.57487656525704,49.57487656525705,49.574876565254804,49.57487656525479,49.732001192940196,49.73200119293974,49.57312467241491,49.573124672414934,49.57312467241263,49.57312467241261,0.4500000000028799,0.44999999997992923,49.73665580390718,49.813815561301595,0.4499999999723695,0.4499999999708477,0.4500000000140027,0.4500000000138101,0.450000000003365,0.45,0.0,1.5269638991163773e-14,49.9069077806508
612.0,0.0,49.7343284984236,0.0,49.734328498424006,49.57487656525567,49.57487656525565,49.5748765652558,49.57487656525579,49.73200119293968,49.73200119294047,49.57312467241358,49.57312467241355,49.573124672413556,49.57312467241355,0.4500000000158512,0.44999999999671153,49.73665580390753,49.813815561301986,0.44999999997107965,0.44999999996933326,0.4500000000252153,0.4500000000247287,0.45000000000270857,0.45,0.0,1.5269638991131985e-14,49.906907780651004
613.0,0.0,49.73432849842379,0.0,49.734328498424404,49.57487656525456,49.57487656525453,49.57487656525662,49.57487656525662,49.73200119293973,49.732001192940956,49.57312467241245,49.573124672412405,49.57312467241439,49.57312467241438,0.45000000001470974,0.4499999999997051,49.73665580390785,49.81381556130234,0.4499999999785243,0.4499999999763156,0.4500000000197862,0.4500000000197654,0.45000000000199275,0.45,0.0,1.526963899110871e-14,49.906907780651174
614.0,0.0,49.73432849842409,0.0,49.73432849842475,49.57487656525344,49.57487656525342,49.574876565257526,49.57487656525752,49.73200119294003,49.732001192941354,49.57312467241132,49.57312467241127,49.57312467241532,49.573124672415304,0.45000000000649654,0.4499999999969744,49.73665580390816,49.81381556130264,0.4499999999881091,0.4499999999878253,0.45000000000796614,0.4500000000069474,0.45000000000134116,0.45,0.0,1.5269638991092195e-14,49.906907780651316
615.0,0.0,49.73432849842433,0.0,49.734328498425114,49.57487656525209,49.57487656525206,49.57487656525873,49.57487656525871,49.73200119294023,49.732001192941794,49.573124672409946,49.573124672409904,49.573124672416526,49.573124672416505,0.4499999999982524,0.44999999999658374,49.73665580390842,49.813815561302896,0.44999999999682677,0.4499999999963062,0.4499999999975338,0.44999999999677365,0.4500000000008772,0.45,0.0,1.526963899108069e-14,49.906907780651444
616.0,0.0,49.73432849842444,0.0,49.73432849842536,49.57487656525064,49.57487656525061,49.57487656526005,49.574876565260034,49.73200119294026,49.732001192942114,49.57312467240851,49.57312467240846,49.57312467241784,49.573124672417805,0.45000000000442647,0.44999999999645984,49.7366558039086,49.81381556130305,0.45000000000349744,0.4500000000031907,0.4499999999932618,0.4499999999926615,0.4500000000007131,0.45,0.0,1.5269638991073186e-14,49.90690778065152
617.0,0.0,49.73432849842486,0.0,49.7343284984249,49.57487656525139,49.57487656525139,49.574876565259245,49.57487656525925,49.73200119294113,49.73200119294122,49.57312467240916,49.57312467240914,49.57312467241711,49.573124672417116,0.4500000000051169,0.4499999999965683,49.7366558039086,49.81381556130308,0.45000000002435964,0.4500000000234266,0.44999999997678075,0.44999999997597884,0.4500000000005159,0.45,0.0,1.5269638991066844e-14,49.90690778065154
618.0,0.0,49.73432849842504,0.0,49.73432849842502,49.57487656525207,49.574876565252076,49.57487656525861,49.57487656525863,49.73200119294133,49.732001192941304,49.573124672409804,49.573124672409804,49.573124672416505,49.57312467241652,0.4500000000065711,0.44999999999552925,49.736655803908754,49.813815561303244,0.45000000002727525,0.450000000025528,0.4499999999730157,0.449999999972071,0.45000000000017987,0.45,0.0,1.5269638991055992e-14,49.90690778065162
619.0,0.0,49.73432849842507,0.0,49.73432849842548,49.574876565252474,49.57487656525246,49.57487656525822,49.57487656525824,49.732001192941155,49.73200119294196,49.57312467241022,49.5731246724102,49.57312467241612,49.573124672416135,0.4500000000079272,0.4499999999939667,49.736655803908995,49.81381556130347,0.4500000000221027,0.4500000000210771,0.44999999997289963,0.4499999999711588,0.44999999999983076,0.45,0.0,1.526963899104489e-14,49.906907780651736
620.0,0.0,49.73432849842506,0.0,49.73432849842602,49.57487656525237,49.57487656525234,49.574876565258165,49.57487656525818,49.73200119294088,49.73200119294278,49.57312467241015,49.573124672410096,49.573124672416064,49.573124672416085,0.4500000000102352,0.4499999999905929,49.73665580390925,49.81381556130369,0.450000000021092,0.4500000000192642,0.4499999999657715,0.4499999999650572,0.4499999999995942,0.45,0.0,1.526963899103781e-14,49.90690778065185
621.0,0.0,49.73432849842508,0.0,49.73432849842606,49.57487656525181,49.574876565251785,49.574876565258236,49.57487656525825,49.7320011929409,49.73200119294284,49.5731246724096,49.57312467240955,49.573124672416164,49.5731246724162,0.45000000001294843,0.44999999998555934,49.73665580390927,49.813815561303656,0.45000000003379326,0.4500000000311457,0.44999999995174744,0.4499999999516976,0.44999999999985646,0.45,0.0,1.526963899104735e-14,49.906907780651835
622.0,0.0,49.73432849842529,0.0,49.73432849842494,49.57487656525297,49.574876565252985,49.574876565256815,49.57487656525682,49.732001192941766,49.73200119294106,49.5731246724107,49.573124672410714,49.57312467241471,49.573124672414714,0.4500000000120162,0.4499999999861503,49.73665580390882,49.81381556130324,0.45000000004273716,0.45000000004053636,0.4499999999699673,0.4499999999694797,0.45000000000053747,0.45,0.0,1.5269638991069166e-14,49.906907780651615
623.0,0.0,49.73432849842567,0.0,49.734328498424944,49.5748765652546,49.57487656525461,49.57487656525542,49.57487656525542,49.73200119294231,49.73200119294088,49.57312467241229,49.573124672412334,49.57312467241331,49.57312467241331,0.45000000001121887,0.44999999998826345,49.73665580390901,49.81381556130345,0.45000000003842594,0.45000000003727086,0.4499999999770137,0.4499999999770047,0.4500000000000123,0.45,0.0,1.5269638991051827e-14,49.90690778065173
624.0,0.0,49.73432849842572,0.0,49.734328498425064,49.574876565256375,49.5748765652564,49.57487656525417,49.57487656525418,49.73200119294234,49.732001192941034,49.57312467241408,49.57312467241414,49.57312467241202,49.57312467241202,0.4500000000071208,0.4499999999891282,49.73665580390908,49.813815561303535,0.45000000002713314,0.45000000002544804,0.4499999999847563,0.4499999999843423,0.44999999999979406,0.45,0.0,1.5269638991046495e-14,49.90690778065177
625.0,0.0,49.73432849842496,0.0,49.7343284984243,49.57487656525805,49.57487656525808,49.574876565253206,49.57487656525322,49.73200119294163,49.7320011929403,49.57312467241579,49.573124672415844,49.57312467241097,49.57312467241098,0.4499999999968332,0.4499999999854269,49.736655803908285,49.81381556130267,0.4500000000127414,0.45000000001155666,0.4500000000035213,0.4500000000031063,0.4500000000013961,0.45,0.0,1.526963899110432e-14,49.906907780651345
626.0,0.0,49.734328498423174,0.0,49.73432849842232,49.57487656525926,49.57487656525929,49.574876565252744,49.574876565252744,49.732001192939975,49.73200119293828,49.573124672417045,49.573124672417094,49.573124672410415,49.57312467241043,0.4499999999912701,0.449999999989147,49.73665580390636,49.81381556130061,0.44999999999770507,0.44999999999768997,0.4500000000199523,0.4500000000184143,0.4500000000056326,0.45,0.0,1.5269638991239778e-14,49.90690778065031
627.0,0.0,49.734328498423174,0.0,49.734328498423004,49.57487656525916,49.57487656525916,49.574876565252964,49.57487656525295,49.73200119293953,49.73200119293921,49.57312467241701,49.57312467241701,49.57312467241077,49.57312467241076,0.4500000000052339,0.45000000000482865,49.7366558039068,49.81381556130107,0.4499999999868055,0.4499999999860561,0.44999999999202067,0.4499999999904565,0.45000000000517376,0.45,0.0,1.526963899121081e-14,49.906907780650535
628.0,0.0,49.73432849842163,0.0,49.73432849842102,49.574876565258585,49.57487656525859,49.57487656525244,49.57487656525243,49.73200119293843,49.732001192937204,49.57312467241645,49.57312467241647,49.57312467241023,49.57312467241022,0.4499999999629958,0.4499999999583687,49.736655803904846,49.813815561298824,0.4499999999876237,0.44999999998676327,0.45000000001995727,0.4500000000195143,0.4500000000090692,0.45,0.0,1.5269638991378592e-14,49.90690778064941
629.0,0.0,49.73432849841926,0.0,49.73432849841912,49.57487656525828,49.57487656525828,49.574876565252666,49.57487656525266,49.7320011929357,49.732001192935414,49.573124672416135,49.573124672416135,49.573124672410444,49.57312467241043,0.4500000000038932,0.4499999999967439,49.73665580390282,49.81381556129668,0.4499999999855393,0.44999999998463625,0.4500000000126806,0.45000000001203067,0.45000000001471957,0.45,0.0,1.5269638991517306e-14,49.90690778064834
630.0,0.0,49.734328498420155,0.0,49.734328498420446,49.57487656525738,49.57487656525737,49.57487656525344,49.57487656525343,49.732001192936195,49.73200119293678,49.573124672415254,49.57312467241525,49.573124672411225,49.573124672411225,0.4500000000346463,0.4500000000270464,49.73665580390412,49.813815561298135,0.44999999998357904,0.4499999999828211,0.450000000009431,0.4500000000086439,0.450000000012322,0.45,0.0,1.5269638991411235e-14,49.90690778064907
631.0,0.0,49.734328498421704,0.0,49.734328498422016,49.57487656525622,49.57487656525621,49.574876565254094,49.574876565254094,49.732001192937744,49.73200119293837,49.5731246724141,49.57312467241409,49.573124672411886,49.57312467241188,0.4500000000212714,0.4500000000154718,49.73665580390567,49.8138155612998,0.4499999999876115,0.4499999999871109,0.4500000000090654,0.4500000000088978,0.4500000000085344,0.45,0.0,1.5269638991303818e-14,49.9069077806499
632.0,0.0,49.73432849842205,0.0,49.73432849842225,49.57487656525546,49.57487656525545,49.574876565254925,49.574876565254925,49.73200119293827,49.73200119293869,49.57312467241327,49.573124672413265,49.57312467241268,49.573124672412675,0.4499999999891304,0.4499999999861945,49.73665580390584,49.8138155613,0.45000000000757284,0.4500000000071123,0.45000000001839624,0.4500000000179687,0.4500000000071473,0.45,0.0,1.5269638991288347e-14,49.90690778065
633.0,0.0,49.73432849841933,0.0,49.734328498419565,49.57487656525574,49.574876565255735,49.57487656525625,49.57487656525624,49.732001192935705,49.73200119293616,49.57312467241335,49.573124672413336,49.5731246724139,49.573124672413876,0.449999999963859,0.449999999963115,49.73665580390296,49.81381556129709,0.4500000000530009,0.45000000005282914,0.45000000004273477,0.45000000004253404,0.45000000001195123,0.45,0.0,1.5269638991458113e-14,49.90690778064855
634.0,0.0,49.73432849841966,0.0,49.73432849841962,49.57487656525657,49.57487656525657,49.574876565257554,49.57487656525754,49.7320011929358,49.73200119293572,49.57312467241439,49.573124672414394,49.57312467241541,49.57312467241539,0.4500000000408298,0.4500000000404321,49.736655803903524,49.81381556129766,0.4499999999451804,0.4499999999449424,0.44999999994036677,0.4499999999398606,0.45000000001271323,0.45,0.0,1.5269638991422273e-14,49.90690778064883
635.0,0.0,49.73432849842703,0.0,49.73432849842684,49.574876565255764,49.57487656525576,49.57487656525376,49.574876565253675,49.732001192943144,49.73200119294276,49.5731246724137,49.57312467241369,49.57312467241195,49.57312467241179,0.45000000000367024,0.44999999999989504,49.73665580391093,49.81381556130488,0.4499999999960242,0.449999999995437,0.45000000000116297,0.4499999999994026,0.449999999999542,0.45,0.0,1.526963899103673e-14,49.90690778065244
636.0,0.0,49.73432849842813,0.0,49.73432849842734,49.57487656525644,49.57487656525645,49.574876565252495,49.57487656525229,49.732001192944765,49.73200119294318,49.57312467241431,49.573124672414316,49.57312467241043,49.57312467241002,0.45000000000534557,0.4499999999976797,49.736655803911475,49.81381556130545,0.44999999998769885,0.44999999998686085,0.45000000005348945,0.45000000004857016,0.44999999999852863,0.45,0.0,1.526963899100369e-14,49.90690778065271
637.0,0.0,49.73432849843713,0.0,49.734328498433875,49.57487656525691,49.57487656525694,49.57487656525225,49.57487656525137,49.73200119295418,49.73200119294766,49.573124672415396,49.57312467241546,49.57312467241055,49.573124672408845,0.4500000001244899,0.45000000010061497,49.736655803920094,49.813815561314414,0.44999999977215793,0.44999999977215394,0.4499999999582734,0.4499999999439143,0.4499999999834141,0.45,0.0,1.526963899044376e-14,49.90690778065718
638.0,0.0,49.734328498434145,0.0,49.73432849843477,49.57487656525519,49.57487656525519,49.574876565249404,49.57487656524953,49.73200119295035,49.73200119295162,49.57312467241299,49.57312467241299,49.573124672406955,49.57312467240721,0.44999999993578893,0.4499999999092879,49.73665580391792,49.81381556131217,0.45000000010315844,0.4500000001027905,0.4500000001229877,0.45000000010038876,0.4499999999832672,0.45,0.0,1.5269638990584058e-14,49.90690778065609
639.0,0.0,49.734328498430614,0.0,49.734328498431054,49.57487656525501,49.574876565255,49.57487656525417,49.5748765652544,49.73200119294694,49.73200119294781,49.57312467241269,49.573124672412675,49.573124672411524,49.57312467241198,0.45000000000337836,0.4499999999794242,49.736655803914296,49.81381556130836,0.4499999999676476,0.4499999999671177,0.45000000007366703,0.4500000000574752,0.44999999999247264,0.45,0.0,1.5269638990824175e-14,49.90690778065417
640.0,0.0,49.734328498425356,0.0,49.73432849842561,49.57487656525504,49.57487656525503,49.57487656525657,49.57487656525673,49.73200119294177,49.73200119294228,49.57312467241278,49.57312467241276,49.57312467241408,49.573124672414394,0.4499999999838113,0.44999999996402557,49.73665580390893,49.813815561302846,0.44999999999891704,0.4499999999986014,0.4500000000513558,0.45000000003836144,0.4500000000026522,0.45,0.0,1.526963899116036e-14,49.90690778065143
641.0,0.0,49.73432849842443,0.0,49.7343284984248,49.57487656525478,49.57487656525478,49.57487656525789,49.57487656525803,49.732001192940565,49.73200119294131,49.57312467241262,49.57312467241261,49.57312467241557,49.57312467241586,0.4500000000235882,0.4500000000080644,49.7366558039083,49.81381556130227,0.4499999999728859,0.4499999999722509,0.45000000000979756,0.45000000000109097,0.45000000000471835,0.45,0.0,1.5269638991182923e-14,49.90690778065115
642.0,0.0,49.73432849842474,0.0,49.73432849842522,49.57487656525428,49.57487656525427,49.574876565258705,49.57487656525884,49.73200119294075,49.732001192941716,49.573124672412135,49.57312467241213,49.57312467241645,49.57312467241672,0.45000000002143115,0.45000000000939666,49.736655803908725,49.81381556130279,0.44999999997873646,0.4499999999786643,0.4500000000042004,0.4499999999967399,0.45000000000335655,0.45,0.0,1.5269638991141234e-14,49.9069077806514
643.0,0.0,49.734328498424645,0.0,49.734328498425306,49.57487656525346,49.57487656525345,49.57487656525933,49.57487656525947,49.732001192940636,49.73200119294198,49.5731246724113,49.57312467241127,49.57312467241708,49.57312467241735,0.44999999999505186,0.4499999999897691,49.73665580390865,49.81381556130273,0.4499999999979467,0.44999999999712437,0.4500000000094056,0.4500000000044934,0.4500000000026652,0.45,0.0,1.526963899114211e-14,49.90690778065136
644.0,0.0,49.73432849842251,0.0,49.73432849842352,49.574876565252254,49.574876565252204,49.57487656526008,49.574876565260254,49.73200119293854,49.73200119294059,49.5731246724101,49.57312467241,49.573124672417805,49.573124672418146,0.44999999996847045,0.44999999996462053,49.73665580390646,49.81381556130041,0.45000000000995477,0.45000000000895435,0.45000000000264606,0.4500000000011445,0.4500000000067429,0.45,0.0,1.526963899129238e-14,49.9069077806502
645.0,0.0,49.73432849841985,0.0,49.73432849842057,49.57487656525085,49.574876565250804,49.574876565260254,49.57487656526037,49.732001192935996,49.73200119293743,49.57312467240871,49.57312467240861,49.573124672418075,49.57312467241832,0.44999999999526163,0.4499999999841878,49.7366558039037,49.81381556129765,0.4500000000113184,0.45000000000828705,0.44999999997617435,0.44999999997333595,0.45000000001235124,0.45,0.0,1.5269638991448545e-14,49.90690778064883
646.0,0.0,49.734328498420886,0.0,49.73432849842078,49.57487656525065,49.57487656525066,49.574876565259096,49.574876565259096,49.732001192937126,49.7320011929369,49.57312467240845,49.57312467240847,49.57312467241704,49.57312467241702,0.45000000003286544,0.4500000000216401,49.73665580390467,49.813815561298924,0.4500000000190811,0.4500000000160472,0.4499999999682144,0.44999999996576656,0.4500000000096547,0.45,0.0,1.5269638991335577e-14,49.90690778064946
647.0,0.0,49.73432849842196,0.0,49.734328498421846,49.574876565251344,49.57487656525136,49.57487656525828,49.574876565258265,49.73200119293815,49.73200119293793,49.57312467240911,49.57312467240913,49.5731246724162,49.57312467241616,0.45000000002946594,0.45000000001540197,49.73665580390576,49.813815561300125,0.4500000000238709,0.4500000000206665,0.44999999997505535,0.44999999997235995,0.45000000000693535,0.45,0.0,1.5269638991253536e-14,49.906907780650066
648.0,0.0,49.734328498422784,0.0,49.734328498423096,49.57487656525237,49.57487656525234,49.574876565258094,49.574876565258116,49.73200119293888,49.73200119293948,49.57312467241011,49.57312467241007,49.573124672415915,49.57312467241595,0.4500000000097612,0.4499999999936903,49.7366558039067,49.81381556130108,0.45000000002952506,0.4500000000272632,0.44999999998935547,0.4499999999852946,0.4500000000046128,0.45,0.0,1.526963899119571e-14,49.90690778065054
649.0,0.0,49.734328498423125,0.0,49.734328498423814,49.574876565253135,49.57487656525308,49.57487656525885,49.574876565258904,49.73200119293911,49.73200119294048,49.57312467241086,49.57312467241074,49.573124672416526,49.573124672416654,0.45000000000227397,0.44999999998089685,49.73665580390714,49.8138155613016,0.45000000004187324,0.4500000000389638,0.4500000000029763,0.44999999999754564,0.4500000000031064,0.45,0.0,1.526963899115539e-14,49.906907780650805
650.0,0.0,49.734328498423324,0.0,49.73432849842355,49.57487656525374,49.57487656525372,49.57487656525944,49.57487656525945,49.73200119293949,49.73200119293996,49.573124672411446,49.57312467241141,49.573124672417165,49.573124672417215,0.4500000000141061,0.4499999999901141,49.73665580390715,49.81381556130175,0.45000000003857116,0.450000000034075,0.44999999998098655,0.4499999999746262,0.4500000000024366,0.45,0.0,1.5269638991126334e-14,49.906907780650876
651.0,0.0,49.73432849842395,0.0,49.73432849842346,49.57487656525495,49.57487656525498,49.574876565257966,49.57487656525791,49.732001192940466,49.73200119293948,49.57312467241268,49.57312467241277,49.57312467241591,49.57312467241581,0.4500000000122024,0.44999999999201523,49.736655803907446,49.81381556130206,0.45000000001720086,0.45000000001370144,0.44999999995049644,0.44999999994609086,0.45000000000174434,0.45,0.0,1.5269638991104968e-14,49.90690778065103
652.0,0.0,49.73432849842437,0.0,49.73432849842363,49.57487656525623,49.574876565256304,49.574876565256154,49.57487656525607,49.73200119294101,49.73200119293953,49.573124672413975,49.57312467241409,49.573124672414146,49.57312467241398,0.45000000000939594,0.4499999999936985,49.73665580390773,49.81381556130235,0.4500000000151227,0.4500000000118293,0.44999999995956025,0.44999999995559,0.4500000000012412,0.45,0.0,1.5269638991089453e-14,49.906907780651174
653.0,0.0,49.73432849842468,0.0,49.73432849842383,49.57487656525786,49.57487656525792,49.5748765652541,49.574876565254,49.7320011929414,49.732001192939684,49.57312467241557,49.57312467241571,49.57312467241203,49.57312467241184,0.4500000000053545,0.44999999999640267,49.73665580390798,49.813815561302576,0.45000000001699264,0.45000000001690804,0.44999999998492707,0.44999999998322143,0.4500000000008863,0.45,0.0,1.5269638991078516e-14,49.906907780651295
654.0,0.0,49.734328498425,0.0,49.73432849842382,49.57487656526006,49.574876565260126,49.574876565251905,49.57487656525178,49.73200119294188,49.73200119293953,49.573124672417734,49.5731246724179,49.57312467240976,49.57312467240952,0.45000000000163975,0.44999999999947304,49.73665580390813,49.81381556130273,0.45000000001334123,0.4500000000115119,0.4500000000062936,0.4500000000061357,0.45000000000063894,0.45,0.0,1.5269638991070892e-14,49.906907780651366
655.0,0.0,49.73432849842494,0.0,49.73432849842408,49.574876565261434,49.574876565261484,49.574876565250875,49.57487656525078,49.732001192941645,49.73200119293993,49.57312467241918,49.573124672419304,49.57312467240866,49.5731246724085,0.4500000000070013,0.4499999999942021,49.73665580390822,49.813815561302825,0.44999999998441986,0.4499999999822136,0.4500000000173718,0.4500000000151501,0.4500000000004608,0.45,0.0,1.5269638991065396e-14,49.90690778065141
656.0,0.0,49.734328498424595,0.0,49.73432849842468,49.57487656526057,49.57487656526057,49.57487656525161,49.57487656525162,49.73200119294084,49.732001192941006,49.57312467241846,49.57312467241845,49.57312467240935,49.57312467240938,0.4500000000079077,0.449999999992778,49.736655803908356,49.81381556130294,0.44999999996486956,0.44999999996304313,0.4500000000275143,0.45000000002383644,0.45000000000032975,0.45,0.0,1.5269638991061354e-14,49.90690778065147
657.0,0.0,49.73432849842475,0.0,49.73432849842471,49.57487656525996,49.57487656525998,49.57487656525202,49.57487656525204,49.73200119294108,49.73200119294096,49.57312467241787,49.57312467241787,49.573124672409755,49.57312467240979,0.4500000000096284,0.44999999999079315,49.73665580390845,49.81381556130302,0.44999999996656004,0.4499999999652913,0.4500000000280423,0.45000000002335105,0.4500000000002346,0.45,0.0,1.526963899105842e-14,49.906907780651515
658.0,0.0,49.734328498425164,0.0,49.73432849842442,49.57487656525999,49.57487656526004,49.57487656525186,49.57487656525182,49.73200119294182,49.732001192940324,49.57312467241781,49.57312467241792,49.57312467240962,49.57312467240955,0.4500000000128525,0.4499999999876914,49.736655803908505,49.81381556130307,0.449999999975506,0.4499999999721642,0.4500000000261275,0.45000000002179796,0.4500000000001676,0.45,0.0,1.5269638991056352e-14,49.90690778065154
659.0,0.0,49.73432849842557,0.0,49.73432849842408,49.57487656526094,49.57487656526105,49.57487656525088,49.57487656525078,49.73200119294262,49.732001192939606,49.57312467241869,49.57312467241891,49.573124672408674,49.573124672408476,0.45000000001854185,0.44999999998264356,49.736655803908526,49.813815561303095,0.4499999999749317,0.449999999969658,0.45000000003093293,0.45000000002528945,0.45000000000012086,0.45,0.0,1.526963899105491e-14,49.906907780651544
660.0,0.0,49.734328498425334,0.0,49.73432849842466,49.57487656526129,49.57487656526135,49.57487656525071,49.57487656525066,49.73200119294196,49.732001192940594,49.57312467241913,49.57312467241923,49.57312467240844,49.57312467240835,0.4500000000226102,0.4499999999781711,49.7366558039087,49.81381556130323,0.44999999995080786,0.4499999999442209,0.4500000000534523,0.450000000047575,0.45000000000008716,0.45,0.0,1.526963899105387e-14,49.906907780651615
661.0,0.0,49.73432849842477,0.0,49.73432849842562,49.574876565259046,49.57487656525898,49.574876565253064,49.57487656525312,49.73200119294066,49.73200119294232,49.57312467241702,49.57312467241691,49.57312467241069,49.573124672410806,0.4500000000205572,0.44999999997887297,49.7366558039089,49.813815561303365,0.4499999999389201,0.44999999993258694,0.4500000000667102,0.450000000060987,0.4500000000000624,0.45,0.0,1.5269638991053105e-14,49.906907780651686
662.0,0.0,49.7343284984246,0.0,49.73432849842575,49.574876565256595,49.57487656525652,49.57487656525543,49.57487656525552,49.732001192940324,49.73200119294261,49.5731246724146,49.57312467241444,49.57312467241304,49.573124672413215,0.45000000001761425,0.4499999999819318,49.73665580390888,49.81381556130336,0.44999999994708084,0.4499999999431713,0.45000000005787966,0.45000000005230356,0.45000000000004436,0.45,0.0,1.5269638991052553e-14,49.90690778065168
663.0,0.0,49.73432849842454,0.0,49.73432849842554,49.57487656525394,49.57487656525389,49.57487656525791,49.574876565257995,49.73200119294034,49.73200119294232,49.57312467241192,49.57312467241178,49.57312467241556,49.573124672415716,0.45000000001348384,0.4499999999868224,49.73665580390875,49.81381556130327,0.4499999999658779,0.449999999964074,0.45000000003761925,0.45000000003409407,0.4500000000000317,0.45,0.0,1.5269638991052162e-14,49.906907780651636
664.0,0.0,49.734328498424325,0.0,49.73432849842547,49.574876565251074,49.57487656525102,49.574876565260595,49.57487656526068,49.73200119294004,49.732001192942334,49.573124672409,49.57312467240887,49.57312467241829,49.57312467241846,0.45000000000704937,0.4499999999938386,49.736655803908604,49.81381556130318,0.4499999999855011,0.44999999998379325,0.4500000000181824,0.45000000001733365,0.4500000000000228,0.45,0.0,1.5269638991051887e-14,49.90690778065158
665.0,0.0,49.73432849842442,0.0,49.73432849842538,49.574876565249404,49.574876565249355,49.574876565262144,49.57487656526221,49.73200119294024,49.73200119294214,49.57312467240726,49.57312467240716,49.5731246724199,49.573124672420036,0.4500000000009372,0.44999999999934504,49.73665580390861,49.81381556130318,0.45000000000366347,0.4500000000036405,0.4499999999978484,0.4499999999965469,0.4500000000000165,0.45,0.0,1.526963899105169e-14,49.90690778065158
666.0,0.0,49.73432849842497,0.0,49.73432849842493,49.57487656525011,49.5748765652501,49.574876565261356,49.574876565261356,49.73200119294129,49.73200119294121,49.573124672407864,49.57312467240784,49.573124672419226,49.57312467241922,0.45000000000043194,0.4499999999992651,49.73665580390867,49.813815561303215,0.4500000000182471,0.45000000001810075,0.4499999999790052,0.44999999997829576,0.45000000000001183,0.45,0.0,1.5269638991051546e-14,49.90690778065161
667.0,0.0,49.73432849842498,0.0,49.734328498424915,49.57487656525083,49.574876565250825,49.57487656526051,49.5748765652605,49.732001192941304,49.732001192941176,49.57312467240857,49.573124672408554,49.573124672418416,49.57312467241838,0.4500000000018211,0.44999999999795665,49.73665580390866,49.81381556130321,0.45000000001829377,0.45000000001819906,0.449999999979215,0.4499999999787885,0.4500000000000084,0.45,0.0,1.5269638991051442e-14,49.9069077806516
668.0,0.0,49.73432849842471,0.0,49.73432849842513,49.57487656525129,49.57487656525125,49.57487656525993,49.574876565259935,49.73200119294079,49.732001192941624,49.57312467240906,49.57312467240901,49.5731246724178,49.57312467241781,0.4500000000039264,0.4499999999960818,49.73665580390863,49.81381556130319,0.4500000000137411,0.4500000000128662,0.4499999999868195,0.44999999998521756,0.45000000000000595,0.45,0.0,1.526963899105137e-14,49.906907780651586
669.0,0.0,49.73432849842445,0.0,49.73432849842538,49.57487656525115,49.57487656525111,49.57487656525991,49.57487656525995,49.732001192940274,49.732001192942114,49.573124672408966,49.57312467240887,49.573124672417755,49.573124672417826,0.4500000000068879,0.449999999992984,49.73665580390862,49.81381556130318,0.4500000000136101,0.45000000001194956,0.4499999999885662,0.4499999999863701,0.4500000000000043,0.45,0.0,1.5269638991051316e-14,49.906907780651586
670.0,0.0,49.73432849842468,0.0,49.73432849842512,49.57487656525104,49.574876565251024,49.574876565259906,49.57487656525992,49.73200119294075,49.73200119294163,49.57312467240883,49.573124672408774,49.57312467241777,49.573124672417805,0.45000000000963214,0.4499999999901093,49.7366558039086,49.81381556130317,0.45000000002784224,0.4500000000254132,0.44999999997383483,0.4499999999717445,0.4500000000000031,0.45,0.0,1.526963899105128e-14,49.906907780651586
671.0,0.0,49.73432849842506,0.0,49.73432849842464,49.57487656525252,49.57487656525253,49.57487656525837,49.57487656525836,49.73200119294157,49.73200119294071,49.57312467241022,49.57312467241026,49.57312467241628,49.57312467241624,0.4500000000092161,0.44999999999096224,49.736655803908555,49.81381556130313,0.45000000003483764,0.45000000003355944,0.44999999996642576,0.44999999996474166,0.45000000000000223,0.45,0.0,1.5269638991051253e-14,49.90690778065157
672.0,0.0,49.73432849842522,0.0,49.73432849842452,49.57487656525427,49.5748765652543,49.57487656525662,49.57487656525658,49.73200119294185,49.73200119294045,49.57312467241198,49.573124672412035,49.57312467241452,49.57312467241445,0.4500000000077212,0.4499999999924258,49.73665580390857,49.813815561303144,0.45000000002455814,0.4500000000227193,0.4499999999768161,0.44999999997509293,0.4500000000000016,0.45,0.0,1.5269638991051234e-14,49.90690778065158
673.0,0.0,49.73432849842536,0.0,49.73432849842455,49.574876565255806,49.574876565255835,49.57487656525524,49.57487656525519,49.73200119294205,49.732001192940444,49.57312467241359,49.573124672413655,49.573124672413044,49.57312467241295,0.45000000000469437,0.4499999999952022,49.73665580390867,49.81381556130322,0.4499999999959589,0.44999999999477763,0.45000000000415974,0.45000000000342144,0.4500000000000012,0.45,0.0,1.5269638991051218e-14,49.906907780651615
674.0,0.0,49.73432849842572,0.0,49.734328498424546,49.57487656525661,49.57487656525665,49.574876565254826,49.57487656525477,49.73200119294259,49.73200119294026,49.57312467241456,49.573124672414636,49.57312467241243,49.573124672412305,0.4500000000007752,0.44999999999890106,49.73665580390884,49.81381556130334,0.44999999994998746,0.4499999999496271,0.4500000000495539,0.4500000000484075,0.4500000000000009,0.45,0.0,1.526963899105121e-14,49.90690778065168
675.0,0.0,49.73432849842575,0.0,49.73432849842481,49.57487656525633,49.57487656525636,49.574876565255614,49.57487656525558,49.73200119294252,49.73200119294062,49.573124672414316,49.573124672414366,49.57312467241318,49.573124672413094,0.45000000000314677,0.44999999999665574,49.73665580390899,49.813815561303436,0.4499999999614392,0.4499999999604372,0.450000000040599,0.4500000000369449,0.4500000000000006,0.45,0.0,1.5269638991051202e-14,49.906907780651714
676.0,0.0,49.7343284984253,0.0,49.73432849842524,49.57487656525628,49.57487656525628,49.57487656525576,49.57487656525577,49.732001192941624,49.7320011929415,49.57312467241412,49.57312467241412,49.57312467241353,49.57312467241355,0.4500000000051978,0.44999999999469675,49.73665580390898,49.81381556130343,0.4500000000128904,0.4500000000119544,0.44999999999007184,0.4499999999871526,0.4500000000000004,0.45,0.0,1.52696389910512e-14,49.90690778065171
677.0,0.0,49.7343284984254,0.0,49.73432849842514,49.57487656525651,49.57487656525651,49.57487656525557,49.574876565255586,49.73200119294181,49.73200119294132,49.573124672414345,49.57312467241435,49.57312467241333,49.57312467241335,0.4500000000060404,0.44999999999365276,49.73665580390898,49.81381556130343,0.44999999999232165,0.44999999999087403,0.45000000001133145,0.4500000000088339,0.4500000000000003,0.45,0.0,1.5269638991051193e-14,49.90690778065171
678.0,0.0,49.734328498425825,0.0,49.7343284984248,49.574876565256496,49.57487656525652,49.574876565255835,49.57487656525581,49.73200119294263,49.732001192940594,49.57312467241445,49.5731246724145,49.57312467241339,49.57312467241337,0.4500000000084592,0.4499999999908483,49.73665580390902,49.81381556130346,0.4499999999334409,0.4499999999314927,0.4500000000712678,0.4500000000697048,0.45000000000000023,0.45,0.0,1.526963899105119e-14,49.906907780651736
679.0,0.0,49.734328498426386,0.0,49.73432849842449,49.57487656525574,49.57487656525579,49.57487656525732,49.574876565257256,49.732001192943635,49.73200119293985,49.57312467241391,49.57312467241402,49.57312467241454,49.57312467241446,0.4500000000119605,0.449999999986886,49.736655803909144,49.81381556130355,0.4499999998703549,0.449999999867709,0.4500000001375669,0.45000000013668484,0.45000000000000023,0.45,0.0,1.526963899105119e-14,49.90690778065178
680.0,0.0,49.73432849842608,0.0,49.73432849842503,49.574876565254364,49.57487656525439,49.574876565259544,49.57487656525952,49.732001192942896,49.7320011929408,49.573124672412504,49.573124672412554,49.57312467241685,49.5731246724168,0.45000000001594953,0.44999999998344,49.73665580390926,49.81381556130363,0.4499999999198534,0.44999999991704587,0.4500000000856426,0.45000000008231783,0.45000000000000007,0.45,0.0,1.5269638991051187e-14,49.906907780651814
681.0,0.0,49.734328498425214,0.0,49.734328498425846,49.574876565253355,49.57487656525333,49.57487656526048,49.57487656526052,49.732001192941176,49.73200119294246,49.57312467241123,49.573124672411176,49.573124672418224,49.57312467241829,0.4500000000165188,0.449999999983872,49.73665580390922,49.813815561303606,0.45000000000828394,0.4500000000054704,0.4499999999892727,0.4499999999862357,0.45000000000000007,0.45,0.0,1.5269638991051187e-14,49.90690778065181
682.0,0.0,49.73432849842499,0.0,49.734328498425945,49.57487656525213,49.57487656525209,49.574876565261505,49.57487656526157,49.732001192940814,49.73200119294272,49.57312467240997,49.5731246724099,49.5731246724193,49.573124672419404,0.45000000001477314,0.4499999999855946,49.73665580390917,49.81381556130358,0.4499999999993755,0.4499999999962712,0.4500000000018843,0.4499999999982642,0.45000000000000007,0.45,0.0,1.5269638991051187e-14,49.906907780651785
683.0,0.0,49.734328498425,0.0,49.73432849842573,49.57487656525061,49.574876565250584,49.574876565262926,49.57487656526299,49.732001192940935,49.73200119294239,49.573124672408525,49.573124672408476,49.57312467242056,49.57312467242068,0.4500000000106174,0.44999999998936596,49.73665580390907,49.81381556130351,0.4499999999597496,0.44999999995735096,0.45000000004962154,0.45000000004736834,0.45000000000000007,0.45,0.0,1.5269638991051187e-14,49.90690778065175
684.0,0.0,49.73432849842477,0.0,49.7343284984256,49.574876565248736,49.574876565248715,49.57487656526503,49.5748765652651,49.732001192940665,49.73200119294229,49.5731246724067,49.57312467240667,49.57312467242253,49.57312467242265,0.45000000000450285,0.44999999999539836,49.736655803908896,49.81381556130338,0.44999999995722356,0.44999999995541623,0.4500000000610196,0.450000000060122,0.45000000000000007,0.45,0.0,1.5269638991051187e-14,49.906907780651686
685.0,0.0,49.734328498424645,0.0,49.73432849842546,49.574876565248,49.574876565247976,49.57487656526606,49.5748765652661,49.73200119294053,49.732001192942164,49.57312467240583,49.5731246724058,49.573124672423745,49.57312467242383,0.4500000000008807,0.4499999999993255,49.73665580390877,49.81381556130328,0.4500000000142355,0.4500000000135504,0.4499999999912262,0.4499999999895852,0.45000000000000007,0.45,0.0,1.5269638991051187e-14,49.90690778065164
686.0,0.0,49.73432849842495,0.0,49.7343284984252,49.57487656524892,49.57487656524891,49.57487656526474,49.57487656526473,49.73200119294111,49.73200119294161,49.57312467240666,49.57312467240661,49.573124672422686,49.57312467242268,0.45000000000291623,0.4499999999973087,49.73665580390878,49.8138155613033,0.4500000000313676,0.4500000000311118,0.449999999955701,0.4499999999533025,0.45,0.45,0.0,1.5269638991051187e-14,49.90690778065165
687.0,0.0,49.73432849842466,0.0,49.73432849842533,49.57487656524923,49.57487656524921,49.574876565263956,49.574876565263956,49.7320011929406,49.732001192941944,49.57312467240691,49.57312467240686,49.57312467242197,49.57312467242197,0.45000000000639256,0.4499999999941347,49.7366558039087,49.813815561303244,0.4500000000452765,0.45000000004350926,0.44999999994804557,0.4499999999458261,0.45,0.45,0.0,1.5269638991051184e-14,49.90690778065162
688.0,0.0,49.73432849842389,0.0,49.734328498425626,49.57487656524925,49.57487656524921,49.57487656526345,49.57487656526349,49.732001192939315,49.73200119294277,49.57312467240686,49.57312467240678,49.57312467242149,49.57312467242156,0.4500000000123052,0.4499999999887824,49.736655803908484,49.81381556130308,0.4500000000738792,0.45000000007160745,0.4499999999362697,0.4499999999336233,0.45000000000000007,0.45,0.0,1.5269638991051184e-14,49.90690778065154
689.0,0.0,49.7343284984228,0.0,49.734328498425874,49.574876565249305,49.57487656524924,49.57487656526297,49.57487656526303,49.73200119293754,49.73200119294368,49.573124672406756,49.57312467240662,49.57312467242115,49.573124672421294,0.4500000000219225,0.4499999999799576,49.736655803908064,49.81381556130279,0.45000000013737107,0.4500000001339918,0.4499999998879838,0.44999999988356054,0.45,0.45,0.0,1.5269638991051184e-14,49.90690778065139
690.0,0.0,49.73432849842321,0.0,49.73432849842501,49.57487656525061,49.57487656525058,49.57487656526131,49.574876565261356,49.7320011929386,49.73200119294219,49.57312467240803,49.57312467240795,49.573124672419574,49.57312467241965,0.4500000000302401,0.4499999999708031,49.73665580390784,49.813815561302626,0.45000000012674063,0.4500000001224482,0.449999999881556,0.44999999987750444,0.45,0.45,0.0,1.5269638991051184e-14,49.906907780651316
691.0,0.0,49.73432849842479,0.0,49.7343284984238,49.574876565253426,49.574876565253454,49.5748765652581,49.57487656525806,49.73200119294157,49.732001192939606,49.57312467241105,49.57312467241111,49.57312467241616,49.573124672416064,0.4500000000294738,0.4499999999698673,49.73665580390801,49.81381556130275,0.4500000000389009,0.4500000000353757,0.4499999999478001,0.44999999994411927,0.45,0.45,0.0,1.5269638991051184e-14,49.90690778065137
692.0,0.0,49.73432849842491,0.0,49.734328498423665,49.57487656525617,49.574876565256204,49.57487656525496,49.574876565254904,49.73200119294181,49.73200119293933,49.573124672413805,49.573124672413876,49.573124672412995,49.57312467241287,0.45000000002721524,0.4499999999722822,49.73665580390799,49.81381556130274,0.45000000004838264,0.4500000000455065,0.4499999999431427,0.44999999993994805,0.45,0.45,0.0,1.5269638991051184e-14,49.906907780651366
693.0,0.0,49.73432849842437,0.0,49.73432849842395,49.574876565258855,49.57487656525887,49.57487656525205,49.574876565252,49.73200119294087,49.732001192940025,49.573124672416405,49.57312467241644,49.573124672410145,49.57312467241004,0.4500000000240052,0.4499999999763471,49.73665580390788,49.81381556130266,0.4500000000906856,0.45000000008843893,0.44999999991660133,0.4499999999141078,0.45,0.45,0.0,1.5269638991051184e-14,49.90690778065133
694.0,0.0,49.734328498423984,0.0,49.734328498424034,49.574876565261455,49.574876565261455,49.574876565249504,49.57487656524946,49.73200119294024,49.732001192940345,49.57312467241896,49.57312467241896,49.57312467240764,49.57312467240752,0.45000000002011104,0.4499999999806346,49.73665580390774,49.813815561302555,0.4500000001017082,0.4500000000993723,0.44999999991679546,0.4499999999161128,0.44999999999999996,0.45,0.0,1.5269638991051184e-14,49.90690778065128
695.0,0.0,49.73432849842425,0.0,49.734328498423736,49.574876565263246,49.57487656526326,49.574876565247855,49.57487656524781,49.73200119294078,49.73200119293976,49.57312467242089,49.5731246724209,49.57312467240583,49.57312467240575,0.45000000001611234,0.44999999998396106,49.73665580390771,49.81381556130254,0.4500000000363681,0.4500000000339538,0.44999999996618306,0.4499999999659932,0.44999999999999996,0.45,0.0,1.5269638991051184e-14,49.906907780651274
696.0,0.0,49.73432849842445,0.0,49.73432849842378,49.57487656526338,49.5748765652634,49.57487656524749,49.5748765652475,49.73200119294107,49.73200119293973,49.5731246724212,49.573124672421244,49.57312467240531,49.5731246724053,0.45000000001300045,0.4499999999868114,49.73665580390782,49.81381556130262,0.4499999999954705,0.44999999999411083,0.4499999999905761,0.44999999998878254,0.45,0.45,0.0,1.5269638991051184e-14,49.906907780651316
697.0,0.0,49.734328498424674,0.0,49.73432849842383,49.5748765652632,49.57487656526323,49.57487656524754,49.57487656524755,49.732001192941375,49.73200119293969,49.573124672421095,49.57312467242114,49.573124672405285,49.5731246724053,0.4500000000093532,0.4499999999903807,49.73665580390796,49.81381556130272,0.4499999999874266,0.44999999998618007,0.45000000000047674,0.4499999999991115,0.45,0.45,0.0,1.5269638991051184e-14,49.90690778065135
698.0,0.0,49.73432849842493,0.0,49.734328498423835,49.574876565263175,49.5748765652632,49.574876565247465,49.57487656524746,49.732001192941766,49.73200119293956,49.573124672421045,49.57312467242111,49.573124672405214,49.5731246724052,0.4500000000040352,0.4499999999956223,49.7366558039081,49.81381556130281,0.4499999999907429,0.4499999999900275,0.4500000000054708,0.45000000000399676,0.45,0.45,0.0,1.5269638991051184e-14,49.9069077806514
699.0,0.0,49.734328498425285,0.0,49.73432849842375,49.57487656526374,49.57487656526378,49.574876565246754,49.574876565246726,49.73200119294234,49.732001192939265,49.5731246724216,49.573124672421656,49.57312467240453,49.573124672404475,0.45000000000239665,0.4499999999970035,49.736655803908235,49.8138155613029,0.44999999998512175,0.44999999998432294,0.4500000000135501,0.45000000001204976,0.45,0.45,0.0,1.5269638991051184e-14,49.90690778065145
700.0,0.0,49.73432849842537,0.0,49.73432849842437,49.57487656526383,49.57487656526385,49.57487656524649,49.57487656524647,49.73200119294214,49.73200119294016,49.573124672421706,49.57312467242174,49.573124672404234,49.573124672404205,0.45000000000919493,0.44999999999251505,49.7366558039086,49.813815561303265,0.44999999996395734,0.4499999999633636,0.4500000000326108,0.45000000003171475,0.4499999999994196,0.45,0.0,1.52696389910317e-14,49.906907780651636
701.0,0.0,49.73432849842497,0.0,49.734328498425185,49.57487656526203,49.574876565262024,49.57487656524842,49.57487656524844,49.73200119294112,49.73200119294157,49.573124672419965,49.57312467241996,49.573124672406074,49.57312467240612,0.45000000001150287,0.44999999999359797,49.73665580390881,49.8138155613035,0.4499999999603924,0.4499999999589459,0.4500000000441755,0.45000000004258356,0.4499999999989664,0.45,0.0,1.5269638991015947e-14,49.90690778065174
702.0,0.0,49.73432849842509,0.0,49.734328498425334,49.574876565260524,49.574876565260524,49.57487656525022,49.57487656525026,49.73200119294122,49.7320011929417,49.57312467241846,49.57312467241846,49.57312467240787,49.57312467240794,0.4500000000143292,0.44999999999446433,49.73665580390896,49.813815561303656,0.4499999999610874,0.4499999999607074,0.45000000004161783,0.4500000000402297,0.4499999999986924,0.45,0.0,1.5269638991005398e-14,49.906907780651835
703.0,0.0,49.73432849842624,0.0,49.734328498425924,49.574876565259444,49.57487656525945,49.57487656525154,49.57487656525158,49.73200119294259,49.73200119294198,49.57312467241736,49.57312467241737,49.57312467240923,49.57312467240931,0.45000000002073454,0.4499999999984606,49.736655803909876,49.813815561304615,0.449999999961815,0.44999999996146706,0.4500000000307067,0.4500000000306732,0.4499999999969621,0.45,0.0,1.526963899094511e-14,49.90690778065231
704.0,0.0,49.734328498428894,0.0,49.7343284984281,49.574876565258904,49.57487656525892,49.574876565252005,49.574876565252055,49.73200119294538,49.7320011929438,49.5731246724168,49.57312467241683,49.57312467240976,49.57312467240987,0.4500000000345984,0.4500000000081148,49.7366558039124,49.813815561307244,0.44999999995655043,0.44999999995584167,0.45000000001873747,0.4500000000184074,0.4499999999921402,0.45,0.0,1.5269638990780147e-14,49.906907780653626
705.0,0.0,49.73432849843103,0.0,49.734328498430855,49.57487656525808,49.57487656525809,49.57487656525235,49.574876565252374,49.73200119294727,49.73200119294691,49.57312467241598,49.57312467241598,49.573124672410096,49.57312467241017,0.45000000002258883,0.4499999999928756,49.736655803914786,49.81381556130969,0.44999999996114276,0.44999999996050405,0.45000000003656576,0.4500000000332511,0.4499999999871313,0.45,0.0,1.526963899063488e-14,49.90690778065485
706.0,0.0,49.73432849842952,0.0,49.73432849843018,49.574876565256474,49.57487656525647,49.57487656525428,49.574876565254264,49.73200119294559,49.73200119294689,49.57312467241433,49.57312467241431,49.57312467241196,49.573124672411915,0.4499999999902148,0.44999999996419127,49.736655803913465,49.81381556130824,0.44999999998158285,0.44999999998140067,0.4500000000592125,0.4500000000572061,0.44999999998932794,0.45,0.0,1.5269638990734885e-14,49.906907780654116
707.0,0.0,49.73432849842805,0.0,49.73432849842877,49.57487656525536,49.574876565255344,49.57487656525624,49.57487656525621,49.73200119294411,49.732001192945546,49.57312467241318,49.573124672413165,49.57312467241391,49.573124672413854,0.4499999999918228,0.44999999997069723,49.736655803912,49.813815561306704,0.44999999998670054,0.44999999998600676,0.4500000000468418,0.4500000000453842,0.44999999999250506,0.45,0.0,1.526963899083151e-14,49.906907780653356
708.0,0.0,49.73432849842736,0.0,49.73432849842781,49.574876565254456,49.57487656525444,49.57487656525772,49.5748765652577,49.73200119294345,49.73200119294435,49.5731246724123,49.57312467241229,49.57312467241546,49.573124672415425,0.45000000000945634,0.4499999999932663,49.73665580391126,49.813815561305944,0.449999999980739,0.4499999999795315,0.450000000014779,0.450000000013723,0.44999999999457074,0.45,0.0,1.526963899087796e-14,49.90690778065297
709.0,0.0,49.734328498428184,0.0,49.73432849842843,49.57487656525351,49.574876565253504,49.5748765652582,49.5748765652582,49.73200119294426,49.73200119294476,49.573124672411396,49.573124672411396,49.573124672416085,49.573124672416085,0.4500000000246125,0.45000000001331775,49.73665580391211,49.8138155613068,0.44999999996794154,0.4499999999671837,0.4499999999787484,0.4499999999777612,0.4499999999934329,0.45,0.0,1.5269638990827434e-14,49.9069077806534
710.0,0.0,49.734328498428965,0.0,49.734328498429214,49.57487656525288,49.57487656525288,49.57487656525777,49.57487656525776,49.732001192945084,49.7320011929456,49.573124672410735,49.573124672410714,49.573124672415666,49.57312467241565,0.45000000000631657,0.4499999999981109,49.73665580391284,49.81381556130753,0.4499999999903954,0.4499999999902051,0.44999999999558477,0.44999999999445955,0.44999999999162626,0.45,0.0,1.5269638990785315e-14,49.90690778065376
711.0,0.0,49.73432849842759,0.0,49.73432849842771,49.57487656525322,49.57487656525322,49.57487656525775,49.57487656525775,49.732001192943905,49.73200119294417,49.57312467241094,49.57312467241094,49.57312467241552,49.57312467241548,0.4499999999847985,0.44999999997839285,49.73665580391126,49.81381556130592,0.45000000002667145,0.4500000000266641,0.4500000000337087,0.45000000003288837,0.44999999999420753,0.45,0.0,1.526963899088198e-14,49.90690778065296
712.0,0.0,49.73432849842672,0.0,49.73432849842681,49.57487656525371,49.57487656525371,49.574876565257824,49.574876565257824,49.732001192943066,49.732001192943244,49.57312467241141,49.57312467241141,49.57312467241557,49.57312467241554,0.4499999999881931,0.4499999999822611,49.736655803910374,49.813815561305,0.4500000000221534,0.45000000002210044,0.45000000002645607,0.4500000000254489,0.449999999996093,0.45,0.0,1.5269638990938708e-14,49.9069077806525
713.0,0.0,49.734328498425846,0.0,49.734328498425945,49.574876565254314,49.57487656525431,49.57487656525795,49.574876565257945,49.73200119294214,49.732001192942334,49.573124672412035,49.573124672412035,49.57312467241572,49.57312467241571,0.4499999999984268,0.44999999999373336,49.73665580390954,49.813815561304146,0.45000000000543366,0.45000000000463675,0.4500000000038457,0.4500000000037428,0.4499999999979672,0.45,0.0,1.5269638990989798e-14,49.90690778065208
714.0,0.0,49.73432849842442,0.0,49.73432849842454,49.57487656525499,49.57487656525498,49.574876565258094,49.57487656525809,49.73200119294073,49.73200119294094,49.57312467241272,49.57312467241271,49.57312467241589,49.57312467241588,0.4499999999990652,0.44999999999518797,49.73665580390813,49.81381556130273,0.45000000000409973,0.45000000000340107,0.44999999999786133,0.4499999999974076,0.45000000000051454,0.45,0.0,1.5269638991069542e-14,49.90690778065137
715.0,0.0,49.734328498423196,0.0,49.73432849842326,49.57487656525559,49.574876565255565,49.574876565258144,49.57487656525815,49.73200119293948,49.7320011929396,49.57312467241337,49.57312467241333,49.57312467241596,49.573124672415965,0.4500000000046659,0.450000000002589,49.736655803906935,49.81381556130157,0.449999999992509,0.44999999999233714,0.4499999999896052,0.44999999998948975,0.45000000000262796,0.45,0.0,1.5269638991131256e-14,49.90690778065078
716.0,0.0,49.734328498423004,0.0,49.73432849842407,49.57487656525481,49.57487656525432,49.574876565258485,49.57487656525863,49.73200119293873,49.73200119294087,49.57312467241289,49.57312467241191,49.573124672416235,49.57312467241652,0.4500000000070124,0.4500000000037732,49.736655803907276,49.813815561301965,0.4500000000041654,0.4499999999982286,0.44999999999952317,0.4499999999983581,0.450000000001735,0.45,0.0,1.5269638991101027e-14,49.90690778065098
717.0,0.0,49.734328498423714,0.0,49.73432849842384,49.5748765652541,49.574876565254044,49.574876565258386,49.5748765652584,49.73200119293994,49.732001192940196,49.57312467241196,49.573124672411836,49.57312467241621,49.573124672416256,0.4500000000000558,0.44999999999406703,49.73665580390748,49.81381556130215,0.4500000000030875,0.4499999999945923,0.449999999985154,0.4499999999825021,0.4500000000013081,0.45,0.0,1.5269638991095827e-14,49.906907780651075
718.0,0.0,49.73432849842271,0.0,49.734328498424176,49.57487656525272,49.57487656525217,49.574876565259395,49.57487656525956,49.73200119293832,49.73200119294126,49.57312467241083,49.573124672409726,49.57312467241709,49.573124672417414,0.4500000000005317,0.4499999999848688,49.7366558039071,49.813815561301716,0.4500000000148327,0.45000000000000756,0.4500000000029939,0.4499999999978488,0.4500000000021295,0.45,0.0,1.5269638991126094e-14,49.90690778065086
719.0,0.0,49.734328498422464,0.0,49.734328498422585,49.57487656525135,49.574876565251245,49.57487656526059,49.57487656526062,49.7320011929387,49.73200119293895,49.57312467240919,49.57312467240897,49.57312467241842,49.57312467241847,0.4500000000183922,0.4499999999945277,49.73665580390622,49.81381556130078,0.45000000004502255,0.45000000002037527,0.4499999999524412,0.44999999994585294,0.4500000000044946,0.45,0.0,1.5269638991187442e-14,49.906907780650386
720.0,0.0,49.734328498422045,0.0,49.73432849842198,49.57487656525233,49.57487656525238,49.57487656525907,49.57487656525905,49.7320011929385,49.732001192938355,49.57312467241,49.573124672410096,49.57312467241699,49.57312467241697,0.44999999999034135,0.44999999996686424,49.736655803905606,49.813815561300096,0.4500000000615983,0.4500000000372713,0.4499999999726933,0.44999999996491286,0.4500000000051637,0.45,0.0,1.526963899123684e-14,49.906907780650045
721.0,0.0,49.734328498415934,0.0,49.734328498415934,49.574876565253874,49.57487656525382,49.57487656525793,49.57487656525796,49.73200119293273,49.73200119293273,49.5731246724115,49.5731246724114,49.57312467241568,49.57312467241572,0.449999999946489,0.4499999999228399,49.73665580389912,49.81381556129324,0.45000000007647045,0.45000000005208085,0.4500000000146547,0.45000000000693885,0.4500000000176631,0.45,0.0,1.5269638991677047e-14,49.90690778064663
722.0,0.0,49.7343284984178,0.0,49.73432849841739,49.5748765652551,49.57487656525534,49.57487656525644,49.574876565256375,49.7320011929342,49.732001192933375,49.5731246724128,49.573124672413265,49.57312467241443,49.57312467241431,0.4500000000482035,0.45000000002822527,49.7366558039014,49.81381556129577,0.45000000000325163,0.4499999999818632,0.4499999999388278,0.44999999993347795,0.4500000000153214,0.45,0.0,1.5269638991500314e-14,49.906907780647884
723.0,0.0,49.73432849841967,0.0,49.73432849841912,49.57487656525587,49.574876565256176,49.5748765652547,49.57487656525461,49.732001192936,49.73200119293489,49.57312467241361,49.57312467241419,49.573124672412746,49.573124672412575,0.45000000005477914,0.45000000003879115,49.73665580390335,49.8138155612978,0.44999999998981705,0.449999999973204,0.4499999999387646,0.44999999993500284,0.4500000000114892,0.45,0.0,1.5269638991370495e-14,49.9069077806489
724.0,0.0,49.734328498421306,0.0,49.7343284984207,49.57487656525643,49.574876565256695,49.57487656525301,49.57487656525292,49.73200119293779,49.732001192936565,49.57312467241418,49.573124672414686,49.57312467241097,49.57312467241083,0.45000000001643975,0.4500000000055306,49.736655803904846,49.813815561299315,0.45000000000313856,0.44999999999161355,0.449999999978614,0.4499999999741818,0.4500000000075769,0.45,0.0,1.526963899128202e-14,49.906907780649654
725.0,0.0,49.73432849842247,0.0,49.734328498421725,49.574876565257036,49.57487656525725,49.57487656525163,49.57487656525158,49.73200119293918,49.732001192937666,49.573124672414785,49.573124672415204,49.573124672409485,49.573124672409385,0.4499999999831358,0.4499999999797103,49.73665580390577,49.81381556130025,0.4500000000089915,0.45000000000379764,0.450000000018938,0.4500000000172693,0.45000000000499485,0.45,0.0,1.5269638991229318e-14,49.90690778065012
726.0,0.0,49.734328498422954,0.0,49.73432849842202,49.57487656525789,49.57487656525811,49.57487656525107,49.57487656525102,49.732001192939734,49.732001192937865,49.573124672415645,49.57312467241607,49.57312467240883,49.57312467240874,0.45000000000313023,0.4499999999994697,49.73665580390617,49.81381556130067,0.44999999998226947,0.4499999999822323,0.45000000002461144,0.45000000002311785,0.45000000000477014,0.45,0.0,1.5269638991201995e-14,49.90690778065033
727.0,0.0,49.73432849842335,0.0,49.73432849842325,49.5748765652582,49.57487656525825,49.57487656525189,49.57487656525188,49.73200119293968,49.732001192939464,49.57312467241603,49.573124672416135,49.57312467240966,49.57312467240963,0.45000000000683194,0.4500000000021862,49.73665580390704,49.81381556130151,0.4499999999839652,0.4499999999819071,0.4500000000082219,0.4500000000072261,0.45000000000354484,0.45,0.0,1.5269638991159437e-14,49.90690778065075
728.0,0.0,49.73432849842395,0.0,49.73432849842393,49.574876565258386,49.57487656525841,49.574876565252524,49.5748765652525,49.732001192940224,49.732001192940174,49.573124672416235,49.57312467241629,49.57312467241027,49.573124672410245,0.4500000000072724,0.45000000000081103,49.73665580390768,49.81381556130212,0.44999999998300116,0.4499999999786212,0.4500000000124643,0.4500000000118085,0.4500000000025514,0.45,0.0,1.5269638991128258e-14,49.90690778065106
729.0,0.0,49.73432849842466,0.0,49.73432849842428,49.574876565259025,49.574876565259125,49.574876565253234,49.574876565253184,49.73200119294111,49.732001192940366,49.57312467241682,49.573124672417045,49.57312467241094,49.57312467241086,0.4500000000061528,0.44999999999777773,49.73665580390819,49.8138155613026,0.44999999997773094,0.44999999997084145,0.45000000003075774,0.45000000003026014,0.4500000000017872,0.45,0.0,1.5269638991106126e-14,49.906907780651295
730.0,0.0,49.7343284984254,0.0,49.73432849842456,49.574876565260645,49.57487656526092,49.574876565254286,49.574876565254215,49.7320011929421,49.73200119294042,49.57312467241835,49.57312467241891,49.57312467241191,49.57312467241176,0.45000000000599366,0.4499999999947007,49.736655803908675,49.813815561303024,0.4499999999673429,0.4499999999561995,0.45000000005717206,0.45000000005532576,0.45000000000124957,0.45,0.0,1.5269638991090705e-14,49.906907780651515
731.0,0.0,49.73432849842546,0.0,49.7343284984246,49.5748765652618,49.57487656526219,49.57487656525569,49.57487656525561,49.732001192942185,49.73200119294045,49.57312467241947,49.57312467242023,49.57312467241321,49.57312467241304,0.4500000000091606,0.4499999999926528,49.73665580390875,49.813815561303116,0.4499999999587425,0.44999999994109163,0.4500000000687062,0.4500000000648926,0.45000000000092477,0.45,0.0,1.5269638991079706e-14,49.90690778065156
732.0,0.0,49.73432849842287,0.0,49.734328498423174,49.574876565254094,49.574876565253994,49.57487656525588,49.57487656525589,49.73200119293899,49.73200119293959,49.573124672412064,49.573124672411886,49.57312467241361,49.573124672413655,0.4500000000122462,0.44999999998912393,49.73665580390676,49.81381556130176,0.449999999985464,0.4499999999676757,0.45000000000755896,0.4500000000045578,0.4500000000006639,0.45,0.0,1.5269638991071656e-14,49.906907780650876
733.0,0.0,49.73432849842256,0.0,49.73432849842319,49.57487656525215,49.57487656525194,49.57487656525673,49.57487656525678,49.73200119293851,49.73200119293978,49.57312467241015,49.57312467240977,49.57312467241451,49.5731246724146,0.4500000000110866,0.4499999999898943,49.73665580390661,49.81381556130169,0.4499999999924124,0.44999999997572077,0.45000000000128076,0.449999999997771,0.45000000000047274,0.45,0.0,1.526963899106576e-14,49.90690778065083
734.0,0.0,49.73432849842318,0.0,49.73432849842377,49.57487656525251,49.57487656525241,49.57487656525791,49.574876565257945,49.732001192939165,49.73200119294035,49.57312467241043,49.57312467241026,49.573124672415666,49.57312467241572,0.4500000000076507,0.4499999999929897,49.7366558039072,49.81381556130212,0.4499999999936475,0.4499999999786105,0.45000000001613133,0.45000000001280577,0.45000000000033696,0.45,0.0,1.5269638991061574e-14,49.90690778065106
735.0,0.0,49.734328498423416,0.0,49.734328498424055,49.57487656525172,49.574876565251806,49.57487656525908,49.574876565259096,49.73200119293938,49.73200119294066,49.57312467240952,49.57312467240969,49.573124672416824,49.57312467241684,0.45000000000390805,0.4499999999964357,49.73665580390745,49.81381556130232,0.4500000000032302,0.44999999998972867,0.450000000019565,0.45000000001674084,0.4500000000002423,0.45,0.0,1.526963899105866e-14,49.90690778065116
736.0,0.0,49.73432849842267,0.0,49.734328498423615,49.574876565248296,49.57487656524843,49.57487656525981,49.57487656525983,49.73200119293848,49.732001192940366,49.57312467240608,49.57312467240632,49.573124672417606,49.573124672417634,0.4500000000005833,0.44999999999957735,49.73665580390687,49.81381556130191,0.45000000002636326,0.4500000000133499,0.4499999999863409,0.4499999999841954,0.4500000000001749,0.45,0.0,1.5269638991056576e-14,49.90690778065096
737.0,0.0,49.7343284984248,0.0,49.73432849842495,49.57487656525308,49.57487656525293,49.574876565259444,49.574876565259466,49.73200119294103,49.73200119294132,49.573124672410906,49.57312467241062,49.57312467241731,49.57312467241735,0.45000000000293217,0.4499999999974038,49.73665580390858,49.81381556130314,0.45000000001216134,0.44999999999830376,0.44999999997968243,0.4499999999783473,0.4500000000001255,0.45,0.0,1.5269638991055055e-14,49.906907780651565
738.0,0.0,49.7343284984252,0.0,49.7343284984254,49.574876565254144,49.574876565253874,49.57487656525909,49.57487656525912,49.732001192941404,49.73200119294179,49.573124672412014,49.573124672411474,49.57312467241699,49.57312467241706,0.4500000000048948,0.4499999999953882,49.73665580390901,49.81381556130343,0.4500000000118952,0.4500000000010119,0.4499999999710402,0.4499999999705849,0.4500000000000894,0.45,0.0,1.5269638991053938e-14,49.906907780651714
739.0,0.0,49.73432849842493,0.0,49.734328498425704,49.57487656525337,49.574876565253035,49.5748765652586,49.57487656525865,49.73200119294084,49.73200119294238,49.57312467241127,49.5731246724106,49.57312467241656,49.573124672416654,0.4500000000077444,0.4499999999924047,49.73665580390902,49.81381556130345,0.4500000000176633,0.4500000000120585,0.4499999999523693,0.4499999999523435,0.4500000000000637,0.45,0.0,1.5269638991053146e-14,49.90690778065173
740.0,0.0,49.73432849842507,0.0,49.734328498426606,49.57487656525257,49.574876565252175,49.57487656525786,49.57487656525793,49.732001192940594,49.73200119294367,49.57312467241049,49.573124672409726,49.573124672415965,49.57312467241611,0.4500000000129414,0.44999999998714013,49.736655803909535,49.81381556130382,0.4500000000220277,0.4500000000215641,0.44999999991625317,0.44999999991443007,0.4500000000000458,0.45,0.0,1.5269638991052597e-14,49.90690778065191
741.0,0.0,49.73432849842619,0.0,49.734328498427885,49.574876565252524,49.57487656525212,49.574876565256595,49.57487656525667,49.73200119294163,49.732001192945056,49.57312467241042,49.57312467240962,49.57312467241488,49.573124672415034,0.4500000000207362,0.44999999997941503,49.73665580391072,49.81381556130465,0.4500000000339643,0.4500000000230802,0.4499999998842921,0.4499999998810797,0.45000000000003304,0.45,0.0,1.5269638991052203e-14,49.90690778065233
742.0,0.0,49.73432849842529,0.0,49.73432849842493,49.57487656524955,49.57487656524962,49.574876565254584,49.57487656525458,49.73200119294177,49.732001192941034,49.57312467240721,49.57312467240732,49.57312467241252,49.57312467241248,0.45000000001701346,0.44999999998293816,49.73665580390882,49.81381556130332,0.45000000007580115,0.450000000060012,0.44999999998658363,0.4499999999840691,0.4500000000000237,0.45,0.0,1.5269638991051916e-14,49.90690778065166
743.0,0.0,49.73432849842524,0.0,49.73432849842437,49.574876565250825,49.57487656525101,49.57487656525318,49.57487656525315,49.732001192941965,49.73200119294023,49.5731246724084,49.573124672408746,49.57312467241102,49.57312467241095,0.4500000000154163,0.44999999998453444,49.736655803908526,49.81381556130311,0.45000000007545327,0.450000000060363,0.4499999999982193,0.4499999999960655,0.4500000000000169,0.45,0.0,1.5269638991051704e-14,49.90690778065155
744.0,0.0,49.734328498425505,0.0,49.7343284984249,49.57487656525384,49.574876565253916,49.57487656525219,49.574876565252175,49.73200119294209,49.7320011929409,49.57312467241144,49.57312467241158,49.573124672410046,49.57312467241002,0.45000000001376433,0.4499999999863113,49.73665580390892,49.81381556130339,0.45000000005695856,0.4500000000444529,0.4499999999727378,0.4499999999702164,0.45000000000001206,0.45,0.0,1.5269638991051556e-14,49.90690778065169
745.0,0.0,49.73432849842555,0.0,49.73432849842522,49.5748765652561,49.574876565255956,49.574876565251394,49.57487656525141,49.732001192942,49.73200119294135,49.573124672413805,49.5731246724135,49.57312467240927,49.5731246724093,0.4500000000106969,0.4499999999895565,49.73665580390909,49.813815561303514,0.4500000000451515,0.4500000000318052,0.4499999999628811,0.4499999999604657,0.45000000000000867,0.45,0.0,1.5269638991051452e-14,49.90690778065175
746.0,0.0,49.73432849842531,0.0,49.73432849842465,49.57487656525672,49.574876565256446,49.57487656525091,49.57487656525092,49.732001192941944,49.732001192940594,49.57312467241451,49.57312467241394,49.57312467240869,49.57312467240872,0.45000000000635837,0.4499999999939435,49.73665580390869,49.81381556130324,0.45000000005007074,0.45000000003268575,0.45000000000743495,0.4500000000042445,0.4500000000000063,0.45,0.0,1.5269638991051376e-14,49.906907780651615
747.0,0.0,49.73432849842697,0.0,49.734328498426464,49.574876565262734,49.574876565262834,49.57487656525169,49.574876565251664,49.73200119294352,49.73200119294252,49.57312467242042,49.573124672420654,49.57312467240947,49.573124672409406,0.4500000000069541,0.4499999999929089,49.73665580391041,49.81381556130444,0.45000000000832435,0.44999999999383117,0.44999999999813317,0.4499999999956172,0.45000000000000456,0.45,0.0,1.5269638991051322e-14,49.90690778065222
748.0,0.0,49.73432849842721,0.0,49.734328498426436,49.57487656526397,49.57487656526416,49.574876565251365,49.57487656525133,49.73200119294391,49.732001192942356,49.57312467242169,49.573124672422075,49.573124672409136,49.57312467240906,0.45000000000364504,0.44999999999619766,49.736655803910516,49.81381556130452,0.44999999999715373,0.44999999998377266,0.4500000000075198,0.4500000000058207,0.4500000000000033,0.45,0.0,1.526963899105128e-14,49.90690778065226
749.0,0.0,49.734328498426684,0.0,49.73432849842525,49.57487656526332,49.57487656526343,49.574876565250506,49.57487656525045,49.7320011929437,49.732001192940835,49.573124672421116,49.57312467242137,49.5731246724082,49.5731246724081,0.45000000000266155,0.44999999999737256,49.73665580390968,49.813815561303926,0.4499999999959092,0.44999999998548795,0.4500000000372461,0.45000000003574586,0.45000000000000234,0.45,0.0,1.5269638991051253e-14,49.90690778065196
750.0,0.0,49.734328498426024,0.0,49.734328498423594,49.57487656526363,49.574876565263686,49.5748765652496,49.574876565249546,49.732001192943514,49.73200119293868,49.57312467242152,49.573124672421656,49.57312467240715,49.57312467240702,0.4500000000125178,0.4499999999877122,49.736655803908526,49.813815561303116,0.44999999998712814,0.4499999999787675,0.4500000000882767,0.4500000000869705,0.4500000000000017,0.45,0.0,1.5269638991051234e-14,49.90690778065155
751.0,0.0,49.73432849842555,0.0,49.73432849842268,49.57487656526663,49.57487656526675,49.57487656524961,49.57487656524954,49.732001192943265,49.73200119293752,49.573124672424555,49.573124672424804,49.57312467240695,49.573124672406806,0.4500000000248151,0.4499999999753821,49.73665580390783,49.813815561302626,0.44999999994857026,0.4499999999451318,0.4500000001343672,0.4500000001317959,0.4500000000000012,0.45,0.0,1.526963899105122e-14,49.906907780651316
752.0,0.0,49.73432849842416,0.0,49.73432849842454,49.57487656526367,49.57487656526378,49.574876565252396,49.574876565252396,49.73200119294026,49.73200119294102,49.57312467242164,49.57312467242186,49.573124672409975,49.57312467240998,0.45000000002462737,0.44999999997532836,49.73665580390807,49.81381556130279,0.4499999999128956,0.4499999999096959,0.4500000000505028,0.45000000004877416,0.45000000000000084,0.45,0.0,1.526963899105121e-14,49.906907780651395
753.0,0.0,49.73432849842384,0.0,49.734328498424844,49.57487656526091,49.57487656526107,49.57487656525481,49.574876565254826,49.732001192939634,49.73200119294162,49.573124672418835,49.57312467241917,49.57312467241243,49.573124672412476,0.4500000000244851,0.4499999999753564,49.736655803908064,49.81381556130278,0.4499999999117547,0.4499999999115079,0.4500000000473065,0.4500000000457011,0.4500000000000006,0.45,0.0,1.5269638991051202e-14,49.906907780651395
754.0,0.0,49.73432849842399,0.0,49.73432849842421,49.57487656525859,49.5748765652589,49.57487656525713,49.57487656525712,49.73200119294017,49.7320011929406,49.57312467241642,49.573124672417045,49.573124672414664,49.57312467241466,0.4500000000234009,0.4499999999763252,49.73665580390783,49.81381556130262,0.44999999992992895,0.44999999992498424,0.450000000083893,0.4500000000821162,0.45000000000000046,0.45,0.0,1.5269638991051196e-14,49.906907780651316
755.0,0.0,49.734328498424006,0.0,49.73432849842334,49.574876565257014,49.57487656525753,49.57487656525962,49.57487656525958,49.732001192940615,49.732001192939265,49.5731246724147,49.57312467241574,49.57312467241701,49.57312467241695,0.4500000000225725,0.4499999999769095,49.736655803907404,49.81381556130232,0.44999999994551504,0.4499999999312257,0.45000000011937663,0.4500000001175594,0.45000000000000034,0.45,0.0,1.5269638991051193e-14,49.90690778065116
756.0,0.0,49.734328498423345,0.0,49.73432849842299,49.57487656525601,49.57487656525663,49.57487656526236,49.574876565262315,49.73200119293979,49.73200119293908,49.573124672413634,49.573124672414835,49.5731246724197,49.573124672419624,0.4500000000214637,0.4499999999778006,49.736655803906906,49.813815561301965,0.4499999999437674,0.4499999999182053,0.4500000000987556,0.4500000000959029,0.4500000000000002,0.45,0.0,1.526963899105119e-14,49.90690778065098
757.0,0.0,49.73432849842292,0.0,49.7343284984237,49.574876565253184,49.57487656525299,49.57487656526323,49.57487656526326,49.7320011929388,49.73200119294035,49.573124672411225,49.573124672410835,49.57312467242098,49.573124672421024,0.45000000001961415,0.4499999999806149,49.736655803907034,49.81381556130205,0.44999999996330253,0.4499999999380875,0.45000000000234236,0.44999999999941004,0.4500000000000002,0.45,0.0,1.5269638991051187e-14,49.906907780651025
758.0,0.0,49.734328498422926,0.0,49.73432849842405,49.574876565251394,49.574876565251,49.57487656526347,49.574876565263516,49.73200119293864,49.73200119294088,49.57312467240952,49.57312467240872,49.573124672421365,49.57312467242145,0.4500000000158644,0.44999999998444173,49.736655803907205,49.81381556130218,0.44999999997373596,0.44999999995253337,0.44999999998234613,0.44999999997944345,0.4500000000000001,0.45,0.0,1.5269638991051187e-14,49.90690778065109
759.0,0.0,49.73432849842322,0.0,49.73432849842432,49.57487656525033,49.57487656525006,49.574876565263466,49.5748765652635,49.732001192938945,49.73200119294115,49.57312467240833,49.57312467240781,49.573124672421365,49.57312467242143,0.45000000001021057,0.4499999999897426,49.73665580390748,49.813815561302384,0.44999999998149526,0.4499999999647715,0.44999999999597906,0.4499999999940948,0.45000000000000007,0.45,0.0,1.5269638991051187e-14,49.90690778065118
760.0,0.0,49.73432849842365,0.0,49.734328498424794,49.57487656524966,49.57487656524961,49.574876565263615,49.57487656526364,49.73200119293936,49.73200119294167,49.5731246724075,49.5731246724074,49.57312467242149,49.57312467242153,0.45000000000319496,0.4499999999964329,49.736655803907944,49.813815561302704,0.44999999999221113,0.4499999999788276,0.4500000000016483,0.45000000000026086,0.45,0.45,0.0,1.5269638991051187e-14,49.906907780651345
761.0,0.0,49.734328498424254,0.0,49.73432849842561,49.57487656524872,49.574876565248694,49.57487656526389,49.57487656526392,49.73200119293986,49.73200119294258,49.57312467240649,49.57312467240647,49.57312467242179,49.573124672421834,0.4500000000042508,0.44999999999765317,49.736655803908654,49.8138155613033,0.4500000000122827,0.44999999999886886,0.44999999996746,0.4499999999656964,0.44999999999942125,0.45,0.0,1.5269638991031733e-14,49.90690778065165
762.0,0.0,49.734328498425114,0.0,49.734328498425285,49.57487656524706,49.57487656524694,49.574876565261945,49.57487656526195,49.73200119294124,49.7320011929416,49.57312467240488,49.57312467240464,49.57312467241988,49.5731246724199,0.4500000000103884,0.4500000000030503,49.736655803908974,49.81381556130391,0.45000000002529544,0.4500000000170285,0.44999999996817514,0.44999999996793977,0.4499999999972367,0.45,0.0,1.5269638990956713e-14,49.906907780651956
763.0,0.0,49.73432849842573,0.0,49.73432849842584,49.574876565247706,49.5748765652475,49.574876565260716,49.57487656526073,49.732001192941844,49.732001192942064,49.573124672405584,49.57312467240516,49.57312467241868,49.573124672418714,0.45000000001812435,0.4500000000072638,49.736655803909606,49.813815561304565,0.4500000000220117,0.4500000000177822,0.4499999999599937,0.4499999999595892,0.44999999999619233,0.45,0.0,1.5269638990917642e-14,49.906907780652276
764.0,0.0,49.7343284984283,0.0,49.734328498428994,49.57487656524894,49.5748765652486,49.57487656525985,49.574876565259885,49.732001192944,49.73200119294541,49.573124672406884,49.573124672406216,49.573124672417876,49.57312467241794,0.45000000003591845,0.4500000000177484,49.73665580391259,49.8138155613075,0.45000000000868007,0.4500000000085594,0.44999999993656087,0.449999999936141,0.44999999999160656,0.45,0.0,1.5269638990757882e-14,49.906907780653746
765.0,0.0,49.73432849843496,0.0,49.734328498436504,49.57487656524899,49.57487656524846,49.57487656525893,49.574876565259,49.73200119294998,49.73200119295306,49.57312467240709,49.57312467240604,49.57312467241711,49.57312467241722,0.45000000007168395,0.4500000000425054,49.736655803919945,49.813815561314954,0.44999999999878154,0.44999999998955725,0.4499999998928873,0.4499999998917261,0.44999999997879786,0.45,0.0,1.5269638990320796e-14,49.90690778065748
766.0,0.0,49.73432849844533,0.0,49.73432849844698,49.57487656524711,49.57487656524648,49.57487656525749,49.57487656525754,49.732001192960084,49.73200119296336,49.573124672405285,49.57312467240403,49.57312467241579,49.57312467241592,0.45000000009300406,0.45000000005204427,49.73665580393059,49.813815561325896,0.4500000000253614,0.45000000000121315,0.44999999987003747,0.4499999998653722,0.4499999999584082,0.45,0.0,1.5269638989657055e-14,49.906907780662955
767.0,0.0,49.734328498441045,0.0,49.7343284984403,49.57487656525083,49.574876565251,49.574876565255636,49.574876565255614,49.732001192958,49.73200119295651,49.573124672408134,49.5731246724085,49.573124672413385,49.573124672413336,0.44999999994933926,0.44999999991144146,49.73665580392409,49.81381556131898,0.45000000015229724,0.45000000013044184,0.4500000000373926,0.45000000003493457,0.44999999996820356,0.45,0.0,1.526963899010733e-14,49.906907780659495
768.0,0.0,49.734328498437144,0.0,49.734328498435886,49.57487656525472,49.57487656525512,49.574876565254854,49.574876565254804,49.73200119295455,49.732001192952026,49.57312467241185,49.573124672412646,49.57312467241245,49.57312467241235,0.4499999999390596,0.4499999999071651,49.73665580391974,49.81381556131442,0.45000000014265984,0.4500000001242753,0.4500000000549161,0.45000000005253343,0.4499999999770191,0.45,0.0,1.5269638990394593e-14,49.90690778065721
769.0,0.0,49.73432849843337,0.0,49.734328498432596,49.57487656525827,49.57487656525854,49.57487656525464,49.57487656525461,49.73200119295032,49.73200119294877,49.573124672415595,49.57312467241616,49.573124672412305,49.573124672412234,0.4499999999878237,0.44999999996224216,49.73665580391641,49.81381556131101,0.4500000000721846,0.45000000005954516,0.45000000000180307,0.4499999999999049,0.4499999999851174,0.45,0.0,1.5269638990600583e-14,49.90690778065551
770.0,0.0,49.73432849842946,0.0,49.73432849842931,49.57487656526093,49.574876565261015,49.57487656525448,49.57487656525446,49.732001192945894,49.732001192945596,49.57312467241852,49.57312467241869,49.57312467241227,49.573124672412256,0.4500000000201981,0.45000000000079193,49.736655803913024,49.81381556130755,0.4500000000197947,0.45000000000989504,0.4499999999588423,0.4499999999571913,0.449999999992761,0.45,0.0,1.5269638990807053e-14,49.906907780653775
771.0,0.0,49.73432849842554,0.0,49.734328498425334,49.574876565262116,49.57487656526216,49.57487656525397,49.57487656525396,49.73200119294211,49.732001192941695,49.57312467241978,49.57312467241988,49.5731246724118,49.57312467241179,0.449999999987982,0.44999999997299,49.73665580390897,49.81381556130338,0.4500000000311133,0.4500000000244976,0.4499999999920278,0.44999999999044826,0.44999999999981477,0.45,0.0,1.5269638991060104e-14,49.906907780651686
772.0,0.0,49.73432849842489,0.0,49.73432849842451,49.57487656526169,49.57487656526178,49.57487656525364,49.574876565253625,49.732001192941404,49.73200119294064,49.57312467241948,49.57312467241967,49.57312467241145,49.57312467241141,0.45000000000616175,0.4499999999936413,49.73665580390836,49.8138155613028,0.449999999990595,0.44999999998610457,0.44999999999449897,0.4499999999938677,0.4500000000011113,0.45,0.0,1.5269638991088702e-14,49.90690778065141
773.0,0.0,49.734328498421576,0.0,49.73432849842089,49.574876565260936,49.574876565261086,49.57487656525301,49.57487656525298,49.73200119293856,49.73200119293722,49.573124672418714,49.57312467241902,49.57312467241074,49.573124672410714,0.4499999999469124,0.4499999999395775,49.73665580390457,49.81381556129871,0.4500000000047493,0.4500000000028536,0.450000000022588,0.45000000002129237,0.4500000000081079,0.45,0.0,1.5269638991363737e-14,49.906907780649355
774.0,0.0,49.73432849841887,0.0,49.73432849841853,49.57487656526012,49.57487656526021,49.57487656525262,49.57487656525261,49.732001192935456,49.73200119293478,49.573124672418,49.57312467241816,49.57312467241043,49.57312467241042,0.45000000000223755,0.4499999999992084,49.73665580390227,49.81381556129631,0.4499999999804886,0.4499999999795056,0.4499999999944617,0.44999999999389717,0.45000000001456947,0.45,0.0,1.5269638991513336e-14,49.90690778064815
775.0,0.0,49.73432849842002,0.0,49.73432849842005,49.57487656525916,49.57487656525916,49.574876565252794,49.574876565252794,49.73200119293611,49.73200119293615,49.57312467241711,49.57312467241711,49.57312467241068,49.57312467241068,0.45000000004629914,0.4500000000452826,49.73665580390394,49.81381556129816,0.44999999997440976,0.4499999999740659,0.4499999999706673,0.4499999999706197,0.45000000001180274,0.45,0.0,1.5269638991381246e-14,49.90690778064908
776.0,0.0,49.73432849842145,0.0,49.73432849842144,49.574876565258144,49.574876565258144,49.57487656525291,49.57487656525291,49.73200119293756,49.73200119293754,49.573124672416085,49.57312467241607,49.57312467241079,49.57312467241079,0.450000000028681,0.4500000000277844,49.736655803905336,49.81381556129965,0.4499999999790941,0.44999999997819506,0.44999999998095214,0.4499999999806656,0.45000000000824986,0.45,0.0,1.526963899128603e-14,49.90690778064982
777.0,0.0,49.73432849842295,0.0,49.73432849842272,49.57487656525727,49.57487656525731,49.574876565252424,49.57487656525243,49.732001192939315,49.732001192938874,49.57312467241516,49.57312467241525,49.57312467241033,49.57312467241033,0.44999999999510554,0.4499999999924127,49.73665580390657,49.813815561300856,0.44999999998481244,0.4499999999831955,0.4499999999916736,0.4499999999913049,0.4500000000050765,0.45,0.0,1.5269638991219265e-14,49.906907780650435
778.0,0.0,49.734328498424304,0.0,49.73432849842392,49.57487656525673,49.57487656525681,49.57487656525083,49.57487656525084,49.73200119294084,49.73200119294008,49.5731246724146,49.573124672414764,49.57312467240887,49.57312467240889,0.4499999999913504,0.44999999998481105,49.73665580390776,49.81381556130194,0.449999999982819,0.4499999999793867,0.4499999999697062,0.4499999999692905,0.45000000000344836,0.45,0.0,1.5269638991172532e-14,49.90690778065098
779.0,0.0,49.734328498424716,0.0,49.73432849842482,49.574876565256304,49.57487656525629,49.57487656525124,49.57487656525129,49.732001192940956,49.73200119294116,49.573124672414174,49.573124672414146,49.57312467240907,49.57312467240914,0.45000000000682655,0.44999999999787227,49.736655803908484,49.81381556130262,0.44999999999377605,0.4499999999896389,0.45000000003404933,0.4500000000316548,0.4500000000029022,0.45,0.0,1.5269638991141227e-14,49.90690778065131
780.0,0.0,49.7343284984254,0.0,49.734328498425576,49.57487656525583,49.5748765652558,49.574876565254534,49.57487656525481,49.73200119294163,49.732001192941986,49.57312467241369,49.573124672413634,49.57312467241224,49.57312467241272,0.450000000003019,0.4499999999936919,49.736655803909166,49.81381556130312,0.44999999998941503,0.4499999999856196,0.44999999999102325,0.4499999999864842,0.4500000000026939,0.45,0.0,1.5269638991137475e-14,49.90690778065156
781.0,0.0,49.73432849842325,0.0,49.734328498423324,49.57487656525472,49.574876565254684,49.57487656524904,49.57487656524896,49.732001192939485,49.73200119293961,49.573124672412575,49.57312467241251,49.57312467240688,49.57312467240674,0.45000000000606194,0.4500000000042858,49.73665580390703,49.81381556130173,0.449999999998558,0.4499999999956391,0.45000000004332613,0.45000000003191004,0.45000000000208185,0.45,0.0,1.5269638991112954e-14,49.90690778065087
782.0,0.0,49.7343284984235,0.0,49.734328498423636,49.5748765652544,49.574876565254364,49.57487656525039,49.57487656525038,49.73200119293969,49.73200119293997,49.57312467241224,49.573124672412185,49.573124672408156,49.57312467240818,0.4500000000045941,0.4500000000043903,49.736655803907304,49.81381556130203,0.4499999999993012,0.44999999999648443,0.45000000003939655,0.4500000000266613,0.4500000000014955,0.45,0.0,1.5269638991095136e-14,49.90690778065101
783.0,0.0,49.73432849842457,0.0,49.73432849842493,49.57487656525413,49.57487656525411,49.57487656525435,49.57487656525468,49.73200119294067,49.73200119294139,49.57312467241198,49.57312467241194,49.57312467241193,49.573124672412575,0.45000000000155443,0.4500000000007199,49.736655803908484,49.81381556130292,0.4499999999964675,0.44999999999506185,0.45000000001276325,0.4500000000017495,0.45000000000100554,0.45,0.0,1.526963899108257e-14,49.90690778065146
784.0,0.0,49.73432849842494,0.0,49.73432849842558,49.57487656525323,49.57487656525321,49.57487656525669,49.57487656525743,49.7320011929409,49.73200119294219,49.57312467241108,49.57312467241104,49.57312467241407,49.57312467241553,0.4500000000017716,0.4499999999980991,49.73665580390899,49.81381556130333,0.4499999999968721,0.4499999999962848,0.45000000000229146,0.44999999998285023,0.4500000000006829,0.45,0.0,1.526963899107381e-14,49.906907780651665
785.0,0.0,49.73432849842494,0.0,49.734328498425384,49.574876565252374,49.57487656525236,49.57487656525634,49.574876565256815,49.73200119294099,49.73200119294189,49.5731246724102,49.573124672410174,49.573124672413904,49.57312467241484,0.45000000000633217,0.44999999999629364,49.73665580390889,49.813815561303294,0.4500000000129392,0.4500000000123275,0.4500000000129565,0.44999999997838913,0.4500000000005292,0.45,0.0,1.5269638991067503e-14,49.90690778065164
786.0,0.0,49.73432849842601,0.0,49.73432849842588,49.57487656525337,49.574876565253355,49.57487656525741,49.574876565257135,49.73200119294237,49.732001192942114,49.57312467241111,49.57312467241111,49.573124672415375,49.57312467241481,0.4500000000044292,0.4499999999951596,49.736655803909656,49.81381556130385,0.45000000002683976,0.45000000002593205,0.45000000000176144,0.44999999996908624,0.45000000000037893,0.45,0.0,1.5269638991062865e-14,49.90690778065193
787.0,0.0,49.734328498425974,0.0,49.734328498425796,49.574876565254186,49.57487656525417,49.57487656525718,49.57487656525673,49.73200119294237,49.73200119294201,49.57312467241192,49.57312467241191,49.573124672415226,49.573124672414345,0.45000000000411866,0.44999999999534945,49.73665580390959,49.81381556130382,0.45000000002170637,0.45000000002142004,0.4499999999998789,0.44999999997126267,0.4500000000002696,0.45,0.0,1.5269638991059495e-14,49.90690778065191
788.0,0.0,49.73432849842556,0.0,49.73432849842556,49.57487656525459,49.57487656525457,49.57487656525646,49.57487656525613,49.732001192941865,49.732001192941865,49.573124672412376,49.573124672412334,49.573124672414465,49.57312467241379,0.45000000000502727,0.4499999999954789,49.73665580390927,49.813815561303606,0.4500000000058908,0.4500000000055062,0.45000000000042617,0.44999999997952034,0.4500000000001924,0.45,0.0,1.526963899105712e-14,49.906907780651814
789.0,0.0,49.73432849842549,0.0,49.73432849842563,49.574876565254364,49.57487656525432,49.57487656525612,49.57487656525583,49.73200119294172,49.732001192941986,49.573124672412256,49.573124672412185,49.57312467241408,49.57312467241351,0.45000000000514245,0.44999999999580315,49.736655803909265,49.81381556130361,0.4499999999864428,0.4499999999862072,0.4499999999993092,0.4499999999856724,0.45000000000013873,0.45,0.0,1.5269638991055465e-14,49.906907780651814
790.0,0.0,49.734328498425896,0.0,49.734328498425846,49.57487656525401,49.57487656525399,49.57487656525617,49.57487656525586,49.732001192942214,49.73200119294212,49.57312467241189,49.57312467241184,49.57312467241414,49.57312467241353,0.450000000005293,0.4499999999948581,49.73665580390957,49.813815561303834,0.4500000000016766,0.44999999999982976,0.44999999999380885,0.4499999999874647,0.45000000000010015,0.45,0.0,1.526963899105427e-14,49.90690778065192
791.0,0.0,49.73432849842582,0.0,49.73432849842556,49.57487656525478,49.5748765652548,49.57487656525554,49.57487656525539,49.732001192942235,49.73200119294174,49.57312467241254,49.573124672412554,49.57312467241345,49.573124672413115,0.4500000000047891,0.44999999999538964,49.736655803909386,49.81381556130371,0.45000000003090557,0.45000000002893226,0.44999999999225976,0.449999999991708,0.4500000000000717,0.45,0.0,1.5269638991053392e-14,49.906907780651856
792.0,0.0,49.73432849842587,0.0,49.734328498425455,49.57487656525569,49.57487656525572,49.57487656525503,49.574876565254776,49.73200119294236,49.73200119294156,49.57312467241344,49.57312467241346,49.57312467241299,49.57312467241247,0.4500000000033609,0.44999999999682844,49.736655803909365,49.8138155613037,0.45000000002017654,0.4500000000173408,0.44999999999718815,0.4499999999925764,0.45000000000005097,0.45,0.0,1.5269638991052755e-14,49.90690778065185
793.0,0.0,49.73432849842611,0.0,49.73432849842551,49.57487656525647,49.574876565256474,49.57487656525445,49.574876565253916,49.732001192942704,49.732001192941524,49.57312467241429,49.573124672414295,49.57312467241253,49.57312467241147,0.4500000000012049,0.44999999999899964,49.73665580390952,49.813815561303805,0.4499999999864506,0.44999999998510404,0.45000000000665624,0.44999999999361245,0.45000000000003637,0.45,0.0,1.5269638991052307e-14,49.906907780651906
794.0,0.0,49.73432849842662,0.0,49.73432849842571,49.57487656525682,49.57487656525682,49.574876565253604,49.5748765652527,49.73200119294338,49.73200119294156,49.57312467241478,49.57312467241477,49.57312467241187,49.57312467241007,0.450000000002548,0.44999999999769785,49.73665580390987,49.81381556130406,0.4499999999502745,0.44999999994868545,0.45000000002366053,0.4499999999934246,0.4500000000000262,0.45,0.0,1.526963899105199e-14,49.906907780652034
795.0,0.0,49.73432849842664,0.0,49.73432849842599,49.57487656525651,49.57487656525651,49.574876565252794,49.57487656525225,49.73200119294327,49.73200119294196,49.573124672414465,49.57312467241449,49.57312467241084,49.57312467240975,0.45000000000547413,0.4499999999946742,49.73665580391001,49.81381556130416,0.44999999996670964,0.449999999965954,0.45000000004335833,0.4499999999976079,0.45000000000001894,0.45,0.0,1.5269638991051767e-14,49.90690778065208
796.0,0.0,49.734328498425995,0.0,49.7343284984261,49.57487656525615,49.57487656525616,49.57487656525306,49.574876565253405,49.732001192942235,49.73200119294247,49.573124672413975,49.573124672414004,49.5731246724106,49.573124672411296,0.45000000000561274,0.44999999999433854,49.73665580390974,49.81381556130397,0.45000000000642193,0.4500000000059401,0.4500000000471167,0.4500000000050107,0.45000000000001356,0.45,0.0,1.5269638991051603e-14,49.906907780651984
797.0,0.0,49.73432849842599,0.0,49.73432849842609,49.57487656525595,49.57487656525596,49.574876565253646,49.57487656525412,49.732001192942235,49.732001192942455,49.57312467241374,49.5731246724138,49.573124672411126,49.5731246724121,0.45000000000604196,0.449999999993907,49.736655803909734,49.81381556130397,0.44999999999748397,0.44999999999641416,0.4500000000436959,0.4500000000065386,0.45000000000000967,0.45,0.0,1.526963899105148e-14,49.906907780651984
798.0,0.0,49.73432849842634,0.0,49.73432849842606,49.57487656525572,49.57487656525574,49.574876565254215,49.57487656525445,49.73200119294279,49.73200119294222,49.57312467241358,49.57312467241365,49.573124672411836,49.57312467241233,0.45000000000686874,0.4499999999931605,49.7366558039099,49.81381556130409,0.4499999999670243,0.4499999999649767,0.450000000038436,0.45000000000619655,0.45000000000000695,0.45,0.0,1.5269638991051395e-14,49.90690778065204
799.0,0.0,49.73432849842679,0.0,49.734328498426116,49.57487656525529,49.57487656525533,49.5748765652544,49.57487656525442,49.73200119294342,49.73200119294209,49.57312467241324,49.57312467241333,49.57312467241215,49.5731246724122,0.4500000000079271,0.44999999999215307,49.73665580391014,49.81381556130427,0.44999999994139933,0.4499999999400007,0.45000000003627944,0.45000000000838775,0.450000000000005,0.45,0.0,1.5269638991051335e-14,49.90690778065213
800.0,0.0,49.7343284984266,0.0,49.73432849842631,49.57487656525471,49.574876565254755,49.57487656525444,49.5748765652546,49.73200119294304,49.73200119294247,49.573124672412646,49.573124672412696,49.57312467241213,49.57312467241243,0.4500000000091798,0.4499999999908368,49.736655803910146,49.81381556130427,0.44999999996749873,0.4499999999667531,0.45000000003979335,0.4500000000160941,0.45000000000000356,0.45,0.0,1.5269638991051294e-14,49.90690778065213
801.0,0.0,49.73432849842599,0.0,49.7343284984264,49.57487656525425,49.57487656525424,49.57487656525535,49.574876565255664,49.73200119294209,49.73200119294289,49.57312467241207,49.57312467241205,49.57312467241292,49.57312467241356,0.45000000000910706,0.44999999999088786,49.736655803909905,49.81381556130408,0.45000000000313,0.45000000000204876,0.450000000037272,0.4500000000199001,0.45000000000000245,0.45,0.0,1.5269638991051262e-14,49.90690778065204
802.0,0.0,49.73432849842575,0.0,49.73432849842639,49.57487656525363,49.57487656525362,49.57487656525643,49.5748765652569,49.73200119294174,49.732001192942995,49.573124672411424,49.573124672411396,49.57312467241393,49.57312467241487,0.4500000000074738,0.4499999999925482,49.73665580390978,49.81381556130399,0.45000000000567636,0.4500000000041689,0.45000000002818447,0.45000000001818,0.4500000000000018,0.45,0.0,1.526963899105124e-14,49.906907780652
803.0,0.0,49.73432849842556,0.0,49.73432849842629,49.57487656525292,49.57487656525292,49.5748765652577,49.57487656525838,49.732001192941496,49.73200119294295,49.57312467241071,49.57312467241071,49.57312467241512,49.57312467241647,0.45000000000402907,0.44999999999602047,49.73665580390963,49.81381556130389,0.45000000000204143,0.4499999999999067,0.4500000000145693,0.4500000000117368,0.45000000000000134,0.45,0.0,1.5269638991051225e-14,49.90690778065194
804.0,0.0,49.73432849842509,0.0,49.734328498426116,49.57487656525219,49.57487656525221,49.57487656525919,49.574876565260205,49.73200119294088,49.73200119294293,49.573124672409925,49.57312467240997,49.573124672416455,49.57312467241846,0.4500000000006873,0.4499999999993416,49.73665580390931,49.81381556130366,0.4500000000187309,0.4500000000164533,0.4500000000107107,0.44999999998912776,0.450000000000001,0.45,0.0,1.5269638991051212e-14,49.90690778065184
805.0,0.0,49.734328498424915,0.0,49.73432849842573,49.5748765652522,49.5748765652522,49.57487656526031,49.57487656526098,49.73200119294081,49.73200119294244,49.57312467240989,49.573124672409904,49.57312467241779,49.573124672419134,0.45000000000458196,0.44999999999539464,49.73665580390903,49.81381556130347,0.4500000000354446,0.4500000000323765,0.45000000000445844,0.44999999996449075,0.4500000000000006,0.45,0.0,1.5269638991051202e-14,49.90690778065174
806.0,0.0,49.73432849842539,0.0,49.73432849842537,49.57487656525305,49.57487656525302,49.574876565260105,49.57487656525985,49.73200119294168,49.73200119294165,49.57312467241078,49.573124672410735,49.5731246724181,49.57312467241759,0.4500000000061474,0.4499999999938676,49.73665580390909,49.81381556130351,0.4500000000162529,0.4500000000136945,0.44999999999578516,0.44999999995654033,0.4500000000000004,0.45,0.0,1.52696389910512e-14,49.90690778065174
807.0,0.0,49.73432849842514,0.0,49.73432849842526,49.57487656525352,49.57487656525348,49.574876565259665,49.574876565259316,49.732001192941375,49.7320011929416,49.573124672411254,49.57312467241119,49.573124672417705,49.57312467241702,0.4500000000071334,0.4499999999929321,49.73665580390891,49.81381556130338,0.4500000000254235,0.4500000000233656,0.44999999999351586,0.4499999999558432,0.4500000000000003,0.45,0.0,1.5269638991051193e-14,49.906907780651686
808.0,0.0,49.73432849842442,0.0,49.7343284984252,49.57487656525376,49.57487656525373,49.57487656525947,49.574876565259466,49.732001192940324,49.732001192941865,49.57312467241144,49.57312467241139,49.57312467241732,49.57312467241732,0.45000000000963597,0.44999999999046963,49.73665580390852,49.8138155613031,0.4500000000520919,0.45000000005057356,0.44999999999238105,0.44999999995487105,0.45000000000000023,0.45,0.0,1.526963899105119e-14,49.906907780651544
809.0,0.0,49.73432849842345,0.0,49.73432849842498,49.57487656525393,49.5748765652539,49.57487656526001,49.574876565260375,49.73200119293898,49.732001192942015,49.573124672411524,49.57312467241145,49.57312467241766,49.573124672418395,0.4500000000135656,0.44999999998654766,49.73665580390793,49.81381556130269,0.45000000008499563,0.45000000008490026,0.44999999998671303,0.449999999946494,0.4500000000000002,0.45,0.0,1.5269638991051187e-14,49.906907780651345
810.0,0.0,49.734328498423594,0.0,49.73432849842442,49.57487656525465,49.57487656525462,49.57487656526041,49.574876565260496,49.732001192939464,49.73200119294111,49.57312467241224,49.57312467241219,49.573124672418245,49.57312467241842,0.45000000001776147,0.44999999998222734,49.73665580390772,49.81381556130255,0.4500000000672111,0.45000000006672747,0.449999999970969,0.44999999992902545,0.45000000000000007,0.45,0.0,1.5269638991051187e-14,49.90690778065128
811.0,0.0,49.73432849842466,0.0,49.734328498424,49.57487656525615,49.57487656525615,49.57487656525871,49.574876565258265,49.73200119294126,49.732001192939954,49.57312467241387,49.57312467241386,49.57312467241689,49.57312467241598,0.45000000001711277,0.4499999999827549,49.736655803908036,49.81381556130277,0.45000000001805696,0.4500000000173665,0.44999999996190454,0.4499999999277401,0.45,0.45,0.0,1.5269638991051187e-14,49.90690778065139
812.0,0.0,49.73432849842479,0.0,49.73432849842384,49.57487656525757,49.57487656525756,49.574876565256716,49.57487656525607,49.732001192941546,49.73200119293966,49.57312467241534,49.573124672415325,49.573124672415005,49.57312467241369,0.45000000001512985,0.44999999998480145,49.73665580390803,49.81381556130277,0.4500000000153378,0.45000000001488716,0.44999999996501366,0.44999999993983614,0.45,0.45,0.0,1.5269638991051184e-14,49.90690778065138
813.0,0.0,49.73432849842465,0.0,49.734328498423885,49.57487656525888,49.57487656525886,49.57487656525459,49.57487656525385,49.73200119294131,49.73200119293979,49.57312467241666,49.57312467241661,49.57312467241289,49.573124672411396,0.4500000000116943,0.44999999998843637,49.736655803907986,49.81381556130273,0.4500000000239129,0.45000000002309554,0.44999999997256174,0.44999999996219825,0.45000000000000007,0.45,0.0,1.5269638991051184e-14,49.906907780651366
814.0,0.0,49.73432849842487,0.0,49.73432849842402,49.57487656526004,49.57487656525999,49.57487656525249,49.57487656525153,49.73200119294159,49.73200119293989,49.57312467241787,49.57312467241778,49.57312467241085,49.57312467240892,0.4500000000072352,0.4499999999931818,49.736655803908164,49.81381556130286,0.4500000000082437,0.4500000000061961,0.44999999998932,0.44999999997920553,0.45000000000000007,0.45,0.0,1.5269638991051184e-14,49.90690778065143
815.0,0.0,49.7343284984251,0.0,49.7343284984243,49.574876565260396,49.574876565260375,49.574876565251,49.57487656525034,49.73200119294178,49.73200119294018,49.57312467241828,49.57312467241823,49.57312467240916,49.57312467240784,0.4500000000023917,0.44999999999785945,49.73665580390842,49.81381556130304,0.44999999998423124,0.44999999998108864,0.45000000001375023,0.4499999999857886,0.45,0.45,0.0,1.5269638991051184e-14,49.906907780651515
816.0,0.0,49.73432849842463,0.0,49.734328498424574,49.57487656525967,49.57487656525971,49.574876565250904,49.57487656525116,49.73200119294092,49.73200119294085,49.57312467241752,49.573124672417585,49.57312467240855,49.57312467240906,0.4500000000012232,0.4499999999985861,49.73665580390831,49.81381556130296,0.45000000000051066,0.44999999999756457,0.45000000002189783,0.44999999999629153,0.45,0.45,0.0,1.5269638991051184e-14,49.90690778065149
817.0,0.0,49.73432849842471,0.0,49.734328498424674,49.57487656525905,49.574876565259096,49.574876565251294,49.5748765652517,49.73200119294102,49.732001192940935,49.5731246724169,49.573124672416974,49.57312467240885,49.573124672409655,0.4500000000004962,0.44999999999938345,49.7366558039084,49.81381556130303,0.449999999995129,0.4499999999930399,0.45000000002287316,0.4499999999996675,0.45,0.45,0.0,1.5269638991051184e-14,49.906907780651515
818.0,0.0,49.73432849842509,0.0,49.73432849842465,49.57487656525871,49.57487656525873,49.57487656525171,49.57487656525185,49.73200119294162,49.732001192940714,49.573124672416576,49.57312467241662,49.573124672409406,49.57312467240968,0.4500000000025783,0.44999999999753276,49.73665580390858,49.813815561303166,0.44999999998057116,0.4499999999800154,0.4500000000218265,0.45000000000111906,0.45,0.45,0.0,1.5269638991051184e-14,49.90690778065158
819.0,0.0,49.73432849842552,0.0,49.73432849842462,49.57487656525877,49.57487656525878,49.57487656525168,49.574876565251515,49.73200119294227,49.732001192940444,49.57312467241664,49.573124672416675,49.57312467240955,49.57312467240921,0.4500000000054604,0.44999999999469226,49.73665580390878,49.8138155613033,0.44999999997051815,0.4499999999697957,0.4500000000247054,0.4500000000050517,0.45,0.45,0.0,1.5269638991051184e-14,49.90690778065164
820.0,0.0,49.734328498425285,0.0,49.734328498424766,49.57487656525874,49.574876565258755,49.574876565251465,49.57487656525141,49.73200119294182,49.7320011929408,49.57312467241661,49.57312467241664,49.57312467240925,49.57312467240916,0.45000000000736684,0.44999999999221296,49.73665580390873,49.81381556130323,0.4499999999737481,0.44999999997302637,0.4500000000346167,0.4500000000150626,0.45000000000018753,0.45,0.0,1.5269638991057337e-14,49.906907780651615
821.0,0.0,49.73432849842478,0.0,49.73432849842509,49.57487656525757,49.57487656525758,49.5748765652526,49.57487656525284,49.73200119294091,49.73200119294155,49.573124672415446,49.57312467241546,49.57312467241022,49.57312467241069,0.4500000000075492,0.44999999999250745,49.73665580390865,49.81381556130316,0.4499999999777161,0.44999999997702766,0.4500000000370731,0.4500000000199992,0.45000000000021995,0.45,0.0,1.5269638991058163e-14,49.90690778065158
822.0,0.0,49.7343284984248,0.0,49.73432849842533,49.574876565256325,49.57487656525634,49.574876565254016,49.574876565254414,49.732001192940814,49.73200119294188,49.573124672414174,49.5731246724142,49.57312467241156,49.57312467241234,0.4500000000068875,0.44999999999410195,49.73665580390878,49.81381556130331,0.4499999999837633,0.4499999999835874,0.45000000002668006,0.45000000001577056,0.44999999999990514,0.45,0.0,1.5269638991047697e-14,49.90690778065165
823.0,0.0,49.73432849842494,0.0,49.73432849842546,49.57487656525535,49.57487656525539,49.57487656525512,49.57487656525566,49.73200119294095,49.73200119294202,49.573124672413115,49.5731246724132,49.573124672412646,49.57312467241374,0.4500000000046898,0.44999999999568424,49.73665580390892,49.813815561303436,0.449999999999382,0.4499999999975569,0.45000000000152607,0.4500000000011568,0.4499999999996684,0.45,0.0,1.526963899104046e-14,49.906907780651714
824.0,0.0,49.73432849842478,0.0,49.7343284984255,49.574876565255,49.57487656525507,49.57487656525534,49.574876565256154,49.732001192940714,49.73200119294216,49.57312467241262,49.57312467241276,49.5731246724129,49.57312467241453,0.44999999999999113,0.4499999999962148,49.73665580390884,49.813815561303336,0.45000000002963403,0.450000000026219,0.44999999997493884,0.449999999959699,0.44999999999993506,0.45,0.0,1.5269638991050985e-14,49.90690778065167
825.0,0.0,49.73432849842412,0.0,49.73432849842478,49.57487656525535,49.5748765652554,49.5748765652547,49.57487656525527,49.7320011929401,49.73200119294143,49.573124672412966,49.573124672413044,49.57312467241243,49.57312467241356,0.4499999999978089,0.4499999999961107,49.73665580390814,49.813815561302526,0.45000000002588103,0.45000000002288176,0.44999999998749307,0.44999999995727225,0.45000000000181595,0.45,0.0,1.526963899111191e-14,49.90690778065127
826.0,0.0,49.73432849842419,0.0,49.73432849842431,49.574876565255344,49.574876565255316,49.57487656525506,49.57487656525488,49.73200119294043,49.73200119294068,49.57312467241316,49.57312467241311,49.57312467241297,49.57312467241263,0.4500000000007163,0.4499999999963508,49.736655803907944,49.813815561302306,0.4499999999900339,0.4499999999866974,0.450000000028023,0.44999999999657414,0.4500000000023561,0.45,0.0,1.526963899112754e-14,49.90690778065116
827.0,0.0,49.734328498424084,0.0,49.73432849842438,49.57487656525511,49.57487656525508,49.57487656525549,49.57487656525527,49.73200119294026,49.73200119294087,49.57312467241292,49.57312467241285,49.57312467241343,49.573124672413,0.4499999999969467,0.4499999999890992,49.7366558039079,49.813815561302256,0.45000000000619467,0.4500000000038731,0.4500000000092956,0.44999999997856516,0.45000000000228757,0.45,0.0,1.526963899113081e-14,49.90690778065114
828.0,0.0,49.73432849842233,0.0,49.73432849842324,49.574876565254826,49.57487656525482,49.574876565255046,49.574876565255146,49.73200119293832,49.73200119294013,49.573124672412476,49.57312467241247,49.57312467241301,49.573124672413236,0.4499999999822862,0.44999999996979295,49.73665580390634,49.81381556130045,0.45000000004988616,0.45000000004707397,0.44999999995526735,0.44999999992286094,0.45000000000609286,0.45,0.0,1.526963899126854e-14,49.90690778065023
829.0,0.0,49.73432849841744,0.0,49.73432849841908,49.57487656525465,49.57487656525467,49.574876565252765,49.574876565253234,49.7320011929333,49.73200119293657,49.57312467241209,49.573124672412135,49.57312467241093,49.57312467241186,0.44999999995306816,0.44999999993332296,49.736655803901584,49.81381556129493,0.4500000000942398,0.45000000009135643,0.44999999988830014,0.4499999998506719,0.4500000000182546,0.45,0.0,1.5269638991687542e-14,49.90690778064747
830.0,0.0,49.73432849841357,0.0,49.73432849841457,49.57487656525509,49.57487656525509,49.57487656524991,49.57487656525007,49.73200119292963,49.732001192931634,49.573124672412625,49.57312467241263,49.573124672408206,49.57312467240857,0.4499999999928123,0.4499999999649938,49.736655803897506,49.81381556129027,0.4500000000541484,0.4500000000511246,0.4499999999291465,0.44999999988560613,0.45000000003019375,0.45,0.0,1.5269638992031873e-14,49.90690778064514
831.0,0.0,49.73432849841706,0.0,49.73432849841658,49.57487656525577,49.574876565255735,49.57487656524959,49.57487656524916,49.73200119293339,49.732001192932415,49.573124672413655,49.57312467241359,49.57312467240771,49.57312467240687,0.45000000007529234,0.4500000000473357,49.736655803900746,49.813815561294,0.4499999999834674,0.44999999998073803,0.4500000000312092,0.44999999999560014,0.4500000000239789,0.45,0.0,1.5269638991753197e-14,49.906907780647
832.0,0.0,49.7343284984198,0.0,49.734328498419096,49.57487656525615,49.57487656525608,49.57487656524959,49.57487656524898,49.732001192936195,49.73200119293479,49.57312467241409,49.57312467241401,49.573124672407644,49.57312467240643,0.4500000000641233,0.45000000003807034,49.736655803903396,49.81381556129692,0.4499999999918623,0.44999999998802337,0.4500000000353424,0.45000000000827883,0.4500000000172799,0.45,0.0,1.5269638991550687e-14,49.90690778064846
833.0,0.0,49.734328498421476,0.0,49.73432849842108,49.57487656525661,49.57487656525653,49.57487656525046,49.57487656524983,49.732001192937936,49.732001192937126,49.57312467241449,49.57312467241435,49.57312467240848,49.57312467240721,0.4500000000174232,0.44999999999518653,49.73665580390504,49.81381556129881,0.4500000000259988,0.4500000000241532,0.45000000001196283,0.4499999999972548,0.4500000000113783,0.45,0.0,1.526963899140789e-14,49.90690778064941
834.0,0.0,49.73432849842184,0.0,49.7343284984215,49.574876565257554,49.57487656525741,49.574876565252765,49.574876565252,49.73200119293846,49.73200119293779,49.57312467241537,49.57312467241512,49.573124672410714,49.57312467240917,0.4499999999946753,0.44999999997530804,49.736655803905236,49.81381556129946,0.4500000000369264,0.4500000000359158,0.45000000003494584,0.45000000003268265,0.4500000000075553,0.45,0.0,1.526963899130834e-14,49.90690778064974
835.0,0.0,49.73432849842154,0.0,49.73432849842097,49.574876565258364,49.574876565258265,49.574876565255295,49.57487656525471,49.73200119293819,49.732001192937055,49.573124672416206,49.573124672416014,49.57312467241314,49.573124672411964,0.45000000001449775,0.4499999999993552,49.73665580390489,49.813815561299585,0.45000000000709034,0.450000000003104,0.4500000000409615,0.4500000000230575,0.45000000000601337,0.45,0.0,1.526963899123665e-14,49.906907780649796
836.0,0.0,49.73432849842242,0.0,49.73432849842196,49.57487656525843,49.574876565258464,49.57487656525464,49.57487656525466,49.73200119293889,49.73200119293794,49.573124672416256,49.573124672416306,49.573124672412476,49.57312467241252,0.4500000000076085,0.4499999999986157,49.73665580390594,49.81381556130061,0.45000000000147783,0.44999999999559065,0.4499999999546237,0.4499999999353699,0.45000000000430584,0.45,0.0,1.5269638991183943e-14,49.90690778065031
837.0,0.0,49.73432849842309,0.0,49.734328498422244,49.57487656525929,49.57487656525931,49.574876565253696,49.5748765652537,49.73200119293974,49.73200119293805,49.57312467241713,49.573124672417144,49.57312467241151,49.57312467241153,0.45000000000393925,0.45000000000063856,49.73665580390643,49.81381556130115,0.449999999995615,0.44999999998942897,0.44999999999638185,0.4499999999740414,0.4500000000030639,0.45,0.0,1.5269638991145645e-14,49.90690778065057
838.0,0.0,49.734328498423,0.0,49.73432849842142,49.57487656526083,49.57487656526079,49.57487656525381,49.574876565253454,49.732001192940096,49.732001192936934,49.5731246724187,49.57312467241858,49.5731246724115,49.57312467241079,0.45000000000620427,0.44999999999898205,49.7366558039059,49.813815561300906,0.44999999998657797,0.44999999997833756,0.4500000001145256,0.450000000085,0.4500000000021875,0.45,0.0,1.5269638991118644e-14,49.90690778065046
839.0,0.0,49.734328498421625,0.0,49.73432849841903,49.57487656526296,49.574876565262855,49.574876565256346,49.57487656525554,49.732001192939315,49.732001192934106,49.57312467242087,49.573124672420654,49.573124672413726,49.57312467241212,0.45000000001308765,0.44999999999123436,49.73665580390394,49.81381556129962,0.44999999996865303,0.4499999999588249,0.45000000025694586,0.450000000214572,0.4500000000015767,0.45,0.0,1.5269638991099818e-14,49.90690778064981
840.0,0.0,49.73432849841936,0.0,49.73432849841775,49.57487656526338,49.574876565263374,49.57487656525991,49.57487656525953,49.732001192936494,49.73200119293328,49.57312467242136,49.57312467242131,49.573124672417165,49.573124672416405,0.4500000000183064,0.44999999998335705,49.73665580390222,49.81381556129847,0.4499999999356513,0.4499999999237968,0.4500000001561994,0.45000000010414737,0.45000000000113743,0.45,0.0,1.526963899108626e-14,49.90690778064924
841.0,0.0,49.73432849841889,0.0,49.73432849841976,49.5748765652602,49.57487656526029,49.57487656526003,49.57487656526059,49.732001192934675,49.73200119293641,49.573124672418196,49.57312467241839,49.57312467241762,49.573124672418764,0.45000000001781537,0.4499999999841283,49.7366558039031,49.813815561299144,0.44999999991786716,0.4499999999111329,0.4499999999229973,0.4499999998783141,0.45000000000081414,0.45,0.0,1.526963899107629e-14,49.906907780649576
842.0,0.0,49.73432849841941,0.0,49.734328498420545,49.57487656525716,49.574876565257284,49.57487656525964,49.57487656526037,49.732001192935044,49.732001192937325,49.573124672415155,49.57312467241538,49.57312467241737,49.5731246724188,0.450000000015782,0.4499999999857639,49.73665580390378,49.813815561299656,0.44999999992883805,0.4499999999237046,0.44999999992816075,0.4499999998916865,0.4500000000005793,0.45,0.0,1.5269638991069046e-14,49.906907780649824
843.0,0.0,49.73432849842051,0.0,49.73432849842088,49.57487656525465,49.57487656525477,49.574876565258585,49.57487656525907,49.73200119293656,49.732001192937304,49.573124672412604,49.5731246724128,49.57312467241634,49.5731246724173,0.45000000001348733,0.44999999998706824,49.73665580390447,49.81381556130018,0.4499999999517316,0.449999999946666,0.4500000000175604,0.4499999999914836,0.45000000000041374,0.45,0.0,1.526963899106394e-14,49.90690778065009
844.0,0.0,49.73432849842179,0.0,49.73432849842151,49.574876565253064,49.574876565253156,49.574876565256666,49.57487656525693,49.73200119293818,49.73200119293764,49.57312467241094,49.57312467241112,49.57312467241449,49.57312467241498,0.4500000000113928,0.44999999998766554,49.73665580390542,49.81381556130086,0.44999999996851986,0.44999999996636736,0.4500000000398553,0.4500000000221357,0.4500000000002983,0.45,0.0,1.5269638991060382e-14,49.906907780650435
845.0,0.0,49.73432849842242,0.0,49.734328498422556,49.57487656525288,49.57487656525294,49.574876565255074,49.574876565255295,49.73200119293861,49.73200119293888,49.5731246724107,49.573124672410835,49.57312467241292,49.57312467241337,0.4500000000103606,0.44999999998744117,49.736655803906245,49.813815561301475,0.44999999997218887,0.4499999999718911,0.44999999999152335,0.4499999999821714,0.45000000000021506,0.45,0.0,1.5269638991057816e-14,49.906907780650734
846.0,0.0,49.73432849842234,0.0,49.734328498423,49.57487656525207,49.574876565252076,49.574876565255785,49.57487656525596,49.73200119293829,49.732001192939606,49.57312467240991,49.57312467240992,49.573124672413485,49.57312467241384,0.45000000000794027,0.44999999999073903,49.73665580390638,49.813815561301574,0.4499999999790601,0.44999999997794465,0.4500000000428531,0.45000000003768303,0.45000000000015394,0.45,0.0,1.5269638991055932e-14,49.90690778065079
847.0,0.0,49.734328498422165,0.0,49.734328498423416,49.57487656525031,49.574876565250314,49.57487656525739,49.57487656525769,49.73200119293782,49.732001192940324,49.5731246724081,49.57312467240811,49.57312467241497,49.57312467241557,0.45000000000411455,0.4499999999954085,49.7366558039065,49.813815561301666,0.4499999999985662,0.44999999999662654,0.4500000000329975,0.45000000003162294,0.4500000000001095,0.45,0.0,1.5269638991054563e-14,49.90690778065083
848.0,0.0,49.7343284984216,0.0,49.73432849842372,49.57487656524864,49.574876565248694,49.57487656526038,49.574876565260936,49.73200119293682,49.73200119294106,49.57312467240626,49.573124672406344,49.5731246724178,49.573124672418956,0.45000000000211554,0.4499999999960756,49.73665580390637,49.81381556130158,0.4500000000472256,0.45000000004535534,0.450000000002539,0.4499999999897198,0.45000000000007817,0.45,0.0,1.5269638991053597e-14,49.90690778065079
849.0,0.0,49.73432849842033,0.0,49.73432849842381,49.574876565248196,49.57487656524829,49.57487656526522,49.57487656526618,49.73200119293491,49.73200119294181,49.57312467240537,49.57312467240556,49.57312467242244,49.57312467242437,0.45000000001179896,0.44999999998074247,49.73665580390578,49.81381556130117,0.45000000014394725,0.45000000013915886,0.4499999999795365,0.4499999999502255,0.4500000000000564,0.45,0.0,1.5269638991052925e-14,49.906907780650585
850.0,0.0,49.73432849842041,0.0,49.73432849842256,49.57487656525037,49.57487656525043,49.57487656526824,49.57487656526881,49.73200119293562,49.732001192939926,49.573124672407495,49.5731246724076,49.573124672425806,49.57312467242694,0.4500000000247669,0.44999999996882667,49.736655803905194,49.81381556130074,0.45000000013398866,0.45000000012846575,0.4499999999441897,0.449999999900239,0.45000000000004065,0.45,0.0,1.526963899105244e-14,49.90690778065038
851.0,0.0,49.73432849842239,0.0,49.73432849842104,49.57487656525357,49.57487656525351,49.57487656526443,49.57487656526398,49.73200119293932,49.732001192936636,49.57312467241128,49.573124672411176,49.573124672422765,49.57312467242187,0.45000000002964224,0.44999999997445417,49.736655803905464,49.81381556130094,0.45000000000020607,0.4499999999956155,0.44999999989713785,0.44999999985673816,0.45000000000002904,0.45,0.0,1.5269638991052083e-14,49.90690778065048
852.0,0.0,49.734328498422855,0.0,49.7343284984212,49.574876565255884,49.574876565255806,49.57487656526031,49.57487656525969,49.73200119293994,49.73200119293663,49.57312467241376,49.57312467241361,49.573124672418764,49.573124672417535,0.45000000002673896,0.4499999999771935,49.73665580390578,49.81381556130117,0.44999999999896284,0.4499999999951136,0.4499999999097648,0.4499999998762644,0.45000000000002066,0.45,0.0,1.5269638991051824e-14,49.906907780650585
853.0,0.0,49.73432849842276,0.0,49.734328498422315,49.574876565257064,49.574876565257014,49.5748765652567,49.57487656525635,49.73200119293925,49.73200119293834,49.5731246724149,49.5731246724148,49.57312467241491,49.57312467241424,0.4500000000207855,0.449999999977677,49.73665580390628,49.813815561301524,0.4500000000436408,0.45000000004077145,0.44999999994545087,0.4499999999191237,0.4500000000000148,0.45,0.0,1.526963899105164e-14,49.90690778065076
854.0,0.0,49.73432849842307,0.0,49.73432849842365,49.57487656525685,49.57487656525684,49.5748765652544,49.57487656525434,49.732001192939045,49.73200119294021,49.573124672414686,49.57312467241464,49.57312467241235,49.573124672412256,0.45000000001678364,0.44999999997626416,49.7366558039071,49.8138155613021,0.4500000000480206,0.4500000000460022,0.44999999996677814,0.44999999994642065,0.45000000000001067,0.45,0.0,1.5269638991051515e-14,49.906907780651046
855.0,0.0,49.734328498423686,0.0,49.7343284984236,49.57487656525611,49.574876565256076,49.57487656525324,49.57487656525315,49.73200119294001,49.73200119293983,49.573124672414,49.57312467241396,49.5731246724112,49.573124672410984,0.4500000000177298,0.44999999997851314,49.736655803907375,49.81381556130228,0.45000000001872836,0.4500000000157423,0.44999999995972473,0.44999999994454065,0.4500000000001285,0.45,0.0,1.5269638991055358e-14,49.90690778065114
856.0,0.0,49.73432849842363,0.0,49.73432849842279,49.57487656525705,49.574876565257036,49.57487656525171,49.57487656525152,49.73200119294035,49.73200119293867,49.57312467241482,49.573124672414785,49.57312467240969,49.57312467240931,0.45000000001670926,0.4499999999846227,49.73665580390694,49.813815561301936,0.4500000000485029,0.45000000004801005,0.44999999996904283,0.449999999956861,0.45000000000022466,0.45,0.0,1.5269638991058687e-14,49.90690778065097
857.0,0.0,49.73432849842392,0.0,49.734328498422826,49.574876565258556,49.57487656525854,49.57487656525049,49.57487656525026,49.732001192940764,49.732001192938576,49.5731246724163,49.57312467241624,49.573124672408476,49.573124672408014,0.45000000001208046,0.44999999998744794,49.736655803907084,49.81381556130202,0.45000000004002777,0.4500000000397177,0.44999999997717444,0.4499999999682286,0.45000000000035306,0.45,0.0,1.5269638991063332e-14,49.90690778065101
858.0,0.0,49.734328498424084,0.0,49.73432849842288,49.574876565260595,49.57487656526058,49.5748765652492,49.57487656524894,49.732001192941,49.7320011929386,49.573124672418345,49.57312467241829,49.57312467240718,49.573124672406664,0.4500000000033194,0.4499999999899711,49.73665580390717,49.81381556130198,0.45000000001531487,0.45000000001443136,0.44999999998626244,0.44999999998269985,0.4500000000009678,0.45,0.0,1.5269638991084095e-14,49.90690778065099
859.0,0.0,49.73432849842367,0.0,49.734328498422144,49.574876565263146,49.57487656526311,49.57487656524743,49.5748765652471,49.73200119294077,49.73200119293773,49.5731246724209,49.57312467242083,49.57312467240542,49.57312467240479,0.4499999999932623,0.44999999999181367,49.73665580390655,49.813815561301276,0.44999999999659324,0.44999999999549944,0.45000000000273677,0.4500000000000447,0.4500000000025229,0.45,0.0,1.5269638991135768e-14,49.90690778065064
860.0,0.0,49.734328498422535,0.0,49.73432849842146,49.57487656526428,49.57487656526426,49.57487656524635,49.574876565246136,49.73200119293941,49.73200119293725,49.57312467242211,49.57312467242207,49.573124672404234,49.573124672403814,0.45000000000531654,0.4499999999900562,49.73665580390566,49.81381556130045,0.44999999997346496,0.44999999997217843,0.45000000002887214,0.4500000000206423,0.4500000000038559,0.45,0.0,1.5269638991174527e-14,49.90690778065022
861.0,0.0,49.73432849842222,0.0,49.73432849842236,49.57487656526241,49.574876565262414,49.57487656524761,49.57487656524764,49.73200119293841,49.73200119293867,49.57312467242036,49.573124672420384,49.57312467240527,49.57312467240538,0.45000000001635587,0.4499999999988621,49.736655803906054,49.813815561300906,0.4499999999427053,0.4499999999421072,0.4500000000422792,0.4500000000340169,0.45000000000297175,0.45,0.0,1.5269638991139476e-14,49.90690778065046
862.0,0.0,49.734328498422535,0.0,49.734328498422585,49.574876565260844,49.57487656526086,49.57487656524896,49.57487656524902,49.73200119293875,49.732001192938846,49.573124672418814,49.57312467241885,49.573124672406564,49.573124672406706,0.4500000000171301,0.4499999999967533,49.736655803906324,49.81381556130123,0.4499999999464656,0.4499999999455064,0.450000000050669,0.4500000000418518,0.45000000000213397,0.45,0.0,1.5269638991114008e-14,49.90690778065062
863.0,0.0,49.73432849842303,0.0,49.73432849842235,49.57487656525994,49.57487656525995,49.57487656525049,49.57487656525046,49.73200119293968,49.73200119293826,49.57312467241788,49.5731246724179,49.57312467240809,49.573124672408035,0.4500000000156666,0.4499999999880629,49.73665580390643,49.81381556130139,0.44999999996128937,0.44999999995991347,0.45000000006580493,0.4500000000562419,0.4500000000014379,0.45,0.0,1.5269638991096048e-14,49.9069077806507
864.0,0.0,49.73432849842334,0.0,49.73432849842186,49.57487656526007,49.57487656526006,49.57487656525231,49.574876565252175,49.732001192940395,49.73200119293742,49.57312467241795,49.57312467241794,49.57312467240982,49.57312467240954,0.450000000016715,0.4499999999804019,49.73665580390628,49.81381556130136,0.44999999996372136,0.44999999996286427,0.4500000000998496,0.4500000000888827,0.45000000000097873,0.45,0.0,1.526963899108353e-14,49.906907780650684
865.0,0.0,49.73432849842315,0.0,49.73432849842244,49.57487656526003,49.57487656526003,49.5748765652543,49.57487656525426,49.73200119293981,49.73200119293836,49.57312467241793,49.57312467241793,49.57312467241179,49.57312467241169,0.45000000002187535,0.44999999997979856,49.736655803906494,49.81381556130155,0.449999999942628,0.4499999999420668,0.45000000008374774,0.45000000007130847,0.4500000000007564,0.45,0.0,1.5269638991074512e-14,49.90690778065078
866.0,0.0,49.73432849842305,0.0,49.73432849842382,49.57487656525779,49.5748765652578,49.57487656525621,49.57487656525634,49.73200119293892,49.732001192940494,49.573124672415744,49.57312467241577,49.57312467241387,49.573124672414124,0.45000000001901574,0.44999999998393847,49.73665580390716,49.81381556130206,0.44999999993859835,0.4499999999379231,0.4500000000163974,0.45000000000514284,0.4500000000005416,0.45,0.0,1.5269638991067882e-14,49.90690778065103
867.0,0.0,49.73432849842305,0.0,49.7343284984242,49.57487656525533,49.57487656525535,49.57487656525824,49.57487656525843,49.73200119293873,49.73200119294108,49.573124672413286,49.57312467241333,49.573124672415915,49.57312467241628,0.45000000001532614,0.4499999999864842,49.736655803907354,49.81381556130222,0.44999999994890694,0.44999999994822926,0.45000000001561347,0.4500000000068586,0.4500000000003853,0.45,0.0,1.5269638991063064e-14,49.90690778065112
868.0,0.0,49.73432849842311,0.0,49.73432849842426,49.57487656525262,49.57487656525265,49.57487656526033,49.574876565260524,49.73200119293882,49.73200119294112,49.57312467241055,49.5731246724106,49.57312467241796,49.57312467241836,0.4500000000101194,0.4499999999895121,49.7366558039074,49.81381556130227,0.4499999999681334,0.4499999999676016,0.45000000003016666,0.45000000002582013,0.4500000000002751,0.45,0.0,1.526963899105967e-14,49.90690778065114
869.0,0.0,49.73432849842318,0.0,49.73432849842465,49.57487656524963,49.57487656524966,49.57487656526243,49.57487656526266,49.732001192938746,49.73200119294167,49.57312467240751,49.57312467240757,49.573124672420064,49.57312467242055,0.450000000001889,0.44999999999591744,49.736655803907624,49.81381556130244,0.4499999999910547,0.449999999990459,0.4500000000105942,0.4500000000096254,0.4500000000001983,0.45,0.0,1.5269638991057302e-14,49.90690778065122
870.0,0.0,49.73432849842347,0.0,49.734328498424695,49.57487656524785,49.57487656524787,49.57487656526286,49.57487656526304,49.73200119293913,49.732001192941595,49.573124672405655,49.5731246724057,49.57312467242068,49.57312467242104,0.4500000000046269,0.44999999999550744,49.7366558039078,49.813815561302576,0.4500000000148382,0.45000000001322393,0.4499999999661416,0.4499999999598716,0.45000000000014306,0.45,0.0,1.5269638991055595e-14,49.90690778065129
871.0,0.0,49.73432849842387,0.0,49.73432849842396,49.57487656524853,49.57487656524852,49.57487656526147,49.57487656526146,49.7320011929401,49.73200119294028,49.57312467240628,49.57312467240626,49.57312467241944,49.573124672419404,0.4500000000073186,0.449999999995036,49.73665580390764,49.813815561302484,0.4500000000281044,0.4500000000272733,0.4499999999687354,0.449999999962705,0.4500000000001024,0.45,0.0,1.5269638991054342e-14,49.90690778065123
872.0,0.0,49.734328498424105,0.0,49.734328498424475,49.5748765652489,49.574876565248886,49.57487656526077,49.574876565260766,49.732001192940196,49.73200119294093,49.57312467240664,49.57312467240661,49.57312467241878,49.57312467241875,0.450000000009735,0.4499999999911421,49.736655803908,49.81381556130273,0.45000000003245677,0.45000000003157925,0.4499999999540961,0.4499999999463171,0.4500000000000728,0.45,0.0,1.526963899105343e-14,49.90690778065136
873.0,0.0,49.73432849842437,0.0,49.73432849842579,49.574876565248466,49.57487656524846,49.57487656525994,49.57487656526005,49.732001192939904,49.732001192942775,49.573124672406216,49.57312467240621,49.57312467241803,49.57312467241823,0.45000000001544305,0.4499999999846632,49.736655803908796,49.813815561303294,0.4500000000374059,0.45000000003654617,0.4499999999149204,0.449999999905987,0.45000000000005197,0.45,0.0,1.526963899105279e-14,49.90690778065164
874.0,0.0,49.73432849842488,0.0,49.73432849842749,49.574876565246754,49.574876565246754,49.574876565258194,49.57487656525843,49.732001192939755,49.73200119294506,49.57312467240452,49.57312467240452,49.57312467241651,49.573124672416995,0.4500000000274633,0.4499999999769828,49.73665580390993,49.81381556130409,0.45000000005286067,0.45000000005218,0.44999999984669414,0.44999999983420413,0.45000000000003754,0.45,0.0,1.526963899105234e-14,49.90690778065204
875.0,0.0,49.73432849842624,0.0,49.73432849842768,49.57487656524616,49.57487656524616,49.574876565255416,49.57487656525553,49.73200119294173,49.73200119294468,49.57312467240385,49.57312467240384,49.57312467241376,49.57312467241401,0.4500000000331764,0.4499999999708757,49.7366558039107,49.813815561304644,0.450000000085068,0.45000000008488283,0.4499999998822402,0.44999999986572653,0.4500000000000271,0.45,0.0,1.526963899105202e-14,49.90690778065232
876.0,0.0,49.7343284984274,0.0,49.734328498426336,49.5748765652498,49.574876565249795,49.57487656525319,49.57487656525306,49.73200119294427,49.732001192942114,49.57312467240736,49.57312467240735,49.57312467241119,49.573124672410906,0.4500000000241615,0.44999999997006535,49.73665580391056,49.813815561304544,0.45000000009656355,0.4500000000964767,0.44999999999984436,0.4499999999866377,0.45000000000001933,0.45,0.0,1.526963899105178e-14,49.906907780652276
877.0,0.0,49.7343284984275,0.0,49.734328498426,49.57487656525342,49.57487656525342,49.574876565250825,49.57487656525062,49.732001192944594,49.73200119294156,49.57312467241098,49.57312467241095,49.573124672408795,49.57312467240839,0.450000000021464,0.4499999999743157,49.73665580391044,49.81381556130446,0.45000000008376295,0.45000000008374563,0.4499999999878219,0.449999999976201,0.4500000000000138,0.45,0.0,1.526963899105161e-14,49.906907780652226
878.0,0.0,49.734328498427125,0.0,49.734328498426024,49.574876565257,49.574876565256986,49.57487656524798,49.574876565247806,49.73200119294399,49.73200119294177,49.57312467241461,49.573124672414586,49.573124672406095,49.573124672405754,0.45000000002100193,0.44999999998232343,49.73665580391028,49.81381556130435,0.45000000005844576,0.4500000000579071,0.44999999993061884,0.44999999992215584,0.4500000000000099,0.45,0.0,1.5269638991051486e-14,49.906907780652176
879.0,0.0,49.734328498426876,0.0,49.734328498425775,49.574876565260496,49.57487656526048,49.57487656524433,49.57487656524416,49.732001192943684,49.73200119294151,49.57312467241818,49.57312467241815,49.57312467240259,49.573124672402265,0.4500000000178735,0.44999999999360457,49.736655803910054,49.81381556130419,0.450000000031484,0.45000000003108664,0.44999999991427425,0.4499999999106484,0.4500000000000071,0.45,0.0,1.5269638991051404e-14,49.9069077806521
880.0,0.0,49.73432849842757,0.0,49.734328498426464,49.574876565262926,49.57487656526291,49.57487656524222,49.57487656524207,49.732001192944395,49.732001192942185,49.57312467242067,49.573124672420654,49.57312467240026,49.57312467239998,0.45000000000724355,0.4499999999986147,49.73665580391073,49.81381556130467,0.45000000001060664,0.4500000000104348,0.45000000000250406,0.4500000000022435,0.4500000000000051,0.45,0.0,1.526963899105134e-14,49.90690778065234
881.0,0.0,49.73432849842804,0.0,49.73432849842794,49.57487656526299,49.57487656526299,49.57487656524438,49.574876565244374,49.732001192944395,49.732001192944196,49.5731246724208,49.57312467242082,49.57312467240204,49.573124672402,0.44999999999988577,0.44999999999541357,49.73665580391167,49.81381556130534,0.4499999999973844,0.44999999999709583,0.45000000005522184,0.45000000005328894,0.45000000000000373,0.45,0.0,1.5269638991051297e-14,49.90690778065267
882.0,0.0,49.73432849842766,0.0,49.734328498427544,49.57487656526256,49.574876565262564,49.57487656524653,49.57487656524654,49.73200119294404,49.7320011929438,49.573124672420384,49.573124672420406,49.573124672404084,49.57312467240409,0.4499999999985613,0.4499999999982173,49.73665580391128,49.81381556130506,0.4499999999925321,0.4499999999922439,0.45000000005583973,0.45000000005345164,0.4500000000000026,0.45,0.0,1.5269638991051266e-14,49.90690778065254
883.0,0.0,49.73432849842709,0.0,49.73432849842642,49.5748765652622,49.5748765652622,49.574876565248246,49.57487656524822,49.732001192943734,49.73200119294238,49.573124672420036,49.573124672420036,49.57312467240586,49.573124672405804,0.45000000000477736,0.44999999999762075,49.73665580391044,49.81381556130446,0.4499999999898968,0.44999999998966145,0.4500000000366366,0.45000000003356005,0.45000000000000184,0.45,0.0,1.5269638991051243e-14,49.90690778065224
884.0,0.0,49.73432849842696,0.0,49.73432849842568,49.57487656526254,49.574876565262535,49.57487656524913,49.574876565249035,49.732001192943905,49.73200119294131,49.57312467242037,49.57312467242036,49.57312467240685,49.573124672406685,0.4500000000107814,0.44999999999347856,49.73665580391002,49.81381556130416,0.4499999999833675,0.4499999999830897,0.45000000002895685,0.45000000002537716,0.45000000000000134,0.45,0.0,1.5269638991051225e-14,49.906907780652084
885.0,0.0,49.73432849842708,0.0,49.73432849842638,49.57487656526279,49.57487656526279,49.57487656524979,49.57487656524974,49.73200119294374,49.7320011929423,49.573124672420654,49.573124672420654,49.57312467240751,49.5731246724074,0.45000000001272755,0.4499999999874892,49.73665580391043,49.8138155613045,0.44999999996828965,0.4499999999676463,0.4500000000465429,0.45000000004168633,0.44999999999974505,0.45,0.0,1.526963899104305e-14,49.90690778065225
886.0,0.0,49.73432849842643,0.0,49.73432849842689,49.574876565260865,49.57487656526087,49.57487656525181,49.57487656525186,49.7320011929425,49.73200119294343,49.573124672418786,49.5731246724188,49.57312467240947,49.57312467240955,0.4500000000114979,0.44999999999010504,49.73665580391037,49.813815561304466,0.44999999996097806,0.44999999996038453,0.4500000000460465,0.45000000004148694,0.44999999999966983,0.45,0.0,1.526963899104016e-14,49.90690778065224
887.0,0.0,49.734328498426244,0.0,49.73432849842701,49.5748765652587,49.57487656525871,49.57487656525392,49.574876565253994,49.73200119294215,49.73200119294369,49.57312467241662,49.573124672416625,49.57312467241157,49.573124672411716,0.4500000000125918,0.44999999999378654,49.736655803910345,49.8138155613045,0.44999999996732487,0.4499999999660653,0.45000000003714546,0.45000000003367946,0.44999999999947043,0.45,0.0,1.5269638991032096e-14,49.906907780652254
888.0,0.0,49.73432849842676,0.0,49.734328498427516,49.57487656525665,49.57487656525666,49.57487656525599,49.57487656525607,49.73200119294263,49.732001192944146,49.57312467241452,49.57312467241453,49.57312467241369,49.573124672413854,0.4500000000157619,0.45000000000163565,49.73665580391089,49.81381556130516,0.44999999998498136,0.44999999998451296,0.4500000000197676,0.4500000000183333,0.44999999999786633,0.45,0.0,1.5269638990977375e-14,49.90690778065258
889.0,0.0,49.73432849842818,0.0,49.73432849842917,49.574876565255096,49.5748765652551,49.57487656525791,49.57487656525801,49.73200119294386,49.73200119294584,49.57312467241282,49.57312467241283,49.5731246724157,49.573124672415894,0.4500000000215806,0.45000000001593443,49.7366558039125,49.81381556130704,0.45000000001359186,0.45000000001355844,0.44999999999512025,0.44999999999423873,0.4499999999935771,0.45,0.0,1.5269638990834524e-14,49.906907780653526
890.0,0.0,49.734328498429676,0.0,49.73432849843056,49.57487656525485,49.574876565254854,49.574876565258904,49.57487656525898,49.73200119294546,49.732001192947216,49.57312467241248,49.573124672412504,49.57312467241673,49.573124672416895,0.45000000000918416,0.45000000000446694,49.736655803913905,49.81381556130865,0.4500000000261491,0.4500000000260231,0.44999999999191537,0.4499999999889703,0.44999999998949336,0.45,0.0,1.5269638990714532e-14,49.90690778065432
891.0,0.0,49.73432849842915,0.0,49.73432849842926,49.574876565255124,49.57487656525514,49.57487656525896,49.574876565258954,49.73200119294545,49.73200119294568,49.57312467241286,49.57312467241287,49.573124672416746,49.57312467241675,0.4499999999880877,0.4499999999792461,49.73665580391285,49.813815561307514,0.4500000000111567,0.4500000000098715,0.4500000000055413,0.45000000000210194,0.44999999999138374,0.45,0.0,1.5269638990791364e-14,49.90690778065375
892.0,0.0,49.734328498428816,0.0,49.73432849842918,49.574876565254684,49.574876565254684,49.57487656525929,49.574876565259295,49.73200119294496,49.732001192945674,49.573124672412455,49.573124672412476,49.5731246724171,49.573124672417116,0.45000000000229884,0.4499999999895143,49.73665580391269,49.8138155613074,0.45000000000987556,0.45000000000912593,0.44999999998761925,0.4499999999844891,0.4499999999916565,0.45,0.0,1.5269638990790768e-14,49.906907780653704
893.0,0.0,49.73432849843016,0.0,49.73432849843134,49.57487656525361,49.574876565253625,49.57487656525981,49.57487656525987,49.732001192945724,49.73200119294807,49.57312467241139,49.5731246724114,49.573124672417734,49.57312467241785,0.4500000000372434,0.4500000000157647,49.736655803914594,49.813815561309546,0.4500000000185708,0.4500000000183942,0.4499999999498646,0.4499999999453729,0.44999999998746215,0.45,0.0,1.5269638990635586e-14,49.90690778065477
894.0,0.0,49.734328498434586,0.0,49.73432849843674,49.574876565252026,49.57487656525205,49.57487656526041,49.574876565260546,49.73200119294945,49.73200119295373,49.573124672409755,49.57312467240979,49.5731246724185,49.57312467241877,0.4500000000764339,0.4500000000404033,49.73665580391974,49.81381556131518,0.45000000003314905,0.4500000000326428,0.4499999999020005,0.44999999989598566,0.4499999999759508,0.45,0.0,1.5269638990248666e-14,49.90690778065759
895.0,0.0,49.73432849843946,0.0,49.73432849844053,49.574876565251685,49.57487656525169,49.57487656525959,49.57487656525966,49.73200119295502,49.73200119295714,49.5731246724093,49.573124672409314,49.573124672417684,49.5731246724178,0.45000000003922885,0.44999999999036916,49.73665580392391,49.81381556131966,0.45000000006946383,0.4500000000683252,0.44999999992694145,0.4499999999187266,0.4499999999654883,0.45,0.0,1.5269638989951044e-14,49.906907780659836
896.0,0.0,49.73432849843718,0.0,49.73432849843598,49.57487656525467,49.574876565254655,49.57487656525714,49.57487656525704,49.73200119295429,49.7320011929519,49.57312467241219,49.57312467241216,49.57312467241498,49.5731246724148,0.44999999996582213,0.4499999999207904,49.73665580392006,49.813815561315494,0.4500000000972772,0.4500000000961952,0.45000000000102125,0.4499999999937435,0.44999999997268597,0.45,0.0,1.5269638990231087e-14,49.90690778065775
897.0,0.0,49.734328498433705,0.0,49.73432849843227,49.57487656525786,49.57487656525784,49.574876565255465,49.57487656525535,49.73200119295098,49.73200119294811,49.57312467241539,49.57312467241536,49.57312467241324,49.57312467241301,0.4499999999719425,0.44999999993429995,49.73665580391643,49.813815561311664,0.45000000007771385,0.4500000000765471,0.450000000000002,0.44999999999523826,0.44999999998072404,0.45,0.0,1.526963899047718e-14,49.90690778065583
898.0,0.0,49.734328498431154,0.0,49.73432849843044,49.57487656526022,49.57487656526021,49.574876565254186,49.57487656525411,49.732001192947884,49.73200119294645,49.57312467241788,49.57312467241786,49.57312467241203,49.57312467241189,0.4500000000142053,0.4499999999843583,49.736655803914424,49.81381556130956,0.4500000000282198,0.4500000000280763,0.4499999999648044,0.4499999999603102,0.449999999986032,0.45,0.0,1.5269638990610292e-14,49.90690778065478
899.0,0.0,49.73432849843163,0.0,49.734328498431516,49.57487656526076,49.574876565260745,49.57487656525291,49.574876565252886,49.73200119294782,49.732001192947585,49.573124672418665,49.57312467241864,49.573124672410884,49.573124672410835,0.45000000004922586,0.45000000002442625,49.73665580391543,49.81381556131058,0.449999999968456,0.44999999996726253,0.4499999999323653,0.4499999999300429,0.4499999999850396,0.45,0.0,1.5269638990551383e-14,49.90690778065528
900.0,0.0,49.73432849843361,0.0,49.73432849843329,49.574876565259885,49.57487656525988,49.57487656525181,49.574876565251785,49.73200119294997,49.732001192949355,49.57312467241785,49.57312467241785,49.57312467240974,49.5731246724097,0.45000000001629364,0.44999999999470847,49.736655803917245,49.81381556131234,0.44999999998727835,0.44999999998639906,0.449999999975178,0.4499999999726841,0.44999999998133666,0.45,0.0,1.5269638990458175e-14,49.90690778065617
901.0,0.0,49.73432849843153,0.0,49.73432849843118,49.57487656526018,49.57487656526019,49.574876565251884,49.57487656525186,49.73200119294813,49.732001192947436,49.57312467241792,49.57312467241794,49.573124672409584,49.57312467240955,0.44999999997648926,0.449999999959901,49.73665580391492,49.81381556130983,0.4500000000515069,0.45000000005123436,0.45000000003031126,0.45000000002809204,0.4499999999858067,0.45,0.0,1.526963899062669e-14,49.906907780654926
902.0,0.0,49.7343284984295,0.0,49.734328498429186,49.5748765652599,49.57487656525991,49.574876565252275,49.574876565252254,49.7320011929461,49.732001192945475,49.57312467241763,49.57312467241765,49.57312467240993,49.573124672409904,0.4499999999801899,0.4499999999675277,49.7366558039129,49.81381556130776,0.4500000000398238,0.45000000003979485,0.45000000002635115,0.45000000002485135,0.4499999999898241,0.45,0.0,1.5269638990749144e-14,49.90690778065389
903.0,0.0,49.734328498427566,0.0,49.73432849842731,49.57487656525869,49.5748765652587,49.57487656525271,49.57487656525269,49.73200119294403,49.732001192943535,49.573124672416505,49.573124672416505,49.57312467241042,49.573124672410394,0.45000000000003143,0.44999999999129764,49.736655803911084,49.81381556130603,0.45000000000552315,0.4500000000054987,0.4500000000001254,0.4499999999984088,0.44999999999307205,0.45,0.0,1.526963899083549e-14,49.90690778065302
904.0,0.0,49.734328498425725,0.0,49.73432849842553,49.57487656525622,49.5748765652562,49.57487656525288,49.57487656525287,49.73200119294209,49.73200119294171,49.57312467241407,49.57312467241402,49.573124672410664,49.57312467241064,0.45000000000837637,0.450000000005193,49.73665580390936,49.8138155613045,0.45000000000207263,0.45000000000159057,0.4499999999864695,0.44999999998620316,0.4499999999952337,0.45,0.0,1.5269638990895683e-14,49.90690778065225
905.0,0.0,49.734328498426734,0.0,49.73432849842661,49.57487656526038,49.574876565260354,49.57487656525366,49.57487656525365,49.732001192943116,49.73200119294287,49.57312467241809,49.573124672418054,49.57312467241147,49.573124672411446,0.4499999999969554,0.44999999999235685,49.73665580391036,49.813815561304956,0.44999999999437795,0.4499999999941752,0.44999999999063545,0.4499999999903779,0.44999999999645235,0.45,0.0,1.526963899094312e-14,49.90690778065248
906.0,0.0,49.73432849842568,0.0,49.7343284984256,49.57487656525923,49.57487656525923,49.574876565253376,49.574876565253376,49.73200119294205,49.732001192941865,49.57312467241706,49.573124672417066,49.57312467241116,49.57312467241116,0.44999999999652296,0.4499999999928128,49.73665580390932,49.813815561303976,0.44999999999801804,0.44999999999799783,0.4500000000083334,0.4500000000079958,0.4499999999980045,0.45,0.0,1.5269638990993272e-14,49.90690778065199
907.0,0.0,49.73432849842467,0.0,49.734328498424595,49.57487656525883,49.57487656525885,49.57487656525357,49.57487656525356,49.73200119294102,49.73200119294087,49.573124672416654,49.573124672416675,49.57312467241135,49.57312467241135,0.4500000000089132,0.4500000000069985,49.73665580390831,49.81381556130287,0.4499999999931414,0.4499999999920183,0.4500000000006318,0.4499999999996642,0.45000000000091495,0.45,0.0,1.5269638991072107e-14,49.90690778065142
908.0,0.0,49.734328498424595,0.0,49.73432849842451,49.574876565258215,49.574876565258215,49.57487656525388,49.57487656525388,49.7320011929409,49.732001192940714,49.573124672416064,49.573124672416064,49.57312467241167,49.57312467241167,0.4500000000069893,0.45000000000604706,49.7366558039083,49.81381556130286,0.449999999992321,0.4499999999921913,0.44999999999816953,0.4499999999978911,0.45000000000074414,0.45,0.0,1.5269638991069116e-14,49.90690778065142
909.0,0.0,49.73432849842635,0.0,49.73432849842609,49.57487656525821,49.5748765652582,49.574876565253476,49.57487656525348,49.7320011929426,49.73200119294207,49.57312467241602,49.573124672416,49.57312467241135,49.57312467241136,0.4500000000243274,0.4500000000225196,49.73665580391012,49.81381556130478,0.45000000000473545,0.45000000000351664,0.4499999999755997,0.44999999997497087,0.4499999999972903,0.45,0.0,1.526963899094785e-14,49.90690778065237
910.0,0.0,49.734328498426166,0.0,49.73432849842613,49.57487656525782,49.57487656525781,49.5748765652538,49.5748765652538,49.73200119294247,49.732001192942406,49.57312467241563,49.57312467241563,49.573124672411595,49.573124672411595,0.4499999999943476,0.4499999999926779,49.73665580390986,49.81381556130444,0.44999999999373136,0.4499999999930833,0.45000000001487256,0.4500000000144751,0.44999999999747897,0.45,0.0,1.5269638990976586e-14,49.90690778065222
911.0,0.0,49.73432849842594,0.0,49.734328498425974,49.57487656525734,49.574876565257334,49.57487656525415,49.574876565254144,49.73200119294227,49.73200119294233,49.57312467241517,49.57312467241517,49.573124672411915,49.573124672411915,0.4499999999898215,0.449999999987533,49.73665580390961,49.81381556130415,0.44999999998821544,0.44999999998728063,0.45000000001934565,0.4500000000180561,0.44999999999804474,0.45,0.0,1.526963899099804e-14,49.90690778065208
912.0,0.0,49.734328498425775,0.0,49.73432849842581,49.574876565256645,49.57487656525664,49.574876565254435,49.57487656525443,49.73200119294209,49.73200119294213,49.57312467241452,49.57312467241452,49.573124672412206,49.57312467241222,0.44999999999828,0.44999999999475804,49.73665580390948,49.813815561303976,0.4499999999836406,0.4499999999836265,0.450000000004856,0.45000000000302026,0.44999999999872037,0.45,0.0,1.5269638991013328e-14,49.90690778065199
913.0,0.0,49.73432849842579,0.0,49.73432849842581,49.57487656525563,49.57487656525561,49.57487656525454,49.57487656525454,49.732001192942064,49.73200119294211,49.57312467241355,49.57312467241353,49.57312467241237,49.57312467241238,0.45000000000565604,0.45000000000323376,49.73665580390952,49.81381556130395,0.44999999997759316,0.44999999997745604,0.44999999998779355,0.4499999999864353,0.44999999999924667,0.45,0.0,1.526963899102399e-14,49.90690778065198
914.0,0.0,49.734328498426066,0.0,49.73432849842618,49.57487656525414,49.574876565254115,49.57487656525441,49.57487656525441,49.73200119294229,49.732001192942526,49.573124672412156,49.57312467241209,49.5731246724123,49.5731246724123,0.4500000000006147,0.4499999999991091,49.736655803909834,49.81381556130413,0.44999999996704404,0.44999999996471957,0.44999999998534584,0.4499999999845719,0.4499999999993646,0.45,0.0,1.526963899103156e-14,49.90690778065207
915.0,0.0,49.734328498425995,0.0,49.73432849842604,49.57487656525416,49.57487656525416,49.57487656525478,49.57487656525478,49.73200119294227,49.73200119294237,49.573124672411964,49.573124672411986,49.573124672412575,49.57312467241257,0.4499999999994918,0.4499999999993982,49.73665580390971,49.81381556130403,0.45000000001300544,0.45000000001236573,0.4500000000115811,0.45000000001072676,0.4499999999995425,0.45,0.0,1.526963899103708e-14,49.90690778065202
916.0,0.0,49.734328498425846,0.0,49.73432849842591,49.574876565254264,49.57487656525427,49.574876565255224,49.57487656525522,49.732001192942114,49.73200119294226,49.573124672412014,49.57312467241205,49.57312467241298,49.573124672412966,0.44999999999977736,0.4499999999992925,49.73665580390958,49.81381556130391,0.45000000001896245,0.45000000001819107,0.4500000000141012,0.4500000000134637,0.44999999999967405,0.45,0.0,1.5269638991041133e-14,49.906907780651956
917.0,0.0,49.734328498425704,0.0,49.73432849842587,49.57487656525423,49.57487656525424,49.5748765652557,49.57487656525571,49.73200119294194,49.73200119294225,49.573124672412,49.57312467241203,49.573124672413485,49.57312467241348,0.4500000000003026,0.4499999999993589,49.73665580390948,49.81381556130383,0.4500000000039549,0.4500000000031915,0.4500000000041692,0.4500000000034363,0.4499999999997679,0.45,0.0,1.5269638991044024e-14,49.906907780651906
918.0,0.0,49.734328498425654,0.0,49.73432849842594,49.57487656525384,49.574876565253845,49.57487656525624,49.57487656525625,49.73200119294182,49.732001192942384,49.57312467241169,49.57312467241171,49.57312467241404,49.57312467241404,0.4500000000016802,0.4499999999984258,49.7366558039095,49.81381556130383,0.4499999999879472,0.4499999999877063,0.4499999999922833,0.44999999999215506,0.44999999999983337,0.45,0.0,1.526963899104604e-14,49.906907780651906
919.0,0.0,49.73432849842579,0.0,49.734328498426216,49.574876565252886,49.5748765652529,49.57487656525682,49.57487656525683,49.732001192941894,49.732001192942725,49.5731246724108,49.57312467241083,49.573124672414636,49.57312467241466,0.450000000003431,0.44999999999641316,49.73665580390969,49.813815561303954,0.4499999999917013,0.449999999991277,0.4499999999904356,0.4499999999896367,0.4499999999998796,0.45,0.0,1.5269638991047473e-14,49.90690778065198
920.0,0.0,49.734328498425796,0.0,49.73432849842575,49.57487656525345,49.57487656525345,49.574876565256496,49.574876565256496,49.732001192942114,49.732001192942015,49.57312467241122,49.57312467241123,49.57312467241432,49.573124672414316,0.4500000000036699,0.44999999999619045,49.73665580390947,49.81381556130379,0.4500000000219978,0.45000000002131657,0.449999999993848,0.4499999999929336,0.4499999999999134,0.45,0.0,1.5269638991048514e-14,49.9069077806519
921.0,0.0,49.73432849842573,0.0,49.73432849842556,49.57487656525413,49.57487656525414,49.57487656525621,49.5748765652562,49.732001192942114,49.73200119294177,49.57312467241186,49.573124672411886,49.57312467241403,49.57312467241402,0.45000000000347323,0.4499999999964948,49.73665580390935,49.813815561303706,0.45000000002339224,0.4500000000233563,0.4499999999942522,0.4499999999933819,0.44999999999993834,0.45,0.0,1.5269638991049284e-14,49.906907780651856
922.0,0.0,49.73432849842571,0.0,49.73432849842561,49.57487656525468,49.574876565254684,49.57487656525596,49.57487656525595,49.73200119294206,49.73200119294186,49.57312467241245,49.573124672412476,49.57312467241379,49.57312467241376,0.4500000000033239,0.44999999999670875,49.73665580390936,49.81381556130371,0.4500000000092882,0.4500000000086941,0.4499999999927829,0.44999999999247836,0.44999999999995605,0.45,0.0,1.526963899104983e-14,49.906907780651856
923.0,0.0,49.73432849842582,0.0,49.73432849842581,49.57487656525481,49.574876565254826,49.574876565255735,49.57487656525572,49.732001192942114,49.732001192942114,49.57312467241265,49.57312467241269,49.57312467241356,49.57312467241353,0.45000000000337903,0.44999999999654106,49.736655803909514,49.81381556130381,0.44999999999137874,0.44999999999042295,0.44999999999132106,0.4499999999909701,0.4499999999999684,0.45,0.0,1.5269638991050212e-14,49.906907780651906
924.0,0.0,49.734328498426144,0.0,49.7343284984261,49.57487656525426,49.57487656525428,49.57487656525553,49.5748765652555,49.73200119294246,49.73200119294239,49.5731246724122,49.57312467241224,49.57312467241337,49.57312467241333,0.45000000000297663,0.44999999999652035,49.736655803909834,49.81381556130404,0.449999999982011,0.4499999999809826,0.4499999999907419,0.4499999999906107,0.44999999999997714,0.45,0.0,1.526963899105048e-14,49.90690778065203
925.0,0.0,49.73432849842579,0.0,49.73432849842567,49.574876565254506,49.5748765652545,49.574876565255245,49.574876565255245,49.73200119294214,49.732001192941915,49.573124672412305,49.573124672412305,49.573124672413044,49.573124672413044,0.450000000003019,0.4499999999971005,49.736655803909436,49.813815561303755,0.4500000000176077,0.45000000001620116,0.4499999999987217,0.4499999999979049,0.44999999999998364,0.45,0.0,1.526963899105068e-14,49.90690778065188
926.0,0.0,49.73432849842573,0.0,49.73432849842555,49.57487656525508,49.57487656525507,49.574876565255025,49.574876565255025,49.73200119294212,49.73200119294175,49.573124672412845,49.573124672412824,49.57312467241282,49.57312467241283,0.4500000000016657,0.44999999999836676,49.73665580390935,49.81381556130369,0.4500000000180805,0.450000000016861,0.45000000000014917,0.44999999999974727,0.44999999999998835,0.45,0.0,1.5269638991050824e-14,49.90690778065185
927.0,0.0,49.73432849842593,0.0,49.73432849842565,49.57487656525558,49.57487656525557,49.57487656525471,49.574876565254705,49.732001192942384,49.732001192941794,49.57312467241339,49.573124672413385,49.57312467241252,49.57312467241252,0.4500000000003015,0.4499999999993165,49.73665580390951,49.81381556130379,0.4499999999968498,0.44999999999590756,0.44999999999899676,0.44999999999858165,0.4499999999999917,0.45,0.0,1.5269638991050928e-14,49.906907780651906
928.0,0.0,49.73432849842634,0.0,49.734328498425896,49.57487656525559,49.5748765652556,49.57487656525417,49.57487656525415,49.732001192942874,49.73200119294196,49.57312467241353,49.57312467241354,49.573124672412,49.573124672411964,0.45000000000058377,0.44999999999867774,49.73665580390983,49.813815561304025,0.4499999999670186,0.44999999996677725,0.4499999999981859,0.44999999999793644,0.449999999999994,0.45,0.0,1.5269638991051e-14,49.90690778065202
929.0,0.0,49.7343284984269,0.0,49.734328498426194,49.57487656525472,49.574876565254726,49.57487656525324,49.57487656525321,49.73200119294354,49.732001192942136,49.573124672412845,49.573124672412845,49.5731246724111,49.57312467241104,0.45000000000252877,0.4499999999968189,49.73665580391023,49.813815561304324,0.44999999994248713,0.44999999994210943,0.4500000000014346,0.4500000000005435,0.44999999999999574,0.45,0.0,1.526963899105105e-14,49.90690778065216
930.0,0.0,49.73432849842615,0.0,49.73432849842612,49.57487656525447,49.57487656525446,49.57487656525367,49.57487656525368,49.73200119294246,49.73200119294243,49.573124672412334,49.573124672412305,49.57312467241144,49.573124672411446,0.4500000000034877,0.4499999999965171,49.73665580390984,49.81381556130405,0.4500000000085894,0.4500000000079992,0.45000000002057033,0.4500000000183821,0.44999999999999685,0.45,0.0,1.526963899105109e-14,49.90690778065202
931.0,0.0,49.734328498425974,0.0,49.734328498426095,49.57487656525453,49.57487656525452,49.5748765652542,49.57487656525422,49.732001192942214,49.73200119294246,49.57312467241233,49.5731246724123,49.57312467241194,49.573124672411964,0.4500000000039152,0.4499999999960205,49.736655803909734,49.81381556130397,0.45000000001370166,0.45000000001342366,0.4500000000218228,0.4500000000202899,0.44999999999999774,0.45,0.0,1.5269638991051117e-14,49.906907780651984
932.0,0.0,49.734328498426166,0.0,49.73432849842613,49.57487656525449,49.57487656525448,49.57487656525464,49.57487656525466,49.732001192942484,49.73200119294242,49.57312467241235,49.573124672412305,49.573124672412405,49.57312467241243,0.4500000000038669,0.44999999999577006,49.73665580390986,49.813815561304054,0.4499999999858114,0.44999999998546414,0.45000000001436175,0.4500000000133341,0.4499999999999984,0.45,0.0,1.5269638991051136e-14,49.90690778065203
933.0,0.0,49.734328498426535,0.0,49.734328498426265,49.57487656525394,49.57487656525392,49.57487656525483,49.57487656525485,49.732001192942974,49.73200119294244,49.57312467241196,49.57312467241189,49.57312467241262,49.573124672412646,0.4500000000038643,0.4499999999957418,49.7366558039101,49.813815561304224,0.44999999995270284,0.44999999995177437,0.45000000000621615,0.45000000000579327,0.4499999999999989,0.45,0.0,1.526963899105115e-14,49.90690778065211
934.0,0.0,49.73432849842687,0.0,49.734328498426535,49.57487656525248,49.57487656525244,49.574876565254584,49.57487656525461,49.732001192943336,49.73200119294268,49.57312467241066,49.57312467241057,49.5731246724124,49.573124672412455,0.45000000000470186,0.4499999999956391,49.736655803910395,49.81381556130444,0.449999999941554,0.44999999994061374,0.45000000000604323,0.4500000000053179,0.4499999999999992,0.45,0.0,1.5269638991051158e-14,49.90690778065222
935.0,0.0,49.73432849842645,0.0,49.73432849842658,49.57487656525257,49.574876565252566,49.574876565255245,49.574876565255245,49.73200119294269,49.73200119294294,49.5731246724104,49.5731246724104,49.573124672412995,49.57312467241301,0.4500000000045359,0.44999999999517526,49.73665580391021,49.8138155613043,0.45000000001361795,0.4500000000134048,0.4500000000214886,0.4500000000203123,0.4499999999999994,0.45,0.0,1.5269638991051165e-14,49.906907780652155
936.0,0.0,49.7343284984262,0.0,49.73432849842651,49.57487656525265,49.57487656525266,49.57487656525597,49.57487656525597,49.732001192942334,49.732001192942974,49.57312467241038,49.5731246724104,49.573124672413705,49.573124672413705,0.4500000000034362,0.4499999999963835,49.736655803910054,49.81381556130419,0.45000000002295426,0.4500000000224177,0.45000000002070956,0.450000000020124,0.44999999999999957,0.45,0.0,1.526963899105117e-14,49.9069077806521
937.0,0.0,49.73432849842603,0.0,49.73432849842643,49.574876565252495,49.5748765652525,49.5748765652568,49.57487656525681,49.73200119294212,49.73200119294294,49.57312467241028,49.57312467241029,49.57312467241455,49.573124672414565,0.4500000000022603,0.44999999999811197,49.73665580390993,49.8138155613041,0.45000000000274154,0.45000000000142637,0.45000000001136903,0.45000000001056834,0.4499999999999997,0.45,0.0,1.5269638991051174e-14,49.90690778065205
938.0,0.0,49.73432849842587,0.0,49.73432849842641,49.57487656525193,49.57487656525192,49.574876565257796,49.574876565257824,49.732001192941894,49.73200119294299,49.573124672409804,49.57312467240979,49.57312467241557,49.57312467241561,0.4500000000014266,0.449999999999644,49.73665580390984,49.81381556130403,0.44999999998591056,0.44999999998476903,0.4499999999995601,0.4499999999990877,0.4499999999999998,0.45,0.0,1.5269638991051177e-14,49.90690778065203
939.0,0.0,49.734328498425626,0.0,49.73432849842653,49.57487656525075,49.57487656525073,49.574876565259025,49.57487656525905,49.73200119294148,49.73200119294328,49.573124672408646,49.57312467240862,49.57312467241679,49.57312467241687,0.450000000005207,0.4499999999964095,49.73665580390978,49.813815561304,0.45000000000658774,0.45000000000558854,0.44999999999336754,0.449999999991133,0.4499999999999999,0.45,0.0,1.526963899105118e-14,49.906907780652006
940.0,0.0,49.73432849842613,0.0,49.73432849842618,49.57487656525188,49.57487656525189,49.57487656525863,49.574876565258606,49.73200119294242,49.732001192942484,49.57312467240962,49.57312467240963,49.57312467241645,49.573124672416434,0.4500000000045278,0.4499999999954276,49.736655803909855,49.813815561304054,0.4500000000305316,0.45000000002874935,0.44999999998890117,0.44999999998575724,0.4499999999999999,0.45,0.0,1.5269638991051184e-14,49.90690778065203
941.0,0.0,49.73432849842607,0.0,49.73432849842599,49.5748765652528,49.57487656525283,49.57487656525821,49.57487656525819,49.732001192942434,49.73200119294223,49.57312467241049,49.57312467241052,49.573124672416064,49.57312467241602,0.45000000000498674,0.44999999999492535,49.73665580390973,49.81381556130396,0.4500000000339685,0.4500000000314673,0.4499999999867457,0.4499999999849517,0.44999999999999996,0.45,0.0,1.5269638991051184e-14,49.90690778065198
942.0,0.0,49.73432849842571,0.0,49.73432849842591,49.574876565253476,49.57487656525349,49.57487656525801,49.57487656525798,49.732001192941915,49.7320011929423,49.573124672411176,49.5731246724112,49.57312467241586,49.57312467241581,0.45000000000635276,0.4499999999943054,49.736655803909514,49.813815561303805,0.45000000002799767,0.4500000000272748,0.4499999999863081,0.4499999999849556,0.45,0.45,0.0,1.5269638991051184e-14,49.906907780651906
943.0,0.0,49.734328498425285,0.0,49.73432849842592,49.57487656525384,49.57487656525385,49.57487656525822,49.5748765652582,49.732001192941276,49.732001192942526,49.57312467241156,49.57312467241158,49.573124672416064,49.573124672416014,0.45000000000854984,0.44999999999281065,49.73665580390931,49.813815561303656,0.4500000000268838,0.4500000000265001,0.4499999999849877,0.4499999999840007,0.45000000000000007,0.45,0.0,1.5269638991051184e-14,49.906907780651835
944.0,0.0,49.73432849842506,0.0,49.73432849842596,49.57487656525385,49.57487656525387,49.574876565259075,49.574876565259046,49.73200119294091,49.73200119294271,49.57312467241154,49.57312467241157,49.573124672416895,49.57312467241683,0.45000000001177526,0.4499999999894107,49.736655803909215,49.8138155613036,0.4500000000426585,0.45000000004170426,0.44999999998031937,0.4499999999801837,0.44999999999999996,0.45,0.0,1.5269638991051184e-14,49.9069077806518
945.0,0.0,49.73432849842542,0.0,49.73432849842519,49.57487656525482,49.574876565254826,49.57487656525779,49.57487656525778,49.73200119294182,49.732001192941375,49.57312467241257,49.573124672412575,49.573124672415666,49.57312467241565,0.45000000001124085,0.4499999999890043,49.73665580390902,49.81381556130346,0.45000000002770973,0.4500000000273993,0.44999999996892914,0.4499999999685341,0.45,0.45,0.0,1.5269638991051184e-14,49.906907780651736
946.0,0.0,49.73432849842554,0.0,49.734328498424944,49.574876565256055,49.574876565256055,49.57487656525654,49.57487656525653,49.73200119294213,49.73200119294094,49.57312467241381,49.57312467241381,49.57312467241442,49.57312467241442,0.45000000000961143,0.44999999999023127,49.73665580390896,49.813815561303414,0.450000000021227,0.45000000002118745,0.44999999996979945,0.44999999996977935,0.45,0.45,0.0,1.5269638991051184e-14,49.90690778065171
947.0,0.0,49.734328498425654,0.0,49.73432849842506,49.574876565257235,49.57487656525724,49.57487656525523,49.57487656525521,49.732001192942235,49.73200119294106,49.57312467241501,49.57312467241503,49.57312467241311,49.573124672413094,0.4500000000074565,0.4499999999920527,49.736655803909066,49.81381556130349,0.450000000013809,0.45000000001370166,0.44999999997805806,0.44999999997790774,0.45,0.45,0.0,1.5269638991051184e-14,49.90690778065174
948.0,0.0,49.734328498425974,0.0,49.73432849842537,49.57487656525807,49.57487656525808,49.57487656525379,49.57487656525375,49.732001192942576,49.73200119294136,49.57312467241591,49.57312467241593,49.573124672411666,49.57312467241161,0.45000000000387,0.4499999999949041,49.736655803909386,49.81381556130371,0.44999999999629803,0.44999999999518303,0.44999999998792867,0.4499999999877727,0.45,0.45,0.0,1.5269638991051184e-14,49.906907780651856
949.0,0.0,49.73432849842676,0.0,49.734328498425704,49.57487656525824,49.574876565258265,49.57487656525214,49.57487656525209,49.732001192943564,49.73200119294149,49.573124672416235,49.57312467241628,49.57312467241003,49.57312467240992,0.449999999999859,0.4499999999973084,49.73665580390995,49.813815561304104,0.44999999995809986,0.44999999995730894,0.449999999995253,0.4499999999926093,0.45,0.45,0.0,1.5269638991051184e-14,49.906907780652055
950.0,0.0,49.73432849842556,0.0,49.73432849842534,49.57487656525748,49.57487656525748,49.57487656525211,49.574876565252126,49.73200119294197,49.732001192941524,49.57312467241536,49.57312467241534,49.573124672409904,49.57312467240991,0.4500000000013285,0.4499999999989786,49.73665580390916,49.813815561303564,0.45000000000064005,0.4500000000001047,0.45000000001384377,0.450000000010759,0.45,0.45,0.0,1.5269638991051184e-14,49.90690778065178
951.0,0.0,49.73432849842549,0.0,49.73432849842531,49.57487656525749,49.57487656525748,49.57487656525222,49.574876565252254,49.73200119294187,49.73200119294152,49.57312467241534,49.573124672415304,49.57312467240998,49.57312467241003,0.4500000000030777,0.4499999999971177,49.7366558039091,49.81381556130353,0.4499999999992477,0.44999999999869994,0.45000000001788604,0.4500000000148307,0.45,0.45,0.0,1.5269638991051184e-14,49.906907780651764
952.0,0.0,49.73432849842616,0.0,49.734328498425526,49.574876565257604,49.5748765652576,49.57487656525201,49.57487656525204,49.732001192942775,49.73200119294151,49.57312467241554,49.57312467241553,49.57312467240978,49.573124672409826,0.4500000000045738,0.44999999999397416,49.73665580390955,49.81381556130384,0.44999999996711565,0.4499999999662914,0.4500000000149724,0.4500000000127352,0.45,0.45,0.0,1.5269638991051184e-14,49.90690778065192
953.0,0.0,49.73432849842722,0.0,49.734328498425896,49.57487656525718,49.57487656525718,49.57487656525101,49.574876565251024,49.73200119294417,49.732001192941546,49.573124672415304,49.573124672415304,49.57312467240882,49.57312467240885,0.4500000000074391,0.44999999998965245,49.73665580391025,49.81381556130434,0.4499999999172152,0.44999999991665773,0.45000000001312274,0.4500000000120333,0.45,0.45,0.0,1.5269638991051184e-14,49.906907780652176
954.0,0.0,49.73432849842827,0.0,49.73432849842632,49.574876565255536,49.574876565255536,49.57487656524875,49.57487656524877,49.73200119294555,49.73200119294166,49.573124672413975,49.57312467241398,49.57312467240661,49.57312467240666,0.45000000001438895,0.44999999998316415,49.736655803911,49.81381556130486,0.44999999986331407,0.44999999986278105,0.4500000000207558,0.4500000000198865,0.45,0.45,0.0,1.5269638991051184e-14,49.90690778065243
955.0,0.0,49.73432849842664,0.0,49.73432849842684,49.57487656525421,49.5748765652542,49.57487656525068,49.57487656525069,49.73200119294286,49.73200119294324,49.57312467241215,49.573124672412135,49.57312467240837,49.57312467240839,0.4500000000164394,0.4499999999834558,49.73665580391043,49.81381556130446,0.4499999999903342,0.44999999998949386,0.4500000000618755,0.4500000000617836,0.45,0.45,0.0,1.5269638991051184e-14,49.90690778065223
956.0,0.0,49.7343284984262,0.0,49.734328498427,49.574876565253135,49.57487656525312,49.574876565252765,49.57487656525278,49.73200119294211,49.73200119294369,49.57312467241095,49.57312467241093,49.573124672410394,49.57312467241043,0.45000000001565776,0.44999999998460505,49.73665580391029,49.81381556130436,0.4500000000064108,0.4500000000051465,0.4500000000634597,0.4500000000634086,0.45,0.45,0.0,1.5269638991051184e-14,49.90690778065218
957.0,0.0,49.73432849842636,0.0,49.734328498426954,49.574876565251934,49.57487656525192,49.57487656525484,49.57487656525487,49.73200119294238,49.73200119294355,49.57312467240984,49.57312467240982,49.57312467241248,49.57312467241255,0.4500000000135025,0.4499999999863832,49.73665580391035,49.81381556130441,0.4499999999677342,0.449999999966997,0.45000000004404916,0.4500000000431963,0.44999999999999996,0.45,0.0,1.5269638991051184e-14,49.906907780652205
958.0,0.0,49.73432849842657,0.0,49.73432849842688,49.57487656525022,49.5748765652502,49.574876565256744,49.57487656525679,49.73200119294272,49.73200119294334,49.57312467240829,49.573124672408255,49.57312467241443,49.57312467241454,0.45000000000983886,0.4499999999901574,49.736655803910416,49.81381556130445,0.4499999999320678,0.4499999999314857,0.4500000000223637,0.45000000001956014,0.45,0.45,0.0,1.5269638991051184e-14,49.906907780652226
959.0,0.0,49.73432849842623,0.0,49.73432849842693,49.574876565247614,49.57487656524759,49.5748765652583,49.57487656525837,49.732001192942185,49.7320011929436,49.57312467240577,49.57312467240572,49.57312467241603,49.57312467241619,0.4500000000067173,0.4499999999951095,49.736655803910274,49.81381556130435,0.4499999999562486,0.4499999999559795,0.4500000000156205,0.45000000001241586,0.45000000000000007,0.45,0.0,1.5269638991051184e-14,49.906907780652176
960.0,0.0,49.734328498426805,0.0,49.73432849842719,49.57487656524872,49.57487656524873,49.57487656525917,49.57487656525916,49.732001192942924,49.732001192943684,49.57312467240649,49.57312467240649,49.57312467241694,49.573124672416924,0.4500000000037189,0.4499999999957193,49.736655803910686,49.813815561304644,0.4500000000271976,0.4500000000252586,0.4500000000163094,0.45000000001344925,0.45,0.45,0.0,1.5269638991051184e-14,49.90690778065232
961.0,0.0,49.73432849842646,0.0,49.73432849842704,49.574876565249035,49.57487656524904,49.57487656525999,49.574876565259956,49.73200119294247,49.73200119294364,49.573124672406685,49.57312467240669,49.57312467241777,49.57312467241772,0.4500000000013248,0.44999999999886,49.73665580391044,49.813815561304466,0.45000000004234403,0.4500000000410736,0.45000000001209056,0.4500000000085331,0.45,0.45,0.0,1.5269638991051184e-14,49.90690778065223
962.0,0.0,49.73432849842548,0.0,49.73432849842668,49.57487656524888,49.57487656524888,49.57487656526134,49.574876565261334,49.73200119294118,49.73200119294358,49.573124672406514,49.5731246724065,49.5731246724191,49.573124672419084,0.45000000000449136,0.4499999999978215,49.73665580390978,49.813815561304,0.4500000000416463,0.4500000000407842,0.4500000000021134,0.4499999999998493,0.45,0.45,0.0,1.5269638991051184e-14,49.906907780652006
963.0,0.0,49.734328498424155,0.0,49.734328498426294,49.574876565248594,49.57487656524858,49.57487656526381,49.57487656526382,49.73200119293939,49.732001192943656,49.573124672406166,49.573124672406145,49.573124672421535,49.573124672421564,0.450000000012742,0.449999999991315,49.736655803908924,49.81381556130339,0.45000000006352003,0.4500000000634031,0.4499999999890937,0.4499999999860038,0.45,0.45,0.0,1.5269638991051184e-14,49.9069077806517
964.0,0.0,49.73432849842279,0.0,49.73432849842607,49.57487656524851,49.574876565248495,49.57487656526797,49.574876565268,49.73200119293746,49.73200119294399,49.573124672405825,49.5731246724058,49.57312467242566,49.573124672425706,0.4500000000245608,0.44999999997909096,49.73665580390812,49.81381556130283,0.45000000014757613,0.45000000014674735,0.44999999997216183,0.44999999996918755,0.44999999999999996,0.45,0.0,1.5269638991051184e-14,49.906907780651416
965.0,0.0,49.734328498425,0.0,49.73432849842483,49.57487656525152,49.57487656525153,49.57487656526521,49.574876565265185,49.73200119294139,49.73200119294103,49.57312467240907,49.5731246724091,49.573124672423184,49.57312467242315,0.4500000000242844,0.449999999976022,49.736655803908626,49.81381556130319,0.4500000000567798,0.45000000005580415,0.44999999991629025,0.44999999991324247,0.45,0.45,0.0,1.5269638991051184e-14,49.90690778065159
966.0,0.0,49.73432849842529,0.0,49.734328498424276,49.57487656525406,49.57487656525408,49.57487656526228,49.57487656526224,49.73200119294209,49.73200119294006,49.57312467241168,49.57312467241172,49.57312467242034,49.57312467242027,0.45000000002409773,0.44999999997611556,49.7366558039085,49.813815561303095,0.45000000004465085,0.4500000000435707,0.449999999911506,0.4499999999096878,0.45000000000000007,0.45,0.0,1.5269638991051184e-14,49.906907780651544
967.0,0.0,49.7343284984246,0.0,49.73432849842419,49.57487656525636,49.57487656525639,49.57487656525966,49.57487656525961,49.732001192941105,49.73200119294026,49.57312467241393,49.57312467241398,49.573124672417684,49.57312467241759,0.4500000000230641,0.4499999999780597,49.73665580390811,49.81381556130282,0.4500000000720839,0.4500000000715603,0.4499999999339278,0.44999999993283046,0.45000000000000007,0.45,0.0,1.5269638991051184e-14,49.90690778065141
968.0,0.0,49.7343284984239,0.0,49.73432849842433,49.574876565258684,49.57487656525871,49.574876565257796,49.57487656525773,49.73200119293999,49.73200119294082,49.573124672416135,49.573124672416206,49.57312467241572,49.57312467241561,0.45000000002148427,0.4499999999792998,49.736655803907816,49.81381556130261,0.45000000010088465,0.45000000009956515,0.44999999995836615,0.4499999999580716,0.45,0.45,0.0,1.5269638991051184e-14,49.906907780651316
969.0,0.0,49.73432849842414,0.0,49.73432849842447,49.57487656526125,49.57487656526129,49.574876565257156,49.57487656525706,49.73200119294027,49.73200119294091,49.573124672418615,49.573124672418714,49.57312467241503,49.57312467241485,0.4500000000193856,0.44999999997755463,49.73665580390801,49.81381556130275,0.45000000009106095,0.4500000000891757,0.44999999996081197,0.4499999999596316,0.45,0.45,0.0,1.5269638991051184e-14,49.906907780651366
970.0,0.0,49.73432849842384,0.0,49.734328498423174,49.57487656526213,49.57487656526213,49.57487656525468,49.574876565254684,49.73200119294046,49.73200119293911,49.57312467241986,49.573124672419844,49.573124672412604,49.573124672412604,0.45000000001861923,0.44999999998204515,49.736655803907226,49.81381556130219,0.45000000001551405,0.4500000000146695,0.44999999994860895,0.4499999999457188,0.45,0.45,0.0,1.5269638991051184e-14,49.906907780651096
971.0,0.0,49.73432849842407,0.0,49.734328498423054,49.57487656526253,49.57487656526251,49.57487656525271,49.57487656525274,49.73200119294086,49.732001192938824,49.573124672420406,49.57312467242036,49.57312467241062,49.57312467241067,0.4500000000154967,0.4499999999855077,49.73665580390728,49.81381556130223,0.44999999999409535,0.44999999999293727,0.4499999999554699,0.4499999999528056,0.45,0.45,0.0,1.5269638991051184e-14,49.90690778065112
972.0,0.0,49.73432849842454,0.0,49.734328498423494,49.57487656526279,49.57487656526278,49.57487656525098,49.574876565251,49.732001192941354,49.73200119293924,49.57312467242068,49.57312467242066,49.573124672408866,49.573124672408895,0.45000000001010326,0.4499999999895193,49.73665580390774,49.81381556130256,0.44999999999936147,0.44999999999831275,0.4499999999735134,0.44999999997165935,0.45,0.45,0.0,1.5269638991051184e-14,49.90690778065128
973.0,0.0,49.73432849842501,0.0,49.73432849842387,49.574876565263274,49.574876565263274,49.57487656524927,49.57487656524926,49.73200119294186,49.73200119293958,49.57312467242111,49.57312467242113,49.57312467240712,49.57312467240711,0.4500000000035941,0.4499999999946054,49.73665580390816,49.81381556130285,0.4500000000049532,0.4500000000038419,0.44999999999443113,0.44999999999345003,0.45,0.45,0.0,1.5269638991051184e-14,49.90690778065143
974.0,0.0,49.73432849842519,0.0,49.73432849842357,49.5748765652643,49.57487656526431,49.574876565247315,49.57487656524731,49.73200119294227,49.732001192939045,49.57312467242212,49.57312467242214,49.57312467240514,49.573124672405115,0.45000000000156515,0.4499999999968509,49.7366558039081,49.81381556130281,0.44999999998371376,0.44999999998336826,0.4500000000107109,0.45000000000855095,0.45,0.45,0.0,1.5269638991051184e-14,49.90690778065141
975.0,0.0,49.7343284984244,0.0,49.73432849842421,49.574876565262315,49.57487656526227,49.57487656524846,49.574876565248466,49.73200119294077,49.73200119294039,49.573124672420235,49.57312467242016,49.5731246724062,49.57312467240621,0.4500000000064465,0.44999999999652024,49.73665580390805,49.81381556130287,0.44999999997132034,0.44999999997005913,0.4500000000233917,0.45000000002227225,0.4499999999995247,0.45,0.0,1.5269638991035176e-14,49.90690778065143
976.0,0.0,49.734328498424496,0.0,49.734328498424524,49.57487656526139,49.57487656526134,49.574876565249504,49.57487656524953,49.732001192940764,49.73200119294081,49.57312467241933,49.57312467241924,49.5731246724072,49.573124672407246,0.45000000000644175,0.4499999999938837,49.736655803908235,49.81381556130301,0.4499999999646593,0.44999999996437406,0.4500000000285985,0.4500000000274037,0.449999999999417,0.45,0.0,1.526963899103287e-14,49.9069077806515
977.0,0.0,49.73432849842479,0.0,49.73432849842431,49.57487656526119,49.57487656526111,49.574876565250186,49.57487656525022,49.73200119294135,49.73200119294038,49.57312467241915,49.57312467241902,49.57312467240786,49.57312467240794,0.45000000000497065,0.44999999998801266,49.736655803908235,49.81381556130289,0.44999999995901724,0.4499999999584398,0.4500000000297377,0.45000000002940865,0.45000000000005125,0.45,0.0,1.526963899105545e-14,49.906907780651444
978.0,0.0,49.73432849842463,0.0,49.7343284984234,49.57487656526138,49.57487656526122,49.57487656525023,49.574876565250285,49.7320011929416,49.732001192939165,49.57312467241939,49.5731246724191,49.57312467240788,49.573124672408,0.4500000000039063,0.449999999979536,49.73665580390764,49.813815561302164,0.44999999994789686,0.4499999999462412,0.45000000003229257,0.4500000000316997,0.45000000000180135,0.45,0.0,1.5269638991114062e-14,49.90690778065108
979.0,0.0,49.734328498423324,0.0,49.73432849842163,49.57487656526162,49.574876565261256,49.57487656524939,49.57487656524946,49.732001192940615,49.73200119293721,49.57312467241975,49.573124672419084,49.57312467240701,49.57312467240715,0.4500000000075811,0.44999999996662343,49.73665580390603,49.81381556130049,0.449999999924346,0.449999999922218,0.4500000000408753,0.45000000003856017,0.4500000000050409,0.45,0.0,1.526963899121986e-14,49.90690778065025
980.0,0.0,49.734328498422556,0.0,49.73432849842296,49.57487656525805,49.57487656525797,49.57487656525186,49.574876565251834,49.73200119293862,49.732001192939414,49.573124672416085,49.57312467241593,49.573124672409556,49.57312467240952,0.45000000002668844,0.44999999998724455,49.7366558039065,49.81381556130111,0.4499999999446998,0.4499999999342232,0.45000000005045604,0.450000000047309,0.45000000000367324,0.45,0.0,1.5269638991161918e-14,49.90690778065055
981.0,0.0,49.73432849842265,0.0,49.73432849842371,49.57487656525624,49.5748765652562,49.5748765652541,49.57487656525408,49.73200119293838,49.73200119294049,49.57312467241429,49.57312467241419,49.573124672411794,49.57312467241175,0.4500000000228933,0.44999999998764095,49.73665580390693,49.81381556130148,0.44999999994599194,0.44999999993174755,0.4500000000501337,0.45000000004900514,0.4500000000032053,0.45,0.0,1.526963899114846e-14,49.90690778065073
982.0,0.0,49.7343284984221,0.0,49.734328498423125,49.574876565254236,49.574876565254,49.57487656525621,49.57487656525622,49.73200119293797,49.73200119294001,49.573124672412376,49.57312467241195,49.57312467241389,49.5731246724139,0.45000000000500523,0.44999999997752144,49.73665580390624,49.81381556130068,0.44999999994121653,0.4499999999281534,0.4500000000403534,0.4500000000400462,0.4500000000048032,0.45,0.0,1.5269638991209347e-14,49.90690778065033
983.0,0.0,49.73432849841941,0.0,49.73432849842046,49.57487656525004,49.574876565249454,49.57487656525833,49.57487656525833,49.73200119293545,49.73200119293754,49.57312467240837,49.5731246724073,49.57312467241603,49.57312467241602,0.44999999998332024,0.4499999999652217,49.73665580390338,49.813815561297815,0.449999999946592,0.44999999993376105,0.4500000000196687,0.45000000001872403,0.45000000000962487,0.45,0.0,1.5269638991374143e-14,49.90690778064891
984.0,0.0,49.734328498413085,0.0,49.734328498414996,49.57487656524169,49.574876565240615,49.574876565260546,49.57487656526044,49.732001192928855,49.73200119293267,49.57312467240027,49.57312467239836,49.57312467241838,49.57312467241818,0.4499999999681345,0.4499999999590775,49.73665580389731,49.81381556129198,0.4499999999763448,0.44999999996088286,0.44999999998509616,0.4499999999848679,0.45000000001882806,0.45,0.0,1.5269638991672405e-14,49.906907780645994
985.0,0.0,49.73432849841811,0.0,49.734328498418336,49.57487656524704,49.57487656524728,49.574876565260794,49.5748765652608,49.73200119293421,49.732001192934675,49.57312467240478,49.57312467240523,49.573124672418714,49.573124672418736,0.4500000000240307,0.45000000002330826,49.736655803902,49.81381556129637,0.45000000002361196,0.44999999998142026,0.44999999997229856,0.44999999997120377,0.4500000000137064,0.45,0.0,1.526963899146619e-14,49.90690778064818
986.0,0.0,49.73432849842024,0.0,49.73432849842008,49.57487656524858,49.57487656524915,49.57487656525992,49.57487656525993,49.732001192936366,49.732001192936075,49.573124672406074,49.57312467240715,49.573124672417904,49.57312467241792,0.45000000003616514,0.45000000003188334,49.73665580390409,49.813815561298455,0.4500000000311963,0.44999999998987056,0.4499999999688187,0.44999999996817097,0.4500000000102034,0.45,0.0,1.5269638991348095e-14,49.90690778064923
987.0,0.0,49.73432849842175,0.0,49.73432849842198,49.574876565247806,49.574876565248125,49.57487656525877,49.57487656525873,49.73200119293767,49.73200119293815,49.57312467240541,49.573124672406074,49.57312467241677,49.57312467241671,0.4500000000279891,0.4500000000221902,49.73665580390581,49.81381556130044,0.45000000002352813,0.44999999999789864,0.44999999997198453,0.4499999999716921,0.45000000000526996,0.45,0.0,1.526963899119914e-14,49.90690778065022
988.0,0.0,49.73432849842496,0.0,49.734328498425825,49.57487656524624,49.57487656524618,49.5748765652582,49.574876565258116,49.732001192940466,49.73200119294218,49.57312467240404,49.57312467240401,49.5731246724162,49.573124672416036,0.45000000003137447,0.450000000023493,49.73665580390944,49.81381556130455,0.45000000002685553,0.45000000001537693,0.4499999999785607,0.4499999999783187,0.44999999999582885,0.45,0.0,1.526963899089936e-14,49.906907780652276
989.0,0.0,49.73432849843219,0.0,49.73432849843338,49.57487656524542,49.574876565245226,49.574876565259075,49.574876565259,49.732001192947116,49.732001192949475,49.57312467240322,49.57312467240294,49.57312467241702,49.573124672416874,0.4500000000795583,0.4500000000636907,49.73665580391726,49.81381556131301,0.4500000000650363,0.45000000005456825,0.4499999999857108,0.449999999984204,0.44999999997880274,0.45,0.0,1.5269638990328783e-14,49.90690778065651
990.0,0.0,49.73432849843344,0.0,49.73432849843304,49.57487656525274,49.57487656525302,49.57487656525765,49.5748765652577,49.73200119295011,49.7320011929493,49.573124672410174,49.57312467241069,49.57312467241541,49.5731246724155,0.44999999996111056,0.4499999999386702,49.73665580391677,49.813815561311614,0.4500000000661374,0.4500000000415456,0.4499999999924634,0.4499999999863799,0.44999999998238305,0.45,0.0,1.5269638990532656e-14,49.9069077806558
991.0,0.0,49.73432849843027,0.0,49.73432849842995,49.57487656525325,49.57487656525355,49.57487656525674,49.57487656525682,49.7320011929468,49.73200119294615,49.5731246724107,49.573124672411325,49.573124672414494,49.57312467241466,0.4500000000142453,0.44999999999769474,49.73665580391375,49.81381556130872,0.45000000005130564,0.45000000004059,0.4499999999866607,0.449999999984484,0.44999999998840107,0.45,0.0,1.5269638990679826e-14,49.90690778065436
992.0,0.0,49.734328498428795,0.0,49.73432849842844,49.57487656525591,49.574876565256154,49.57487656525633,49.57487656525643,49.73200119294531,49.732001192944594,49.57312467241345,49.57312467241397,49.57312467241409,49.573124672414274,0.4499999999980254,0.44999999998447093,49.736655803912285,49.81381556130715,0.4500000000297916,0.4500000000248106,0.4499999999916926,0.4499999999906944,0.4499999999913422,0.45,0.0,1.5269638990784176e-14,49.90690778065357
993.0,0.0,49.73432849842781,0.0,49.73432849842724,49.57487656525735,49.57487656525755,49.57487656525559,49.57487656525565,49.73200119294444,49.73200119294329,49.57312467241498,49.573124672415375,49.57312467241334,49.573124672413485,0.44999999999760687,0.44999999998841,49.7366558039112,49.81381556130598,0.4500000000190107,0.45000000001718193,0.4500000000029003,0.449999999999555,0.44999999999380874,0.45,0.0,1.526963899086029e-14,49.90690778065299
994.0,0.0,49.734328498427146,0.0,49.734328498425725,49.57487656525931,49.57487656525974,49.57487656525345,49.57487656525364,49.73200119294419,49.73200119294135,49.57312467241686,49.57312467241772,49.57312467241111,49.573124672411495,0.44999999999599755,0.449999999995701,49.73665580391011,49.813815561304935,0.45000000000831286,0.45000000000262963,0.4500000000292773,0.45000000002269613,0.44999999999559515,0.45,0.0,1.526963899091537e-14,49.906907780652475
995.0,0.0,49.73432849842624,0.0,49.73432849842323,49.57487656526229,49.57487656526321,49.57487656525076,49.5748765652512,49.732001192944026,49.732001192938036,49.573124672419674,49.573124672421514,49.57312467240811,49.573124672409,0.45000000000889206,0.4499999999888151,49.73665580390844,49.81381556130356,0.44999999999078244,0.44999999996976403,0.4500000001005642,0.45000000008724783,0.44999999999685164,0.45,0.0,1.526963899095409e-14,49.90690778065178
996.0,0.0,49.73432849842448,0.0,49.73432849841908,49.5748765652668,49.57487656526845,49.57487656524839,49.57487656524918,49.73200119294344,49.73200119293264,49.573124672423994,49.57312467242728,49.57312467240513,49.57312467240669,0.45000000003025853,0.4499999999719507,49.73665580390555,49.81381556130137,0.4499999999591613,0.44999999990753836,0.45000000024670167,0.4500000002201399,0.44999999999772866,0.45,0.0,1.5269638990981126e-14,49.906907780650684
997.0,0.0,49.73432849842237,0.0,49.734328498421114,49.574876565268795,49.57487656526918,49.57487656525058,49.57487656525074,49.73200119293925,49.73200119293674,49.57312467242676,49.57312467242752,49.573124672407765,49.57312467240809,0.4500000000415057,0.4499999999555638,49.73665580390549,49.813815561301226,0.4499999999003467,0.44999999982776234,0.45000000012214997,0.4500000000849757,0.4499999999983661,0.45,0.0,1.52696389910008e-14,49.90690778065062
998.0,0.0,49.73432849842159,0.0,49.73432849842402,49.57487656526374,49.57487656526284,49.57487656525518,49.57487656525472,49.73200119293664,49.73200119294151,49.57312467242239,49.57312467242055,49.57312467241308,49.573124672412156,0.4500000000373443,0.44999999995761386,49.73665580390652,49.81381556130189,0.4499999998895605,0.4499999998264127,0.45000000002055807,0.44999999998765794,0.4499999999988316,0.45,0.0,1.5269638991015155e-14,49.90690778065095
999.0,0.0,49.73432849842157,0.0,49.73432849842238,49.57487656525759,49.57487656525697,49.57487656525816,49.57487656525784,49.73200119293744,49.73200119293906,49.573124672416064,49.573124672414814,49.573124672415965,49.573124672415325,0.45000000003403834,0.44999999996472423,49.736655803905705,49.813815561301254,0.44999999991912876,0.44999999986937134,0.4500000001205192,0.450000000095359,0.44999999999916396,0.45,0.0,1.52696389910254e-14,49.906907780650634
1000.0,0.0,49.7343284984221,0.0,49.734328498421995,49.57487656525387,49.57487656525359,49.574876565259835,49.57487656525967,49.732001192938434,49.7320011929382,49.57312467241205,49.57312467241151,49.57312467241755,49.573124672417244,0.45000000003120977,0.4499999999676534,49.736655803905784,49.813815561301276,0.449999999941862,0.4499999999017644,0.45000000007133845,0.45000000005027185,0.44999999999939994,0.45,0.0,1.5269638991032677e-14,49.90690778065064
