environment | time (second),inlet | u_mmHg (dimensionless),inlet | v_mm3_s (mm3_per_s),PV1 | u_mmHg (dimensionless),PV1 | v_mm3_s (mm3_per_s),PV2 | u_mmHg (dimensionless),PV2 | v_mm3_s (mm3_per_s),PV3 | u_mmHg (dimensionless),PV3 | v_mm3_s (mm3_per_s),PV4 | u_mmHg (dimensionless),PV4 | v_mm3_s (mm3_per_s),PV5 | u_mmHg (dimensionless),PV5 | v_mm3_s (mm3_per_s),PV6 | u_mmHg (dimensionless),PV6 | v_mm3_s (mm3_per_s),V1 | u_mmHg (dimensionless),V1 | v_mm3_s (mm3_per_s),V2 | u_mmHg (dimensionless),V2 | v_mm3_s (mm3_per_s),V3 | u_mmHg (dimensionless),V3 | v_mm3_s (mm3_per_s),V4 | u_mmHg (dimensionless),V4 | v_mm3_s (mm3_per_s),V5 | u_mmHg (dimensionless),V5 | v_mm3_s (mm3_per_s),V6 | u_mmHg (dimensionless),V6 | v_mm3_s (mm3_per_s),VV_junc1 | H_VV_out_alpha (dimensionless),VV_junc1 | H_VV_out_beta (dimensionless),VV_junc1 | u_mmHg (dimensionless),VV_junc1 | v_mm3_s (mm3_per_s),VV_junc2 | H_VV_out_alpha (dimensionless),VV_junc2 | H_VV_out_beta (dimensionless),VV_junc2 | u_mmHg (dimensionless),VV_junc2 | v_mm3_s (mm3_per_s),VV_junc3 | H_VV_out_alpha (dimensionless),VV_junc3 | H_VV_out_beta (dimensionless),VV_junc3 | u_mmHg (dimensionless),VV_junc3 | v_mm3_s (mm3_per_s)
0,0.99758479470755,0.00541497898065747,0.99758479470755,0,0.99758479470755,0,0.99758479470755,0,0.99758479470755,0,0.99758479470755,0,0.99758479470755,0,0.99758479470755,0,0.99758479470755,0,0.99758479470755,-0.00170599097820595,0.99758479470755,-0.00170599097820595,0.99758479470755,-0.00170599097820595,0.99758479470755,-0.00170599097820595,0.449999999602113,0.449999999602113,0.99758479470755,0,0.449999999526481,0.449999999526481,0.99758479470755,0,0.449999999526481,0.449999999526481,0.99758479470755,0
1,49.906914258017,1.02863774420747e-05,49.734346764572,5.14318848528926e-06,49.734346764576,5.14318847063763e-06,49.5748873119424,2.5715942462902e-06,49.5748873119768,2.57159435205611e-06,49.5748873120062,2.57159431362964e-06,49.5748873119925,2.57159427023845e-06,49.7320194018819,5.14318872928162e-06,49.7320194018898,5.1431887147585e-06,49.5731346422025,2.57159431138275e-06,49.5731346422712,2.57159441714827e-06,49.5731346422882,2.57159437868897e-06,49.5731346422608,2.57159433531937e-06,0.449999985784166,0.449999985253193,49.8138285160319,1.02863774429661e-05,0.450047197552333,0.450047189134609,49.6152171761447,5.14318872831154e-06,0.450047196192379,0.450047192738951,49.6152171760776,5.14318871378782e-06
2,49.9069136670244,1.02864428316067e-05,49.7343452890967,5.1432214906626e-06,49.7343452891053,5.14322147862707e-06,49.5748885811724,2.57161069612281e-06,49.574888581091,2.57161078279864e-06,49.5748885811945,2.57161075120846e-06,49.574888581228,2.57161071567784e-06,49.7320181236042,5.14322142189988e-06,49.7320181236214,5.14322140985822e-06,49.5731364557693,2.57161066752858e-06,49.5731364556064,2.57161075421291e-06,49.5731364557321,2.57161072261048e-06,49.573136455799,2.57161068708901e-06,0.450000000298226,0.449999999862063,49.8138273340488,1.02864428316107e-05,0.450042042837418,0.45004203593911,49.615218146356,5.14322142203764e-06,0.450042041717554,0.450042038889763,49.6152181463471,5.14322140999411e-06
3,49.9069129024975,1.02865273238716e-05,49.7343431143589,5.14326387878004e-06,49.7343431143658,5.14326386916264e-06,49.5748882720228,2.5716319285457e-06,49.5748882719474,2.57163199337851e-06,49.5748882720751,2.57163196933919e-06,49.574888272106,2.57163194277545e-06,49.7320159370259,5.14326366642136e-06,49.7320159370399,5.14326365663001e-06,49.5731362509915,2.57163180047639e-06,49.5731362508406,2.57163186533194e-06,49.5731362509895,2.57163184129709e-06,49.5731362510514,2.57163181472309e-06,0.450000009891191,0.450000009542663,49.8138258049962,1.02865273237503e-05,0.450033306450321,0.450033301290518,49.6152180498031,5.1432636670952e-06,0.450033305554397,0.450033303440288,49.6152180498361,5.1432636573054e-06
4,49.9069122031647,1.02866045894203e-05,49.7343411187966,5.14330237271442e-06,49.7343411188018,5.14330236621927e-06,49.5748875602373,2.57165119300723e-06,49.5748875601793,2.57165124059368e-06,49.5748875604541,2.5716512196958e-06,49.5748875604889,2.57165119025802e-06,49.732013924004,5.14330229816528e-06,49.7320139240149,5.14330229039685e-06,49.5731355795621,2.57165112493942e-06,49.5731355794461,2.57165117258022e-06,49.5731355797303,2.57165115899963e-06,49.5731355797925,2.57165114022592e-06,0.450000003948311,0.450000003712933,49.8138244063303,1.02866045895562e-05,0.450026248530476,0.450026244743294,49.6152175873064,5.14330229217012e-06,0.450026249638984,0.450026247296169,49.6152175873609,5.14330226455968e-06
5,49.9069115864895,1.02866727382867e-05,49.7343393587262,5.14333639779208e-06,49.7343393587406,5.14333638948477e-06,49.574886694572,2.57166821290696e-06,49.5748866945283,2.57166824732192e-06,49.5748866947282,2.57166823711624e-06,49.5748866947636,2.57166822482024e-06,49.7320121483598,5.14333637312452e-06,49.7320121483878,5.14333636604192e-06,49.5731347392758,2.57166817035149e-06,49.5731347391882,2.57166820484237e-06,49.5731347393985,2.57166818957148e-06,49.5731347394672,2.571668181105e-06,0.450000001373414,0.450000001072367,49.8138231729796,1.02866727401424e-05,0.450020684435838,0.450020681696942,49.6152169519552,5.14333638482822e-06,0.450020680428691,0.450020679450121,49.6152169520144,5.14333636608353e-06
6,49.9069110478578,1.02867323373411e-05,49.7343378207994,5.14336623336372e-06,49.7343378208132,5.14336621471291e-06,49.5748857686255,2.57168302967364e-06,49.5748857685971,2.57168305079164e-06,49.5748857680252,2.57168296437254e-06,49.5748857680244,2.57168296923389e-06,49.7320105968938,5.14336618251522e-06,49.7320105969222,5.14336615783963e-06,49.5731338314233,2.57168307807796e-06,49.573133831364,2.57168310309384e-06,49.5731338309029,2.57168307764711e-06,49.5731338309058,2.57168307441856e-06,0.450000018509974,0.450000017834095,49.8138220957191,1.02867323466398e-05,0.450016324281815,0.450016322601166,49.6152162315517,5.14336621293842e-06,0.450016278421711,0.450016278034826,49.6152162302886,5.14336614649073e-06
7,49.9069105794956,1.02867841523322e-05,49.7343364838463,5.14339207150215e-06,49.7343364839315,5.14339198525502e-06,49.5748848373697,2.57169579748e-06,49.5748848373515,2.57169581103341e-06,49.5748848347204,2.57169576655806e-06,49.5748848347808,2.57169578192517e-06,49.7320092481809,5.14339212058329e-06,49.732009248349,5.14339203179265e-06,49.5731329135565,2.57169604726014e-06,49.5731329135167,2.57169606555858e-06,49.5731329111564,2.57169601780382e-06,49.5731329112778,2.57169602898161e-06,0.449999990039147,0.449999986913687,49.8138211589903,1.02867841522429e-05,0.450012846034962,0.450012844956339,49.6152154809791,5.14339212348659e-06,0.450012808168943,0.45001280694598,49.6152154776631,5.14339206743807e-06
8,49.9069101735441,1.02868290447056e-05,49.7343353250344,5.14341461076099e-06,49.7343353251381,5.14341452762847e-06,49.5748839345629,2.57170709302868e-06,49.5748839345474,2.57170710288793e-06,49.5748839311054,2.57170707696879e-06,49.5748839311638,2.57170710396377e-06,49.732008079288,5.143414561838e-06,49.7320080794937,5.14341448275079e-06,49.5731320209816,2.57170727028706e-06,49.5731320209484,2.57170728337341e-06,49.5731320175834,2.57170722987785e-06,49.5731320177006,2.57170725697028e-06,0.450000008542039,0.450000005529461,49.8138203470907,1.02868290457418e-05,0.450010109447415,0.450010108662789,49.6152147361455,5.14341453485395e-06,0.450010128276895,0.450010126128563,49.6152147322653,5.14341448394134e-06
9,49.9069098224288,1.02868677892539e-05,49.7343343235324,5.14343395486219e-06,49.7343343235539,5.1434338986092e-06,49.5748830825969,2.57171686900279e-06,49.5748830825838,2.57171687779019e-06,49.5748830796532,2.57171679310849e-06,49.5748830796116,2.57171682164573e-06,49.7320070690811,5.14343392488108e-06,49.7320070691267,5.14343386385685e-06,49.5731311764081,2.57171695813769e-06,49.5731311763817,2.57171696723047e-06,49.5731311734061,2.57171692019389e-06,49.573131173326,2.57171694430635e-06,0.449999992971943,0.44999999093344,49.8138196448572,1.02868677886108e-05,0.450007975967357,0.450007975268036,49.6152140223585,5.1434339303114e-06,0.450007986280972,0.450007984009916,49.6152140189188,5.14343386333985e-06
10,49.9069095200586,1.02869011552265e-05,49.7343334610264,5.14345058148169e-06,49.7343334610148,5.14345052875446e-06,49.5748822941116,2.57172519439261e-06,49.5748822941036,2.5717252015418e-06,49.5748822919818,2.57172512629981e-06,49.5748822919061,2.57172513841546e-06,49.7320061990192,5.14345060667205e-06,49.7320061989984,5.14345054838252e-06,49.5731303931583,2.57172530188039e-06,49.5731303931426,2.57172530852195e-06,49.5731303909745,2.57172526968818e-06,49.5731303908257,2.57172527808228e-06,0.449999976378504,0.449999974467774,49.8138190401139,1.02869011551293e-05,0.450006288179182,0.450006287610236,49.6152133537866,5.1434506194455e-06,0.450006291790916,0.45000629082673,49.6152133511449,5.14345054995829e-06
11,49.9069092601986,1.02869298211625e-05,49.7343327197611,5.14346497875749e-06,49.7343327198162,5.14346492015259e-06,49.5748815754131,2.57173233237182e-06,49.5748815754097,2.57173233738592e-06,49.5748815740819,2.57173230758961e-06,49.5748815740813,2.57173230851497e-06,49.7320054512839,5.14346493791804e-06,49.7320054513923,5.14346488227104e-06,49.5731296781944,2.57173246671523e-06,49.5731296781872,2.57173247214007e-06,49.5731296768193,2.57173244194898e-06,49.5731296768171,2.57173244335962e-06,0.449999999712453,0.449999997588734,49.8138185203978,1.02869298194328e-05,0.450004953935009,0.450004953535978,49.6152127387283,5.14346493876474e-06,0.450004962358863,0.450004962285221,49.6152127370165,5.14346488126012e-06
12,49.9069090377391,1.02869543998719e-05,49.7343320848208,5.14347725524642e-06,49.7343320849274,5.14347721363685e-06,49.5748809276569,2.57173846685681e-06,49.5748809276541,2.57173847048003e-06,49.5748809270371,2.57173844125649e-06,49.5748809271045,2.57173844898123e-06,49.7320048106777,5.14347721732487e-06,49.7320048108873,5.14347718224732e-06,49.5731290330654,2.57173860615506e-06,49.5731290330591,2.57173861072876e-06,49.5731290323707,2.57173858412544e-06,49.573129032502,2.57173859709197e-06,0.44999999098946,0.44999998948162,49.8138180754768,1.02869544002606e-05,0.450003902980303,0.450003902691963,49.6152121804436,5.14347721797549e-06,0.450003905619783,0.450003905005038,49.6152121796214,5.14347718209865e-06
13,49.906908847326,1.02869754143564e-05,49.7343315417244,5.14348761962202e-06,49.7343315417834,5.14348760494906e-06,49.5748803488889,2.57174379487119e-06,49.5748803488847,2.57174379779102e-06,49.5748803487173,2.57174373586245e-06,49.5748803487524,2.57174375560458e-06,49.7320042627934,5.14348771500068e-06,49.7320042629108,5.14348770035039e-06,49.5731284560955,2.57174385568504e-06,49.5731284560866,2.5717438591936e-06,49.5731284558563,2.5717438330337e-06,49.5731284559236,2.57174385789277e-06,0.449999948486661,0.449999947954946,49.8138176946435,1.02869754154208e-05,0.450003090219981,0.450003089987619,49.6152116787914,5.14348772518042e-06,0.450003078241003,0.450003076669903,49.6152116784414,5.14348770100241e-06
14,49.9069086848456,1.02869933658478e-05,49.7343310780045,5.14349668572664e-06,49.7343310779845,5.14349667654897e-06,49.5748798361644,2.57174830914829e-06,49.5748798361607,2.57174831159451e-06,49.5748798360526,2.57174826047129e-06,49.574879836006,2.57174827981182e-06,49.7320037950816,5.14349669120791e-06,49.7320037950441,5.14349667616182e-06,49.5731279444986,2.57174834499724e-06,49.5731279444911,2.57174834746657e-06,49.5731279443883,2.57174832493397e-06,49.5731279442965,2.57174834338995e-06,0.449999975710848,0.44999997537827,49.8138173696868,1.02869933699185e-05,0.450002438221492,0.45000243802682,49.6152112322882,5.14349670016418e-06,0.450002429912551,0.450002428373414,49.6152112319602,5.1434966779143e-06
15,49.9069085463665,1.02870086718316e-05,49.7343306828304,5.14350437760053e-06,49.7343306828044,5.14350435184747e-06,49.5748793847639,2.57175214730749e-06,49.5748793847625,2.57175214895768e-06,49.5748793846223,2.57175215393586e-06,49.5748793845554,2.57175215970251e-06,49.732003396489,5.14350434943983e-06,49.7320033964384,5.14350432097269e-06,49.5731274938474,2.5717521739277e-06,49.5731274938445,2.57175217577603e-06,49.5731274937486,2.57175216250085e-06,49.5731274936178,2.57175216327498e-06,0.449999997946596,0.449999997013366,49.8138170927336,1.02870086680587e-05,0.45000191833532,0.450001918203997,49.6152108375175,5.14350434784592e-06,0.45000192436189,0.450001923902975,49.6152108372243,5.14350432977153e-06
16,49.9069084285226,1.02870216997001e-05,49.7343303463883,5.14351091404792e-06,49.73433034643,5.14351088701514e-06,49.5748789891327,2.57175540403888e-06,49.5748789891331,2.57175540461039e-06,49.5748789890498,2.57175537639082e-06,49.5748789890529,2.57175536720116e-06,49.732003057074,5.14351086179949e-06,49.7320030571551,5.14351083842342e-06,49.5731270986451,2.57175542926987e-06,49.5731270986452,2.57175543094269e-06,49.5731270985364,2.57175542146753e-06,49.5731270985411,2.57175541471312e-06,0.45000000446606,0.450000003486458,49.8138168570457,1.02870217016234e-05,0.4500015150243,0.450001514978818,49.6152104903369,5.14351086413535e-06,0.450001513100805,0.450001512369486,49.6152104900946,5.14351084340978e-06
17,49.9069083282804,1.02870327753266e-05,49.7343300603909,5.14351643017887e-06,49.7343300604628,5.14351641383231e-06,49.5748786440429,2.57175820786305e-06,49.574878644042,2.57175820964068e-06,49.5748786442544,2.57175823508898e-06,49.5748786443153,2.57175823591061e-06,49.7320027685629,5.14351639139108e-06,49.7320027687042,5.14351638144807e-06,49.5731267537615,2.57175819529354e-06,49.5731267537599,2.57175819681304e-06,49.573126753957,2.57175819228219e-06,49.5731267540756,2.57175819593757e-06,0.450000001121864,0.450000000529504,49.8138166565624,1.02870327683795e-05,0.450001192835699,0.450001192694235,49.6152101865276,5.14351638875542e-06,0.450001203019335,0.450001202953949,49.6152101867604,5.14351638320841e-06
18,49.9069082432819,1.0287042172949e-05,49.7343298176564,5.14352112762995e-06,49.7343298176622,5.14352113348355e-06,49.5748783443681,2.57176052868758e-06,49.5748783443657,2.57176052917185e-06,49.5748783446273,2.57176046679886e-06,49.5748783446528,2.57176047917871e-06,49.7320025237149,5.14352108665906e-06,49.7320025237271,5.14352108965206e-06,49.5731264540965,2.57176054214551e-06,49.5731264540914,2.57176054315839e-06,49.5731264543043,2.57176053245642e-06,49.5731264543549,2.57176054782984e-06,0.450000002660376,0.450000002448256,49.8138164865636,1.02870421849111e-05,0.450000946477657,0.450000946439118,49.6152099220704,5.14352108995354e-06,0.450000932026631,0.450000931041437,49.6152099223034,5.14352109048286e-06
19,49.906908171003,1.02870501423115e-05,49.734329611698,5.14352508627932e-06,49.7343296116366,5.14352508408502e-06,49.574878085162,2.57176256666783e-06,49.5748780851597,2.57176256776526e-06,49.574878085317,2.57176263407475e-06,49.574878085261,2.57176265317956e-06,49.7320023160098,5.14352507390094e-06,49.7320023158909,5.14352506688613e-06,49.5731261948464,2.57176253740176e-06,49.5731261948421,2.57176253776745e-06,49.5731261950947,2.57176253227401e-06,49.5731261949874,2.57176254205694e-06,0.449999991725484,0.449999991645968,49.8138163420068,1.02870501404313e-05,0.450000739774905,0.450000739687571,49.6152096928112,5.14352506918567e-06,0.450000758499309,0.450000756978941,49.6152096928823,5.14352505545139e-06
20,49.906908109928,1.02870568976229e-05,49.7343294372693,5.14352849601371e-06,49.7343294372387,5.14352849122431e-06,49.5748778615063,2.57176419213672e-06,49.5748778615072,2.5717641909534e-06,49.5748778613766,2.57176408528151e-06,49.5748778613199,2.57176407515914e-06,49.7320021400128,5.14352845326913e-06,49.7320021399511,5.1435284450633e-06,49.5731259710292,2.57176422584816e-06,49.5731259710304,2.57176422607141e-06,49.5731259708476,2.57176421465976e-06,49.5731259707344,2.57176420875512e-06,0.450000011491419,0.450000011317864,49.8138162198562,1.02870568983299e-05,0.450000589329545,0.450000589235377,49.6152094946622,5.14352845915801e-06,0.450000568678026,0.450000567872484,49.6152094942122,5.14352842900462e-06
21,49.9069080581359,1.02870626036388e-05,49.7343292897211,5.14353130633153e-06,49.7343292897804,5.14353127938962e-06,49.5748776689134,2.57176571134535e-06,49.5748776689151,2.57176571275945e-06,49.574877669256,2.57176587055436e-06,49.5748776692759,2.57176586315581e-06,49.7320019911432,5.14353130812107e-06,49.7320019912606,5.14353129015764e-06,49.5731257783269,2.5717656543251e-06,49.5731257783303,2.57176565487516e-06,49.5731257787611,2.57176566706373e-06,49.5731257787977,2.57176565697207e-06,0.4499999816825,0.449999980706194,49.8138161162718,1.02870625884971e-05,0.450000454220328,0.450000454107793,49.6152093236015,5.14353129951451e-06,0.450000489733938,0.450000489145159,49.615209323832,5.14353126656169e-06
22,49.9069080143618,1.02870674344499e-05,49.7343291646844,5.14353373999787e-06,49.734329164743,5.14353376058899e-06,49.5748775034663,2.57176680287681e-06,49.5748775034669,2.5717668017729e-06,49.5748775035462,2.57176652830761e-06,49.5748775036248,2.57176651254335e-06,49.7320018650146,5.14353370867908e-06,49.7320018651272,5.1435337293209e-06,49.5731256126232,2.57176685330737e-06,49.573125612624,2.57176685412959e-06,49.5731256124838,2.57176683927355e-06,49.5731256126338,2.57176684368591e-06,0.450000023677306,0.450000022931137,49.8138160287243,1.02870674369542e-05,0.450000373232864,0.450000373145015,49.6152091764342,5.14353372132973e-06,0.450000324109165,0.450000322854642,49.6152091762029,5.14353370100707e-06
23,49.906907978683,1.02870715339694e-05,49.7343290607494,5.14353583057235e-06,49.7343290607528,5.14353590921685e-06,49.5748773622576,2.5717674506178e-06,49.5748773622559,2.57176744086312e-06,49.5748773610605,2.57176636917124e-06,49.5748773611008,2.57176632018384e-06,49.7320017597949,5.14353575493761e-06,49.7320017597935,5.14353581059901e-06,49.5731254709455,2.57176787211479e-06,49.5731254709383,2.57176787228797e-06,49.5731254690607,2.57176779859142e-06,49.5731254691253,2.57176781442297e-06,0.450000010145322,0.45000000729545,49.8138159573481,1.02870716174048e-05,0.450000320101531,0.450000319325251,49.6152090510903,5.14353584039327e-06,0.450000064697099,0.45000006079867,49.6152090486282,5.1435357858536e-06
24,49.9069079481271,1.02870749806752e-05,49.734328973356,5.14353742651431e-06,49.734328973379,5.14353746403662e-06,49.5748772417182,2.57176844525298e-06,49.574877241712,2.57176843799671e-06,49.5748772395221,2.57176760362097e-06,49.5748772394604,2.57176756938732e-06,49.7320016717378,5.14353748995109e-06,49.7320016717749,5.1435375132233e-06,49.5731253502917,2.57176874446243e-06,49.573125350278,2.57176874286889e-06,49.5731253477148,2.57176867742304e-06,49.5731253475879,2.57176868095584e-06,0.450000006819653,0.450000005459943,49.8138158962437,1.02870750431966e-05,0.450000248080994,0.450000247503539,49.6152089436596,5.14353755091815e-06,0.450000071086425,0.450000068362105,49.6152089400352,5.14353746602319e-06
25,49.9069079221987,1.02870778765505e-05,49.7343288991873,5.14353892415523e-06,49.7343288992454,5.14353893777079e-06,49.5748771388069,2.57176916618299e-06,49.5748771388033,2.57176915674214e-06,49.5748771354085,2.57176833818017e-06,49.5748771353358,2.57176828393893e-06,49.7320015969968,5.14353894956333e-06,49.7320015971043,5.14353895006222e-06,49.5731252471865,2.5717694744038e-06,49.5731252471774,2.57176947115198e-06,49.5731252433911,2.57176940710378e-06,49.5731252432423,2.57176938946835e-06,0.449999996258191,0.449999995764799,49.8138158443843,1.0287077938965e-05,0.450000203420697,0.450000202669394,49.6152088519056,5.14353901428149e-06,0.450000037614488,0.450000033297962,49.6152088470428,5.14353892042345e-06
26,49.9069079001078,1.02870803157722e-05,49.734328836861,5.14354021442638e-06,49.7343288369436,5.14354010940849e-06,49.5748770513549,2.57177023147366e-06,49.574877051354,2.57177022974884e-06,49.5748770479718,2.57177034198508e-06,49.5748770479642,2.57177032898997e-06,49.7320015343095,5.14354020550579e-06,49.7320015344778,5.14354010127611e-06,49.573125159825,2.57177010459295e-06,49.5731251598242,2.57177010064839e-06,49.5731251567311,2.57177009573393e-06,49.573125156719,2.57177006963077e-06,0.450000001837397,0.449999998031825,49.8138158002233,1.02870802923708e-05,0.450000138903925,0.450000138766663,49.6152087737024,5.14354018182348e-06,0.45000017233688,0.450000171302728,49.6152087696888,5.14354010844909e-06
27,49.906907880898,1.02870823538191e-05,49.7343287825468,5.14354116179815e-06,49.7343287826033,5.14354108896731e-06,49.5748769765076,2.57177057467468e-06,49.5748769765103,2.57177057140389e-06,49.5748769727237,2.57177046948298e-06,49.5748769728067,2.57177043731025e-06,49.7320014795233,5.14354121572712e-06,49.7320014796352,5.14354114066502e-06,49.5731250847328,2.57177060929402e-06,49.5731250847386,2.57177060575222e-06,49.5731250808977,2.57177057685877e-06,49.5731250810538,2.57177056266534e-06,0.449999987140815,0.449999984501617,49.8138157617938,1.02870823614567e-05,0.450000113105436,0.450000112845147,49.6152087067313,5.14354122807617e-06,0.450000123243469,0.45000012068316,49.6152087022788,5.14354114543858e-06
28,49.906907864857,1.02870841026894e-05,49.7343287368998,5.14354221912772e-06,49.7343287369161,5.14354215836443e-06,49.574876912997,2.57177108038627e-06,49.5748769130002,2.57177107775871e-06,49.5748769101807,2.57177113682305e-06,49.5748769102394,2.57177114288364e-06,49.7320014335403,5.14354208142872e-06,49.7320014335752,5.14354202056619e-06,49.5731250211321,2.57177104267021e-06,49.5731250211385,2.57177103991519e-06,49.5731250182178,2.57177100795796e-06,49.5731250183368,2.57177100824137e-06,0.450000006017516,0.450000003815615,49.8138157297159,1.02870841007061e-05,0.450000091994715,0.450000091785614,49.6152086498167,5.14354208194163e-06,0.450000122230582,0.45000012174828,49.6152086468836,5.14354203892162e-06
29,49.9069078509837,1.02870855412559e-05,49.7343286981584,5.14354273298047e-06,49.7343286981778,5.14354267134347e-06,49.5748768589464,2.57177138644741e-06,49.5748768589477,2.57177138465982e-06,49.5748768571031,2.57177127655946e-06,49.5748768570594,2.57177128160174e-06,49.7320013944171,5.14354280304017e-06,49.7320013944563,5.1435427379674e-06,49.573124966934,2.57177140221289e-06,49.5731249669369,2.57177140004686e-06,49.5731249650106,2.57177136750886e-06,49.5731249649309,2.57177136513852e-06,0.449999984485434,0.449999982251872,49.8138157019655,1.02870855416113e-05,0.450000065916581,0.450000065774324,49.6152086012177,5.14354279920008e-06,0.450000056247447,0.450000055846183,49.6152085989323,5.14354274399466e-06
30,49.9069078397846,1.02870867784378e-05,49.7343286661114,5.14354345208904e-06,49.7343286661717,5.14354339428062e-06,49.5748768131339,2.57177172408063e-06,49.5748768131344,2.5717717216905e-06,49.5748768122847,2.57177173815856e-06,49.5748768122214,2.57177171918832e-06,49.7320013620703,5.14354341622613e-06,49.7320013621892,5.14354336201662e-06,49.5731249210357,2.57177170865008e-06,49.5731249210362,2.57177170673577e-06,49.573124920212,2.57177169361695e-06,49.5731249200812,2.57177167935236e-06,0.45000001044819,0.450000008353366,49.8138156795714,1.02870867732263e-05,0.450000055151804,0.450000054961598,49.6152085601481,5.1435434140185e-06,0.450000076609192,0.450000075099539,49.6152085589557,5.14354336455926e-06
31,49.9069078297242,1.02870877914986e-05,49.7343286383049,5.1435438522817e-06,49.7343286383752,5.14354381356948e-06,49.5748767740151,2.57177194723227e-06,49.5748767740163,2.57177194620131e-06,49.5748767735592,2.57177192236047e-06,49.5748767735749,2.57177190905871e-06,49.7320013340385,5.14354391164903e-06,49.7320013341772,5.14354387702352e-06,49.5731248818167,2.57177195653907e-06,49.5731248818195,2.57177195499061e-06,49.5731248813213,2.57177194270496e-06,49.5731248813529,2.57177192801927e-06,0.449999980771965,0.449999979369137,49.8138156594454,1.02870877819414e-05,0.450000037230799,0.450000037148755,49.6152085247964,5.1435439077095e-06,0.450000036479952,0.450000035421397,49.615208524034,5.14354386493324e-06
32,49.9069078223475,1.02870886858884e-05,49.7343286164111,5.1435444715181e-06,49.7343286164321,5.14354444575665e-06,49.5748767413133,2.57177220431877e-06,49.5748767413165,2.57177220240743e-06,49.574876741235,2.57177222739743e-06,49.5748767413203,2.57177221778667e-06,49.7320013119333,5.14354435703871e-06,49.7320013119766,5.14354432896402e-06,49.5731248490323,2.57177217783666e-06,49.573124849038,2.57177217689302e-06,49.5731248489153,2.57177216543251e-06,49.5731248490803,2.57177216509337e-06,0.450000025188932,0.450000024255405,49.8138156446996,1.02870886818482e-05,0.450000039192073,0.450000039039968,49.6152084955184,5.1435443458995e-06,0.450000047772565,0.45000004700774,49.6152084953522,5.14354432289565e-06
33,49.9069078146462,1.02870893722815e-05,49.7343285961506,5.14354451991299e-06,49.7343285961245,5.14354449302164e-06,49.5748767132562,2.57177230623309e-06,49.5748767132577,2.5717723071603e-06,49.5748767131809,2.57177226771403e-06,49.5748767132162,2.57177228286584e-06,49.7320012915689,5.14354469978901e-06,49.7320012915192,5.14354466770646e-06,49.5731248208753,2.57177234917387e-06,49.5731248208791,2.57177234878689e-06,49.573124820766,2.57177232795999e-06,49.5731248208394,2.5717723382011e-06,0.449999960261024,0.449999959286553,49.8138156292856,1.02870893541149e-05,0.450000016547843,0.450000016474056,49.6152084699913,5.1435446831174e-06,0.450000013965154,0.450000012759372,49.615208469788,5.14354466550321e-06
34,49.9069078002354,1.02870896284002e-05,49.7343285667645,5.14354370605974e-06,49.7343285667543,5.14354367705308e-06,49.5748766865657,2.57177217136846e-06,49.5748766865639,2.57177217912964e-06,49.5748766864111,2.57177214194378e-06,49.5748766863686,2.5717721612919e-06,49.7320012625901,5.14354482351544e-06,49.7320012625691,5.1435447957471e-06,49.573124794198,2.57177241303725e-06,49.573124794199,2.57177241328568e-06,49.573124794068,2.57177239063962e-06,49.5731247939917,2.57177239775535e-06,0.449999780781099,0.449999779729975,49.8138156004299,1.0287089605702e-05,0.449999959779546,0.449999959161911,49.61520844403,5.14354482048111e-06,0.449999964538574,0.449999962998849,49.6152084435707,5.14354478376117e-06
35,49.9069077923338,1.02870900386202e-05,49.7343285463345,5.14354517865094e-06,49.7343285463805,5.14354514809142e-06,49.5748766647257,2.57177252864391e-06,49.5748766647288,2.57177253085463e-06,49.574876664669,2.57177249233864e-06,49.5748766646549,2.57177249613565e-06,49.7320012419119,5.14354502914572e-06,49.7320012420012,5.14354500416068e-06,49.5731247725271,2.57177251607843e-06,49.5731247725335,2.57177251740143e-06,49.5731247724677,2.57177249913143e-06,49.573124772438,2.57177250367662e-06,0.450000058770169,0.450000057662773,49.8138155846683,1.02870900294365e-05,0.449999991539021,0.449999991363092,49.6152084240128,5.14354503810046e-06,0.449999993361627,0.449999993059462,49.6152084236995,5.14354500691752e-06
36,49.9069077879401,1.02870904155578e-05,49.7343285342012,5.1435450516733e-06,49.7343285342601,5.14354503254207e-06,49.5748766464598,2.57177256155795e-06,49.574876646463,2.57177256591224e-06,49.5748766464941,2.57177253651862e-06,49.5748766465406,2.57177254626106e-06,49.7320012290376,5.14354521223115e-06,49.7320012291529,5.14354519816351e-06,49.573124754171,2.57177260614947e-06,49.5731247541784,2.57177260857138e-06,49.5731247541803,2.57177259094367e-06,49.5731247542712,2.5717726027209e-06,0.44999999540734,0.449999994714075,49.8138155758688,1.0287090419939e-05,0.449999974250051,0.449999973903536,49.6152084071039,5.14354521789846e-06,0.449999975227131,0.449999974451827,49.615208406971,5.14354519374865e-06
37,49.9069077877139,1.02870908409431e-05,49.7343285300186,5.14354531890452e-06,49.7343285300191,5.14354531233119e-06,49.5748766322939,2.57177274383358e-06,49.5748766322928,2.5717727447045e-06,49.5748766324688,2.57177273108301e-06,49.5748766325108,2.57177274758716e-06,49.7320012246514,5.14354543205505e-06,49.7320012246547,5.14354542060639e-06,49.5731247399151,2.57177271331412e-06,49.5731247399123,2.57177271569644e-06,49.5731247400692,2.57177269913488e-06,49.5731247401509,2.57177271968004e-06,0.450000066643529,0.450000066405329,49.8138155754305,1.02870908698187e-05,0.45000000577171,0.450000005702402,49.6152083947771,5.14354543619993e-06,0.450000007527903,0.450000006214502,49.615208394785,5.14354541060766e-06
38,49.9069077868354,1.02870911622035e-05,49.7343285262041,5.14354537513131e-06,49.7343285261553,5.1435453648618e-06,49.5748766206485,2.57177274586476e-06,49.5748766206412,2.57177274999245e-06,49.5748766206856,2.57177270715597e-06,49.5748766206499,2.57177273096991e-06,49.7320012209396,5.14354559031622e-06,49.7320012208448,5.14354557474197e-06,49.5731247281246,2.57177279595518e-06,49.5731247281118,2.5717727971712e-06,49.5731247281707,2.57177277748945e-06,49.5731247281042,2.57177279418095e-06,0.44999999332659,0.44999999295445,49.8138155736627,1.02870911767222e-05,0.449999991951571,0.449999991623088,49.6152083843228,5.14354559144795e-06,0.449999993600877,0.449999991705763,49.6152083841231,5.14354556376566e-06
39,49.9069077767348,1.02870910629503e-05,49.7343285085749,5.14354423935702e-06,49.7343285085568,5.14354421663674e-06,49.574876607792,2.57177247306516e-06,49.5748766077848,2.57177248171146e-06,49.5748766075721,2.57177242982621e-06,49.5748766075001,2.57177244986391e-06,49.732001203944,5.14354553900855e-06,49.7320012039067,5.14354551794665e-06,49.5731247152546,2.57177277095384e-06,49.5731247152456,2.57177277138356e-06,49.5731247150744,2.57177275141052e-06,49.5731247149408,2.57177275525232e-06,0.449999768400988,0.449999767577665,49.8138155534208,1.02870910614783e-05,0.449999942028534,0.449999941340461,49.6152083707553,5.14354554181682e-06,0.449999940383816,0.449999938789215,49.6152083701587,5.14354550019652e-06
40,49.9069077731088,1.02870912203616e-05,49.7343284985761,5.14354582351874e-06,49.7343284986315,5.1435457925675e-06,49.5748765982769,2.57177282757532e-06,49.5748765982815,2.57177282994126e-06,49.574876598017,2.57177279707372e-06,49.5748765980243,2.57177279631749e-06,49.7320011937664,5.1435456193885e-06,49.7320011938737,5.14354559511544e-06,49.5731247059255,2.57177281138928e-06,49.5731247059351,2.57177281275531e-06,49.5731247056728,2.57177279611283e-06,49.5731247056847,2.57177279787221e-06,0.450000096325502,0.450000095203912,49.8138155462195,1.02870912129056e-05,0.449999991455675,0.449999991267393,49.6152083621281,5.14354562554217e-06,0.449999991065638,0.449999991005457,49.6152083616001,5.14354559360163e-06
41,49.9069077723368,1.02870913791177e-05,49.734328495369,5.14354551453769e-06,49.7343284954358,5.14354549663134e-06,49.5748765906,2.57177278160411e-06,49.5748765906065,2.57177278704543e-06,49.5748765904276,2.57177275889955e-06,49.5748765904964,2.57177277050197e-06,49.7320011897986,5.14354569244186e-06,49.7320011899294,5.14354568051089e-06,49.5731246981422,2.57177284568427e-06,49.5731246981565,2.57177284875421e-06,49.5731246979383,2.57177283084666e-06,49.5731246980742,2.5717728439581e-06,0.45000000841067,0.450000007761791,49.8138155446602,1.02870913867564e-05,0.449999972998632,0.449999972565612,49.6152083549379,5.14354569138868e-06,0.449999976479481,0.44999997555616,49.6152083546226,5.14354566923612e-06
42,49.9069077754569,1.02870916452106e-05,49.734328499244,5.14354571327493e-06,49.7343284992383,5.14354570250045e-06,49.5748765857362,2.57177294891712e-06,49.5748765857344,2.57177294988849e-06,49.5748765857475,2.57177294242148e-06,49.5748765857721,2.57177296105503e-06,49.7320011935413,5.14354583629864e-06,49.7320011935333,5.14354581883192e-06,49.5731246931991,2.57177291319986e-06,49.5731246931945,2.57177291624551e-06,49.57312469319,2.57177289980529e-06,49.5731246932388,2.571772920147e-06,0.450000091028013,0.450000090637574,49.8138155509175,1.02870916590773e-05,0.45000001708248,0.450000017005179,49.6152083512734,5.14354582031865e-06,0.450000018135077,0.450000016652219,49.6152083512972,5.14354581874886e-06
43,49.9069077873003,1.02870922375189e-05,49.7343285169555,5.14354724423967e-06,49.7343285169169,5.14354722356835e-06,49.5748765857599,2.57177331795943e-06,49.5748765857534,2.57177331317791e-06,49.5748765857618,2.57177331258473e-06,49.5748765857258,2.57177332145583e-06,49.7320012108107,5.14354613591467e-06,49.732001210737,5.1435461084278e-06,49.5731246930201,2.57177306565919e-06,49.5731246930032,2.57177306686708e-06,49.573124693037,2.57177305207237e-06,49.5731246929608,2.57177306795444e-06,0.450000277445084,0.45000027669601,49.8138155746421,1.02870922425673e-05,0.450000076592639,0.450000076212126,49.615208354042,5.14354611849558e-06,0.450000075079198,0.450000074373237,49.6152083540916,5.14354612648094e-06
44,49.9069077930762,1.02870925413298e-05,49.7343285274616,5.14354619605179e-06,49.7343285274934,5.14354617510212e-06,49.5748765854645,2.57177313399092e-06,49.5748765854619,2.57177313147874e-06,49.5748765855239,2.57177314593941e-06,49.574876585504,2.57177315204994e-06,49.7320012214381,5.1435462811607e-06,49.7320012214993,5.1435462649867e-06,49.5731246924032,2.57177313791704e-06,49.5731246923967,2.57177313775184e-06,49.5731246924761,2.57177312767728e-06,49.573124692433,2.57177313871013e-06,0.449999979330153,0.449999978570993,49.8138155861516,1.02870925538073e-05,0.450000047695379,0.45000004749546,49.6152083548308,5.14354626885961e-06,0.450000051581704,0.450000051095429,49.6152083549406,5.14354627394641e-06
45,49.9069077901045,1.02870925658457e-05,49.7343285228023,5.14354573956411e-06,49.7343285228675,5.14354573765734e-06,49.5748765835835,2.5717730615003e-06,49.5748765835862,2.5717730611904e-06,49.5748765838386,2.571773061666e-06,49.5748765838518,2.57177307120275e-06,49.7320012177277,5.14354628338057e-06,49.7320012178557,5.14354628622557e-06,49.5731246905171,2.5717731402682e-06,49.5731246905226,2.57177314006041e-06,49.5731246907598,2.57177313580802e-06,49.5731246907851,2.57177314696942e-06,0.449999894947117,0.44999989487802,49.8138155801954,1.02870925636016e-05,0.450000037744263,0.450000037719601,49.6152083529506,5.14354628275942e-06,0.450000038481427,0.450000037722492,49.6152083532385,5.1435462847212e-06
46,49.9069077874227,1.02870926402014e-05,49.7343285162198,5.14354665299567e-06,49.7343285161971,5.14354666137547e-06,49.5748765820869,2.57177318244174e-06,49.5748765820873,2.57177318266678e-06,49.5748765823434,2.5717731779534e-06,49.574876582339,2.57177318851967e-06,49.7320012112717,5.14354631666391e-06,49.7320012112292,5.14354631923695e-06,49.573124689142,2.57177315929803e-06,49.5731246891431,2.57177315912665e-06,49.5731246894002,2.57177315589329e-06,49.5731246893923,2.57177316550026e-06,0.45000002370067,0.450000023397009,49.8138155748505,1.0287092644011e-05,0.450000035061804,0.450000035043896,49.6152083517394,5.14354631819151e-06,0.450000034009045,0.450000033168181,49.6152083520274,5.14354632279992e-06
47,49.9069077841242,1.02870926521702e-05,49.7343285097464,5.14354623483332e-06,49.7343285096451,5.1435462336907e-06,49.5748765799727,2.57177312410808e-06,49.5748765799674,2.57177312494421e-06,49.5748765799406,2.5717731148545e-06,49.5748765799,2.57177312180432e-06,49.7320012044926,5.14354632828546e-06,49.7320012042953,5.14354631646912e-06,49.5731246870857,2.57177316505764e-06,49.5731246870762,2.57177316412873e-06,49.5731246870838,2.57177315676204e-06,49.5731246870059,2.57177315873193e-06,0.449999954842461,0.449999954801055,49.8138155682402,1.02870926406922e-05,0.450000005451822,0.450000005385283,49.6152083495758,5.14354633133553e-06,0.450000004916008,0.450000004362941,49.6152083493847,5.14354631394235e-06
48,49.90690777706,1.02870924746277e-05,49.7343284978202,5.14354541140918e-06,49.7343284977715,5.14354538879836e-06,49.5748765759399,2.57177297364509e-06,49.5748765759347,2.57177297607056e-06,49.5748765755908,2.57177294712813e-06,49.5748765755532,2.57177294868065e-06,49.7320011927841,5.14354624776791e-06,49.7320011926872,5.14354622365584e-06,49.5731246831599,2.57177312520694e-06,49.5731246831522,2.57177312362231e-06,49.573124682836,2.57177311164154e-06,49.5731246827656,2.57177310530573e-06,0.449999859398558,0.449999858579203,49.8138155540928,1.02870924640538e-05,0.449999971330549,0.44999997113753,49.6152083446733,5.1435462506397e-06,0.449999971563107,0.449999971439557,49.6152083439945,5.14354621182338e-06
49,49.9069077742311,1.02870924554507e-05,49.734328491201,5.14354631353222e-06,49.7343284912771,5.14354627905074e-06,49.5748765726417,2.57177311388083e-06,49.5748765726457,2.57177311370951e-06,49.5748765723121,2.57177309241067e-06,49.5748765723261,2.57177308566668e-06,49.7320011860687,5.14354623990303e-06,49.7320011862157,5.14354621551163e-06,49.573124680012,2.57177312120514e-06,49.5731246800202,2.57177312037835e-06,49.5731246796787,2.57177311013086e-06,49.5731246797059,2.57177310413878e-06,0.450000035126173,0.450000033876656,49.8138155484611,1.02870924671824e-05,0.449999987620345,0.449999987606711,49.6152083413333,5.14354623800227e-06,0.449999988401993,0.449999987865307,49.6152083408084,5.1435462134441e-06
50,49.9069077738217,1.02870924862207e-05,49.7343284898614,5.14354616263665e-06,49.7343284899634,5.143546147795e-06,49.5748765699373,2.57177310242889e-06,49.5748765699446,2.57177310407786e-06,49.5748765698527,2.57177308939703e-06,49.5748765698933,2.57177309003726e-06,49.7320011842841,5.14354624615036e-06,49.7320011844842,5.14354623935855e-06,49.5731246772903,2.57177312300335e-06,49.5731246773052,2.57177312382535e-06,49.5731246771832,2.57177311778335e-06,49.5731246772636,2.57177311915149e-06,0.45000000729332,0.450000006755498,49.8138155476367,1.028709249861e-05,0.44999998247562,0.449999982344395,49.6152083386936,5.1435462468653e-06,0.449999983676495,0.449999983625546,49.6152083385406,5.14354623611325e-06
51,49.9069077755701,1.02870925797612e-05,49.7343284926596,5.14354618186064e-06,49.7343284926428,5.14354618386801e-06,49.5748765684691,2.57177315560141e-06,49.5748765684697,2.5717731566444e-06,49.5748765684904,2.57177314583993e-06,49.5748765684979,2.57177315155836e-06,49.7320011870145,5.14354629425606e-06,49.7320011869851,5.14354628831037e-06,49.5731246757796,2.57177314561537e-06,49.5731246757806,2.57177314698723e-06,49.5731246757913,2.57177314185372e-06,49.5731246758074,2.57177314679932e-06,0.45000004153321,0.450000041460468,49.8138155511408,1.02870925777097e-05,0.449999999608666,0.449999999525664,49.6152083376791,5.14354629556874e-06,0.449999999137963,0.449999998682891,49.6152083376802,5.14354629286481e-06
52,49.9069077771148,1.0287092648628e-05,49.7343284953532,5.14354623297003e-06,49.7343284952424,5.14354622506376e-06,49.5748765676515,2.57177313721111e-06,49.5748765676435,2.57177313901243e-06,49.5748765674365,2.57177312952106e-06,49.5748765673985,2.57177313339483e-06,49.732001189828,5.14354633463322e-06,49.7320011896124,5.143546314336e-06,49.5731246748877,2.57177316779088e-06,49.5731246748726,2.57177316798984e-06,49.5731246746959,2.5717731575749e-06,49.5731246746229,2.57177315714787e-06,0.450000011357514,0.450000011071012,49.8138155542264,1.02870926480246e-05,0.449999997408547,0.449999997265199,49.615208337161,5.14354633329913e-06,0.449999998445575,0.4499999981373,49.6152083367809,5.14354631366496e-06
53,49.9069077795111,1.02870927633985e-05,49.7343284990456,5.14354655410124e-06,49.734328499017,5.14354652222174e-06,49.5748765676142,2.57177321434402e-06,49.5748765676095,2.57177321196071e-06,49.5748765673806,2.57177322750127e-06,49.5748765673544,2.57177321930993e-06,49.7320011934941,5.14354639723515e-06,49.7320011934365,5.14354636568974e-06,49.5731246748134,2.5717731983236e-06,49.5731246748033,2.57177319723956e-06,49.5731246745937,2.5717731876824e-06,49.5731246745402,2.57177318106708e-06,0.450000050557031,0.450000049401803,49.8138155590271,1.02870927592503e-05,0.450000014660367,0.450000014470703,49.6152083376681,5.14354639174689e-06,0.450000021164048,0.450000020512181,49.6152083373173,5.14354637397173e-06
54,49.906907779984,1.02870927894312e-05,49.7343284998992,5.14354627981929e-06,49.7343285000217,5.14354625489067e-06,49.5748765671977,2.5717731733036e-06,49.5748765672023,2.57177317332507e-06,49.574876567216,2.57177315021762e-06,49.5748765672378,2.57177314545449e-06,49.7320011943281,5.1435464002549e-06,49.7320011945652,5.14354639096663e-06,49.5731246743436,2.57177320146889e-06,49.5731246743528,2.57177320085757e-06,49.5731246743341,2.5717731959624e-06,49.573124674377,2.57177319136193e-06,0.449999980119826,0.44999997921648,49.8138155599623,1.02870928071861e-05,0.450000004545053,0.450000004543345,49.6152083373466,5.14354640652618e-06,0.450000004369104,0.450000003990053,49.6152083372096,5.14354638509121e-06
55,49.9069077819786,1.02870929026547e-05,49.7343285026596,5.14354670129898e-06,49.7343285027755,5.14354670181663e-06,49.5748765676122,2.57177328202324e-06,49.5748765676209,2.57177328059302e-06,49.5748765680645,2.57177329028796e-06,49.5748765681088,2.57177328758338e-06,49.732001197082,5.14354644996897e-06,49.7320011973108,5.14354645753712e-06,49.5731246747586,2.57177322352537e-06,49.5731246747746,2.5717732244195e-06,49.5731246751809,2.57177322900997e-06,49.5731246752656,2.57177323246961e-06,0.450000061520605,0.450000061501847,49.8138155639664,1.02870929193523e-05,0.45000002743316,0.450000027319342,49.6152083381834,5.1435464458591e-06,0.450000028626208,0.450000028410977,49.615208338825,5.14354646707216e-06
56,49.9069077943524,1.02870934492519e-05,49.7343285216773,5.14354825950428e-06,49.7343285216612,5.14354828133466e-06,49.574876572268,2.57177369349093e-06,49.5748765722725,2.57177368400494e-06,49.5748765730812,2.57177375663761e-06,49.5748765731063,2.57177374819211e-06,49.7320012154172,5.14354671853818e-06,49.7320012153893,5.14354673203255e-06,49.5731246792954,2.57177335569074e-06,49.5731246792981,2.57177335675346e-06,49.5731246800969,2.57177336957104e-06,49.5731246801362,2.57177337884936e-06,0.450000311630256,0.450000310839181,49.8138155887618,1.02870934226003e-05,0.450000099174729,0.450000098419833,49.61520834536,5.14354671242563e-06,0.450000103041703,0.45000010236961,49.6152083466081,5.14354676117455e-06
57,49.9069077988481,1.02870936112953e-05,49.7343285311238,5.14354657639669e-06,49.734328531053,5.14354661258776e-06,49.5748765750631,2.57177338083077e-06,49.5748765750544,2.57177337899331e-06,49.5748765759901,2.57177342483041e-06,49.5748765759677,2.571773430805e-06,49.7320012250433,5.14354679179123e-06,49.7320012249038,5.14354682415978e-06,49.5731246817912,2.57177339480825e-06,49.5731246817736,2.57177339397317e-06,49.5731246827056,2.57177340836524e-06,49.5731246826611,2.57177341510509e-06,0.44999991995327,0.449999918641802,49.8138155976946,1.02870936097206e-05,0.450000041298768,0.450000041152542,49.6152083486104,5.14354680037013e-06,0.450000047757451,0.450000047281993,49.6152083497122,5.14354681623445e-06
58,49.9069077994245,1.0287093713085e-05,49.7343285319208,5.14354709314176e-06,49.7343285319225,5.14354711818091e-06,49.5748765771263,2.57177349825143e-06,49.5748765771201,2.57177349199886e-06,49.5748765781145,2.57177351495107e-06,49.574876578088,2.57177351235011e-06,49.7320012266955,5.14354684556754e-06,49.7320012266968,5.14354687470114e-06,49.5731246839203,2.57177342269706e-06,49.5731246839059,2.57177341981328e-06,49.5731246848994,2.57177343869389e-06,49.5731246848443,2.57177343966093e-06,0.450000009929655,0.450000009022304,49.8138155988649,1.02870937077823e-05,0.450000065598252,0.450000065100672,49.6152083510487,5.14354684162299e-06,0.450000060119308,0.450000059912324,49.6152083522713,5.14354687201467e-06
59,49.9069077952667,1.02870936491015e-05,49.7343285245076,5.14354696764427e-06,49.7343285245849,5.14354699580616e-06,49.5748765771899,2.57177336342334e-06,49.5748765771951,2.57177336324061e-06,49.5748765779975,2.57177336798877e-06,49.5748765780063,2.57177336879854e-06,49.7320012194218,5.14354679852654e-06,49.7320012195698,5.14354683966116e-06,49.5731246840277,2.57177340257135e-06,49.573124684039,2.57177340020854e-06,49.5731246848509,2.57177341954152e-06,49.5731246848676,2.5717734202636e-06,0.449999912248484,0.449999911227973,49.81381559053,1.02870936365389e-05,0.450000016821285,0.450000016806743,49.6152083505167,5.14354679100688e-06,0.450000008822534,0.450000008758092,49.6152083516134,5.14354683324927e-06
60,49.9069077816764,1.02870931952036e-05,49.7343285022923,5.14354540287837e-06,49.7343285023195,5.14354545302242e-06,49.5748765727892,2.57177300638829e-06,49.5748765727972,2.57177301316382e-06,49.5748765735612,2.57177304434608e-06,49.57487657358,2.57177305592184e-06,49.7320011976998,5.14354656824932e-06,49.732001197752,5.14354662312274e-06,49.5731246798321,2.57177328386548e-06,49.5731246798527,2.57177328386493e-06,49.5731246806147,2.57177330594552e-06,49.5731246806569,2.57177331012695e-06,0.449999711278376,0.449999709461289,49.813815563309,1.02870932067335e-05,0.449999945828619,0.449999945289422,49.6152083438516,5.14354656143951e-06,0.449999950187909,0.44999994926671,49.6152083450349,5.14354661399648e-06
61,49.9069077742845,1.0287093019416e-05,49.7343284876364,5.14354656752381e-06,49.734328487546,5.14354662301451e-06,49.5748765692445,2.57177325032508e-06,49.5748765692454,2.57177325404832e-06,49.5748765698011,2.5717732473976e-06,49.5748765697906,2.57177325589869e-06,49.7320011829347,5.14354648384797e-06,49.7320011827577,5.14354653165312e-06,49.5731246766425,2.57177324412584e-06,49.5731246766456,2.57177324538788e-06,49.5731246771945,2.57177326335689e-06,49.5731246771768,2.57177326690832e-06,0.450000021577669,0.450000019566834,49.8138155485691,1.02870930117024e-05,0.449999971368739,0.449999971072443,49.6152083398418,5.14354649365123e-06,0.449999966729363,0.449999966052846,49.6152083406073,5.14354652418297e-06
62,49.906907770815,1.02870928989916e-05,49.7343284811341,5.14354620427931e-06,49.7343284810223,5.14354623246663e-06,49.5748765659206,2.57177315490292e-06,49.5748765659106,2.5717731585664e-06,49.5748765660672,2.57177317187952e-06,49.5748765660274,2.57177317531707e-06,49.7320011757005,5.14354643574361e-06,49.7320011754798,5.1435464579323e-06,49.5731246733539,2.57177321839393e-06,49.5731246733364,2.57177321864797e-06,49.5731246735264,2.57177323006126e-06,49.5731246734514,2.5717732268109e-06,0.449999964676105,0.449999963654672,49.8138155416167,1.02870929011306e-05,0.449999945508059,0.449999945216519,49.6152083359476,5.14354643503157e-06,0.449999943860234,0.449999943586674,49.6152083362483,5.14354645786534e-06
63,49.9069077719131,1.02870929183828e-05,49.7343284826408,5.14354629819749e-06,49.7343284826485,5.14354630442683e-06,49.5748765639453,2.57177324876335e-06,49.5748765639389,2.57177324579797e-06,49.5748765639839,2.57177327756858e-06,49.5748765639664,2.57177326712678e-06,49.7320011769475,5.14354645854695e-06,49.7320011769601,5.14354646954548e-06,49.573124671377,2.57177322678379e-06,49.5731246713632,2.57177322548468e-06,49.573124671436,2.57177323910626e-06,49.5731246713997,2.57177323075818e-06,0.450000047521989,0.450000047296255,49.8138155438277,1.02870929346336e-05,0.449999978338239,0.449999978102253,49.61520833417,5.1435464441729e-06,0.449999976800012,0.449999975969054,49.6152083343646,5.14354646493666e-06
64,49.9069077728423,1.02870929140794e-05,49.7343284848998,5.14354622446178e-06,49.7343284850027,5.14354624020558e-06,49.5748765623318,2.57177316512587e-06,49.5748765623357,2.5717731661392e-06,49.5748765624338,2.57177316002713e-06,49.5748765624569,2.57177315576643e-06,49.7320011792419,5.14354644062674e-06,49.732001179441,5.14354647024156e-06,49.5731246696662,2.57177322132867e-06,49.5731246696749,2.57177322039519e-06,49.5731246697499,2.57177323595751e-06,49.5731246697966,2.57177323032832e-06,0.449999988047821,0.449999987477308,49.8138155456767,1.02870928998891e-05,0.449999966045044,0.449999965964403,49.6152083324198,5.14354642827402e-06,0.449999964262803,0.449999963923736,49.6152083327059,5.14354645374624e-06
65,49.906907766444,1.02870925428908e-05,49.7343284767697,5.1435433233916e-06,49.7343284768038,5.14354337185304e-06,49.5748765587379,2.57177239396333e-06,49.5748765587445,2.57177240066311e-06,49.5748765588614,2.57177240419129e-06,49.5748765588827,2.57177241486084e-06,49.7320011706548,5.14354626831082e-06,49.7320011707278,5.14354630911623e-06,49.5731246657231,2.57177313403879e-06,49.5731246657394,2.57177313496138e-06,49.5731246658429,2.57177315013954e-06,49.5731246658924,2.57177314987758e-06,0.449999799034754,0.44999979727864,49.8138155327217,1.02870925660873e-05,0.449999923796532,0.449999923263363,49.6152083269069,5.14354625727901e-06,0.449999920126866,0.449999919277783,49.615208327256,5.14354628765704e-06
66,49.9069077651202,1.02870923940438e-05,49.7343284736353,5.1435448743706e-06,49.7343284735027,5.14354498413839e-06,49.574876556812,2.57177230738942e-06,49.5748765568116,2.57177231290568e-06,49.5748765567898,2.57177222188923e-06,49.5748765567735,2.57177223913652e-06,49.73200116712,5.14354621253998e-06,49.7320011668988,5.14354623172936e-06,49.5731246636972,2.57177310789163e-06,49.5731246636934,2.57177310959328e-06,49.5731246636312,2.57177311995658e-06,49.5731246636034,2.57177312012693e-06,0.450000068092879,0.450000064115186,49.8138155301092,1.02870924312429e-05,0.449999974267721,0.449999973828737,49.6152083246455,5.1435462133586e-06,0.449999968666109,0.44999996729357,49.6152083246985,5.14354623518921e-06
67,49.9069077667827,1.02870923513977e-05,49.7343284764027,5.14354605206242e-06,49.7343284762204,5.14354614496288e-06,49.5748765555336,2.57177275249192e-06,49.5748765555195,2.57177276118916e-06,49.5748765549517,2.57177275163309e-06,49.5748765549036,2.57177277134311e-06,49.7320011698024,5.14354619204006e-06,49.7320011694954,5.14354618646075e-06,49.5731246626746,2.57177309657223e-06,49.5731246626524,2.57177309704272e-06,49.573124662132,2.5717730956894e-06,49.5731246620556,2.57177309055689e-06,0.450000030297918,0.450000026931453,49.8138155334946,1.02870923625387e-05,0.449999979526275,0.449999978834148,49.6152083235979,5.14354619122969e-06,0.449999981139243,0.449999979570719,49.6152083229464,5.14354618561265e-06
68,49.9069077697738,1.02870924398816e-05,49.7343284829133,5.14354401740872e-06,49.7343284829337,5.14354395423349e-06,49.5748765556368,2.57177342395799e-06,49.574876555623,2.57177342621537e-06,49.574876554886,2.57177372043785e-06,49.5748765548664,2.57177371274757e-06,49.7320011764597,5.14354622867033e-06,49.7320011764725,5.1435462157273e-06,49.5731246631666,2.57177311080284e-06,49.5731246631447,2.57177310898541e-06,49.573124662598,2.57177310780437e-06,49.5731246625632,2.57177309822861e-06,0.450000050343469,0.450000048054167,49.8138155395222,1.0287092435954e-05,0.450000009982278,0.450000009802636,49.6152083244779,5.14354621847815e-06,0.450000016953573,0.45000001634158,49.6152083238612,5.14354620756603e-06
69,49.9069077736738,1.02870925675712e-05,49.7343284893065,5.14354532537756e-06,49.7343284895775,5.14354515498412e-06,49.5748765575656,2.57177306236316e-06,49.5748765575707,2.57177305574067e-06,49.5748765576234,2.57177302521665e-06,49.5748765576739,2.57177299153756e-06,49.7320011834962,5.14354627238523e-06,49.7320011839291,5.14354628590966e-06,49.5731246647038,2.57177313821866e-06,49.5731246647082,2.57177313608881e-06,49.5731246646701,2.57177314684967e-06,49.5731246647427,2.57177314204978e-06,0.450000061813479,0.450000055638874,49.8138155473685,1.02870925627603e-05,0.450000013676879,0.450000013149861,49.6152083266444,5.1435462720292e-06,0.45000001315487,0.450000010474687,49.6152083268125,5.14354628576621e-06
70,49.9069077764748,1.02870926333168e-05,49.734328493506,5.14354713769287e-06,49.7343284937113,5.14354708298824e-06,49.574876559411,2.5717724686512e-06,49.5748765594349,2.57177245713449e-06,49.5748765602473,2.57177202809939e-06,49.5748765603244,2.57177200137692e-06,49.7320011880608,5.1435462959204e-06,49.73200118842,5.14354634399301e-06,49.5731246661116,2.57177314846369e-06,49.57312466615,2.57177314941685e-06,49.5731246666241,2.57177317028074e-06,49.5731246667526,2.5717731773354e-06,0.45000001914113,0.450000017158781,49.8138155529227,1.02870926423184e-05,0.450000021379814,0.450000020463314,49.6152083283235,5.14354629789159e-06,0.450000016570899,0.450000014444323,49.6152083292184,5.1435463449061e-06
71,49.9069077790141,1.02870927572062e-05,49.7343284975663,5.14354783083407e-06,49.7343284973519,5.14354804281429e-06,49.5748765608357,2.57177360961445e-06,49.5748765608505,2.57177360949077e-06,49.5748765610873,2.57177351956251e-06,49.5748765610901,2.57177354201851e-06,49.7320011926013,5.14354635453058e-06,49.7320011922775,5.14354638911474e-06,49.573124668215,2.57177317547958e-06,49.5731246682408,2.57177317934085e-06,49.5731246684418,2.57177318952672e-06,49.5731246684582,2.57177320097848e-06,0.45000005170825,0.450000044026655,49.8138155580763,1.02870927512886e-05,0.450000039753163,0.450000039743321,49.6152083310426,5.14354635836571e-06,0.450000033600531,0.450000031813483,49.6152083314507,5.14354639279372e-06
72,49.9069077802962,1.02870927750264e-05,49.7343285010989,5.14354560816564e-06,49.7343285006048,5.14354588390995e-06,49.5748765629446,2.57177364590705e-06,49.5748765629248,2.57177366106958e-06,49.5748765617471,2.57177414591233e-06,49.574876561645,2.57177420044146e-06,49.7320011952992,5.14354640716801e-06,49.7320011944825,5.14354638011656e-06,49.5731246702608,2.57177320271474e-06,49.5731246702335,2.57177320508054e-06,49.573124669478,2.57177318923311e-06,49.5731246693233,2.57177318907183e-06,0.450000000989104,0.449999990996865,49.8138155605613,1.02870927828062e-05,0.450000019260243,0.450000018053609,49.6152083335236,5.14354640631427e-06,0.450000023301582,0.450000018962155,49.6152083324081,5.14354637794258e-06
73,49.906907781274,1.02870928643241e-05,49.7343285019967,5.14354661139532e-06,49.7343285018184,5.14354661871856e-06,49.574876565001,2.57177315272227e-06,49.5748765649664,2.5717731652871e-06,49.5748765635898,2.57177355165481e-06,49.5748765634959,2.5717735737123e-06,49.732001196669,5.14354645958439e-06,49.7320011963458,5.14354639805413e-06,49.5731246720068,2.57177323289555e-06,49.5731246719526,2.57177322973034e-06,49.5731246708778,2.57177320698057e-06,49.5731246707247,2.57177319075869e-06,0.450000029479007,0.450000029213632,49.8138155625879,1.02870928624179e-05,0.450000022742301,0.450000021742391,49.6152083356488,5.14354646417814e-06,0.450000033195234,0.450000031439899,49.6152083340306,5.1435463986536e-06
74,49.9069077819828,1.0287092897651e-05,49.7343285026466,5.14354712296894e-06,49.7343285029499,5.14354688695867e-06,49.5748765657856,2.57177299552874e-06,49.5748765657692,2.5717729945535e-06,49.5748765655365,2.57177303604265e-06,49.574876565539,2.57177300956089e-06,49.7320011972183,5.14354646710525e-06,49.7320011976998,5.14354643945505e-06,49.5731246727107,2.57177323805872e-06,49.5731246726816,2.57177323097271e-06,49.5731246724178,2.57177322957772e-06,49.5731246724123,2.57177320982589e-06,0.449999996825915,0.449999988273534,49.8138155639456,1.02870929089213e-05,0.450000012438179,0.45000001236057,49.6152083363218,5.14354646771699e-06,0.450000022775634,0.450000020668215,49.6152083359447,5.14354643844945e-06
75,49.9069077818835,1.02870929413663e-05,49.7343285026389,5.14354627507427e-06,49.734328503066,5.1435460673457e-06,49.5748765656346,2.57177331660018e-06,49.5748765656486,2.57177330343773e-06,49.5748765668073,2.57177309730217e-06,49.5748765668905,2.5717730516245e-06,49.7320011969841,5.14354644920076e-06,49.7320011977008,5.14354648888998e-06,49.5731246728052,2.57177322683554e-06,49.5731246728272,2.57177322110736e-06,49.573124673737,2.57177324832924e-06,49.5731246738719,2.5717732409357e-06,0.450000013754115,0.450000006226586,49.8138155637789,1.02870929389419e-05,0.450000025771759,0.450000024724291,49.6152083362616,5.14354644914238e-06,0.450000022951384,0.450000019316354,49.6152083376297,5.14354648914923e-06
76,49.906907782196,1.02870929800805e-05,49.7343285027053,5.14354692770458e-06,49.7343285028291,5.14354695488423e-06,49.5748765660148,2.57177355812179e-06,49.5748765660418,2.57177354642185e-06,49.5748765675283,2.57177324990091e-06,49.5748765676053,2.57177322930183e-06,49.7320011973465,5.14354645339146e-06,49.7320011975722,5.14354652663589e-06,49.5731246732894,2.57177322695381e-06,49.5731246733335,2.57177322579833e-06,49.5731246745801,2.5717732605629e-06,49.5731246747095,2.57177326815183e-06,0.450000005200825,0.450000004215907,49.8138155643992,1.02870929811424e-05,0.450000022285571,0.450000021354489,49.6152083368611,5.1435464526121e-06,0.450000009853585,0.450000008214309,49.6152083387036,5.14354652778002e-06
77,49.9069077819572,1.02870929946105e-05,49.7343285026507,5.14354616827272e-06,49.7343285024047,5.14354637323993e-06,49.574876566932,2.57177320204517e-06,49.5748765669465,2.57177320026737e-06,49.5748765674342,2.5717731526912e-06,49.5748765674396,2.57177316882947e-06,49.7320011971713,5.1435464742307e-06,49.7320011967733,5.14354652176371e-06,49.5731246739739,2.57177323541612e-06,49.5731246740008,2.57177323780546e-06,49.5731246745017,2.57177325479797e-06,49.5731246745199,2.57177326713118e-06,0.449999997845897,0.449999990418432,49.8138155639016,1.02870929950168e-05,0.450000018256206,0.450000018114728,49.6152083376717,5.1435464727474e-06,0.450000009132789,0.450000007848505,49.6152083384392,5.1435465216482e-06
78,49.9069077819048,1.02870930312249e-05,49.7343285021811,5.14354656879101e-06,49.73432850186,5.14354673854663e-06,49.5748765677402,2.57177316833901e-06,49.5748765677326,2.57177317570759e-06,49.5748765670047,2.57177341872999e-06,49.5748765669478,2.57177345073784e-06,49.7320011969281,5.14354651485211e-06,49.7320011963813,5.14354651113269e-06,49.5731246747788,2.5717732568232e-06,49.5731246747677,2.57177325888024e-06,49.5731246742751,2.57177325302213e-06,49.5731246741838,2.57177325752411e-06,0.450000013087859,0.450000006936369,49.813815563827,1.02870930259623e-05,0.450000012868032,0.450000012281641,49.6152083387347,5.14354651471603e-06,0.450000014680004,0.450000012132819,49.6152083380959,5.14354651111535e-06
79,49.9069077818439,1.02870930406614e-05,49.7343285018241,5.14354659762691e-06,49.7343285017404,5.14354658744647e-06,49.5748765679742,2.57177311751707e-06,49.5748765679561,2.5717731246684e-06,49.5748765669601,2.5717733867758e-06,49.574876566904,2.57177340196353e-06,49.7320011963878,5.14354653650148e-06,49.732001196228,5.14354650760621e-06,49.5731246750084,2.57177326915861e-06,49.5731246749798,2.57177326841322e-06,49.5731246741792,2.57177325629759e-06,49.5731246740855,2.57177325021493e-06,0.449999992904417,0.449999992535505,49.8138155636747,1.02870930429144e-05,0.450000003650961,0.450000003081858,49.6152083390485,5.14354653649661e-06,0.450000011287451,0.450000010078811,49.6152083380014,5.14354650668793e-06
80,49.9069077815896,1.02870930624249e-05,49.7343285011881,5.14354644027187e-06,49.7343285013712,5.14354630434339e-06,49.5748765675322,2.57177325331501e-06,49.5748765675226,2.57177325352886e-06,49.5748765672479,2.57177327573742e-06,49.5748765672425,2.57177326421463e-06,49.7320011956507,5.14354653556221e-06,49.7320011959424,5.14354652465079e-06,49.5731246746886,2.57177326926014e-06,49.5731246746711,2.57177326628113e-06,49.5731246743723,2.57177326681194e-06,49.5731246743567,2.57177325713649e-06,0.450000006952588,0.450000002026902,49.8138155631864,1.02870930598629e-05,0.45000000647502,0.450000006458002,49.6152083386791,5.14354653614009e-06,0.450000011665372,0.450000010748389,49.6152083383586,5.14354652430848e-06
81,49.9069077816008,1.02870930788098e-05,49.7343285008453,5.14354679320435e-06,49.7343285010659,5.1435466917672e-06,49.5748765670458,2.57177341381145e-06,49.5748765670521,2.5717734076354e-06,49.5748765675771,2.57177322081191e-06,49.5748765676182,2.57177319692802e-06,49.7320011953639,5.14354652832241e-06,49.7320011957369,5.14354655186275e-06,49.5731246742846,2.57177326522501e-06,49.5731246742942,2.57177326273903e-06,49.5731246746397,2.57177327834394e-06,49.5731246747057,2.57177327431463e-06,0.450000001408382,0.449999997732571,49.8138155632015,1.02870930798726e-05,0.450000006439984,0.450000005948493,49.6152083382593,5.14354652874499e-06,0.450000004551198,0.450000002650517,49.6152083388556,5.14354655210172e-06
82,49.9069077813732,1.02870930880648e-05,49.734328500604,5.14354636875915e-06,49.7343285006396,5.14354640091531e-06,49.5748765668635,2.57177333464575e-06,49.5748765668774,2.57177332867742e-06,49.5748765674795,2.57177315434614e-06,49.574876567522,2.57177314209878e-06,49.7320011950636,5.14354652592543e-06,49.7320011951342,5.14354656276372e-06,49.5731246740417,2.5717732625513e-06,49.5731246740641,2.57177326233533e-06,49.5731246745336,2.57177327966335e-06,49.5731246746043,2.57177328358424e-06,0.449999998083445,0.449999996918192,49.8138155627414,1.0287093087979e-05,0.450000008004835,0.450000007529875,49.6152083380107,5.14354652555267e-06,0.450000001586595,0.45000000061195,49.6152083387685,5.14354656279829e-06
83,49.9069077813186,1.02870931066393e-05,49.7343285003422,5.1435465882729e-06,49.7343285001882,5.14354670392921e-06,49.5748765670134,2.57177330584534e-06,49.5748765670213,2.57177330497537e-06,49.5748765670274,2.57177331128486e-06,49.5748765670335,2.57177331878737e-06,49.7320011949699,5.14354654275246e-06,49.7320011947193,5.1435465616091e-06,49.5731246741606,2.57177327052794e-06,49.5731246741751,2.57177327216489e-06,49.5731246742105,2.57177327748681e-06,49.5731246742255,2.57177328443389e-06,0.450000006287999,0.450000002096923,49.8138155626449,1.02870931042853e-05,0.450000006284467,0.450000006215235,49.6152083382711,5.1435465430377e-06,0.450000002621409,0.450000002024359,49.6152083384,5.14354656211435e-06
84,49.9069077812296,1.02870931113821e-05,49.7343285001529,5.1435465061378e-06,49.7343284999868,5.14354658605305e-06,49.574876567174,2.57177318660166e-06,49.5748765671701,2.57177319069305e-06,49.5748765665954,2.57177333795124e-06,49.5748765665664,2.57177335528174e-06,49.7320011947196,5.14354656079017e-06,49.7320011944356,5.14354655185015e-06,49.5731246742549,2.57177327991137e-06,49.5731246742492,2.57177328138042e-06,49.5731246738074,2.57177327413478e-06,49.573124673761,2.57177327722264e-06,0.449999997360728,0.449999994464812,49.8138155624518,1.02870931119251e-05,0.450000001024824,0.450000000699231,49.615208338459,5.14354656066098e-06,0.450000003297303,0.450000001918141,49.6152083378982,5.14354655154966e-06
85,49.9069077811824,1.02870931261809e-05,49.7343284999476,5.14354643157714e-06,49.7343284999296,5.1435464066187e-06,49.574876567047,2.57177318826703e-06,49.5748765670363,2.57177319319075e-06,49.5748765664579,2.57177333334785e-06,49.5748765664248,2.57177334436874e-06,49.7320011944516,5.14354657156904e-06,49.7320011944076,5.14354655419845e-06,49.5731246741535,2.57177328597773e-06,49.5731246741357,2.57177328588785e-06,49.5731246736588,2.57177327788875e-06,49.5731246736017,2.57177327540588e-06,0.450000001702619,0.450000000798191,49.8138155623673,1.0287093126095e-05,0.450000001015753,0.450000000623923,49.6152083383944,5.14354657141303e-06,0.450000006048019,0.450000005170976,49.6152083377818,5.1435465538525e-06
86,49.9069077810833,1.02870931310261e-05,49.7343284995952,5.14354655688531e-06,49.7343284997234,5.14354646511832e-06,49.5748765666319,2.57177328291881e-06,49.5748765666245,2.57177328421607e-06,49.5748765665247,2.57177326723436e-06,49.5748765665167,2.57177326319385e-06,49.73200119406,5.14354656727271e-06,49.7320011942649,5.14354656438534e-06,49.5731246738006,2.57177328433902e-06,49.5731246737882,2.57177328299825e-06,49.5731246736552,2.57177328434784e-06,49.5731246736391,2.57177327995329e-06,0.450000000460488,0.449999997135097,49.8138155621648,1.02870931311154e-05,0.450000000324573,0.450000000221337,49.6152083380079,5.14354656725754e-06,0.450000002464007,0.450000002142463,49.6152083378846,5.14354656400701e-06
87,49.9069077810355,1.0287093140044e-05,49.7343284993698,5.14354667175968e-06,49.7343284995066,5.14354660917289e-06,49.5748765662516,2.5717733732635e-06,49.5748765662534,2.57177337035424e-06,49.5748765665695,2.57177322641659e-06,49.5748765665896,2.57177321333883e-06,49.7320011938809,5.14354656167346e-06,49.7320011941108,5.1435465778355e-06,49.573124673473,2.57177328126516e-06,49.5731246734748,2.57177327998786e-06,49.57312467367,2.57177329006579e-06,49.5731246737001,2.5717732882475e-06,0.450000001955762,0.449999999687784,49.8138155620727,1.02870931395119e-05,0.450000002614549,0.450000002383031,49.6152083376577,5.14354656170053e-06,0.450000001024065,0.449999999983337,49.6152083380059,5.14354657797412e-06
88,49.9069077809605,1.02870931435398e-05,49.7343284992745,5.14354656901963e-06,49.7343284992922,5.14354659159149e-06,49.5748765661121,2.5717733428193e-06,49.5748765661202,2.57177333878768e-06,49.5748765664096,2.57177323844743e-06,49.574876566436,2.57177322924941e-06,49.7320011937878,5.14354656141929e-06,49.7320011938263,5.1435465824575e-06,49.5731246733,2.57177328055046e-06,49.5731246733126,2.57177328045104e-06,49.5731246735258,2.57177329024531e-06,49.5731246735689,2.57177329259924e-06,0.449999999540491,0.449999998722547,49.8138155619197,1.02870931437628e-05,0.450000002708117,0.45000000238728,49.6152083375022,5.14354656112573e-06,0.44999999936884,0.449999998636862,49.6152083378816,5.14354658255161e-06
89,49.9069077809198,1.02870931498699e-05,49.7343284992193,5.143546521972e-06,49.7343284991162,5.14354659992029e-06,49.574876566173,2.57177327517775e-06,49.5748765661795,2.57177327367966e-06,49.5748765661075,2.5717733036328e-06,49.5748765661162,2.5717733059712e-06,49.7320011937698,5.1435465706512e-06,49.7320011936042,5.14354657895194e-06,49.5731246733118,2.57177328478075e-06,49.5731246733229,2.57177328579621e-06,49.5731246732808,2.57177328740823e-06,49.5731246732973,2.57177329159408e-06,0.450000001903063,0.449999999078424,49.8138155618406,1.02870931495263e-05,0.450000001905352,0.450000001786134,49.6152083375878,5.14354657059721e-06,0.450000000105671,0.449999999919581,49.6152083375914,5.14354657911826e-06
90,49.9069077808669,1.02870931527578e-05,49.7343284990961,5.14354653193225e-06,49.7343284989817,5.14354658813556e-06,49.5748765662166,2.57177322818045e-06,49.5748765662162,2.57177323014177e-06,49.5748765658386,2.57177333405629e-06,49.5748765658245,2.57177334442449e-06,49.7320011936487,5.1435465806501e-06,49.7320011934557,5.14354657222428e-06,49.5731246733294,2.57177328992751e-06,49.5731246733296,2.57177329104846e-06,49.5731246730384,2.57177328476755e-06,49.5731246730174,2.57177328714554e-06,0.450000000516382,0.449999998479724,49.813815561733,1.02870931526777e-05,0.449999999778887,0.449999999622804,49.6152083376643,5.14354658070351e-06,0.450000001473119,0.450000000648018,49.6152083372873,5.14354657211606e-06
91,49.9069077808372,1.02870931570723e-05,49.7343284989442,5.14354659604205e-06,49.7343284989241,5.14354658327473e-06,49.5748765661021,2.57177325011622e-06,49.5748765660962,2.57177325338739e-06,49.574876565745,2.57177332612737e-06,49.5748765657235,2.57177333455027e-06,49.7320011934823,5.14354658529542e-06,49.7320011934406,5.14354657159353e-06,49.5731246732401,2.57177329267726e-06,49.5731246732308,2.57177329294196e-06,49.5731246729351,2.57177328613767e-06,49.5731246729001,2.57177328511354e-06,0.450000000518527,0.450000000055874,49.8138155616751,1.02870931569041e-05,0.449999999208241,0.449999998947921,49.6152083375906,5.14354658548837e-06,0.450000002325217,0.450000001654922,49.6152083371859,5.14354657149579e-06
92,49.9069077808019,1.02870931591787e-05,49.7343284988087,5.1435466095201e-06,49.734328498888,5.14354654974202e-06,49.5748765658556,2.57177329698253e-06,49.5748765658499,2.57177329857547e-06,49.5748765657938,2.57177328179098e-06,49.5748765657844,2.57177328142699e-06,49.7320011933043,5.14354658193086e-06,49.7320011934306,5.14354657741112e-06,49.5731246730282,2.57177329133585e-06,49.5731246730187,2.57177329065113e-06,49.5731246729431,2.57177329012031e-06,49.573124672926,2.57177328722958e-06,0.450000000767846,0.449999998601648,49.8138155616033,1.02870931595153e-05,0.44999999948667,0.449999999359904,49.6152083373475,5.14354658200318e-06,0.450000001025657,0.450000000996691,49.6152083372512,5.14354657731474e-06
93,49.9069077807799,1.02870931621584e-05,49.7343284987369,5.14354660276373e-06,49.734328498829,5.14354655799878e-06,49.5748765656325,2.57177333290473e-06,49.574876565632,2.57177333171626e-06,49.5748765658432,2.57177325410286e-06,49.5748765658522,2.57177324667999e-06,49.7320011932256,5.14354657683716e-06,49.7320011933803,5.14354658534301e-06,49.5731246728245,2.57177328874718e-06,49.573124672823,2.57177328784291e-06,49.5731246729683,2.57177329372628e-06,49.573124672981,2.57177329184937e-06,0.450000000963971,0.449999999341809,49.8138155615601,1.02870931623092e-05,0.450000000830702,0.450000000736124,49.6152083371166,5.14354657681088e-06,0.450000000105016,0.449999999514304,49.6152083373435,5.14354658538923e-06
94,49.9069077807554,1.02870931639169e-05,49.7343284987137,5.14354657250413e-06,49.7343284987319,5.14354658252718e-06,49.5748765655522,2.57177332368278e-06,49.5748765655565,2.57177332112772e-06,49.5748765657736,2.57177326018979e-06,49.5748765657903,2.57177325324974e-06,49.7320011932211,5.14354657566213e-06,49.7320011932574,5.14354658836299e-06,49.5731246727292,2.57177328786279e-06,49.5731246727358,2.57177328755286e-06,49.5731246729054,2.571773293977e-06,49.5731246729323,2.57177329465983e-06,0.450000000019172,0.449999999655963,49.8138155615106,1.02870931639654e-05,0.450000001353457,0.450000001150125,49.6152083370282,5.14354657560307e-06,0.449999999246793,0.449999998694503,49.6152083372988,5.14354658847242e-06
95,49.9069077807409,1.02870931659755e-05,49.7343284987049,5.14354655993717e-06,49.7343284986419,5.14354660881139e-06,49.5748765656022,2.57177328796295e-06,49.574876565607,2.57177328642219e-06,49.5748765656025,2.57177329597299e-06,49.5748765656113,2.57177329549921e-06,49.7320011932431,5.14354658039342e-06,49.7320011931427,5.14354658558423e-06,49.5731246727513,2.5717732899392e-06,49.5731246727592,2.57177329041035e-06,49.5731246727659,2.57177329165685e-06,49.5731246727815,2.57177329398406e-06,0.450000000988529,0.449999999217458,49.813815561482,1.0287093166261e-05,0.450000000860092,0.450000000737478,49.6152083370908,5.14354658035154e-06,0.449999999532957,0.449999999495254,49.6152083371281,5.14354658566845e-06
96,49.9069077807222,1.02870931672784e-05,49.7343284986669,5.1435465631313e-06,49.7343284985909,5.14354660123677e-06,49.5748765656597,2.57177325815269e-06,49.5748765656608,2.57177325880238e-06,49.5748765654447,2.57177332161497e-06,49.5748765654392,2.57177332707483e-06,49.73200119321,5.14354658649582e-06,49.7320011930825,5.1435465807974e-06,49.5731246727917,2.57177329297202e-06,49.573124672794,2.57177329371411e-06,49.5731246726296,2.57177328942766e-06,49.5731246726221,2.57177329118547e-06,0.450000000559207,0.449999999178367,49.8138155614442,1.02870931673515e-05,0.449999999704588,0.449999999652885,49.6152083371687,5.14354658651064e-06,0.45000000067274,0.450000000238244,49.6152083369496,5.14354658075081e-06
97,49.9069077807133,1.02870931688925e-05,49.734328498607,5.14354658989614e-06,49.7343284985894,5.14354658392684e-06,49.5748765656218,2.57177326386259e-06,49.5748765656188,2.57177326585795e-06,49.574876565399,2.57177331775051e-06,49.574876565386,2.57177332358518e-06,49.7320011931346,5.1435465892229e-06,49.7320011931002,5.14354657957841e-06,49.573124672764,2.57177329454627e-06,49.5731246727595,2.57177329488705e-06,49.5731246725792,2.57177328978831e-06,49.5731246725583,2.57177328957388e-06,0.450000000238428,0.450000000022116,49.8138155614268,1.02870931687421e-05,0.449999999236998,0.449999999078208,49.6152083371486,5.1435465892273e-06,0.450000001277934,0.450000000813611,49.615208336893,5.14354657950025e-06
98,49.906907780701,1.02870931696159e-05,49.7343284985451,5.14354660057714e-06,49.7343284985941,5.1435465620686e-06,49.5748765654898,2.57177329267595e-06,49.5748765654858,2.57177329410891e-06,49.5748765654505,2.57177328846827e-06,49.5748765654424,2.57177328960178e-06,49.7320011930463,5.14354658683628e-06,49.732001193124,5.14354658283916e-06,49.5731246726545,2.57177329358527e-06,49.573124672648,2.57177329329134e-06,49.5731246726051,2.57177329223599e-06,49.5731246725909,2.57177329054949e-06,0.45000000057547,0.449999999180023,49.8138155614018,1.02870931696316e-05,0.449999999516533,0.449999999402498,49.6152083370166,5.14354658685443e-06,0.450000000633423,0.450000000543219,49.6152083369506,5.1435465827708e-06
99,49.9069077806948,1.02870931707234e-05,49.7343284985158,5.14354660165899e-06,49.7343284985775,5.14354657042687e-06,49.5748765653614,2.5717733193169e-06,49.57487656536,2.57177331903512e-06,49.5748765655062,2.57177326848534e-06,49.5748765655092,2.57177326465273e-06,49.732001193013,5.14354658300279e-06,49.7320011931164,5.14354658771973e-06,49.5731246725414,2.57177329172039e-06,49.5731246725388,2.57177329113403e-06,49.5731246726435,2.5717732946679e-06,49.5731246726471,2.57177329319952e-06,0.450000000652425,0.449999999520656,49.8138155613898,1.02870931707503e-05,0.450000000351228,0.450000000328804,49.6152083368814,5.14354658299362e-06,0.449999999957495,0.449999999652496,49.6152083370306,5.14354658775028e-06
100,49.9069077806862,1.02870931712773e-05,49.7343284985173,5.14354658276444e-06,49.7343284985333,5.14354658660041e-06,49.5748765653214,2.57177331613843e-06,49.5748765653234,2.57177331462612e-06,49.5748765654837,2.57177327164019e-06,49.5748765654936,2.57177326690196e-06,49.7320011930265,5.14354658163774e-06,49.7320011930571,5.14354658969259e-06,49.5731246724935,2.57177329089805e-06,49.5731246724965,2.57177329056529e-06,49.5731246726239,2.57177329494025e-06,49.5731246726396,2.57177329493574e-06,0.449999999990031,0.449999999851025,49.8138155613722,1.02870931713815e-05,0.450000000805578,0.450000000685229,49.6152083368339,5.14354658160028e-06,0.449999999450749,0.449999999073681,49.6152083370244,5.14354658975662e-06
101,49.9069077806807,1.02870931721444e-05,49.7343284985285,5.14354657152637e-06,49.7343284984902,5.14354660234955e-06,49.5748765653687,2.57177329276201e-06,49.574876565372,2.57177329149227e-06,49.5748765653898,2.57177329492357e-06,49.5748765653969,2.57177329350841e-06,49.7320011930574,5.14354658420935e-06,49.7320011929967,5.14354658785279e-06,49.573124672522,2.57177329200281e-06,49.5731246725272,2.57177329217465e-06,49.5731246725497,2.57177329332317e-06,49.573124672562,2.57177329457415e-06,0.45000000062237,0.44999999950542,49.8138155613616,1.02870931719162e-05,0.450000000555702,0.450000000454656,49.6152083368866,5.14354658423963e-06,0.449999999638639,0.449999999526021,49.6152083369314,5.14354658791126e-06
102,49.9069077806758,1.02870931725932e-05,49.7343284985214,5.14354657256857e-06,49.734328498471,5.14354659858521e-06,49.5748765654249,2.57177327173887e-06,49.5748765654264,2.57177327176335e-06,49.5748765652983,2.57177331242948e-06,49.574876565297,2.57177331506814e-06,49.7320011930548,5.14354658800602e-06,49.7320011929704,5.14354658453036e-06,49.5731246725655,2.57177329383571e-06,49.5731246725682,2.57177329429567e-06,49.5731246724727,2.57177329158489e-06,49.5731246724716,2.57177329282914e-06,0.450000000452597,0.449999999509824,49.8138155613516,1.02870931724292e-05,0.44999999979332,0.449999999791372,49.6152083369539,5.14354658804405e-06,0.450000000317717,0.450000000107733,49.615208336826,5.14354658450611e-06
103,49.9069077806724,1.02870931730266e-05,49.734328498492,5.14354658694891e-06,49.7343284984774,5.1435465849459e-06,49.5748765654181,2.57177327356025e-06,49.5748765654168,2.57177327466505e-06,49.5748765652754,2.57177331027818e-06,49.574876565268,2.57177331409652e-06,49.7320011930151,5.14354658971532e-06,49.7320011929876,5.14354658329912e-06,49.5731246725643,2.57177329477702e-06,49.5731246725624,2.57177329508951e-06,49.5731246724478,2.5717732914889e-06,49.5731246724361,2.57177329165719e-06,0.450000000047964,0.44999999997538,49.8138155613448,1.02870931730358e-05,0.44999999947085,0.44999999938293,49.6152083369575,5.14354658981119e-06,0.450000000786802,0.450000000482938,49.6152083367926,5.14354658323282e-06
104,49.9069077806686,1.02870931733645e-05,49.7343284984597,5.14354659884297e-06,49.7343284984895,5.14354657442373e-06,49.574876565347,2.57177329291085e-06,49.5748765653445,2.57177329399768e-06,49.5748765653182,2.57177329234229e-06,49.5748765653119,2.57177329387484e-06,49.7320011929678,5.14354658821703e-06,49.7320011930148,5.14354658516032e-06,49.5731246725087,2.57177329417265e-06,49.5731246725046,2.57177329409027e-06,49.5731246724753,2.57177329300458e-06,49.5731246724648,2.57177329211496e-06,0.450000000427666,0.449999999542778,49.8138155613371,1.02870931733323e-05,0.44999999965551,0.44999999956902,49.6152083368865,5.14354658826778e-06,0.450000000468738,0.450000000346778,49.6152083368378,5.14354658511274e-06
105,49.9069077806661,1.0287093173733e-05,49.7343284984466,5.1435465979461e-06,49.7343284984876,5.14354657648346e-06,49.574876565272,2.57177330985813e-06,49.5748765652706,2.57177330998715e-06,49.5748765653659,2.57177327752542e-06,49.5748765653661,2.57177327580336e-06,49.7320011929497,5.1435465855244e-06,49.7320011930181,5.14354658819231e-06,49.5731246724438,2.57177329289201e-06,49.5731246724413,2.57177329254139e-06,49.5731246725108,2.57177329465383e-06,49.5731246725103,2.57177329363379e-06,0.450000000408305,0.449999999630556,49.8138155613322,1.02870931736279e-05,0.450000000164296,0.450000000154029,49.6152083368045,5.14354658549564e-06,0.44999999993703,0.449999999799989,49.6152083368988,5.14354658820594e-06
106,49.9069077806638,1.02870931739501e-05,49.7343284984539,5.14354658603912e-06,49.734328498467,5.14354658684018e-06,49.5748765652508,2.57177330929024e-06,49.5748765652515,2.57177330847552e-06,49.5748765653631,2.57177327913282e-06,49.5748765653685,2.57177327611991e-06,49.7320011929646,5.1435465843891e-06,49.7320011929888,5.14354658956651e-06,49.5731246724186,2.57177329227125e-06,49.5731246724196,2.57177329199073e-06,49.5731246725093,2.57177329497548e-06,49.5731246725177,2.57177329472623e-06,0.450000000005203,0.449999999976175,49.8138155613276,1.0287093173939e-05,0.450000000518645,0.45000000045381,49.6152083367771,5.14354658428329e-06,0.449999999647566,0.449999999407799,49.6152083369073,5.14354658962657e-06
107,49.9069077806614,1.02870931742037e-05,49.734328498466,5.1435465771414e-06,49.7343284984428,5.1435465965465e-06,49.5748765652862,2.57177329444246e-06,49.5748765652882,2.57177329350423e-06,49.5748765653099,2.57177329383275e-06,49.5748765653151,2.57177329233971e-06,49.7320011929891,5.1435465857814e-06,49.7320011929527,5.14354658839312e-06,49.5731246724416,2.57177329286352e-06,49.5731246724448,2.57177329288445e-06,49.573124672468,2.57177329390567e-06,49.5731246724767,2.57177329452806e-06,0.450000000355517,0.449999999652328,49.8138155613229,1.02870931741072e-05,0.450000000377249,0.450000000302585,49.6152083368148,5.14354658575667e-06,0.449999999742439,0.449999999623623,49.6152083368548,5.14354658843422e-06
108,49.9069077806605,1.02870931743922e-05,49.7343284984666,5.14354657870998e-06,49.7343284984333,5.14354659644316e-06,49.5748765653303,2.57177328057469e-06,49.5748765653317,2.57177328034008e-06,49.5748765652542,2.57177330622581e-06,49.5748765652548,2.57177330731436e-06,49.7320011929944,5.14354658819493e-06,49.7320011929388,5.14354658617381e-06,49.5731246724771,2.57177329400479e-06,49.5731246724795,2.57177329426701e-06,49.5731246724223,2.57177329263649e-06,49.5731246724238,2.57177329346413e-06,0.450000000335496,0.449999999692893,49.813815561321,1.02870931743973e-05,0.449999999904406,0.449999999885736,49.6152083368664,5.14354658823413e-06,0.450000000157063,0.450000000070436,49.6152083367906,5.14354658616321e-06
109,49.9069077806586,1.02870931744958e-05,49.7343284984512,5.14354658671514e-06,49.7343284984397,5.14354658671292e-06,49.5748765653345,2.57177328031641e-06,49.5748765653342,2.57177328088874e-06,49.574876565241,2.5717733051746e-06,49.5748765652371,2.57177330750838e-06,49.7320011929723,5.14354658935459e-06,49.7320011929511,5.14354658515348e-06,49.573124672484,2.57177329460387e-06,49.5731246724836,2.57177329484803e-06,49.5731246724082,2.5717732923816e-06,49.5731246724022,2.57177329266957e-06,0.449999999979204,0.449999999979124,49.8138155613171,1.02870931745474e-05,0.449999999642477,0.449999999596931,49.6152083368764,5.14354658939737e-06,0.450000000484675,0.450000000298953,49.6152083367691,5.14354658510911e-06
110,49.9069077806579,1.02870931746831e-05,49.7343284984335,5.14354659551569e-06,49.7343284984514,5.14354658014517e-06,49.5748765652951,2.57177329256805e-06,49.5748765652935,2.57177329333709e-06,49.5748765652717,2.57177329386793e-06,49.5748765652674,2.57177329525079e-06,49.7320011929452,5.14354658846051e-06,49.7320011929732,5.14354658622098e-06,49.5731246724547,2.57177329423699e-06,49.5731246724523,2.57177329425421e-06,49.5731246724298,2.57177329330383e-06,49.5731246724227,2.57177329288537e-06,0.450000000299018,0.449999999742031,49.8138155613158,1.02870931746811e-05,0.449999999766756,0.449999999705556,49.6152083368373,5.14354658848515e-06,0.450000000340737,0.450000000230689,49.6152083368004,5.14354658619141e-06
111,49.906907780657,1.02870931747267e-05,49.7343284984263,5.14354659437919e-06,49.7343284984534,5.14354657977097e-06,49.574876565249,2.57177330374106e-06,49.5748765652478,2.5717733040131e-06,49.5748765653076,2.57177328341482e-06,49.5748765653067,2.57177328279386e-06,49.7320011929335,5.14354658662806e-06,49.7320011929786,5.14354658813919e-06,49.5731246724156,2.57177329338251e-06,49.5731246724135,2.57177329318909e-06,49.5731246724574,2.57177329442728e-06,49.5731246724555,2.57177329376949e-06,0.450000000248315,0.449999999718952,49.8138155613139,1.02870931748384e-05,0.450000000081263,0.450000000059614,49.615208336786,5.1435465866125e-06,0.449999999950042,0.449999999900625,49.6152083368436,5.14354658814591e-06
112,49.9069077806558,1.0287093174849e-05,49.7343284984319,5.14354658749639e-06,49.7343284984421,5.14354658697578e-06,49.5748765652355,2.57177330445038e-06,49.5748765652356,2.57177330405964e-06,49.5748765653113,2.57177328401546e-06,49.5748765653141,2.57177328222337e-06,49.7320011929442,5.14354658574493e-06,49.7320011929626,5.14354658911932e-06,49.5731246724004,2.57177329293776e-06,49.5731246724004,2.57177329272937e-06,49.5731246724615,2.57177329474823e-06,49.5731246724657,2.57177329445434e-06,0.450000000009332,0.449999999990466,49.8138155613116,1.02870931749003e-05,0.450000000329805,0.45000000029871,49.6152083367686,5.14354658573029e-06,0.449999999770545,0.44999999962793,49.615208336855,5.14354658915272e-06
113,49.9069077806553,1.02870931749554e-05,49.7343284984421,5.14354658182034e-06,49.7343284984283,5.14354659397465e-06,49.5748765652596,2.57177329513643e-06,49.5748765652607,2.57177329451501e-06,49.5748765652805,2.57177329335931e-06,49.574876565284,2.57177329211455e-06,49.7320011929625,5.14354658653397e-06,49.7320011929409,5.14354658841936e-06,49.5731246724164,2.57177329327446e-06,49.5731246724182,2.57177329323331e-06,49.5731246724379,2.57177329409e-06,49.5731246724437,2.57177329436e-06,0.450000000228138,0.449999999787699,49.8138155613107,1.02870931749667e-05,0.450000000251694,0.45000000020224,49.6152083367932,5.143546586517e-06,0.449999999821236,0.449999999722178,49.6152083368251,5.14354658844513e-06
114,49.9069077806546,1.02870931749999e-05,49.7343284984444,5.14354658124465e-06,49.7343284984225,5.14354659324498e-06,49.5748765652911,2.57177328562505e-06,49.5748765652922,2.57177328533717e-06,49.574876565245,2.57177330168855e-06,49.5748765652462,2.57177330199058e-06,49.7320011929679,5.14354658807606e-06,49.7320011929314,5.14354658693631e-06,49.5731246724418,2.57177329399035e-06,49.5731246724436,2.57177329412806e-06,49.573124672409,2.57177329318727e-06,49.5731246724112,2.57177329370362e-06,0.450000000208813,0.449999999773953,49.8138155613091,1.02870931750458e-05,0.449999999962411,0.449999999939501,49.615208336829,5.14354658808043e-06,0.450000000062524,0.450000000038489,49.6152083367843,5.14354658692992e-06
115,49.906907780654,1.02870931750816e-05,49.7343284984363,5.14354658714891e-06,49.7343284984275,5.14354658798202e-06,49.574876565298,2.57177328496925e-06,49.574876565298,2.57177328523056e-06,49.574876565236,2.57177330180113e-06,49.5748765652341,2.57177330317515e-06,49.7320011929563,5.14354658890121e-06,49.7320011929404,5.14354658617833e-06,49.57312467245,2.57177329439642e-06,49.5731246724502,2.57177329456867e-06,49.5731246724001,2.57177329291593e-06,49.5731246723973,2.57177329319636e-06,0.450000000019676,0.449999999989487,49.8138155613081,1.02870931750858e-05,0.449999999768414,0.449999999747619,49.61520833684,5.1435465889117e-06,0.450000000304784,0.45000000019544,49.6152083367698,5.14354658615412e-06
116,49.9069077806537,1.02870931751216e-05,49.7343284984256,5.14354659251458e-06,49.7343284984363,5.14354658289339e-06,49.5748765652752,2.57177329236377e-06,49.5748765652743,2.57177329286345e-06,49.5748765652564,2.57177329435158e-06,49.5748765652535,2.57177329544453e-06,49.7320011929391,5.14354658836565e-06,49.7320011929556,5.14354658676357e-06,49.5731246724336,2.57177329416734e-06,49.5731246724323,2.57177329422033e-06,49.5731246724147,2.57177329345153e-06,49.5731246724101,2.57177329328864e-06,0.45000000017427,0.449999999825624,49.8138155613075,1.02870931751204e-05,0.449999999830217,0.449999999790452,49.6152083368173,5.14354658836146e-06,0.450000000233226,0.450000000146249,49.6152083367894,5.14354658674347e-06
117,49.9069077806535,1.0287093175143e-05,49.7343284984212,5.14354659236043e-06,49.734328498439,5.14354658249266e-06,49.574876565246,2.57177330006152e-06,49.5748765652451,2.57177330032349e-06,49.5748765652819,2.57177328731431e-06,49.5748765652807,2.5717732872336e-06,49.7320011929316,5.14354658716339e-06,49.7320011929611,5.14354658800228e-06,49.5731246724094,2.57177329361204e-06,49.5731246724079,2.57177329351557e-06,49.5731246724348,2.57177329421787e-06,49.5731246724326,2.57177329381886e-06,0.450000000175585,0.449999999818003,49.8138155613069,1.02870931751777e-05,0.450000000044575,0.450000000023727,49.6152083367848,5.14354658714819e-06,0.449999999971434,0.449999999965012,49.6152083368193,5.14354658800494e-06
118,49.906907780653,1.02870931751824e-05,49.7343284984252,5.1435465879817e-06,49.7343284984329,5.14354658695925e-06,49.5748765652366,2.57177330096344e-06,49.5748765652364,2.57177330081377e-06,49.574876565287,2.57177328718947e-06,49.5748765652883,2.57177328617493e-06,49.7320011929385,5.14354658650345e-06,49.7320011929522,5.14354658868611e-06,49.5731246723993,2.57177329329574e-06,49.5731246723989,2.57177329315419e-06,49.5731246724398,2.57177329449844e-06,49.5731246724416,2.5717732942432e-06,0.450000000016489,0.449999999979438,49.813815561306,1.02870931751968e-05,0.450000000201584,0.450000000189672,49.6152083367724,5.14354658648426e-06,0.449999999844406,0.449999999763669,49.6152083368294,5.14354658870798e-06
119,49.9069077806527,1.02870931752328e-05,49.7343284984323,5.14354658395186e-06,49.7343284984242,5.14354659152613e-06,49.5748765652519,2.57177329517331e-06,49.5748765652525,2.57177329478865e-06,49.5748765652686,2.57177329313021e-06,49.5748765652708,2.57177329220243e-06,49.732001192951,5.14354658693274e-06,49.7320011929383,5.14354658827834e-06,49.5731246724094,2.57177329348684e-06,49.5731246724104,2.57177329342891e-06,49.5731246724259,2.5717732941069e-06,49.5731246724295,2.57177329419414e-06,0.450000000141784,0.449999999867313,49.8138155613054,1.02870931752059e-05,0.45000000017268,0.450000000142068,49.6152083367878,5.14354658693082e-06,0.449999999878528,0.449999999804696,49.615208336812,5.14354658829598e-06
120,49.9069077806525,1.02870931752542e-05,49.734328498435,5.14354658358585e-06,49.7343284984206,5.14354659168116e-06,49.5748765652735,2.57177328883679e-06,49.5748765652742,2.57177328858628e-06,49.5748765652456,2.57177329890301e-06,49.5748765652467,2.57177329885011e-06,49.732001192956,5.14354658792513e-06,49.7320011929321,5.14354658730704e-06,49.5731246724268,2.57177329394397e-06,49.5731246724281,2.57177329400812e-06,49.5731246724072,2.57177329348848e-06,49.5731246724093,2.5717732937919e-06,0.45000000014755,0.449999999854198,49.813815561305,1.02870931752259e-05,0.449999999989058,0.449999999969122,49.6152083368122,5.14354658793036e-06,0.450000000022657,0.450000000018448,49.6152083367858,5.14354658730463e-06
121,49.9069077806524,1.02870931752656e-05,49.7343284984307,5.14354658703359e-06,49.7343284984241,5.14354658814036e-06,49.57487656528,2.57177328795948e-06,49.5748765652802,2.57177328804361e-06,49.5748765652389,2.57177329930093e-06,49.5748765652382,2.5717733000279e-06,49.7320011929496,5.14354658850809e-06,49.7320011929379,5.14354658675067e-06,49.5731246724338,2.57177329421729e-06,49.5731246724342,2.57177329433141e-06,49.5731246724008,2.57177329324048e-06,49.5731246723998,2.57177329346631e-06,0.450000000020722,0.449999999980616,49.8138155613049,1.02870931752504e-05,0.449999999849654,0.44999999984296,49.6152083368214,5.14354658851335e-06,0.450000000186618,0.450000000128766,49.6152083367753,5.14354658673437e-06
122,49.9069077806524,1.02870931752687e-05,49.734328498424,5.14354659055809e-06,49.7343284984302,5.14354658457847e-06,49.5748765652667,2.57177329252033e-06,49.5748765652662,2.5717732928255e-06,49.5748765652519,2.57177329453816e-06,49.5748765652502,2.57177329531078e-06,49.7320011929386,5.1435465882008e-06,49.7320011929482,5.14354658707199e-06,49.5731246724245,2.57177329408053e-06,49.5731246724239,2.57177329413837e-06,49.5731246724103,2.57177329354336e-06,49.5731246724075,2.57177329350858e-06,0.450000000107069,0.449999999890384,49.8138155613047,1.02870931752814e-05,0.449999999882102,0.449999999857817,49.6152083368084,5.14354658821685e-06,0.450000000161731,0.450000000100246,49.6152083367874,5.14354658705724e-06
123,49.9069077806522,1.02870931752798e-05,49.7343284984209,5.14354659094841e-06,49.7343284984325,5.14354658431486e-06,49.5748765652479,2.57177329764033e-06,49.5748765652472,2.57177329788221e-06,49.5748765652695,2.5717732897409e-06,49.5748765652684,2.57177328989073e-06,49.7320011929333,5.14354658741548e-06,49.7320011929526,5.14354658786713e-06,49.5731246724092,2.57177329371873e-06,49.5731246724082,2.57177329367785e-06,49.5731246724243,2.57177329405718e-06,49.5731246724225,2.57177329383e-06,0.450000000118864,0.449999999878481,49.8138155613044,1.02870931752896e-05,0.450000000020407,0.450000000001158,49.6152083367874,5.14354658742195e-06,0.449999999995363,0.449999999983438,49.6152083368075,5.1435465878676e-06
124,49.9069077806522,1.02870931752951e-05,49.7343284984237,5.14354658831834e-06,49.7343284984293,5.14354658719951e-06,49.5748765652411,2.57177329861034e-06,49.5748765652408,2.57177329858174e-06,49.5748765652745,2.57177328932534e-06,49.5748765652749,2.57177328880793e-06,49.7320011929378,5.14354658694424e-06,49.7320011929478,5.14354658835208e-06,49.5731246724023,2.57177329350074e-06,49.5731246724018,2.5717732934104e-06,49.573124672429,2.57177329429163e-06,49.5731246724295,2.57177329409662e-06,0.450000000022075,0.449999999981532,49.8138155613044,1.02870931753023e-05,0.45000000012586,0.450000000123584,49.6152083367785,5.14354658694265e-06,0.449999999896548,0.449999999855372,49.6152083368157,5.14354658836692e-06
125,49.906907780652,1.02870931753033e-05,49.7343284984276,5.14354658710006e-06,49.7343284984245,5.14354658831907e-06,49.57487656525,2.5717732949138e-06,49.5748765652502,2.57177329483286e-06,49.5748765652641,2.57177329288325e-06,49.5748765652651,2.5717732926828e-06,49.7320011929454,5.14354658716855e-06,49.7320011929393,5.14354658813625e-06,49.5731246724081,2.57177329360277e-06,49.5731246724084,2.57177329354415e-06,49.5731246724212,2.57177329407735e-06,49.573124672423,2.57177329406875e-06,0.450000000019107,0.449999999974934,49.8138155613039,1.02870931753114e-05,0.45000000010893,0.450000000102488,49.6152083367869,5.14354658715638e-06,0.449999999900743,0.449999999884791,49.6152083368062,5.14354658813863e-06
126,49.906907780652,1.02870931753198e-05,49.7343284984288,5.14354658761696e-06,49.7343284984233,5.14354658771814e-06,49.5748765652601,2.57177329341645e-06,49.5748765652604,2.57177329341745e-06,49.5748765652539,2.57177329416501e-06,49.5748765652543,2.57177329431018e-06,49.7320011929478,5.14354658765985e-06,49.7320011929369,5.14354658765902e-06,49.5731246724172,2.57177329382836e-06,49.5731246724178,2.57177329382613e-06,49.573124672412,2.57177329377657e-06,49.5731246724129,2.57177329388092e-06,0.450000000005951,0.450000000002285,49.8138155613041,1.02870931753196e-05,0.449999999995622,0.449999999995543,49.6152083367995,5.14354658765205e-06,0.450000000015422,0.45000000000387,49.6152083367934,5.14354658766024e-06
127,49.9069077806518,1.02870931753168e-05,49.7343284984266,5.14354658783411e-06,49.734328498425,5.14354658745563e-06,49.574876565262,2.57177329389296e-06,49.574876565262,2.57177329390827e-06,49.574876565252,2.57177329372514e-06,49.5748765652518,2.57177329380425e-06,49.7320011929437,5.14354658783703e-06,49.7320011929405,5.14354658747844e-06,49.5731246724198,2.5717732939122e-06,49.57312467242,2.571773293933e-06,49.5731246724099,2.57177329370765e-06,49.5731246724094,2.57177329377365e-06,0.450000000002411,0.449999999988696,49.8138155613037,1.0287093175315e-05,0.449999999937376,0.449999999936157,49.6152083368025,5.14354658782941e-06,0.450000000062851,0.450000000056555,49.61520833679,5.14354658748198e-06
128,49.906907780652,1.02870931753277e-05,49.7343284984247,5.14354658768399e-06,49.734328498427,5.14354658766061e-06,49.5748765652581,2.57177329383045e-06,49.574876565258,2.57177329382603e-06,49.5748765652558,2.57177329384166e-06,49.5748765652553,2.5717732938132e-06,49.7320011929399,5.14354658766324e-06,49.7320011929445,5.14354658766507e-06,49.5731246724161,2.57177329383349e-06,49.5731246724159,2.57177329383889e-06,49.5731246724136,2.57177329384427e-06,49.5731246724127,2.57177329382109e-06,0.450000000005145,0.450000000004297,49.8138155613039,1.02870931753278e-05,0.449999999978887,0.449999999978535,49.6152083367972,5.14354658766115e-06,0.450000000023829,0.450000000021563,49.6152083367951,5.14354658766479e-06
129,49.9069077806517,1.0287093175325e-05,49.7343284984242,5.14354658743122e-06,49.7343284984267,5.14354658785491e-06,49.5748765652542,2.57177329375778e-06,49.5748765652541,2.57177329373809e-06,49.5748765652589,2.57177329396496e-06,49.5748765652587,2.57177329390394e-06,49.7320011929393,5.14354658744124e-06,49.7320011929442,5.14354658788491e-06,49.5731246724121,2.57177329372846e-06,49.5731246724119,2.57177329371194e-06,49.5731246724167,2.57177329397241e-06,49.5731246724164,2.57177329391233e-06,0.450000000001798,0.449999999986444,49.8138155613034,1.02870931753259e-05,0.45000000003268,0.450000000031113,49.6152083367918,5.14354658743832e-06,0.449999999969054,0.449999999964198,49.6152083367999,5.14354658788488e-06
130,49.9069077806519,1.02870931753416e-05,49.7343284984256,5.14354658744362e-06,49.7343284984257,5.14354658791352e-06,49.5748765652545,2.57177329374548e-06,49.5748765652544,2.57177329372038e-06,49.5748765652583,2.57177329395711e-06,49.5748765652584,2.57177329391957e-06,49.7320011929419,5.14354658743054e-06,49.732001192942,5.14354658791075e-06,49.5731246724122,2.5717732937232e-06,49.5731246724121,2.57177329370179e-06,49.5731246724161,2.57177329397167e-06,49.5731246724164,2.57177329393857e-06,0.450000000015913,0.449999999998884,49.8138155613039,1.02870931753414e-05,0.450000000047146,0.450000000045149,49.6152083367922,5.14354658742832e-06,0.44999999995917,0.449999999956183,49.6152083367994,5.14354658791126e-06
131,49.9069077806516,1.02870931753314e-05,49.734328498426,5.14354658755899e-06,49.7343284984243,5.1435465877744e-06,49.574876565257,2.57177329378077e-06,49.574876565257,2.57177329376844e-06,49.5748765652553,2.5717732938709e-06,49.5748765652555,2.57177329388414e-06,49.7320011929431,5.14354658756937e-06,49.7320011929398,5.14354658776115e-06,49.5731246724146,2.5717732937881e-06,49.5731246724147,2.57177329377716e-06,49.5731246724131,2.57177329387589e-06,49.5731246724135,2.57177329388502e-06,0.449999999995005,0.449999999987199,49.8138155613032,1.02870931753314e-05,0.450000000012473,0.450000000011492,49.6152083367958,5.1435465875702e-06,0.44999999998523,0.449999999984177,49.6152083367953,5.1435465877621e-06
132,49.906907780652,1.0287093175349e-05,49.7343284984263,5.14354658769241e-06,49.7343284984251,5.14354658765881e-06,49.5748765652588,2.57177329384728e-06,49.5748765652588,2.57177329385442e-06,49.5748765652537,2.57177329381865e-06,49.5748765652537,2.57177329386279e-06,49.7320011929432,5.14354658769987e-06,49.7320011929407,5.14354658764938e-06,49.5731246724165,2.57177329385088e-06,49.5731246724166,2.57177329385157e-06,49.5731246724115,2.57177329381252e-06,49.5731246724116,2.5717732938363e-06,0.450000000011365,0.450000000010148,49.8138155613039,1.02870931753487e-05,0.449999999987264,0.449999999986695,49.6152083367985,5.14354658770299e-06,0.450000000019056,0.450000000015542,49.6152083367929,5.1435465876466e-06
133,49.9069077806515,1.02870931753304e-05,49.7343284984249,5.14354658767954e-06,49.734328498425,5.14354658763166e-06,49.574876565258,2.57177329383782e-06,49.574876565258,2.57177329384695e-06,49.574876565254,2.57177329381616e-06,49.574876565254,2.57177329381974e-06,49.7320011929411,5.14354658769244e-06,49.7320011929414,5.14354658763834e-06,49.5731246724159,2.57177329384567e-06,49.5731246724159,2.57177329384979e-06,49.5731246724118,2.57177329381476e-06,49.5731246724117,2.57177329382462e-06,0.449999999987776,0.449999999986041,49.8138155613029,1.02870931753296e-05,0.44999999998094,0.449999999980213,49.6152083367975,5.14354658769389e-06,0.450000000013615,0.45000000001333,49.6152083367932,5.14354658763932e-06
134,49.906907780652,1.02870931753565e-05,49.7343284984253,5.14354658768409e-06,49.7343284984261,5.14354658773361e-06,49.5748765652566,2.57177329381906e-06,49.5748765652566,2.57177329382707e-06,49.5748765652556,2.57177329386577e-06,49.5748765652556,2.57177329385135e-06,49.7320011929411,5.14354658763807e-06,49.7320011929428,5.14354658771902e-06,49.5731246724145,2.57177329381979e-06,49.5731246724145,2.57177329382014e-06,49.5731246724134,2.57177329386339e-06,49.5731246724133,2.57177329385525e-06,0.450000000016836,0.450000000015041,49.813815561304,1.0287093175355e-05,0.450000000004492,0.450000000003855,49.6152083367958,5.14354658763932e-06,0.450000000003327,0.45000000000218,49.6152083367954,5.14354658771845e-06
135,49.9069077806513,1.02870931753298e-05,49.7343284984244,5.14354658758052e-06,49.7343284984249,5.14354658773751e-06,49.5748765652556,2.57177329381445e-06,49.5748765652556,2.57177329380592e-06,49.5748765652559,2.57177329388975e-06,49.5748765652559,2.57177329386902e-06,49.7320011929406,5.14354658758774e-06,49.7320011929414,5.14354658774265e-06,49.5731246724134,2.57177329379466e-06,49.5731246724134,2.5717732937916e-06,49.5731246724138,2.57177329387703e-06,49.5731246724137,2.5717732938649e-06,0.449999999983599,0.44999999997791,49.8138155613026,1.02870931753296e-05,0.45000000000797,0.450000000007291,49.6152083367944,5.1435465875893e-06,0.449999999985292,0.449999999983643,49.6152083367959,5.14354658774118e-06
136,49.9069077806521,1.02870931753662e-05,49.734328498426,5.1435465876405e-06,49.7343284984257,5.14354658776448e-06,49.5748765652563,2.57177329382303e-06,49.5748765652563,2.57177329381016e-06,49.5748765652557,2.57177329387818e-06,49.5748765652558,2.57177329387882e-06,49.7320011929423,5.14354658763068e-06,49.7320011929418,5.14354658773557e-06,49.5731246724141,2.57177329381713e-06,49.5731246724141,2.57177329381359e-06,49.5731246724135,2.57177329386921e-06,49.5731246724136,2.57177329386511e-06,0.450000000025592,0.4500000000211,49.8138155613043,1.02870931753678e-05,0.450000000013648,0.450000000012623,49.6152083367955,5.14354658763386e-06,0.449999999996867,0.449999999996816,49.6152083367956,5.14354658773482e-06
137,49.9069077806511,1.02870931753253e-05,49.7343284984246,5.14354658763877e-06,49.7343284984241,5.14354658766174e-06,49.5748765652565,2.57177329382095e-06,49.5748765652566,2.57177329381848e-06,49.5748765652547,2.57177329382668e-06,49.5748765652547,2.57177329384689e-06,49.7320011929412,5.1435465876573e-06,49.7320011929402,5.1435465876677e-06,49.5731246724143,2.57177329382821e-06,49.5731246724144,2.57177329382759e-06,49.5731246724125,2.57177329383166e-06,49.5731246724126,2.5717732938363e-06,0.449999999972017,0.449999999971185,49.8138155613022,1.02870931753259e-05,0.449999999991916,0.44999999999172,49.6152083367959,5.14354658765751e-06,0.449999999997044,0.449999999995436,49.6152083367941,5.14354658766842e-06
138,49.9069077806523,1.02870931753777e-05,49.7343284984262,5.14354658772467e-06,49.734328498426,5.14354658769768e-06,49.5748765652571,2.57177329385552e-06,49.5748765652571,2.57177329385434e-06,49.574876565255,2.57177329383721e-06,49.574876565255,2.57177329385751e-06,49.7320011929425,5.14354658770157e-06,49.7320011929421,5.14354658767543e-06,49.5731246724149,2.57177329385248e-06,49.5731246724149,2.57177329385268e-06,49.5731246724128,2.57177329383481e-06,49.5731246724128,2.57177329383951e-06,0.450000000034981,0.450000000034003,49.8138155613047,1.02870931753778e-05,0.450000000001041,0.450000000000947,49.6152083367968,5.14354658770844e-06,0.450000000014334,0.450000000012719,49.6152083367945,5.14354658767388e-06
139,49.9069077806508,1.02870931753149e-05,49.7343284984238,5.14354658762042e-06,49.734328498424,5.14354658761243e-06,49.574876565256,2.57177329383119e-06,49.574876565256,2.57177329383002e-06,49.5748765652549,2.57177329382221e-06,49.5748765652549,2.57177329382099e-06,49.7320011929402,5.14354658765894e-06,49.7320011929405,5.14354658765636e-06,49.5731246724139,2.57177329382899e-06,49.5731246724139,2.57177329382941e-06,49.5731246724128,2.57177329382826e-06,49.5731246724127,2.57177329382843e-06,0.449999999958123,0.449999999957833,49.8138155613017,1.02870931753187e-05,0.449999999987052,0.449999999986959,49.6152083367953,5.14354658766024e-06,0.449999999994831,0.449999999994733,49.6152083367942,5.14354658765842e-06
140,49.9069077806527,1.02870931753916e-05,49.7343284984264,5.14354658769748e-06,49.7343284984267,5.14354658773141e-06,49.5748765652563,2.57177329384097e-06,49.5748765652563,2.57177329384774e-06,49.574876565256,2.57177329386618e-06,49.574876565256,2.57177329386601e-06,49.7320011929425,5.14354658767755e-06,49.7320011929429,5.14354658771426e-06,49.5731246724141,2.57177329384051e-06,49.5731246724141,2.57177329384044e-06,49.5731246724137,2.5717732938577e-06,49.5731246724137,2.57177329385521e-06,0.450000000051627,0.450000000050397,49.8138155613053,1.02870931753951e-05,0.450000000013574,0.450000000013035,49.6152083367958,5.1435465876857e-06,0.450000000008723,0.45000000000871,49.6152083367958,5.14354658771572e-06
141,49.9069077806504,1.02870931753001e-05,49.7343284984233,5.14354658760898e-06,49.7343284984233,5.14354658763211e-06,49.5748765652553,2.57177329379631e-06,49.5748765652553,2.57177329379224e-06,49.5748765652552,2.57177329383658e-06,49.5748765652552,2.57177329384206e-06,49.7320011929398,5.14354658763187e-06,49.7320011929398,5.14354658766833e-06,49.5731246724132,2.57177329381447e-06,49.5731246724131,2.57177329381387e-06,49.573124672413,2.57177329383542e-06,49.5731246724131,2.57177329383417e-06,0.449999999938199,0.449999999937361,49.8138155613009,1.02870931752996e-05,0.449999999988892,0.449999999988569,49.6152083367944,5.14354658763113e-06,0.449999999984397,0.449999999983961,49.6152083367946,5.14354658767024e-06
142,49.9069077806531,1.0287093175413e-05,49.7343284984273,5.1435465877288e-06,49.7343284984272,5.14354658774926e-06,49.5748765652565,2.57177329386183e-06,49.5748765652565,2.57177329385152e-06,49.574876565256,2.57177329387434e-06,49.574876565256,2.57177329387759e-06,49.7320011929434,5.14354658769816e-06,49.7320011929432,5.14354658771557e-06,49.5731246724143,2.57177329385204e-06,49.5731246724143,2.57177329385102e-06,49.5731246724138,2.57177329385676e-06,49.5731246724138,2.57177329385676e-06,0.450000000076355,0.450000000075614,49.8138155613063,1.02870931754169e-05,0.450000000018204,0.450000000017384,49.6152083367963,5.14354658771117e-06,0.450000000015149,0.450000000014891,49.6152083367958,5.14354658771481e-06
143,49.9069077806498,1.02870931752744e-05,49.7343284984224,5.14354658757779e-06,49.7343284984223,5.14354658757546e-06,49.5748765652553,2.57177329381285e-06,49.5748765652553,2.57177329380631e-06,49.5748765652547,2.57177329380725e-06,49.5748765652547,2.57177329380359e-06,49.7320011929391,5.14354658764168e-06,49.7320011929389,5.14354658763402e-06,49.5731246724132,2.57177329381908e-06,49.5731246724132,2.57177329381887e-06,49.5731246724126,2.57177329381693e-06,49.5731246724126,2.57177329381795e-06,0.449999999906862,0.449999999906778,49.8138155612996,1.02870931752759e-05,0.449999999977049,0.449999999976529,49.6152083367945,5.14354658764569e-06,0.449999999982749,0.449999999982458,49.6152083367938,5.14354658763386e-06
144,49.9069077806539,1.0287093175446e-05,49.7343284984283,5.14354658779649e-06,49.7343284984283,5.14354658778351e-06,49.5748765652568,2.57177329389204e-06,49.5748765652568,2.57177329389261e-06,49.5748765652562,2.5717732938837e-06,49.5748765652562,2.57177329388199e-06,49.7320011929442,5.1435465877262e-06,49.7320011929442,5.14354658771972e-06,49.5731246724146,2.57177329386652e-06,49.5731246724146,2.57177329386632e-06,49.5731246724139,2.57177329385834e-06,49.5731246724139,2.57177329385927e-06,0.450000000114019,0.450000000113549,49.8138155613077,1.02870931754478e-05,0.45000000002376,0.450000000023714,49.6152083367968,5.14354658773209e-06,0.450000000025209,0.450000000025073,49.615208336796,5.14354658771572e-06
145,49.9069077806489,1.02870931752406e-05,49.734328498421,5.14354658757408e-06,49.734328498421,5.1435465875706e-06,49.5748765652547,2.57177329378831e-06,49.5748765652547,2.57177329379654e-06,49.5748765652546,2.5717732938054e-06,49.5748765652546,2.57177329379981e-06,49.7320011929377,5.14354658762085e-06,49.7320011929379,5.1435465876192e-06,49.5731246724126,2.57177329380678e-06,49.5731246724126,2.57177329380644e-06,49.5731246724125,2.57177329381089e-06,49.5731246724125,2.57177329381047e-06,0.449999999861226,0.4499999998611,49.8138155612978,1.02870931752341e-05,0.449999999969008,0.449999999968353,49.6152083367936,5.14354658761022e-06,0.449999999972293,0.449999999971847,49.6152083367935,5.1435465876184e-06
146,49.9069077806549,1.02870931754969e-05,49.7343284984299,5.14354658781977e-06,49.7343284984299,5.14354658784051e-06,49.574876565257,2.57177329389183e-06,49.574876565257,2.57177329388798e-06,49.5748765652568,2.57177329388287e-06,49.5748765652568,2.57177329388803e-06,49.7320011929455,5.14354658774142e-06,49.7320011929456,5.1435465877517e-06,49.5731246724147,2.57177329387447e-06,49.5731246724147,2.57177329387349e-06,49.5731246724145,2.57177329387553e-06,49.5731246724145,2.57177329387482e-06,0.450000000170052,0.4500000001693,49.8138155613098,1.0287093175486e-05,0.450000000038913,0.450000000038607,49.615208336797,5.14354658773391e-06,0.450000000034223,0.450000000033812,49.6152083367969,5.14354658775119e-06
147,49.9069077806476,1.02870931751859e-05,49.7343284984191,5.14354658749866e-06,49.7343284984191,5.14354658750897e-06,49.5748765652541,2.57177329375338e-06,49.5748765652541,2.57177329374872e-06,49.5748765652542,2.57177329379055e-06,49.5748765652542,2.57177329379671e-06,49.7320011929361,5.14354658759459e-06,49.7320011929361,5.14354658759227e-06,49.573124672412,2.57177329379041e-06,49.573124672412,2.57177329379053e-06,49.5731246724121,2.57177329379906e-06,49.5731246724121,2.57177329379802e-06,0.449999999794304,0.44999999979393,49.8138155612952,1.02870931751813e-05,0.449999999955422,0.449999999955052,49.6152083367926,5.14354658756474e-06,0.449999999957129,0.449999999956639,49.6152083367929,5.14354658759475e-06
148,49.9069077806565,1.02870931755619e-05,49.7343284984323,5.14354658789135e-06,49.7343284984322,5.14354658790557e-06,49.5748765652577,2.57177329390789e-06,49.5748765652577,2.57177329390149e-06,49.5748765652573,2.57177329392889e-06,49.5748765652573,2.57177329392224e-06,49.7320011929477,5.14354658777866e-06,49.7320011929476,5.14354658777942e-06,49.5731246724153,2.57177329389415e-06,49.5731246724154,2.57177329389487e-06,49.573124672415,2.57177329388906e-06,49.573124672415,2.57177329388846e-06,0.450000000250867,0.450000000250352,49.813815561313,1.02870931755533e-05,0.450000000056837,0.450000000056328,49.6152083367981,5.14354658777847e-06,0.450000000052266,0.450000000051738,49.6152083367977,5.14354658778575e-06
149,49.9069077806458,1.02870931750981e-05,49.7343284984164,5.14354658740434e-06,49.7343284984164,5.14354658740443e-06,49.5748765652534,2.57177329375418e-06,49.5748765652534,2.57177329376315e-06,49.5748765652534,2.57177329375963e-06,49.5748765652534,2.5717732937595e-06,49.7320011929338,5.14354658755414e-06,49.7320011929337,5.14354658754705e-06,49.5731246724114,2.57177329377084e-06,49.5731246724114,2.57177329377132e-06,49.5731246724114,2.57177329377487e-06,49.5731246724114,2.57177329377572e-06,0.449999999695693,0.44999999969569,49.8138155612915,1.0287093175104e-05,0.449999999931028,0.449999999930314,49.6152083367918,5.14354658756292e-06,0.449999999937337,0.449999999937327,49.6152083367918,5.14354658756019e-06
150,49.9069077806588,1.02870931756533e-05,49.7343284984356,5.14354658798977e-06,49.7343284984356,5.1435465879953e-06,49.5748765652585,2.57177329396182e-06,49.5748765652585,2.57177329395632e-06,49.5748765652581,2.57177329395255e-06,49.5748765652581,2.57177329395454e-06,49.7320011929506,5.14354658782401e-06,49.7320011929506,5.14354658782807e-06,49.5731246724161,2.57177329392142e-06,49.5731246724161,2.57177329392088e-06,49.5731246724158,2.57177329391168e-06,49.5731246724158,2.57177329391262e-06,0.450000000368516,0.450000000368315,49.8138155613176,1.02870931756597e-05,0.450000000080893,0.450000000080455,49.6152083367994,5.14354658783395e-06,0.450000000076615,0.450000000076456,49.615208336799,5.1435465878385e-06
151,49.906907780643,1.02870931749784e-05,49.7343284984122,5.14354658728597e-06,49.7343284984122,5.14354658727352e-06,49.5748765652522,2.57177329370175e-06,49.5748765652522,2.57177329370287e-06,49.5748765652525,2.57177329369886e-06,49.5748765652525,2.57177329370294e-06,49.73200119293,5.14354658749097e-06,49.7320011929301,5.14354658749386e-06,49.5731246724103,2.57177329373758e-06,49.5731246724103,2.57177329373709e-06,49.5731246724105,2.57177329374832e-06,49.5731246724105,2.57177329374809e-06,0.449999999552757,0.449999999552306,49.8138155612859,1.02870931749985e-05,0.449999999902211,0.449999999902123,49.6152083367901,5.1435465875129e-06,0.449999999907203,0.449999999906879,49.6152083367902,5.14354658748653e-06
152,49.9069077806622,1.02870931757985e-05,49.7343284984406,5.14354658815946e-06,49.7343284984406,5.14354658817345e-06,49.5748765652597,2.57177329404348e-06,49.5748765652597,2.57177329401367e-06,49.5748765652594,2.57177329399435e-06,49.5748765652594,2.57177329400061e-06,49.7320011929549,5.14354658788777e-06,49.7320011929549,5.14354658790957e-06,49.5731246724173,2.57177329395818e-06,49.5731246724173,2.57177329395806e-06,49.5731246724169,2.57177329394923e-06,49.5731246724169,2.57177329394878e-06,0.450000000542523,0.450000000542016,49.8138155613244,1.02870931758107e-05,0.450000000118899,0.450000000116527,49.6152083368014,5.14354658792126e-06,0.450000000113606,0.450000000113108,49.6152083368008,5.14354658788943e-06
153,49.9069077806387,1.02870931748127e-05,49.734328498406,5.14354658708536e-06,49.734328498406,5.14354658707603e-06,49.5748765652506,2.57177329361187e-06,49.5748765652506,2.57177329363756e-06,49.574876565251,2.57177329362767e-06,49.574876565251,2.57177329362634e-06,49.7320011929246,5.14354658741085e-06,49.7320011929246,5.1435465874041e-06,49.5731246724087,2.57177329369101e-06,49.5731246724087,2.57177329369112e-06,49.5731246724092,2.57177329370558e-06,49.5731246724092,2.57177329370511e-06,0.449999999340874,0.449999999340536,49.8138155612774,1.02870931748021e-05,0.449999999856336,0.449999999854291,49.6152083367876,5.14354658740831e-06,0.449999999863213,0.449999999863107,49.6152083367879,5.14354658739285e-06
154,49.9069077806672,1.02870931760242e-05,49.734328498448,5.14354658836553e-06,49.734328498448,5.14354658835626e-06,49.5748765652618,2.57177329406812e-06,49.5748765652618,2.57177329406927e-06,49.5748765652612,2.57177329405988e-06,49.5748765652612,2.57177329406441e-06,49.7320011929615,5.14354658800956e-06,49.7320011929614,5.14354658800805e-06,49.5731246724192,2.57177329401957e-06,49.5731246724192,2.57177329401914e-06,49.5731246724186,2.57177329400065e-06,49.5731246724186,2.57177329400049e-06,0.450000000803426,0.45000000080309,49.8138155613345,1.02870931760172e-05,0.450000000176613,0.450000000176522,49.615208336804,5.14354658797129e-06,0.450000000166603,0.450000000166242,49.6152083368036,5.14354658800403e-06
155,49.9069077806324,1.028709317456e-05,49.7343284983968,5.1435465868043e-06,49.7343284983968,5.14354658679036e-06,49.5748765652483,2.57177329349517e-06,49.5748765652482,2.5717732935169e-06,49.5748765652488,2.57177329354442e-06,49.5748765652488,2.57177329355587e-06,49.7320011929165,5.14354658729703e-06,49.7320011929166,5.14354658726248e-06,49.5731246724066,2.57177329362232e-06,49.5731246724066,2.5717732936216e-06,49.5731246724071,2.57177329363979e-06,49.5731246724071,2.5717732936403e-06,0.449999999023591,0.449999999023086,49.8138155612648,1.0287093174521e-05,0.44999999978951,0.449999999787781,49.6152083367836,5.14354658721822e-06,0.449999999798448,0.449999999797537,49.6152083367846,5.14354658727188e-06
156,49.9069077806751,1.02870931763303e-05,49.7343284984596,5.1435465887099e-06,49.7343284984596,5.14354658873982e-06,49.5748765652648,2.57177329426046e-06,49.5748765652648,2.57177329423614e-06,49.5748765652639,2.57177329420321e-06,49.5748765652639,2.5717732942082e-06,49.7320011929716,5.14354658814327e-06,49.7320011929717,5.14354658818474e-06,49.573124672422,2.57177329410457e-06,49.573124672422,2.57177329410417e-06,49.5731246724212,2.57177329408043e-06,49.5731246724212,2.57177329407967e-06,0.450000001193078,0.450000001191994,49.8138155613502,1.02870931763609e-05,0.450000000262384,0.450000000260448,49.6152083368093,5.14354658824232e-06,0.450000000246405,0.450000000246009,49.6152083368077,5.14354658815591e-06
157,49.9069077806232,1.02870931741356e-05,49.7343284983831,5.14354658642268e-06,49.7343284983831,5.14354658639444e-06,49.5748765652444,2.57177329334684e-06,49.5748765652444,2.57177329337025e-06,49.5748765652455,2.57177329342582e-06,49.5748765652455,2.57177329341798e-06,49.7320011929046,5.14354658709026e-06,49.7320011929046,5.1435465870586e-06,49.573124672403,2.57177329351176e-06,49.573124672403,2.57177329351211e-06,49.573124672404,2.57177329354302e-06,49.573124672404,2.57177329354319e-06,0.449999998541876,0.449999998540853,49.8138155612464,1.02870931741536e-05,0.449999999673859,0.449999999671995,49.6152083367783,5.14354658706361e-06,0.449999999701506,0.449999999700882,49.61520833678,5.14354658713364e-06
158,49.9069077806861,1.02870931768258e-05,49.7343284984758,5.14354658920136e-06,49.7343284984758,5.14354658927559e-06,49.5748765652691,2.57177329439816e-06,49.5748765652691,2.57177329437338e-06,49.5748765652679,2.57177329431448e-06,49.5748765652679,2.57177329431824e-06,49.7320011929858,5.14354658837863e-06,49.7320011929858,5.14354658843371e-06,49.573124672426,2.57177329423316e-06,49.573124672426,2.57177329423382e-06,49.5731246724248,2.57177329419699e-06,49.5731246724248,2.57177329419716e-06,0.450000001775991,0.4500000017733,49.8138155613722,1.02870931768157e-05,0.450000000398137,0.450000000396164,49.6152083368156,5.14354658845059e-06,0.450000000359531,0.450000000359232,49.6152083368132,5.14354658831689e-06
159,49.9069077806097,1.02870931735768e-05,49.7343284983632,5.14354658581867e-06,49.7343284983632,5.14354658580631e-06,49.5748765652391,2.5717732931827e-06,49.5748765652391,2.57177329322021e-06,49.5748765652408,2.57177329317247e-06,49.5748765652408,2.57177329317967e-06,49.7320011928872,5.14354658679514e-06,49.7320011928871,5.14354658679614e-06,49.573124672398,2.57177329335445e-06,49.573124672398,2.57177329335485e-06,49.5731246723996,2.57177329340355e-06,49.5731246723996,2.57177329340382e-06,0.449999997847444,0.449999997846996,49.8138155612195,1.02870931735752e-05,0.449999999521792,0.449999999518807,49.615208336771,5.14354658686807e-06,0.44999999956898,0.449999999568406,49.6152083367719,5.14354658674893e-06
160,49.9069077807032,1.02870931774755e-05,49.7343284985012,5.14354658989952e-06,49.7343284985011,5.14354659005306e-06,49.5748765652754,2.57177329490964e-06,49.5748765652755,2.57177329485137e-06,49.5748765652739,2.57177329457864e-06,49.5748765652738,2.57177329461388e-06,49.7320011930082,5.14354658865967e-06,49.732001193008,5.14354658881283e-06,49.5731246724319,2.57177329442294e-06,49.5731246724319,2.57177329442312e-06,49.5731246724304,2.5717732943664e-06,49.5731246724304,2.57177329436534e-06,0.450000002619878,0.450000002614314,49.8138155614064,1.02870931775542e-05,0.450000000574308,0.450000000569671,49.6152083368279,5.14354658915818e-06,0.450000000534682,0.450000000531877,49.6152083368226,5.14354658869706e-06
161,49.9069077805896,1.02870931726699e-05,49.7343284983329,5.14354658491414e-06,49.7343284983328,5.14354658491628e-06,49.5748765652305,2.57177329288279e-06,49.5748765652305,2.57177329292237e-06,49.5748765652334,2.57177329289248e-06,49.5748765652334,2.57177329287989e-06,49.7320011928606,5.14354658636298e-06,49.7320011928605,5.1435465863535e-06,49.5731246723901,2.57177329312137e-06,49.5731246723901,2.57177329312132e-06,49.5731246723927,2.5717732931865e-06,49.5731246723927,2.57177329318584e-06,0.449999996801824,0.449999996801746,49.8138155611791,1.02870931728075e-05,0.449999999273281,0.449999999270131,49.6152083367589,5.14354658649972e-06,0.449999999347187,0.449999999346186,49.6152083367606,5.14354658631873e-06
162,49.9069077807273,1.02870931785601e-05,49.7343284985361,5.1435465910379e-06,49.7343284985361,5.14354659116541e-06,49.5748765652849,2.57177329519411e-06,49.5748765652849,2.57177329513673e-06,49.5748765652826,2.57177329490588e-06,49.5748765652826,2.57177329492196e-06,49.7320011930386,5.14354658921595e-06,49.7320011930385,5.14354658933077e-06,49.5731246724406,2.57177329471345e-06,49.5731246724406,2.57177329471415e-06,49.5731246724385,2.57177329461953e-06,49.5731246724385,2.57177329461899e-06,0.45000000388731,0.45000000388269,49.8138155614546,1.0287093178631e-05,0.450000000876288,0.450000000871722,49.6152083368405,5.14354658948105e-06,0.450000000801105,0.450000000799825,49.6152083368352,5.14354658910179e-06
163,49.9069077805596,1.02870931714705e-05,49.7343284982896,5.14354658354333e-06,49.7343284982896,5.14354658351552e-06,49.574876565219,2.57177329249606e-06,49.574876565219,2.57177329256877e-06,49.574876565223,2.57177329242153e-06,49.574876565223,2.57177329239836e-06,49.7320011928227,5.14354658574869e-06,49.7320011928227,5.14354658573727e-06,49.5731246723793,2.57177329278948e-06,49.5731246723793,2.57177329278986e-06,49.5731246723831,2.57177329287972e-06,49.5731246723831,2.57177329288136e-06,0.449999995282837,0.44999999528183,49.8138155611191,1.02870931713833e-05,0.449999998944562,0.449999998938776,49.6152083367429,5.1435465860186e-06,0.449999999037673,0.44999999903583,49.6152083367446,5.14354658568936e-06
164,49.9069077807627,1.0287093180153e-05,49.7343284985891,5.1435465926474e-06,49.7343284985892,5.14354659265421e-06,49.5748765652986,2.57177329559205e-06,49.5748765652987,2.57177329549114e-06,49.5748765652956,2.5717732955066e-06,49.5748765652956,2.57177329552722e-06,49.732001193085,5.14354659004115e-06,49.732001193085,5.14354659004851e-06,49.5731246724535,2.57177329513043e-06,49.5731246724535,2.57177329513088e-06,49.5731246724506,2.57177329499481e-06,49.5731246724506,2.5717732949952e-06,0.450000005736761,0.450000005736514,49.8138155615254,1.02870931800135e-05,0.450000001253159,0.450000001245129,49.6152083368579,5.14354658982393e-06,0.45000000117497,0.45000000117333,49.6152083368558,5.14354658995853e-06
165,49.9069077805149,1.0287093169706e-05,49.7343284982257,5.14354658144073e-06,49.7343284982258,5.14354658136433e-06,49.5748765652026,2.57177329160148e-06,49.5748765652025,2.57177329170786e-06,49.5748765652073,2.57177329178408e-06,49.5748765652073,2.57177329175753e-06,49.7320011927667,5.14354658488058e-06,49.7320011927668,5.14354658477939e-06,49.5731246723639,2.57177329229932e-06,49.5731246723639,2.57177329229927e-06,49.5731246723686,2.57177329242445e-06,49.5731246723686,2.57177329242519e-06,0.449999993047299,0.44999999304453,49.8138155610297,1.02870931691968e-05,0.449999998515422,0.449999998506956,49.6152083367176,5.1435465850227e-06,0.449999998570183,0.44999999856807,49.615208336721,5.14354658481716e-06
166,49.9069077808188,1.02870931823002e-05,49.7343284986694,5.1435465953071e-06,49.7343284986695,5.14354659527468e-06,49.5748765653196,2.571773296254e-06,49.5748765653196,2.57177329613107e-06,49.5748765653149,2.57177329643688e-06,49.5748765653148,2.57177329646474e-06,49.7320011931554,5.14354659118902e-06,49.7320011931556,5.14354659114615e-06,49.573124672473,2.57177329573668e-06,49.5731246724731,2.57177329573709e-06,49.5731246724685,2.57177329555452e-06,49.5731246724685,2.5717732955531e-06,0.450000008486468,0.450000008485293,49.8138155616378,1.02870931827956e-05,0.45000000181199,0.450000001802207,49.6152083368868,5.14354659066976e-06,0.450000001748627,0.450000001746409,49.6152083368866,5.14354659126275e-06
167,49.9069077804472,1.02870931668036e-05,49.734328498121,5.14354657901246e-06,49.7343284981213,5.14354657847071e-06,49.574876565177,2.57177328995742e-06,49.574876565177,2.5717732901224e-06,49.5748765651831,2.57177329081643e-06,49.5748765651831,2.57177329078681e-06,49.7320011926743,5.14354658371653e-06,49.7320011926748,5.14354658317701e-06,49.5731246723401,2.57177329152896e-06,49.57312467234,2.57177329152932e-06,49.573124672346,2.57177329172099e-06,49.573124672346,2.57177329172252e-06,0.4499999896032,0.449999989583568,49.8138155608941,1.0287093166914e-05,0.44999999782526,0.449999997812132,49.615208336668,5.14354658215961e-06,0.449999997862412,0.449999997860055,49.6152083366843,5.14354658344382e-06
168,49.9069077808988,1.02870931859605e-05,49.7343284987913,5.1435465983717e-06,49.7343284987912,5.14354659899838e-06,49.5748765653532,2.57177329832552e-06,49.5748765653533,2.57177329813212e-06,49.5748765653446,2.57177329727264e-06,49.5748765653445,2.57177329732083e-06,49.7320011932623,5.14354659259577e-06,49.7320011932621,5.14354659321876e-06,49.5731246725042,2.57177329664958e-06,49.5731246725042,2.57177329665031e-06,49.5731246724961,2.57177329642639e-06,49.5731246724961,2.57177329642395e-06,0.450000012729091,0.450000012706382,49.8138155617977,1.02870931856287e-05,0.450000002804184,0.450000002788794,49.6152083369473,5.14354659376841e-06,0.450000002614256,0.450000002610421,49.6152083369252,5.14354659213222e-06
169,49.9069077803508,1.02870931625873e-05,49.7343284979787,5.14354657448624e-06,49.7343284979786,5.1435465742063e-06,49.5748765651363,2.5717732883287e-06,49.5748765651362,2.5717732885615e-06,49.5748765651497,2.57177328911755e-06,49.5748765651498,2.57177328906296e-06,49.7320011925501,5.14354658152341e-06,49.7320011925499,5.14354658122702e-06,49.5731246723026,2.57177329035017e-06,49.5731246723025,2.57177329034778e-06,49.5731246723149,2.57177329072545e-06,49.573124672315,2.5717732907281e-06,0.449999984539202,0.449999984529057,49.8138155607015,1.02870931629122e-05,0.449999996474945,0.449999996456418,49.6152083366102,5.1435465804152e-06,0.449999996881426,0.449999996877082,49.6152083366298,5.14354658102911e-06
170,49.9069077785777,1.02870930952045e-05,49.7343284951098,5.14354652848123e-06,49.7343284951096,5.14354652797022e-06,49.5748765644324,2.57177326833992e-06,49.5748765644321,2.5717732689241e-06,49.5748765644759,2.57177327032091e-06,49.5748765644761,2.5717732702029e-06,49.7320011898422,5.1435465480204e-06,49.7320011898418,5.1435465475084e-06,49.5731246716405,2.571773273056e-06,49.5731246716404,2.57177327306223e-06,49.5731246716814,2.57177327405803e-06,49.5731246716815,2.57177327407625e-06,0.449999964847327,0.449999964828809,49.8138155571547,1.0287093095636e-05,0.449999989417423,0.449999989370934,49.6152083356027,5.14354654602084e-06,0.449999989937324,0.449999989927932,49.6152083356667,5.14354654826093e-06
171,49.9069077787281,1.02870931045065e-05,49.7343284951211,5.14354655615446e-06,49.7343284951202,5.143546557178e-06,49.5748765643457,2.57177327647654e-06,49.5748765643459,2.57177327654641e-06,49.574876564382,2.57177327698873e-06,49.574876564382,2.57177327702843e-06,49.7320011896535,5.14354655173014e-06,49.7320011896517,5.14354655276885e-06,49.573124671547,2.57177327592533e-06,49.5731246715472,2.57177327597373e-06,49.5731246715815,2.57177327638111e-06,49.5731246715814,2.57177327639241e-06,0.45000001612278,0.45000001608569,49.8138155574563,1.02870931045836e-05,0.449999997105714,0.449999997100154,49.6152083355765,5.14354655221632e-06,0.449999997240093,0.449999997236934,49.6152083356205,5.14354655300394e-06
172,49.9069077785649,1.02870930909454e-05,49.7343284949111,5.14354653951882e-06,49.7343284949101,5.14354654011803e-06,49.5748765640816,2.57177327096554e-06,49.5748765640816,2.57177327126831e-06,49.5748765641283,2.57177327179638e-06,49.5748765641283,2.57177327173655e-06,49.732001189448,5.14354654523127e-06,49.7320011894461,5.14354654583642e-06,49.5731246712857,2.57177327225504e-06,49.5731246712859,2.57177327233546e-06,49.5731246713316,2.57177327302167e-06,49.5731246713315,2.5717732730217e-06,0.449999994605556,0.449999994583842,49.8138155571296,1.02870930909721e-05,0.449999993665902,0.449999993641807,49.6152083352527,5.14354654498493e-06,0.449999993643602,0.449999993638842,49.615208335308,5.14354654600902e-06
173,49.9069077793889,1.02870931170044e-05,49.7343284962619,5.14354656204212e-06,49.7343284962612,5.14354656305662e-06,49.574876564257,2.57177328064457e-06,49.5748765642571,2.57177328052135e-06,49.5748765642774,2.57177328052933e-06,49.5748765642774,2.57177328057328e-06,49.7320011907012,5.14354655786905e-06,49.7320011906996,5.14354655889965e-06,49.5731246714364,2.57177327919383e-06,49.5731246714365,2.5717732792745e-06,49.5731246714579,2.5717732793324e-06,49.5731246714578,2.57177327932248e-06,0.450000018681306,0.450000018644543,49.813815558778,1.02870931161788e-05,0.450000001159073,0.450000001149267,49.6152083355574,5.14354655841907e-06,0.450000000774891,0.450000000771393,49.615208335578,5.14354655860279e-06
174,49.9069077792033,1.0287093100451e-05,49.7343284961358,5.14354654122227e-06,49.7343284961354,5.14354654177089e-06,49.5748765641082,2.5717732731501e-06,49.5748765641079,2.57177327350199e-06,49.5748765641422,2.57177327362985e-06,49.5748765641423,2.57177327355317e-06,49.7320011906808,5.14354654989051e-06,49.73200119068,5.14354655045006e-06,49.5731246712919,2.57177327454758e-06,49.5731246712915,2.57177327459846e-06,49.5731246713257,2.5717732752968e-06,49.5731246713258,2.57177327529765e-06,0.449999989234525,0.449999989214645,49.8138155584063,1.02870930992503e-05,0.449999996097851,0.449999996069848,49.6152083353378,5.1435465501263e-06,0.449999996268202,0.449999996262101,49.6152083353727,5.14354655021543e-06
175,49.9069077802319,1.02870931363707e-05,49.7343284977767,5.14354657607779e-06,49.7343284977761,5.14354657756612e-06,49.5748765645075,2.57177328740998e-06,49.5748765645075,2.57177328711055e-06,49.574876564509,2.57177328620397e-06,49.574876564509,2.57177328627633e-06,49.7320011922024,5.14354656740584e-06,49.7320011922012,5.14354656889383e-06,49.5731246716634,2.57177328434096e-06,49.5731246716632,2.5717732843615e-06,49.5731246716658,2.57177328422524e-06,49.5731246716658,2.5717732842307e-06,0.450000023595431,0.450000023541498,49.8138155604641,1.02870931366788e-05,0.450000005135018,0.450000005111189,49.6152083359238,5.14354657051808e-06,0.450000004755772,0.450000004750013,49.6152083359117,5.14354656895102e-06
176,49.9069077796615,1.02870931077857e-05,49.7343284970319,5.14354654263963e-06,49.7343284970313,5.14354654309845e-06,49.5748765643347,2.57177327466323e-06,49.5748765643345,2.57177327505944e-06,49.5748765643622,2.57177327503323e-06,49.5748765643623,2.57177327495178e-06,49.7320011916167,5.14354655372597e-06,49.7320011916154,5.14354655418671e-06,49.5731246715067,2.5717732764324e-06,49.5731246715065,2.57177327644003e-06,49.5731246715332,2.57177327718256e-06,49.5731246715333,2.57177327719721e-06,0.449999979689993,0.449999979673366,49.8138155593225,1.02870931076241e-05,0.449999996294338,0.449999996262808,49.6152083356113,5.14354655492571e-06,0.449999996676414,0.449999996669932,49.6152083356354,5.14354655436364e-06
177,49.9069077808942,1.0287093157691e-05,49.7343284989236,5.14354659099303e-06,49.7343284989228,5.14354659222188e-06,49.5748765649061,2.57177329343842e-06,49.5748765649063,2.57177329297659e-06,49.5748765648924,2.57177329191325e-06,49.5748765648923,2.57177329203413e-06,49.732001193326,5.14354657803916e-06,49.7320011933244,5.14354657927203e-06,49.5731246720452,2.57177328980286e-06,49.5731246720454,2.57177328981548e-06,49.5731246720327,2.57177328934894e-06,49.5731246720325,2.57177328935268e-06,0.450000031470291,0.45000003142576,49.8138155617888,1.02870931566595e-05,0.450000008555553,0.4500000085188,49.6152083364117,5.14354658003867e-06,0.450000008023627,0.450000008014007,49.615208336384,5.14354657845979e-06
178,49.9069077798013,1.02870931104358e-05,49.7343284973514,5.14354653910747e-06,49.7343284973514,5.14354653822929e-06,49.5748765645787,2.57177327240783e-06,49.5748765645785,2.57177327297868e-06,49.574876564607,2.57177327444111e-06,49.574876564607,2.57177327432533e-06,49.7320011919848,5.14354655568983e-06,49.7320011919849,5.14354655480663e-06,49.5731246717488,2.57177327686277e-06,49.5731246717487,2.57177327687691e-06,49.5731246717757,2.57177327772729e-06,49.5731246717758,2.57177327773455e-06,0.44999996685968,0.449999966827857,49.8138155596019,1.02870931094913e-05,0.449999994499604,0.449999994454176,49.6152083358393,5.14354655289662e-06,0.449999995050978,0.449999995041764,49.6152083358877,5.14354655527768e-06
179,49.9069077814313,1.02870931788877e-05,49.7343284997747,5.14354660935669e-06,49.7343284997751,5.14354660967454e-06,49.5748765653232,2.57177329893152e-06,49.5748765653235,2.57177329823461e-06,49.5748765652909,2.57177329894958e-06,49.5748765652908,2.57177329909483e-06,49.7320011941347,5.14354658921269e-06,49.7320011941353,5.14354658956353e-06,49.5731246724502,2.57177329549628e-06,49.5731246724503,2.57177329550992e-06,49.5731246724201,2.57177329461636e-06,49.57312467242,2.5717732946099e-06,0.450000044065225,0.450000044053707,49.8138155628632,1.02870931798543e-05,0.45000001195834,0.45000001190288,49.615208336905,5.14354658846605e-06,0.450000011036103,0.450000011024544,49.615208336883,5.14354659009677e-06
180,49.9069077796474,1.02870931047681e-05,49.7343284971724,5.14354652731555e-06,49.7343284971726,5.14354652721949e-06,49.5748765647208,2.57177327064682e-06,49.5748765647204,2.5717732715031e-06,49.5748765647532,2.57177327204781e-06,49.5748765647533,2.57177327186828e-06,49.7320011918723,5.1435465523647e-06,49.7320011918727,5.14354655228881e-06,49.573124671898,2.57177327524242e-06,49.5731246718977,2.57177327524705e-06,49.5731246719288,2.57177327643378e-06,49.5731246719289,2.57177327644342e-06,0.449999948913902,0.449999948910421,49.8138155592939,1.02870931022471e-05,0.449999990605361,0.449999990537218,49.6152083359898,5.14354655516217e-06,0.449999991385566,0.449999991371279,49.6152083360161,5.14354655407806e-06
181,49.9069077737025,1.02870928805986e-05,49.7343284875419,5.14354637324741e-06,49.7343284875411,5.14354637353547e-06,49.5748765624461,2.57177320568921e-06,49.5748765624452,2.57177320765155e-06,49.5748765625677,2.57177320798718e-06,49.5748765625682,2.57177320755261e-06,49.7320011827877,5.14354644044298e-06,49.732001182786,5.14354644070846e-06,49.5731246697655,2.5717732176539e-06,49.573124669765,2.57177321769148e-06,49.5731246698801,2.571773220933e-06,49.5731246698807,2.5717732209965e-06,0.449999881960044,0.449999881949605,49.8138155474029,1.02870928791081e-05,0.449999966226917,0.449999966070754,49.6152083327211,5.14354644313971e-06,0.449999967698304,0.449999967663721,49.6152083328402,5.14354644185732e-06
182,49.9069077742283,1.02870929150506e-05,49.734328487569,5.14354647124387e-06,49.7343284875664,5.14354647417727e-06,49.5748765622422,2.57177323038946e-06,49.5748765622427,2.57177323060987e-06,49.5748765623216,2.57177323105443e-06,49.5748765623215,2.57177323115814e-06,49.732001182141,5.14354645608207e-06,49.7320011821359,5.14354645899944e-06,49.5731246695384,2.57177322827157e-06,49.5731246695393,2.5717732284598e-06,49.5731246696137,2.57177322940122e-06,49.5731246696135,2.57177322943853e-06,0.45000005477648,0.450000054670181,49.813815548457,1.02870929156634e-05,0.449999992269861,0.449999992252321,49.6152083326734,5.14354645803178e-06,0.449999992483823,0.44999999247557,49.6152083327608,5.14354645857475e-06
183,49.9069077736938,1.02870928725165e-05,49.7343284868689,5.14354641738998e-06,49.7343284868669,5.14354641761323e-06,49.5748765614163,2.57177321067241e-06,49.5748765614164,2.57177321175363e-06,49.5748765615252,2.57177321478137e-06,49.5748765615251,2.57177321458904e-06,49.7320011814549,5.14354643637762e-06,49.7320011814511,5.14354643657296e-06,49.5731246687231,2.57177321670732e-06,49.5731246687237,2.57177321700555e-06,49.5731246688304,2.57177321879705e-06,49.5731246688301,2.57177321879658e-06,0.449999982254328,0.449999982246238,49.8138155473867,1.02870928727407e-05,0.449999980218941,0.449999980132898,49.6152083316342,5.1435464323331e-06,0.449999980063133,0.449999980047828,49.6152083317863,5.14354643767092e-06
184,49.9069077764941,1.02870929615401e-05,49.7343284914273,5.1435464954692e-06,49.7343284914261,5.14354649791311e-06,49.5748765620417,2.57177324581588e-06,49.5748765620419,2.57177324538957e-06,49.5748765620673,2.57177324519988e-06,49.5748765620671,2.57177324531298e-06,49.7320011856847,5.14354647953912e-06,49.7320011856824,5.1435464820004e-06,49.5731246692677,2.57177324063985e-06,49.5731246692676,2.57177324093096e-06,49.5731246692968,2.57177324068511e-06,49.5731246692966,2.57177324065293e-06,0.450000063159201,0.45000006307064,49.8138155529887,1.02870929630872e-05,0.450000004940425,0.4500000049065,49.615208332723,5.14354648141853e-06,0.450000003724977,0.450000003715976,49.6152083327509,5.14354648228891e-06
185,49.9069077830217,1.02870931877283e-05,49.7343285022154,5.14354682375744e-06,49.7343285022146,5.14354682780096e-06,49.5748765643479,2.57177334678755e-06,49.574876564348,2.57177334625441e-06,49.5748765643178,2.57177334436777e-06,49.5748765643175,2.57177334472713e-06,49.7320011960939,5.14354659419107e-06,49.732001196093,5.14354659629608e-06,49.5731246714412,2.57177329850548e-06,49.573124671441,2.57177329874402e-06,49.5731246714156,2.57177329772292e-06,49.5731246714153,2.57177329766904e-06,0.450000121766186,0.450000121619659,49.8138155660507,1.02870931881134e-05,0.450000030709801,0.450000030667374,49.6152083360909,5.14354659712262e-06,0.450000029685828,0.45000002965723,49.6152083360512,5.14354659672881e-06
186,49.9069077836294,1.02870931849865e-05,49.734328504235,5.14354652388194e-06,49.7343285042358,5.14354652351596e-06,49.574876565048,2.57177329244532e-06,49.5748765650474,2.57177329265567e-06,49.5748765650146,2.57177328984382e-06,49.5748765650148,2.5717732897304e-06,49.7320011986211,5.14354659365068e-06,49.7320011986227,5.14354659299701e-06,49.5731246721043,2.57177329650015e-06,49.5731246721031,2.57177329658402e-06,49.5731246720738,2.57177329663367e-06,49.5731246720741,2.57177329661238e-06,0.449999965145504,0.449999965132242,49.8138155672573,1.02870931850848e-05,0.450000011546528,0.450000011529788,49.6152083367252,5.1435465932409e-06,0.450000010664205,0.450000010655179,49.6152083366833,5.14354659299897e-06
187,49.9069077851232,1.02870932547161e-05,49.7343285066489,5.14354673420186e-06,49.7343285066472,5.1435467371338e-06,49.5748765664021,2.57177334034671e-06,49.5748765664015,2.57177334031508e-06,49.5748765663374,2.57177333974664e-06,49.5748765663376,2.57177333990755e-06,49.7320012011073,5.14354663076368e-06,49.7320012011055,5.14354663010534e-06,49.5731246734409,2.57177331560478e-06,49.5731246734397,2.57177331553942e-06,49.5731246733777,2.5717733150625e-06,49.5731246733781,2.57177331508351e-06,0.450000030232601,0.450000030126355,49.8138155702511,1.02870932482565e-05,0.450000025383574,0.450000025381057,49.6152083384215,5.14354663099857e-06,0.450000025377961,0.450000025365156,49.6152083383559,5.14354663113954e-06
188,49.9069077831908,1.02870931999038e-05,49.7343285036843,5.14354649857331e-06,49.7343285036841,5.14354649533586e-06,49.5748765663958,2.57177326796445e-06,49.5748765663956,2.57177326784053e-06,49.5748765663428,2.57177326935985e-06,49.5748765663429,2.57177326924345e-06,49.7320011983547,5.14354659690474e-06,49.7320011983535,5.1435465957314e-06,49.5731246734612,2.57177329834662e-06,49.5731246734609,2.57177329822845e-06,49.5731246734082,2.57177329798711e-06,49.5731246734083,2.57177329802698e-06,0.449999950159154,0.449999950041837,49.8138155663777,1.02870931850293e-05,0.450000002806306,0.450000002796444,49.6152083380489,5.14354659629498e-06,0.450000003282961,0.450000003273699,49.6152083380023,5.14354659687979e-06
189,49.9069077845825,1.02870932740354e-05,49.7343285053225,5.14354681487463e-06,49.7343285053217,5.14354681687563e-06,49.5748765674307,2.57177335503773e-06,49.5748765674311,2.57177335496741e-06,49.5748765673809,2.57177335285995e-06,49.5748765673806,2.57177335312731e-06,49.7320011997831,5.14354663922058e-06,49.7320011997826,5.14354663892037e-06,49.5731246745086,2.57177331985107e-06,49.5731246745093,2.57177331980097e-06,49.573124674458,2.57177331924309e-06,49.5731246744576,2.57177331925778e-06,0.450000045588125,0.450000045515614,49.8138155691711,1.02870932738906e-05,0.450000021478899,0.450000021473303,49.6152083394832,5.14354663858194e-06,0.45000002134213,0.450000021320853,49.6152083394129,5.14354663597169e-06
190,49.9069077900634,1.02870935000941e-05,49.7343285138702,5.1435471943861e-06,49.7343285138688,5.14354719954653e-06,49.5748765699195,2.57177347054813e-06,49.5748765699199,2.57177347060675e-06,49.5748765698676,2.57177346850807e-06,49.5748765698672,2.57177346902525e-06,49.7320012079016,5.14354675551657e-06,49.7320012079013,5.14354675512092e-06,49.5731246769121,2.5717733783026e-06,49.573124676913,2.57177337835428e-06,49.5731246768596,2.57177337731235e-06,49.5731246768592,2.57177337729989e-06,0.450000112677909,0.450000112490908,49.8138155801415,1.02870935051742e-05,0.450000042215475,0.45000004221081,49.6152083430177,5.14354675583854e-06,0.450000042033625,0.450000041992468,49.6152083429521,5.14354675414233e-06
191,49.9069077889872,1.02870934687786e-05,49.7343285129174,5.14354664167849e-06,49.7343285129197,5.1435466402699e-06,49.5748765702304,2.57177335812951e-06,49.5748765702304,2.57177335820316e-06,49.5748765702001,2.57177335808158e-06,49.5748765702002,2.57177335803024e-06,49.7320012073847,5.14354673553171e-06,49.7320012073891,5.14354673424489e-06,49.5731246772025,2.57177336763306e-06,49.5731246772026,2.57177336770312e-06,49.5731246771724,2.57177336724991e-06,49.5731246771726,2.57177336726693e-06,0.449999939045498,0.449999938994455,49.8138155779723,1.02870934701677e-05,0.45000001224433,0.450000012238468,49.61520834305,5.14354673535308e-06,0.45000001215929,0.450000012155204,49.6152083430196,5.14354673535399e-06
192,49.9069077890603,1.02870935104956e-05,49.7343285126863,5.14354687384357e-06,49.7343285126863,5.14354687725746e-06,49.5748765709599,2.57177340842511e-06,49.5748765709598,2.57177340848608e-06,49.5748765709279,2.57177340704522e-06,49.574876570928,2.57177340728038e-06,49.7320012072377,5.14354675882685e-06,49.7320012072392,5.14354675842095e-06,49.5731246779614,2.57177337964338e-06,49.5731246779611,2.57177337969424e-06,49.5731246779294,2.57177337907002e-06,49.5731246779298,2.57177337913173e-06,0.450000012975315,0.450000012851605,49.813815578126,1.02870935039109e-05,0.450000022256412,0.450000022251561,49.6152083439874,5.14354675967934e-06,0.450000022120171,0.450000022101457,49.6152083439421,5.1435467580377e-06
193,49.9069077857605,1.02870934192914e-05,49.7343285072178,5.14354660787403e-06,49.7343285072179,5.14354660507194e-06,49.5748765701172,2.57177332408887e-06,49.574876570117,2.57177332409032e-06,49.5748765701032,2.57177332396423e-06,49.5748765701033,2.57177332389912e-06,49.7320012019764,5.14354670672547e-06,49.7320012019757,5.1435467061649e-06,49.573124677179,2.57177335328744e-06,49.5731246771786,2.57177335329361e-06,49.5731246771642,2.57177335303142e-06,49.5731246771644,2.57177335311047e-06,0.44999993118342,0.44999993108188,49.8138155715169,1.02870934112016e-05,0.449999994477477,0.449999994477362,49.6152083426101,5.14354670762987e-06,0.449999994997115,0.449999994991933,49.6152083425856,5.14354670606372e-06
194,49.9069077863013,1.02870934692575e-05,49.7343285072264,5.14354693307439e-06,49.7343285072247,5.1435469354984e-06,49.5748765703766,2.57177341008133e-06,49.5748765703767,2.57177341010071e-06,49.5748765703561,2.57177340753239e-06,49.5748765703558,2.57177340784494e-06,49.7320012017389,5.14354673810664e-06,49.7320012017365,5.14354673804466e-06,49.5731246774716,2.57177336948948e-06,49.5731246774717,2.57177336950356e-06,49.5731246774505,2.57177336878748e-06,49.5731246774501,2.57177336883218e-06,0.450000036705389,0.450000036617549,49.8138155726089,1.02870934832072e-05,0.45000001257263,0.450000012571089,49.6152083431829,5.14354674047445e-06,0.450000012379033,0.45000001235416,49.6152083431357,5.14354673706566e-06
195,49.9069077914758,1.02870936929605e-05,49.7343285152258,5.14354732382187e-06,49.7343285152238,5.14354732926583e-06,49.5748765722622,2.57177352684365e-06,49.5748765722624,2.57177352692568e-06,49.5748765722253,2.5717735239618e-06,49.5748765722248,2.57177352453017e-06,49.7320012092526,5.1435468522245e-06,49.7320012092512,5.14354685167633e-06,49.5731246792764,2.57177342675519e-06,49.5731246792768,2.57177342682227e-06,49.5731246792401,2.57177342553397e-06,49.5731246792396,2.57177342554022e-06,0.450000113099801,0.450000112902526,49.8138155829673,1.0287093696209e-05,0.450000034147751,0.450000034141223,49.6152083460819,5.14354685345643e-06,0.450000033585986,0.450000033540755,49.6152083460218,5.14354685073704e-06
196,49.9069077898673,1.02870936403003e-05,49.734328513448,5.14354671512698e-06,49.734328513451,5.14354671353122e-06,49.5748765718944,2.57177340005958e-06,49.5748765718944,2.57177340012734e-06,49.5748765718741,2.57177339936299e-06,49.5748765718743,2.5717733993048e-06,49.7320012079221,5.1435468208529e-06,49.7320012079279,5.14354681948436e-06,49.5731246788907,2.57177341027132e-06,49.5731246788908,2.5717734103531e-06,49.5731246788715,2.57177340979182e-06,49.5731246788717,2.57177340982373e-06,0.44999992918538,0.449999929127554,49.8138155797323,1.02870936362915e-05,0.450000002236335,0.450000002230943,49.6152083453281,5.14354682058729e-06,0.450000002134953,0.450000002130322,49.6152083452976,5.14354681939858e-06
197,49.9069077896613,1.02870936599545e-05,49.7343285126193,5.14354696217998e-06,49.73432851262,5.14354696588314e-06,49.5748765720649,2.57177344859302e-06,49.5748765720649,2.57177344868364e-06,49.5748765720422,2.57177344671357e-06,49.5748765720424,2.57177344696822e-06,49.7320012071817,5.14354683562137e-06,49.7320012071848,5.1435468353135e-06,49.5731246790936,2.57177341796406e-06,49.5731246790935,2.57177341804833e-06,49.573124679071,2.57177341741435e-06,49.5731246790713,2.57177341749328e-06,0.450000008402767,0.450000008268575,49.8138155793282,1.02870936734362e-05,0.450000013698563,0.450000013691351,49.6152083456376,5.14354683559304e-06,0.450000013608853,0.450000013588588,49.6152083455942,5.14354683303736e-06
198,49.906907785877,1.02870935443506e-05,49.7343285063692,5.14354667463329e-06,49.7343285063697,5.14354667128966e-06,49.5748765706824,2.57177335426148e-06,49.5748765706823,2.57177335430884e-06,49.5748765706744,2.57177335468676e-06,49.5748765706746,2.57177335462568e-06,49.7320012011554,5.14354677143863e-06,49.7320012011554,5.14354677047379e-06,49.5731246777733,2.57177338551083e-06,49.573124677773,2.57177338556049e-06,49.5731246777646,2.57177338525712e-06,49.5731246777647,2.57177338535418e-06,0.449999921682194,0.44999992156103,49.8138155717495,1.02870935594583e-05,0.449999985140465,0.449999985136696,49.615208343619,5.14354677100346e-06,0.449999985633899,0.449999985629039,49.6152083436106,5.14354677073425e-06
199,49.9069077863003,1.02870935911846e-05,49.7343285063042,5.1435470089715e-06,49.7343285063025,5.14354701104205e-06,49.5748765706145,2.57177344274171e-06,49.5748765706145,2.57177344280545e-06,49.5748765705938,2.57177344132667e-06,49.5748765705935,2.57177344165337e-06,49.7320012008122,5.14354679941035e-06,49.7320012008098,5.14354679874314e-06,49.573124677737,2.57177340002276e-06,49.5731246777369,2.57177340006948e-06,49.5731246777162,2.57177339924811e-06,49.5731246777158,2.5717733993065e-06,0.450000038015344,0.450000037940312,49.8138155726076,1.02870936033532e-05,0.450000005340659,0.450000005335586,49.6152083438443,5.14354680012002e-06,0.450000004978054,0.450000004952055,49.6152083438101,5.143546798442e-06
200,49.9069077918493,1.02870938173147e-05,49.7343285149011,5.14354742548612e-06,49.7343285148987,5.14354743122853e-06,49.5748765723682,2.57177356517756e-06,49.5748765723683,2.57177356528228e-06,49.5748765723296,2.57177356244453e-06,49.5748765723291,2.57177356307865e-06,49.7320012088818,5.143546915566e-06,49.7320012088799,5.14354691486969e-06,49.5731246794001,2.57177345837701e-06,49.5731246794003,2.57177345846331e-06,49.5731246793623,2.57177345710451e-06,49.5731246793617,2.57177345711957e-06,0.450000120244299,0.450000120036209,49.8138155837155,1.02870938283013e-05,0.450000029630484,0.450000029622151,49.6152083466468,5.14354691566496e-06,0.450000029061948,0.450000029011485,49.6152083465857,5.14354691304834e-06
201,49.9069077900196,1.02870937469725e-05,49.7343285129084,5.1435467629882e-06,49.7343285129113,5.14354676134095e-06,49.5748765717655,2.57177342617543e-06,49.5748765717655,2.57177342627804e-06,49.5748765717466,2.57177342527249e-06,49.5748765717467,2.57177342523553e-06,49.7320012073808,5.14354687482067e-06,49.7320012073865,5.14354687344467e-06,49.5731246787742,2.57177343718779e-06,49.5731246787743,2.57177343728381e-06,49.5731246787561,2.57177343673758e-06,49.5731246787563,2.57177343677815e-06,0.449999920799254,0.449999920739562,49.8138155800365,1.02870937494554e-05,0.449999996548825,0.44999999654066,49.6152083455854,5.1435468738664e-06,0.449999996543704,0.449999996540763,49.6152083455547,5.1435468724494e-06
202,49.9069077898124,1.02870937685266e-05,49.7343285122753,5.14354702088895e-06,49.7343285122762,5.1435470244945e-06,49.57487657187,2.57177347751973e-06,49.57487657187,2.57177347763315e-06,49.5748765718458,2.57177347655416e-06,49.574876571846,2.57177347683018e-06,49.7320012068255,5.14354688824278e-06,49.7320012068291,5.14354688740596e-06,49.5731246789081,2.57177344420319e-06,49.5731246789081,2.57177344430592e-06,49.573124678884,2.57177344358595e-06,49.5731246788844,2.57177344367371e-06,0.450000011139068,0.450000011008413,49.813815579631,1.02870937563257e-05,0.45000001006227,0.450000010053243,49.6152083458238,5.14354688709955e-06,0.450000009909002,0.450000009887036,49.6152083457936,5.14354688642288e-06
203,49.9069077857265,1.02870936363945e-05,49.7343285057056,5.14354668583942e-06,49.7343285057065,5.14354668197187e-06,49.5748765702998,2.57177337074865e-06,49.5748765702997,2.57177337081576e-06,49.5748765702891,2.57177337136977e-06,49.5748765702892,2.57177337129994e-06,49.7320012004932,5.14354681358574e-06,49.732001200494,5.14354681239189e-06,49.5731246774013,2.57177340652503e-06,49.573124677401,2.57177340659376e-06,49.5731246773904,2.5717734062594e-06,49.5731246773906,2.57177340636637e-06,0.449999915348479,0.449999915208329,49.813815571448,1.02870936110203e-05,0.449999979474444,0.449999979469103,49.6152083435319,5.14354681264922e-06,0.449999979830567,0.449999979825011,49.615208343525,5.14354681300392e-06
204,49.9069077773886,1.02870933278594e-05,49.7343284919441,5.14354621497684e-06,49.7343284919462,5.14354620775602e-06,49.5748765667742,2.57177323436154e-06,49.574876566774,2.5717732343561e-06,49.5748765667825,2.57177323559879e-06,49.5748765667826,2.57177323518686e-06,49.732001187149,5.14354665827264e-06,49.7320011871506,5.14354665706398e-06,49.5731246740343,2.57177332860061e-06,49.5731246740338,2.57177332860382e-06,49.573124674042,2.57177332878182e-06,49.5731246740421,2.57177332887573e-06,0.449999845752784,0.449999845491121,49.8138155547622,1.02870933178756e-05,0.449999949141131,0.449999949140699,49.6152083386058,5.14354665825067e-06,0.44999994967327,0.449999949640489,49.6152083386193,5.14354665868359e-06
205,49.9069077763769,1.02870932996321e-05,49.7343284890197,5.14354676171504e-06,49.7343284890186,5.14354676175792e-06,49.574876565324,2.57177333853833e-06,49.5748765653239,2.57177333850691e-06,49.5748765653222,2.57177333811344e-06,49.574876565322,2.57177333824394e-06,49.7320011837198,5.14354664981597e-06,49.7320011837179,5.14354664957865e-06,49.5731246726601,2.57177332504422e-06,49.5731246726599,2.57177332502123e-06,49.5731246726578,2.57177332465924e-06,49.5731246726574,2.5717733246996e-06,0.450000036962963,0.450000036961409,49.8138155527564,1.02870933009299e-05,0.449999974249237,0.449999974246737,49.6152083371727,5.14354665018982e-06,0.449999974362651,0.449999974352266,49.6152083371633,5.14354664907842e-06
206,49.9069077803443,1.02870934254918e-05,49.7343284952391,5.14354702159411e-06,49.7343284952375,5.14354702357956e-06,49.5748765655088,2.57177341384375e-06,49.5748765655089,2.57177341384352e-06,49.5748765655001,2.57177341296457e-06,49.5748765654998,2.57177341326634e-06,49.7320011893504,5.14354671456024e-06,49.7320011893484,5.14354671415296e-06,49.573124672772,2.57177335762454e-06,49.5731246727721,2.57177335761524e-06,49.5731246727632,2.57177335691984e-06,49.5731246727627,2.57177335691225e-06,0.450000091811429,0.450000091739481,49.8138155606977,1.02870934264683e-05,0.449999992149201,0.449999992149183,49.615208337976,5.14354671476303e-06,0.44999999198395,0.449999991959936,49.6152083379596,5.14354671378806e-06
207,49.9069077801766,1.02870933732023e-05,49.7343284959688,5.14354655723788e-06,49.7343284959706,5.14354655614594e-06,49.5748765646478,2.5717733302361e-06,49.5748765646479,2.57177333023604e-06,49.5748765646515,2.57177333015307e-06,49.5748765646516,2.5717733300672e-06,49.7320011903448,5.14354668744079e-06,49.7320011903483,5.14354668655365e-06,49.5731246718593,2.57177334351448e-06,49.5731246718594,2.57177334351271e-06,49.5731246718633,2.57177334331877e-06,49.5731246718635,2.57177334332701e-06,0.44999996358065,0.449999963541081,49.8138155603501,1.02870933725735e-05,0.449999980548028,0.449999980548024,49.6152083368567,5.14354668657688e-06,0.449999980482871,0.449999980476038,49.615208336859,5.14354668644501e-06
208,49.9069077816461,1.02870934050166e-05,49.7343284984565,5.14354678717623e-06,49.7343284984568,5.14354679006816e-06,49.5748765648144,2.57177337849632e-06,49.5748765648145,2.57177337849464e-06,49.5748765648098,2.57177337804551e-06,49.5748765648099,2.57177337822426e-06,49.7320011928632,5.1435467067806e-06,49.7320011928651,5.14354670629503e-06,49.5731246719934,2.5717733534944e-06,49.5731246719934,2.57177335350536e-06,49.573124671989,2.57177335311888e-06,49.5731246719894,2.57177335317093e-06,0.450000030758756,0.45000003065396,49.8138155632963,1.02870934095108e-05,0.449999999389589,0.449999999389456,49.6152083372622,5.14354670680768e-06,0.449999999225484,0.449999999211259,49.615208337259,5.14354670709963e-06
209,49.9069077800299,1.02870933249768e-05,49.7343284962797,5.14354655214681e-06,49.7343284962801,5.14354654949163e-06,49.5748765640512,2.57177330146712e-06,49.5748765640512,2.57177330146796e-06,49.5748765640528,2.57177330265883e-06,49.574876564053,2.57177330256813e-06,49.732001190892,5.14354666065057e-06,49.7320011908922,5.14354665991474e-06,49.5731246712295,2.57177333020991e-06,49.5731246712294,2.5717733302058e-06,49.5731246712314,2.57177333009594e-06,49.5731246712316,2.57177333017485e-06,0.449999953282706,0.449999953186489,49.8138155600555,1.02870933229069e-05,0.449999982324412,0.449999982324345,49.6152083360803,5.14354666123927e-06,0.449999982543956,0.449999982536738,49.6152083360895,5.14354666212148e-06
210,49.9069077818491,1.02870933832536e-05,49.7343284989812,5.14354686073021e-06,49.7343284989799,5.14354686266426e-06,49.5748765646678,2.57177338150919e-06,49.5748765646678,2.57177338152966e-06,49.5748765646567,2.57177338106063e-06,49.5748765646565,2.57177338133932e-06,49.7320011933828,5.14354669413619e-06,49.7320011933811,5.14354669363489e-06,49.5731246718314,2.57177334731813e-06,49.5731246718315,2.5717733473212e-06,49.5731246718205,2.57177334681198e-06,49.5731246718203,2.57177334686771e-06,0.450000049796684,0.450000049726599,49.8138155637041,1.02870933835984e-05,0.450000005362487,0.450000005360858,49.6152083370499,5.14354669419754e-06,0.450000005118521,0.450000005096343,49.615208337042,5.14354669469776e-06
211,49.9069077877793,1.02870935941638e-05,49.7343285085481,5.14354723657447e-06,49.7343285085458,5.14354724209004e-06,49.574876566978,2.57177349245186e-06,49.5748765669781,2.57177349253366e-06,49.5748765669558,2.57177349034586e-06,49.5748765669553,2.57177349089081e-06,49.7320012025269,5.1435468023451e-06,49.7320012025246,5.14354680234027e-06,49.5731246740337,2.57177340167135e-06,49.5731246740339,2.57177340171548e-06,49.5731246740117,2.57177340086719e-06,49.5731246740112,2.57177340088799e-06,0.450000116305163,0.450000116105294,49.813815575573,1.02870935992687e-05,0.450000030348543,0.450000030342032,49.6152083403578,5.1435468020527e-06,0.450000029976788,0.45000002993342,49.6152083403213,5.14354680039924e-06
212,49.9069077871209,1.02870935497786e-05,49.7343285085392,5.14354668116643e-06,49.7343285085408,5.14354668045633e-06,49.5748765673082,2.57177337749909e-06,49.5748765673083,2.57177337756284e-06,49.5748765673063,2.57177337708814e-06,49.5748765673064,2.57177337706084e-06,49.7320012029626,5.14354677559689e-06,49.7320012029658,5.14354677504186e-06,49.5731246743237,2.57177338763936e-06,49.5731246743238,2.57177338770034e-06,49.5731246743214,2.57177338754728e-06,49.5731246743216,2.57177338758804e-06,0.449999942296547,0.449999942270815,49.8138155742395,1.02870935504434e-05,0.450000004024845,0.450000004019772,49.6152083403811,5.14354677500432e-06,0.450000004160009,0.450000004157836,49.6152083403751,5.14354677448864e-06
213,49.9069077876439,1.02870935774455e-05,49.7343285091859,5.14354691425381e-06,49.7343285091859,5.14354691778509e-06,49.5748765681941,2.57177342421402e-06,49.5748765681941,2.57177342429537e-06,49.5748765681824,2.57177342339776e-06,49.5748765681825,2.57177342364837e-06,49.732001203697,5.14354679375215e-06,49.7320012036987,5.14354679345729e-06,49.5731246752233,2.57177339700952e-06,49.5731246752233,2.57177339708412e-06,49.5731246752118,2.57177339665151e-06,49.5731246752121,2.57177339673103e-06,0.450000016264834,0.45000001613687,49.8138155752932,1.02870935872115e-05,0.450000016430003,0.450000016423528,49.615208341445,5.14354679341341e-06,0.450000016105336,0.450000016085392,49.6152083414315,5.1435467932979e-06
214,49.9069077845216,1.02870934765875e-05,49.7343285042922,5.1435466307394e-06,49.7343285042927,5.14354662776519e-06,49.5748765675575,2.57177333642691e-06,49.5748765675574,2.57177333648548e-06,49.5748765675542,2.57177333760351e-06,49.5748765675543,2.57177333754917e-06,49.732001199029,5.14354673538452e-06,49.7320011990291,5.14354673471523e-06,49.5731246746366,2.5717733675268e-06,49.5731246746364,2.571773367579e-06,49.5731246746335,2.57177336743875e-06,49.5731246746337,2.57177336753281e-06,0.449999930956136,0.449999930848358,49.8138155690388,1.02870934686043e-05,0.449999990472591,0.449999990467929,49.6152083402386,5.14354673533307e-06,0.449999990774328,0.449999990770004,49.615208340243,5.14354673619346e-06
215,49.9069077854333,1.02870935273534e-05,49.7343285051332,5.14354696488593e-06,49.7343285051316,5.14354696751369e-06,49.5748765681346,2.57177342399844e-06,49.5748765681346,2.57177342408109e-06,49.57487656812,2.57177342344275e-06,49.5748765681197,2.57177342374602e-06,49.7320011996075,5.14354676575252e-06,49.7320011996054,5.14354676577685e-06,49.5731246752379,2.57177338322617e-06,49.5731246752378,2.57177338327707e-06,49.5731246752234,2.57177338273605e-06,49.573124675223,2.57177338279295e-06,0.4500000427662,0.450000042670977,49.8138155708734,1.02870935248311e-05,0.450000010523476,0.450000010516898,49.6152083411326,5.14354676702624e-06,0.450000010238624,0.45000001021449,49.6152083411053,5.14354676541461e-06
216,49.9069077911608,1.02870937493599e-05,49.7343285140776,5.14354737516969e-06,49.7343285140752,5.14354738111849e-06,49.5748765703966,2.57177354467736e-06,49.5748765703967,2.57177354476472e-06,49.5748765703616,2.57177354278417e-06,49.5748765703611,2.57177354337494e-06,49.7320012080555,5.14354688079753e-06,49.7320012080534,5.14354688053464e-06,49.5731246774092,2.57177344107397e-06,49.5731246774094,2.57177344116065e-06,49.5731246773749,2.57177344003115e-06,49.5731246773743,2.571773440045e-06,0.450000119863795,0.450000119648226,49.8138155823381,1.02870937561165e-05,0.450000034214748,0.450000034207796,49.6152083444394,5.14354688232925e-06,0.450000033618005,0.450000033570991,49.6152083443909,5.14354688086132e-06
217,49.9069077896425,1.02870936868779e-05,49.7343285125979,5.14354673860193e-06,49.7343285126004,5.14354673725161e-06,49.5748765703066,2.57177341194087e-06,49.5748765703066,2.57177341204429e-06,49.5748765702862,2.57177341178849e-06,49.5748765702863,2.57177341174316e-06,49.7320012070596,5.1435468446109e-06,49.7320012070646,5.14354684342199e-06,49.573124677296,2.57177342214851e-06,49.573124677296,2.57177342224498e-06,49.5731246772768,2.57177342184185e-06,49.573124677277,2.5717734218778e-06,0.449999926258134,0.449999926209202,49.8138155792824,1.02870936881272e-05,0.450000002054809,0.450000002046579,49.6152083439265,5.143546844507e-06,0.450000001918109,0.450000001914501,49.6152083439061,5.14354684465525e-06
218,49.906907789609,1.02870937075323e-05,49.7343285121733,5.14354699474554e-06,49.7343285121737,5.14354699865822e-06,49.5748765707972,2.57177346180533e-06,49.5748765707972,2.57177346192449e-06,49.5748765707708,2.57177346087512e-06,49.5748765707709,2.57177346114698e-06,49.7320012067208,5.14354685919049e-06,49.7320012067236,5.14354685884492e-06,49.5731246778162,2.57177342972802e-06,49.5731246778162,2.57177342983134e-06,49.5731246777902,2.57177342928979e-06,49.5731246777905,2.57177342937038e-06,0.450000011388124,0.450000011246339,49.8138155792239,1.0287093715654e-05,0.450000014571253,0.45000001456177,49.615208344556,5.14354685883609e-06,0.450000014382842,0.450000014361208,49.6152083445223,5.14354685802937e-06
219,49.9069077857582,1.02870935801258e-05,49.7343285058716,5.14354668565889e-06,49.734328505872,5.1435466825837e-06,49.5748765695957,2.57177336036838e-06,49.5748765695956,2.57177336043138e-06,49.5748765695842,2.57177336060755e-06,49.5748765695844,2.57177336052068e-06,49.7320012006588,5.14354678890754e-06,49.7320012006586,5.14354678840872e-06,49.5731246766789,2.57177339426044e-06,49.5731246766786,2.57177339433101e-06,49.573124676667,2.57177339418133e-06,49.5731246766672,2.57177339428123e-06,0.449999917942221,0.449999917830784,49.8138155715117,1.02870935953533e-05,0.449999984491289,0.449999984486275,49.6152083426708,5.14354678894324e-06,0.449999984930862,0.449999984923949,49.6152083426553,5.14354678826749e-06
220,49.9069077776774,1.02870932952078e-05,49.7343284926727,5.14354622121107e-06,49.7343284926743,5.14354621499364e-06,49.5748765664575,2.57177323043993e-06,49.5748765664573,2.57177323043627e-06,49.5748765664675,2.57177323111224e-06,49.5748765664677,2.57177323069524e-06,49.7320011878593,5.143546642448e-06,49.7320011878598,5.14354664201747e-06,49.5731246736968,2.57177332074091e-06,49.5731246736963,2.57177332074777e-06,49.5731246737058,2.57177332110381e-06,49.5731246737058,2.57177332119135e-06,0.449999851770931,0.449999851545628,49.8138155553405,1.02870932927126e-05,0.449999954386523,0.449999954386232,49.6152083382005,5.14354664292114e-06,0.449999954977816,0.449999954944631,49.6152083382023,5.14354664156053e-06
221,49.9069077767976,1.02870932778846e-05,49.7343284900533,5.1435467446585e-06,49.7343284900519,5.14354674504609e-06,49.5748765652673,2.57177333258461e-06,49.5748765652672,2.57177333256713e-06,49.5748765652681,2.57177333193311e-06,49.5748765652678,2.57177333206588e-06,49.7320011847371,5.14354663823761e-06,49.7320011847344,5.14354663837714e-06,49.5731246725825,2.57177331929808e-06,49.5731246725823,2.57177331927869e-06,49.5731246725823,2.5717733190209e-06,49.5731246725818,2.57177331905647e-06,0.450000038422533,0.450000038408488,49.813815553598,1.02870932736123e-05,0.4499999778913,0.449999977889909,49.6152083370543,5.14354663923677e-06,0.449999978071793,0.449999978061227,49.6152083370435,5.14354663756785e-06
222,49.9069077748088,1.02870931819625e-05,49.7343284870176,5.14354645079312e-06,49.734328487019,5.14354644617935e-06,49.5748765633905,2.57177326325757e-06,49.5748765633905,2.57177326322079e-06,49.574876563407,2.5717732637249e-06,49.5748765634069,2.57177326352631e-06,49.7320011816017,5.14354658546516e-06,49.7320011816027,5.14354658502802e-06,49.5731246707187,2.57177329246698e-06,49.5731246707186,2.57177329242969e-06,49.5731246707345,2.57177329253361e-06,49.5731246707342,2.57177329252325e-06,0.449999961203207,0.449999961036016,49.8138155496118,1.02870931662965e-05,0.449999962564683,0.449999962561757,49.6152083346932,5.14354658443426e-06,0.449999962858116,0.449999962842313,49.6152083347081,5.14354658404591e-06
223,49.9069077772148,1.02870932375043e-05,49.7343284907621,5.14354673907458e-06,49.7343284907626,5.14354674183318e-06,49.5748765632553,2.57177334691121e-06,49.5748765632554,2.57177334690198e-06,49.574876563264,2.57177334591263e-06,49.5748765632639,2.57177334605227e-06,49.732001185072,5.14354662139038e-06,49.7320011850741,5.14354662158017e-06,49.5731246705451,2.57177331083311e-06,49.5731246705453,2.57177331081559e-06,49.5731246705538,2.5717733106646e-06,49.5731246705537,2.57177331063828e-06,0.450000061920519,0.450000061820554,49.8138155544346,1.02870932369005e-05,0.449999990979801,0.449999990979067,49.6152083349655,5.14354662112964e-06,0.449999990643534,0.449999990632421,49.6152083349645,5.14354661997549e-06
224,49.9069077842455,1.02870934664627e-05,49.7343285023083,5.14354716948461e-06,49.734328502307,5.14354717529923e-06,49.5748765652052,2.57177346103648e-06,49.5748765652053,2.57177346108111e-06,49.574876565193,2.57177345981222e-06,49.5748765651927,2.57177346028783e-06,49.7320011961846,5.14354673916097e-06,49.7320011961846,5.14354673922411e-06,49.5731246723523,2.57177337005492e-06,49.5731246723526,2.57177337008618e-06,49.573124672341,2.5717733694252e-06,49.5731246723409,2.57177336940236e-06,0.450000133992085,0.450000133781379,49.8138155685055,1.02870934756484e-05,0.450000020968178,0.450000020964626,49.6152083380199,5.14354673891194e-06,0.450000020391739,0.45000002035389,49.6152083380043,5.14354673874732e-06
225,49.9069077844208,1.0287093435037e-05,49.7343285039291,5.1435466082909e-06,49.7343285039307,5.1435466076511e-06,49.5748765653802,2.57177334569161e-06,49.5748765653802,2.57177334572746e-06,49.5748765653773,2.5717733455177e-06,49.5748765653775,2.57177334545681e-06,49.7320011982812,5.14354671817948e-06,49.7320011982842,5.14354671779873e-06,49.5731246724554,2.57177335890701e-06,49.5731246724554,2.57177335895345e-06,49.5731246724538,2.57177335893794e-06,49.573124672454,2.57177335894871e-06,0.449999951210189,0.449999951187004,49.8138155688388,1.02870934375596e-05,0.449999998922136,0.449999998919284,49.6152083379569,5.14354671739602e-06,0.44999999874725,0.449999998742405,49.6152083379501,5.14354671707406e-06
226,49.9069077799885,1.02870932620514e-05,49.7343284971467,5.14354632447646e-06,49.7343284971487,5.14354632195502e-06,49.5748765642158,2.57177325893837e-06,49.5748765642157,2.57177325895351e-06,49.5748765642186,2.57177325916712e-06,49.5748765642189,2.57177325889934e-06,49.7320011920578,5.14354662928695e-06,49.7320011920608,5.14354662917993e-06,49.5731246713575,2.57177331428297e-06,49.5731246713573,2.57177331430802e-06,49.5731246713608,2.57177331466193e-06,49.5731246713612,2.57177331470164e-06,0.449999901121128,0.449999901029758,49.8138155599679,1.02870932589694e-05,0.449999983858866,0.449999983857661,49.6152083360025,5.14354662897404e-06,0.449999984058735,0.449999984037424,49.615208336001,5.14354662844471e-06
227,49.9069077798836,1.02870932695076e-05,49.7343284961978,5.14354675879403e-06,49.7343284961966,5.14354675909321e-06,49.5748765643285,2.57177332955184e-06,49.5748765643284,2.57177332955382e-06,49.5748765643164,2.57177332942252e-06,49.5748765643163,2.57177332953442e-06,49.7320011908337,5.14354663419648e-06,49.7320011908314,5.14354663431281e-06,49.5731246715124,2.57177331725148e-06,49.5731246715123,2.57177331726343e-06,49.5731246715004,2.57177331710682e-06,49.5731246715002,2.57177331712372e-06,0.45000003016468,0.450000030153839,49.8138155597703,1.02870932689757e-05,0.449999998086729,0.449999998086571,49.6152083362103,5.14354663446829e-06,0.449999998101603,0.449999998092699,49.6152083361953,5.14354663407448e-06
228,49.9069077782849,1.0287093200135e-05,49.734328493774,5.14354651001333e-06,49.7343284937746,5.14354650599571e-06,49.5748765636492,2.57177327287942e-06,49.5748765636492,2.57177327286923e-06,49.5748765636434,2.57177327450231e-06,49.5748765636432,2.57177327435224e-06,49.7320011883748,5.1435465957783e-06,49.7320011883745,5.14354659507351e-06,49.5731246708547,2.57177329779125e-06,49.5731246708546,2.5717732977863e-06,49.5731246708487,2.5717732977685e-06,49.5731246708484,2.57177329774221e-06,0.449999965487285,0.449999965341697,49.8138155565657,1.02870931882426e-05,0.449999982648641,0.44999998264783,49.6152083351671,5.14354659592027e-06,0.449999982870046,0.449999982858103,49.6152083351763,5.14354659772107e-06
229,49.9069077799331,1.02870932447401e-05,49.7343284961949,5.14354673179901e-06,49.7343284961951,5.14354673381668e-06,49.5748765640841,2.57177334093445e-06,49.5748765640841,2.57177334094604e-06,49.574876564073,2.57177334021366e-06,49.5748765640728,2.57177334032229e-06,49.7320011905848,5.14354662481339e-06,49.7320011905859,5.14354662491981e-06,49.573124671279,2.5717733125828e-06,49.5731246712791,2.57177331259038e-06,49.5731246712682,2.57177331240462e-06,49.573124671268,2.57177331234897e-06,0.450000044516006,0.450000044442891,49.8138155598703,1.02870932499145e-05,0.450000002248676,0.450000002247754,49.6152083359083,5.14354662514779e-06,0.450000001914914,0.45000000190627,49.6152083358924,5.14354662463211e-06
230,49.9069077781082,1.0287093155014e-05,49.7343284937135,5.1435464057668e-06,49.7343284937152,5.14354640343955e-06,49.5748765632782,2.57177325239318e-06,49.5748765632782,2.57177325239132e-06,49.574876563287,2.57177325275277e-06,49.5748765632872,2.57177325250053e-06,49.7320011883218,5.14354657561171e-06,49.7320011883242,5.14354657577019e-06,49.5731246704779,2.57177328750091e-06,49.5731246704779,2.57177328750076e-06,49.5731246704862,2.57177328789528e-06,49.5731246704864,2.57177328785632e-06,0.449999946968116,0.449999946883782,49.8138155562104,1.02870931596235e-05,0.44999998187903,0.449999981878882,49.6152083346286,5.14354657480544e-06,0.449999982345031,0.449999982324958,49.6152083346364,5.1435465745426e-06
231,49.9069077721183,1.02870929172788e-05,49.734328484334,5.14354600861659e-06,49.7343284843362,5.14354600313178e-06,49.5748765608862,2.57177313382627e-06,49.5748765608861,2.57177313377377e-06,49.5748765609174,2.57177313577745e-06,49.5748765609178,2.57177313523294e-06,49.7320011793723,5.14354645260561e-06,49.7320011793743,5.14354645270315e-06,49.5731246681858,2.57177322575368e-06,49.5731246681855,2.57177322571074e-06,49.5731246682155,2.57177322660956e-06,49.573124668216,2.57177322659817e-06,0.449999880666799,0.449999880468044,49.8138155442217,1.02870929045039e-05,0.449999958897866,0.449999958893687,49.6152083311365,5.14354645225558e-06,0.449999959610956,0.449999959567624,49.6152083311822,5.14354645377807e-06
232,49.9069077729358,1.0287092939612e-05,49.7343284847795,5.14354656360399e-06,49.7343284847774,5.14354656466333e-06,49.5748765606,2.5717732447323e-06,49.5748765606,2.5717732446626e-06,49.5748765606182,2.57177324487212e-06,49.5748765606181,2.57177324492474e-06,49.732001179361,5.14354646858134e-06,49.7320011793568,5.14354646943265e-06,49.5731246679323,2.57177323446737e-06,49.5731246679322,2.57177323441004e-06,49.5731246679495,2.57177323465245e-06,49.5731246679494,2.57177323461965e-06,0.450000058771643,0.450000058733256,49.813815545874,1.02870929348201e-05,0.449999987250343,0.449999987244796,49.6152083310919,5.14354646937409e-06,0.449999987244402,0.449999987240214,49.6152083311121,5.14354646951142e-06
233,49.9069077724961,1.02870928877167e-05,49.734328484435,5.14354631416226e-06,49.7343284844348,5.1435463105692e-06,49.5748765597866,2.57177319062811e-06,49.5748765597865,2.57177319055562e-06,49.5748765598133,2.57177319149214e-06,49.5748765598132,2.57177319123897e-06,49.7320011789359,5.14354643905767e-06,49.7320011789338,5.14354643938133e-06,49.5731246670988,2.57177321938244e-06,49.5731246670988,2.57177321931346e-06,49.5731246671252,2.57177321977983e-06,49.5731246671249,2.57177321970929e-06,0.44999998181329,0.449999981683087,49.8138155449867,1.02870928818011e-05,0.449999976104325,0.449999976098556,49.6152083300168,5.14354643929346e-06,0.44999997634891,0.449999976328762,49.6152083300478,5.1435464397e-06
234,49.906907775804,1.0287092975961e-05,49.7343284898345,5.14354659867517e-06,49.7343284898341,5.14354660166017e-06,49.5748765606002,2.57177327779673e-06,49.5748765606003,2.57177327776986e-06,49.574876560614,2.57177327750526e-06,49.5748765606139,2.57177327756359e-06,49.7320011841042,5.14354649070789e-06,49.7320011841044,5.1435464912851e-06,49.5731246678556,2.57177324555278e-06,49.5731246678558,2.57177324550622e-06,49.5731246678697,2.57177324562981e-06,49.5731246678695,2.57177324554285e-06,0.450000071091456,0.450000070983287,49.8138155516125,1.02870929804067e-05,0.450000004403819,0.450000004401681,49.6152083313642,5.14354649116467e-06,0.450000004024687,0.450000004020045,49.6152083313778,5.14354649124289e-06
235,49.9069077749455,1.02870929101979e-05,49.7343284893025,5.143546239145e-06,49.7343284893042,5.14354623682829e-06,49.5748765601743,2.57177318267992e-06,49.5748765601743,2.57177318261934e-06,49.5748765601994,2.57177318359153e-06,49.5748765601997,2.57177318324735e-06,49.7320011838411,5.14354645148927e-06,49.7320011838434,5.14354645193208e-06,49.5731246674009,2.57177322542054e-06,49.5731246674009,2.57177322537191e-06,49.5731246674263,2.57177322602384e-06,49.5731246674267,2.57177322597264e-06,0.449999955960187,0.449999955876235,49.8138155498839,1.02870928998937e-05,0.449999984428139,0.449999984423318,49.6152083305562,5.14354645073854e-06,0.449999984688005,0.449999984660615,49.6152083305846,5.14354645110961e-06
236,49.9069077691296,1.02870926637628e-05,49.7343284803264,5.14354581129098e-06,49.7343284803289,5.14354580511289e-06,49.5748765580077,2.57177305476161e-06,49.5748765580076,2.57177305466357e-06,49.5748765580475,2.57177305699326e-06,49.574876558048,2.5717730563617e-06,49.7320011753823,5.14354632521064e-06,49.7320011753845,5.1435463254655e-06,49.5731246653253,2.57177316196084e-06,49.5731246653251,2.5717731618728e-06,49.5731246653646,2.57177316303067e-06,49.5731246653652,2.57177316302047e-06,0.449999875815655,0.449999875591778,49.8138155382422,1.02870926532205e-05,0.44999996089016,0.449999960882358,49.6152083272591,5.14354632439245e-06,0.449999961486169,0.44999996143591,49.6152083273163,5.1435463263997e-06
237,49.9069077707592,1.02870927138115e-05,49.7343284820497,5.14354646651738e-06,49.7343284820473,5.14354646753756e-06,49.574876558274,2.57177318895297e-06,49.5748765582739,2.57177318885954e-06,49.5748765582892,2.57177318960499e-06,49.5748765582891,2.57177318965164e-06,49.7320011766126,5.14354635611367e-06,49.7320011766079,5.1435463569384e-06,49.5731246656131,2.57177317824401e-06,49.5731246656131,2.57177317814733e-06,49.5731246656283,2.57177317845468e-06,49.5731246656281,2.57177317842006e-06,0.450000075309821,0.450000075272852,49.8138155415209,1.02870927142967e-05,0.449999994956239,0.449999994948804,49.6152083279136,5.14354635660402e-06,0.449999994838135,0.449999994834423,49.6152083279376,5.14354635769632e-06
238,49.9069077708742,1.02870926849631e-05,49.7343284827389,5.14354619881668e-06,49.7343284827384,5.14354619521943e-06,49.5748765579544,2.57177313502457e-06,49.5748765579544,2.57177313490681e-06,49.5748765579787,2.57177313532186e-06,49.5748765579785,2.57177313505136e-06,49.7320011772097,5.14354633639762e-06,49.7320011772068,5.14354633719963e-06,49.5731246652605,2.57177316804218e-06,49.5731246652605,2.5717731679391e-06,49.5731246652848,2.57177316857228e-06,49.5731246652844,2.57177316849166e-06,0.449999989022356,0.449999988892002,49.8138155417423,1.02870926731721e-05,0.449999982735475,0.449999982726104,49.6152083274135,5.14354633649509e-06,0.449999983012478,0.449999982990951,49.6152083274295,5.14354633532912e-06
239,49.9069077750201,1.02870928017153e-05,49.734328489459,5.14354652416495e-06,49.7343284894583,5.14354652743211e-06,49.574876559367,2.57177323670867e-06,49.5748765593672,2.57177323666313e-06,49.5748765593791,2.57177323596973e-06,49.5748765593789,2.57177323604547e-06,49.7320011836831,5.14354640450114e-06,49.7320011836829,5.14354640515267e-06,49.5731246666053,2.57177320241605e-06,49.5731246666055,2.57177320234599e-06,49.5731246666168,2.5717732025563e-06,49.5731246666167,2.57177320245629e-06,0.450000084689283,0.45000008457089,49.8138155500451,1.0287092813971e-05,0.450000014089288,0.450000014085665,49.6152083294981,5.14354640403417e-06,0.450000013858781,0.450000013852752,49.6152083295119,5.14354640436795e-06
240,49.9069077834704,1.0287093095112e-05,49.7343285034069,5.14354700015477e-06,49.7343285034049,5.14354700685823e-06,49.5748765628057,2.57177337143303e-06,49.574876562806,2.57177337143849e-06,49.5748765628008,2.5717733705359e-06,49.5748765628006,2.57177337096474e-06,49.7320011972175,5.14354655404987e-06,49.7320011972161,5.14354655477134e-06,49.5731246698807,2.57177327755211e-06,49.5731246698812,2.57177327754616e-06,49.5731246698758,2.57177327723973e-06,49.5731246698757,2.57177327715208e-06,0.450000154361501,0.450000154118586,49.8138155669559,1.02870931118541e-05,0.450000045897436,0.450000045897001,49.6152083343093,5.14354655392435e-06,0.450000045459624,0.450000045425496,49.6152083343088,5.14354655468469e-06
241,49.9069077844983,1.02870931137845e-05,49.7343285064588,5.14354644612326e-06,49.7343285064596,5.14354644625466e-06,49.5748765642168,2.57177326417972e-06,49.5748765642169,2.57177326419958e-06,49.5748765642297,2.57177326420934e-06,49.57487656423,2.5717732640786e-06,49.7320012007818,5.1435465572084e-06,49.7320012007833,5.14354655762468e-06,49.5731246712113,2.57177327843788e-06,49.5731246712115,2.57177327845859e-06,49.5731246712242,2.5717732788647e-06,49.5731246712246,2.571773278828e-06,0.449999961906787,0.449999961902025,49.813815568994,1.0287093117312e-05,0.450000021602048,0.450000021600468,49.6152083356656,5.14354655646548e-06,0.450000021637574,0.45000002162717,49.6152083356798,5.14354655666375e-06
242,49.9069077865031,1.02870932049137e-05,49.7343285096111,5.14354673832541e-06,49.7343285096095,5.14354674294859e-06,49.5748765662729,2.57177333306166e-06,49.574876566273,2.57177333310596e-06,49.5748765662689,2.57177333275677e-06,49.574876566269,2.57177333295018e-06,49.732001204055,5.14354660768635e-06,49.7320012040536,5.14354660802926e-06,49.5731246732539,2.57177330404875e-06,49.5731246732539,2.57177330408776e-06,49.5731246732499,2.57177330401595e-06,49.5731246732502,2.57177330402406e-06,0.450000037732464,0.450000037564932,49.813815573012,1.02870932159403e-05,0.450000037884656,0.450000037881131,49.6152083381827,5.14354660781646e-06,0.450000037554626,0.450000037539234,49.6152083381854,5.14354660884328e-06
243,49.9069077841695,1.02870931437236e-05,49.7343285059523,5.14354646184568e-06,49.7343285059519,5.14354645907148e-06,49.5748765665751,2.5717732486224e-06,49.574876566575,2.57177324863674e-06,49.5748765665753,2.5717732504655e-06,49.5748765665754,2.5717732503072e-06,49.7320012006722,5.14354657000806e-06,49.7320012006704,5.14354656976828e-06,49.5731246735936,2.57177328479981e-06,49.5731246735935,2.57177328481985e-06,49.5731246735944,2.57177328499578e-06,49.5731246735945,2.57177328501928e-06,0.449999938451427,0.449999938350897,49.8138155683342,1.02870931522439e-05,0.450000009450058,0.450000009448916,49.6152083380649,5.14354656936302e-06,0.450000009643521,0.450000009630924,49.6152083380749,5.14354657051263e-06
244,49.9069077771532,1.02870929143227e-05,49.7343284945125,5.14354602517228e-06,49.7343284945142,5.14354601911201e-06,49.5748765647727,2.57177313402543e-06,49.5748765647726,2.57177313398933e-06,49.574876564786,2.57177313581283e-06,49.5748765647862,2.57177313534051e-06,49.7320011896636,5.14354645114941e-06,49.7320011896645,5.14354645088765e-06,49.5731246719345,2.57177322507464e-06,49.5731246719342,2.57177322504483e-06,49.5731246719479,2.57177322566841e-06,49.573124671948,2.57177322568695e-06,0.449999866334012,0.449999866114404,49.8138155542919,1.02870929032151e-05,0.449999979175291,0.449999979172418,49.6152083351534,5.14354645108051e-06,0.449999979608209,0.449999979570621,49.615208335172,5.14354645157891e-06
245,49.9069077770038,1.02870929468637e-05,49.7343284928903,5.14354673966274e-06,49.7343284928915,5.14354673532626e-06,49.5748765645566,2.57177327185729e-06,49.5748765645618,2.5717732677657e-06,49.5748765646978,2.57177327428129e-06,49.5748765646992,2.57177327291665e-06,49.7320011876341,5.14354647351007e-06,49.7320011876364,5.14354646974904e-06,49.5731246718045,2.57177322959526e-06,49.5731246718118,2.57177323026637e-06,49.5731246719505,2.57177323593434e-06,49.5731246719523,2.57177323610158e-06,0.450000049484347,0.450000049327204,49.8138155540149,1.02870929393712e-05,0.45000000088912,0.450000000563511,49.6152083352191,5.14354647576783e-06,0.450000000978537,0.450000000869939,49.6152083353383,5.14354647346772e-06
246,49.906907781383,1.02870931180824e-05,49.7343284995844,5.14354706452594e-06,49.7343284995857,5.14354706008924e-06,49.5748765657606,2.5717733601237e-06,49.5748765657701,2.5717733511378e-06,49.5748765659236,2.57177337188388e-06,49.5748765659254,2.57177337023314e-06,49.7320011938049,5.14354656048523e-06,49.7320011938075,5.143546555847e-06,49.5731246729453,2.57177326995874e-06,49.5731246729574,2.57177327165752e-06,49.5731246731219,2.57177327980159e-06,49.5731246731242,2.57177328013249e-06,0.450000097804925,0.450000097644151,49.8138155627813,1.02870931147054e-05,0.450000015480602,0.450000014765504,49.6152083371579,5.14354655626175e-06,0.450000015573718,0.450000015442352,49.6152083373416,5.14354655958868e-06
247,49.9069077816199,1.02870931040045e-05,49.7343285009256,5.1435463383158e-06,49.7343285009212,5.14354634825355e-06,49.5748765660847,2.57177325335925e-06,49.5748765660814,2.57177325678102e-06,49.5748765659456,2.57177325520011e-06,49.5748765659446,2.57177325607681e-06,49.7320011952799,5.14354654734603e-06,49.7320011952708,5.14354655759247e-06,49.5731246731994,2.57177327752844e-06,49.5731246731943,2.57177327860449e-06,49.5731246730666,2.57177327741832e-06,49.573124673065,2.57177327756105e-06,0.449999971614299,0.449999971254182,49.8138155632349,1.02870931026619e-05,0.450000002875131,0.450000002602827,49.6152083374304,5.1435465606728e-06,0.450000002415009,0.450000002345242,49.6152083372302,5.14354655284114e-06
248,49.9069077829261,1.02870931675059e-05,49.7343285028651,5.14354668977031e-06,49.7343285028582,5.14354669569756e-06,49.574876566514,2.57177331998031e-06,49.5748765665144,2.57177331352669e-06,49.5748765665852,2.57177333370158e-06,49.5748765665841,2.57177333277404e-06,49.7320011973541,5.14354658159241e-06,49.7320011973405,5.14354658771179e-06,49.5731246736327,2.57177328823449e-06,49.5731246736293,2.57177328882312e-06,49.5731246737064,2.57177329432355e-06,49.5731246737039,2.57177329416005e-06,0.450000028929222,0.450000028714434,49.8138155658584,1.02870931693342e-05,0.450000013009735,0.450000012496156,49.6152083382061,5.14354659802757e-06,0.45000001620507,0.450000016131256,49.6152083382374,5.14354659047422e-06
249,49.9069077816786,1.02870931253293e-05,49.734328501056,5.14354643127793e-06,49.7343285010483,5.1435464410632e-06,49.5748765664335,2.57177327224062e-06,49.574876566428,2.57177327980372e-06,49.5748765663108,2.57177324216365e-06,49.5748765663096,2.57177324297832e-06,49.7320011956489,5.14354655808278e-06,49.7320011956337,5.1435465673318e-06,49.5731246735525,2.5717732839581e-06,49.573124673546,2.57177328390868e-06,49.5731246734162,2.57177328207211e-06,49.5731246734145,2.57177328173039e-06,0.449999964185366,0.449999963830774,49.8138155633515,1.02870931259595e-05,0.450000002485083,0.450000001883211,49.6152083379317,5.14354657977947e-06,0.449999998880599,0.449999998815768,49.6152083376759,5.14354656515206e-06
250,49.9069077829146,1.02870931949048e-05,49.7343285025709,5.14354681504164e-06,49.734328502563,5.14354682721682e-06,49.5748765668565,2.57177334688416e-06,49.5748765668614,2.57177333887624e-06,49.5748765669289,2.57177334544508e-06,49.5748765669302,2.57177334369368e-06,49.7320011970877,5.1435465911847e-06,49.7320011970717,5.14354660382203e-06,49.5731246739823,2.57177329615696e-06,49.5731246739872,2.57177329645624e-06,49.5731246740622,2.57177330096509e-06,49.5731246740639,2.57177330074889e-06,0.450000038455675,0.450000038014479,49.8138155658371,1.02870931975085e-05,0.450000011844717,0.450000011207447,49.6152083388844,5.14354664118673e-06,0.450000015198846,0.45000001505947,49.6152083386222,5.14354659605578e-06
251,49.9069077809567,1.02870931176869e-05,49.7343284996927,5.14354632119237e-06,49.7343284996812,5.14354634010132e-06,49.5748765663825,2.57177326428462e-06,49.5748765663798,2.57177327305317e-06,49.5748765662865,2.57177322135202e-06,49.5748765662868,2.57177322272294e-06,49.7320011942899,5.14354655044122e-06,49.7320011942669,5.14354656922778e-06,49.5731246735187,2.57177328420891e-06,49.5731246735182,2.57177328454698e-06,49.5731246734037,2.57177328034343e-06,49.5731246734052,2.57177328031394e-06,0.449999947670296,0.449999946985086,49.8138155619046,1.02870931291372e-05,0.449999993574578,0.449999992876776,49.615208338068,5.14354660983463e-06,0.449999993066246,0.449999992957148,49.6152083375585,5.14354655768238e-06
252,49.9069077749858,1.02870929005605e-05,49.7343284901367,5.14354576005514e-06,49.7343284901313,5.14354576656302e-06,49.5748765643515,2.57177311779047e-06,49.574876564337,2.57177314061796e-06,49.5748765639816,2.57177307192937e-06,49.5748765639798,2.57177307585149e-06,49.7320011850219,5.14354644847585e-06,49.7320011850113,5.14354645418735e-06,49.5731246715758,2.57177323908503e-06,49.5731246715613,2.57177323862482e-06,49.5731246711773,2.57177322294753e-06,49.5731246711763,2.57177322299136e-06,0.449999883774938,0.44999988353911,49.8138155499477,1.0287092906533e-05,0.449999973138165,0.449999971321553,49.6152083347514,5.14354646641459e-06,0.449999968653735,0.449999968341613,49.6152083342437,5.14354645129879e-06
253,49.9069077751947,1.02870929431696e-05,49.7343284892288,5.14354665777966e-06,49.7343284892407,5.14354664132578e-06,49.5748765635225,2.57177326229867e-06,49.5748765635259,2.57177326256796e-06,49.5748765634743,2.57177324990194e-06,49.5748765634752,2.57177324978901e-06,49.732001183869,5.14354647942468e-06,49.7320011838927,5.14354646278619e-06,49.5731246708165,2.57177323470565e-06,49.5731246708225,2.57177323540064e-06,49.5731246707725,2.57177323185173e-06,49.5731246707739,2.57177323215317e-06,0.450000050935324,0.45000005033908,49.8138155503937,1.02870929422015e-05,0.44999999466076,0.449999994639329,49.6152083341084,5.14354647360142e-06,0.449999992313233,0.449999992304246,49.6152083339669,5.14354646346783e-06
254,49.9069077745947,1.02870928966001e-05,49.734328488596,5.14354627620763e-06,49.7343284886078,5.14354627798045e-06,49.5748765628634,2.57177322305449e-06,49.5748765628588,2.57177323643667e-06,49.574876562574,2.57177317781265e-06,49.5748765625744,2.57177317948242e-06,49.7320011830631,5.14354644567698e-06,49.732001183086,5.14354644820186e-06,49.5731246701365,2.57177323148641e-06,49.5731246701351,2.57177323239424e-06,49.5731246698405,2.57177322038124e-06,49.5731246698421,2.57177322093116e-06,0.449999982143043,0.449999982078801,49.8138155491811,1.02870928887296e-05,0.449999983754439,0.449999982689486,49.6152083334791,5.14354648261724e-06,0.449999982268575,0.449999982135695,49.6152083328264,5.14354643865772e-06
255,49.9069077769456,1.02870929784854e-05,49.7343284922472,5.14354660268289e-06,49.7343284922539,5.14354659212519e-06,49.5748765628809,2.57177326425864e-06,49.5748765628835,2.5717732558935e-06,49.5748765629569,2.57177328759395e-06,49.5748765629573,2.57177328727477e-06,49.7320011866073,5.14354649406766e-06,49.7320011866209,5.14354648398805e-06,49.5731246701366,2.57177324428813e-06,49.5731246701364,2.57177324510733e-06,49.5731246702101,2.57177324298786e-06,49.5731246702103,2.5717732435651e-06,0.450000055568199,0.450000055185616,49.8138155538972,1.02870929741703e-05,0.44999999589116,0.449999995225463,49.6152083336135,5.14354648987228e-06,0.450000004049282,0.450000004023882,49.6152083337086,5.14354648690278e-06
256,49.9069077764113,1.02870929319152e-05,49.7343284919807,5.14354621499785e-06,49.7343284919861,5.14354619959623e-06,49.5748765625637,2.57177319005164e-06,49.5748765625607,2.57177319695024e-06,49.5748765624459,2.5717731744752e-06,49.5748765624438,2.57177317650698e-06,49.7320011864475,5.14354647449211e-06,49.7320011864588,5.14354645771126e-06,49.5731246697738,2.57177323761156e-06,49.5731246697711,2.57177323826005e-06,49.5731246696452,2.57177322908777e-06,49.5731246696422,2.57177322938681e-06,0.44999996927213,0.449999968714016,49.8138155528133,1.02870929303117e-05,0.449999995387968,0.449999994838978,49.6152083329441,5.14354644711329e-06,0.44999998804592,0.449999987884231,49.6152083329514,5.14354646611719e-06
257,49.9069077794169,1.02870930408816e-05,49.7343284965565,5.14354679147542e-06,49.7343284965607,5.14354678630993e-06,49.5748765634793,2.57177331346926e-06,49.5748765634815,2.57177330774009e-06,49.574876563476,2.57177332432982e-06,49.5748765634758,2.57177332264189e-06,49.7320011909528,5.14354652312698e-06,49.7320011909611,5.14354651846556e-06,49.5731246706601,2.57177326274044e-06,49.5731246706609,2.57177326331434e-06,49.5731246706762,2.57177325997372e-06,49.5731246706747,2.57177326005634e-06,0.450000069279397,0.450000069092214,49.8138155588439,1.02870930439703e-05,0.450000012497321,0.450000012041393,49.6152083346831,5.1435465373188e-06,0.450000015676952,0.450000015542627,49.6152083345523,5.14354651926624e-06
258,49.9069077867171,1.02870933217036e-05,49.7343285082271,5.14354745355993e-06,49.7343285082315,5.14354744445079e-06,49.5748765659645,2.57177346211184e-06,49.5748765659787,2.57177343873429e-06,49.5748765664416,2.57177350506831e-06,49.5748765664438,2.5717735006793e-06,49.7320012023007,5.14354666484408e-06,49.7320012023093,5.14354665659567e-06,49.5731246730478,2.57177331899544e-06,49.573124673061,2.57177332016313e-06,49.5731246735407,2.57177333216666e-06,49.5731246735423,2.57177333220623e-06,0.45000014036091,0.450000140030819,49.8138155734616,1.02870933265949e-05,0.450000036267872,0.450000034407486,49.6152083383013,5.14354665890733e-06,0.450000044314118,0.450000043964841,49.6152083388176,5.14354665835162e-06
259,49.9069077868864,1.02870933079017e-05,49.7343285098836,5.14354646794506e-06,49.7343285098828,5.14354647123668e-06,49.5748765672377,2.57177330336687e-06,49.574876567234,2.57177330450766e-06,49.5748765673491,2.57177330653437e-06,49.5748765673481,2.57177330678396e-06,49.7320012042347,5.1435466528574e-06,49.7320012042329,5.14354665620231e-06,49.5731246742176,2.57177332881188e-06,49.5731246742113,2.57177332879113e-06,49.5731246743263,2.57177332842506e-06,49.5731246743246,2.57177332815938e-06,0.449999949892202,0.449999949772922,49.8138155737686,1.02870933095301e-05,0.450000019988517,0.450000019897733,49.6152083393162,5.14354663962604e-06,0.450000016415943,0.45000001639608,49.6152083395438,5.14354665488099e-06
260,49.9069077878324,1.02870933727637e-05,49.7343285110856,5.14354687670195e-06,49.7343285110793,5.14354688472258e-06,49.5748765683642,2.57177336568077e-06,49.5748765683632,2.57177335652319e-06,49.5748765686597,2.57177338894442e-06,49.5748765686591,2.57177338699339e-06,49.7320012056523,5.14354668360426e-06,49.7320012056398,5.14354669207106e-06,49.5731246753575,2.57177333969933e-06,49.5731246753507,2.57177333861142e-06,49.5731246756677,2.57177334666414e-06,49.5731246756656,2.57177334607821e-06,0.450000022766357,0.450000022475711,49.8138155756742,1.02870933809918e-05,0.450000026248104,0.450000025519343,49.6152083409209,5.14354669732802e-06,0.450000028620573,0.450000028465311,49.6152083411419,5.14354668485339e-06
261,49.9069077852577,1.02870932946981e-05,49.7343285070435,5.14354650407478e-06,49.7343285070304,5.14354652297885e-06,49.5748765683559,2.5717733112975e-06,49.57487656835,2.5717733175917e-06,49.5748765684613,2.5717732720606e-06,49.5748765684608,2.57177327243905e-06,49.7320012017452,5.14354663827704e-06,49.7320012017192,5.14354665667804e-06,49.5731246753938,2.5717733256037e-06,49.5731246753869,2.57177332377758e-06,49.573124675483,2.57177332526574e-06,49.5731246754826,2.57177332462487e-06,0.449999939223118,0.449999938538085,49.8138155705085,1.0287093298286e-05,0.450000005485007,0.450000004984114,49.6152083407029,5.14354668330998e-06,0.450000003205196,0.450000003175079,49.6152083405026,5.14354664631901e-06
262,49.9069077858772,1.02870933686731e-05,49.7343285072631,5.14354698260629e-06,49.7343285072582,5.14354697780671e-06,49.5748765688884,2.57177338705931e-06,49.574876568899,2.57177337436454e-06,49.5748765691743,2.57177341459888e-06,49.5748765691766,2.57177341234886e-06,49.7320012018418,5.14354668574883e-06,49.7320012018322,5.14354668078953e-06,49.5731246759707,2.57177333661119e-06,49.5731246759845,2.57177333600712e-06,49.5731246762633,2.57177334387408e-06,49.5731246762666,2.57177334353522e-06,0.450000037634204,0.45000003746028,49.8138155717649,1.02870933606373e-05,0.450000015830632,0.450000014820382,49.615208341241,5.14354667691259e-06,0.450000019051528,0.450000018872472,49.6152083417312,5.1435467012825e-06
263,49.9069077907779,1.02870935867946e-05,49.734328514616,5.14354753577362e-06,49.7343285146156,5.14354752884633e-06,49.5748765707137,2.57177350750662e-06,49.5748765707334,2.57177348432183e-06,49.574876571299,2.57177356871948e-06,49.5748765713025,2.57177356455012e-06,49.7320012088535,5.14354679577844e-06,49.7320012088526,5.14354678960609e-06,49.5731246777449,2.57177338159308e-06,49.573124677769,2.57177338277135e-06,49.5731246783506,2.57177340045854e-06,49.5731246783551,2.57177340044515e-06,0.450000106258355,0.450000106007328,49.8138155815814,1.02870935856654e-05,0.450000032716392,0.450000030871345,49.6152083439002,5.14354676763287e-06,0.450000037542155,0.450000037210357,49.6152083448329,5.14354680794804e-06
264,49.906907789382,1.02870935324943e-05,49.7343285132978,5.14354657930296e-06,49.7343285132863,5.14354659550674e-06,49.5748765710429,2.57177334444284e-06,49.5748765710357,2.57177334518794e-06,49.5748765713558,2.57177337328851e-06,49.574876571355,2.57177337344572e-06,49.7320012077666,5.14354675840576e-06,49.7320012077435,5.14354677533537e-06,49.5731246780318,2.57177338222764e-06,49.5731246780188,2.57177338154369e-06,49.573124678333,2.57177338831689e-06,49.5731246783317,2.5717733881001e-06,0.449999934167091,0.449999933579909,49.8138155787598,1.028709353469e-05,0.450000006569392,0.450000006510097,49.6152083438273,5.14354673707112e-06,0.450000009078863,0.450000009066353,49.615208344466,5.14354677570554e-06
265,49.9069077840493,1.02870933591953e-05,49.7343285046364,5.14354620155624e-06,49.7343285046187,5.14354622504014e-06,49.5748765696074,2.57177325570835e-06,49.5748765695897,2.57177326398358e-06,49.5748765698286,2.57177326150768e-06,49.574876569826,2.57177326288686e-06,49.7320011995252,5.14354666870314e-06,49.7320011994901,5.14354669212103e-06,49.5731246766873,2.57177334523415e-06,49.5731246766599,2.57177334178177e-06,49.5731246768879,2.57177334468554e-06,49.573124676884,2.57177334412221e-06,0.449999896160935,0.449999895309941,49.8138155680848,1.02870933598097e-05,0.449999990603995,0.449999989945452,49.6152083417097,5.14354666792951e-06,0.449999988889682,0.449999988779926,49.6152083421248,5.14354669107706e-06
266,49.9069077826948,1.02870933557139e-05,49.7343285012248,5.14354687226537e-06,49.7343285012128,5.14354688779627e-06,49.5748765687148,2.57177337502339e-06,49.5748765687175,2.57177337142602e-06,49.574876569149,2.57177336697128e-06,49.5748765691501,2.57177336584964e-06,49.73200119598,5.14354666955392e-06,49.732001195956,5.14354668493961e-06,49.5731246758914,2.57177333491783e-06,49.573124675896,2.57177333204725e-06,49.5731246763188,2.57177334256028e-06,49.5731246763205,2.57177334219968e-06,0.450000013301835,0.450000012739037,49.8138155653943,1.02870933552913e-05,0.449999997617019,0.44999999733074,49.6152083409943,5.14354668218584e-06,0.449999995684302,0.449999995595043,49.6152083414413,5.1435466850653e-06
267,49.9069077805442,1.02870932822132e-05,49.7343284976524,5.14354653102243e-06,49.7343284976447,5.1435465477715e-06,49.5748765676362,2.57177330725976e-06,49.574876567642,2.57177331256499e-06,49.5748765678083,2.5717732921369e-06,49.5748765678103,2.5717732928749e-06,49.7320011922641,5.14354663161552e-06,49.7320011922486,5.14354664848737e-06,49.5731246748288,2.57177332130034e-06,49.5731246748444,2.57177332020633e-06,49.5731246750008,2.57177332266358e-06,49.5731246750052,2.57177332281554e-06,0.449999962923433,0.449999962316492,49.8138155610827,1.02870932780625e-05,0.449999984169492,0.449999983747302,49.6152083395499,5.14354664491293e-06,0.44999998058543,0.449999980526699,49.6152083397063,5.14354664599341e-06
268,49.9069077810232,1.02870933090561e-05,49.7343284980504,5.14354676809624e-06,49.7343284980442,5.14354677987226e-06,49.5748765670373,2.57177335501446e-06,49.5748765670481,2.57177334843212e-06,49.5748765673034,2.571773373206e-06,49.5748765673052,2.57177337269343e-06,49.7320011925455,5.14354664803586e-06,49.732001192533,5.14354666035696e-06,49.5731246742423,2.57177332222505e-06,49.5731246742594,2.57177332301482e-06,49.573124674526,2.57177333027685e-06,49.5731246745291,2.57177333077645e-06,0.450000026470041,0.45000002604331,49.8138155620519,1.02870933051563e-05,0.449999993279583,0.449999992755761,49.615208339203,5.1435466726216e-06,0.449999994310174,0.449999994269383,49.6152083394338,5.14354666725285e-06
269,49.9069077793539,1.02870932304312e-05,49.7343284956819,5.14354639171339e-06,49.7343284956699,5.14354641251089e-06,49.5748765659824,2.57177329200451e-06,49.5748765659756,2.57177330199768e-06,49.574876566003,2.57177326489292e-06,49.5748765660017,2.5717732667141e-06,49.7320011902372,5.14354660483389e-06,49.7320011902132,5.14354662540858e-06,49.5731246731967,2.5717733089455e-06,49.5731246731892,2.57177330922385e-06,49.5731246732094,2.57177330911791e-06,49.5731246732077,2.57177330950392e-06,0.449999958509698,0.449999957756052,49.8138155587002,1.02870932274718e-05,0.449999981880416,0.449999981085159,49.6152083378778,5.14354664677558e-06,0.44999997874469,0.449999978599761,49.6152083376466,5.14354661640937e-06
270,49.9069077808596,1.02870932903671e-05,49.7343284976672,5.14354685663007e-06,49.734328497652,5.14354687278359e-06,49.5748765657157,2.57177338043736e-06,49.5748765657138,2.57177337122491e-06,49.5748765659809,2.57177337400304e-06,49.5748765659801,2.57177337276422e-06,49.7320011921399,5.14354663780092e-06,49.7320011921098,5.14354665397467e-06,49.5731246729356,2.57177331653053e-06,49.5731246729267,2.57177331579768e-06,49.5731246732016,2.57177332509829e-06,49.5731246731992,2.57177332521744e-06,0.450000045363544,0.450000044778183,49.8138155617275,1.02870932972937e-05,0.449999996966966,0.44999999623384,49.6152083380164,5.14354668824581e-06,0.450000000992555,0.450000000893969,49.6152083379218,5.14354663962695e-06
271,49.9069077862467,1.02870934937591e-05,49.7343285062203,5.14354740018363e-06,49.7343285062098,5.14354740704407e-06,49.5748765671432,2.57177350068555e-06,49.5748765671547,2.57177347765921e-06,49.5748765676572,2.57177352037734e-06,49.5748765676585,2.57177351670456e-06,49.7320012004046,5.14354674336665e-06,49.7320012003837,5.14354675064337e-06,49.5731246742776,2.57177336024632e-06,49.5731246742866,2.57177335970244e-06,49.5731246748028,2.57177337711475e-06,49.573124674803,2.57177337708644e-06,0.450000107778177,0.450000107529573,49.813815572516,1.02870935003511e-05,0.450000019425336,0.450000017592899,49.6152083402865,5.14354677542997e-06,0.45000002400899,0.45000002371671,49.6152083406426,5.14354675146296e-06
272,49.9069077858896,1.02870934522021e-05,49.7343285068358,5.14354654774012e-06,49.7343285068256,5.14354656691036e-06,49.574876567609,2.57177334416215e-06,49.5748765676038,2.57177334455818e-06,49.5748765677121,2.57177334980779e-06,49.5748765677112,2.5717733499124e-06,49.732001201233,5.14354671673774e-06,49.7320012012122,5.14354673661572e-06,49.573124674657,2.57177336593594e-06,49.5731246746488,2.57177336394987e-06,49.5731246747631,2.57177336704298e-06,49.5731246747617,2.57177336675202e-06,0.449999951119665,0.449999950424987,49.8138155717753,1.02870934545026e-05,0.450000001027085,0.450000000995569,49.6152083404106,5.14354674626429e-06,0.450000000356969,0.450000000348645,49.6152083404628,5.14354673825801e-06
273,49.906907786313,1.02870934896448e-05,49.7343285073043,5.14354689113754e-06,49.7343285072959,5.1435469014656e-06,49.5748765679013,2.57177339487943e-06,49.574876567902,2.57177338312114e-06,49.5748765682346,2.57177341874191e-06,49.5748765682345,2.57177341703131e-06,49.7320012018664,5.14354673959211e-06,49.7320012018497,5.14354675039784e-06,49.5731246749706,2.57177336773252e-06,49.5731246749666,2.57177336494598e-06,49.5731246753121,2.57177337649626e-06,49.5731246753112,2.57177337601591e-06,0.45000001499804,0.450000014623778,49.8138155726339,1.02870934848161e-05,0.450000010316147,0.450000009380421,49.6152083408189,5.1435467557485e-06,0.450000012390277,0.450000012254148,49.6152083411878,5.1435467575684e-06
274,49.9069077840372,1.02870934080209e-05,49.7343285037803,5.14354658484113e-06,49.7343285037708,5.14354660009259e-06,49.5748765675618,2.57177335186537e-06,49.5748765675606,2.57177335551867e-06,49.5748765676278,2.57177331608872e-06,49.5748765676276,2.57177331656157e-06,49.7320011984403,5.14354669561573e-06,49.7320011984212,5.14354671038705e-06,49.573124674656,2.57177335325647e-06,49.5731246746571,2.57177335058446e-06,49.573124674713,2.57177335384991e-06,49.5731246747131,2.57177335337923e-06,0.449999947824719,0.449999947272047,49.8138155680688,1.02870933987979e-05,0.449999997433732,0.449999997143002,49.6152083401948,5.14354672642548e-06,0.449999991956895,0.449999991919266,49.6152083401501,5.14354671669116e-06
275,49.9069077844408,1.02870934470806e-05,49.7343285037894,5.14354695669559e-06,49.7343285037828,5.14354696174586e-06,49.5748765676902,2.57177339844497e-06,49.5748765677013,2.57177338729169e-06,49.5748765678764,2.57177341735684e-06,49.5748765678781,2.5717734155555e-06,49.7320011983497,5.14354672054491e-06,49.7320011983366,5.14354672582933e-06,49.5731246748123,2.57177335755318e-06,49.5731246748285,2.57177335643432e-06,49.5731246750123,2.57177336443663e-06,49.5731246750149,2.57177336419912e-06,0.450000027582716,0.450000027399708,49.81381556889,1.0287093446168e-05,0.45000000358621,0.450000002698632,49.6152083402836,5.14354671677393e-06,0.450000006937062,0.450000006793711,49.6152083405641,5.14354672776881e-06
276,49.9069077817122,1.02870933379135e-05,49.7343284996548,5.14354643321114e-06,49.7343284996503,5.14354644068545e-06,49.5748765668731,2.5717732953558e-06,49.5748765668773,2.57177330003742e-06,49.5748765668063,2.57177327891829e-06,49.5748765668064,2.57177328037388e-06,49.7320011942822,5.14354666551186e-06,49.7320011942731,5.14354667259135e-06,49.5731246740061,2.57177333561591e-06,49.5731246740167,2.57177333573635e-06,49.5731246739374,2.57177333510414e-06,49.5731246739386,2.57177333504058e-06,0.449999936298601,0.449999936027752,49.8138155634153,1.0287093339799e-05,0.449999988652229,0.449999988279665,49.6152083389759,5.14354666686086e-06,0.449999983372825,0.449999983256989,49.6152083389293,5.14354667279895e-06
277,49.9069077750152,1.0287093079003e-05,49.7343284889596,5.14354582313015e-06,49.7343284889594,5.14354582947046e-06,49.5748765645271,2.57177315387354e-06,49.5748765645161,2.57177317467872e-06,49.5748765640045,2.57177311167175e-06,49.5748765640024,2.5717731157005e-06,49.7320011838759,5.14354653717856e-06,49.7320011838753,5.14354654280924e-06,49.5731246717516,2.57177328124366e-06,49.5731246717425,2.57177328117151e-06,49.5731246712244,2.57177326783209e-06,49.5731246712229,2.57177326780278e-06,0.449999871504753,0.449999871274997,49.8138155500055,1.02870930786112e-05,0.449999967064224,0.449999965408548,49.6152083355523,5.14354655064926e-06,0.449999957356305,0.449999957035697,49.615208334935,5.14354654482668e-06
278,49.9069077748549,1.02870930948063e-05,49.7343284874248,5.14354673560273e-06,49.734328487436,5.14354672124561e-06,49.5748765633932,2.57177329584062e-06,49.5748765633971,2.5717732947006e-06,49.5748765631212,2.57177329065851e-06,49.5748765631222,2.57177329040852e-06,49.7320011820809,5.14354655423496e-06,49.7320011821035,5.1435465396064e-06,49.5731246707093,2.57177327095162e-06,49.5731246707152,2.57177327205562e-06,49.5731246704524,2.57177327050184e-06,49.573124670454,2.57177327075454e-06,0.450000046714565,0.450000046194301,49.813815549714,1.02870930938989e-05,0.449999983792716,0.449999983701994,49.6152083344931,5.14354654561521e-06,0.449999982711494,0.449999982691599,49.6152083341688,5.14354654155431e-06
279,49.9069077740132,1.02870930275227e-05,49.7343284864437,5.14354634178142e-06,49.7343284864552,5.14354633669683e-06,49.5748765624196,2.57177324400714e-06,49.5748765624169,2.57177325567966e-06,49.5748765618977,2.57177321212862e-06,49.5748765618983,2.57177321388581e-06,49.7320011809081,5.14354651495466e-06,49.7320011809307,5.14354651003118e-06,49.5731246697244,2.57177326199617e-06,49.5731246697251,2.57177326354698e-06,49.5731246691974,2.57177325311005e-06,49.5731246691994,2.57177325366529e-06,0.44999997847749,0.449999978293238,49.8138155480177,1.02870930208437e-05,0.449999974446549,0.449999973517649,49.6152083332953,5.14354652228576e-06,0.44999997253087,0.449999972391032,49.6152083326527,5.14354651006124e-06
280,49.9069077763912,1.02870930888514e-05,49.7343284902953,5.14354665871483e-06,49.7343284902954,5.14354666449661e-06,49.574876562265,2.57177332263979e-06,49.5748765622675,2.57177331626514e-06,49.5748765620567,2.57177331467477e-06,49.5748765620571,2.57177331437601e-06,49.7320011846475,5.14354654094066e-06,49.7320011846475,5.14354654747598e-06,49.5731246695475,2.57177327207075e-06,49.573124669548,2.57177327362254e-06,49.573124669343,2.57177327163583e-06,49.5731246693434,2.57177327224678e-06,0.450000055166114,0.450000054956598,49.8138155527885,1.0287093084371e-05,0.449999989451711,0.449999988944416,49.6152083338244,5.14354660051868e-06,0.449999995518187,0.449999995494412,49.6152083331657,5.14354653897681e-06
281,49.9069077756701,1.02870930236986e-05,49.7343284898867,5.14354622055875e-06,49.73432848988,5.14354622044235e-06,49.5748765615994,2.57177321806053e-06,49.5748765615909,2.57177322749282e-06,49.5748765613691,2.57177319215921e-06,49.574876561367,2.57177319425771e-06,49.7320011843493,5.14354651199455e-06,49.7320011843365,5.14354651078875e-06,49.5731246688578,2.57177326054148e-06,49.5731246688463,2.57177326094724e-06,49.5731246685936,2.57177325274531e-06,49.5731246685906,2.57177325307691e-06,0.449999964259316,0.449999964255098,49.8138155513302,1.02870930150675e-05,0.449999980418666,0.449999979668044,49.6152083325146,5.14354652532529e-06,0.44999998167095,0.449999981503951,49.6152083321157,5.1435465022987e-06
282,49.9069077787781,1.02870931354725e-05,49.7343284946105,5.14354686201392e-06,49.7343284946153,5.14354684134511e-06,49.5748765623263,2.5717733296172e-06,49.5748765623324,2.57177331714321e-06,49.5748765623552,2.57177334593625e-06,49.5748765623548,2.57177334438073e-06,49.7320011889852,5.14354657774624e-06,49.732001188995,5.14354655652626e-06,49.5731246695394,2.57177328053486e-06,49.5731246695437,2.57177328113876e-06,49.5731246695765,2.57177328124848e-06,49.5731246695746,2.57177328133028e-06,0.450000073729274,0.450000072980292,49.8138155575671,1.0287093127833e-05,0.450000010729623,0.450000009736943,49.6152083335853,5.14354654806539e-06,0.450000010409126,0.450000010285338,49.6152083337127,5.14354655931493e-06
283,49.9069077865586,1.02870934164234e-05,49.7343285071585,5.1435475548511e-06,49.7343285071702,5.14354753274335e-06,49.5748765650848,2.57177349328367e-06,49.5748765651045,2.57177346479566e-06,49.5748765654188,2.57177353655246e-06,49.574876565421,2.57177353206871e-06,49.7320012011889,5.14354671816422e-06,49.7320012012122,5.14354669674833e-06,49.5731246721645,2.57177333998062e-06,49.5731246721851,2.57177334171828e-06,49.5731246725329,2.57177335394942e-06,49.5731246725344,2.57177335396592e-06,0.450000148019112,0.450000147217987,49.8138155731462,1.02870934148823e-05,0.450000037982293,0.450000035715217,49.6152083377025,5.14354669373006e-06,0.450000040933956,0.450000040577139,49.6152083381499,5.14354670610373e-06
284,49.9069077867362,1.02870933830327e-05,49.734328509032,5.14354647789897e-06,49.7343285090325,5.14354647868014e-06,49.5748765664259,2.57177330767094e-06,49.5748765664213,2.57177330580111e-06,49.5748765663548,2.57177332505734e-06,49.5748765663538,2.57177332533625e-06,49.7320012033627,5.14354669143785e-06,49.7320012033636,5.14354669263883e-06,49.5731246734058,2.57177334858642e-06,49.573124673396,2.57177334850357e-06,49.5731246733379,2.57177334708861e-06,49.5731246733363,2.57177334680587e-06,0.449999944637784,0.449999944609476,49.8138155734675,1.02870933836048e-05,0.450000011615256,0.450000011466455,49.6152083387478,5.14354667498355e-06,0.450000013052134,0.450000013029939,49.6152083388405,5.14354669466684e-06
285,49.9069077819724,1.02870932103111e-05,49.7343285016166,5.143546063901e-06,49.7343285016124,5.14354607139501e-06,49.5748765658234,2.57177321061171e-06,49.5748765658077,2.57177321915513e-06,49.5748765655967,2.57177320530345e-06,49.5748765655943,2.57177320703994e-06,49.7320011964651,5.14354660253747e-06,49.7320011964568,5.14354660982241e-06,49.5731246728766,2.57177331246237e-06,49.5731246728527,2.57177330984694e-06,49.5731246726406,2.57177330343203e-06,49.5731246726374,2.57177330284027e-06,0.449999895644054,0.449999895372492,49.8138155639288,1.02870932120013e-05,0.44999999790175,0.449999997221865,49.6152083374515,5.14354660334993e-06,0.449999994908985,0.449999994770795,49.6152083372743,5.14354660948538e-06
286,49.9069077814184,1.02870932320532e-05,49.734328499529,5.1435468593721e-06,49.7343284995351,5.1435468514934e-06,49.5748765658309,2.57177334010782e-06,49.5748765658339,2.5717733369417e-06,49.5748765658609,2.57177333444773e-06,49.5748765658622,2.57177333334368e-06,49.7320011942519,5.14354661938169e-06,49.732001194264,5.14354661139573e-06,49.5731246729796,2.57177330669794e-06,49.5731246729845,2.57177330466774e-06,49.5731246730067,2.57177330729751e-06,49.5731246730088,2.57177330694609e-06,0.450000026741019,0.450000026455516,49.8138155628424,1.02870932324286e-05,0.450000007389447,0.450000007137488,49.6152083375418,5.14354660272238e-06,0.4500000058448,0.450000005756939,49.6152083376687,5.14354661691868e-06
287,49.9069077797413,1.02870931640352e-05,49.7343284968354,5.14354647761152e-06,49.7343284968423,5.14354648201865e-06,49.5748765655045,2.57177327673401e-06,49.5748765655086,2.57177328338704e-06,49.5748765653124,2.57177325146741e-06,49.5748765653143,2.57177325232781e-06,49.7320011914175,5.14354657930829e-06,49.7320011914308,5.14354658419221e-06,49.5731246726616,2.57177329555377e-06,49.5731246726742,2.57177329500945e-06,49.5731246724711,2.57177329027191e-06,49.5731246724753,2.57177329041262e-06,0.449999965696894,0.449999965537191,49.8138155594762,1.02870931698726e-05,0.449999992359922,0.449999991830474,49.6152083370631,5.14354659379205e-06,0.449999988904069,0.449999988835598,49.6152083367367,5.14354657977947e-06
288,49.9069077806737,1.02870932105526e-05,49.7343284979673,5.1435467397123e-06,49.734328497971,5.14354673632487e-06,49.5748765654991,2.57177332201791e-06,49.5748765655097,2.57177331474392e-06,49.5748765655872,2.57177334413736e-06,49.574876565589,2.57177334340206e-06,49.7320011924389,5.14354660741084e-06,49.7320011924463,5.14354660462171e-06,49.57312467268,2.57177329895928e-06,49.5731246726959,2.57177330013791e-06,49.5731246727759,2.57177330333131e-06,49.5731246727787,2.57177330379089e-06,0.450000033471058,0.450000033348306,49.8138155613533,1.02870932184342e-05,0.449999999161364,0.4499999985825,49.6152083371284,5.14354659879245e-06,0.450000004625568,0.450000004567053,49.6152083372812,5.14354660434492e-06
289,49.9069077791651,1.02870931436444e-05,49.7343284959378,5.14354635140915e-06,49.7343284959352,5.14354635413017e-06,49.5748765649844,2.57177325800659e-06,49.5748765649829,2.57177326547409e-06,49.5748765648684,2.57177323267534e-06,49.5748765648671,2.57177323455546e-06,49.7320011904826,5.14354657095287e-06,49.7320011904777,5.14354657286125e-06,49.573124672162,2.57177328689875e-06,49.5731246721626,2.571773288395e-06,49.573124672038,2.57177328440254e-06,49.5731246720362,2.57177328474698e-06,0.449999959197718,0.449999959099115,49.8138155583223,1.02870931425723e-05,0.449999992603641,0.449999992009378,49.615208336348,5.14354657173681e-06,0.449999986544991,0.449999986395371,49.6152083361253,5.14354656111936e-06
290,49.9069077809409,1.02870932226464e-05,49.7343284984683,5.1435468410586e-06,49.7343284984661,5.14354683778663e-06,49.5748765652842,2.57177333821539e-06,49.574876565284,2.5717733330914e-06,49.5748765653842,2.57177336336724e-06,49.5748765653836,2.57177336193394e-06,49.7320011929257,5.1435466116444e-06,49.7320011929214,5.1435466084749e-06,49.5731246724659,2.57177329976545e-06,49.573124672462,2.57177330086737e-06,49.5731246725746,2.57177330500967e-06,49.5731246725726,2.57177330511912e-06,0.450000051402293,0.450000051283725,49.8138155618909,1.02870932082151e-05,0.45000000453181,0.450000004124043,49.6152083370203,5.14354661010566e-06,0.450000009135544,0.450000009021482,49.6152083371219,5.14354660723075e-06
291,49.9069077868532,1.02870934467173e-05,49.7343285078004,5.14354742501221e-06,49.734328507801,5.14354741685137e-06,49.574876567118,2.57177346347549e-06,49.5748765671282,2.57177344414832e-06,49.5748765676149,2.57177352445316e-06,49.5748765676166,2.5717735203535e-06,49.7320012019552,5.14354672610028e-06,49.7320012019565,5.14354671868679e-06,49.573124674225,2.57177334757112e-06,49.5731246742326,2.57177334886558e-06,49.573124674729,2.57177336416946e-06,49.5731246747297,2.57177336416399e-06,0.45000011741506,0.450000117119333,49.8138155737307,1.02870934417706e-05,0.450000025476801,0.450000023938744,49.6152083397145,5.1435467006113e-06,0.45000003345875,0.450000033132499,49.6152083405141,5.14354673291564e-06
292,49.9069077865243,1.02870934048022e-05,49.7343285084717,5.1435465169404e-06,49.7343285084622,5.1435465361613e-06,49.5748765677424,2.57177332806327e-06,49.5748765677363,2.57177333099339e-06,49.5748765679805,2.57177333690164e-06,49.5748765679795,2.57177333703026e-06,49.732001202872,5.14354669299183e-06,49.7320012028527,5.14354671296985e-06,49.5731246747657,2.57177335122486e-06,49.5731246747559,2.5717733510369e-06,49.5731246749954,2.57177335544779e-06,49.5731246749938,2.57177335515715e-06,0.449999947836014,0.4499999471395,49.8138155730443,1.02870934068051e-05,0.450000008000793,0.450000007767614,49.6152083403203,5.14354671296223e-06,0.450000006922916,0.450000006912679,49.6152083405897,5.14354671479577e-06
293,49.9069077870514,1.02870934522961e-05,49.7343285089891,5.14354689207452e-06,49.7343285089751,5.14354690354377e-06,49.5748765682702,2.57177338614405e-06,49.57487656827,2.57177337631153e-06,49.5748765687725,2.57177341189088e-06,49.5748765687722,2.57177341005674e-06,49.7320012035637,5.14354672138108e-06,49.7320012035361,5.1435467329478e-06,49.5731246753208,2.57177335624406e-06,49.5731246753153,2.57177335511814e-06,49.5731246758216,2.57177336812265e-06,49.5731246758202,2.57177336759119e-06,0.45000001770939,0.450000017293776,49.8138155741113,1.02870934563316e-05,0.450000015416291,0.45000001463382,49.6152083409597,5.14354672192167e-06,0.450000018443135,0.450000018297174,49.6152083416009,5.14354673659727e-06
294,49.9069077845637,1.02870933711362e-05,49.7343285051113,5.14354655581925e-06,49.7343285050959,5.14354657539905e-06,49.5748765680893,2.5717733326095e-06,49.574876568087,2.57177333775975e-06,49.5748765682432,2.57177329961951e-06,49.5748765682429,2.57177330005177e-06,49.7320011997941,5.14354667559211e-06,49.7320011997634,5.14354669430381e-06,49.5731246751572,2.57177334334448e-06,49.5731246751562,2.57177334207338e-06,49.5731246753062,2.57177334524776e-06,49.5731246753061,2.57177334470408e-06,0.449999943433167,0.449999942723647,49.8138155691213,1.02870933662489e-05,0.450000002752014,0.450000002342156,49.6152083405749,5.14354670450393e-06,0.449999995032645,0.449999994998246,49.6152083405824,5.14354669040858e-06
295,49.9069077851335,1.02870934183998e-05,49.7343285053597,5.14354696647933e-06,49.734328505344,5.14354698987919e-06,49.5748765683185,2.57177341699789e-06,49.5748765683254,2.57177340988255e-06,49.574876568608,2.57177341838497e-06,49.5748765686101,2.57177341630202e-06,49.7320011999323,5.14354669690188e-06,49.7320011999008,5.14354672101467e-06,49.5731246754235,2.57177334971386e-06,49.5731246754333,2.57177334937331e-06,49.5731246757289,2.57177335873622e-06,49.5731246757319,2.57177335846877e-06,0.450000032808025,0.450000031960077,49.8138155702766,1.02870934190632e-05,0.450000006482669,0.45000000591643,49.6152083413075,5.14354676479525e-06,0.450000011429143,0.450000011263383,49.6152083412441,5.14354671764249e-06
296,49.9069077820553,1.02870932990976e-05,49.7343285007212,5.14354635836927e-06,49.734328500702,5.14354638837328e-06,49.5748765674315,2.57177331441438e-06,49.5748765674267,2.57177332451954e-06,49.5748765674436,2.57177326699168e-06,49.5748765674438,2.5717732686614e-06,49.7320011953749,5.14354663447304e-06,49.7320011953367,5.14354666429346e-06,49.5731246745713,2.57177332928611e-06,49.5731246745681,2.57177332880921e-06,49.5731246745644,2.57177332733678e-06,49.5731246745659,2.57177332729371e-06,0.449999928410466,0.449999927323201,49.8138155641001,1.02870932981432e-05,0.449999985630233,0.449999984826064,49.6152083399481,5.14354672095214e-06,0.449999983495402,0.449999983362525,49.6152083394929,5.14354666264717e-06
297,49.9069077744256,1.02870930170563e-05,49.7343284884506,5.14354568306393e-06,49.7343284884391,5.1435457010526e-06,49.5748765647202,2.57177314126565e-06,49.5748765647029,2.57177316446924e-06,49.5748765642866,2.57177307515826e-06,49.5748765642843,2.57177307973694e-06,49.732001183431,5.14354650003941e-06,49.732001183408,5.14354651705496e-06,49.5731246719666,2.57177327002404e-06,49.5731246719475,2.57177326835111e-06,49.5731246715104,2.57177325266155e-06,49.5731246715088,2.57177325266761e-06,0.449999855452305,0.449999854800443,49.813815548823,1.02870930105655e-05,0.449999962590678,0.449999960744135,49.6152083357389,5.14354655410261e-06,0.449999953981868,0.449999953617496,49.6152083349382,5.14354651200938e-06
298,49.9069077742858,1.02870930430029e-05,49.7343284866734,5.14354674213707e-06,49.7343284866843,5.14354672796436e-06,49.5748765634344,2.57177330236255e-06,49.5748765634417,2.57177329909557e-06,49.5748765633026,2.57177328350635e-06,49.5748765633037,2.57177328323268e-06,49.7320011813531,5.14354652807098e-06,49.7320011813747,5.14354651373536e-06,49.5731246707702,2.5717732597629e-06,49.5731246707821,2.57177325985896e-06,49.57312467065,2.57177325704033e-06,49.5731246706517,2.57177325735489e-06,0.450000054456834,0.450000053943253,49.8138155485766,1.02870930416357e-05,0.449999985335815,0.449999985075829,49.6152083344835,5.14354653905502e-06,0.449999983366043,0.449999983344265,49.6152083341718,5.14354651895155e-06
299,49.9069077733702,1.02870929652907e-05,49.7343284855675,5.14354628491127e-06,49.7343284855785,5.14354629288388e-06,49.5748765623519,2.57177325175708e-06,49.5748765623516,2.57177326609888e-06,49.5748765618981,2.57177319248829e-06,49.5748765618986,2.57177319459301e-06,49.7320011800329,5.14354647784832e-06,49.7320011800541,5.14354648670639e-06,49.5731246696683,2.57177325090073e-06,49.5731246696758,2.57177325220652e-06,49.5731246692118,2.57177323817863e-06,49.5731246692138,2.57177323880498e-06,0.449999975171463,0.449999974882557,49.8138155467304,1.02870929696473e-05,0.449999972541349,0.449999971400029,49.61520833345,5.14354655221723e-06,0.449999969985176,0.449999969817682,49.6152083324189,5.14354648183144e-06
300,49.9069077758809,1.02870930472642e-05,49.7343284894863,5.14354665020333e-06,49.7343284894919,5.14354663990349e-06,49.5748765620223,2.57177328145031e-06,49.5748765620266,2.57177327335332e-06,49.5748765620643,2.57177331077684e-06,49.5748765620649,2.57177331028485e-06,49.7320011838212,5.14354652929034e-06,49.7320011838329,5.14354651956856e-06,49.5731246693276,2.57177325984598e-06,49.5731246693306,2.57177326146986e-06,49.5731246693639,2.5717732602125e-06,49.5731246693643,2.57177326088517e-06,0.450000060992845,0.450000060619606,49.8138155517683,1.02870930533318e-05,0.44999998568176,0.449999985037401,49.6152083329991,5.14354652876045e-06,0.449999997030716,0.449999996991564,49.6152083329934,5.14354651534541e-06
301,49.9069077753025,1.02870929832681e-05,49.7343284893089,5.14354621606849e-06,49.7343284893116,5.14354620435707e-06,49.5748765615273,2.57177321663964e-06,49.5748765615243,2.57177322368973e-06,49.5748765613256,2.57177317371843e-06,49.5748765613233,2.57177317608396e-06,49.7320011837593,5.14354649947666e-06,49.7320011837652,5.14354648609932e-06,49.5731246687737,2.57177325111922e-06,49.5731246687707,2.57177325264397e-06,49.5731246685547,2.57177324177276e-06,49.5731246685514,2.57177324214252e-06,0.449999964948393,0.449999964524002,49.8138155505947,1.02870929921046e-05,0.449999989738199,0.449999989177152,49.6152083322132,5.14354649125198e-06,0.449999980549014,0.449999980360765,49.615208331917,5.14354648356948e-06
302,49.9069077704168,1.02870927667578e-05,49.7343284819942,5.14354564987356e-06,49.7343284820028,5.14354563669095e-06,49.574876559871,2.57177308340307e-06,49.5748765598566,2.57177310568472e-06,49.5748765591441,2.57177301877852e-06,49.5748765591405,2.57177302314065e-06,49.7320011767785,5.1435463912654e-06,49.7320011767957,5.1435463767199e-06,49.5731246671407,2.57177320810471e-06,49.5731246671254,2.57177320872458e-06,49.5731246664131,2.57177318469122e-06,49.5731246664086,2.57177318474892e-06,0.44999989395131,0.449999893473607,49.813815540808,1.02870927669255e-05,0.449999972439238,0.449999970666063,49.6152083297105,5.14354639772409e-06,0.449999961230773,0.449999960883634,49.6152083287337,5.14354637414908e-06
303,49.9069077718277,1.02870928254597e-05,49.7343284833097,5.1435466082017e-06,49.7343284833347,5.14354657327454e-06,49.5748765595591,2.57177323098073e-06,49.5748765595675,2.57177322736309e-06,49.5748765591179,2.57177321339014e-06,49.574876559119,2.57177321319084e-06,49.7320011778612,5.14354642957842e-06,49.7320011779112,5.14354639439128e-06,49.5731246668779,2.57177320569499e-06,49.5731246668903,2.57177320805441e-06,49.5731246664578,2.57177319821954e-06,49.5731246664596,2.57177319853157e-06,0.450000067513319,0.450000066247652,49.8138155436597,1.02870928217562e-05,0.449999992793683,0.449999992505791,49.6152083296754,5.14354641443515e-06,0.449999992104088,0.449999992088227,49.6152083290333,5.14354639252815e-06
304,49.9069077722,1.02870927876276e-05,49.7343284845136,5.14354622562544e-06,49.7343284845373,5.14354621116375e-06,49.5748765594957,2.57177318934316e-06,49.5748765594967,2.57177320385217e-06,49.5748765588063,2.57177314313953e-06,49.5748765588077,2.57177314504698e-06,49.7320011789073,5.14354639985522e-06,49.732001178954,5.14354638605609e-06,49.5731246667784,2.57177320559533e-06,49.5731246667869,2.57177320922241e-06,49.5731246660852,2.57177318989512e-06,49.5731246660887,2.57177319063747e-06,0.449999992353037,0.449999991828984,49.8138155443912,1.02870927855774e-05,0.449999984525475,0.449999983370848,49.6152083296935,5.14354642912986e-06,0.449999984488907,0.449999984337112,49.6152083286116,5.14354638160148e-06
305,49.9069077704264,1.02870926752572e-05,49.7343284823084,5.14354558381428e-06,49.7343284823254,5.14354556880959e-06,49.5748765585799,2.57177304304882e-06,49.5748765585705,2.57177305718576e-06,49.5748765579927,2.57177301165166e-06,49.5748765579924,2.57177301382341e-06,49.7320011767279,5.14354634799625e-06,49.7320011767621,5.14354633281449e-06,49.5731246658347,2.57177318012104e-06,49.5731246658231,2.57177318302955e-06,49.5731246652269,2.57177316394329e-06,49.5731246652271,2.57177316479531e-06,0.449999953965384,0.449999953421654,49.8138155408265,1.02870926807236e-05,0.449999976703974,0.449999975578956,49.6152083281583,5.14354636492499e-06,0.449999978718291,0.449999978545462,49.6152083273021,5.14354632947197e-06
306,49.9069077722331,1.02870927333724e-05,49.7343284847485,5.14354648717079e-06,49.7343284847662,5.14354646078617e-06,49.574876558761,2.57177323980919e-06,49.5748765587602,2.57177324181575e-06,49.5748765584046,2.57177316425639e-06,49.574876558404,2.57177316503461e-06,49.7320011792103,5.14354638074398e-06,49.7320011792458,5.14354635276712e-06,49.5731246660793,2.57177318735555e-06,49.5731246660757,2.5717731902798e-06,49.5731246656837,2.57177317662849e-06,49.5731246656823,2.57177317740382e-06,0.450000052630876,0.450000051674768,49.813815544467,1.02870927357135e-05,0.450000001101062,0.45000000094138,49.6152083286329,5.14354637711949e-06,0.449999998646877,0.449999998584946,49.6152083280454,5.14354635301697e-06
307,49.9069077735959,1.02870927453858e-05,49.7343284875549,5.1435462044129e-06,49.7343284875716,5.14354618166162e-06,49.5748765592151,2.57177315853655e-06,49.5748765592197,2.571773160875e-06,49.5748765588924,2.57177313527081e-06,49.5748765588918,2.57177313590085e-06,49.7320011818546,5.14354638499331e-06,49.7320011818877,5.14354636255397e-06,49.5731246664351,2.57177319058517e-06,49.5731246664429,2.57177319440994e-06,49.573124666111,2.57177318103691e-06,49.5731246661096,2.5717731816806e-06,0.450000013139314,0.450000012314868,49.8138155471811,1.02870927410631e-05,0.449999995357522,0.449999995171428,49.6152083291174,5.14354638470104e-06,0.449999998149463,0.449999998099324,49.615208328607,5.1435463613534e-06
308,49.9069077760579,1.02870928208402e-05,49.7343284917108,5.14354646380654e-06,49.7343284917255,5.14354644538122e-06,49.5748765601902,2.57177321992348e-06,49.5748765601925,2.57177322314613e-06,49.5748765599964,2.57177323203202e-06,49.574876559996,2.57177323248905e-06,49.7320011860811,5.14354641856134e-06,49.7320011861105,5.14354640054638e-06,49.5731246673975,2.57177320714174e-06,49.5731246674015,2.57177321133696e-06,49.5731246672078,2.5717731998023e-06,49.5731246672068,2.57177320031886e-06,0.450000043756146,0.450000043088462,49.8138155521214,1.02870928175789e-05,0.450000008939454,0.450000008682996,49.6152083304334,5.14354641858063e-06,0.450000012352295,0.450000012315924,49.6152083301255,5.14354640053898e-06
309,49.9069077770073,1.02870928282962e-05,49.7343284937772,5.14354617634826e-06,49.7343284937885,5.14354616069435e-06,49.5748765609157,2.57177316347314e-06,49.5748765609121,2.57177316737806e-06,49.5748765608457,2.57177315181419e-06,49.5748765608453,2.57177315216834e-06,49.7320011881316,5.14354642357972e-06,49.7320011881542,5.14354640794023e-06,49.5731246680594,2.57177320996598e-06,49.5731246680524,2.57177321338897e-06,49.5731246679769,2.57177320385418e-06,49.5731246679761,2.57177320425206e-06,0.450000000501351,0.449999999934095,49.8138155540052,1.02870928331467e-05,0.450000006541769,0.450000006231015,49.6152083311682,5.14354642308172e-06,0.45000000734979,0.450000007321606,49.6152083309818,5.14354640708007e-06
310,49.9069077790816,1.02870929068878e-05,49.734328496937,5.14354668358338e-06,49.7343284969461,5.14354667129284e-06,49.574876562141,2.57177327369244e-06,49.5748765621346,2.57177327645226e-06,49.57487656214,2.57177326408299e-06,49.5748765621397,2.57177326439943e-06,49.7320011914323,5.14354645992173e-06,49.7320011914505,5.14354644730023e-06,49.573124669303,2.57177322901437e-06,49.5731246692908,2.57177323106355e-06,49.5731246692933,2.57177322335065e-06,49.5731246692927,2.57177322366295e-06,0.450000039554722,0.450000039109345,49.8138155581728,1.02870929228147e-05,0.450000018332578,0.450000018112951,49.6152083327856,5.1435464603137e-06,0.450000019642603,0.450000019617421,49.6152083326911,5.14354644726791e-06
311,49.9069077791242,1.02870928981657e-05,49.7343284975075,5.14354620773539e-06,49.7343284975143,5.14354619732038e-06,49.5748765628226,2.5717731655337e-06,49.5748765628184,2.57177316678807e-06,49.5748765628789,2.57177316234534e-06,49.5748765628786,2.57177316255507e-06,49.7320011919262,5.14354645682504e-06,49.7320011919399,5.14354644653907e-06,49.5731246699126,2.57177322788285e-06,49.5731246699043,2.57177322889205e-06,49.5731246699661,2.57177322314871e-06,49.5731246699655,2.57177322337389e-06,0.449999984945391,0.449999984567979,49.8138155582371,1.02870929107348e-05,0.450000008346255,0.450000008246431,49.6152083333565,5.14354645656203e-06,0.450000009186605,0.450000009169915,49.6152083333199,5.14354644344985e-06
312,49.9069077807908,1.02870929890196e-05,49.7343284999136,5.14354679863514e-06,49.7343284999199,5.14354679076178e-06,49.574876563998,2.57177330903805e-06,49.5748765639976,2.57177330940368e-06,49.5748765640839,2.57177330327127e-06,49.5748765640837,2.57177330346979e-06,49.73200119447,5.14354649588513e-06,49.7320011944828,5.14354648783332e-06,49.5731246711409,2.57177324771014e-06,49.5731246711397,2.57177324841633e-06,49.5731246712241,2.57177324354795e-06,49.5731246712237,2.57177324371818e-06,0.450000040691084,0.450000040405774,49.8138155615948,1.02870929791125e-05,0.450000021082005,0.450000021052908,49.6152083349589,5.14354649661618e-06,0.450000021829972,0.450000021814173,49.6152083349673,5.1435464861579e-06
313,49.9069077802071,1.02870929528096e-05,49.7343284993333,5.14354615713423e-06,49.7343284993382,5.1435461499295e-06,49.5748765643795,2.57177316442045e-06,49.5748765643808,2.57177316483309e-06,49.5748765644889,2.57177316209239e-06,49.5748765644887,2.57177316217674e-06,49.7320011937574,5.1435464830606e-06,49.7320011937671,5.14354647617203e-06,49.5731246714488,2.57177324104642e-06,49.5731246714513,2.57177324188796e-06,49.573124671559,2.57177323810231e-06,49.5731246715587,2.57177323821558e-06,0.4499999722725,0.449999972011419,49.8138155604001,1.02870929672526e-05,0.450000005663019,0.450000005630181,49.6152083351072,5.1435464824799e-06,0.450000006047382,0.450000006040669,49.6152083351505,5.14354647358596e-06
314,49.9069077816526,1.02870930435023e-05,49.7343285011246,5.14354689121729e-06,49.7343285011293,5.14354688598136e-06,49.5748765653415,2.57177334220082e-06,49.574876565342,2.57177334298901e-06,49.5748765654452,2.57177333844811e-06,49.5748765654452,2.57177333857893e-06,49.7320011957312,5.14354652254772e-06,49.7320011957407,5.14354651706537e-06,49.5731246724944,2.57177326092035e-06,49.5731246724953,2.5717732618086e-06,49.5731246725974,2.57177325827919e-06,49.5731246725973,2.5717732583751e-06,0.450000041222753,0.450000041033017,49.8138155633207,1.02870930453309e-05,0.450000021177809,0.450000021115084,49.6152083365209,5.14354652320708e-06,0.450000021418596,0.450000021408185,49.6152083365845,5.14354651797566e-06
315,49.9069077804874,1.02870929966802e-05,49.7343284997757,5.14354612117572e-06,49.7343284997788,5.14354611615765e-06,49.5748765654058,2.57177316353088e-06,49.5748765654046,2.57177316438102e-06,49.5748765655137,2.57177316373755e-06,49.5748765655136,2.57177316377745e-06,49.7320011942111,5.14354650238984e-06,49.7320011942171,5.14354649772277e-06,49.5731246724758,2.57177325081488e-06,49.5731246724737,2.5717732514638e-06,49.5731246725854,2.57177324907889e-06,49.5731246725852,2.57177324913969e-06,0.44999996294804,0.449999962766198,49.8138155609581,1.02870929913361e-05,0.450000001411105,0.450000001343451,49.6152083362622,5.14354650191944e-06,0.450000001470837,0.450000001467662,49.6152083363333,5.14354649684174e-06
316,49.9069077820817,1.02870930949767e-05,49.734328501625,5.14354697728829e-06,49.7343285016279,5.14354697451058e-06,49.5748765661976,2.57177336894686e-06,49.5748765661959,2.57177336943925e-06,49.5748765662888,2.57177336567988e-06,49.5748765662888,2.57177336576597e-06,49.7320011962439,5.14354654573147e-06,49.7320011962498,5.14354654260549e-06,49.5731246733684,2.57177327285291e-06,49.5731246733652,2.57177327313456e-06,49.5731246734581,2.57177327096989e-06,49.5731246734581,2.57177327102933e-06,0.450000048478079,0.450000048377422,49.8138155641827,1.02870930861018e-05,0.450000019774499,0.450000019735314,49.6152083375582,5.1435465468594e-06,0.450000019883835,0.450000019876984,49.6152083376208,5.1435465431332e-06
317,49.9069077875327,1.02870933407052e-05,49.7343285098268,5.14354805443328e-06,49.7343285098307,5.14354805280821e-06,49.5748765684774,2.57177362868673e-06,49.5748765684765,2.57177362875158e-06,49.5748765685577,2.57177362527532e-06,49.5748765685578,2.57177362545372e-06,49.7320012044436,5.1435466630619e-06,49.7320012044517,5.14354666064667e-06,49.5731246756686,2.57177333191911e-06,49.5731246756667,2.57177333195432e-06,49.5731246757459,2.57177332999288e-06,49.5731246757462,2.57177333010385e-06,0.450000113498879,0.450000113439991,49.8138155751188,1.02870933249123e-05,0.450000041749613,0.450000041744452,49.6152083409968,5.14354666578674e-06,0.45000004183377,0.450000041819573,49.6152083410825,5.143546666578e-06
318,49.9069077871752,1.02870933140369e-05,49.734328510601,5.14354623837959e-06,49.7343285106035,5.14354623643064e-06,49.5748765691851,2.57177327519533e-06,49.5748765691853,2.57177327510761e-06,49.5748765692685,2.57177327266866e-06,49.5748765692685,2.57177327279297e-06,49.7320012049135,5.14354665945113e-06,49.7320012049185,5.14354665736043e-06,49.5731246761507,2.57177332944329e-06,49.5731246761509,2.57177332945248e-06,49.5731246762339,2.57177332842153e-06,49.5731246762339,2.57177332854035e-06,0.44999995079686,0.449999950726235,49.8138155743414,1.02870933129898e-05,0.450000013979758,0.450000013972777,49.6152083413752,5.14354665873816e-06,0.450000013574077,0.450000013564185,49.6152083414551,5.14354665861265e-06
319,49.9069077873587,1.02870933742762e-05,49.7343285102905,5.1435469406554e-06,49.7343285102932,5.1435469399956e-06,49.5748765698764,2.57177340400716e-06,49.5748765698769,2.57177340397607e-06,49.5748765699475,2.57177340284412e-06,49.5748765699475,2.5717734029837e-06,49.7320012049876,5.14354668434163e-06,49.7320012049929,5.14354668342972e-06,49.5731246769288,2.57177334219295e-06,49.5731246769298,2.57177334228236e-06,49.5731246770004,2.57177334149266e-06,49.5731246770003,2.57177334160965e-06,0.450000013818232,0.450000013794323,49.8138155747345,1.02870933659215e-05,0.450000022755547,0.450000022753073,49.615208342343,5.14354668490978e-06,0.450000022786109,0.450000022775001,49.6152083424195,5.14354668582018e-06
320,49.9069077852209,1.02870933067903e-05,49.7343285067776,5.14354654433908e-06,49.7343285067786,5.14354654326791e-06,49.5748765695509,2.57177326887345e-06,49.5748765695511,2.57177326898702e-06,49.57487656962,2.57177327052043e-06,49.5748765696198,2.57177327059579e-06,49.7320012014057,5.1435466555478e-06,49.7320012014076,5.14354665489271e-06,49.5731246765822,2.57177332781178e-06,49.5731246765827,2.57177332794545e-06,49.5731246766534,2.57177332783314e-06,49.5731246766531,2.5717733279163e-06,0.449999951533294,0.449999951494477,49.8138155704315,1.02870933137838e-05,0.450000001118197,0.450000001109159,49.6152083416376,5.14354665529299e-06,0.450000000900011,0.450000000894014,49.6152083417059,5.14354665518295e-06
321,49.9069077851206,1.02870933518917e-05,49.7343285058031,5.14354708826922e-06,49.7343285058031,5.14354708904854e-06,49.5748765696003,2.57177341924399e-06,49.5748765696,2.57177341938609e-06,49.5748765696483,2.57177341683075e-06,49.5748765696483,2.57177341691537e-06,49.7320012005179,5.14354667419933e-06,49.7320012005179,5.14354667463372e-06,49.5731246767425,2.57177333720808e-06,49.573124676742,2.57177333729136e-06,49.57312467679,2.57177333696626e-06,49.5731246767899,2.57177333704188e-06,0.45000001877329,0.45000001874505,49.8138155702569,1.02870933569675e-05,0.450000011559868,0.45000001154856,49.6152083419313,5.14354667512271e-06,0.450000011449769,0.450000011443035,49.6152083419658,5.14354667360203e-06
322,49.9069077828371,1.02870932661189e-05,49.7343285022855,5.14354630376693e-06,49.7343285022842,5.1435463031139e-06,49.5748765687438,2.57177324336309e-06,49.5748765687434,2.57177324342532e-06,49.5748765687875,2.57177324630821e-06,49.5748765687874,2.57177324632502e-06,49.7320011968016,5.14354663752671e-06,49.7320011967992,5.14354663696018e-06,49.5731246758341,2.57177331869073e-06,49.5731246758333,2.57177331869515e-06,49.5731246758792,2.57177331875614e-06,49.5731246758791,2.57177331880851e-06,0.449999948448916,0.449999948425252,49.813815565659,1.0287093289242e-05,0.449999990376943,0.449999990371991,49.61520834061,5.14354663695849e-06,0.449999990447031,0.449999990445693,49.6152083406582,5.14354663730046e-06
323,49.9069077831708,1.02870933328388e-05,49.7343285022318,5.14354706663775e-06,49.7343285022321,5.14354706644805e-06,49.5748765685896,2.57177342653104e-06,49.5748765685894,2.57177342648945e-06,49.5748765686087,2.57177342500708e-06,49.5748765686087,2.57177342509384e-06,49.7320011969056,5.14354666194794e-06,49.7320011969064,5.1435466613487e-06,49.573124675791,2.57177333106443e-06,49.5731246757907,2.57177333102581e-06,49.5731246758095,2.57177333056602e-06,49.5731246758096,2.57177333062424e-06,0.450000031443879,0.450000031437005,49.8138155663589,1.02870933061095e-05,0.450000005949286,0.450000005945976,49.6152083407861,5.1435466625926e-06,0.450000005614223,0.450000005607319,49.6152083408207,5.14354666489817e-06
324,49.9069077811443,1.0287093239869e-05,49.7343284993651,5.14354618726532e-06,49.7343284993655,5.14354618632869e-06,49.5748765675449,2.57177321645005e-06,49.574876567545,2.5717732164227e-06,49.5748765675698,2.57177321910266e-06,49.5748765675698,2.57177321911677e-06,49.7320011938092,5.14354662167486e-06,49.7320011938097,5.14354662129189e-06,49.573124674663,2.5717733106677e-06,49.5731246746632,2.57177331064943e-06,49.5731246746909,2.57177331088162e-06,49.5731246746908,2.57177331091461e-06,0.449999949264336,0.449999949230395,49.8138155622706,1.02870932295154e-05,0.449999983998125,0.449999983995949,49.6152083392283,5.14354661993457e-06,0.449999983990135,0.449999983989012,49.6152083392534,5.14354661983634e-06
325,49.9069077754624,1.02870929987645e-05,49.7343284904701,5.14354515114641e-06,49.734328490469,5.14354514960587e-06,49.574876564953,2.5717729616339e-06,49.5748765649532,2.57177296166974e-06,49.5748765649767,2.57177296563824e-06,49.5748765649765,2.57177296551509e-06,49.7320011849132,5.14354650832443e-06,49.7320011849106,5.14354650763749e-06,49.5731246720642,2.57177325374652e-06,49.5731246720646,2.5717732537697e-06,49.5731246720915,2.57177325433383e-06,49.573124672091,2.57177325428914e-06,0.449999885475381,0.449999885419556,49.8138155508732,1.02870930171402e-05,0.449999960626308,0.449999960623456,49.6152083355004,5.1435465053446e-06,0.449999960679171,0.449999960669371,49.6152083355201,5.14354650460518e-06
326,49.9069077754575,1.02870930295476e-05,49.7343284889969,5.14354692830073e-06,49.7343284889962,5.14354692791488e-06,49.5748765638782,2.57177331100749e-06,49.5748765638782,2.57177331105001e-06,49.5748765638806,2.57177331388561e-06,49.5748765638806,2.57177331381666e-06,49.7320011837385,5.14354651345038e-06,49.7320011837372,5.14354651315853e-06,49.5731246712196,2.57177325699008e-06,49.5731246712196,2.5717732570172e-06,49.5731246712241,2.57177325698789e-06,49.573124671224,2.57177325691591e-06,0.450000044985001,0.450000044971019,49.8138155509242,1.02870930295139e-05,0.449999986848149,0.449999986844765,49.6152083347571,5.14354651425401e-06,0.449999986900186,0.4499999868947,49.615208334763,5.14354651449321e-06
327,49.9069077749421,1.02870929751263e-05,49.7343284886662,5.14354622770713e-06,49.7343284886646,5.14354622707669e-06,49.5748765628287,2.57177318743378e-06,49.5748765628286,2.57177318746255e-06,49.5748765628306,2.57177318845874e-06,49.5748765628306,2.57177318833659e-06,49.7320011830263,5.14354649004593e-06,49.7320011830229,5.14354648967019e-06,49.5731246700908,2.57177324494651e-06,49.5731246700906,2.57177324495368e-06,49.573124670094,2.57177324501588e-06,49.573124670094,2.57177324493296e-06,0.449999983581672,0.449999983558827,49.8138155498673,1.02870929733699e-05,0.449999977812701,0.449999977810412,49.6152083334422,5.14354648967765e-06,0.449999977809774,0.449999977800054,49.6152083334294,5.14354648764947e-06
328,49.9069077768774,1.02870930419256e-05,49.7343284916598,5.14354663672837e-06,49.7343284916593,5.1435466366613e-06,49.5748765628185,2.57177331979083e-06,49.5748765628184,2.57177331978124e-06,49.5748765628104,2.57177331798873e-06,49.5748765628105,2.57177331794628e-06,49.7320011860835,5.14354651977668e-06,49.7320011860828,5.1435465192396e-06,49.5731246701034,2.57177325978666e-06,49.5731246701032,2.57177325977198e-06,49.5731246700937,2.57177325933535e-06,49.5731246700939,2.57177325927849e-06,0.450000046460947,0.450000046458517,49.8138155537655,1.02870930392946e-05,0.449999998395673,0.44999999839491,49.6152083338099,5.1435465199047e-06,0.449999998574635,0.449999998571256,49.6152083338041,5.14354652027123e-06
329,49.9069077767177,1.02870929937594e-05,49.7343284920809,5.14354608007846e-06,49.7343284920815,5.14354607843394e-06,49.5748765624351,2.57177316647868e-06,49.5748765624351,2.57177316646563e-06,49.5748765624331,2.57177316893794e-06,49.5748765624332,2.57177316885195e-06,49.7320011864175,5.14354650035771e-06,49.7320011864186,5.14354649903934e-06,49.5731246696121,2.57177325001829e-06,49.5731246696122,2.57177325000566e-06,49.5731246696114,2.57177324990242e-06,49.5731246696115,2.57177324984828e-06,0.449999977347691,0.449999977288098,49.813815553419,1.02870930021509e-05,0.449999987433886,0.449999987432847,49.6152083331708,5.14354649934376e-06,0.449999987320478,0.449999987313635,49.6152083331818,5.14354650087807e-06
330,49.9069077789633,1.02870930800585e-05,49.7343284953291,5.14354690945349e-06,49.7343284953312,5.14354690890781e-06,49.5748765630338,2.57177334961743e-06,49.5748765630338,2.57177334959399e-06,49.5748765630238,2.5717733493813e-06,49.5748765630239,2.57177334937835e-06,49.7320011898656,5.14354653915968e-06,49.7320011898698,5.1435465385264e-06,49.5731246702675,2.57177326966452e-06,49.5731246702677,2.5717732696639e-06,49.573124670257,2.57177326925484e-06,49.5731246702571,2.57177326921898e-06,0.450000051684559,0.450000051664786,49.8138155579428,1.02870930910576e-05,0.450000008683428,0.450000008681562,49.6152083342553,5.14354653982446e-06,0.450000008600078,0.450000008599843,49.6152083342651,5.14354654252202e-06
331,49.9069077783056,1.02870930119874e-05,49.734328494919,5.1435460826925e-06,49.7343284949196,5.14354608196766e-06,49.5748765629016,2.57177315441403e-06,49.5748765629016,2.5717731544379e-06,49.5748765629056,2.57177315728757e-06,49.5748765629055,2.57177315720838e-06,49.7320011892883,5.14354651266765e-06,49.7320011892892,5.14354651240372e-06,49.5731246700207,2.57177325624508e-06,49.5731246700208,2.57177325625798e-06,49.5731246700265,2.57177325651359e-06,49.5731246700265,2.57177325646717e-06,0.449999962861118,0.449999962834851,49.813815556592,1.02870930558493e-05,0.44999999190965,0.44999999190775,49.6152083337644,5.14354651201938e-06,0.449999991904796,0.449999991898494,49.6152083337696,5.14354651199301e-06
332,49.9069077803475,1.02870931239927e-05,49.7343284978893,5.1435470408414e-06,49.7343284978896,5.14354704123206e-06,49.5748765637973,2.57177338324555e-06,49.5748765637973,2.57177338325288e-06,49.5748765637903,2.57177338103626e-06,49.5748765637903,2.57177338103654e-06,49.7320011924915,5.14354655826041e-06,49.7320011924923,5.14354655811649e-06,49.5731246710076,2.57177327926865e-06,49.5731246710076,2.57177327927684e-06,49.5731246709985,2.57177327899243e-06,49.5731246709986,2.57177327896884e-06,0.450000056055774,0.450000056041617,49.8138155607153,1.02870931127527e-05,0.450000015356113,0.450000015355529,49.615208335223,5.14354655925581e-06,0.450000015398978,0.450000015398956,49.6152083352359,5.14354656208343e-06
333,49.9069077865016,1.02870933796896e-05,49.7343285074076,5.14354815022681e-06,49.734328507409,5.14354815168765e-06,49.5748765663651,2.57177365424493e-06,49.574876566365,2.5717736542222e-06,49.5748765663621,2.57177365182091e-06,49.5748765663623,2.57177365195495e-06,49.7320012019978,5.14354668017525e-06,49.7320012020008,5.14354668072337e-06,49.5731246735807,2.5717733405068e-06,49.5731246735806,2.57177334049517e-06,49.573124673574,2.57177334004179e-06,49.5731246735745,2.57177334009568e-06,0.450000123629984,0.450000123577047,49.8138155730594,1.02870933586764e-05,0.450000040366725,0.450000040364917,49.6152083390124,5.14354668283704e-06,0.450000040535142,0.450000040524475,49.61520833904,5.14354668693341e-06
334,49.9069077863562,1.02870933404428e-05,49.7343285086986,5.1435462204148e-06,49.7343285086986,5.14354622149229e-06,49.5748765673012,2.57177327897633e-06,49.5748765673012,2.57177327896454e-06,49.5748765673238,2.57177327625839e-06,49.5748765673239,2.57177327633376e-06,49.7320012029836,5.14354667206501e-06,49.7320012029837,5.1435466730286e-06,49.5731246742702,2.57177333572924e-06,49.5731246742701,2.57177333571232e-06,49.5731246742901,2.57177333604901e-06,49.5731246742902,2.57177333612997e-06,0.44999994804058,0.449999948001534,49.8138155727015,1.0287093348089e-05,0.450000012729123,0.450000012728184,49.6152083395784,5.14354667120278e-06,0.450000012633626,0.450000012627628,49.615208339601,5.14354667138105e-06
335,49.9069077868919,1.02870934072269e-05,49.7343285090709,5.14354701269848e-06,49.7343285090719,5.14354701421927e-06,49.5748765683203,2.57177341818364e-06,49.5748765683203,2.5717734181466e-06,49.574876568342,2.57177341650545e-06,49.574876568342,2.571773416619e-06,49.7320012037695,5.14354669921211e-06,49.7320012037716,5.14354670042462e-06,49.5731246753747,2.57177334971088e-06,49.5731246753748,2.57177334969586e-06,49.5731246753945,2.57177334996285e-06,49.5731246753945,2.57177335005534e-06,0.450000019965349,0.45000001991024,49.813815573803,1.02870933965751e-05,0.450000023030797,0.450000023027848,49.6152083409051,5.14354669964632e-06,0.450000023045032,0.450000023035996,49.6152083409402,5.14354670154808e-06
336,49.9069077847747,1.0287093327954e-05,49.7343285057615,5.14354651063453e-06,49.7343285057616,5.14354651099784e-06,49.5748765681953,2.5717732598333e-06,49.5748765681953,2.57177325983742e-06,49.5748765682202,2.57177326193292e-06,49.57487656822,2.57177326196501e-06,49.7320012003643,5.14354666543111e-06,49.7320012003642,5.14354666628175e-06,49.5731246752171,2.57177333282002e-06,49.5731246752172,2.57177333281386e-06,49.5731246752439,2.57177333351507e-06,49.5731246752436,2.5717733335786e-06,0.449999948064897,0.449999948051731,49.8138155695373,1.02870933328395e-05,0.449999999821896,0.449999999821567,49.6152083403449,5.14354666503277e-06,0.449999999511372,0.449999999508819,49.6152083403762,5.14354666584131e-06
337,49.906907784944,1.02870933768062e-05,49.7343285052039,5.14354714805946e-06,49.7343285052032,5.14354715010003e-06,49.574876568507,2.57177343646745e-06,49.574876568507,2.5717734364589e-06,49.5748765685172,2.57177343431684e-06,49.5748765685172,2.57177343439402e-06,49.7320011999211,5.14354668590611e-06,49.7320011999199,5.14354668763311e-06,49.5731246756514,2.57177334313829e-06,49.5731246756514,2.57177334313172e-06,49.5731246756612,2.57177334340595e-06,49.5731246756611,2.57177334346822e-06,0.450000024072432,0.450000023998487,49.8138155699058,1.02870933837603e-05,0.450000013009594,0.450000013008913,49.6152083409429,5.14354668719716e-06,0.450000012969694,0.450000012963552,49.6152083409453,5.14354668641772e-06
338,49.9069077824687,1.02870932825067e-05,49.7343285016131,5.14354625170918e-06,49.7343285016108,5.1435462528057e-06,49.5748765677842,2.57177323510974e-06,49.5748765677841,2.57177323512284e-06,49.5748765678026,2.57177323679482e-06,49.5748765678025,2.57177323679304e-06,49.7320011961149,5.14354664326886e-06,49.7320011961103,5.14354664454685e-06,49.5731246748641,2.57177332156101e-06,49.5731246748641,2.57177332155477e-06,49.5731246748838,2.57177332226122e-06,49.5731246748837,2.57177332230249e-06,0.449999943034534,0.449999942994799,49.8138155649197,1.02870932857113e-05,0.449999989437869,0.449999989436826,49.6152083396866,5.14354664261555e-06,0.44999998954695,0.449999989546808,49.6152083396821,5.14354663941595e-06
339,49.9069077833491,1.02870933489221e-05,49.7343285020966,5.14354716788496e-06,49.7343285020961,5.14354716828548e-06,49.5748765678874,2.57177344681686e-06,49.5748765678874,2.57177344680966e-06,49.5748765678844,2.57177344559211e-06,49.5748765678845,2.57177344567321e-06,49.7320011967738,5.1435466728778e-06,49.732001196773,5.14354667275275e-06,49.5731246750912,2.57177333652074e-06,49.5731246750912,2.57177333651029e-06,49.5731246750858,2.57177333630807e-06,49.5731246750859,2.57177333636118e-06,0.45000004068719,0.450000040672676,49.8138155667199,1.02870933614186e-05,0.450000007968427,0.450000007967853,49.615208340184,5.14354667336101e-06,0.450000007939087,0.450000007932632,49.6152083402095,5.14354667722728e-06
340,49.9069077806632,1.02870932353959e-05,49.734328498535,5.14354605438394e-06,49.7343284985346,5.1435460540426e-06,49.5748765668236,2.57177319203806e-06,49.5748765668236,2.57177319204699e-06,49.5748765668254,2.5717731945004e-06,49.5748765668253,2.57177319448954e-06,49.7320011929716,5.14354662012186e-06,49.7320011929706,5.14354662031123e-06,49.5731246739271,2.57177330990933e-06,49.5731246739271,2.57177330990376e-06,49.5731246739324,2.57177331029444e-06,49.5731246739323,2.5717733103222e-06,0.449999932659112,0.449999932646743,49.8138155613013,1.02870932276173e-05,0.449999981961191,0.44999998196048,49.6152083384825,5.14354661927518e-06,0.449999981549952,0.449999981549088,49.6152083384708,5.1435466174571e-06
341,49.9069077733211,1.02870929313006e-05,49.7343284871953,5.14354471274017e-06,49.7343284871937,5.14354471114403e-06,49.5748765637731,2.57177286902406e-06,49.5748765637731,2.57177286905314e-06,49.5748765637622,2.5717728711793e-06,49.574876563762,2.57177287101499e-06,49.7320011816285,5.14354647485604e-06,49.7320011816249,5.14354647424014e-06,49.5731246708684,2.57177323690749e-06,49.5731246708685,2.57177323692008e-06,49.5731246708627,2.57177323745869e-06,49.5731246708621,2.57177323739665e-06,0.449999853697454,0.449999853639615,49.8138155465747,1.02870929317769e-05,0.449999952035868,0.449999952033554,49.6152083339769,5.14354647183518e-06,0.449999951641901,0.449999951628826,49.6152083339314,5.14354646744141e-06
342,49.9069077733571,1.0287092961559e-05,49.7343284852824,5.14354698955712e-06,49.7343284852823,5.14354698842103e-06,49.5748765625965,2.57177330756569e-06,49.5748765625965,2.57177330758621e-06,49.574876562548,2.57177331020545e-06,49.5748765625479,2.57177331012261e-06,49.7320011800875,5.14354647954862e-06,49.7320011800873,5.14354647848453e-06,49.5731246699842,2.57177324009985e-06,49.5731246699842,2.57177324011819e-06,49.5731246699397,2.5717732396562e-06,49.5731246699395,2.5717732395636e-06,0.450000057096337,0.450000057055168,49.8138155467244,1.02870929620531e-05,0.449999984349087,0.449999984347454,49.6152083331957,5.14354648057542e-06,0.449999984279284,0.449999984272691,49.6152083331382,5.14354647935306e-06
343,49.9069077728747,1.02870928959273e-05,49.7343284851324,5.14354614857851e-06,49.7343284851313,5.14354614711318e-06,49.5748765614474,2.57177315526279e-06,49.5748765614473,2.5717731552923e-06,49.5748765614043,2.57177315727526e-06,49.5748765614043,2.57177315713239e-06,49.7320011794516,5.1435464514465e-06,49.7320011794492,5.14354645035615e-06,49.5731246687386,2.57177322564915e-06,49.5731246687386,2.57177322566806e-06,49.5731246686981,2.57177322537551e-06,49.5731246686981,2.57177322526994e-06,0.449999982659606,0.449999982606506,49.8138155457281,1.02870928950342e-05,0.449999972418698,0.44999997241635,49.6152083317224,5.14354645105686e-06,0.449999972647844,0.449999972636474,49.6152083316504,5.14354644702144e-06
344,49.9069077754111,1.02870929814765e-05,49.7343284891456,5.1435466124671e-06,49.7343284891451,5.14354661256035e-06,49.5748765615517,2.57177331668621e-06,49.5748765615516,2.5717733167034e-06,49.5748765615118,2.5717733119647e-06,49.574876561512,2.57177331190784e-06,49.7320011835248,5.14354648905376e-06,49.7320011835242,5.14354648860903e-06,49.5731246688702,2.57177324437259e-06,49.5731246688701,2.57177324438564e-06,49.573124668827,2.57177324360627e-06,49.5731246688273,2.57177324353312e-06,0.450000059413902,0.450000059410522,49.8138155508349,1.02870929756991e-05,0.449999998155059,0.449999998153691,49.6152083322986,5.14354648932931e-06,0.449999998590814,0.449999998586289,49.6152083322245,5.14354648494191e-06
345,49.9069077814947,1.02870932021574e-05,49.7343284988635,5.14354771136903e-06,49.7343284988653,5.14354771155111e-06,49.5748765633995,2.57177354240071e-06,49.5748765633994,2.57177354238743e-06,49.5748765633743,2.57177353898308e-06,49.5748765633745,2.57177353902573e-06,49.732001193314,5.14354659416071e-06,49.7320011933178,5.14354659371447e-06,49.5731246706868,2.57177329738836e-06,49.5731246706867,2.57177329738755e-06,49.5731246706577,2.57177329644045e-06,49.5731246706581,2.57177329644006e-06,0.450000115656303,0.450000115649704,49.8138155630338,1.02870931887355e-05,0.450000023739247,0.45000002373819,49.6152083352251,5.14354659623223e-06,0.450000024117836,0.450000024114442,49.6152083351898,5.14354659480523e-06
346,49.9069077824276,1.02870931880982e-05,49.7343285019352,5.14354620548019e-06,49.7343285019368,5.1435462045047e-06,49.5748765642175,2.57177324172452e-06,49.5748765642175,2.57177324173655e-06,49.574876564214,2.57177323930421e-06,49.574876564214,2.57177323933383e-06,49.7320011961683,5.14354659606633e-06,49.7320011961715,5.14354659504436e-06,49.5731246712715,2.57177329779211e-06,49.5731246712715,2.57177329778632e-06,49.573124671266,2.57177329728271e-06,49.5731246712661,2.57177329730701e-06,0.449999971418848,0.449999971383498,49.813815564846,1.02870931887583e-05,0.450000006483328,0.450000006482371,49.6152083358407,5.14354659532819e-06,0.450000006374029,0.450000006371672,49.6152083358326,5.14354659480614e-06
347,49.9069077836927,1.02870932553691e-05,49.7343285037955,5.14354683805874e-06,49.7343285037975,5.14354683843533e-06,49.5748765652792,2.57177336141583e-06,49.5748765652792,2.57177336140739e-06,49.5748765652839,2.57177335922502e-06,49.5748765652839,2.57177335927386e-06,49.7320011983873,5.14354662456787e-06,49.7320011983913,5.14354662477071e-06,49.5731246723762,2.57177331234245e-06,49.5731246723762,2.57177331233417e-06,49.5731246723801,2.57177331198629e-06,49.57312467238,2.57177331202201e-06,0.450000025298414,0.450000025284767,49.8138155674003,1.02870932463029e-05,0.450000019359599,0.450000019358928,49.615208337232,5.14354662480582e-06,0.450000019448813,0.450000019444926,49.6152083372201,5.14354662270853e-06
348,49.9069077826058,1.02870932114097e-05,49.7343285023957,5.14354648169081e-06,49.734328502396,5.14354648174165e-06,49.5748765655633,2.57177324170166e-06,49.5748765655633,2.57177324170619e-06,49.5748765655859,2.57177324161347e-06,49.5748765655858,2.57177324162951e-06,49.7320011969444,5.1435466046478e-06,49.7320011969447,5.14354660506513e-06,49.5731246726145,2.57177330242507e-06,49.5731246726146,2.5717733024208e-06,49.5731246726373,2.57177330263902e-06,49.5731246726371,2.57177330265689e-06,0.449999966741792,0.44999996673995,49.8138155652019,1.02870931901853e-05,0.450000003128314,0.450000003127954,49.6152083372445,5.14354660412209e-06,0.450000003333389,0.450000003332113,49.6152083372411,5.14354660057597e-06
349,49.9069077833494,1.02870932617319e-05,49.7343285030233,5.14354700381359e-06,49.734328503023,5.14354700390307e-06,49.574876566251,2.57177338346673e-06,49.574876566251,2.5717733834581e-06,49.5748765662605,2.57177338169262e-06,49.5748765662605,2.57177338172939e-06,49.7320011976639,5.14354662811215e-06,49.7320011976636,5.14354662776379e-06,49.5731246733857,2.57177331421939e-06,49.5731246733857,2.57177331421403e-06,49.5731246733931,2.57177331383072e-06,49.5731246733931,2.57177331385581e-06,0.450000027101864,0.450000027098621,49.813815566714,1.02870932500191e-05,0.45000001475547,0.450000014754783,49.6152083382244,5.14354662885762e-06,0.450000014747586,0.45000001474466,49.6152083382413,5.14354662993992e-06
350,49.9069077817092,1.02870931842284e-05,49.7343285006423,5.1435462604922e-06,49.7343285006414,5.14354625965876e-06,49.5748765660377,2.57177322064862e-06,49.5748765660377,2.5717732206437e-06,49.5748765660467,2.57177322317229e-06,49.5748765660467,2.57177322315056e-06,49.7320011951233,5.14354659619247e-06,49.7320011951214,5.14354659546348e-06,49.5731246731139,2.57177329804034e-06,49.573124673114,2.57177329803686e-06,49.5731246731255,2.57177329794711e-06,49.5731246731255,2.57177329796498e-06,0.449999955541641,0.449999955511439,49.8138155634032,1.02870932026099e-05,0.449999996277152,0.44999999627676,49.6152083376064,5.14354659570654e-06,0.449999996071018,0.449999996069289,49.6152083376118,5.14354659508263e-06
351,49.9069077826675,1.02870932506859e-05,49.7343285014448,5.14354706017604e-06,49.7343285014456,5.14354705970145e-06,49.5748765665044,2.5717734067006e-06,49.5748765665044,2.57177340667919e-06,49.5748765665039,2.57177340632553e-06,49.5748765665039,2.57177340636802e-06,49.7320011960994,5.14354662520946e-06,49.7320011961011,5.14354662448439e-06,49.5731246736834,2.57177331272528e-06,49.5731246736834,2.57177331271886e-06,49.573124673682,2.5717733122191e-06,49.5731246736821,2.57177331225487e-06,0.450000036636248,0.45000003661905,49.813815565353,1.02870932716778e-05,0.45000001202436,0.450000012022656,49.6152083384473,5.14354662610913e-06,0.450000012216325,0.450000012212944,49.6152083384685,5.14354662898222e-06
352,49.9069077806836,1.02870931670312e-05,49.7343284989008,5.1435461396988e-06,49.7343284989015,5.14354613832972e-06,49.5748765659759,2.57177319437719e-06,49.5748765659759,2.57177319437975e-06,49.5748765659836,2.57177319674913e-06,49.5748765659836,2.57177319673045e-06,49.7320011933466,5.1435465868779e-06,49.7320011933478,5.14354658604072e-06,49.5731246730684,2.57177329336995e-06,49.5731246730685,2.57177329336691e-06,49.5731246730779,2.57177329342464e-06,49.5731246730778,2.57177329344193e-06,0.449999947692578,0.449999947642966,49.8138155613472,1.02870931706484e-05,0.449999989717324,0.44999998971712,49.6152083374284,5.14354658664251e-06,0.449999989450373,0.449999989448887,49.6152083374448,5.1435465876948e-06
353,49.9069077747457,1.02870929266309e-05,49.734328489783,5.1435450257806e-06,49.7343284897819,5.14354502416773e-06,49.5748765637333,2.57177293087488e-06,49.5748765637333,2.57177293090621e-06,49.5748765637335,2.57177293266576e-06,49.5748765637333,2.57177293253773e-06,49.7320011842274,5.14354647112686e-06,49.7320011842249,5.14354647033353e-06,49.5731246708209,2.57177323514367e-06,49.573124670821,2.57177323515447e-06,49.5731246708253,2.57177323550978e-06,49.5731246708248,2.57177323545418e-06,0.44999988107142,0.449999881012974,49.8138155494361,1.02870929279861e-05,0.44999996478099,0.449999964778496,49.6152083340125,5.14354646864194e-06,0.449999964383465,0.449999964373276,49.6152083339874,5.14354646545416e-06
354,49.9069077748955,1.0287092961721e-05,49.734328488404,5.14354691603911e-06,49.7343284884036,5.14354691513271e-06,49.5748765629948,2.57177329871929e-06,49.5748765629948,2.57177329873696e-06,49.5748765629703,2.57177330118711e-06,49.5748765629702,2.57177330111936e-06,49.7320011831598,5.14354647938987e-06,49.7320011831591,5.14354647852657e-06,49.5731246703263,2.57177323995634e-06,49.5731246703263,2.57177323997107e-06,49.5731246703044,2.57177323964306e-06,49.5731246703043,2.57177323956362e-06,0.450000049519836,0.45000004948699,49.8138155498002,1.0287092957773e-05,0.449999991286139,0.449999991284732,49.6152083336341,5.14354648003155e-06,0.449999991504782,0.449999991499391,49.6152083336072,5.14354647955497e-06
355,49.906907774502,1.02870929076342e-05,49.7343284882314,5.1435461930605e-06,49.7343284882302,5.14354619167306e-06,49.5748765621918,2.57177316764177e-06,49.5748765621918,2.57177316766252e-06,49.5748765621683,2.57177316894409e-06,49.5748765621683,2.5717731688045e-06,49.7320011825848,5.14354645756423e-06,49.7320011825823,5.14354645640595e-06,49.5731246694426,2.57177322870105e-06,49.5731246694426,2.57177322871657e-06,49.5731246694208,2.57177322845489e-06,49.5731246694208,2.57177322836639e-06,0.449999984493633,0.449999984443357,49.813815548986,1.02870929140727e-05,0.449999980472097,0.449999980470446,49.6152083325666,5.14354645705316e-06,0.449999980455886,0.449999980444777,49.6152083325265,5.14354645475487e-06
356,49.9069077766164,1.02870929844712e-05,49.7343284915084,5.14354661389197e-06,49.7343284915082,5.14354661381323e-06,49.5748765624031,2.57177330938393e-06,49.5748765624031,2.57177330939895e-06,49.5748765623777,2.57177330619159e-06,49.5748765623778,2.57177330614367e-06,49.7320011859261,5.14354649159073e-06,49.732001185926,5.14354649107885e-06,49.5731246696825,2.57177324566884e-06,49.5731246696825,2.57177324567942e-06,49.5731246696553,2.5717732450187e-06,49.5731246696555,2.57177324495949e-06,0.450000050024717,0.450000050021864,49.8138155532438,1.02870929883429e-05,0.450000001745582,0.450000001744388,49.6152083331948,5.14354649178676e-06,0.450000002064621,0.450000002060807,49.6152083331491,5.14354648920926e-06
357,49.906907776583,1.02870929402622e-05,49.7343284921137,5.14354604640021e-06,49.7343284921142,5.14354604486453e-06,49.5748765621844,2.57177315211691e-06,49.5748765621844,2.57177315213637e-06,49.5748765621763,2.57177315330892e-06,49.5748765621763,2.57177315323103e-06,49.7320011864404,5.14354647485205e-06,49.7320011864413,5.14354647364764e-06,49.5731246693527,2.5717732372618e-06,49.5731246693527,2.57177323727261e-06,49.5731246693445,2.57177323702522e-06,49.5731246693446,2.57177323696875e-06,0.449999978260829,0.44999997820518,49.8138155531493,1.02870929621358e-05,0.449999989920104,0.449999989918556,49.6152083327365,5.14354647406162e-06,0.449999990106257,0.44999999010006,49.6152083327196,5.14354647263644e-06
358,49.9069077789506,1.02870930330481e-05,49.7343284955101,5.14354690120423e-06,49.734328495512,5.14354690070093e-06,49.5748765629276,2.57177334093978e-06,49.5748765629276,2.57177334093431e-06,49.5748765629155,2.57177333859121e-06,49.5748765629156,2.57177333859989e-06,49.7320011900487,5.14354651734704e-06,49.7320011900525,5.14354651668248e-06,49.5731246701549,2.57177325875011e-06,49.5731246701549,2.57177325875852e-06,49.5731246701411,2.57177325814154e-06,49.5731246701412,2.57177325810269e-06,0.450000053292266,0.450000053274028,49.8138155579176,1.0287093062625e-05,0.450000011516897,0.450000011516462,49.6152083339957,5.14354651806934e-06,0.450000011452201,0.45000001145151,49.6152083339809,5.14354651786562e-06
359,49.9069077781726,1.02870929799053e-05,49.7343284951636,5.1435460476967e-06,49.734328495164,5.14354604695731e-06,49.5748765629032,2.57177314386454e-06,49.5748765629032,2.57177314388175e-06,49.5748765629096,2.5717731452178e-06,49.5748765629096,2.57177314513834e-06,49.7320011895354,5.14354649353262e-06,49.7320011895361,5.14354649323822e-06,49.5731246700143,2.57177324664949e-06,49.5731246700143,2.57177324666023e-06,49.5731246700223,2.57177324674136e-06,49.5731246700222,2.57177324668956e-06,0.449999962998791,0.449999962971998,49.8138155563252,1.02870929892433e-05,0.449999994073439,0.449999994072069,49.6152083336258,5.14354649245524e-06,0.44999999422537,0.449999994219047,49.6152083336113,5.14354648950575e-06
360,49.9069077806088,1.02870930973622e-05,49.7343284985495,5.1435470603234e-06,49.73432849855,5.14354706040868e-06,49.574876563937,2.57177338052077e-06,49.574876563937,2.57177338052021e-06,49.5748765639353,2.57177337797127e-06,49.5748765639353,2.57177337797673e-06,49.7320011931381,5.14354654511906e-06,49.7320011931395,5.14354654471183e-06,49.5731246711409,2.57177327269915e-06,49.5731246711408,2.57177327270491e-06,49.5731246711364,2.57177327220549e-06,49.5731246711365,2.57177327217586e-06,0.450000063135707,0.450000063132617,49.8138155612405,1.02870930887429e-05,0.45000001793737,0.450000017937325,49.6152083352745,5.14354654587623e-06,0.45000001808602,0.450000018085585,49.6152083352798,5.14354654692488e-06
361,49.9069077874106,1.02870933785292e-05,49.7343285090105,5.14354829273344e-06,49.7343285090122,5.14354829409254e-06,49.5748765667657,2.57177367882558e-06,49.5748765667657,2.5717736787952e-06,49.5748765667711,2.57177367555754e-06,49.5748765667713,2.57177367569476e-06,49.7320012035998,5.14354668011647e-06,49.7320012036035,5.14354668055887e-06,49.5731246739777,2.5717733405314e-06,49.5731246739776,2.57177334052005e-06,49.5731246739786,2.57177333986206e-06,49.5731246739791,2.57177333991627e-06,0.45000013539793,0.450000135348679,49.8138155748831,1.0287093369865e-05,0.450000045379148,0.45000004537673,49.6152083394523,5.14354668291071e-06,0.450000045623699,0.450000045612779,49.615208339475,5.14354668523447e-06
362,49.9069077873349,1.02870933472488e-05,49.734328510622,5.14354620198206e-06,49.7343285106222,5.14354620255773e-06,49.5748765678416,2.57177327613268e-06,49.5748765678416,2.5717732761221e-06,49.5748765678749,2.57177327313566e-06,49.5748765678749,2.57177327321713e-06,49.7320012048814,5.14354667551303e-06,49.732001204882,5.14354667592365e-06,49.5731246747857,2.57177333744297e-06,49.5731246747856,2.57177333742607e-06,49.5731246748155,2.5717733375747e-06,49.5731246748157,2.57177333765864e-06,0.449999945862197,0.449999945841336,49.8138155746594,1.0287093351817e-05,0.450000015570809,0.450000015569967,49.6152083401619,5.14354667453153e-06,0.450000015578883,0.450000015572399,49.6152083401985,5.14354667512362e-06
363,49.9069077877732,1.02870934188331e-05,49.734328510834,5.14354700240409e-06,49.734328510835,5.14354700393522e-06,49.5748765689326,2.57177342123615e-06,49.5748765689326,2.5717734212189e-06,49.5748765689631,2.57177341857415e-06,49.5748765689631,2.57177341871274e-06,49.7320012055423,5.14354670405751e-06,49.7320012055445,5.14354670525101e-06,49.5731246759671,2.57177335213265e-06,49.5731246759672,2.57177335211344e-06,49.5731246759959,2.57177335222493e-06,49.5731246759958,2.57177335231919e-06,0.450000018449006,0.450000018393522,49.8138155755664,1.02870933986987e-05,0.450000026476267,0.450000026474894,49.6152083415765,5.14354670467947e-06,0.450000026344211,0.450000026333181,49.6152083416063,5.14354670481043e-06
364,49.9069077855306,1.02870933391386e-05,49.7343285072364,5.14354654076544e-06,49.7343285072366,5.1435465409311e-06,49.5748765688389,2.57177326458868e-06,49.574876568839,2.57177326457898e-06,49.5748765688748,2.57177326705373e-06,49.5748765688747,2.571773267105e-06,49.7320012018638,5.14354667045835e-06,49.7320012018639,5.14354667114215e-06,49.5731246758446,2.57177333539784e-06,49.5731246758446,2.57177333538457e-06,49.5731246758823,2.57177333599409e-06,49.573124675882,2.57177333605688e-06,0.449999946373737,0.449999946367734,49.8138155710497,1.02870933379618e-05,0.450000002023984,0.450000002023213,49.6152083410485,5.14354667052066e-06,0.450000001963961,0.450000001959882,49.6152083410903,5.14354667116004e-06
365,49.9069077796089,1.02870931394298e-05,49.7343284979966,5.14354459139093e-06,49.7343284979944,5.14354460153495e-06,49.5748765667705,2.57177274676604e-06,49.5748765667845,2.57177274147171e-06,49.5748765664835,2.57177260773505e-06,49.5748765664813,2.57177260329167e-06,49.7320011921101,5.14354656640638e-06,49.7320011921027,5.14354657936344e-06,49.5731246736098,2.57177326509752e-06,49.5731246736296,2.57177326654542e-06,49.5731246732696,2.57177326191909e-06,49.5731246732634,2.57177326074064e-06,0.449999888990771,0.449999888623179,49.8138155591419,1.02870931491907e-05,0.449999977532566,0.449999977111243,49.615208337534,5.14354653777718e-06,0.449999967962539,0.449999967608935,49.6152083370109,5.14354652707152e-06
366,49.9069077796118,1.02870931389708e-05,49.7343284962284,5.14354762685458e-06,49.734328496235,5.14354761686721e-06,49.5748765665929,2.57177358852189e-06,49.5748765666382,2.57177356952081e-06,49.5748765665254,2.57177366128455e-06,49.574876566527,2.57177366294089e-06,49.7320011912513,5.14354656907126e-06,49.732001191265,5.14354656039687e-06,49.573124673948,2.57177328991681e-06,49.5731246740182,2.57177329813152e-06,49.5731246739492,2.57177330279174e-06,49.5731246739532,2.57177330228909e-06,0.450000040174666,0.450000039812751,49.8138155592527,1.02870931358011e-05,0.450000002882706,0.4500000013706,49.6152083387218,5.14354664132497e-06,0.450000009310706,0.450000009178894,49.6152083389255,5.14354667241514e-06
367,49.9069077770566,1.02870930596448e-05,49.734328492452,5.14354529259372e-06,49.734328492481,5.14354524264487e-06,49.5748765647836,2.57177263043859e-06,49.5748765647304,2.57177266150137e-06,49.5748765634776,2.57177260189326e-06,49.5748765634742,2.57177259291461e-06,49.7320011863455,5.14354654942178e-06,49.732001186404,5.14354649765574e-06,49.5731246717233,2.57177323270807e-06,49.573124671634,2.57177322952857e-06,49.5731246703185,2.57177321240893e-06,49.5731246703088,2.57177320975672e-06,0.449999948649841,0.449999946839827,49.8138155540493,1.02870931025127e-05,0.449999971164516,0.449999968692539,49.6152083334879,5.14354627998728e-06,0.449999948429608,0.449999947715087,49.6152083346449,5.14354662537517e-06
368,49.9069077803881,1.02870931427501e-05,49.7343284966837,5.14354836210341e-06,49.7343284967457,5.14354827274081e-06,49.5748765664108,2.57177389190143e-06,49.5748765664188,2.5717738819985e-06,49.5748765666487,2.57177464716884e-06,49.5748765666541,2.5717746583128e-06,49.7320011918247,5.14354662885213e-06,49.7320011919485,5.14354653868393e-06,49.5731246740713,2.5717733232776e-06,49.5731246740932,2.5717733254421e-06,49.5731246747003,2.57177336894794e-06,49.573124674716,2.57177336949061e-06,0.450000082596805,0.450000079358544,49.8138155608511,1.0287093198589e-05,0.450000038687797,0.450000037899722,49.6152083374443,5.1435464628039e-06,0.450000048795032,0.450000047908196,49.6152083396531,5.14354664999428e-06
369,49.906907788168,1.0287093521395e-05,49.7343285080764,5.14355143142563e-06,49.7343285081769,5.1435512536619e-06,49.574876570073,2.57177467560754e-06,49.5748765701748,2.57177465083129e-06,49.5748765724916,2.57177614321714e-06,49.5748765725146,2.57177617586612e-06,49.7320012040121,5.14354686239006e-06,49.7320012042235,5.14354667600786e-06,49.5731246780186,2.57177345010861e-06,49.5731246782024,2.57177347656866e-06,49.5731246811292,2.57177352583959e-06,49.5731246811853,2.57177353700703e-06,0.450000164727536,0.450000158285859,49.8138155765186,1.02870935082201e-05,0.450000058221785,0.450000056250092,49.6152083420684,5.14354650713813e-06,0.450000106080118,0.450000103481914,49.6152083480483,5.14354680387805e-06
370,49.9069077885132,1.02870935949879e-05,49.7343285110813,5.14354648144489e-06,49.7343285111212,5.14354647333898e-06,49.5748765715228,2.57177357497295e-06,49.5748765716176,2.57177360494128e-06,49.5748765723716,2.57177384906542e-06,49.5748765723862,2.57177386609339e-06,49.732001205256,5.14354679940544e-06,49.7320012053237,5.14354679767891e-06,49.5731246786099,2.57177345120406e-06,49.5731246787928,2.57177350238054e-06,49.5731246795024,2.57177340535087e-06,49.5731246795304,2.57177342186311e-06,0.449999959249169,0.449999958955433,49.8138155770233,1.02870935729325e-05,0.45000003232813,0.45000002994325,49.6152083453644,5.14354685177841e-06,0.450000016106511,0.450000014751425,49.6152083457069,5.14354673653997e-06
371,49.9069077884956,1.02870936422189e-05,49.7343285103989,5.14354696462886e-06,49.7343285104212,5.1435468673403e-06,49.5748765706405,2.57177303239573e-06,49.5748765706022,2.57177310668026e-06,49.5748765745123,2.57177419028849e-06,49.5748765745107,2.57177421765354e-06,49.7320012051448,5.14354688891726e-06,49.7320012052128,5.14354678175018e-06,49.5731246775613,2.57177341258324e-06,49.5731246775047,2.5717734597158e-06,49.5731246819458,2.57177344896767e-06,49.5731246819457,2.57177346796591e-06,0.449999999858821,0.449999996333344,49.8138155770312,1.02870936701438e-05,0.449999979920182,0.449999974008617,49.6152083426399,5.14354667232965e-06,0.450000037197941,0.450000035020232,49.6152083484949,5.14354680033648e-06
372,49.9069077857302,1.0287093582995e-05,49.7343285058523,5.14354675964735e-06,49.7343285058046,5.14354687273513e-06,49.5748765689294,2.57177385784508e-06,49.5748765689321,2.57177386667238e-06,49.5748765717094,2.57177224175279e-06,49.5748765716878,2.57177225367165e-06,49.7320012005785,5.14354673624346e-06,49.7320012004665,5.1435468403403e-06,49.5731246762356,2.57177337664215e-06,49.5731246762245,2.57177342612928e-06,49.5731246781535,2.57177333349987e-06,49.5731246781116,2.57177334783762e-06,0.449999946735112,0.449999942637114,49.8138155714393,1.02870935689289e-05,0.450000015870132,0.450000015167656,49.615208345662,5.14354723265024e-06,0.449999948527214,0.44999994757871,49.6152083422553,5.14354656285559e-06
373,49.9069077854466,1.02870936204387e-05,49.7343285045324,5.14354809655742e-06,49.7343285045042,5.14354805799985e-06,49.5748765674454,2.5717735801889e-06,49.5748765673895,2.57177362698226e-06,49.5748765738044,2.57177467994319e-06,49.5748765737931,2.57177470882251e-06,49.7320011996471,5.14354682252754e-06,49.7320011996154,5.14354678499351e-06,49.5731246747761,2.571773352352e-06,49.5731246746559,2.57177338626616e-06,49.5731246818063,2.57177346668564e-06,49.5731246817906,2.5717734812992e-06,0.450000019429645,0.450000018032422,49.8138155709396,1.02870935638502e-05,0.449999968847709,0.449999965123893,49.6152083415553,5.14354691984045e-06,0.450000059880993,0.450000057582777,49.6152083458287,5.1435465092818e-06
374,49.9069077894683,1.02870937438422e-05,49.7343285100455,5.14355000202834e-06,49.7343285100395,5.14354987451855e-06,49.5748765675909,2.57177357896934e-06,49.5748765675613,2.5717736001773e-06,49.5748765786321,2.57177650606088e-06,49.5748765786448,2.57177655524076e-06,49.7320012056528,5.14354693189155e-06,49.7320012056711,5.1435468166419e-06,49.5731246749804,2.57177338574034e-06,49.573124674897,2.5717734062321e-06,49.5731246874097,2.57177360360019e-06,49.5731246874461,2.57177362707602e-06,0.450000085672005,0.450000081051393,49.8138155790592,1.02870937414591e-05,0.449999975091943,0.449999973404213,49.6152083390893,5.14354656826526e-06,0.450000114511119,0.450000110597388,49.615208355189,5.14354689781612e-06
375,49.9069077865891,1.02870936794093e-05,49.7343285072142,5.14354533037561e-06,49.7343285071458,5.1435453731998e-06,49.5748765664097,2.57177281179549e-06,49.5748765664018,2.57177279038737e-06,49.5748765766604,2.57177382361801e-06,49.5748765766645,2.57177385096079e-06,49.7320012012017,5.14354681021023e-06,49.7320012010736,5.14354687375556e-06,49.5731246732661,2.57177333761682e-06,49.5731246732075,2.57177334367795e-06,49.5731246838178,2.57177344724022e-06,49.5731246838244,2.57177347340421e-06,0.449999917859608,0.449999916307773,49.8138155731347,1.02870936944655e-05,0.449999989633004,0.449999987929346,49.615208334771,5.14354621009261e-06,0.449999978025363,0.449999975849425,49.6152083506871,5.14354684553018e-06
376,49.9069077882431,1.02870937230083e-05,49.7343285084782,5.1435486647905e-06,49.7343285084002,5.14354870020703e-06,49.5748765673349,2.57177374631101e-06,49.5748765673813,2.57177372471205e-06,49.5748765789553,2.57177471608719e-06,49.5748765789498,2.57177475662811e-06,49.7320012039283,5.14354686619595e-06,49.7320012037908,5.14354688331046e-06,49.5731246746248,2.57177336200175e-06,49.5731246746965,2.57177337361457e-06,49.5731246867233,2.57177354252938e-06,49.5731246867175,2.57177357092976e-06,0.450000049187788,0.450000047904388,49.8138155765752,1.02870937460129e-05,0.450000064951826,0.450000063232981,49.6152083387226,5.1435465024806e-06,0.45000002954623,0.450000026319984,49.6152083549039,5.14354702628498e-06
377,49.9069077952467,1.02870940087972e-05,49.7343285176014,5.14355265058302e-06,49.7343285175468,5.14355270049524e-06,49.5748765722883,2.57177520583853e-06,49.5748765723873,2.57177520380323e-06,49.5748765831274,2.57177602410351e-06,49.5748765831286,2.57177607903327e-06,49.7320012141547,5.14354699906201e-06,49.7320012140477,5.14354703823818e-06,49.5731246801765,2.57177349804437e-06,49.5731246803631,2.57177353440038e-06,49.5731246915101,2.57177367831986e-06,49.5731246915231,2.57177371268324e-06,0.450000144402611,0.450000142593928,49.813815590701,1.02870940843195e-05,0.450000101391565,0.450000101229596,49.6152083488535,5.14354703767549e-06,0.450000084677104,0.450000080305797,49.6152083613526,5.1435471819259e-06
378,49.9069077913677,1.02870940528224e-05,49.7343285138947,5.14354582814763e-06,49.7343285138238,5.14354596550331e-06,49.5748765731876,2.57177286909455e-06,49.5748765731439,2.5717729636811e-06,49.5748765799143,2.57177354698897e-06,49.5748765799046,2.57177357682868e-06,49.732001207942,5.143546945816e-06,49.7320012077903,5.14354710414671e-06,49.5731246797383,2.57177344072589e-06,49.5731246796914,2.57177347674293e-06,49.573124686872,2.57177351240415e-06,49.5731246868492,2.57177354533057e-06,0.449999896841673,0.44999989186427,49.8138155826964,1.02870940448265e-05,0.450000006956683,0.449999999429483,49.6152083460497,5.1435467782876e-06,0.449999985393061,0.449999983018416,49.6152083536303,5.14354683745387e-06
379,49.9069077810042,1.02870937093744e-05,49.7343284984776,5.14354202889873e-06,49.7343284984083,5.14354215869629e-06,49.5748765695942,2.57177166617113e-06,49.5748765694985,2.57177173108394e-06,49.5748765732204,2.57177156017485e-06,49.574876573184,2.57177156824259e-06,49.7320011916713,5.14354677974517e-06,49.7320011915258,5.1435469176085e-06,49.5731246757596,2.57177330671576e-06,49.5731246755909,2.57177332639235e-06,49.5731246793733,2.571773331977e-06,49.573124679293,2.5717733536038e-06,0.449999800582193,0.449999795878673,49.8138155618403,1.02870936676145e-05,0.449999953839192,0.449999948673427,49.615208338573,5.14354640187594e-06,0.449999893714778,0.449999893072747,49.6152083439565,5.14354668584474e-06
380,49.9069077804631,1.02870935420787e-05,49.7343284946548,5.14354875628113e-06,49.7343284946322,5.14354879973055e-06,49.574876568894,2.57177382758457e-06,49.5748765689541,2.57177378408499e-06,49.5748765718386,2.57177368026605e-06,49.5748765718046,2.57177370110033e-06,49.7320011903016,5.14354674697201e-06,49.7320011902527,5.14354678809024e-06,49.5731246764277,2.57177336012774e-06,49.5731246764881,2.57177338531033e-06,49.57312467945,2.57177344097746e-06,49.5731246793877,2.57177345488362e-06,0.450000036597513,0.450000035023023,49.8138155609743,1.02870935393858e-05,0.449999987928166,0.44999998446647,49.6152083413836,5.14354667948191e-06,0.449999952918042,0.449999951260051,49.6152083463303,5.14354699598243e-06
381,49.9069077870649,1.02870937213699e-05,49.7343285039769,5.14355203992813e-06,49.7343285039586,5.14355211415244e-06,49.5748765705995,2.57177496627553e-06,49.5748765707362,2.5717749380843e-06,49.5748765730766,2.57177536914687e-06,49.5748765730724,2.57177539859146e-06,49.7320012002674,5.14354682080097e-06,49.7320012002194,5.14354690578541e-06,49.5731246785622,2.57177345538698e-06,49.5731246787845,2.57177350436106e-06,49.5731246814621,2.57177356319457e-06,49.5731246814614,2.57177357836021e-06,0.450000146866863,0.450000144177175,49.8138155743021,1.02870937464322e-05,0.450000026848691,0.450000024605234,49.615208348894,5.14354733777509e-06,0.450000027877497,0.450000025534299,49.6152083505447,5.1435471957484e-06
382,49.9069077838771,1.02870937474322e-05,49.7343285015185,5.14354457892564e-06,49.7343285014853,5.14354462285767e-06,49.574876568548,2.57177303615874e-06,49.5748765684751,2.57177312049239e-06,49.5748765691662,2.57177337591116e-06,49.574876569169,2.57177338287566e-06,49.7320011949758,5.14354685303582e-06,49.7320011949142,5.14354690006799e-06,49.5731246755149,2.57177337048765e-06,49.5731246754079,2.57177340674028e-06,49.5731246762399,2.57177341283027e-06,49.5731246762391,2.57177342711295e-06,0.449999910965818,0.449999909373838,49.8138155676957,1.02870937551543e-05,0.44999997104609,0.449999964334815,49.6152083407318,5.14354670741068e-06,0.449999967196312,0.449999966642077,49.6152083432177,5.14354692703273e-06
383,49.9069077747393,1.02870934259698e-05,49.7343284879906,5.14354141311579e-06,49.7343284879462,5.14354147984187e-06,49.5748765645525,2.57177165384622e-06,49.5748765643159,2.57177175356486e-06,49.574876563441,2.5717715549865e-06,49.5748765634219,2.57177154710202e-06,49.7320011808407,5.14354667295348e-06,49.7320011807486,5.14354674681615e-06,49.5731246709361,2.57177324977926e-06,49.5731246705324,2.57177324056198e-06,49.5731246697276,2.57177325877534e-06,49.5731246696813,2.57177326499642e-06,0.449999819522696,0.449999817104719,49.8138155492999,1.02870934110124e-05,0.449999937563535,0.449999929627919,49.6152083316642,5.14354617354911e-06,0.449999895356724,0.449999894729277,49.6152083332435,5.14354656964497e-06
384,49.9069077757219,1.02870932705628e-05,49.7343284871735,5.14354844009629e-06,49.7343284871341,5.14354850103692e-06,49.5748765637914,2.57177327540289e-06,49.5748765636696,2.57177325927246e-06,49.574876563928,2.57177349725191e-06,49.5748765639069,2.57177350746326e-06,49.7320011826494,5.14354659390375e-06,49.7320011825692,5.14354666834702e-06,49.5731246711433,2.57177330463823e-06,49.5731246709101,2.57177326723281e-06,49.573124671442,2.57177338457097e-06,49.5731246714067,2.57177338639226e-06,0.450000056129174,0.450000053920849,49.8138155514854,1.02870932710757e-05,0.449999963154252,0.449999961870593,49.6152083346959,5.14354653534065e-06,0.449999973735455,0.449999972922836,49.6152083370026,5.14354681457189e-06
385,49.90690778224,1.02870935206702e-05,49.7343284964003,5.14355109569661e-06,49.7343284963482,5.14355114569717e-06,49.5748765648725,2.57177429021593e-06,49.5748765649734,2.57177419599722e-06,49.5748765670758,2.57177514790834e-06,49.5748765670804,2.57177516997857e-06,49.7320011922893,5.14354673496291e-06,49.7320011921933,5.1435467866307e-06,49.5731246727469,2.57177338738711e-06,49.5731246729035,2.57177336329714e-06,49.5731246753838,2.57177351831901e-06,49.5731246754023,2.57177352427073e-06,0.450000147717737,0.450000145905852,49.8138155646302,1.02870935191931e-05,0.450000011869578,0.450000004371654,49.6152083365228,5.14354652577367e-06,0.450000051966509,0.450000050210161,49.6152083408352,5.1435467041938e-06
386,49.9069077825017,1.02870935698017e-05,49.7343284993958,5.14354596350479e-06,49.734328499295,5.14354609100378e-06,49.5748765650022,2.57177340059337e-06,49.5748765651455,2.57177335835936e-06,49.5748765661028,2.57177347213052e-06,49.5748765661174,2.57177347443838e-06,49.7320011933853,5.14354672441523e-06,49.7320011931871,5.14354684841603e-06,49.5731246720809,2.57177334833899e-06,49.573124672335,2.57177334823611e-06,49.5731246731209,2.57177340093966e-06,49.5731246731444,2.5717734096959e-06,0.449999969299712,0.449999964679489,49.8138155649872,1.02870935575265e-05,0.450000030523263,0.45000002716228,49.615208336443,5.14354655059833e-06,0.450000017992118,0.450000017808458,49.6152083385754,5.14354667627776e-06
387,49.9069077845427,1.02870935755798e-05,49.7343285031346,5.14354724405267e-06,49.7343285029932,5.14354742192462e-06,49.5748765666028,2.57177371548548e-06,49.5748765665338,2.57177379745011e-06,49.5748765676298,2.57177414930659e-06,49.5748765676319,2.5717741619315e-06,49.7320011980424,5.14354671235862e-06,49.732001197766,5.14354688336495e-06,49.573124673703,2.57177336820943e-06,49.5731246736262,2.571773360875e-06,49.5731246751094,2.57177343367112e-06,49.5731246751122,2.57177344344759e-06,0.450000031955439,0.450000025509836,49.8138155691371,1.02870935479477e-05,0.450000015266089,0.450000008743343,49.615208341321,5.14354695220572e-06,0.450000009018574,0.450000008013884,49.6152083416218,5.14354682315661e-06
388,49.9069077811391,1.02870934718563e-05,49.7343284986652,5.14354506585889e-06,49.7343284985407,5.14354519504429e-06,49.5748765651585,2.57177263529186e-06,49.5748765648954,2.57177271790696e-06,49.5748765662811,2.57177249393303e-06,49.5748765662646,2.57177250297842e-06,49.7320011927093,5.14354666915626e-06,49.7320011924685,5.14354678662906e-06,49.5731246719344,2.5717733050228e-06,49.5731246715144,2.57177325544732e-06,49.5731246729797,2.57177336434526e-06,49.5731246729511,2.57177337096735e-06,0.449999922953123,0.449999918271787,49.8138155622143,1.02870934092389e-05,0.449999962157804,0.449999955583292,49.615208336619,5.14354665126211e-06,0.449999943515654,0.449999942795821,49.6152083372261,5.1435466017565e-06
389,49.9069077723359,1.02870930459431e-05,49.7343284860428,5.14354120125327e-06,49.7343284858835,5.14354145336532e-06,49.5748765612713,2.57177174386655e-06,49.574876561104,2.57177171079142e-06,49.5748765595633,2.57177084633765e-06,49.5748765595363,2.5717708309798e-06,49.7320011789656,5.14354638179236e-06,49.7320011786358,5.14354664747002e-06,49.5731246677147,2.57177320084197e-06,49.5731246674104,2.57177311590348e-06,49.5731246656113,2.57177318063772e-06,49.5731246655531,2.57177317804602e-06,0.449999821404643,0.449999812268767,49.8138155444726,1.02870930424015e-05,0.449999917557054,0.449999914924933,49.6152083312987,5.14354656881005e-06,0.449999883647391,0.449999882425212,49.6152083266057,5.14354627920511e-06
390,49.9069077725056,1.02870929701029e-05,49.7343284834574,5.14354694981359e-06,49.7343284833213,5.14354705981803e-06,49.5748765584923,2.5717729353216e-06,49.5748765586237,2.57177281973004e-06,49.5748765592169,2.57177389687388e-06,49.5748765592095,2.57177389549974e-06,49.7320011784476,5.14354643728322e-06,49.7320011781986,5.14354653794122e-06,49.5731246657296,2.57177317248474e-06,49.5731246659433,2.57177310695622e-06,49.573124667163,2.57177328982015e-06,49.5731246671496,2.57177328503104e-06,0.450000057961778,0.450000053975512,49.813815545034,1.02870929989613e-05,0.449999942789897,0.449999933591117,49.6152083280997,5.14354639334033e-06,0.449999998176788,0.449999998067433,49.6152083292914,5.14354637331144e-06
391,49.9069077798352,1.02870931682907e-05,49.7343284943896,5.14355051965654e-06,49.7343284943053,5.14355052452054e-06,49.5748765606466,2.57177384762961e-06,49.5748765608372,2.57177378643352e-06,49.5748765636377,2.57177547709322e-06,49.5748765636564,2.57177549396897e-06,49.7320011901181,5.14354658726722e-06,49.7320011899718,5.14354658338846e-06,49.5731246682349,2.57177326051238e-06,49.573124668588,2.57177323187819e-06,49.5731246720893,2.57177343195047e-06,49.5731246721336,2.57177343415578e-06,0.450000152824674,0.450000152648416,49.8138155598075,1.02870931769121e-05,0.450000010593886,0.450000005723901,49.6152083310218,5.1435463806929e-06,0.450000074455343,0.450000073112372,49.6152083382943,5.14354677900155e-06
392,49.9069077800928,1.02870930906413e-05,49.734328498969,5.14354410880257e-06,49.734328498788,5.14354441367312e-06,49.5748765612284,2.571772386721e-06,49.5748765610695,2.57177247469125e-06,49.574876562541,2.57177294501229e-06,49.5748765625506,2.57177294596923e-06,49.7320011924634,5.1435463772402e-06,49.7320011920853,5.14354671800472e-06,49.5731246676486,2.57177322264467e-06,49.5731246674284,2.57177317125174e-06,49.5731246693473,2.57177329847279e-06,49.5731246693636,2.57177330273753e-06,0.449999951948601,0.449999940900902,49.8138155601275,1.02870930888257e-05,0.449999989185927,0.449999982185251,49.6152083348168,5.14354694012945e-06,0.44999997449432,0.449999974418166,49.6152083344472,5.14354666073814e-06
393,49.9069077745009,1.0287092889414e-05,49.7343284906236,5.14354187740237e-06,49.7343284904586,5.14354213989855e-06,49.5748765597993,2.57177200256086e-06,49.5748765596416,2.57177197374939e-06,49.5748765584966,2.57177130547874e-06,49.5748765584809,2.57177128943913e-06,49.7320011837224,5.14354631766652e-06,49.7320011833863,5.14354658054844e-06,49.5731246662236,2.5717731632089e-06,49.5731246659506,2.57177308460316e-06,49.573124664617,2.57177315738953e-06,49.5731246645784,2.57177315519278e-06,0.449999884168472,0.449999874656304,49.813815548863,1.02870929268374e-05,0.449999981899701,0.449999979606882,49.6152083293103,5.14354644094783e-06,0.449999910808308,0.449999909531875,49.6152083274619,5.143546467958e-06
394,49.9069077766541,1.02870928970027e-05,49.7343284912106,5.14354895209892e-06,49.7343284911837,5.14354905606357e-06,49.5748765627357,2.57177368425626e-06,49.5748765630358,2.57177346397937e-06,49.574876559851,2.571773426217e-06,49.5748765598382,2.57177342631869e-06,49.7320011868621,5.14354639374342e-06,49.732001186785,5.14354649925119e-06,49.5731246699793,2.57177325761164e-06,49.5731246704286,2.57177322614066e-06,49.5731246673305,2.57177327937675e-06,49.5731246673089,2.57177327452286e-06,0.450000075423858,0.450000071656458,49.8138155533582,1.02870929191104e-05,0.450000069276477,0.45000005174684,49.6152083347081,5.14354658461434e-06,0.449999995091598,0.449999995083505,49.6152083315775,5.14354662734149e-06
395,49.9069077844899,1.02870931843911e-05,49.7343285031963,5.14355179823537e-06,49.7343285032211,5.14355187304955e-06,49.5748765676467,2.5717749969468e-06,49.5748765679682,2.57177492739067e-06,49.5748765642746,2.57177509861557e-06,49.5748765642865,2.57177511285489e-06,49.7320011994067,5.14354654092936e-06,49.7320011994321,5.1435466361501e-06,49.5731246754011,2.57177338121584e-06,49.5731246759698,2.57177341184041e-06,49.5731246724225,2.57177341654286e-06,49.5731246724535,2.5717734171695e-06,0.450000161709977,0.450000158998913,49.8138155691392,1.02870931487287e-05,0.450000081377325,0.45000007584205,49.615208344988,5.14354716175512e-06,0.450000081064636,0.450000079931472,49.6152083389278,5.14354680911583e-06
396,49.9069077837124,1.02870932587335e-05,49.7343285046836,5.14354493251434e-06,49.73432850469,5.14354493387645e-06,49.5748765681167,2.57177322389352e-06,49.5748765680314,2.57177330019121e-06,49.5748765632587,2.57177317151814e-06,49.5748765632695,2.571773166807e-06,49.7320011982887,5.14354663321228e-06,49.7320011983075,5.14354662511765e-06,49.5731246750848,2.57177333536736e-06,49.573124674987,2.57177335811971e-06,49.5731246700301,2.57177327940524e-06,49.5731246700459,2.57177328159399e-06,0.449999945334486,0.449999945285127,49.8138155673829,1.02870932397873e-05,0.450000011079323,0.45000000500755,49.6152083412789,5.14354679892676e-06,0.450000006510789,0.450000006135876,49.6152083370779,5.14354688062031e-06
397,49.9069077768102,1.02870930610877e-05,49.7343284941238,5.14354208989684e-06,49.7343284941019,5.14354209960953e-06,49.5748765647214,2.57177184154829e-06,49.5748765645192,2.57177187629849e-06,49.5748765605925,2.57177164011125e-06,49.5748765605826,2.57177162380906e-06,49.7320011871897,5.14354652948008e-06,49.7320011871502,5.14354653143606e-06,49.5731246711691,2.57177321433095e-06,49.5731246708078,2.57177319989912e-06,49.5731246667666,2.57177316309836e-06,49.5731246667393,2.57177316011838e-06,0.449999857545959,0.449999857193997,49.8138155534737,1.02870930745903e-05,0.449999958630149,0.449999955864726,49.615208334003,5.1435464384067e-06,0.449999943896679,0.449999942599349,49.6152083300188,5.14354647607979e-06
398,49.9069077775131,1.0287093072526e-05,49.7343284921762,5.14354845897697e-06,49.7343284921647,5.14354844473983e-06,49.574876564164,2.57177364478602e-06,49.5748765642093,2.57177356756522e-06,49.5748765633506,2.57177314753258e-06,49.5748765633429,2.57177314804607e-06,49.7320011876217,5.14354653885945e-06,49.7320011876042,5.14354652568734e-06,49.5731246717205,2.57177326242825e-06,49.5731246717566,2.57177324959768e-06,49.5731246705467,2.57177329295861e-06,49.5731246705359,2.57177328865222e-06,0.450000057846081,0.450000057330165,49.8138155550694,1.02870930681975e-05,0.449999985641233,0.449999979496001,49.6152083347442,5.14354644350533e-06,0.450000026076755,0.450000026035891,49.6152083328659,5.14354633315452e-06
399,49.9069077839188,1.02870932643921e-05,49.7343285018695,5.14355071504858e-06,49.734328501895,5.14355065998132e-06,49.574876566682,2.5717744533728e-06,49.5748765667984,2.57177442039746e-06,49.5748765670552,2.57177471703468e-06,49.5748765670659,2.57177472986853e-06,49.7320011976651,5.14354665854432e-06,49.7320011977188,5.14354660516968e-06,49.5731246745303,2.57177336876623e-06,49.5731246747342,2.57177337473798e-06,49.5731246749455,2.57177340088051e-06,49.5731246749736,2.57177340155086e-06,0.450000130645793,0.450000128650304,49.81381556797,1.02870932645938e-05,0.450000025853939,0.450000023229763,49.615208339715,5.14354667811676e-06,0.450000067332849,0.450000066311531,49.6152083404351,5.14354666968666e-06
400,49.9069077829917,1.02870932570976e-05,49.734328503255,5.1435445427986e-06,49.7343285032902,5.14354451884062e-06,49.5748765664347,2.57177288542254e-06,49.5748765663135,2.57177296114776e-06,49.5748765659381,2.57177345189142e-06,49.5748765659495,2.57177345183181e-06,49.7320011967743,5.14354663859598e-06,49.7320011968373,5.14354662786899e-06,49.5731246732673,2.57177332243113e-06,49.5731246730987,2.5717733087424e-06,49.5731246730601,2.57177329896336e-06,49.5731246730796,2.57177330222915e-06,0.449999942255452,0.449999941387278,49.813815565937,1.02870932719497e-05,0.450000001605516,0.4499999955793,49.6152083375811,5.14354656969135e-06,0.449999989363375,0.449999989358632,49.6152083380626,5.14354663665199e-06
401,49.9069077767113,1.02870930664584e-05,49.7343284938008,5.14354234471203e-06,49.7343284938039,5.14354238102615e-06,49.5748765638086,2.57177213023408e-06,49.5748765636219,2.57177215516821e-06,49.5748765628255,2.57177183078961e-06,49.5748765628193,2.57177181887057e-06,49.7320011869652,5.14354651015262e-06,49.7320011869639,5.14354655670788e-06,49.5731246703338,2.57177322693801e-06,49.5731246700164,2.57177317805528e-06,49.5731246692446,2.57177318513182e-06,49.5731246692258,2.57177318477571e-06,0.449999874270222,0.449999872954294,49.8138155532904,1.02870930681011e-05,0.449999969747678,0.449999967763419,49.6152083320941,5.14354626792374e-06,0.449999939169771,0.449999938221253,49.6152083310036,5.14354629856462e-06
402,49.9069077779859,1.02870930420367e-05,49.734328493439,5.14354848217018e-06,49.7343284934374,5.14354845784317e-06,49.5748765645,2.57177356674109e-06,49.5748765645812,2.57177346271523e-06,49.5748765643536,2.57177343582131e-06,49.5748765643447,2.57177343936155e-06,49.7320011888653,5.14354653357913e-06,49.7320011888716,5.14354649736602e-06,49.5731246719077,2.57177328606585e-06,49.5731246720165,2.57177324758288e-06,49.5731246717089,2.57177328998226e-06,49.5731246716953,2.57177328821519e-06,0.450000059156025,0.450000058274479,49.8138155560158,1.02870930191693e-05,0.450000007542078,0.449999999263699,49.6152083344979,5.1435463583075e-06,0.450000017434753,0.45000001715302,49.6152083357748,5.14354656765954e-06
403,49.9069077843431,1.02870932576895e-05,49.7343285028917,5.14355088240293e-06,49.734328502884,5.14355084479019e-06,49.5748765666248,2.57177437754747e-06,49.5748765668199,2.57177431387898e-06,49.5748765685262,2.57177509146147e-06,49.5748765685352,2.57177510941541e-06,49.7320011987807,5.14354664938671e-06,49.7320011987763,5.14354660366721e-06,49.5731246743512,2.57177335635193e-06,49.5731246746955,2.57177335480051e-06,49.5731246766041,2.57177342266543e-06,49.5731246766302,2.57177342614677e-06,0.450000132279957,0.450000130916973,49.8138155688211,1.02870932310243e-05,0.450000035532804,0.450000030466066,49.6152083399573,5.14354671376714e-06,0.450000081789659,0.450000080360885,49.6152083429864,5.1435467759693e-06
404,49.9069077836806,1.02870932965682e-05,49.7343285041108,5.14354525435926e-06,49.7343285040801,5.1435452686217e-06,49.5748765662065,2.57177330392077e-06,49.5748765661827,2.57177336329415e-06,49.5748765677428,2.57177323675293e-06,49.5748765677537,2.57177323669942e-06,49.7320011979224,5.14354664301373e-06,49.7320011978663,5.14354665805136e-06,49.5731246732884,2.57177330116336e-06,49.5731246732921,2.57177330145031e-06,49.5731246745755,2.57177330925013e-06,49.5731246745927,2.57177331493339e-06,0.449999952679045,0.449999952162212,49.8138155673278,1.02870932960695e-05,0.450000007842643,0.450000003117709,49.6152083380878,5.14354662158712e-06,0.450000008776205,0.450000008771947,49.6152083406476,5.14354674902006e-06
405,49.9069077784856,1.02870930854486e-05,49.7343284969348,5.14354305384055e-06,49.734328496901,5.14354310139888e-06,49.5748765649915,2.57177251581478e-06,49.574876564852,2.57177255908499e-06,49.5748765648259,2.57177196751091e-06,49.5748765648176,2.57177195650165e-06,49.7320011903683,5.14354651586869e-06,49.7320011902982,5.14354656647731e-06,49.5731246716932,2.57177324567315e-06,49.5731246714631,2.57177322326881e-06,49.5731246711278,2.57177320320239e-06,49.5731246711045,2.57177320454128e-06,0.449999885892111,0.449999884168723,49.8138155568557,1.02870930747486e-05,0.449999979265442,0.449999975821997,49.6152083353816,5.14354650927271e-06,0.449999940141798,0.44999993926568,49.6152083365327,5.14354675042432e-06
406,49.9069077787715,1.02870930466479e-05,49.7343284952755,5.14354751499075e-06,49.7343284952644,5.1435475379614e-06,49.5748765652445,2.57177318265713e-06,49.5748765652477,2.57177313938565e-06,49.5748765657152,2.57177332205544e-06,49.5748765657044,2.57177332609268e-06,49.7320011903557,5.14354650687909e-06,49.7320011903311,5.1435465355798e-06,49.5731246724212,2.5717732874408e-06,49.5731246724051,2.57177326440996e-06,49.5731246730542,2.5717733058841e-06,49.5731246730374,2.57177330525795e-06,0.450000035577627,0.450000034745232,49.8138155575683,1.02870930510935e-05,0.449999982416345,0.4499999789728,49.6152083362206,5.14354653421105e-06,0.449999984023211,0.449999983701927,49.6152083377395,5.14354667098814e-06
407,49.9069077769002,1.02870929833254e-05,49.7343284924939,5.14354581426983e-06,49.7343284924871,5.14354584958252e-06,49.5748765635561,2.57177279675485e-06,49.5748765637064,2.57177273049248e-06,49.5748765628455,2.57177237156915e-06,49.5748765628412,2.5717723627324e-06,49.7320011866544,5.14354646251451e-06,49.7320011866338,5.14354650553361e-06,49.5731246705471,2.57177323992388e-06,49.5731246707912,2.57177324136344e-06,49.573124669574,2.57177322644637e-06,49.573124669564,2.57177322352679e-06,0.449999962324958,0.449999961045321,49.8138155537468,1.0287093018399e-05,0.449999981078624,0.449999975805463,49.6152083333205,5.14354640670535e-06,0.44999996308859,0.449999962385361,49.615208333658,5.14354660121262e-06
408,49.9069077796325,1.02870930853995e-05,49.7343284961345,5.14354781645169e-06,49.7343284961144,5.14354785526469e-06,49.5748765638611,2.57177392082338e-06,49.5748765640461,2.57177388222348e-06,49.574876564251,2.57177445629076e-06,49.5748765642581,2.5717744602376e-06,49.7320011911087,5.14354652776725e-06,49.7320011910689,5.14354656954688e-06,49.5731246713811,2.57177326384681e-06,49.5731246716996,2.57177329892205e-06,49.5731246722007,2.57177332299242e-06,49.573124672215,2.57177332211409e-06,0.45000007161734,0.450000070210861,49.813815559325,1.02870931045909e-05,0.450000027436412,0.450000024364632,49.6152083360778,5.14354661126254e-06,0.450000039816826,0.450000039502737,49.615208336495,5.14354656951127e-06
409,49.9069077871192,1.02870933869012e-05,49.7343285071455,5.14355066876973e-06,49.7343285071287,5.14355069077446e-06,49.5748765673097,2.57177465620268e-06,49.5748765673791,2.57177468594149e-06,49.5748765693924,2.57177567219205e-06,49.574876569411,2.57177569530996e-06,49.7320012029327,5.14354669243773e-06,49.7320012029009,5.14354671390051e-06,49.5731246751048,2.57177336747487e-06,49.5731246752374,2.57177342043894e-06,49.5731246778422,2.57177346388075e-06,49.573124677886,2.57177347092619e-06,0.450000147123897,0.450000146326505,49.8138155744006,1.02870934075727e-05,0.450000051847119,0.450000049480506,49.6152083420647,5.14354687068317e-06,0.450000082587655,0.450000080747933,49.6152083432976,5.14354663980794e-06
410,49.9069077865452,1.02870934193455e-05,49.7343285085667,5.14354566279015e-06,49.7343285085656,5.14354567213282e-06,49.5748765680914,2.57177301604724e-06,49.5748765679943,2.5717730875797e-06,49.5748765695391,2.57177334237184e-06,49.5748765695499,2.57177335349618e-06,49.7320012025347,5.14354670675782e-06,49.7320012025293,5.1435467216835e-06,49.5731246749339,2.57177334484441e-06,49.5731246747721,2.57177338416668e-06,49.573124676444,2.57177336242362e-06,49.5731246764647,2.57177337335908e-06,0.449999942288834,0.449999941950281,49.8138155730611,1.02870934458415e-05,0.450000012729172,0.450000007036617,49.6152083407473,5.14354675387221e-06,0.450000008004545,0.45000000711927,49.6152083421202,5.14354669278146e-06
411,49.9069077880262,1.02870935197632e-05,49.7343285095921,5.14354784261076e-06,49.7343285096475,5.14354774201818e-06,49.5748765696312,2.57177367557818e-06,49.574876569603,2.57177367697028e-06,49.5748765721293,2.57177417858151e-06,49.5748765721308,2.57177419987032e-06,49.7320012046674,5.14354683109562e-06,49.7320012047839,5.14354672606255e-06,49.5731246769764,2.57177341251318e-06,49.5731246769061,2.57177344728785e-06,49.5731246795835,2.5717734305094e-06,49.5731246795894,2.57177344427856e-06,0.450000037875622,0.450000034230416,49.8138155761233,1.02870935822348e-05,0.450000024897035,0.450000024786252,49.6152083414078,5.14354658156662e-06,0.450000040732256,0.450000039038092,49.6152083460731,5.14354679877033e-06
412,49.9069077933426,1.02870937449982e-05,49.7343285166922,5.14355108958088e-06,49.7343285167562,5.14355099267163e-06,49.5748765721747,2.57177465722219e-06,49.5748765722392,2.571774650068e-06,49.574876576069,2.57177523156062e-06,49.574876576073,2.57177526322314e-06,49.7320012127329,5.14354693296858e-06,49.7320012128631,5.14354683762838e-06,49.5731246799159,2.57177350583988e-06,49.5731246800117,2.57177355153095e-06,49.5731246839941,2.57177352943631e-06,49.5731246840086,2.57177354798557e-06,0.45000010703747,0.45000010352574,49.813815586843,1.02870938098977e-05,0.450000042406988,0.450000041837657,49.6152083476485,5.14354697574072e-06,0.450000074306102,0.450000071786399,49.61520835289,5.14354706819086e-06
413,49.9069077902213,1.02870937520971e-05,49.7343285137642,5.14354555724838e-06,49.7343285137716,5.1435455352754e-06,49.5748765706486,2.57177322366315e-06,49.5748765705488,2.57177332205485e-06,49.5748765742544,2.57177340631621e-06,49.5748765742498,2.57177342118408e-06,49.7320012077497,5.14354688775698e-06,49.7320012077704,5.14354686771846e-06,49.5731246775891,2.57177342589066e-06,49.573124677438,2.57177345384258e-06,49.5731246811649,2.57177341003017e-06,49.5731246811529,2.57177342798452e-06,0.449999912277875,0.449999911481633,49.8138155804083,1.02870937732469e-05,0.449999977478596,0.449999969648582,49.6152083438681,5.14354681907025e-06,0.449999985781533,0.449999984598349,49.6152083483364,5.14354690066102e-06
414,49.9069077916059,1.02870938077504e-05,49.7343285147802,5.14354882067348e-06,49.7343285146778,5.14354897846389e-06,49.5748765717282,2.57177458732382e-06,49.5748765716704,2.57177460672991e-06,49.5748765770814,2.57177463590184e-06,49.574876577077,2.5717746640968e-06,49.732001210367,5.14354683817138e-06,49.7320012101624,5.143546989794e-06,49.5731246793699,2.57177349423108e-06,49.5731246792772,2.57177351491788e-06,49.5731246848589,2.57177352380019e-06,49.5731246848538,2.57177354306101e-06,0.45000004716077,0.450000041442869,49.81381558331,1.0287093796509e-05,0.450000036202409,0.450000034658072,49.6152083517468,5.14354759998241e-06,0.450000051844424,0.45000004960067,49.6152083508239,5.14354673280195e-06
415,49.9069077980104,1.02870941133646e-05,49.734328522688,5.14355305525208e-06,49.7343285226179,5.14355310033896e-06,49.5748765760209,2.57177570676492e-06,49.574876576133,2.57177565150219e-06,49.5748765820146,2.57177602048212e-06,49.5748765820218,2.57177606497806e-06,49.7320012194653,5.14354705696218e-06,49.7320012193385,5.14354707542785e-06,49.573124684117,2.57177365548887e-06,49.5731246842962,2.5717736987556e-06,49.5731246903083,2.57177365541782e-06,49.5731246903321,2.57177368115836e-06,0.450000139727851,0.450000138094025,49.8138155962353,1.02870941267456e-05,0.450000069110257,0.450000064712452,49.615208359501,5.14354794893643e-06,0.45000011325609,0.450000109715107,49.6152083599971,5.1435471324603e-06
416,49.9069077933763,1.02870941933359e-05,49.7343285166112,5.14354632208418e-06,49.7343285167408,5.14354611439782e-06,49.5748765750514,2.57177314422858e-06,49.5748765751547,2.57177318309371e-06,49.5748765783119,2.57177352163198e-06,49.5748765783036,2.57177354219244e-06,49.7320012106927,5.1435472068425e-06,49.7320012109451,5.14354698703344e-06,49.5731246817048,2.57177356369925e-06,49.5731246818956,2.57177363020355e-06,49.5731246851616,2.57177345952729e-06,49.5731246851418,2.57177348366288e-06,0.449999893074746,0.449999885548747,49.8138155867202,1.02870941923366e-05,0.450000005225512,0.450000002132624,49.6152083507731,5.14354715075751e-06,0.449999966450367,0.449999964814165,49.6152083542921,5.14354714136243e-06
417,49.9069077825132,1.02870938481967e-05,49.7343285001645,5.14354246103983e-06,49.7343285003732,5.14354229046072e-06,49.5748765706512,2.57177207054322e-06,49.5748765705792,2.5717721881897e-06,49.5748765714546,2.57177139989001e-06,49.5748765714209,2.57177139610074e-06,49.7320011933497,5.14354698734964e-06,49.7320011937324,5.1435468502618e-06,49.5731246768692,2.57177340926925e-06,49.5731246767602,2.57177346569952e-06,49.5731246775209,2.57177328283222e-06,49.5731246774446,2.57177329561096e-06,0.449999794899693,0.449999788718358,49.813815564862,1.02870938165415e-05,0.449999952940777,0.449999943578464,49.61520834401,5.14354695328257e-06,0.449999874339179,0.449999874037629,49.6152083429635,5.14354681476198e-06
418,49.9069077808738,1.02870936897343e-05,49.7343284944828,5.14354845965933e-06,49.7343284946553,5.14354824188504e-06,49.5748765688793,2.57177354043274e-06,49.5748765687086,2.57177361966498e-06,49.574876570737,2.57177349805495e-06,49.5748765707129,2.57177350836699e-06,49.7320011898546,5.14354694738127e-06,49.7320011902075,5.14354673671482e-06,49.5731246763643,2.57177344877203e-06,49.5731246760625,2.5717734744247e-06,49.5731246782206,2.57177341498137e-06,49.5731246781755,2.57177342171169e-06,0.450000025654605,0.450000017763049,49.8138155617888,1.02870936954732e-05,0.449999933304809,0.449999926999507,49.6152083418669,5.14354680146062e-06,0.44999996920968,0.449999968389048,49.6152083448359,5.14354695909424e-06
419,49.9069077856558,1.02870938269843e-05,49.7343285011364,5.14355112472511e-06,49.7343285012274,5.14355092833893e-06,49.5748765683852,2.57177426683343e-06,49.5748765683824,2.57177423695655e-06,49.5748765723888,2.57177541877412e-06,49.5748765723936,2.57177544296898e-06,49.732001196987,5.14354701922997e-06,49.7320011971916,5.14354680756025e-06,49.5731246762908,2.57177351200146e-06,49.5731246762516,2.57177353278498e-06,49.5731246807624,2.57177354578427e-06,49.5731246807791,2.5717735558701e-06,0.450000119284707,0.450000112168201,49.8138155714542,1.02870938249926e-05,0.449999968939379,0.449999966561777,49.6152083423985,5.14354687104151e-06,0.450000038768856,0.45000003684343,49.6152083496759,5.14354715966328e-06
420,49.906907782879,1.02870938190983e-05,49.7343284989235,5.14354477906538e-06,49.7343284989586,5.14354464464272e-06,49.5748765655891,2.57177308527532e-06,49.5748765656638,2.5717730934274e-06,49.5748765690957,2.57177350151673e-06,49.574876569102,2.57177350657312e-06,49.7320011923917,5.14354698838399e-06,49.7320011924803,5.14354683921972e-06,49.5731246727581,2.57177342769741e-06,49.5731246728736,2.57177345685713e-06,49.5731246762497,2.57177341167492e-06,49.5731246762575,2.57177342226843e-06,0.449999925598279,0.449999920727159,49.8138155657108,1.02870938259721e-05,0.449999951258345,0.449999950609602,49.6152083344656,5.14354627583634e-06,0.449999965967494,0.449999965565107,49.6152083428265,5.14354686921433e-06
421,49.9069077761602,1.02870934769534e-05,49.7343284896777,5.14354243728447e-06,49.7343284895894,5.14354259601558e-06,49.5748765614644,2.57177220573368e-06,49.5748765613491,2.57177230830576e-06,49.5748765641356,2.5717716653987e-06,49.5748765641202,2.57177165580748e-06,49.7320011828882,5.14354665083495e-06,49.7320011827008,5.14354682606953e-06,49.5731246679655,2.57177328369579e-06,49.5731246677885,2.57177329030252e-06,49.5731246704965,2.57177327663658e-06,49.5731246704582,2.57177328054323e-06,0.449999856648302,0.449999850896307,49.8138155521808,1.02870934845287e-05,0.4499999387602,0.449999930597509,49.6152083331016,5.14354672269201e-06,0.449999902981629,0.44999990221836,49.6152083332799,5.143546467345e-06
422,49.9069077758409,1.02870933112797e-05,49.7343284878703,5.14354706596543e-06,49.7343284877111,5.14354721986855e-06,49.574876559317,2.57177324173261e-06,49.5748765589959,2.57177333564461e-06,49.5748765642522,2.57177329061287e-06,49.5748765642355,2.57177329725063e-06,49.7320011828508,5.14354657677962e-06,49.7320011825567,5.14354672777401e-06,49.5731246667552,2.57177329091023e-06,49.573124666219,2.57177323823659e-06,49.573124671681,2.57177337950198e-06,49.5731246716528,2.57177337990695e-06,0.450000023858759,0.450000018281721,49.8138155516925,1.02870933063778e-05,0.449999918288944,0.449999910815426,49.6152083317193,5.14354675928917e-06,0.449999974852379,0.449999974324146,49.6152083354179,5.14354657632794e-06
423,49.9069077736881,1.02870932284577e-05,49.7343284847409,5.14354565972665e-06,49.7343284846481,5.1435456927716e-06,49.5748765594155,2.57177316757777e-06,49.5748765593924,2.57177303450255e-06,49.5748765597815,2.57177214384526e-06,49.5748765597688,2.57177213139849e-06,49.7320011787843,5.14354660933944e-06,49.7320011786124,5.14354659788011e-06,49.5731246670852,2.57177335952075e-06,49.5731246670079,2.57177329784693e-06,49.5731246664524,2.57177326221289e-06,49.5731246664249,2.57177325749799e-06,0.449999965429578,0.449999964232118,49.8138155473212,1.02870932129626e-05,0.449999988880712,0.449999978290583,49.6152083264179,5.14354604656455e-06,0.449999919947887,0.449999918957373,49.6152083303741,5.14354661776542e-06
424,49.9069077686101,1.02870930187403e-05,49.7343284775499,5.14354291820754e-06,49.7343284775787,5.14354288405779e-06,49.5748765564051,2.57177221433501e-06,49.5748765565245,2.57177213227867e-06,49.5748765533807,2.57177103491412e-06,49.5748765533633,2.57177100274408e-06,49.7320011706696,5.14354652499668e-06,49.7320011707132,5.14354648155044e-06,49.5731246632875,2.57177324793068e-06,49.5731246634929,2.57177320441054e-06,49.5731246596245,2.57177311699627e-06,49.5731246595809,2.57177310315693e-06,0.449999902944068,0.449999901706572,49.8138155370852,1.02870930107338e-05,0.449999990969094,0.449999984439046,49.6152083220165,5.14354592061409e-06,0.44999988403116,0.449999881471065,49.6152083206252,5.14354630026901e-06
425,49.9069077681243,1.02870928039196e-05,49.7343284769082,5.14354477667201e-06,49.7343284769826,5.14354471505225e-06,49.5748765547883,2.57177300713825e-06,49.5748765547601,2.57177306004289e-06,49.574876552331,2.57177247351313e-06,49.5748765523204,2.57177245419707e-06,49.7320011707548,5.14354642310229e-06,49.7320011708842,5.14354639731956e-06,49.5731246619807,2.57177319762864e-06,49.5731246619907,2.57177315580271e-06,49.5731246594473,2.57177317695644e-06,49.5731246594269,2.5717731584321e-06,0.449999997540657,0.449999995307721,49.8138155361523,1.02870928170469e-05,0.449999966315187,0.449999962105035,49.6152083236051,5.1435462668851e-06,0.449999964252806,0.449999962715633,49.615208320791,5.14354630579328e-06
426,49.9069077696286,1.02870926570185e-05,49.7343284810485,5.14354382700991e-06,49.7343284810667,5.14354381938296e-06,49.5748765556121,2.5717720241739e-06,49.5748765555036,2.57177207957557e-06,49.5748765531061,2.57177196026415e-06,49.574876553121,2.57177193921448e-06,49.7320011740772,5.1435463467495e-06,49.7320011741202,5.14354633931121e-06,49.5731246622299,2.57177320924039e-06,49.5731246620805,2.57177315884226e-06,49.5731246595077,2.57177319178273e-06,49.5731246595395,2.57177317533708e-06,0.450000016404049,0.450000016127669,49.8138155391254,1.02870926775768e-05,0.449999953597346,0.449999949188478,49.6152083245488,5.14354638556142e-06,0.449999971920519,0.449999970245386,49.6152083219105,5.14354636760436e-06
427,49.9069077717642,1.02870927146745e-05,49.7343284848763,5.14354416737955e-06,49.7343284848243,5.14354419889954e-06,49.5748765557191,2.57177206444676e-06,49.5748765556406,2.57177207048591e-06,49.5748765533943,2.57177229256826e-06,49.5748765534303,2.57177226783497e-06,49.7320011781443,5.14354637566096e-06,49.7320011780787,5.14354634521981e-06,49.5731246624522,2.57177321436422e-06,49.5731246623394,2.57177315733023e-06,49.5731246599991,2.57177317714869e-06,49.5731246600582,2.57177316649235e-06,0.450000043343643,0.450000042201442,49.8138155435114,1.0287092714656e-05,0.450000004280309,0.450000003799713,49.6152083246423,5.1435463715361e-06,0.45000000693389,0.450000004965614,49.6152083224415,5.14354634706615e-06
428,49.9069077742298,1.02870927621417e-05,49.7343284884524,5.14354643054563e-06,49.7343284883889,5.14354645334796e-06,49.5748765561696,2.57177370348177e-06,49.5748765562057,2.57177364104428e-06,49.574876554369,2.57177369091452e-06,49.5748765544026,2.57177367493658e-06,49.7320011828044,5.14354640362454e-06,49.7320011827134,5.14354636301403e-06,49.5731246636525,2.57177322495993e-06,49.5731246637093,2.57177317535855e-06,49.5731246618436,2.57177318224691e-06,49.5731246618992,2.57177317783897e-06,0.450000034026019,0.450000033199724,49.8138155484516,1.02870927656086e-05,0.450000021673964,0.450000016705189,49.6152083266293,5.14354640331385e-06,0.45000002519339,0.450000023921865,49.6152083245508,5.14354635636846e-06
429,49.9069077761912,1.0287092795118e-05,49.7343284921392,5.14354656931572e-06,49.7343284921342,5.14354654028071e-06,49.5748765578547,2.57177367845e-06,49.5748765579888,2.57177358587481e-06,49.5748765566666,2.5717734790124e-06,49.5748765566766,2.57177347835615e-06,49.7320011866703,5.14354641996711e-06,49.732001186666,5.14354637912703e-06,49.573124665159,2.57177322470169e-06,49.5731246653672,2.57177319680195e-06,49.5731246639528,2.57177319141103e-06,49.5731246639743,2.57177319005307e-06,0.450000022109231,0.45000002105708,49.8138155523602,1.02870927990862e-05,0.450000010906526,0.450000003539392,49.6152083285144,5.14354641955197e-06,0.450000016865099,0.450000016812874,49.6152083268781,5.14354637751239e-06
430,49.9069077778524,1.02870928509689e-05,49.7343284953461,5.14354606359647e-06,49.734328495415,5.14354598883062e-06,49.5748765599266,2.5717728516329e-06,49.5748765600601,2.57177278920535e-06,49.5748765592076,2.57177271358906e-06,49.5748765591925,2.57177272367352e-06,49.7320011896455,5.14354644121249e-06,49.7320011897564,5.14354640934521e-06,49.5731246667476,2.5717732233869e-06,49.5731246669659,2.57177321875463e-06,49.5731246660117,2.5717732062164e-06,49.573124665993,2.5717732038071e-06,0.45000002469691,0.450000021987594,49.8138155557103,1.02870928502152e-05,0.450000018753991,0.450000013786004,49.6152083301996,5.1435464408587e-06,0.450000021868132,0.45000002106561,49.615208329119,5.14354640868896e-06
431,49.906907779073,1.02870928871862e-05,49.7343284974642,5.1435461544596e-06,49.7343284975566,5.14354608069182e-06,49.5748765613549,2.57177276315115e-06,49.5748765613929,2.57177276635793e-06,49.574876560978,2.57177276689797e-06,49.574876560956,2.57177277517845e-06,49.7320011917257,5.14354645275014e-06,49.7320011918778,5.14354643489643e-06,49.5731246681522,2.57177322414901e-06,49.5731246682304,2.57177322970384e-06,49.5731246677883,2.57177322031464e-06,49.5731246677561,2.57177321519805e-06,0.450000015189053,0.450000012515905,49.8138155581422,1.02870928881657e-05,0.450000018230992,0.450000017975797,49.6152083316346,5.14354645301046e-06,0.450000021838578,0.450000021179616,49.615208331115,5.14354643445404e-06
432,49.9069077799857,1.02870929255566e-05,49.734328498826,5.14354665732468e-06,49.7343284988728,5.14354662956403e-06,49.5748765622908,2.57177328795934e-06,49.5748765622209,2.57177333821898e-06,49.5748765621492,2.57177330639913e-06,49.5748765621421,2.57177330357095e-06,49.7320011933582,5.1435464668509e-06,49.7320011934427,5.14354645708566e-06,49.5731246694599,2.57177323397098e-06,49.573124669369,2.57177323294328e-06,49.5731246692891,2.57177323192214e-06,49.5731246692771,2.57177322575581e-06,0.450000012808554,0.450000011802582,49.813815559975,1.02870929250366e-05,0.450000021226728,0.450000017227066,49.6152083330048,5.14354646719858e-06,0.45000002040499,0.450000020179923,49.6152083328333,5.14354645771436e-06
433,49.9069077806,1.02870929542568e-05,49.7343284998585,5.1435467159491e-06,49.7343284998334,5.14354673914156e-06,49.5748765633171,2.57177349539064e-06,49.5748765632144,2.57177353957058e-06,49.5748765632312,2.57177346379233e-06,49.5748765632463,2.57177345083123e-06,49.7320011944656,5.14354648239204e-06,49.7320011944365,5.14354647192822e-06,49.5731246706155,2.57177324857573e-06,49.5731246704618,2.57177323372165e-06,49.5731246704621,2.57177323812882e-06,49.5731246704838,2.57177323406917e-06,0.45000000801575,0.450000007175317,49.8138155612002,1.02870929544388e-05,0.45000001942559,0.45000001590975,49.6152083342709,5.14354648232165e-06,0.450000018652888,0.450000017621444,49.6152083341329,5.1435464721344e-06
434,49.9069077809944,1.02870929828344e-05,49.7343285005788,5.14354649243875e-06,49.7343285005185,5.14354652881057e-06,49.5748765644496,2.57177326477991e-06,49.5748765644087,2.57177326038942e-06,49.5748765642845,2.57177326875678e-06,49.5748765643095,2.571773255604e-06,49.7320011951214,5.14354649925645e-06,49.732001195032,5.1435464829009e-06,49.5731246715614,2.57177326061606e-06,49.5731246714915,2.57177323892885e-06,49.5731246713851,2.5717732415429e-06,49.5731246714237,2.57177324132853e-06,0.450000006667298,0.450000005349281,49.8138155619909,1.02870929822866e-05,0.450000015877399,0.450000015528004,49.6152083353823,5.14354649942197e-06,0.450000017809769,0.45000001676307,49.6152083351319,5.1435464830156e-06
435,49.9069077812401,1.02870930070505e-05,49.7343285009053,5.14354646338342e-06,49.7343285008737,5.14354646803333e-06,49.5748765652826,2.57177309190056e-06,49.5748765653388,2.57177304135442e-06,49.5748765651034,2.5717731568592e-06,49.5748765651182,2.57177315333767e-06,49.7320011954191,5.14354651325885e-06,49.7320011953693,5.14354649324877e-06,49.573124672244,2.57177326422529e-06,49.5731246723212,2.57177324957742e-06,49.5731246721335,2.57177324534821e-06,49.5731246721586,2.57177324782739e-06,0.450000004206806,0.450000004038306,49.8138155624821,1.02870930068775e-05,0.450000015089032,0.450000011066569,49.6152083362222,5.14354651355279e-06,0.450000015659078,0.450000015378834,49.6152083359413,5.14354649336383e-06
436,49.9069077813583,1.02870930279306e-05,49.7343285009219,5.14354657354937e-06,49.7343285009525,5.14354653404024e-06,49.5748765656677,2.57177320318324e-06,49.5748765657719,2.57177314818357e-06,49.5748765656586,2.57177323858755e-06,49.5748765656526,2.57177324618467e-06,49.732001195457,5.14354652189272e-06,49.7320011955031,5.1435465057604e-06,49.5731246726971,2.57177326069839e-06,49.5731246728555,2.57177326145164e-06,49.5731246727549,2.57177325172115e-06,49.5731246727486,2.57177325388956e-06,0.450000003252589,0.450000001820884,49.8138155627172,1.02870930279405e-05,0.450000013414278,0.450000009037403,49.6152083367557,5.14354652209749e-06,0.450000013645103,0.450000013040524,49.6152083366274,5.14354650571386e-06
437,49.9069077814088,1.02870930474656e-05,49.734328500838,5.1435466490782e-06,49.7343285009065,5.14354659435051e-06,49.5748765658594,2.57177337240869e-06,49.5748765659249,2.57177335644894e-06,49.5748765660896,2.57177331915531e-06,49.5748765660698,2.57177333026427e-06,49.7320011953917,5.14354652684077e-06,49.7320011954999,5.1435465201432e-06,49.5731246730273,2.57177325732516e-06,49.573124673136,2.57177326942761e-06,49.5731246732497,2.57177326033223e-06,49.5731246732207,2.57177325986641e-06,0.450000003069676,0.45000000108649,49.8138155628192,1.0287093046938e-05,0.450000010777792,0.450000009507715,49.6152083370843,5.14354652698057e-06,0.450000011254998,0.450000010370947,49.6152083372026,5.14354652013117e-06
438,49.906907781403,1.02870930634776e-05,49.73432850074,5.14354658547521e-06,49.734328500789,5.14354655767587e-06,49.574876566098,2.57177336261661e-06,49.5748765660753,2.57177339452913e-06,49.5748765664222,2.57177327724564e-06,49.5748765664065,2.57177328200984e-06,49.7320011952712,5.14354653106963e-06,49.7320011953529,5.14354653234587e-06,49.5731246732977,2.57177325990893e-06,49.5731246732743,2.57177327085405e-06,49.5731246735587,2.5717732677284e-06,49.5731246735336,2.57177326480196e-06,0.450000001568383,0.450000000561009,49.8138155628062,1.02870930633953e-05,0.450000010264806,0.450000007725207,49.6152083373128,5.14354653101873e-06,0.450000008343799,0.450000007964664,49.6152083375836,5.14354653236478e-06
439,49.9069077813656,1.02870930784567e-05,49.7343285006049,5.1435465227904e-06,49.7343285005966,5.14354653931805e-06,49.5748765663718,2.57177325704451e-06,49.5748765662874,2.57177330586693e-06,49.5748765665716,2.57177323352498e-06,49.5748765665731,2.57177322814222e-06,49.7320011951327,5.14354653800566e-06,49.7320011951258,5.14354654024944e-06,49.5731246735254,2.57177326908007e-06,49.5731246734014,2.57177326865912e-06,49.5731246736795,2.57177327167619e-06,49.5731246736795,2.5717732686036e-06,0.450000001159499,0.450000000560581,49.8138155627319,1.02870930782701e-05,0.450000009695106,0.450000005809817,49.6152083375355,5.14354653791997e-06,0.450000006746053,0.450000006317693,49.6152083377553,5.14354654029012e-06
440,49.9069077813121,1.02870930913535e-05,49.7343285004164,5.14354653143409e-06,49.7343285003647,5.1435465708259e-06,49.5748765665464,2.57177321503532e-06,49.5748765664755,2.57177323824447e-06,49.5748765665371,2.57177327291197e-06,49.5748765665535,2.57177326234272e-06,49.7320011949625,5.1435465471937e-06,49.7320011948847,5.14354654403363e-06,49.5731246736663,2.57177327935606e-06,49.5731246735535,2.57177326783072e-06,49.57312467367,2.57177327236491e-06,49.5731246736939,2.5717732715068e-06,0.450000001229054,0.449999999801599,49.8138155626246,1.02870930910776e-05,0.450000006852103,0.450000005005118,49.6152083377404,5.14354654717226e-06,0.450000006035202,0.450000005194101,49.6152083377738,5.14354654405633e-06
441,49.9069077812484,1.02870931026343e-05,49.7343285001923,5.14354655977201e-06,49.7343285001476,5.1435465826802e-06,49.5748765665602,2.57177325747588e-06,49.5748765665616,2.57177323694114e-06,49.57487656645,2.57177333150514e-06,49.5748765664671,2.57177332467813e-06,49.7320011947442,5.14354655572779e-06,49.7320011946731,5.1435465468393e-06,49.5731246736834,2.57177328441057e-06,49.5731246736762,2.57177327148293e-06,49.5731246736237,2.57177327237544e-06,49.5731246736504,2.57177327415565e-06,0.450000000708684,0.449999999878552,49.813815562497,1.02870931024918e-05,0.450000005017807,0.450000003383652,49.6152083378588,5.14354655580428e-06,0.450000005375234,0.45000000483194,49.6152083377441,5.14354654668205e-06
442,49.9069077811838,1.02870931126562e-05,49.7343284999646,5.14354657893669e-06,49.7343284999679,5.14354656347577e-06,49.5748765664606,2.57177330839107e-06,49.5748765665287,2.57177326367301e-06,49.5748765664307,2.571773328007e-06,49.5748765664343,2.5717733302472e-06,49.7320011945009,5.14354656088823e-06,49.7320011945026,5.1435465517153e-06,49.573124673597,2.57177328249084e-06,49.5731246736953,2.57177327854457e-06,49.5731246736066,2.57177327440385e-06,49.573124673614,2.57177327707398e-06,0.450000000502493,0.449999999942231,49.8138155623679,1.02870931125653e-05,0.450000004866504,0.450000001307841,49.6152083378495,5.14354656102387e-06,0.450000004494985,0.45000000431671,49.6152083377528,5.14354655162333e-06
443,49.9069077811197,1.02870931212896e-05,49.7343284997543,5.14354658006095e-06,49.7343284998014,5.14354653994112e-06,49.5748765663277,2.57177331860879e-06,49.5748765664019,2.57177328811046e-06,49.5748765664664,2.57177327313244e-06,49.5748765664545,2.57177328190637e-06,49.7320011942689,5.14354656237745e-06,49.7320011943408,5.14354655890027e-06,49.5731246734734,2.57177327746707e-06,49.5731246735893,2.57177328485966e-06,49.5731246736115,2.5717732788345e-06,49.573124673595,2.57177328005457e-06,0.450000000815866,0.44999999936203,49.8138155622395,1.02870931213438e-05,0.450000003886222,0.450000001459165,49.6152083377374,5.14354656243813e-06,0.450000003570747,0.450000002872517,49.615208337795,5.14354655887291e-06
444,49.9069077810596,1.02870931289818e-05,49.7343284995762,5.14354657676547e-06,49.7343284996244,5.14354654702761e-06,49.5748765662239,2.57177330446042e-06,49.5748765662427,2.57177331225863e-06,49.5748765664595,2.5717732396518e-06,49.5748765664431,2.57177324717994e-06,49.7320011940867,5.14354656280775e-06,49.732001194164,5.14354656613371e-06,49.5731246733845,2.57177327547519e-06,49.5731246734213,2.57177328709461e-06,49.5731246735866,2.57177328375444e-06,49.5731246735615,2.57177328256419e-06,0.450000000618737,0.449999999541116,49.8138155621193,1.02870931289308e-05,0.450000002990583,0.450000002370002,49.6152083376107,5.14354656275736e-06,0.450000002315691,0.450000001716601,49.6152083378107,5.14354656620344e-06
445,49.9069077810051,1.02870931356023e-05,49.7343284994342,5.14354656796958e-06,49.7343284994421,5.14354657285033e-06,49.574876566175,2.57177328699895e-06,49.5748765661266,2.57177332387513e-06,49.5748765663485,2.57177325844292e-06,49.5748765663415,2.57177325855024e-06,49.7320011939559,5.14354656500778e-06,49.7320011939723,5.1435465705824e-06,49.5731246733495,2.57177327949669e-06,49.5731246732825,2.57177328527321e-06,49.5731246734883,2.57177328661724e-06,49.5731246734761,2.57177328413221e-06,0.450000000129043,0.449999999952177,49.8138155620102,1.02870931355292e-05,0.450000003936268,0.45000000100166,49.6152083375421,5.1435465648965e-06,0.450000001217156,0.450000001208616,49.6152083377425,5.14354657073272e-06
446,49.9069077809549,1.02870931413668e-05,49.7343284993125,5.14354655610516e-06,49.7343284992762,5.14354658837963e-06,49.5748765661584,2.57177327154925e-06,49.5748765660877,2.57177330482271e-06,49.5748765661652,2.57177330034006e-06,49.5748765661728,2.57177329341967e-06,49.7320011938458,5.14354656971179e-06,49.7320011937918,5.14354657159323e-06,49.5731246733293,2.5717732871014e-06,49.5731246732214,2.57177328254041e-06,49.5731246733297,2.57177328659362e-06,49.5731246733397,2.57177328493847e-06,0.450000000594689,0.449999999425149,49.8138155619099,1.02870931412372e-05,0.450000003148012,0.45000000050011,49.615208337536,5.1435465696386e-06,0.450000001358106,0.450000000807382,49.6152083375963,5.14354657163039e-06
447,49.9069077809127,1.02870931463767e-05,49.7343284991936,5.14354655964616e-06,49.7343284991481,5.14354658864669e-06,49.5748765661183,2.57177326568099e-06,49.5748765660855,2.57177326792065e-06,49.5748765659967,2.57177332452744e-06,49.5748765660116,2.57177331677206e-06,49.73200119373,5.14354657514065e-06,49.7320011936582,5.14354657118511e-06,49.5731246732695,2.57177329287771e-06,49.5731246732131,2.57177328239318e-06,49.5731246731738,2.57177328525947e-06,49.5731246731962,2.57177328573237e-06,0.450000000567743,0.449999999516841,49.8138155618255,1.02870931463203e-05,0.450000001067548,0.450000000889315,49.6152083375375,5.14354657516924e-06,0.450000001649206,0.450000001032033,49.6152083374438,5.14354657107287e-06
448,49.9069077808743,1.02870931505067e-05,49.73432849907,5.14354657298539e-06,49.7343284990562,5.14354657288008e-06,49.5748765660124,2.571773276808e-06,49.5748765660422,2.57177324822268e-06,49.5748765659041,2.57177331322604e-06,49.5748765659135,2.57177331111478e-06,49.7320011935962,5.14354657853992e-06,49.7320011935715,5.14354657200752e-06,49.5731246731476,2.57177329303935e-06,49.5731246731862,2.57177328567861e-06,49.5731246730731,2.57177328489336e-06,49.5731246730886,2.5717732869463e-06,0.449999999969809,0.449999999965992,49.8138155617486,1.02870931505386e-05,0.450000001504988,0.449999999230168,49.6152083374813,5.14354657861895e-06,0.45000000149255,0.450000001324536,49.6152083373511,5.14354657202603e-06
449,49.9069077808412,1.02870931542664e-05,49.7343284989541,5.14354658925372e-06,49.7343284989825,5.14354656149971e-06,49.5748765658586,2.57177330163171e-06,49.574876565922,2.5717732679647e-06,49.5748765658815,2.57177328469214e-06,49.5748765658779,2.57177328959311e-06,49.7320011934678,5.14354657892676e-06,49.7320011935097,5.14354657535271e-06,49.5731246729998,2.57177328868278e-06,49.5731246730949,2.57177329030224e-06,49.5731246730347,2.57177328673956e-06,49.5731246730308,2.57177328855475e-06,0.450000000520876,0.449999999515145,49.8138155616825,1.0287093154222e-05,0.450000001670144,0.449999998990923,49.6152083373601,5.14354657898093e-06,0.450000001260951,0.450000000870932,49.6152083373297,5.14354657537842e-06
450,49.9069077808124,1.02870931574376e-05,49.7343284988629,5.14354659279998e-06,49.7343284989064,5.14354656311503e-06,49.5748765657232,2.57177331704185e-06,49.5748765657654,2.57177330651626e-06,49.5748765658708,2.57177326353942e-06,49.5748765658582,2.57177327089693e-06,49.7320011933704,5.14354657765006e-06,49.7320011934386,5.14354657979503e-06,49.5731246728845,2.57177328445588e-06,49.5731246729535,2.57177329307763e-06,49.573124673014,2.57177328987728e-06,49.5731246729954,2.57177328995843e-06,0.450000000528955,0.449999999453252,49.8138155616249,1.0287093157538e-05,0.450000001060634,0.450000000223008,49.615208337223,5.14354657763215e-06,0.450000000724154,0.450000000138643,49.6152083373291,5.14354657949207e-06
451,49.906907780788,1.02870931601699e-05,49.7343284988042,5.14354658392501e-06,49.7343284988238,5.14354657828792e-06,49.5748765656613,2.57177330800237e-06,49.5748765656488,2.57177332774839e-06,49.5748765658146,2.57177326557004e-06,49.5748765658039,2.57177326912615e-06,49.7320011933175,5.14354657738205e-06,49.7320011933508,5.14354658278053e-06,49.5731246728374,2.57177328460474e-06,49.5731246728249,2.57177329258863e-06,49.5731246729604,2.57177329225744e-06,49.5731246729434,2.57177329064797e-06,0.450000000105218,0.449999999900945,49.813815561576,1.02870931602474e-05,0.450000001694186,0.450000000122798,49.6152083371375,5.14354657731383e-06,0.450000000110166,0.449999999827171,49.6152083372946,5.14354658269258e-06
452,49.906907780767,1.02870931624709e-05,49.7343284987656,5.14354656989786e-06,49.7343284987456,5.14354659171125e-06,49.5748765656651,2.57177328164873e-06,49.574876565612,2.57177331322835e-06,49.5748765657014,2.57177328680251e-06,49.5748765657014,2.57177328388022e-06,49.7320011932888,5.14354657943072e-06,49.7320011932603,5.14354658302226e-06,49.5731246728374,2.57177328929247e-06,49.5731246727593,2.57177329005189e-06,49.5731246728589,2.57177329247027e-06,49.5731246728575,2.57177329061061e-06,0.450000000391832,0.449999999601373,49.8138155615339,1.02870931624529e-05,0.450000001998634,0.449999999485527,49.615208337123,5.14354657935837e-06,0.450000000005281,0.449999999772725,49.6152083371999,5.14354658307275e-06
453,49.9069077807492,1.02870931644492e-05,49.7343284987252,5.14354656580563e-06,49.7343284986856,5.14354659425156e-06,49.5748765656727,2.57177326380372e-06,49.5748765656258,2.57177328020699e-06,49.5748765655752,2.57177331073524e-06,49.5748765655851,2.57177330416099e-06,49.732001193254,5.14354658287372e-06,49.7320011931924,5.14354658157145e-06,49.573124672829,2.57177329478113e-06,49.5731246727546,2.57177328817091e-06,49.5731246727447,2.57177329101066e-06,49.573124672759,2.57177329045104e-06,0.450000000519105,0.4499999994883,49.8138155614983,1.02870931644393e-05,0.450000000913616,0.449999999608244,49.615208337141,5.14354658285993e-06,0.450000000521971,0.449999999998792,49.6152083370828,5.14354658151751e-06
454,49.9069077807342,1.02870931661072e-05,49.7343284986737,5.14354657747973e-06,49.7343284986504,5.1435465870789e-06,49.5748765656283,2.57177327191108e-06,49.5748765656261,2.57177326056997e-06,49.5748765654969,2.57177331771941e-06,49.5748765655079,2.57177331319256e-06,49.7320011931993,5.14354658549484e-06,49.7320011931608,5.14354658061568e-06,49.5731246727725,2.57177329683135e-06,49.5731246727631,2.57177328882783e-06,49.5731246726683,2.57177328968954e-06,49.5731246726854,2.57177329080073e-06,0.450000000175507,0.449999999827658,49.8138155614684,1.02870931661018e-05,0.45000000027717,0.449999999374644,49.6152083371323,5.14354658555021e-06,0.450000000782871,0.450000000422625,49.6152083370066,5.14354658071443e-06
455,49.9069077807214,1.02870931675082e-05,49.7343284986184,5.14354659170038e-06,49.734328498631,5.14354657507312e-06,49.5748765655304,2.57177329686708e-06,49.5748765655717,2.57177326906552e-06,49.5748765654881,2.57177330053881e-06,49.5748765654909,2.57177330166469e-06,49.732001193134,5.14354658575586e-06,49.7320011931512,5.14354658175483e-06,49.5731246726755,2.57177329426362e-06,49.5731246727346,2.57177329159365e-06,49.573124672649,2.57177328998029e-06,49.5731246726545,2.57177329172424e-06,0.450000000295706,0.449999999693179,49.8138155614427,1.02870931675825e-05,0.450000000859007,0.449999998646558,49.6152083370678,5.14354658582306e-06,0.450000000588912,0.450000000499315,49.6152083369936,5.14354658184311e-06
456,49.9069077807108,1.02870931687081e-05,49.7343284985756,5.14354659769211e-06,49.7343284986109,5.14354657095212e-06,49.5748765654298,2.57177331600791e-06,49.5748765654774,2.57177329590993e-06,49.5748765655139,2.57177327630708e-06,49.5748765655068,2.57177328176052e-06,49.7320011930837,5.14354658422247e-06,49.7320011931383,5.14354658454273e-06,49.5731246725865,2.57177328983196e-06,49.5731246726604,2.5717732943433e-06,49.5731246726621,2.57177329186631e-06,49.5731246726523,2.57177329275229e-06,0.450000000483551,0.449999999514565,49.8138155614217,1.02870931689167e-05,0.450000000861053,0.449999999261656,49.6152083369747,5.14354658424236e-06,0.450000000407342,0.449999999973357,49.6152083370189,5.14354658457887e-06
457,49.9069077807007,1.0287093169749e-05,49.7343284985531,5.14354659050615e-06,49.7343284985789,5.14354657768767e-06,49.5748765653813,2.57177331296534e-06,49.5748765653953,2.57177331670119e-06,49.5748765655152,2.57177326691319e-06,49.5748765655047,2.57177327189614e-06,49.7320011930623,5.14354658285896e-06,49.7320011931041,5.1435465869316e-06,49.573124672549,2.57177328762474e-06,49.5731246725754,2.5717732950871e-06,49.5731246726599,2.57177329386975e-06,49.5731246726439,2.5717732932198e-06,0.450000000215749,0.449999999751241,49.8138155614014,1.02870931698635e-05,0.450000000555639,0.45000000025834,49.6152083369067,5.14354658280899e-06,0.449999999970431,0.449999999573887,49.6152083370272,5.14354658692992e-06
458,49.9069077806931,1.02870931707182e-05,49.7343284985468,5.14354657990313e-06,49.7343284985408,5.14354659147119e-06,49.5748765653959,2.57177329238611e-06,49.574876565367,2.57177331523612e-06,49.5748765654625,2.57177328043685e-06,49.5748765654575,2.57177328083186e-06,49.7320011930647,5.14354658334017e-06,49.7320011930579,5.143546587368e-06,49.5731246725653,2.57177328960373e-06,49.5731246725256,2.57177329362804e-06,49.5731246726158,2.57177329450316e-06,49.5731246726073,2.57177329295695e-06,0.450000000232582,0.449999999813386,49.8138155613863,1.0287093170703e-05,0.450000001384717,0.449999999566313,49.6152083368974,5.14354658327648e-06,0.449999999688783,0.449999999657348,49.6152083369862,5.14354658733555e-06
459,49.9069077806866,1.02870931713983e-05,49.7343284985409,5.14354657310554e-06,49.7343284985103,5.14354659746381e-06,49.574876565433,2.57177327251295e-06,49.574876565388,2.57177329424578e-06,49.5748765653792,2.57177330375238e-06,49.5748765653835,2.571773299534e-06,49.7320011930658,5.14354658549187e-06,49.7320011930191,5.14354658593437e-06,49.5731246725941,2.57177329401583e-06,49.5731246725257,2.57177329149914e-06,49.5731246725449,2.5717732935027e-06,49.5731246725505,2.57177329239944e-06,0.450000000428958,0.44999999954628,49.8138155613731,1.02870931713987e-05,0.450000001049236,0.449999999319737,49.6152083369285,5.14354658547018e-06,0.450000000095908,0.449999999760209,49.6152083369116,5.1435465859322e-06
460,49.9069077806805,1.02870931720545e-05,49.7343284985231,5.14354657746018e-06,49.7343284984963,5.14354659245739e-06,49.5748765654377,2.57177327105569e-06,49.5748765654151,2.57177327370167e-06,49.5748765653182,2.57177331605643e-06,49.5748765653276,2.57177331104284e-06,49.732001193048,5.14354658767603e-06,49.7320011930047,5.14354658435696e-06,49.5731246725887,2.57177329716531e-06,49.5731246725503,2.57177329063873e-06,49.5731246724888,2.57177329201238e-06,49.5731246725029,2.5717732922344e-06,0.450000000275196,0.449999999731737,49.813815561361,1.02870931719272e-05,0.449999999919574,0.449999999709007,49.6152083369517,5.14354658771481e-06,0.450000000485225,0.450000000086243,49.6152083368514,5.1435465843615e-06
461,49.9069077806767,1.02870931725791e-05,49.7343284984967,5.14354659010266e-06,49.7343284984969,5.14354658314789e-06,49.5748765653891,2.5717732885693e-06,49.5748765654061,2.57177327125985e-06,49.5748765653128,2.57177330716211e-06,49.5748765653192,2.57177330554105e-06,49.7320011930149,5.14354658825425e-06,49.7320011930129,5.14354658431235e-06,49.573124672537,2.57177329661259e-06,49.5731246725585,2.57177329176145e-06,49.5731246724766,2.57177329147857e-06,49.573124672487,2.57177329275151e-06,0.450000000143866,0.449999999891844,49.8138155613535,1.02870931725365e-05,0.450000000356411,0.449999998978925,49.6152083369309,5.1435465883178e-06,0.450000000477027,0.450000000348023,49.6152083368412,5.14354658436332e-06
462,49.9069077806724,1.0287093172929e-05,49.7343284984721,5.14354659622192e-06,49.7343284984976,5.14354657468507e-06,49.5748765653156,2.57177330881011e-06,49.5748765653556,2.57177328724215e-06,49.5748765653477,2.57177328610625e-06,49.574876565346,2.57177328897845e-06,49.7320011929819,5.14354658701085e-06,49.7320011930204,5.14354658595795e-06,49.5731246724688,2.57177329313722e-06,49.5731246725288,2.57177329387542e-06,49.5731246724997,2.57177329238988e-06,49.5731246724981,2.5717732935873e-06,0.450000000362459,0.449999999582021,49.8138155613447,1.02870931730458e-05,0.450000000711804,0.449999998995425,49.6152083368716,5.14354658703633e-06,0.450000000308947,0.450000000080377,49.6152083368711,5.14354658596494e-06
463,49.906907780669,1.02870931733842e-05,49.7343284984612,5.14354659519834e-06,49.7343284984881,5.1435465788839e-06,49.574876565269,2.57177331522391e-06,49.5748765652978,2.57177330762686e-06,49.5748765653765,2.57177327294223e-06,49.5748765653686,2.57177327761648e-06,49.7320011929703,5.14354658538453e-06,49.7320011930132,5.14354658799752e-06,49.5731246724308,2.57177328996351e-06,49.5731246724779,2.5717732953167e-06,49.5731246725229,2.57177329398151e-06,49.5731246725114,2.57177329411391e-06,0.450000000311985,0.449999999720793,49.8138155613381,1.02870931734187e-05,0.450000000499552,0.449999999894979,49.6152083368178,5.14354658536286e-06,0.450000000048069,0.449999999676091,49.6152083369021,5.14354658798948e-06
464,49.9069077806665,1.02870931736754e-05,49.7343284984651,5.14354658605288e-06,49.7343284984697,5.14354658899751e-06,49.5748765652771,2.57177330184909e-06,49.5748765652729,2.57177331365945e-06,49.5748765653627,2.57177327795595e-06,49.5748765653557,2.5717732804455e-06,49.7320011929797,5.14354658493969e-06,49.7320011929889,5.14354658874424e-06,49.5731246724413,2.57177328978353e-06,49.5731246724401,2.57177329504618e-06,49.5731246725139,2.57177329490884e-06,49.5731246725027,2.57177329393439e-06,0.450000000051477,0.449999999944771,49.813815561333,1.02870931736725e-05,0.450000000823008,0.44999999988314,49.6152083368057,5.14354658488992e-06,0.449999999768537,0.449999999570419,49.6152083368953,5.14354658874163e-06
465,49.9069077806641,1.02870931739187e-05,49.7343284984721,5.14354657694159e-06,49.7343284984516,5.14354659555096e-06,49.5748765653197,2.57177328146676e-06,49.5748765652918,2.57177330186673e-06,49.5748765653109,2.57177329588602e-06,49.5748765653104,2.57177329426947e-06,49.7320011929935,5.14354658610365e-06,49.7320011929628,5.14354658778533e-06,49.5731246724761,2.57177329256734e-06,49.5731246724388,2.57177329351255e-06,49.5731246724724,2.57177329449685e-06,49.5731246724708,2.57177329329461e-06,0.450000000336054,0.4499999996617,49.8138155613282,1.02870931738571e-05,0.450000001033494,0.449999999410064,49.6152083368365,5.14354658606226e-06,0.449999999872026,0.449999999743381,49.6152083368502,5.14354658780212e-06
466,49.9069077806632,1.02870931740974e-05,49.734328498472,5.14354657880737e-06,49.7343284984457,5.14354659604232e-06,49.5748765653487,2.57177327272482e-06,49.5748765653317,2.57177328502196e-06,49.5748765652606,2.57177331105073e-06,49.5748765652667,2.57177330693259e-06,49.7320011929965,5.14354658776426e-06,49.7320011929548,5.14354658625503e-06,49.5731246724879,2.57177329567907e-06,49.5731246724688,2.5717732921696e-06,49.573124672429,2.5717732932823e-06,49.5731246724376,2.57177329285914e-06,0.450000000329446,0.449999999704898,49.8138155613264,1.02870931739344e-05,0.450000000410985,0.449999999432378,49.6152083368791,5.14354658777575e-06,0.450000000286745,0.449999999959023,49.6152083368018,5.14354658617958e-06
467,49.9069077806653,1.02870931739574e-05,49.7343284984671,5.14354658851098e-06,49.7343284984581,5.14354658996087e-06,49.57487656533,2.57177328265859e-06,49.5748765653639,2.57177327938648e-06,49.5748765652506,2.57177331045573e-06,49.5748765652578,2.57177330741761e-06,49.7320011929882,5.14354658821943e-06,49.732001192972,5.14354658570905e-06,49.5731246724379,2.57177329606425e-06,49.5731246725089,2.57177329227242e-06,49.5731246724163,2.57177329247614e-06,49.5731246724274,2.57177329312582e-06,0.450000000039189,0.449999999986649,49.8138155613307,1.02870931738935e-05,0.449999999863006,0.449999999602611,49.6152083369036,5.1435465882696e-06,0.450000000451824,0.45000000021005,49.6152083367905,5.1435465857121e-06
468,49.906907780672,1.02870931733012e-05,49.7343284984728,5.14354659682108e-06,49.7343284984869,5.14354658385581e-06,49.574876565269,2.57177330236107e-06,49.5748765653946,2.57177329321841e-06,49.5748765652856,2.57177329565671e-06,49.5748765652879,2.57177329613171e-06,49.7320011929883,5.14354658633611e-06,49.7320011930081,5.14354658697764e-06,49.5731246723048,2.57177329234877e-06,49.5731246725565,2.57177329404545e-06,49.5731246724419,2.57177329292644e-06,49.573124672446,2.57177329403314e-06,0.450000000241568,0.449999999771742,49.8138155613441,1.02870931733141e-05,0.450000000210009,0.449999999482437,49.615208336924,5.14354658638968e-06,0.45000000026262,0.450000000224819,49.6152083368244,5.14354658701359e-06
469,49.9069077806933,1.02870931714735e-05,49.7343284985223,5.14354660296836e-06,49.7343284985431,5.14354659247788e-06,49.5748765651967,2.57177331646665e-06,49.5748765655004,2.57177332558383e-06,49.5748765653395,2.5717732829695e-06,49.5748765653353,2.57177328633687e-06,49.7320011930399,5.14354658161565e-06,49.7320011930703,5.14354658980319e-06,49.5731246720365,2.57177328455515e-06,49.5731246726709,2.57177329705007e-06,49.5731246724893,2.57177329463489e-06,49.5731246724836,2.57177329524655e-06,0.450000000262008,0.449999999881861,49.8138155613869,1.02870931714961e-05,0.450000000588681,0.449999999863135,49.6152083370273,5.14354658164848e-06,0.450000000143916,0.44999999987594,49.6152083368877,5.1435465898312e-06
470,49.9069077807532,1.02870931661264e-05,49.7343284986832,5.1435466104279e-06,49.7343284986844,5.14354662416172e-06,49.5748765651207,2.5717733174622e-06,49.5748765658735,2.57177337988153e-06,49.5748765653937,2.57177328815023e-06,49.574876565387,2.57177329139658e-06,49.7320011932179,5.14354657197932e-06,49.7320011932155,5.14354659399981e-06,49.5731246714154,2.57177327027245e-06,49.5731246730303,2.57177330174317e-06,49.5731246725469,2.57177329724741e-06,49.5731246725367,2.5717732968873e-06,0.450000000411705,0.449999999914027,49.8138155615071,1.02870931661191e-05,0.450000003215547,0.449999998248216,49.6152083374102,5.14354657199874e-06,0.449999999998893,0.449999999740549,49.615208336975,5.14354659411492e-06
471,49.9069077809179,1.02870931514115e-05,49.7343284991207,5.14354663770151e-06,49.7343284990819,5.14354669674686e-06,49.5748765649636,2.57177331758044e-06,49.5748765669647,2.57177349715992e-06,49.5748765654888,2.5717733185894e-06,49.5748765654853,2.57177331905039e-06,49.7320011936995,5.14354654870218e-06,49.7320011936247,5.14354660228659e-06,49.5731246697644,2.57177323679301e-06,49.5731246740796,2.57177331224384e-06,49.5731246726556,2.57177330168241e-06,49.5731246726498,2.5717733007112e-06,0.450000001525677,0.449999999386032,49.8138155618376,1.02870931512889e-05,0.450000008656644,0.449999994365706,49.6152083385227,5.14354654883391e-06,0.450000000130558,0.450000000093872,49.6152083371553,5.14354660260597e-06
472,49.9069077813671,1.02870931112326e-05,49.7343285002896,5.14354673147282e-06,49.7343285001912,5.14354687523195e-06,49.5748765644814,2.57177335104025e-06,49.5748765699391,2.57177381503326e-06,49.5748765657857,2.57177338259685e-06,49.5748765657881,2.57177338005833e-06,49.7320011949752,5.14354648541149e-06,49.732001194779,5.14354662469803e-06,49.5731246652204,2.57177314511387e-06,49.5731246769702,2.57177334140015e-06,49.5731246729752,2.57177331274679e-06,49.5731246729782,2.57177331200859e-06,0.450000003842962,0.449999998633515,49.8138155627391,1.02870931107946e-05,0.450000021927251,0.449999985002683,49.615208341532,5.14354648590779e-06,0.450000001049183,0.450000000847168,49.6152083376698,5.14354662514961e-06
473,49.9069077825907,1.02870930017991e-05,49.7343285034498,5.14354699891739e-06,49.7343285032297,5.1435473514586e-06,49.574876563071,2.57177348078168e-06,49.5748765779686,2.57177470618305e-06,49.5748765666892,2.57177352052631e-06,49.5748765666951,2.57177351729494e-06,49.732001198414,5.14354631059769e-06,49.7320011979527,5.14354668821862e-06,49.5731246527786,2.57177289017326e-06,49.5731246848093,2.57177342342693e-06,49.57312467392,2.57177334418471e-06,49.5731246739288,2.57177334427309e-06,0.450000009754283,0.449999996979133,49.8138155651945,1.02870930008821e-05,0.450000057943298,0.449999960425864,49.6152083496334,5.14354631168317e-06,0.450000002953708,0.450000002696555,49.6152083391579,5.14354668932719e-06
474,49.9069077859166,1.02870927041432e-05,49.7343285120431,5.14354771811494e-06,49.7343285114884,5.1435486516607e-06,49.5748765591829,2.57177384087074e-06,49.5748765997299,2.57177715522738e-06,49.5748765692153,2.57177387318071e-06,49.5748765692196,2.57177387197833e-06,49.7320012077635,5.14354583226061e-06,49.7320012065796,5.14354686382613e-06,49.5731246189129,2.57177219128288e-06,49.5731247060633,2.57177364867663e-06,49.57312467655,2.5717734319148e-06,49.5731246765569,2.57177343269677e-06,0.450000026024585,0.44999999219539,49.8138155718686,1.02870927020194e-05,0.45000015722815,0.44999989347181,49.6152083715924,5.14354583572003e-06,0.450000007328072,0.450000007232386,49.6152083432722,5.14354686667411e-06
475,49.9069077942911,1.02870918262058e-05,49.7343285365478,5.14354555738132e-06,49.7343285348171,5.1435482792471e-06,49.5748765433289,2.57177379830261e-06,49.5748766654805,2.57177786252112e-06,49.5748765762062,2.57177387001261e-06,49.5748765762066,2.57177387097461e-06,49.7320012327044,5.14354450031287e-06,49.7320012291773,5.14354732060619e-06,49.5731245192593,2.57176943580302e-06,49.5731247683968,2.57177506712286e-06,49.5731246832219,2.57177366008006e-06,49.573124683223,2.57177366102779e-06,0.450000053067625,0.449999954434484,49.8138155886063,1.02870918237959e-05,0.450000165869489,0.449999842439225,49.6152084290643,5.14354450194332e-06,0.450000007283421,0.450000007206864,49.6152083536862,5.14354732231459e-06
476,49.9069078166,1.02870894091778e-05,49.7343286016737,5.14354155663613e-06,49.734328596708,5.14354911833731e-06,49.5748764977753,2.57177383423225e-06,49.5748768421541,2.57178269317987e-06,49.5748765943319,2.57177435233323e-06,49.5748765943306,2.57177435352016e-06,49.7320012998759,5.1435408637376e-06,49.7320012898784,5.14354853885983e-06,49.5731242451739,2.57176090456722e-06,49.5731249386705,2.57177995697453e-06,49.573124700826,2.57177426936359e-06,49.5731247008239,2.57177427015174e-06,0.450000141832353,0.449999867816428,49.8138156332308,1.02870894038406e-05,0.450000334762924,0.449999629769086,49.6152085839629,5.14354086212552e-06,0.45000001473232,0.450000014637864,49.6152083812988,5.14354854005251e-06
477,49.9069078708091,1.02870825235611e-05,49.7343287806736,5.1435015805089e-06,49.7343287682222,5.14352089576443e-06,49.5748763771716,2.57173035206188e-06,49.5748773066512,2.57178817261187e-06,49.5748766492324,2.57175463687423e-06,49.5748766492018,2.57175462429096e-06,49.7320014713494,5.14353132433891e-06,49.732001445592,5.14355138493402e-06,49.5731235241321,2.57173713794933e-06,49.5731253858673,2.57179417662988e-06,49.5731247412854,2.57177574432599e-06,49.5731247412344,2.57177573580027e-06,0.450000019196668,0.449999319258744,49.8138157408068,1.02870825760183e-05,0.450002109061061,0.449997507676187,49.6152089833431,5.14353125602065e-06,0.449999153975651,0.449999152974268,49.6152084427598,5.14355138980409e-06
478,49.9069080276478,1.02870652243884e-05,49.734329226254,5.14350548125102e-06,49.7343291899236,5.14356056992386e-06,49.5748760441118,2.5716701429393e-06,49.5748785582156,2.57184084639127e-06,49.5748767608121,2.57177772960651e-06,49.5748767608118,2.57177772040108e-06,49.7320019453204,5.14350498514618e-06,49.73200187252,5.14356022627932e-06,49.5731215573287,2.57167151099347e-06,49.5731265996911,2.57183349003206e-06,49.5731248614898,2.57178012383576e-06,49.5731248614892,2.57178011317808e-06,0.450001042123544,0.449999045851825,49.8138160553463,1.02870652217662e-05,0.450006763954185,0.449993179276681,49.615210093476,5.14350498982185e-06,0.450000126440079,0.450000125707512,49.6152086379184,5.14356023796336e-06
479,49.9069084599368,1.02870177698439e-05,49.7343304886697,5.1434347130623e-06,49.7343303893298,5.14358528294298e-06,49.574875138915,2.57149409228387e-06,49.574882002909,2.57194111629759e-06,49.5748771131916,2.57179234758169e-06,49.5748771132005,2.57179233921364e-06,49.7320032502794,5.14343358691298e-06,49.7320030515762,5.14358418110843e-06,49.5731161967559,2.57149355508872e-06,49.5731299261158,2.57194003293096e-06,49.573125206683,2.57179209417772e-06,49.5731252067002,2.57179208562718e-06,0.450002741382411,0.449997285093155,49.8138169198796,1.02870177694185e-05,0.450017555108258,0.449981980164806,49.6152131124402,5.14343358716542e-06,0.45000025915564,0.450000258489715,49.615209180682,5.14358417621133e-06
480,49.906909630313,1.02868885738679e-05,49.7343339145876,5.14323781499415e-06,49.7343336441765,5.14364737107336e-06,49.5748726875943,2.57100259687239e-06,49.5748913465722,2.57223523907905e-06,49.5748780717136,2.57182401380848e-06,49.5748780717249,2.57182400173218e-06,49.732006789778,5.14323944262585e-06,49.7320062488723,5.14364912417554e-06,49.5731016309874,2.57100615051087e-06,49.5731389558382,2.57223329616082e-06,49.5731261410508,2.57182457596781e-06,49.5731261410629,2.57182456938039e-06,0.450007434807411,0.449992593288565,49.8138192606517,1.02868885721964e-05,0.450048442259245,0.449950342723811,49.6152213143605,5.1432394443209e-06,0.450000639308447,0.450000638347434,49.6152106496712,5.1436491632312e-06
481,49.9069128078516,1.02865375139186e-05,49.734343213933,5.14271220138793e-06,49.7343424785405,5.14382558417597e-06,49.5748660240633,2.56968841970693e-06,49.5749167295421,2.5730300999363e-06,49.5748806670991,2.57191277067588e-06,49.5748806671057,2.57191276596557e-06,49.7320164018646,5.14271205122639e-06,49.7320149310623,5.1438254593101e-06,49.5730620685604,2.56968266414923e-06,49.5731634808123,2.57302938380868e-06,49.5731286728681,2.57191273127554e-06,49.573128672881,2.57191272695155e-06,0.450020175962769,0.449979827765252,49.813825615706,1.02865375130259e-05,0.450131242991554,0.449865269517789,49.6152435982209,5.14271204927081e-06,0.450001677370584,0.450001676995758,49.6152146317938,5.14382545907029e-06
482,49.9069214276001,1.02855850273679e-05,49.7343684436238,5.14128130007481e-06,49.7343664472637,5.1443040971536e-06,49.574847961597,2.56609273543594e-06,49.5749855885029,2.5751889766707e-06,49.574887707521,2.57215214260821e-06,49.5748877075237,2.57215214265731e-06,49.7320424775112,5.14128111070816e-06,49.7320384847924,5.14430390706295e-06,49.5729547578788,2.56609222627485e-06,49.5732300117006,2.57518887544063e-06,49.573135539708,2.57215194799576e-06,49.5731355397165,2.57215194514735e-06,0.450054765880186,0.449945211728207,49.8138428552097,1.02855850248507e-05,0.450356976673854,0.449632781111306,49.6153040515886,5.14128110537695e-06,0.450004505627188,0.450004505623282,49.6152254347197,5.14430391454698e-06
483,49.90694474744,1.02830081615607e-05,49.7344367002319,5.13741021395154e-06,49.7344312917135,5.14559794491925e-06,49.574799186905,2.55638468735946e-06,49.5751718651949,2.58102606853887e-06,49.5749067484633,2.57279896799855e-06,49.5749067484643,2.5727989647107e-06,49.7321130227029,5.13741020159383e-06,49.7321022056652,5.14559793467905e-06,49.5726646237682,2.55638414198398e-06,49.573409980378,2.58102603496672e-06,49.5731541106473,2.57279896539012e-06,49.5731541106493,2.57279896207618e-06,0.45014829285876,0.449851473479949,49.8138894949026,1.02830081548882e-05,0.450964783222456,0.449001497477161,49.615467601816,5.13741018697328e-06,0.450012183851222,0.450012183589676,49.615254651369,5.14559793207809e-06
484,49.9070073207462,1.02760935707968e-05,49.7346198512896,5.12702654724732e-06,49.734605284681,5.14906748953548e-06,49.5746689176949,2.53036619873927e-06,49.5756716363694,2.59666137477529e-06,49.5749578026914,2.57453367076934e-06,49.574957802696,2.57453366900249e-06,49.7323023144672,5.12702627007939e-06,49.7322731812372,5.14906723264141e-06,49.5718873549512,2.53036556102369e-06,49.5738927934823,2.59666064498938e-06,49.5732039039575,2.57453360722752e-06,49.5732039039665,2.57453360558212e-06,0.450398926328553,0.449599366421799,49.8140146415554,1.02760935528886e-05,0.452579175718424,0.447286545925357,49.6159064456139,5.12702623132463e-06,0.450033061321469,0.45003306118101,49.6153329885118,5.14906722616706e-06
485,49.9071716214203,1.02579377763022e-05,49.7351007524168,5.09978118361808e-06,49.7350621225445,5.15815706780772e-06,49.5743311608338,2.46226123045149e-06,49.5769834117252,2.63752044220339e-06,49.5750916206105,2.57907842084397e-06,49.575091620612,2.57907841989843e-06,49.7327993350601,5.09978084594564e-06,49.7327220753027,5.15815675489315e-06,49.5698552901694,2.46226092309154e-06,49.5751597928605,2.63751975346289e-06,49.5733344102424,2.57907835253696e-06,49.5733344102455,2.57907835145768e-06,0.451054665075587,0.448933264523024,49.8143432430015,1.02579377300253e-05,0.456702319465183,0.442636669521425,49.6170586384002,5.0997807454869e-06,0.450089612122677,0.450089612047639,49.6155382952016,5.15815673855559e-06
486,49.9075796607286,1.02128476874753e-05,49.7362950430716,5.03225155107049e-06,49.7361965516441,5.1805970868795e-06,49.5735199292427,2.29449097571624e-06,49.5802383979612,2.73775820651982e-06,49.5754223824682,2.59029813133445e-06,49.575422382466,2.59029813493827e-06,49.7340336329412,5.03225079327587e-06,49.7338366499748,5.18059647307534e-06,49.5648653651454,2.29449469708171e-06,49.5783023148768,2.73775568723452e-06,49.5736569420802,2.59029817694285e-06,49.5736569420813,2.59029817603088e-06,0.452668064058975,0.447253303815986,49.8151593218508,1.02128475765057e-05,0.466198138153816,0.430153303012934,49.6199195716854,5.03225055459916e-06,0.45024193551715,0.45024193523236,49.6160455988996,5.18059643002198e-06
487,49.9084681133265,1.01146698648541e-05,49.7388952982093,4.88597116133068e-06,49.7386660358535,5.22869764786659e-06,49.5718967264594,1.93630969466578e-06,49.5873146674538,2.94966070910521e-06,49.5761338579538,2.61434856854208e-06,49.5761338579555,2.61434856730117e-06,49.7367208397251,4.88597126042348e-06,49.7362623150181,5.22869778181827e-06,49.5542950577064,1.93630983392064e-06,49.5851309383761,2.94966061264915e-06,49.5743504502429,2.61434877651977e-06,49.574350450246,2.61434877563024e-06,0.456101821137387,0.44347017150687,49.8169362273882,1.01146696468895e-05,0.482999035859716,0.398184110837438,49.6261462914037,4.88597077883787e-06,0.450642171298806,0.450642171201618,49.6171358316426,5.22869769808858e-06
488,49.9099548404129,9.95037959563043e-06,49.7432458372384,4.64435405725381e-06,49.7427970004981,5.30602234344259e-06,49.569648802021,1.36010441812671e-06,49.5991472913623,3.28424626919961e-06,49.5772898224205,2.65301126414455e-06,49.5772898224257,2.65301125786527e-06,49.7412161800198,4.64435512316931e-06,49.7403185065482,5.30602331540237e-06,49.5375735394229,1.36010561784546e-06,49.5965705140837,3.28424825571931e-06,49.5754760147092,2.65301150372378e-06,49.5754760147162,2.65301150326868e-06,0.461571660926045,0.436779800435207,49.8199096818471,9.95037928918464e-06,0.498182721194734,0.328569782043499,49.636559683821,4.64435444520222e-06,0.451609527903514,0.451609527418555,49.6189021865998,5.30602319952504e-06
489,49.9116116433769,9.767295383491e-06,49.7480919004382,4.38361009734338e-06,49.7474003777079,5.38368476328797e-06,49.5678433059104,7.52061850943588e-07,49.6124024968669,3.63154668596371e-06,49.5784951101754,2.69184218754454e-06,49.5784951101754,2.69184218746588e-06,49.7462214537353,4.38360983486005e-06,49.7448384082749,5.38368452528589e-06,49.5203971597952,7.52062532445022e-07,49.609515542006,3.63154611992668e-06,49.5766459462782,2.69184214114263e-06,49.5766459462781,2.69184214106713e-06,0.467136034287127,0.428954641314632,49.8232232876708,9.7672951132854e-06,0.49397310722469,0.218886252325351,49.648169315847,4.38360924215613e-06,0.453521367690502,0.453521367684506,49.6207253397539,5.38368443879608e-06
490,49.9127714870466,9.63912801688312e-06,49.7514794178935,4.21566711920655e-06,49.7506284413464,5.42346073125287e-06,49.5668969889378,3.38922151963324e-07,49.6218027208774,3.87674401810707e-06,49.5792272516158,2.71173025110908e-06,49.5792272516158,2.71173025105497e-06,49.7497154657483,4.21566691915805e-06,49.7480135126592,5.42346052697158e-06,49.5090632250933,3.38922742926727e-07,49.6188746897059,3.87674342214527e-06,49.5773497529182,2.71173021392131e-06,49.5773497529183,2.71173021386204e-06,0.470438789142115,0.42370557569509,49.825542974596,9.63912786900255e-06,0.474670325242864,0.0939810880446442,49.6563509395853,4.21566659765085e-06,0.456311496328854,0.456311496324753,49.6217841618119,5.42346049661683e-06
491,49.9132889551735,9.58194569483038e-06,49.7529820994608,4.15919914506346e-06,49.7520795197207,5.4227466906443e-06,49.5662541961979,1.3530192473403e-07,49.6260665784661,4.02389679052754e-06,49.5794664632349,2.71137320982829e-06,49.5794664632398,2.71137320701746e-06,49.7512569898884,4.15919895207813e-06,49.7494518303711,5.42274655923281e-06,49.5035941385233,1.35302077995169e-07,49.6232189041321,4.02389668480962e-06,49.577571113731,2.71137327336697e-06,49.5775711137353,2.71137327463846e-06,0.471349627987141,0.422164459002223,49.8265779105133,9.58194564648329e-06,0.45559220927317,1.96369025559024e-10,49.6601108958358,4.15919883788956e-06,0.459339157147903,0.459339156934374,49.6220358691384,5.42274655982601e-06
492,49.9133917764319,9.57058352621624e-06,49.7532682069941,4.17034997494083e-06,49.7523824600504,5.40023346466522e-06,49.5655392329298,5.10207410968192e-08,49.6269494493191,4.11932917473619e-06,49.5794716447305,2.70011674175331e-06,49.5794716447289,2.70011674293392e-06,49.7515383393339,4.17035002422356e-06,49.7497668454362,5.40023351345992e-06,49.5013552422277,5.10208043630673e-08,49.6241756780768,4.11932929384602e-06,49.5775666354368,2.70011676547678e-06,49.5775666354339,2.70011676649103e-06,0.470885392487895,0.422955272850169,49.8267835528532,9.57058352931199e-06,0.442983154748869,4.99271546063494e-10,49.6610035043906,4.17035002138346e-06,0.461984955649831,0.461984955559617,49.6218818483861,5.40023352684057e-06
493,49.9133170606476,9.57884002240675e-06,49.7530343812597,4.20663104436458e-06,49.7521918918535,5.37220799905314e-06,49.564789835352,1.88132907362673e-08,49.6263271115623,4.18781717396185e-06,49.5794467279508,2.68610412864002e-06,49.5794467279508,2.68610412858932e-06,49.7512820482437,4.20663156770128e-06,49.749597069316,5.37220853183008e-06,49.5005037777685,1.88133183947532e-08,49.6235783371146,4.18781841184314e-06,49.5775372852507,2.68610427211814e-06,49.5775372852505,2.68610427270084e-06,0.469929976211912,0.424547803174921,49.8266341212258,9.57884004270727e-06,0.436860952117596,1.31598701789495e-09,49.6606283034331,4.20663160500771e-06,0.463981569109326,0.463981569105427,49.6216511596054,5.37220854440602e-06
494,49.9131936472542,9.59247731623429e-06,49.7526598088369,4.24601970106018e-06,49.7518635699214,5.34645891479093e-06,49.5640985313714,6.89164646450974e-09,49.6252612472607,4.23912958994902e-06,49.5794696503051,2.67322941179782e-06,49.5794696503027,2.67322941899835e-06,49.7508820196041,4.24601915554673e-06,49.7492895417504,5.34645824753192e-06,49.500189201708,6.89165346145709e-09,49.6225146564604,4.23912768873084e-06,49.577559007656,2.67322912881587e-06,49.5775590076536,2.67322913164733e-06,0.468937355583859,0.426154679071648,49.8263872944356,9.59247733899792e-06,0.433649692243368,3.527904492317e-09,49.6598556916918,4.24601920199348e-06,0.465335780676849,0.465335780119945,49.6214821390629,5.34645827193708e-06
495,49.9130719168578,9.60592923407924e-06,49.7522926934326,4.28064866302647e-06,49.7515369425841,5.32529017866429e-06,49.5635017629242,2.52693120520653e-09,49.6241768708112,4.2781233083621e-06,49.5795459692484,2.66264459340048e-06,49.5795459692411,2.66264460424154e-06,49.7504921506305,4.28064434841645e-06,49.7489806501567,5.32528495813e-06,49.5000741115384,2.52693562528639e-09,49.6214243847488,4.2781175768418e-06,49.577636114281,2.66264246699929e-06,49.5776361142762,2.6626424695288e-06,0.468072182960638,0.427517538198761,49.8261438336541,9.605929254275e-06,0.431871110906381,9.52122082156622e-09,49.6590369267175,4.28064439679019e-06,0.46617021486684,0.46617021402461,49.6213988596378,5.32528496517352e-06
496,49.9129681159678,9.61739976853288e-06,49.7519805309274,4.30861006821347e-06,49.7512573998438,5.30878973537741e-06,49.5630063035665,9.33581026810339e-10,49.6232197221892,4.30767658614653e-06,49.5796590073418,2.65439486954318e-06,49.5796590073419,2.65439487171661e-06,49.750161459982,4.3086100843827e-06,49.7487151978149,5.30878974825589e-06,49.5000321084954,9.33583651155322e-10,49.620459048226,4.30767663457732e-06,49.577751066988,2.65439486293146e-06,49.5777510669881,2.65439486511621e-06,0.467373942784935,0.428592962872183,49.8259362318782,9.61739978546484e-06,0.430874610752126,0.239612903822841,49.6582977190454,4.30861012315836e-06,0.466624661382681,0.466624661213259,49.6213862554431,5.30878974740153e-06
497,49.9128853693282,9.62654361492277e-06,49.7517320934405,4.33018604447983e-06,49.7510340819714,5.29635755816437e-06,49.5626062834595,3.51897112769966e-10,49.6224264906331,4.32983414112664e-06,49.5797901530732,2.64817881323266e-06,49.5797901530714,2.64817881500449e-06,49.7498986629036,4.33018607335605e-06,49.7485026399652,5.2963575848656e-06,49.5000167771677,3.51946256992202e-10,49.6196574107838,4.32983423832517e-06,49.5778846663092,2.64817877924937e-06,49.5778846663055,2.6481787809777e-06,0.466834791597261,0.429408951558571,49.8257707386114,9.62654362805824e-06,0.430350647497232,0.239083693051563,49.6576747269566,4.3301861098189e-06,0.466819279718145,0.466819279579687,49.6214216984695,5.29635758393942e-06
498,49.9128220287484,9.63354283700346e-06,49.7515421391932,4.34632437370535e-06,49.7508628895221,5.28721840667462e-06,49.5622904696772,1.39311038925824e-10,49.6217926803719,4.34618498003633e-06,49.5799247842834,2.64360934079342e-06,49.5799247842817,2.64360934212064e-06,49.7496979341461,4.34632441167194e-06,49.7483394347997,5.28721845014336e-06,49.5000111725791,1.39312758162412e-10,49.6190159917298,4.34618517692425e-06,49.57802189843,2.64360921085232e-06,49.5780218984266,2.64360921209878e-06,0.466431258859892,0.430011696346524,49.8256440574626,9.63354284692832e-06,0.430110446643953,0.239179462534126,49.6571695731665,4.34632444554427e-06,0.466846823888573,0.466846823784678,49.6214851795762,5.28721845064592e-06
499,49.9127750007353,9.63873971870601e-06,49.7514012266986,4.35809078411247e-06,49.7507356429626,5.28064907106311e-06,49.5620461430369,6.15061844584282e-11,49.6212990212698,4.35802913143624e-06,49.580053104365,2.64032471458584e-06,49.5800531043636,2.64032471556337e-06,49.749549145152,4.35809068687989e-06,49.7482179776737,5.28064901811409e-06,49.5000091225823,6.15365279949909e-11,49.618515754218,4.35802923845519e-06,49.5781527257609,2.64032449305603e-06,49.5781527257583,2.64032449393028e-06,0.466137064144798,0.430446929114125,49.8255500014466,9.63873972590409e-06,0.430048065747409,0.239622582480645,49.6567707473051,4.35809073443397e-06,0.466774644556455,0.466774644479843,49.6215617176673,5.28064902679853e-06
500,49.9127410269589,9.64249416735567e-06,49.7512995013485,4.36646039054049e-06,49.7506436336422,5.27603398117579e-06,49.5618606547829,3.29842109737955e-11,49.6209225514631,4.36642748111841e-06,49.5801694056646,2.63801717857011e-06,49.5801694056637,2.63801717923828e-06,49.7494418027824,4.36646027009629e-06,49.7481300673787,5.27603386353902e-06,49.5000083699275,3.29808973411879e-11,49.6181337849392,4.3664273710884e-06,49.5782713052955,2.63801691720575e-06,49.5782713052939,2.63801691781781e-06,0.465927959219052,0.430754155500584,49.8254820539023,9.64249417182145e-06,0.4300914254343,0.240228879927278,49.6564625544509,4.36646031899818e-06,0.466649438792288,0.466649438739878,49.6216411242275,5.27603387809177e-06
501,49.9127171610597,9.64513159292966e-06,49.7512280848841,4.37225817452996e-06,49.7505789490308,5.27287335093422e-06,49.561721331781,2.25089550767278e-11,49.6206409504845,4.37223582841637e-06,49.580270979382,2.6364365813226e-06,49.5802709793814,2.63643658173511e-06,49.7493664838896,4.37225825090002e-06,49.7480682121954,5.27287336959839e-06,49.5000080938633,2.25070351605327e-11,49.6178476988351,4.37223578052787e-06,49.5783748653928,2.63643667883879e-06,49.5783748653916,2.63643667928107e-06,0.465783271429203,0.43096562309537,49.8254343221072,9.64513159566286e-06,0.430192798889646,0.240889089836921,49.656228926648,4.37225825159658e-06,0.466502190127726,0.466502190095353,49.6217170051869,5.27287336197605e-06
502,49.9127009246164,9.64692576248055e-06,49.7511795254727,4.37615018104041e-06,49.7505349132534,5.27077566003158e-06,49.5616160405862,1.86527664065342e-11,49.6204343314601,4.37613161723268e-06,49.5803571909131,2.63538774558027e-06,49.5803571909127,2.63538774591434e-06,49.7493152953938,4.37615019920103e-06,49.7480260709925,5.27077557859442e-06,49.5000079922325,1.86511720256842e-11,49.6176374961079,4.3761315797285e-06,49.5784627548616,2.63538778238817e-06,49.5784627548608,2.63538778271722e-06,0.465686378988108,0.431106858479094,49.8254018492263,9.64692576289235e-06,0.430321185785101,0.241539001842596,49.6560550834281,4.37615020165867e-06,0.466352850243805,0.46635285021758,49.6217858041099,5.27077557287066e-06
503,49.9126903167278,9.64809792111376e-06,49.7511478136679,4.37865954646125e-06,49.7505061262738,5.26943829889701e-06,49.5615380938529,1.72282989907063e-11,49.6202858016368,4.37864237489018e-06,49.5804286687439,2.63471912282569e-06,49.5804286687436,2.63471912304539e-06,49.7492818794692,4.3786596091713e-06,49.7479985046883,5.26943832601782e-06,49.5000079546649,1.72258640865643e-11,49.6174861528548,4.37864239510012e-06,49.5785356142847,2.63471915738317e-06,49.5785356142842,2.63471915762688e-06,0.46562403495268,0.4311974684406,49.8253806334501,9.64809792268534e-06,0.430456691262851,0.242135681619532,49.6559281890942,4.37865961002899e-06,0.466212738901504,0.466212738884254,49.6218458701033,5.26943831987865e-06
504,49.9126837672608,9.64882161242455e-06,49.7511282400802,4.38018826998299e-06,49.750488344413,5.26863332929111e-06,49.5614983675152,1.66948588724454e-11,49.6201814592778,4.38017154317855e-06,49.5804867635589,2.63431664322613e-06,49.5804867635587,2.63431664340518e-06,49.7492612593711,4.38018826995869e-06,49.7479814680198,5.26863335056638e-06,49.5000079406842,1.66954469779034e-11,49.6173796382894,4.38017157727978e-06,49.5785948221444,2.63431667114379e-06,49.5785948221439,2.63431667132753e-06,0.46558617170413,0.431252424410996,49.825367534518,9.64882161370588e-06,0.430587337656937,0.242665518491728,49.6558374848455,4.38018827181259e-06,0.466087953020049,0.466087953005991,49.6218968140673,5.26863334604695e-06
505,49.9126800722385,9.64922989581733e-06,49.7511171974409,4.38103835940166e-06,49.750478309715,5.26819146183404e-06,49.5615286227077,1.64782218822131e-11,49.6201101328215,4.38102191269099e-06,49.5805331695486,2.63409573002715e-06,49.5805331695485,2.63409573015506e-06,49.7492496265202,4.38103842003546e-06,49.7479718510833,5.26819148220177e-06,49.5000079354348,1.64962971009681e-11,49.6173066614315,4.38102193022042e-06,49.5786421073909,2.63409573686584e-06,49.5786421073907,2.63409573700166e-06,0.465565213848638,0.431282872345015,49.8253601444753,9.64922989614024e-06,0.430706449648526,0.243115058080966,49.6557741854905,4.38103841958855e-06,0.465980914734388,0.465980914724345,49.6219390265414,5.26819147868628e-06
506,49.912678327617,9.64942265940441e-06,49.7511119785108,4.38143326722978e-06,49.7504735746467,5.26798944352723e-06,49.5616125583432,1.63738097571909e-11,49.6200630280272,4.38141680987251e-06,49.5805696655716,2.63399470430695e-06,49.5805696655715,2.63399470440963e-06,49.7492441237633,4.38143323126888e-06,49.7479673160298,5.26798943248902e-06,49.5000079334341,1.64204022455712e-11,49.6172583226805,4.38141681709949e-06,49.578679285446,2.63399471324878e-06,49.5786792854458,2.63399471335104e-06,0.465555506463004,0.431296930187622,49.8253566552335,9.64942265938225e-06,0.430810826622917,0.243494026892469,49.6557312760031,4.38143323037366e-06,0.465891771003709,0.465891770995646,49.6219733250352,5.2679894298135e-06
507,49.9126778684344,9.64947339779726e-06,49.7511105958256,4.38153350853314e-06,49.7504723345739,5.26793920092654e-06,49.5614108121883,1.63943822226783e-11,49.6200333495602,4.38151689164932e-06,49.5805979618837,2.63396970450015e-06,49.5805979618528,2.63396973409671e-06,49.749242656884,4.38153417490087e-06,49.7479661346642,5.26793922472341e-06,49.5000079326958,1.63924012002322e-11,49.6172277362376,4.3815177933802e-06,49.5787081016357,2.63396965480808e-06,49.5787081015936,2.63396965305156e-06,0.465553065702944,0.43130048510005,49.8253557368599,9.64947339862465e-06,0.430899624353564,0.243804677202568,49.6557032614748,4.38153417484318e-06,0.465819323450285,0.465819321126425,49.6220007260355,5.2679393658027e-06
508,49.9126782176222,9.64943492990007e-06,49.7511116192165,4.38145691543795e-06,49.7504732956963,5.26798125787785e-06,49.5614273334358,1.6376072408058e-11,49.6200159625663,4.38144480793926e-06,49.5806196007665,2.63398876697958e-06,49.5806196007503,2.63398876705977e-06,49.7492437188794,4.38145460173538e-06,49.7479670713471,5.26798032474247e-06,49.5000079323421,1.63789949979756e-11,49.6172096985401,4.38143819894127e-06,49.5787301290626,2.63399000825725e-06,49.5787301290281,2.63399000972549e-06,0.465554975567669,0.431297685180601,49.8253564352573,9.64943493091414e-06,0.430973542250868,0.24405258370187,49.6556859377887,4.38145460696705e-06,0.465761742514614,0.465761742508318,49.6220222744222,5.2679793092866e-06
509,49.9126790246838,9.64934555728263e-06,49.7511140113913,4.38127625347499e-06,49.750475506257,5.26807301680735e-06,49.5614104911198,1.63748160592512e-11,49.6200069663469,4.38126159205131e-06,49.5806359601982,2.6340307547975e-06,49.5806359610786,2.63403113722788e-06,49.7492462185856,4.38127443918783e-06,49.7479692085518,5.26807111955976e-06,49.5000079322279,1.63746749363122e-11,49.6172002377645,4.3812580742489e-06,49.5787467735712,2.63403506884189e-06,49.5787467755145,2.63403532027151e-06,0.465559388547028,0.43129124986052,49.825358049342,9.64934556263597e-06,0.431033505857689,0.244247777308171,49.6556760503628,4.38127444402198e-06,0.465717029205164,0.465716999180091,49.6220389493293,5.26805956355201e-06
510,49.9126800807403,9.64922920275152e-06,49.7511171370858,4.38104978224098e-06,49.75047839762,5.26817938377514e-06,49.5614092450413,1.63730315434772e-11,49.62000349828,4.38103326213297e-06,49.5806481646805,2.63408989361387e-06,49.5806481643346,2.63408969872645e-06,49.7492494835982,4.3810498053577e-06,49.7479720046715,5.26817939644135e-06,49.5000079321843,1.63730310763472e-11,49.6171964460636,4.38103343358273e-06,49.5787591861355,2.63408979398473e-06,49.5787591854437,2.63408959907789e-06,0.465564831073266,0.431283396207681,49.8253601614813,9.64922920252229e-06,0.431081727267918,0.244401606524021,49.6556712169922,4.38104980565004e-06,0.465682474577592,0.465682459277406,49.6220518475814,5.26817939584362e-06
511,49.9126812028902,9.64910528890041e-06,49.7511204601034,4.380813013309e-06,49.7504814712477,5.2682926986087e-06,49.5614093367184,1.63725906953324e-11,49.6200034807448,4.38079657084826e-06,49.5806572039819,2.6341464124938e-06,49.580657204175,2.634146231876e-06,49.7492529560936,4.38081281342969e-06,49.7479749784143,5.26829247328915e-06,49.5000079321723,1.63725863323129e-11,49.6171962110308,4.38079643909085e-06,49.5787683720047,2.63414632851504e-06,49.5787683723942,2.63414614382462e-06,0.465570552125242,0.431275141981488,49.825362405788,9.64910528796099e-06,0.431119771614348,0.244514940259503,49.6556696398604,4.3808128132232e-06,0.465656629413841,0.465656615234459,49.6220615884313,5.26829247369096e-06
512,49.9126823111512,9.64898286812245e-06,49.7511237406433,4.38058329814256e-06,49.7504845098108,5.26839966044049e-06,49.5614104542218,1.63727183620434e-11,49.6200055842233,4.38056689341456e-06,49.5806637990082,2.63419991252637e-06,49.5806637991844,2.63419977294548e-06,49.7492563822756,4.38058326475271e-06,49.7479779206269,5.26839960229196e-06,49.5000079321753,1.63727122889259e-11,49.6171981732187,4.38056689109622e-06,49.5787750678615,2.63419987073804e-06,49.5787750682145,2.63419973055e-06,0.465576023228182,0.431267159223201,49.8253646223044,9.64898286782864e-06,0.431149258235736,0.244606650081144,49.6556701626307,4.38058326450573e-06,0.465637605748938,0.465637594791503,49.6220688861069,5.26839960231882e-06
513,49.9126833457264,9.64886824142852e-06,49.7511268042667,4.38037195834796e-06,49.7504873517783,5.26849463206163e-06,49.5614121189317,1.63730997872795e-11,49.6200088358511,4.38035247292303e-06,49.5806685380825,2.6342504230725e-06,49.5806685382101,2.63425032098362e-06,49.7492595798638,4.38037280840518e-06,49.7479806748442,5.26849543487285e-06,49.500007932185,1.6373094479443e-11,49.6172013376428,4.38035645855745e-06,49.5787798752151,2.63424775276852e-06,49.5787798754698,2.63424765132627e-06,0.465580991352603,0.43125987032931,49.8253666914378,9.6488682423651e-06,0.431171489074247,0.244670272049111,49.6556719177572,4.38037281224024e-06,0.465624119408657,0.465624111394655,49.6220742794118,5.26849542926357e-06
514,49.9126842766293,9.64876503487975e-06,49.751129558234,4.38018733347745e-06,49.7504899113572,5.26857710132365e-06,49.5614140069875,1.63735801423155e-11,49.6200125624966,4.38017082706742e-06,49.5806718984517,2.6342888017302e-06,49.58067189855,2.63428872891502e-06,49.749262452318,4.38018764738714e-06,49.7479831585509,5.26857738847775e-06,49.5000079321973,1.63735737291415e-11,49.6172050181176,4.38017127586295e-06,49.5787832758957,2.63428872912667e-06,49.5787832760916,2.63428865729818e-06,0.465585374585867,0.431253561887597,49.8253685532494,9.64876503580035e-06,0.431188748845117,0.244719681863676,49.6556743061767,4.38018764748358e-06,0.465614385738804,0.465614380022911,49.6220782105175,5.26857738754643e-06
515,49.9126850957556,9.64867475861665e-06,49.7511319729834,4.38003114838425e-06,49.7504921624967,5.26864627490842e-06,49.5614159153503,1.63740801966773e-11,49.6200163468127,4.38001931657629e-06,49.5806742568087,2.63431978886033e-06,49.5806742568801,2.63431973783632e-06,49.7492649678664,4.38002970794098e-06,49.7479853468868,5.26864504589978e-06,49.5000079322102,1.63740739446188e-11,49.6172087785801,4.38001330696711e-06,49.578785658775,2.63432255883387e-06,49.5787856589176,2.63432250823289e-06,0.465589120057756,0.431248282106168,49.8253701915335,9.64867475703795e-06,0.431201725238122,0.244752265704145,49.6556769375375,4.38002970870912e-06,0.465607817023604,0.465607813018351,49.6220810479678,5.268645047674e-06
516,49.9126857966453,9.64859749177907e-06,49.7511340385221,4.37989858644107e-06,49.7504940927755,5.26869926477275e-06,49.5614177031524,1.63745531590103e-11,49.6200199149808,4.37988347209954e-06,49.5806758995936,2.63434845552434e-06,49.5806758996404,2.63434841969987e-06,49.7492671166502,4.37989829109043e-06,49.7479872250445,5.26869920055583e-06,49.5000079322224,1.63745472438195e-11,49.6172123363023,4.37988190213977e-06,49.5787873168558,2.63434962805051e-06,49.5787873169497,2.63434959171441e-06,0.465592091847318,0.431243797516245,49.8253715932884,9.64859749258085e-06,0.431210781697539,0.244779620777685,49.655679525243,4.37989828918216e-06,0.46560357477863,0.46560357196654,49.6220830837701,5.2686992027775e-06
517,49.9126863861997,9.64853263912357e-06,49.7511357729677,4.37979187953222e-06,49.750495715948,5.26874193113721e-06,49.5614193018354,1.63749775856275e-11,49.6200231118927,4.37977726258918e-06,49.5806770411237,2.63436916536393e-06,49.5806770411555,2.63436913877596e-06,49.7492689202595,4.37979135269283e-06,49.7479888063276,5.26874128447991e-06,49.5000079322333,1.63749724032234e-11,49.6172155364331,4.37977496382771e-06,49.5787884641987,2.63437066321119e-06,49.5787884642624,2.63437063643376e-06,0.465594583983045,0.431240284609024,49.8253727724112,9.64853263825717e-06,0.431217459786111,0.244794234781197,49.6556819179206,4.37979135040041e-06,0.465600983976175,0.465600981889136,49.6220845346623,5.26874128734562e-06
518,49.912686873467,9.64847891321197e-06,49.7511372055074,4.37970629340538e-06,49.7504970611257,5.26877357548088e-06,49.5614206845768,1.63753451170314e-11,49.6200258831199,4.37969105230371e-06,49.5806778312509,2.63438567462876e-06,49.5806778312777,2.63438565468169e-06,49.7492704077678,4.37970583869964e-06,49.7479901190772,5.26877307123669e-06,49.5000079322427,1.63753403638969e-11,49.6172183151327,4.3796894537841e-06,49.5787892559205,2.63438655051865e-06,49.5787892559737,2.63438653108252e-06,0.465596526403474,0.431237501465005,49.8253737469516,9.64847891125282e-06,0.431222100375114,0.244804688670016,49.6556840392288,4.37970583762763e-06,0.465599536256881,0.465599534691135,49.6220855625365,5.26877307318136e-06
519,49.9126872706668,9.64843489145098e-06,49.7511383727159,4.37963826601894e-06,49.7504981626043,5.26879630571703e-06,49.5614218511899,1.63756553058504e-11,49.6200282248177,4.37962264946164e-06,49.5806783809071,2.63439749581241e-06,49.580678380928,2.63439748196103e-06,49.7492716170628,4.37963835525802e-06,49.747991196735,5.26879653849792e-06,49.5000079322506,1.63756516433195e-11,49.6172206667323,4.37962197460481e-06,49.5787898039676,2.63439827984361e-06,49.5787898040092,2.63439826618329e-06,0.465597930951458,0.431235237504606,49.8253745413217,9.64843489302984e-06,0.431225296163772,0.244811319007494,49.6556858635688,4.37963835386017e-06,0.465598802944188,0.465598801856929,49.6220862899247,5.26879653888318e-06
520,49.9126875931679,9.64839925485724e-06,49.7511393177774,4.37958613637401e-06,49.7504990567735,5.26881354711329e-06,49.561422817887,1.63759123783615e-11,49.6200301666001,4.37957019482409e-06,49.5806787681087,2.63440606548794e-06,49.58067876812,2.63440605608185e-06,49.7492725952464,4.37958582621078e-06,49.7479920731779,5.26881342651031e-06,49.500007932257,1.63759093472029e-11,49.617222619495,4.37956944651826e-06,49.5787901881933,2.63440672132373e-06,49.5787901882164,2.63440671139636e-06,0.465599145907995,0.431233643972003,49.8253751863468,9.64839925354681e-06,0.43122757819454,0.244817430515293,49.6556874005898,4.37958582531792e-06,0.46559857676669,0.465598576028365,49.6220868069763,5.26881342792876e-06
521,49.9126878519715,9.64837049987338e-06,49.7511400774256,4.37954530260242e-06,49.7504997760905,5.26882500700683e-06,49.5614236075979,1.63761223682862e-11,49.6200317548078,4.37952930899659e-06,49.5806790427519,2.63441210383888e-06,49.5806790427585,2.63441209635291e-06,49.7492733808741,4.37954551769686e-06,49.7479927783191,5.26882498261049e-06,49.5000079322623,1.63761202047954e-11,49.6172242178079,4.37952913965029e-06,49.5787904594077,2.63441249721087e-06,49.5787904594212,2.63441248949314e-06,0.465599996233547,0.431232367942944,49.8253757039412,9.64837049998459e-06,0.43122905051992,0.244820079139525,49.6556886755668,4.37954551632811e-06,0.46559864762699,0.465598647039384,49.6220871720869,5.26882498346185e-06
522,49.9126880587482,9.64834749116529e-06,49.7511406830782,4.37951455905148e-06,49.7505003528523,5.26883221429074e-06,49.561424244133,1.63762915985862e-11,49.6200330359591,4.3794984372819e-06,49.5806792430228,2.63441601127525e-06,49.5806792430316,2.63441600515259e-06,49.7492740058223,4.3795150203009e-06,49.7479933454273,5.26883247371772e-06,49.5000079322664,1.63762893924295e-11,49.6172255083639,4.37949864408758e-06,49.5787906559883,2.63441624051147e-06,49.5787906560055,2.63441623489884e-06,0.465600596440672,0.431231417580282,49.8253761174824,9.64834749274542e-06,0.431229977653389,0.244823608601395,49.6556897180515,4.37951501927273e-06,0.465598920107701,0.465598919627108,49.6220874324417,5.26883247329897e-06
523,49.9126882235461,9.64832928878416e-06,49.751141162258,4.37949243417567e-06,49.7505008133337,5.26883711331189e-06,49.5614247495172,1.63764259496922e-11,49.6200340532562,4.37947588859055e-06,49.5806793977388,2.63441841255611e-06,49.5806793977467,2.63441840873796e-06,49.749274498628,4.37949215188945e-06,49.7479938006468,5.2688371347631e-06,49.5000079322697,1.63764244158687e-11,49.6172265342297,4.37947577525087e-06,49.5787908071095,2.63441856987657e-06,49.5787908071252,2.63441856627469e-06,0.465601106567969,0.431230819892556,49.8253764471034,9.6483292872872e-06,0.431230630141269,0.244822788656076,49.6556905557872,4.37949215204753e-06,0.465599291252345,0.465599290952642,49.6220876258347,5.26883713502411e-06
524,49.9126883530409,9.64831485985528e-06,49.7511415397994,4.37947499098932e-06,49.7505011768136,5.2688394696655e-06,49.5614251458879,1.63765313025797e-11,49.6200348517919,4.37945880158122e-06,49.5806795223366,2.63441954539147e-06,49.5806795223386,2.63441954327919e-06,49.7492748861275,4.37947514502029e-06,49.7479941600902,5.26883971652483e-06,49.5000079322722,1.6376530451489e-11,49.6172273396053,4.37945876810091e-06,49.5787909284681,2.63441986071327e-06,49.5787909284723,2.63441985811131e-06,0.465601388698836,0.43123028391937,49.8253767060724,9.64831486103594e-06,0.431230972285803,0.2448217925282,49.6556912196983,4.37947514409825e-06,0.465599634615394,0.465599634449592,49.6220877728021,5.26883971678308e-06
525,49.9126884558623,9.64830348780074e-06,49.751141839156,4.37946252019612e-06,49.7505014639752,5.26884070692245e-06,49.5614254563264,1.63766138209206e-11,49.6200354774366,4.37944628085166e-06,49.5806796240541,2.63442024665385e-06,49.580679624054,2.63442024449811e-06,49.7492751938752,4.37946280056571e-06,49.747994443655,5.26884068800153e-06,49.500007932274,1.63766129345098e-11,49.617227970793,4.37944642403883e-06,49.5787910277324,2.63442034571831e-06,49.5787910277323,2.63442034333895e-06,0.465601655043373,0.431229979321272,49.8253769117211,9.64830348814667e-06,0.431231179843921,0.244820720001937,49.6556917470174,4.37946279968946e-06,0.46560001207956,0.465600011910348,49.6220878845769,5.26884068836716e-06
526,49.9126885368593,9.64829454791622e-06,49.7511420735822,4.37945402079284e-06,49.7505016913707,5.26884066284611e-06,49.5614256966679,1.63766776911234e-11,49.6200359619921,4.37943742095973e-06,49.5806797106564,2.6344203998717e-06,49.5806797106602,2.63442039764727e-06,49.7492754339267,4.37945399106013e-06,49.7479946695537,5.26884055533995e-06,49.5000079322754,1.63766773001701e-11,49.6172284600429,4.37943761529433e-06,49.5787911122298,2.63442027814155e-06,49.578791112237,2.63442027641078e-06,0.465601831732755,0.431229797841296,49.8253770737279,9.6482945466696e-06,0.431231273797572,0.244824966770798,49.6556921608246,4.37945399130786e-06,0.46560039082943,0.465600390654826,49.6220879725999,5.2688405552517e-06
527,49.912688599447,9.64828753941714e-06,49.7511422541531,4.37944753276539e-06,49.7505018699898,5.26883950981998e-06,49.5614258785727,1.63767260086934e-11,49.6200363288795,4.37943113442693e-06,49.5806797900421,2.63441983067334e-06,49.5806797900464,2.63441982965911e-06,49.7492756171027,4.37944765316058e-06,49.7479948486126,5.26883988843904e-06,49.5000079322764,1.63767253601878e-11,49.6172288306691,4.379431277334e-06,49.5787911895858,2.63441994462491e-06,49.5787911895941,2.63441994384431e-06,0.465601852360133,0.431229586777155,49.8253771988824,9.64828754076734e-06,0.431231267424837,0.244824963152775,49.6556924763948,4.3794476530411e-06,0.465600680407131,0.46560068032752,49.6220880486504,5.26883988770714e-06
528,49.9126886492287,9.64828211540844e-06,49.7511423965347,4.37944335733087e-06,49.7505020100127,5.26883898676369e-06,49.5614260164125,1.63767626421922e-11,49.6200366064927,4.37942695270592e-06,49.5806798634076,2.63441932535756e-06,49.5806798634069,2.6344193253165e-06,49.7492757619208,4.37944316276346e-06,49.7479949888188,5.26883895132704e-06,49.500007932277,1.63767620321817e-11,49.617229111126,4.37942678546711e-06,49.5787912615819,2.63441947662131e-06,49.5787912615809,2.63441947607311e-06,0.465601972663461,0.431229547722556,49.8253772984636,9.64828211471376e-06,0.431231319635488,0.244823802422608,49.6556927179405,4.37944316255835e-06,0.465600930556284,0.46560093055306,49.6220881163377,5.268838952039e-06
529,49.9126886882018,9.64827779950157e-06,49.7511425097376,4.37943997571747e-06,49.7505021192736,5.26883781574353e-06,49.5614261219176,1.63767906810846e-11,49.6200368193821,4.37942364694192e-06,49.5806799272362,2.6344188594368e-06,49.5806799272342,2.63441885875661e-06,49.7492758777871,4.3794401448477e-06,49.7479950970313,5.26883765424335e-06,49.5000079322775,1.63767904220149e-11,49.6172293258673,4.37942376818254e-06,49.5787913245921,2.63441882765701e-06,49.5787913245883,2.63441882677324e-06,0.465602021311607,0.431229494485707,49.825377376406,9.648277799075e-06,0.431231285392323,0.244823782981668,49.655692905962,4.37944014436198e-06,0.465601150304148,0.465601150250757,49.6220881715157,5.26883765467846e-06
530,49.9126887185268,9.64827438542553e-06,49.7511425972904,4.37943782469796e-06,49.7505022061987,5.26883599965224e-06,49.5614262014131,1.63768117884047e-11,49.6200369799652,4.37942143780152e-06,49.5806799843699,2.63441820563162e-06,49.5806799843722,2.63441820449509e-06,49.7492759664309,4.37943818444854e-06,49.7479951842863,5.26883620334349e-06,49.5000079322777,1.6376811823788e-11,49.6172294880179,4.37942180909555e-06,49.5787913809541,2.63441810130227e-06,49.5787913809584,2.63441810065485e-06,0.465601985374249,0.431229432615482,49.825377437042,9.64827438663633e-06,0.431231203574596,0.244819543123177,49.6556930499151,4.37943818432905e-06,0.465601348272381,0.46560134818317,49.6220882186085,5.26883620237913e-06
531,49.9126887427102,9.64827179507805e-06,49.7511426642488,4.37943720677446e-06,49.750502275732,5.2688349192193e-06,49.5614262591022,1.63768271087667e-11,49.6200370959159,4.37942055569978e-06,49.5806800400047,2.6344174810594e-06,49.5806800400079,2.63441748085174e-06,49.7492760330986,4.37943682475858e-06,49.7479952558684,5.26883496847464e-06,49.5000079322778,1.63768267551311e-11,49.6172296054727,4.37942044819296e-06,49.578791435859,2.63441748411018e-06,49.5787914358653,2.63441748411658e-06,0.465602020622835,0.431229478706085,49.8253774854301,9.6482717939607e-06,0.431231218297132,0.244819551481488,49.6556931548683,4.37943682549212e-06,0.465601505134474,0.465601505118174,49.6220882655765,5.26883496838218e-06
532,49.9126887611673,9.64826972991704e-06,49.7511427170924,4.37943584897982e-06,49.7505023287983,5.26883378720466e-06,49.5614263009507,1.63768382256235e-11,49.6200371801621,4.37941961527254e-06,49.5806800915391,2.63441674264645e-06,49.5806800915377,2.63441674316488e-06,49.749276086087,4.37943585236973e-06,49.7479953094539,5.26883387817422e-06,49.5000079322778,1.63768380631035e-11,49.6172296903774,4.37941947489437e-06,49.5787914869502,2.634416939824e-06,49.5787914869478,2.63441693984726e-06,0.465601997413466,0.431229438640864,49.8253775223303,9.64826973046911e-06,0.431231193791863,0.244819537569302,49.6556932311055,4.37943585184166e-06,0.465601579818667,0.465601579777973,49.6220883091051,5.26883387864109e-06
533,49.9126887770754,9.64826810422108e-06,49.7511427621057,4.37943534336069e-06,49.7505023721187,5.26883293920737e-06,49.5614263341262,1.6376847048484e-11,49.6200372468824,4.37941893842462e-06,49.580680135713,2.63441645548564e-06,49.5806801357109,2.63441645515389e-06,49.7492761321838,4.37943531565231e-06,49.747995352284,5.26883278780868e-06,49.5000079322777,1.6376847300647e-11,49.6172297574265,4.37941893875973e-06,49.578791531131,2.63441639402557e-06,49.5787915311268,2.63441639360944e-06,0.465602025251377,0.431229474121545,49.8253775541548,9.64826810374598e-06,0.431231185544818,0.244819532887271,49.6556932933483,4.37943531573273e-06,0.465601681065149,0.465601681039108,49.622088345463,5.26883278797686e-06
534,49.9126887891288,9.64826679441945e-06,49.7511427959313,4.37943493512239e-06,49.7505024072635,5.26883157640956e-06,49.5614263581787,1.63768534266722e-11,49.6200372955584,4.37941838635618e-06,49.5806801753627,2.63441599605273e-06,49.5806801753653,2.63441599531555e-06,49.749276165798,4.37943498573601e-06,49.7479953883491,5.2688318091145e-06,49.5000079322775,1.63768529148021e-11,49.6172298065297,4.37941861003123e-06,49.5787915706025,2.63441590394767e-06,49.578791570607,2.63441590376362e-06,0.465601985302661,0.431229465448963,49.8253775782569,9.64826679440375e-06,0.431231142219916,0.244819508290761,49.6556933388488,4.37943498612367e-06,0.4656017609694,0.465601760911535,49.6220883779764,5.26883180829554e-06
535,49.9126887985259,9.64826577958856e-06,49.7511428216564,4.37943501605309e-06,49.7505024346697,5.26883104444997e-06,49.5614263749483,1.63768578808918e-11,49.6200373289671,4.37941854159981e-06,49.5806802123429,2.63441544081538e-06,49.5806802123457,2.63441544103271e-06,49.7492761910853,4.37943473107338e-06,49.7479954169849,5.26883104773596e-06,49.5000079322774,1.63768580114683e-11,49.6172298403848,4.37941835391056e-06,49.5787916073703,2.63441552397545e-06,49.5787916073758,2.63441552437179e-06,0.465601980948308,0.431229483071581,49.8253775970548,9.64826577930671e-06,0.431231163091031,0.244819520139757,49.6556933704121,4.37943473134874e-06,0.46560179508578,0.46560179506872,49.6220884092175,5.26883104790977e-06
536,49.9126888059329,9.64826493267789e-06,49.7511428434015,4.37943463587313e-06,49.7505024555554,5.26883046207087e-06,49.5614263880313,1.63768613641714e-11,49.6200373551478,4.37941839279624e-06,49.5806802435802,2.63441505042109e-06,49.5806802435781,2.63441505120818e-06,49.7492762132598,4.37943459758692e-06,49.7479954376286,5.26883033464625e-06,49.5000079322771,1.63768615553396e-11,49.6172298665488,4.37941821986973e-06,49.5787916386696,2.63441516788225e-06,49.5787916386659,2.6344151681098e-06,0.465601987782773,0.431229494080945,49.8253776118665,9.64826493258897e-06,0.431231164830405,0.244819521127238,49.6556933955521,4.37943459718917e-06,0.465601817214039,0.465601817152257,49.6220884350104,5.26883033538797e-06
537,49.9126888123332,9.64826420755991e-06,49.7511428625819,4.37943457926835e-06,49.7505024729981,5.26882981781424e-06,49.5614263998457,1.63768645107051e-11,49.6200373789589,4.37941823484581e-06,49.5806802676895,2.63441484118567e-06,49.5806802676851,2.63441484101114e-06,49.7492762333375,4.37943466353752e-06,49.7479954543633,5.26882954330511e-06,49.5000079322769,1.63768645817167e-11,49.6172298903055,4.37941828647334e-06,49.5787916629875,2.63441477213112e-06,49.578791662979,2.63441477138954e-06,0.46560200020351,0.431229526217114,49.8253776246701,9.64826420707413e-06,0.431231148195693,0.244819511683342,49.655693419662,4.37943466318302e-06,0.465601866955251,0.465601866941552,49.6220884532418,5.26882954385474e-06
538,49.9126888172419,9.6482636066717e-06,49.7511428768515,4.37943448125464e-06,49.75050248809,5.26882868347816e-06,49.5614264085513,1.6376866810985e-11,49.6200373968363,4.37941807129613e-06,49.5806802882695,2.63441457269358e-06,49.5806802882692,2.63441457133642e-06,49.7492762473181,4.37943482084232e-06,49.7479954698852,5.26882878735429e-06,49.5000079322767,1.63768668317716e-11,49.6172299082818,4.3794184454634e-06,49.5787916835516,2.63441439336471e-06,49.5787916835508,2.63441439207242e-06,0.46560195333081,0.431229515822072,49.8253776344776,9.64826360734332e-06,0.431231074644515,0.244819469926703,49.6556934381775,4.37943482091669e-06,0.46560192922031,0.465601929113781,49.6220884683038,5.26882878644665e-06
539,49.9126888207992,9.64826319704191e-06,49.7511428855426,4.37943516370355e-06,49.7505024998624,5.26882827244364e-06,49.561426412153,1.63768677592575e-11,49.6200374039266,4.37941847398758e-06,49.5806803104405,2.63441425963479e-06,49.5806803104455,2.634414258362e-06,49.7492762549534,4.3794348716368e-06,49.7479954834336,5.2688283240275e-06,49.5000079322764,1.63768677878491e-11,49.6172299158515,4.37941849524978e-06,49.5787917055225,2.63441416186947e-06,49.578791705532,2.63441416128849e-06,0.465601954875707,0.431229560144502,49.8253776416057,9.64826319612894e-06,0.431231100831994,0.244819484793917,49.6556934457222,4.37943487247685e-06,0.465601955490717,0.465601955390811,49.6220884870732,5.26882832355022e-06
540,49.9126888238451,9.64826289527087e-06,49.7511428932516,4.37943484220107e-06,49.7505025090217,5.26882802138713e-06,49.5614264133775,1.63768680845499e-11,49.62003740582,4.3794186971979e-06,49.5806803331925,2.63441380985857e-06,49.5806803331962,2.63441381022354e-06,49.7492762618429,4.37943474422812e-06,49.7479954932569,5.2688281521957e-06,49.5000079322761,1.63768682264255e-11,49.6172299174945,4.37941836631405e-06,49.5787917281514,2.6344140767355e-06,49.5787917281586,2.63441407725307e-06,0.465601914445671,0.43122951599491,49.8253776476828,9.64826289628672e-06,0.431231124853974,0.244819498431729,49.6556934472024,4.37943474392887e-06,0.465601909355489,0.465601909326841,49.6220885081566,5.26882815247063e-06
541,49.9126888265749,9.64826259925425e-06,49.7511429019,4.37943474271792e-06,49.7505025156926,5.26882806946874e-06,49.5614264162343,1.63768688602039e-11,49.6200374113846,4.37941846281823e-06,49.5806803499749,2.63441380647344e-06,49.5806803499721,2.63441380744193e-06,49.7492762715333,4.37943463081879e-06,49.7479954991539,5.26882796631749e-06,49.5000079322758,1.63768689239801e-11,49.6172299228132,4.37941825233635e-06,49.5787917453191,2.63441398396948e-06,49.5787917453142,2.63441398450013e-06,0.465601977977496,0.431229572129279,49.8253776531597,9.64826259797519e-06,0.431231184514197,0.244819532302165,49.6556934521154,4.37943463024385e-06,0.46560189635698,0.46560189628096,49.6220885233169,5.26882796757127e-06
542,49.9126888293693,9.64826228050542e-06,49.7511429110961,4.37943425627517e-06,49.7505025225674,5.26882774162394e-06,49.5614264215093,1.63768702652246e-11,49.6200374222712,4.37941805000819e-06,49.5806803593882,2.63441390746348e-06,49.5806803593829,2.63441390762887e-06,49.7492762815757,4.37943470321535e-06,49.7479955047727,5.26882758015311e-06,49.5000079322755,1.63768703981679e-11,49.6172299332951,4.37941832770255e-06,49.5787917550301,2.6344137898444e-06,49.5787917550199,2.63441378928781e-06,0.465601936019388,0.431229522261927,49.8253776587252,9.64826228218408e-06,0.431231118933566,0.244819495070582,49.6556934632012,4.37943470245045e-06,0.46560192287257,0.465601922859587,49.6220885299371,5.26882757987551e-06
543,49.9126888310328,9.64826203679683e-06,49.7511429157896,4.37943483960109e-06,49.7505025286249,5.26882701723089e-06,49.5614264246381,1.63768710835558e-11,49.6200374290083,4.37941802436228e-06,49.5806803673146,2.63441392456067e-06,49.5806803673148,2.63441392300289e-06,49.7492762860446,4.37943485577506e-06,49.7479955116904,5.26882717850949e-06,49.5000079322752,1.63768713548547e-11,49.6172299405582,4.37941848021459e-06,49.5787917629145,2.6344135884047e-06,49.5787917629147,2.63441358728602e-06,0.465601967650475,0.431229602673609,49.8253776620785,9.64826203488065e-06,0.431231105739865,0.244819487580225,49.6556934705578,4.37943485694177e-06,0.465601987599855,0.465601987477578,49.6220885351738,5.26882717770513e-06
544,49.9126888324321,9.64826191562807e-06,49.7511429177806,4.3794350096386e-06,49.7505025338494,5.26882713582286e-06,49.5614264241306,1.63768709430068e-11,49.6200374274669,4.37941864487346e-06,49.5806803796952,2.63441353363507e-06,49.5806803797011,2.63441353288494e-06,49.7492762864923,4.37943484444947e-06,49.7479955184829,5.26882707451317e-06,49.5000079322749,1.63768707587292e-11,49.617229939112,4.37941846864189e-06,49.5787917749215,2.63441353704211e-06,49.5787917749326,2.6344135367936e-06,0.465601883641612,0.431229523725091,49.8253776648494,9.64826191782413e-06,0.43123110780587,0.244819488753141,49.6556934694315,4.37943484472362e-06,0.465601962861508,0.465601962802627,49.6220885466598,5.26882707341974e-06
545,49.9126888332475,9.64826183918434e-06,49.751142919794,4.3794349774697e-06,49.7505025366253,5.26882679934683e-06,49.5614264225605,1.63768705250273e-11,49.6200374239062,4.37941860767641e-06,49.5806803928094,2.63441327111142e-06,49.5806803928131,2.63441327154056e-06,49.7492762882829,4.37943464520868e-06,49.7479955217393,5.26882718898772e-06,49.5000079322746,1.63768704215806e-11,49.6172299355038,4.37941826515905e-06,49.5787917880496,2.63441359551647e-06,49.578791788057,2.63441359647979e-06,0.465601956974604,0.431229605596783,49.8253776665146,9.6482618365435e-06,0.431231190420529,0.24481953565532,49.6556934648004,4.37943464562522e-06,0.465601915236516,0.465601915202831,49.6220885601976,5.26882719039713e-06
546,49.9126888350235,9.64826170689667e-06,49.7511429254379,4.3794346697481e-06,49.7505025396768,5.26882724581894e-06,49.5614264248866,1.6376871160119e-11,49.6200374286086,4.37941820451969e-06,49.5806803994145,2.63441367394234e-06,49.5806803994147,2.63441367057049e-06,49.7492762950525,4.37943451614319e-06,49.7479955234457,5.26882719079184e-06,49.5000079322743,1.63768713787208e-11,49.6172299397662,4.37941813945981e-06,49.5787917951485,2.6344135928423e-06,49.5787917951451,2.63441359342792e-06,0.465601938199545,0.431229558904416,49.8253776700477,9.64826170695414e-06,0.431231179344886,0.244819529367432,49.6556934685378,4.37943451624506e-06,0.465601913220176,0.465601912955504,49.6220885668631,5.268827187856e-06
547,49.9126888360389,9.64826156859334e-06,49.7511429287871,4.37943430047685e-06,49.7505025428298,5.2688269975777e-06,49.56142642711,1.63768717504726e-11,49.6200374332214,4.37941797839102e-06,49.5806804038748,2.63441335341384e-06,49.580680403834,2.63441338699412e-06,49.7492762984146,4.37943449445004e-06,49.7479955265262,5.2688270742624e-06,49.500007932274,1.63768718183574e-11,49.6172299442672,4.37941811729374e-06,49.5787917994513,2.63441354867087e-06,49.5787917994032,2.63441354760962e-06,0.465601941640113,0.43122955544815,49.8253776720782,9.64826156877098e-06,0.431231186656248,0.244819533518255,49.6556934728108,4.37943449432441e-06,0.465601910692136,0.465601908056274,49.6220885703668,5.26882708758239e-06
548,49.9126888368805,9.64826146015877e-06,49.7511429312985,4.37943451057209e-06,49.7505025450859,5.26882722465138e-06,49.5614264290391,1.63768722624205e-11,49.6200374369981,4.37941812483275e-06,49.5806804067779,2.63441358781859e-06,49.5806804066489,2.63441362087405e-06,49.7492763011133,4.37943450202637e-06,49.7479955288668,5.26882695834079e-06,49.5000079322737,1.63768725169735e-11,49.6172299481725,4.3794181253637e-06,49.5787918026062,2.63441349825877e-06,49.5787918023937,2.63441347663138e-06,0.465601941767031,0.431229556464633,49.8253776737599,9.64826146022733e-06,0.431231179383487,0.244819529389346,49.655693476717,4.37943450195507e-06,0.465601921279789,0.465601918685123,49.6220885724812,5.2688269620221e-06
549,49.9126888375516,9.64826138916948e-06,49.7511429330451,4.37943456329497e-06,49.7505025472345,5.26882691018738e-06,49.5614264302047,1.63768725704051e-11,49.6200374394151,4.37941805025243e-06,49.580680409631,2.63441383022624e-06,49.5806804095873,2.63441380223218e-06,49.7492763027493,4.37943450410082e-06,49.7479955310864,5.26882688459588e-06,49.5000079322734,1.63768726980846e-11,49.6172299506001,4.37941812816937e-06,49.5787918055828,2.63441345602048e-06,49.5787918054933,2.63441342505077e-06,0.465601936081963,0.43122956405193,49.8253776751063,9.64826138892567e-06,0.431231174107496,0.244819526394049,49.655693479059,4.3794345047927e-06,0.465601933927728,0.465601931730354,49.6220885750236,5.26882688565911e-06
550,49.9126888379867,9.64826133349905e-06,49.751142934167,4.37943457372711e-06,49.7505025488032,5.2688266965978e-06,49.56142643072,1.63768727058332e-11,49.6200374404241,4.37941808699865e-06,49.580680413141,2.63441358401035e-06,49.580680413214,2.63441355158383e-06,49.7492763036917,4.37943448853579e-06,49.7479955328185,5.26882684494453e-06,49.5000079322731,1.6376872620518e-11,49.6172299516642,4.37941811172253e-06,49.5787918088712,2.63441343190333e-06,49.5787918089915,2.63441341364556e-06,0.465601928653798,0.431229564665574,49.8253776759723,9.64826133373026e-06,0.431231175349511,0.244819527099168,49.6556934799627,4.37943448888836e-06,0.46560193331181,0.465601930766511,49.6220885776502,5.26882678098809e-06
551,49.9126888384708,9.64826128980575e-06,49.7511429353622,4.37943471531193e-06,49.7505025500682,5.26882685046844e-06,49.5614264311811,1.63768728297052e-11,49.6200374411306,4.37941835315115e-06,49.5806804162696,2.63441314255458e-06,49.5806804163883,2.63441310853264e-06,49.7492763049156,4.37943447068435e-06,49.7479955342284,5.2688268182985e-06,49.5000079322728,1.63768728019304e-11,49.6172299525036,4.37941809298493e-06,49.5787918117072,2.63441340593276e-06,49.5787918119189,2.6344134091754e-06,0.465601931611152,0.431229568122236,49.8253776769456,9.64826128941422e-06,0.431231182861327,0.244819531363793,49.655693480753,4.37943447083671e-06,0.465601932137577,0.465601929467046,49.6220885804331,5.26882677451977e-06
552,49.9126888388627,9.64826123714245e-06,49.7511429367155,4.3794345001169e-06,49.7505025511527,5.26882681432249e-06,49.5614264317284,1.63768729762709e-11,49.6200374422596,4.37941827901521e-06,49.5806804182653,2.63441320516983e-06,49.5806804183221,2.63441321151068e-06,49.7492763062994,4.37943446492007e-06,49.7479955351871,5.26882677243588e-06,49.5000079322725,1.63768729834937e-11,49.6172299535487,4.37941808741399e-06,49.578791813821,2.63441337921467e-06,49.5787918139229,2.63441339456265e-06,0.465601933215104,0.431229561945823,49.8253776777235,9.64826123746843e-06,0.431231181836849,0.244819530782174,49.6556934818026,4.37943446452664e-06,0.465601922994335,0.465601922496614,49.6220885824705,5.26882678008769e-06
553,49.9126888391272,9.64826120115913e-06,49.7511429377269,4.37943429623508e-06,49.7505025518751,5.26882669353797e-06,49.5614264323044,1.63768731299707e-11,49.6200374435737,4.37941803931371e-06,49.5806804193766,2.63441338823681e-06,49.5806804193406,2.6344134098336e-06,49.7492763073706,4.37943447514215e-06,49.7479955357425,5.26882672615102e-06,49.5000079322722,1.63768734240368e-11,49.6172299547306,4.37941809797244e-06,49.5787918151805,2.63441335289285e-06,49.5787918151252,2.63441336394702e-06,0.465601938277913,0.431229562557173,49.8253776782539,9.64826120105863e-06,0.431231180596559,0.244819530078035,49.6556934830315,4.37943447472844e-06,0.465601923862235,0.465601922167008,49.6220885829239,5.26882668186863e-06
554,49.9126888394094,9.648261173504e-06,49.7511429384525,4.37943448113184e-06,49.7505025525558,5.26882680346088e-06,49.5614264328162,1.637687326615e-11,49.6200374446363,4.37941801218077e-06,49.5806804205041,2.63441350964265e-06,49.5806804204289,2.63441352193603e-06,49.7492763081879,4.37943449442689e-06,49.7479955364705,5.2688266788845e-06,49.5000079322718,1.63768730882431e-11,49.6172299557727,4.37941811796743e-06,49.578791816415,2.63441333603946e-06,49.5787918162788,2.63441333323783e-06,0.465601937442629,0.431229565652772,49.8253776788208,9.64826117334542e-06,0.431231177628015,0.244819528392726,49.6556934842033,4.37943449463819e-06,0.465601934745337,0.465601933780376,49.6220885835782,5.26882660484534e-06
555,49.9126888396622,9.64826114171136e-06,49.7511429390831,4.37943456341134e-06,49.7505025534344,5.26882671197898e-06,49.5614264330411,1.63768733248385e-11,49.6200374450912,4.37941804699081e-06,49.5806804219044,2.63441338421144e-06,49.5806804218571,2.63441339308424e-06,49.7492763087441,4.37943450934751e-06,49.7479955374656,5.26882663232783e-06,49.5000079322715,1.63768730114289e-11,49.6172299562622,4.37941813306066e-06,49.5787918176595,2.63441332411939e-06,49.5787918175771,2.63441331302407e-06,0.465601931879283,0.431229566845694,49.8253776793237,9.64826114185325e-06,0.431231173837549,0.244819526240794,49.6556934847612,4.37943450969669e-06,0.465601936586326,0.465601935889861,49.6220885850787,5.26882662488788e-06
556,49.9126888397652,9.64826112176201e-06,49.7511429393886,4.37943446017198e-06,49.7505025540299,5.26882644558693e-06,49.5614264329686,1.6376873304592e-11,49.6200374449014,4.37941811331064e-06,49.5806804231376,2.63441321955919e-06,49.5806804231562,2.63441320628487e-06,49.7492763088932,4.37943450744012e-06,49.7479955380989,5.26882661468738e-06,49.5000079322712,1.63768737112539e-11,49.6172299561283,4.3794181304916e-06,49.5787918187706,2.63441331261759e-06,49.5787918188052,2.63441330441558e-06,0.465601928770532,0.431229568754727,49.8253776795287,9.64826112183982e-06,0.431231175462792,0.24481952716348,49.6556934845961,4.37943450747116e-06,0.465601931592186,0.465601930550227,49.6220885862455,5.26882663009474e-06
557,49.9126888398811,9.64826111463408e-06,49.7511429395921,4.37943458284837e-06,49.750502554279,5.26882657403482e-06,49.5614264329271,1.63768732942753e-11,49.6200374446867,4.37941826588749e-06,49.5806804241583,2.63441329168108e-06,49.5806804242189,2.63441326561715e-06,49.7492763091236,4.3794344965502e-06,49.7479955384229,5.2688266177289e-06,49.5000079322709,1.6376873375911e-11,49.6172299559796,4.37941811920116e-06,49.5787918198614,2.63441330550183e-06,49.5787918199583,2.63441330621955e-06,0.465601930460051,0.431229571067766,49.8253776797645,9.64826111439197e-06,0.431231180784734,0.244819530184865,49.6556934844343,4.37943449659906e-06,0.46560193304493,0.46560193099906,49.6220885872238,5.26882661606305e-06
558,49.9126888400242,9.64826109967713e-06,49.7511429400271,4.37943459630229e-06,49.7505025545456,5.26882672074941e-06,49.5614264330478,1.63768733273361e-11,49.6200374449281,4.37941823972171e-06,49.5806804250923,2.63441333095828e-06,49.5806804251337,2.63441332920282e-06,49.7492763096277,4.37943449101648e-06,49.7479955386828,5.26882660842499e-06,49.5000079322706,1.63768732995479e-11,49.6172299561754,4.37941811385446e-06,49.5787918208281,2.63441330129135e-06,49.5787918208994,2.63441330972072e-06,0.465601931840071,0.431229567877778,49.8253776800485,9.6482610997773e-06,0.431231181496472,0.244819530588935,49.6556934846362,4.3794344909038e-06,0.465601931205367,0.465601931067574,49.622088588104,5.268826605904e-06
559,49.9126888401337,9.64826108364795e-06,49.7511429405103,4.37943442593674e-06,49.7505025548619,5.26882661101505e-06,49.5614264332621,1.63768733847659e-11,49.6200374454623,4.3794180806064e-06,49.5806804256051,2.63441321164051e-06,49.5806804255947,2.63441322781896e-06,49.7492763101247,4.37943449536452e-06,49.7479955388832,5.26882658839757e-06,49.5000079322703,1.63768734821654e-11,49.6172299566176,4.37941811841175e-06,49.578791821301,2.63441329086479e-06,49.578791821291,2.63441329908766e-06,0.465601934005638,0.431229566680613,49.8253776802666,9.64826108369107e-06,0.431231180486095,0.244819530015321,49.6556934850975,4.37943449512477e-06,0.465601929275446,0.465601928005529,49.6220885883795,5.2688265895822e-06
560,49.9126888402309,9.64826107228621e-06,49.7511429408178,4.37943441857798e-06,49.7505025551435,5.26882655816711e-06,49.5614264334608,1.63768734376154e-11,49.6200374459023,4.37941803237663e-06,49.5806804257862,2.63441330610435e-06,49.5806804257448,2.63441331692271e-06,49.7492763104476,4.3794345040098e-06,49.747995539132,5.26882656837886e-06,49.50000793227,1.63768734061031e-11,49.6172299570325,4.3794181273639e-06,49.5787918215756,2.63441328129104e-06,49.5787918215035,2.63441328231461e-06,0.465601933986973,0.43122956819126,49.8253776804621,9.64826107222325e-06,0.431231179015869,0.244819529180642,49.6556934855611,4.37943450402327e-06,0.465601931797615,0.465601930948435,49.6220885885236,5.26882657678925e-06
561,49.9126888403024,9.64826106293516e-06,49.7511429409529,4.3794345065209e-06,49.7505025554012,5.26882656257603e-06,49.56142643352,1.63768734528046e-11,49.6200374460061,4.37941807255717e-06,49.5806804262211,2.634413422134e-06,49.5806804261881,2.63441342705063e-06,49.7492763105636,4.3794345085922e-06,49.7479955394623,5.26882655437435e-06,49.5000079322697,1.63768733301911e-11,49.6172299571681,4.37941813204341e-06,49.5787918220749,2.63441328173356e-06,49.5787918220147,2.63441327658559e-06,0.46560193142132,0.431229569212416,49.8253776806047,9.64826106297096e-06,0.43123117762539,0.244819528391235,49.6556934857128,4.37943450876992e-06,0.465601933784319,0.465601933398392,49.6220885889455,5.26882656213638e-06
562,49.9126888403172,9.64826105913135e-06,49.7511429409484,4.37943452589822e-06,49.7505025555442,5.26882651518786e-06,49.5614264334435,1.63768734320451e-11,49.6200374458104,4.3794181324538e-06,49.5806804268044,2.63441325479095e-06,49.5806804268057,2.63441324841081e-06,49.7492763105041,4.37943450406511e-06,49.7479955396618,5.26882655513518e-06,49.5000079322694,1.63768737720909e-11,49.6172299570163,4.3794181272102e-06,49.5787918225254,2.63441328093894e-06,49.5787918225274,2.63441327552359e-06,0.465601929762912,0.431229570051827,49.8253776806339,9.64826105915654e-06,0.431231178781156,0.24481952904739,49.6556934855238,4.37943450414968e-06,0.465601933175295,0.46560193267449,49.6220885893216,5.26882654868496e-06
563,49.9126888403828,9.64826105682044e-06,49.7511429410548,4.37943458350761e-06,49.7505025556791,5.26882657716159e-06,49.5614264334197,1.63768734263032e-11,49.620037445694,4.3794182094698e-06,49.5806804272801,2.63441322123134e-06,49.5806804273084,2.63441320913869e-06,49.7492763106205,4.37943449668606e-06,49.7479955398356,5.26882655984395e-06,49.5000079322691,1.63768736964797e-11,49.6172299569331,4.37941811959584e-06,49.5787918229681,2.6344132800456e-06,49.5787918230146,2.6344132788357e-06,0.465601930544406,0.431229571068944,49.8253776807671,9.64826105668726e-06,0.431231181808164,0.244819530765889,49.655693485423,4.37943449675367e-06,0.465601933365104,0.4656019324159,49.6220885898957,5.26882656359976e-06
564,49.9126888404219,9.64826104907808e-06,49.7511429412547,4.37943449018531e-06,49.7505025557933,5.26882655619429e-06,49.5614264334595,1.63768734372488e-11,49.6200374458017,4.37941815579116e-06,49.5806804275581,2.63441326127575e-06,49.5806804275817,2.63441326021349e-06,49.7492763108208,4.37943449152722e-06,49.7479955398987,5.26882655766369e-06,49.5000079322687,1.63768736210188e-11,49.6172299569963,4.37941811449848e-06,49.5787918232834,2.63441327790608e-06,49.5787918233255,2.63441328119513e-06,0.465601930965762,0.431229568306908,49.8253776808427,9.64826104923122e-06,0.431231181591126,0.244819530642672,49.6556934854635,4.37943449137947e-06,0.465601930030284,0.465601929946903,49.622088590221,5.26882656734961e-06
565,49.912688840463,9.64826104507797e-06,49.751142941429,4.37943444710003e-06,49.7505025558631,5.26882655025588e-06,49.5614264335734,1.63768734679758e-11,49.6200374460649,4.37941809664315e-06,49.5806804276362,2.63441327213846e-06,49.5806804276368,2.63441327531577e-06,49.7492763110281,4.37943449212738e-06,49.7479955399199,5.26882655291372e-06,49.5000079322684,1.63768735457082e-11,49.6172299572284,4.37941811515597e-06,49.5787918233985,2.63441327357669e-06,49.5787918234019,2.63441327739315e-06,0.465601933219878,0.431229568910463,49.8253776809265,9.64826104498479e-06,0.431231182162982,0.244819530967327,49.6556934856972,4.37943449200702e-06,0.465601930087639,0.465601929838238,49.6220885901681,5.26882655083955e-06
566,49.9126888404903,9.6482610410208e-06,49.751142941518,4.37943446780811e-06,49.7505025559236,5.26882656851485e-06,49.5614264336774,1.63768734956214e-11,49.6200374462947,4.37941807514902e-06,49.5806804276761,2.6344133031591e-06,49.5806804276565,2.63441330941275e-06,49.7492763111377,4.3794344951619e-06,49.7479955399739,5.26882654595558e-06,49.5000079322681,1.63768734705478e-11,49.6172299574437,4.37941811846459e-06,49.5787918234698,2.63441327032337e-06,49.5787918234349,2.63441327074873e-06,0.46560193259396,0.431229568531239,49.8253776809803,9.64826104106578e-06,0.431231180622843,0.244819530092956,49.6556934859287,4.3794344951848e-06,0.465601932572053,0.465601932081177,49.6220885900935,5.26882653269604e-06
567,49.9126888405485,9.64826103656279e-06,49.7511429416233,4.37943452611869e-06,49.750502556096,5.26882657464325e-06,49.5614264337325,1.63768735101776e-11,49.6200374463967,4.37941809608007e-06,49.5806804278768,2.6344133190958e-06,49.5806804278563,2.63441332375102e-06,49.7492763112378,4.37943449834305e-06,49.7479955401915,5.2688265380652e-06,49.5000079322678,1.63768733955377e-11,49.6172299575669,4.37941812164795e-06,49.578791823665,2.63441327151808e-06,49.5787918236306,2.63441326852377e-06,0.465601931767524,0.43122956995008,49.8253776810977,9.64826103650193e-06,0.431231180375561,0.244819529952569,49.6556934860631,4.37943449847899e-06,0.465601933581301,0.465601933215892,49.6220885903805,5.26882654168912e-06
568,49.9126888405355,9.64826103291078e-06,49.7511429416185,4.37943446523841e-06,49.7505025561817,5.26882647397876e-06,49.5614264336811,1.63768734960902e-11,49.6200374462933,4.37941810031341e-06,49.5806804280958,2.63441323938107e-06,49.5806804280916,2.6344132389901e-06,49.7492763111725,4.37943449557351e-06,49.7479955402751,5.26882653762047e-06,49.5000079322675,1.63768735795096e-11,49.6172299574696,4.37941811874033e-06,49.5787918238247,2.63441327205668e-06,49.5787918238184,2.63441326840284e-06,0.465601929944364,0.431229569124779,49.8253776810696,9.64826103304858e-06,0.431231179978826,0.244819529727333,49.6556934859369,4.37943449556224e-06,0.46560193106186,0.465601931031172,49.6220885905358,5.26882654078054e-06
569,49.9126888405839,9.64826103347068e-06,49.7511429416681,4.37943454632775e-06,49.750502556248,5.2688265495045e-06,49.5614264336767,1.6376873495456e-11,49.6200374462265,4.37941816907069e-06,49.5806804282983,2.63441326587178e-06,49.5806804283128,2.63441325855818e-06,49.749276311247,4.37943449191627e-06,49.7479955403841,5.26882654122649e-06,49.5000079322672,1.63768732459681e-11,49.6172299574403,4.37941811487818e-06,49.5787918240422,2.63441327451661e-06,49.5787918240662,2.63441327310074e-06,0.465601931395823,0.431229571306042,49.8253776811697,9.64826103326231e-06,0.431231182724907,0.244819531286345,49.6556934859033,4.37943449198701e-06,0.465601932238921,0.465601931664844,49.6220885908582,5.26882655358349e-06
570,49.9126888405388,9.64826103147322e-06,49.7511429416425,4.37943445224501e-06,49.7505025561725,5.26882651427308e-06,49.5614264336522,1.63768734888137e-11,49.6200374462095,4.37941812017974e-06,49.5806804282905,2.63441322701789e-06,49.5806804283082,2.63441322118594e-06,49.7492763112041,4.37943448651381e-06,49.7479955402624,5.26882654531839e-06,49.5000079322669,1.63768731714086e-11,49.6172299573859,4.37941810958107e-06,49.578791824012,2.63441326975637e-06,49.5787918240405,2.63441327110378e-06,0.465601930525946,0.431229567748525,49.8253776810754,9.64826103173527e-06,0.431231181328891,0.244819530493796,49.6556934858116,4.37943448636179e-06,0.465601929756657,0.465601929298881,49.6220885907159,5.26882653993107e-06
571,49.9126888406368,9.64826103162809e-06,49.7511429418191,4.37943456412366e-06,49.7505025562811,5.26882663505552e-06,49.5614264337724,1.63768735217526e-11,49.6200374464215,4.37941814835625e-06,49.5806804283944,2.63441334593871e-06,49.5806804283993,2.63441334965808e-06,49.7492763114554,4.37943448901205e-06,49.747995540401,5.26882654199847e-06,49.5000079322665,1.63768730969994e-11,49.617229957617,4.37941811203326e-06,49.5787918242006,2.63441327252031e-06,49.5787918242112,2.63441327529002e-06,0.46560193369516,0.431229571319701,49.8253776812768,9.64826103126143e-06,0.431231184004644,0.24481953201288,49.6556934860759,4.37943448910937e-06,0.465601933409671,0.465601933117721,49.6220885909562,5.26882654619385e-06
572,49.912688840553,9.64826102585586e-06,49.7511429417816,4.37943436282462e-06,49.7505025562365,5.2688264555641e-06,49.5614264337606,1.63768735177588e-11,49.6200374464913,4.37941803342288e-06,49.5806804282572,2.63441318963936e-06,49.5806804282471,2.63441319312065e-06,49.7492763113434,4.37943448824321e-06,49.7479955402636,5.26882653845539e-06,49.5000079322662,1.6376873281573e-11,49.6172299576154,4.37941811157868e-06,49.578791823964,2.63441326331239e-06,49.5787918239476,2.63441326441634e-06,0.465601930244748,0.431229565775951,49.8253776811015,9.64826102636471e-06,0.431231179207135,0.244819529289227,49.6556934860411,4.37943448804799e-06,0.465601929291944,0.465601929018682,49.6220885905916,5.26882653255234e-06
573,49.9126888406993,9.64826102828223e-06,49.7511429419509,4.37943461177809e-06,49.7505025564346,5.26882663584509e-06,49.5614264338748,1.63768735491697e-11,49.6200374466295,4.37941815144138e-06,49.580680428491,2.6344134134174e-06,49.580680428477,2.63441342191123e-06,49.7492763116005,4.37943449396505e-06,49.7479955405727,5.26882653329322e-06,49.5000079322659,1.63768732074645e-11,49.6172299578373,4.37941811701961e-06,49.5787918243496,2.63441327427549e-06,49.5787918243272,2.63441327366113e-06,0.465601934135635,0.431229573714212,49.8253776814043,9.64826102761799e-06,0.431231184143036,0.244819532091448,49.6556934863196,4.37943449425529e-06,0.465601935540748,0.465601934874031,49.6220885910798,5.26882654357632e-06
574,49.9126888405111,9.64826102306812e-06,49.7511429417076,4.3794343136474e-06,49.7505025562491,5.26882636963321e-06,49.5614264337177,1.63768735057856e-11,49.6200374464186,4.37941802891699e-06,49.5806804283206,2.63441308561324e-06,49.5806804283163,2.63441307928633e-06,49.749276311213,4.3794344868783e-06,49.7479955402768,5.26882653763771e-06,49.5000079322656,1.63768731335061e-11,49.6172299575438,4.37941811023897e-06,49.5787918239566,2.63441326092299e-06,49.5787918239475,2.63441325879624e-06,0.465601927530296,0.431229564058626,49.8253776810143,9.64826102396637e-06,0.431231177314014,0.24481952821446,49.6556934859422,4.37943448658007e-06,0.465601927659961,0.465601927163334,49.6220885905158,5.26882652417498e-06
575,49.9126888408922,9.64826102306454e-06,49.7511429422553,4.37943484839809e-06,49.7505025567955,5.26882682087675e-06,49.5614264339644,1.63768735741785e-11,49.6200374466997,4.3794182935942e-06,49.5806804287197,2.63441353963432e-06,49.5806804287265,2.63441354200696e-06,49.7492763119705,4.37943449686656e-06,49.7479955410599,5.26882652383166e-06,49.5000079322653,1.63768735773644e-11,49.6172299579869,4.37941811966353e-06,49.5787918246243,2.63441327996632e-06,49.5787918246355,2.63441327943644e-06,0.465601936026521,0.431229579021085,49.825377681797,9.64826102169991e-06,0.431231188502515,0.244819534566421,49.655693486527,4.37943449747399e-06,0.465601937923038,0.4656019377368,49.6220885922005,5.26882664861751e-06
576,49.9126888402855,9.64826101698856e-06,49.7511429414801,4.37943386597611e-06,49.7505025560342,5.2688259854636e-06,49.5614264335235,1.63768734525251e-11,49.6200374461762,4.37941783363751e-06,49.5806804280727,2.63441288612486e-06,49.5806804280826,2.63441287026491e-06,49.7492763108091,4.37943447597332e-06,49.747995539879,5.26882654504008e-06,49.500007932265,1.63768732448734e-11,49.6172299571849,4.37941809943756e-06,49.5787918235958,2.63441324937022e-06,49.578791823609,2.63441324882185e-06,0.465601922708529,0.431229553989723,49.8253776805492,9.6482610192661e-06,0.431231171179718,0.244819524731884,49.6556934854601,4.3794344748394e-06,0.465601915909893,0.465601914664976,49.622088589793,5.26882648390529e-06
577,49.9126888407987,9.64826105702143e-06,49.7511429417266,4.3794351560918e-06,49.7505025561644,5.26882714406373e-06,49.5614264339337,1.6376873567495e-11,49.6200374465083,4.37941843913491e-06,49.5806804292509,2.63441383817253e-06,49.5806804292559,2.63441386051383e-06,49.7492763116126,4.37943448812235e-06,49.7479955405129,5.26882656368706e-06,49.5000079322647,1.6376873689033e-11,49.6172299579097,4.37941811040293e-06,49.5787918254482,2.63441330538166e-06,49.5787918254641,2.63441330866856e-06,0.465601945441488,0.431229589836867,49.8253776816268,9.6482610537214e-06,0.431231197800907,0.244819539845325,49.6556934864105,4.37943448937949e-06,0.465601955055262,0.465601953301597,49.6220885907903,5.26882635731908e-06
578,49.9126888404037,9.64826101234689e-06,49.75114294165,4.37943410894536e-06,49.7505025561103,5.26882632424556e-06,49.5614264336937,1.63768734988288e-11,49.6200374464795,4.37941790317737e-06,49.5806804282005,2.63441237117342e-06,49.580680428201,2.63441234572388e-06,49.7492763110896,4.37943447817764e-06,49.7479955400484,5.26882653896164e-06,49.5000079322644,1.63768738745098e-11,49.6172299574721,4.37941810260469e-06,49.5787918232622,2.63441322849779e-06,49.578791823258,2.63441322885273e-06,0.465601917763999,0.431229547552324,49.825377680779,9.64826101601375e-06,0.431231166748515,0.244819522216192,49.6556934858224,4.37943447730868e-06,0.465601923253438,0.465601921255792,49.6220885904085,5.26882659179955e-06
579,49.9126888410499,9.64826102616075e-06,49.751142942589,4.37943486608955e-06,49.7505025570938,5.26882677183485e-06,49.5614264341225,1.63768736177804e-11,49.6200374470273,4.37941825315962e-06,49.5806804288051,2.63441419014628e-06,49.5806804287893,2.63441421653919e-06,49.7492763123483,4.3794345040923e-06,49.7479955413625,5.26882651709742e-06,49.5000079322641,1.63768735424693e-11,49.6172299583499,4.37941812610783e-06,49.5787918252089,2.63441329059563e-06,49.5787918251792,2.63441329000355e-06,0.465601945201525,0.431229590413626,49.8253776821271,9.64826102253664e-06,0.431231195640693,0.244819538618924,49.6556934869044,4.37943450492366e-06,0.465601937780345,0.465601935708651,49.6220885924811,5.26882661300897e-06
580,49.9126888401438,9.64826100609576e-06,49.7511429413896,4.37943357349537e-06,49.7505025559589,5.2688257092914e-06,49.561426433488,1.63768734421285e-11,49.6200374462025,4.37941772721768e-06,49.5806804282776,2.63441257754303e-06,49.5806804282703,2.63441255994782e-06,49.7492763105956,4.37943447393736e-06,49.7479955396453,5.2688265393909e-06,49.5000079322637,1.63768729517445e-11,49.6172299571131,4.37941809802202e-06,49.5787918236306,2.63441324613611e-06,49.5787918236249,2.63441324318418e-06,0.465601914696581,0.431229543544572,49.8253776802514,9.64826101032941e-06,0.431231163366937,0.244819520296395,49.6556934853672,4.37943447240195e-06,0.465601913729535,0.46560191234841,49.6220885893186,5.26882642598684e-06
581,49.9126888421458,9.64826105619239e-06,49.7511429438286,4.37943661039575e-06,49.7505025582691,5.26882838371347e-06,49.5614264349159,1.63768738352982e-11,49.6200374479158,4.37941914449881e-06,49.5806804304345,2.63441454942104e-06,49.5806804304427,2.63441459250502e-06,49.7492763142627,4.37943452896417e-06,49.7479955432642,5.26882651227376e-06,49.5000079322634,1.63768736553409e-11,49.6172299597169,4.37941815012198e-06,49.5787918269545,2.63441334474353e-06,49.5787918269759,2.63441334874757e-06,0.465601963421944,0.431229625096609,49.8253776843705,9.64826104742042e-06,0.431231221749384,0.244819553441408,49.6556934887214,4.37943453265052e-06,0.465601977942611,0.465601974560764,49.62208859612,5.26882683393615e-06
582,49.9126888429793,9.64826116036597e-06,49.7511429450776,4.37943564253305e-06,49.7505025594689,5.26882764529284e-06,49.561426435755,1.63768740526135e-11,49.6200374497359,4.37941885429527e-06,49.5806804313063,2.6344142271391e-06,49.5806804313254,2.63441426189344e-06,49.7492763150887,4.37943452011154e-06,49.7479955439242,5.26882663278868e-06,49.5000079322631,1.63768741002543e-11,49.6172299612261,4.37941814129193e-06,49.5787918276097,2.63441334437626e-06,49.5787918276553,2.6344133583055e-06,0.465601940930898,0.431229588356636,49.8253776860013,9.64826115538744e-06,0.431231203048349,0.244819542824414,49.655693490294,4.37943452179388e-06,0.465601951294597,0.465601948566578,49.6220885949915,5.2688265959514e-06
583,49.9126888425375,9.64826115637818e-06,49.751142944893,4.37943419944735e-06,49.7505025593043,5.26882631494665e-06,49.561426435689,1.63768740315085e-11,49.6200374505099,4.37941774144494e-06,49.5806804319256,2.63441336435971e-06,49.5806804319334,2.63441338540525e-06,49.7492763144191,4.37943451478559e-06,49.7479955432208,5.26882664386712e-06,49.5000079322628,1.63768740276492e-11,49.6172299613843,4.37941813994174e-06,49.5787918275899,2.63441332538465e-06,49.5787918276033,2.63441334335866e-06,0.465601914895628,0.43122954886158,49.8253776850635,9.64826115858705e-06,0.431231173254373,0.244819525909712,49.655693490097,4.37943451487172e-06,0.465601944391659,0.465601942739704,49.6220885953198,5.2688266432051e-06
584,49.9126888424082,9.64826117914055e-06,49.751142944298,4.37943476327391e-06,49.7505025586844,5.26882683722515e-06,49.5614264356297,1.63768740173501e-11,49.6200374502078,4.37941806851191e-06,49.5806804312735,2.63441308645896e-06,49.5806804312567,2.63441310286549e-06,49.7492763141267,4.37943453688189e-06,49.7479955428961,5.26882663707988e-06,49.5000079322625,1.63768739551944e-11,49.6172299614104,4.37941815945435e-06,49.5787918268516,2.63441330286221e-06,49.5787918268176,2.63441331823436e-06,0.465601933289632,0.431229572224719,49.8253776848385,9.64826117609209e-06,0.43123118397337,0.244819531995125,49.6556934901538,4.37943453744447e-06,0.465601915390368,0.465601914102548,49.6220885944746,5.26882666003712e-06
585,49.9126888419106,9.64826113810033e-06,49.7511429435656,4.3794346597686e-06,49.7505025580351,5.26882678176928e-06,49.5614264351988,1.63768739006571e-11,49.6200374492564,4.37941831892528e-06,49.5806804310253,2.6344137081671e-06,49.5806804309986,2.63441373948345e-06,49.7492763132251,4.3794345440202e-06,49.7479955422146,5.2688265970143e-06,49.5000079322622,1.63768744005598e-11,49.6172299605153,4.37941816752977e-06,49.5787918271141,2.63441332761593e-06,49.5787918270741,2.63441334050497e-06,0.465601915730029,0.431229552698101,49.8253776838117,9.64826113960771e-06,0.43123116826358,0.244819523076328,49.6556934893346,4.3794345440192e-06,0.465601925292825,0.46560192283467,49.6220885951319,5.26882672747342e-06
586,49.9126888411409,9.64826116026654e-06,49.7511429419811,4.37943432087144e-06,49.7505025565748,5.26882635983805e-06,49.5614264344194,1.6376873691765e-11,49.6200374477975,4.37941816427277e-06,49.5806804297192,2.63441295178281e-06,49.5806804297058,2.63441295206319e-06,49.7492763114827,4.37943453451606e-06,49.7479955406312,5.26882662452394e-06,49.5000079322619,1.63768735518998e-11,49.6172299590737,4.37941815692609e-06,49.5787918253195,2.6344132928638e-06,49.5787918252929,2.63441330185431e-06,0.465601926901677,0.431229564087928,49.8253776822832,9.64826115937922e-06,0.43123117341774,0.244819526002459,49.6556934876988,4.37943453430307e-06,0.465601909299271,0.465601909277263,49.6220885921409,5.26882658126942e-06
587,49.9126888412204,9.64826115618658e-06,49.7511429417727,4.3794352169252e-06,49.750502556314,5.26882720305764e-06,49.561426434355,1.63768736789418e-11,49.6200374473777,4.37941853267472e-06,49.5806804298727,2.63441388949822e-06,49.580680429875,2.63441390822992e-06,49.7492763116061,4.37943454119586e-06,49.7479955406899,5.26882661286175e-06,49.5000079322616,1.63768737387306e-11,49.6172299587751,4.37941816407958e-06,49.5787918260424,2.63441332807354e-06,49.5787918260436,2.63441333817476e-06,0.465601929209349,0.431229574498431,49.8253776824564,9.64826115511551e-06,0.431231183192978,0.244819531552079,49.6556934876459,4.37943454224478e-06,0.46560194506447,0.465601943594138,49.6220885936631,5.26882666031361e-06
588,49.9126888400793,9.64826114464147e-06,49.7511429401945,4.37943371021833e-06,49.7505025547315,5.26882594284204e-06,49.5614264333891,1.63768734156619e-11,49.6200374460597,4.37941772808832e-06,49.5806804281466,2.63441249423923e-06,49.5806804281494,2.63441246689376e-06,49.7492763094591,4.37943451238706e-06,49.7479955385193,5.26882663671532e-06,49.5000079322612,1.63768734080405e-11,49.6172299570296,4.37941813596711e-06,49.5787918233924,2.63441325345372e-06,49.5787918233842,2.63441325899185e-06,0.465601917195459,0.431229543581861,49.8253776801298,9.6482611474712e-06,0.431231159086186,0.244819517866117,49.6556934854568,4.37943451082174e-06,0.465601902645517,0.465601900499052,49.6220885894732,5.26882647435559e-06
589,49.9126888420307,9.6482611636069e-06,49.7511429428361,4.37943662623073e-06,49.7505025571965,5.26882842265113e-06,49.5614264348202,1.6376873811129e-11,49.6200374477359,4.37941920860929e-06,49.5806804305759,2.63441511248616e-06,49.5806804305667,2.63441517560021e-06,49.7492763132869,4.3794345750412e-06,49.7479955421189,5.26882657517549e-06,49.5000079322609,1.6376873595172e-11,49.6172299595564,4.37941819614085e-06,49.5787918275279,2.63441338271601e-06,49.5787918275237,2.63441339297656e-06,0.465601958685288,0.431229619785726,49.8253776841385,9.64826115541837e-06,0.431231216285039,0.244819550339178,49.6556934888793,4.37943457858728e-06,0.465601975805661,0.465601970851569,49.6220885967538,5.26882684904558e-06
590,49.9126888428775,9.64826123695632e-06,49.7511429443341,4.37943563969448e-06,49.7505025587123,5.26882761478424e-06,49.5614264356286,1.63768740195258e-11,49.6200374495277,4.37941888283775e-06,49.58068043113,2.63441425929983e-06,49.580680431136,2.63441430287364e-06,49.7492763143321,4.37943457500992e-06,49.7479955431419,5.26882665467193e-06,49.5000079322606,1.63768737824542e-11,49.617229961032,4.37941819608566e-06,49.5787918274325,2.63441336497768e-06,49.5787918274545,2.63441338303439e-06,0.465601937831887,0.431229586275603,49.8253776857967,9.648261231986e-06,0.431231195593469,0.244819538592113,49.6556934904544,4.37943457660731e-06,0.465601938702589,0.465601935282293,49.6220885963663,5.26882680772087e-06
591,49.912688842048,9.6482612325521e-06,49.7511429434459,4.3794339458139e-06,49.7505025579385,5.26882601313064e-06,49.5614264351657,1.63768738907366e-11,49.6200374496234,4.37941761595096e-06,49.5806804312573,2.63441342235456e-06,49.5806804312675,2.63441344816097e-06,49.7492763128236,4.37943455618299e-06,49.7479955417365,5.26882668018795e-06,49.5000079322603,1.63768737110507e-11,49.6172299604513,4.37941818144765e-06,49.5787918270388,2.63441334594868e-06,49.578791827053,2.63441336851917e-06,0.465601910226792,0.431229544192336,49.825377684078,9.64826123524199e-06,0.431231162909158,0.244819520036503,49.6556934893528,4.37943455586537e-06,0.465601928274923,0.465601926249266,49.6220885948903,5.26882668123198e-06
592,49.9126888421059,9.64826126849193e-06,49.7511429427935,4.37943527596936e-06,49.7505025572274,5.26882728958503e-06,49.5614264351584,1.63768738933838e-11,49.6200374491052,4.37941834988759e-06,49.5806804308897,2.63441331052407e-06,49.5806804308885,2.63441333251815e-06,49.7492763127741,4.37943457463435e-06,49.7479955416395,5.26882668626378e-06,49.50000793226,1.63768741574702e-11,49.6172299604811,4.37941819686828e-06,49.5787918266291,2.63441333671419e-06,49.5787918266243,2.63441336018957e-06,0.465601936418203,0.431229580991068,49.8253776842477,9.64826126415846e-06,0.43123118640355,0.244819533374792,49.6556934895062,4.3794345759643e-06,0.465601924340145,0.465601922613734,49.622088594504,5.26882669545648e-06
593,49.9126888411093,9.64826121727649e-06,49.751142941471,4.37943434513109e-06,49.7505025559647,5.26882658150503e-06,49.5614264343318,1.63768736681299e-11,49.6200374476652,4.3794182045627e-06,49.5806804297986,2.63441327199955e-06,49.5806804297769,2.63441329134906e-06,49.7492763109663,4.3794345587509e-06,49.7479955400104,5.26882666428636e-06,49.5000079322597,1.63768740863674e-11,49.6172299588483,4.37941818266197e-06,49.5787918255766,2.63441331754511e-06,49.5787918255348,2.6344133365605e-06,0.46560190746567,0.431229538442573,49.8253776821915,9.64826122079739e-06,0.431231155378706,0.244819515761298,49.6556934876997,4.37943455794994e-06,0.46560191223626,0.465601910717434,49.6220885930863,5.26882666362962e-06
594,49.912688841172,9.64826123519116e-06,49.7511429412112,4.37943505875831e-06,49.7505025557346,5.26882702728713e-06,49.5614264341879,1.63768736347267e-11,49.6200374470775,4.37941852954931e-06,49.5806804295433,2.6344136875401e-06,49.5806804295127,2.63441371449392e-06,49.7492763110117,4.3794345735064e-06,49.7479955400654,5.26882665541739e-06,49.5000079322594,1.63768740154147e-11,49.6172299585773,4.37941819522675e-06,49.5787918256142,2.63441333587225e-06,49.5787918255623,2.63441334990498e-06,0.465601938635005,0.431229583187055,49.8253776823735,9.64826123127386e-06,0.431231185217709,0.244819532701564,49.6556934875548,4.3794345745373e-06,0.465601924749,0.465601922633279,49.6220885931845,5.26882666983238e-06
595,49.9126888402194,9.64826119110707e-06,49.7511429400103,4.37943399516244e-06,49.7505025545482,5.26882616185626e-06,49.5614264334159,1.6376873424614e-11,49.6200374459966,4.37941794732264e-06,49.5806804284343,2.63441291496375e-06,49.5806804284126,2.63441291577815e-06,49.7492763093536,4.37943454952856e-06,49.7479955383777,5.26882664762824e-06,49.5000079322591,1.63768734269381e-11,49.6172299570238,4.37941817352835e-06,49.5787918239816,2.63441329962867e-06,49.5787918239375,2.63441330736685e-06,0.465601910898192,0.43122954174201,49.8253776804097,9.64826119481495e-06,0.43123115637383,0.244819516326252,49.6556934857991,4.37943454843935e-06,0.465601910698023,0.465601910634096,49.6220885908759,5.26882658661998e-06
596,49.9126888408177,9.6482611973063e-06,49.7511429406566,4.37943535867954e-06,49.7505025551202,5.26882731812392e-06,49.5614264337128,1.63768735103964e-11,49.6200374461195,4.37941850785073e-06,49.5806804286613,2.63441386339582e-06,49.5806804286547,2.63441388012546e-06,49.7492763105852,4.37943457415038e-06,49.7479955395696,5.26882661596306e-06,49.5000079322588,1.63768738739595e-11,49.6172299575792,4.379418196209e-06,49.5787918247928,2.63441333329714e-06,49.5787918247794,2.63441334001738e-06,0.46560194403056,0.431229590881828,49.8253776816712,9.64826119298686e-06,0.431231189407989,0.244819535080479,49.6556934866213,4.37943457559595e-06,0.465601937025695,0.465601935712513,49.6220885930745,5.26882674899934e-06
597,49.9126888395103,9.64826114875351e-06,49.7511429391506,4.37943339472167e-06,49.7505025536782,5.26882563060638e-06,49.5614264327295,1.63768732399352e-11,49.6200374448448,4.37941765153544e-06,49.5806804269432,2.63441252128095e-06,49.5806804269455,2.63441249694655e-06,49.7492763082621,4.37943453538428e-06,49.7479955372693,5.26882662272413e-06,49.5000079322584,1.6376873026945e-11,49.6172299557162,4.37941815969562e-06,49.5787918222434,2.63441326172589e-06,49.5787918222372,2.63441326445626e-06,0.465601907005868,0.431229531303771,49.8253776789722,9.64826115427877e-06,0.431231148233667,0.244819511704901,49.6556934843056,4.37943453319622e-06,0.46560189568779,0.465601893777677,49.6220885886458,5.26882652750191e-06
598,49.9126888411493,9.64826116582429e-06,49.7511429412113,4.37943621732457e-06,49.7505025556513,5.26882801009257e-06,49.561426433836,1.63768735479343e-11,49.6200374459972,4.3794189669818e-06,49.5806804287821,2.63441460086412e-06,49.5806804287832,2.63441464309695e-06,49.749276311481,4.37943458578343e-06,49.7479955404394,5.26882656739383e-06,49.5000079322581,1.63768734742673e-11,49.6172299577198,4.37941820733239e-06,49.5787918254237,2.63441336249484e-06,49.5787918254356,2.63441336975403e-06,0.465601958245401,0.431229616597837,49.8253776823664,9.64826115821506e-06,0.431231207637052,0.244819545429524,49.655693486985,4.37943458889549e-06,0.465601963179538,0.465601959864501,49.6220885946309,5.26882686167482e-06
599,49.9126888379717,9.64826113687895e-06,49.7511429368476,4.37943160514818e-06,49.750502551461,5.26882408398114e-06,49.5614264315034,1.63768729049296e-11,49.6200374430609,4.37941677512546e-06,49.5806804254576,2.63441100426337e-06,49.580680425454,2.63441094748302e-06,49.7492763052327,4.37943447857371e-06,49.7479955342959,5.26882667849443e-06,49.5000079322578,1.63768728863894e-11,49.6172299534366,4.37941810398927e-06,49.5787918199134,2.63441319652596e-06,49.5787918198917,2.63441319532517e-06,0.465601885590472,0.431229489344466,49.825377675835,9.64826114857624e-06,0.431231118541856,0.2448194948482,49.6556934813741,4.37943447333509e-06,0.465601864296112,0.465601859839172,49.6220885816474,5.268825946785e-06
600,49.912688844901,9.64826126494808e-06,49.7511429457954,4.37944169149883e-06,49.7505025599697,5.26883284906155e-06,49.561426436629,1.63768743156655e-11,49.6200374493711,4.37942168089857e-06,49.5806804335863,2.63441844189401e-06,49.5806804335871,2.63441860721101e-06,49.7492763182561,4.37943466835994e-06,49.7479955469612,5.26882654859446e-06,49.5000079322575,1.63768743693645e-11,49.6172299626538,4.3794182851309e-06,49.5787918325763,2.63441356219286e-06,49.5787918326239,2.63441358247642e-06,0.465602034164242,0.431229751350468,49.8253776900646,9.64826123649254e-06,0.431231311387717,0.244823797740084,49.6556934933467,4.37943468083722e-06,0.465602100843676,0.465602087867252,49.6220886057895,5.2688272919122e-06
601,49.912688847904,9.648261526165e-06,49.7511429513059,4.37943779832625e-06,49.7505025654916,5.26882962793106e-06,49.5614264395758,1.63768750776844e-11,49.6200374560042,4.37942037861574e-06,49.5806804361141,2.63441638164779e-06,49.5806804361529,2.63441650573759e-06,49.749276322045,4.37943465680682e-06,49.7479955505441,5.26882684712362e-06,49.5000079322572,1.63768753348164e-11,49.6172299681017,4.37941827318511e-06,49.5787918336566,2.63441352553814e-06,49.5787918337603,2.6344135738952e-06,0.46560195622784,0.431229624507562,49.825377695936,9.6482615106006e-06,0.431231239109513,0.244823756705438,49.6556934990055,4.3794346613895e-06,0.465601968326413,0.465601958586078,49.6220886045469,5.26882699595535e-06
602,49.9126888461975,9.64826150583451e-06,49.7511429502764,4.37943294120065e-06,49.7505025646308,5.2688250414426e-06,49.5614264390975,1.63768749364623e-11,49.6200374580653,4.37941665649085e-06,49.5806804380272,2.63441384956655e-06,49.580680438058,2.63441393455288e-06,49.7492763193521,4.37943462756155e-06,49.7479955478619,5.26882688790331e-06,49.5000079322569,1.63768750062289e-11,49.6172299681533,4.37941825694994e-06,49.578791833838,2.63441348848798e-06,49.5787918338944,2.63441355321171e-06,0.465601874819629,0.431229501424641,49.8253776923516,9.64826151295892e-06,0.431231144795104,0.244819509752752,49.6556934977401,4.37943462707608e-06,0.465601949359918,0.465601942688974,49.6220886040531,5.26882693829975e-06
603,49.9126888459034,9.64826160619629e-06,49.7511429478723,4.37943596718264e-06,49.7505025620282,5.26882804674866e-06,49.5614264389644,1.63768749086543e-11,49.6200374567565,4.37941831266776e-06,49.580680436013,2.63441265323525e-06,49.5806804359954,2.63441271168429e-06,49.7492763184135,4.37943468640893e-06,49.7479955467223,5.26882690056096e-06,49.5000079322566,1.63768744189527e-11,49.617229968207,4.37941830742692e-06,49.5787918312152,2.6344134124703e-06,49.5787918311749,2.63441347696611e-06,0.465601940825737,0.431229587876148,49.8253776918923,9.64826159505992e-06,0.431231191265014,0.244819536134754,49.6556934979677,4.37943468907451e-06,0.465601891149547,0.465601886561627,49.6220886010884,5.26882696297343e-06
604,49.9126888437827,9.64826148242105e-06,49.75114294467,4.37943498829498e-06,49.7505025590329,5.26882744090565e-06,49.5614264372025,1.63768744300388e-11,49.620037453202,4.37941877754852e-06,49.5806804340144,2.63441436150404e-06,49.5806804339479,2.6344144499103e-06,49.7492763144238,4.37943468022585e-06,49.7479955433832,5.26882681361257e-06,49.5000079322563,1.63768743495029e-11,49.6172299646313,4.37941830498822e-06,49.5787918305696,2.63441343545876e-06,49.5787918304571,2.63441349179571e-06,0.465601874225905,0.43122950304748,49.8253776875202,9.64826148912016e-06,0.43123112705602,0.24481949968188,49.6556934943403,4.37943467967943e-06,0.465601907352576,0.465601900413188,49.6220886006738,5.26882702478633e-06
605,49.9126888423185,9.64826154236305e-06,49.7511429413537,4.37943485044473e-06,49.750502556049,5.26882680578714e-06,49.5614264354996,1.63768739791411e-11,49.6200374497478,4.37941871372733e-06,49.5806804312342,2.63441323759003e-06,49.5806804311623,2.63441326998246e-06,49.7492763110216,4.37943467868665e-06,49.7479955403525,5.26882685411067e-06,49.500007932256,1.63768737625254e-11,49.6172299614895,4.37941829897769e-06,49.5787918270546,2.63441337945326e-06,49.5787918269203,2.63441341937106e-06,0.465601928679625,0.431229572465385,49.8253776846717,9.6482615364057e-06,0.431231167928518,0.244819522886106,49.655693490945,4.3794346795039e-06,0.465601882729395,0.465601880186772,49.622088595196,5.26882678312268e-06
606,49.9126888415323,9.64826147264117e-06,49.7511429399714,4.37943535191551e-06,49.7505025546225,5.26882735553308e-06,49.5614264345763,1.63768737369215e-11,49.6200374478718,4.37941874703643e-06,49.5806804308792,2.63441418494751e-06,49.5806804308304,2.6344142377874e-06,49.7492763097447,4.37943467215358e-06,49.747995538963,5.26882680281213e-06,49.5000079322556,1.63768736933751e-11,49.6172299593045,4.37941829569369e-06,49.5787918272337,2.63441342457126e-06,49.578791827137,2.63441345466499e-06,0.46560190341977,0.43122954969015,49.8253776830649,9.64826147444819e-06,0.431231156176938,0.244819516214472,49.6556934890648,4.37943467303739e-06,0.4656019342415,0.465601930093869,49.6220885967033,5.26882692068466e-06
607,49.9126888399591,9.64826143880217e-06,49.7511429377678,4.37943380721533e-06,49.7505025523366,5.26882607525905e-06,49.5614264329871,1.63768733085575e-11,49.6200374454048,4.37941776005806e-06,49.5806804277208,2.63441228052739e-06,49.5806804277022,2.63441224637057e-06,49.7492763070287,4.37943464639909e-06,49.7479955361846,5.26882679385977e-06,49.5000079322553,1.6376872847857e-11,49.6172299564536,4.37941826920539e-06,49.5787918227448,2.63441331453075e-06,49.5787918226871,2.63441333130618e-06,0.465601914494555,0.431229540401256,49.8253776798976,9.64826143991741e-06,0.431231143121207,0.244819508802443,49.6556934856566,4.37943464470845e-06,0.465601869852161,0.465601867171044,49.6220885915597,5.26882685115925e-06
608,49.912688840683,9.64826145611752e-06,49.7511429387855,4.37943451644442e-06,49.7505025531789,5.26882666993023e-06,49.5614264335623,1.63768734552341e-11,49.620037446015,4.37941824895752e-06,49.580680428827,2.63441330487205e-06,49.5806804288408,2.63441332666427e-06,49.7492763082973,4.37943466271029e-06,49.7479955370793,5.26882679428125e-06,49.500007932255,1.63768735555243e-11,49.6172299571519,4.37941828577895e-06,49.5787918245695,2.63441338675347e-06,49.5787918245992,2.6344134088146e-06,0.465601906210548,0.431229541307856,49.8253776813616,9.64826145648385e-06,0.431231147693702,0.244819511398351,49.6556934869146,4.37943466241631e-06,0.46560187362845,0.465601871917884,49.6220885930844,5.26882679485607e-06
609,49.9126888402263,9.64826141927048e-06,49.7511429381078,4.37943466822334e-06,49.7505025526086,5.26882677461473e-06,49.5614264330936,1.63768733414879e-11,49.6200374452123,4.37941828477149e-06,49.5806804279516,2.63441337713646e-06,49.5806804279322,2.63441339735683e-06,49.7492763077075,4.37943465589176e-06,49.7479955367086,5.26882676335407e-06,49.5000079322547,1.6376873486824e-11,49.6172299565074,4.37941827901811e-06,49.5787918238013,2.63441337171207e-06,49.5787918237629,2.63441339147045e-06,0.465601919244778,0.431229556728241,49.8253776804526,9.64826141927824e-06,0.4312311573289,0.244819516868467,49.6556934859704,4.37943465590251e-06,0.465601906799574,0.46560190521239,49.6220885919989,5.26882676353398e-06
610,49.9126888399664,9.64826138623632e-06,49.7511429378038,4.37943468027679e-06,49.7505025523144,5.26882676846666e-06,49.5614264327193,1.63768732427065e-11,49.6200374444344,4.37941829170934e-06,49.5806804272899,2.63441337499259e-06,49.5806804272689,2.63441338994578e-06,49.7492763073871,4.37943464684844e-06,49.7479955364107,5.26882673921102e-06,49.5000079322544,1.63768729006742e-11,49.6172299557185,4.37941826992484e-06,49.5787918231399,2.63441336252531e-06,49.5787918230985,2.63441337676759e-06,0.465601923648887,0.431229561741279,49.8253776799336,9.64826138613898e-06,0.431231161347933,0.244819519150162,49.6556934851581,4.37943464689943e-06,0.465601909997204,0.465601908823464,49.6220885911649,5.26882673915225e-06
611,49.9126888396653,9.64826134804304e-06,49.7511429375012,4.37943463527461e-06,49.7505025520157,5.26882671470106e-06,49.5614264323892,1.63768731549409e-11,49.6200374437838,4.3794182635722e-06,49.5806804267475,2.63441335717932e-06,49.5806804267306,2.63441336769491e-06,49.749276307072,4.37943463399456e-06,49.7479955361006,5.26882671406927e-06,49.5000079322541,1.63768733500334e-11,49.6172299550547,4.37941825709134e-06,49.5787918225854,2.63441335200206e-06,49.5787918225519,2.63441336204397e-06,0.465601923310453,0.431229561398135,49.8253776793305,9.64826134805935e-06,0.431231161748361,0.244819519377493,49.6556934844021,4.37943463399915e-06,0.465601911766074,0.46560191094066,49.6220885904352,5.26882671406202e-06
612,49.9126888396343,9.64826131864654e-06,49.7511429376412,4.37943464769301e-06,49.750502552147,5.26882671741101e-06,49.5614264322921,1.63768731299432e-11,49.6200374435622,4.37941826510556e-06,49.5806804264247,2.63441335316053e-06,49.5806804264132,2.63441336059717e-06,49.7492763072127,4.37943462378784e-06,49.7479955362258,5.26882669471411e-06,49.5000079322538,1.63768732818632e-11,49.6172299548195,4.37941824686868e-06,49.5787918222532,2.63441334372111e-06,49.5787918222302,2.63441335101369e-06,0.465601926978783,0.431229565400981,49.8253776792692,9.64826131856717e-06,0.431231165709855,0.244819521626522,49.6556934841349,4.37943462381736e-06,0.465601914695766,0.465601914112031,49.622088589983,5.2688266947298e-06
613,49.9126888394758,9.64826128358531e-06,49.7511429376074,4.37943460159515e-06,49.7505025521167,5.26882666570659e-06,49.5614264321489,1.63768730916887e-11,49.6200374432922,4.37941823234658e-06,49.5806804261569,2.63441333642122e-06,49.5806804261497,2.63441334192987e-06,49.749276307172,4.37943461033846e-06,49.7479955361905,5.26882667332183e-06,49.5000079322534,1.63768732138431e-11,49.6172299545391,4.37941823345188e-06,49.5787918219737,2.6344133338223e-06,49.5787918219591,2.63441333939585e-06,0.465601925648054,0.431229563972588,49.8253776789512,9.64826128362438e-06,0.431231165345011,0.244819521419391,49.6556934837469,4.3794346103241e-06,0.465601916120201,0.465601915687803,49.6220885895554,5.26882667323207e-06
614,49.9126888395777,9.64826125919173e-06,49.7511429379726,4.37943462158448e-06,49.7505025524767,5.26882667901178e-06,49.5614264322095,1.63768731086314e-11,49.6200374433823,4.37941823847317e-06,49.5806804260841,2.63441333555605e-06,49.5806804260794,2.63441333984542e-06,49.7492763075408,4.37943460042373e-06,49.7479955365505,5.26882665863452e-06,49.5000079322531,1.63768731459732e-11,49.6172299546185,4.37941822351464e-06,49.5787918218935,2.63441332711608e-06,49.5787918218839,2.63441333153009e-06,0.465601929209671,0.431229567819686,49.825377679156,9.6482612591135e-06,0.431231169520272,0.24481952378978,49.6556934837969,4.37943460044789e-06,0.465601918978331,0.46560191864164,49.6220885893897,5.26882665868834e-06
615,49.9126888394835,9.64826122793629e-06,49.7511429380428,4.37943457166863e-06,49.7505025525544,5.26882662694712e-06,49.5614264321607,1.63768730953425e-11,49.6200374433057,4.37941820392976e-06,49.5806804260075,2.63441331882595e-06,49.5806804260039,2.6344133222528e-06,49.7492763076046,4.37943458697763e-06,49.7479955366271,5.26882664107357e-06,49.5000079322528,1.63768730782533e-11,49.617229954534,4.37941821010376e-06,49.578791821807,2.63441331871925e-06,49.5787918217998,2.63441332223766e-06,0.465601927021958,0.431229565408347,49.8253776789664,9.64826122799514e-06,0.431231168547923,0.244819523237756,49.6556934835971,4.37943458695463e-06,0.465601919829212,0.465601919560224,49.6220885891778,5.26882664101322e-06
616,49.9126888396636,9.64826120892913e-06,49.7511429385211,4.37943459962486e-06,49.7505025530268,5.2688266510127e-06,49.5614264323136,1.63768731368797e-11,49.6200374435762,4.37941821534314e-06,49.5806804260966,2.63441332111756e-06,49.5806804260937,2.63441332385057e-06,49.7492763080892,4.37943457808392e-06,49.7479955371019,5.26882663070674e-06,49.5000079322525,1.63768730106836e-11,49.6172299547956,4.37941820117983e-06,49.5787918218914,2.63441331398966e-06,49.5787918218855,2.63441331675453e-06,0.465601930771985,0.431229569398357,49.8253776793279,9.64826120884663e-06,0.431231172960811,0.24481952574305,49.6556934838393,4.37943457810798e-06,0.465601922411004,0.465601922196478,49.6220885892056,5.2688266307814e-06
617,49.9126888395862,9.6482611812735e-06,49.7511429386034,4.37943454468842e-06,49.7505025531166,5.26882659661565e-06,49.5614264323062,1.63768731344757e-11,49.6200374435884,4.37941817848797e-06,49.5806804261247,2.63441330455331e-06,49.5806804261222,2.63441330668701e-06,49.7492763081659,4.37943456536264e-06,49.7479955371911,5.26882661605968e-06,49.5000079322522,1.63768732021051e-11,49.6172299548019,4.37941818849721e-06,49.5787918219111,2.63441330690935e-06,49.5787918219062,2.63441330904094e-06,0.465601927812483,0.431229566105419,49.8253776791718,9.64826118134806e-06,0.43123117124171,0.244819524767079,49.655693483727,4.37943456532867e-06,0.465601922679754,0.465601922512271,49.6220885891171,5.26882661602303e-06
618,49.9126888398144,9.64826116754698e-06,49.7511429391345,4.3794345818258e-06,49.7505025536392,5.26882663128058e-06,49.561426432513,1.63768731904193e-11,49.6200374439625,4.37941819592557e-06,49.5806804263039,2.63441331020346e-06,49.5806804263019,2.63441331184529e-06,49.7492763087059,4.37943455825427e-06,49.7479955377166,5.26882660913636e-06,49.5000079322519,1.63768731348358e-11,49.6172299551688,4.37941818135298e-06,49.5787918220878,2.63441330378795e-06,49.5787918220837,2.63441330541068e-06,0.465601931951143,0.431229570489985,49.8253776796295,9.64826116745462e-06,0.431231175889617,0.244819527405799,49.6556934840907,4.37943455828281e-06,0.465601925086079,0.465601924957205,49.622088589261,5.26882660918181e-06
619,49.9126888397241,9.64826114298689e-06,49.7511429391735,4.3794345209066e-06,49.7505025536863,5.26882657219879e-06,49.5614264325109,1.63768731892613e-11,49.6200374439923,4.37941815625785e-06,49.5806804263767,2.63441329325014e-06,49.5806804263751,2.63441329448065e-06,49.749276308739,4.37943454669886e-06,49.7479955377629,5.26882659646788e-06,49.5000079322516,1.63768730677167e-11,49.6172299551949,4.37941816984262e-06,49.5787918221533,2.63441329756335e-06,49.5787918221502,2.63441329879405e-06,0.46560192820069,0.431229566338281,49.8253776794473,9.64826114307925e-06,0.431231173304698,0.244819525938282,49.6556934839971,4.3794345466622e-06,0.465601924838668,0.46560192474208,49.6220885892293,5.26882659644161e-06
620,49.9126888399853,9.64826113429189e-06,49.7511429397276,4.37943456868937e-06,49.75050255423,5.26882661770881e-06,49.5614264327472,1.63768732531684e-11,49.6200374444203,4.37941818071948e-06,49.5806804266025,2.63441330219139e-06,49.5806804266013,2.63441330312893e-06,49.7492763093036,4.37943454171768e-06,49.7479955383102,5.26882659239065e-06,49.5000079322513,1.63768732595893e-11,49.6172299556171,4.3794181648164e-06,49.5787918223782,2.63441329576928e-06,49.5787918223759,2.63441329670881e-06,0.465601932887726,0.431229571325883,49.8253776799715,9.64826113418348e-06,0.431231178290009,0.244819528768554,49.6556934844361,4.37943454175002e-06,0.465601927173477,0.465601927099886,49.6220885894423,5.26882659246348e-06
621,49.9126888398631,9.64826111217438e-06,49.7511429396903,4.37943450028974e-06,49.7505025542026,5.2688265518768e-06,49.5614264327259,1.63768732466989e-11,49.6200374444196,4.37941813743175e-06,49.5806804266832,2.63441328409723e-06,49.5806804266823,2.63441328481137e-06,49.7492763092592,4.37943453131226e-06,49.7479955382817,5.26882658107645e-06,49.500007932251,1.63768731927706e-11,49.6172299556142,4.3794181544637e-06,49.5787918224524,2.63441329011149e-06,49.5787918224507,2.63441329083307e-06,0.465601928282128,0.431229566261965,49.8253776797252,9.6482611122874e-06,0.431231174772357,0.244819526771505,49.6556934843119,4.379434531269e-06,0.465601926432603,0.465601926376546,49.6220885894244,5.268826580942e-06
622,49.9126888401528,9.64826110820088e-06,49.7511429402591,4.37943456019221e-06,49.7505025547595,5.26882660924927e-06,49.5614264329795,1.63768733153719e-11,49.6200374448757,4.37941816977079e-06,49.5806804269308,2.63441329646226e-06,49.5806804269301,2.63441329701352e-06,49.7492763098399,4.37943452848327e-06,49.7479955388426,5.26882657950188e-06,49.5000079322506,1.6376873384944e-11,49.6172299560656,4.37941815158027e-06,49.5787918227008,2.63441328952564e-06,49.5787918226995,2.63441329008257e-06,0.465601933688618,0.431229572045742,49.8253776803066,9.64826110807553e-06,0.431231180261088,0.24481952988758,49.6556934848025,4.37943452852232e-06,0.465601928796887,0.465601928753616,49.6220885896801,5.26882657953502e-06
623,49.9126888399863,9.64826108774056e-06,49.7511429401276,4.37943448223965e-06,49.75050255464,5.26882653441766e-06,49.561426432924,1.63768732995909e-11,49.6200374448155,4.37941812158181e-06,49.580680426996,2.63441327657509e-06,49.5806804269955,2.63441327700049e-06,49.7492763096993,4.37943451899974e-06,49.7479955387217,5.26882656899361e-06,49.5000079322503,1.63768730595835e-11,49.6172299560047,4.3794181421575e-06,49.57879182276,2.6344132842052e-06,49.578791822759,2.63441328463498e-06,0.465601928125219,0.431229565961005,49.8253776799714,9.64826108787383e-06,0.431231175731647,0.244819527316116,49.6556934846158,4.37943451894807e-06,0.46560192755789,0.465601927524499,49.622088589649,5.26882656879388e-06
624,49.9126888403066,9.64826108816465e-06,49.7511429407163,4.37943455594399e-06,49.7505025552149,5.26882660505844e-06,49.5614264331919,1.63768733722202e-11,49.6200374452918,4.37941816266247e-06,49.5806804272516,2.6344132927185e-06,49.5806804272513,2.6344132930485e-06,49.7492763103016,4.3794345182486e-06,49.747995539301,5.26882656965824e-06,49.50000793225,1.63768735108999e-11,49.6172299564769,4.37941814134158e-06,49.5787918230179,2.63441328474072e-06,49.5787918230171,2.63441328507279e-06,0.465601934433892,0.431229572740654,49.8253776806143,9.64826108801935e-06,0.431231181907946,0.244819530822538,49.6556934851512,4.37943451829597e-06,0.465601930047383,0.46560193002148,49.6220885899342,5.26882656991711e-06
625,49.9126888400859,9.648261068534e-06,49.7511429404786,4.37943446597804e-06,49.7505025549916,5.26882651866426e-06,49.5614264330924,1.63768733445522e-11,49.6200374451543,4.37941810803739e-06,49.5806804272864,2.63441327035655e-06,49.5806804272861,2.63441327060731e-06,49.7492763100524,4.37943450935312e-06,49.7479955390756,5.26882655947793e-06,49.5000079322497,1.6376873444682e-11,49.6172299563399,4.37941813251757e-06,49.5787918230466,2.63441327952896e-06,49.578791823046,2.63441327978474e-06,0.465601927767599,0.431229565479784,49.8253776801705,9.64826106869259e-06,0.431231176255597,0.244819527613574,49.6556934848804,4.37943450929379e-06,0.465601928297198,0.465601928277515,49.62208858987,5.26882655936242e-06
626,49.9126888404426,9.64826107316718e-06,49.7511429410989,4.37943455547271e-06,49.7505025555957,5.26882660447806e-06,49.5614264333766,1.63768734217343e-11,49.6200374456531,4.37941815891122e-06,49.5806804275448,2.6344132904242e-06,49.5806804275446,2.63441329059272e-06,49.7492763106881,4.37943451055254e-06,49.7479955396845,5.2688265623071e-06,49.5000079322494,1.63768731197716e-11,49.6172299568349,4.37941813363972e-06,49.5787918233088,2.63441328114005e-06,49.5787918233083,2.63441328133623e-06,0.46560193518452,0.431229573473229,49.8253776808866,9.64826107299814e-06,0.431231183326958,0.244819531628142,49.6556934854639,4.37943451060983e-06,0.465601931027185,0.465601931013957,49.6220885901755,5.2688265624256e-06
627,49.9126888401601,9.64826105354958e-06,49.7511429407471,4.37943445088972e-06,49.7505025552612,5.2688265040047e-06,49.5614264332274,1.63768733805512e-11,49.620037445428,4.37941809619535e-06,49.5806804275412,2.63441326490026e-06,49.580680427541,2.63441326505369e-06,49.7492763103223,4.37943450189255e-06,49.7479955393472,5.26882655200522e-06,49.5000079322491,1.63768733126966e-11,49.6172299566111,4.37941812506523e-06,49.5787918232988,2.63441327582836e-06,49.5787918232984,2.63441327597899e-06,0.465601927241164,0.431229564844953,49.8253776803186,9.64826105373959e-06,0.431231176420285,0.244819527707071,49.6556934850942,4.37943450182502e-06,0.465601928765113,0.46560192875307,49.6220885900682,5.26882655180361e-06
628,49.9126888405623,9.64826106221681e-06,49.751142941417,4.37943455849983e-06,49.750502555912,5.26882660712453e-06,49.5614264335339,1.63768734639252e-11,49.6200374459593,4.37941815809757e-06,49.5806804278022,2.63441328951854e-06,49.5806804278021,2.63441328963931e-06,49.7492763110099,4.37943450496881e-06,49.7479955400034,5.26882655688097e-06,49.5000079322488,1.63768737646153e-11,49.6172299571386,4.37941812804817e-06,49.5787918235649,2.63441327848665e-06,49.5787918235646,2.63441327860309e-06,0.465601935981011,0.431229574284661,49.8253776811264,9.64826106201144e-06,0.431231184602605,0.244819532352356,49.6556934857375,4.37943450503735e-06,0.465601931811471,0.465601931801992,49.6220885903968,5.26882655708687e-06
629,49.9126888402092,9.64826104180296e-06,49.7511429409415,4.37943443606409e-06,49.7505025554571,5.26882648953985e-06,49.561426433329,1.63768734076554e-11,49.6200374456371,4.37941808529292e-06,49.5806804277544,2.63441325998589e-06,49.5806804277543,2.63441326007365e-06,49.7492763105172,4.37943449615759e-06,49.7479955395446,5.26882654605556e-06,49.5000079322485,1.63768736989982e-11,49.6172299568187,4.37941811933801e-06,49.5787918235101,2.6344132728669e-06,49.5787918235098,2.63441327295497e-06,0.465601926546913,0.431229564050664,49.8253776804164,9.64826104202894e-06,0.431231176265314,0.24481952761909,49.6556934852544,4.37943449607974e-06,0.465601928985909,0.465601928979021,49.6220885902352,5.26882654579094e-06
630,49.9126888406686,9.64826105452859e-06,49.7511429416821,4.37943456474346e-06,49.7505025561753,5.26882661283845e-06,49.5614264336664,1.63768734995551e-11,49.6200374462154,4.37941815994624e-06,49.5806804280222,2.63441328976709e-06,49.5806804280221,2.63441328984831e-06,49.7492763112784,4.37943450106693e-06,49.7479955402688,5.2688265530236e-06,49.5000079322482,1.63768736335312e-11,49.617229957393,4.37941812413835e-06,49.5787918237843,2.63441327660588e-06,49.5787918237842,2.63441327667456e-06,0.465601936873246,0.431229575217355,49.8253776813393,9.6482610542871e-06,0.431231185820937,0.24481953304403,49.6556934859744,4.37943450114926e-06,0.465601932477493,0.465601932471118,49.6220885905924,5.26882655333793e-06
631,49.9126888402349,9.64826103248746e-06,49.7511429410717,4.37943442085715e-06,49.7505025555894,5.26882647460134e-06,49.5614264334004,1.63768734266633e-11,49.6200374457874,4.37941807481805e-06,49.5806804279262,2.63441325536897e-06,49.5806804279262,2.63441325541559e-06,49.7492763106472,4.37943449173308e-06,49.7479955396781,5.26882654123798e-06,49.5000079322478,1.63768733093705e-11,49.6172299569681,4.37941811492292e-06,49.5787918236805,2.63441327046452e-06,49.5787918236803,2.63441327051633e-06,0.465601925678519,0.431229563087045,49.8253776804677,9.64826103275209e-06,0.431231175827497,0.244819527370532,49.6556934853636,4.37943449163959e-06,0.465601929016537,0.465601929012876,49.62208859037,5.26882654111432e-06
632,49.9126888407646,9.64826104944868e-06,49.7511429419053,4.37943457414939e-06,49.7505025563965,5.268826621559e-06,49.5614264337783,1.63768735297206e-11,49.6200374464294,4.37941816409231e-06,49.5806804282067,2.63441329095453e-06,49.5806804282067,2.63441329098183e-06,49.7492763115049,4.37943449847452e-06,49.747995540492,5.26882655045527e-06,49.5000079322475,1.63768732442035e-11,49.6172299576058,4.37941812153505e-06,49.5787918239689,2.63441327534735e-06,49.5787918239688,2.63441327538728e-06,0.465601937891305,0.431229576300496,49.8253776815316,9.64826104916301e-06,0.431231187041035,0.244819533736706,49.65569348618,4.37943449857175e-06,0.465601933060659,0.465601933058516,49.6220885907599,5.26882655058307e-06
633,49.9126888402393,9.64826102499003e-06,49.7511429411464,4.37943440473799e-06,49.7505025556665,5.26882645877434e-06,49.5614264334448,1.63768734384753e-11,49.6200374458858,4.37941806421988e-06,49.5806804280603,2.6344132506848e-06,49.5806804280603,2.63441325070368e-06,49.749276310721,4.37943448824778e-06,49.7479955397559,5.26882653731326e-06,49.5000079322472,1.63768731791865e-11,49.617229957066,4.37941811144912e-06,49.5787918238133,2.63441326848312e-06,49.5787918238132,2.63441326851399e-06,0.465601924631919,0.431229561942355,49.825377680476,9.64826102530515e-06,0.431231175135017,0.244819526977396,49.655693485426,4.37943448813894e-06,0.465601928915158,0.465601928913676,49.6220885904708,5.26882653703706e-06
634,49.9126888408555,9.64826104642017e-06,49.7511429421012,4.37943458674918e-06,49.75050255659,5.26882663326661e-06,49.5614264338755,1.63768735560026e-11,49.6200374466127,4.3794181705147e-06,49.5806804283613,2.63441329327643e-06,49.5806804283612,2.63441329328623e-06,49.7492763117039,4.37943449694096e-06,49.7479955406872,5.26882654886372e-06,49.5000079322469,1.63768736320082e-11,49.6172299577879,4.37941811998895e-06,49.5787918241239,2.63441327459939e-06,49.5787918241238,2.63441327462474e-06,0.465601939071657,0.431229577571652,49.8253776817138,9.64826104608619e-06,0.431231188329027,0.244819534467928,49.6556934863643,4.37943449705835e-06,0.465601933616228,0.465601933615459,49.6220885909091,5.26882654931978e-06
635,49.9126888402235,9.64826101867708e-06,49.7511429411733,4.37943438668977e-06,49.7505025556963,5.268826441115e-06,49.5614264334655,1.63768734439226e-11,49.6200374459389,4.37941805283532e-06,49.5806804281592,2.63441324589229e-06,49.5806804281592,2.6344132459051e-06,49.7492763107463,4.3794344854224e-06,49.7479955397862,5.26882653392912e-06,49.5000079322466,1.63768735672917e-11,49.6172299571191,4.37941810863672e-06,49.5787918239112,2.63441326677399e-06,49.5787918239111,2.63441326679233e-06,0.465601923370139,0.431229560570818,49.825377680444,9.64826101904236e-06,0.431231174172675,0.244819526431052,49.6556934854457,4.37943448529313e-06,0.465601928644355,0.46560192864335,49.622088590541,5.26882653371376e-06
636,49.9126888409443,9.64826104512056e-06,49.7511429422781,4.37943460276175e-06,49.7505025567641,5.26882664829526e-06,49.5614264339622,1.63768735795325e-11,49.6200374467732,4.37941817923239e-06,49.5806804284904,2.63441329649559e-06,49.5806804284904,2.63441329650741e-06,49.7492763118842,4.37943449621042e-06,49.7479955408628,5.26882654817822e-06,49.5000079322463,1.63768735027254e-11,49.6172299579476,4.37941811924423e-06,49.5787918242538,2.63441327428756e-06,49.5787918242538,2.63441327430234e-06,0.46560194046413,0.43122957907697,49.825377681892,9.64826104471285e-06,0.431231189747304,0.244819535273116,49.6556934865339,4.37943449635168e-06,0.465601934190508,0.46560193418958,49.6220885910371,5.26882654855581e-06
637,49.9126888401887,9.64826101317613e-06,49.7511429411576,4.37943436632039e-06,49.750502555684,5.26882642129189e-06,49.5614264334653,1.63768734437711e-11,49.6200374459527,4.37941804032391e-06,49.5806804282287,2.63441324045638e-06,49.5806804282287,2.6344132404646e-06,49.7492763107283,4.37943448300106e-06,49.7479955397739,5.26882653097451e-06,49.500007932246,1.63768734383091e-11,49.6172299571329,4.37941810623084e-06,49.5787918239796,2.63441326525281e-06,49.5787918239795,2.63441326526339e-06,0.465601921870127,0.431229558945075,49.8253776803737,9.64826101361814e-06,0.431231172943697,0.244819525733335,49.6556934854266,4.3794344828475e-06,0.465601928271791,0.465601928271146,49.6220885905815,5.26882653044959e-06
638,49.9126888410363,9.64826104520961e-06,49.7511429424485,4.37943462256092e-06,49.7505025569311,5.26882666697593e-06,49.561426434044,1.63768736018237e-11,49.6200374469217,4.3794181903997e-06,49.5806804286007,2.63441330089753e-06,49.5806804286006,2.63441330090543e-06,49.7492763120583,4.37943449616812e-06,49.7479955410315,5.26882654817525e-06,49.5000079322457,1.63768736328879e-11,49.6172299580952,4.3794181191836e-06,49.5787918243651,2.63441327434557e-06,49.5787918243651,2.6344132743546e-06,0.46560194210722,0.431229580858121,49.8253776820767,9.64826104473286e-06,0.431231191352074,0.244819536184179,49.6556934866991,4.37943449633258e-06,0.46560193480629,0.46560193480567,49.6220885911559,5.26882654898873e-06
639,49.9126888401345,9.64826100803578e-06,49.7511429411027,4.37943434256e-06,49.7505025556332,5.26882639821324e-06,49.5614264334459,1.63768734384391e-11,49.6200374459308,4.3794180260297e-06,49.5806804282713,2.63441323443332e-06,49.5806804282713,2.63441323443168e-06,49.7492763106704,4.3794344808015e-06,49.7479955397228,5.26882652818026e-06,49.5000079322453,1.63768735687718e-11,49.6172299571115,4.37941810405052e-06,49.578791824021,2.63441326380461e-06,49.578791824021,2.63441326381058e-06,0.465601920074525,0.431229557002397,49.8253776802646,9.64826100856226e-06,0.431231171404578,0.244819524859542,49.6556934853703,4.37943448061924e-06,0.465601927737313,0.465601927737185,49.622088590595,5.26882652734366e-06
640,49.912688841134,9.64826104661681e-06,49.7511429426177,4.37943464662298e-06,49.7505025570962,5.26882668988062e-06,49.5614264341241,1.63768736237128e-11,49.620037447064,4.37941820419511e-06,49.5806804286969,2.63441330606933e-06,49.5806804286969,2.63441330607272e-06,49.7492763122317,4.37943449665046e-06,49.747995541198,5.26882654893927e-06,49.500007932245,1.6376873504806e-11,49.6172299582367,4.37941811964475e-06,49.5787918244627,2.63441327474569e-06,49.5787918244627,2.63441327475196e-06,0.465601944064181,0.431229582976835,49.8253776822728,9.64826104605072e-06,0.4312311932062,0.244819537236808,49.655693486865,4.37943449684553e-06,0.465601935514155,0.465601935513888,49.6220885912602,5.26882654924611e-06
641,49.9126888400627,9.64826100297082e-06,49.7511429410145,4.37943431524706e-06,49.7505025555498,5.26882637172862e-06,49.5614264334101,1.63768734286924e-11,49.6200374458792,4.37941800972991e-06,49.580680428293,2.63441322787129e-06,49.580680428293,2.63441322787172e-06,49.7492763105785,4.37943447871488e-06,49.7479955396388,5.26882652537622e-06,49.5000079322447,1.637687344099e-11,49.6172299570604,4.37941810198601e-06,49.5787918240412,2.63441326237901e-06,49.5787918240412,2.63441326238238e-06,0.465601917954769,0.431229554713397,49.8253776801203,9.64826100358732e-06,0.43123116955319,0.244819523808468,49.655693485282,4.3794344784983e-06,0.465601927115703,0.465601927115669,49.6220885905923,5.26882652494442e-06
642,49.9126888412421,9.64826104900487e-06,49.7511429427976,4.37943467517552e-06,49.7505025572713,5.2688267169717e-06,49.5614264342071,1.63768736464387e-11,49.6200374472091,4.3794182207173e-06,49.5806804287822,2.63441331279899e-06,49.5806804287822,2.63441331279551e-06,49.7492763124162,4.37943449766469e-06,49.7479955413746,5.2688265501261e-06,49.5000079322444,1.637687363617e-11,49.6172299583809,4.37941812063421e-06,49.5787918245497,2.6344132754224e-06,49.5787918245497,2.63441327542675e-06,0.465601946355368,0.431229585463788,49.8253776824899,9.64826104834901e-06,0.431231195337337,0.244819538446701,49.655693487041,4.379434497896e-06,0.46560193624248,0.465601936242207,49.6220885913669,5.26882655113513e-06
643,49.9126888399699,9.64826099772939e-06,49.7511429408885,4.37943428298816e-06,49.7505025554294,5.26882634055681e-06,49.5614264333565,1.63768734140981e-11,49.6200374457956,4.37941799062375e-06,49.5806804282927,2.63441322016809e-06,49.5806804282927,2.6344132201669e-06,49.7492763104479,4.37943447654946e-06,49.7479955395175,5.26882652250811e-06,49.5000079322441,1.63768735726543e-11,49.6172299569775,4.3794180998465e-06,49.5787918240394,2.63441326089068e-06,49.5787918240394,2.63441326089168e-06,0.465601915448285,0.431229552003311,49.8253776799336,9.64826099847141e-06,0.431231167326097,0.244819522544098,49.655693485157,4.37943447629641e-06,0.465601926330702,0.465601926330608,49.622088590562,5.26882652198856e-06
644,49.9126888413631,9.648261052604e-06,49.7511429429906,4.37943470934447e-06,49.7505025574585,5.26882674971686e-06,49.5614264342957,1.63768736707417e-11,49.6200374473614,4.37941824060138e-06,49.5806804288633,2.63441332049656e-06,49.5806804288633,2.63441332050462e-06,49.7492763126147,4.37943449908492e-06,49.7479955415635,5.2688265520797e-06,49.5000079322438,1.63768735092889e-11,49.6172299585323,4.37941812202522e-06,49.5787918246326,2.6344132764289e-06,49.5787918246326,2.63441327643155e-06,0.465601949080698,0.431229588412502,49.8253776827329,9.64826105181783e-06,0.431231197846883,0.244819539871427,49.6556934872317,4.37943449935847e-06,0.465601937154764,0.465601937154131,49.6220885914667,5.26882655252666e-06
645,49.9126888398551,9.64826099214748e-06,49.7511429407249,4.37943424519258e-06,49.7505025552723,5.2688263042921e-06,49.5614264332856,1.63768733948508e-11,49.6200374456819,4.37941796835485e-06,49.5806804282765,2.6344132107936e-06,49.5806804282765,2.63441321079963e-06,49.7492763102788,4.3794344742033e-06,49.7479955393591,5.26882651951492e-06,49.5000079322435,1.63768734460733e-11,49.6172299568646,4.37941809753238e-06,49.5787918240211,2.63441325929576e-06,49.5787918240211,2.6344132592953e-06,0.465601912490574,0.431229548798634,49.8253776797029,9.64826099302809e-06,0.431231164676101,0.244819521039636,49.6556934849959,4.37943447390262e-06,0.465601925426595,0.465601925426122,49.6220885905086,5.26882651828509e-06
646,49.9126888415031,9.64826105725072e-06,49.7511429432098,4.37943475005335e-06,49.7505025576707,5.26882678860798e-06,49.5614264343951,1.63768736980041e-11,49.6200374475306,4.37941826433232e-06,49.5806804289444,2.63441332987178e-06,49.5806804289444,2.63441332988201e-06,49.7492763128402,4.37943450100483e-06,49.7479955417775,5.26882655453783e-06,49.5000079322432,1.63768736418544e-11,49.6172299587005,4.37941812391188e-06,49.5787918247159,2.63441327773362e-06,49.5787918247159,2.63441327773633e-06,0.46560195229877,0.431229591901645,49.8253776830141,9.64826105630436e-06,0.431231200795305,0.244819541545312,49.655693487448,4.37943450133207e-06,0.465601938207084,0.465601938206282,49.6220885915777,5.26882655516601e-06
647,49.9126888397154,9.64826098583045e-06,49.7511429405217,4.37943420039508e-06,49.7505025550768,5.26882626116362e-06,49.5614264331961,1.63768733705376e-11,49.6200374455362,4.37941794200549e-06,49.5806804282422,2.63441320008179e-06,49.5806804282422,2.6344132001004e-06,49.7492763100689,4.3794344716133e-06,49.7479955391621,5.26882651607477e-06,49.5000079322429,1.63768738377858e-11,49.61722995672,4.37941809497924e-06,49.5787918239846,2.63441325748788e-06,49.5787918239846,2.63441325748706e-06,0.465601908976196,0.431229544996808,49.8253776794223,9.6482609868599e-06,0.431231161506787,0.244819519240346,49.6556934847953,4.37943447125872e-06,0.465601924292318,0.465601924290858,49.6220885904352,5.26882651455071e-06
648,49.9126888416653,9.64826106309746e-06,49.7511429434594,4.37943479830454e-06,49.7505025579121,5.2688268348427e-06,49.5614264345076,1.63768737288809e-11,49.6200374477206,4.37941829260508e-06,49.5806804290279,2.63441334109395e-06,49.5806804290279,2.63441334109339e-06,49.7492763130972,4.37943450339676e-06,49.747995542021,5.26882655767773e-06,49.5000079322425,1.63768737750209e-11,49.6172299588892,4.37941812626311e-06,49.578791824802,2.63441327937347e-06,49.578791824802,2.63441327937516e-06,0.465601956118546,0.431229596037783,49.8253776833399,9.64826106196688e-06,0.431231204277925,0.244819543522472,49.6556934876946,4.37943450378316e-06,0.465601939453079,0.465601939453036,49.6220885916949,5.26882655807549e-06
649,49.9126888395472,9.64826097859952e-06,49.7511429402733,4.37943414750803e-06,49.7505025548374,5.26882621032435e-06,49.561426433086,1.63768733406128e-11,49.6200374453553,4.37941791091937e-06,49.5806804281916,2.63441318751603e-06,49.5806804281916,2.63441318751113e-06,49.7492763098125,4.37943446865097e-06,49.7479955389208,5.2688265121479e-06,49.5000079322422,1.63768734535587e-11,49.6172299565405,4.37941809206167e-06,49.5787918239312,2.63441325542796e-06,49.5787918239311,2.63441325542582e-06,0.465601904812176,0.431229540491116,49.8253776790842,9.64826097982041e-06,0.431231157745559,0.244819517105013,49.6556934845502,4.37943446823192e-06,0.465601922971839,0.465601922971454,49.6220885903407,5.26882651042706e-06
650,49.9126888379919,9.64826092268714e-06,49.7511429376043,4.37943411895508e-06,49.7505025521749,5.26882616001275e-06,49.5614264318808,1.63768730200785e-11,49.6200374430316,4.37941786753819e-06,49.5806804273364,2.63441316265285e-06,49.5806804273363,2.63441316264068e-06,49.7492763071639,4.37943444786732e-06,49.7479955362804,5.26882647696083e-06,49.5000079322419,1.6376873132246e-11,49.6172299542802,4.37941807135303e-06,49.5787918231089,2.63441323795561e-06,49.5787918231089,2.63441323794753e-06,0.46560191400233,0.431229550009163,49.8253776759741,9.64826092383555e-06,0.431231158535815,0.24481951755366,49.6556934819869,4.3794344474436e-06,0.465601921035061,0.465601921034106,49.6220885891808,5.26882647552065e-06
651,49.9126888406157,9.64826101589513e-06,49.7511429416592,4.37943484450597e-06,49.7505025560975,5.26882687531246e-06,49.561426433635,1.63768734979931e-11,49.6200374459457,4.37941832440114e-06,49.5806804282517,2.63441333976222e-06,49.5806804282517,2.63441333976581e-06,49.7492763112918,4.37943448504024e-06,49.7479955401952,5.26882652850497e-06,49.5000079322416,1.63768733287781e-11,49.6172299571381,4.37941810780487e-06,49.5787918240548,2.63441326492228e-06,49.5787918240549,2.63441326492146e-06,0.465601965139557,0.431229605361476,49.8253776812418,9.64826101466679e-06,0.43123120909381,0.244819546256557,49.655693485819,4.37943448552051e-06,0.465601939416041,0.465601939415759,49.6220885907038,5.26882653084885e-06
652,49.9126888385106,9.64826092310842e-06,49.7511429386296,4.379434075337e-06,49.7505025531978,5.26882613354838e-06,49.561426432229,1.63768731124316e-11,49.6200374436814,4.37941786448114e-06,49.5806804273878,2.63441316555398e-06,49.5806804273878,2.6344131655365e-06,49.7492763081401,4.37943444521937e-06,49.7479955372539,5.26882648043241e-06,49.5000079322413,1.63768732666127e-11,49.6172299548699,4.37941806865831e-06,49.5787918231406,2.63441323945974e-06,49.5787918231406,2.63441323945622e-06,0.465601905589453,0.431229540899908,49.8253776770094,9.64826092450585e-06,0.431231155897668,0.244819516055925,49.6556934826611,4.37943444473694e-06,0.465601921953239,0.465601921951867,49.6220885892761,5.26882647871298e-06
653,49.9126888413973,9.64826103055194e-06,49.7511429430857,4.37943488058096e-06,49.7505025575151,5.26882690809533e-06,49.5614264342018,1.63768736500745e-11,49.620037447029,4.37941833430256e-06,49.5806804285623,2.63441335600749e-06,49.5806804285624,2.63441335601277e-06,49.749276312723,4.37943448810678e-06,49.747995541606,5.26882653975769e-06,49.500007932241,1.63768732045977e-11,49.617229958189,4.37941811087117e-06,49.5787918243493,2.63441327064402e-06,49.5787918243493,2.63441327064639e-06,0.465601968452028,0.431229608961222,49.825377682807,9.64826102903498e-06,0.431231214382114,0.244819549258845,49.6556934869793,4.37943448861279e-06,0.465601943172437,0.465601943172022,49.622088591129,5.26882654175824e-06
654,49.9126888387175,9.64826091907698e-06,49.7511429391307,4.37943399975364e-06,49.7505025537101,5.26882606585815e-06,49.5614264324401,1.63768731677083e-11,49.6200374441502,4.37941781659055e-06,49.5806804275464,2.63441314765682e-06,49.5806804275464,2.63441314762636e-06,49.7492763086402,4.37943444104494e-06,49.7479955377711,5.26882648105398e-06,49.5000079322406,1.63768731427324e-11,49.6172299553296,4.37941806455411e-06,49.5787918232814,2.63441323957383e-06,49.5787918232814,2.63441323957028e-06,0.465601898280301,0.43122953296337,49.8253776774211,9.64826092074691e-06,0.431231151507127,0.244819513563317,49.6556934830473,4.37943444046141e-06,0.46560192124317,0.465601921240779,49.6220885894178,5.26882647759885e-06
655,49.9126888419928,9.64826104590368e-06,49.7511429441199,4.37943496119344e-06,49.7505025585343,5.26882699036083e-06,49.5614264346807,1.63768737788548e-11,49.6200374479253,4.37941837994674e-06,49.5806804289194,2.6344133752942e-06,49.5806804289194,2.63441337528518e-06,49.7492763137793,4.37943449257988e-06,49.7479955426375,5.26882655011507e-06,49.5000079322404,1.63768741164103e-11,49.6172299590789,4.37941811528865e-06,49.5787918247016,2.6344132759343e-06,49.5787918247016,2.63441327593666e-06,0.465601973351082,0.431229614250876,49.8253776840006,9.6482610441044e-06,0.431231220230239,0.244819552578956,49.6556934879753,4.37943449318846e-06,0.465601945944336,0.465601945943628,49.6220885915845,5.26882655136251e-06
656,49.9126888387039,9.64826091317245e-06,49.7511429392079,4.3794339182927e-06,49.7505025538014,5.26882599082474e-06,49.5614264325068,1.63768731842842e-11,49.6200374443437,4.37941776817755e-06,49.5806804276765,2.63441312966918e-06,49.5806804276765,2.63441312966444e-06,49.7492763087124,4.3794344376216e-06,49.7479955378668,5.26882647911114e-06,49.50000793224,1.63768732783007e-11,49.6172299555237,4.37941806120674e-06,49.5787918234013,2.63441323855574e-06,49.5787918234013,2.6344132385509e-06,0.465601890555524,0.431229524630912,49.8253776773913,9.64826091517079e-06,0.431231145481454,0.244819510142408,49.6556934831497,4.37943443693985e-06,0.465601919460734,0.465601919460362,49.62208858953,5.26882647730508e-06
657,49.9126888424895,9.64826106303166e-06,49.75114294493,4.37943505641205e-06,49.7505025593293,5.26882708373465e-06,49.5614264350803,1.63768738867294e-11,49.6200374486566,4.37941843578375e-06,49.5806804292511,2.6344133988393e-06,49.5806804292511,2.63441339886287e-06,49.749276314609,4.37943449912109e-06,49.7479955434423,5.26882656009229e-06,49.5000079322397,1.63768739934318e-11,49.6172299598079,4.37941812175641e-06,49.5787918250352,2.63441328116178e-06,49.5787918250353,2.63441328116491e-06,0.465601979777558,0.431229621254902,49.8253776849967,9.64826106092551e-06,0.43123122664686,0.244819556221814,49.6556934888294,4.37943449984868e-06,0.465601948294417,0.465601948292567,49.6220885920282,5.26882656292401e-06
658,49.9126888385222,9.64826090551035e-06,49.7511429389693,4.37943382152496e-06,49.7505025535809,5.26882589926969e-06,49.5614264324392,1.63768731648387e-11,49.6200374442823,4.37941771193027e-06,49.5806804277307,2.63441310810864e-06,49.5806804277307,2.63441310808512e-06,49.7492763084626,4.37943443431826e-06,49.7479955376474,5.26882647538469e-06,49.5000079322394,1.63768728967724e-11,49.6172299554659,4.37941805798841e-06,49.5787918234487,2.63441323657342e-06,49.5787918234487,2.63441323656773e-06,0.465601881982586,0.43122951540541,49.8253776770249,9.64826090781389e-06,0.431231138056141,0.244819505926893,49.6556934829834,4.37943443351742e-06,0.465601916892942,0.465601916891096,49.6220885895387,5.26882647431103e-06
659,49.9126888356204,9.64826080292514e-06,49.7511429339762,4.37943377228519e-06,49.7505025485999,5.26882580936553e-06,49.561426430203,1.63768725700407e-11,49.6200374399718,4.37941763350975e-06,49.5806804261707,2.63441306181036e-06,49.5806804261707,2.6344130617788e-06,49.7492763035098,4.37943439627692e-06,49.7479955327103,5.2688264107072e-06,49.5000079322391,1.63768728356567e-11,49.6172299512768,4.37941802008476e-06,49.5787918219513,2.6344132043903e-06,49.5787918219513,2.63441320437385e-06,0.465601899381572,0.431229533440767,49.8253776712225,9.64826080508283e-06,0.431231139601301,0.244819506804115,49.6556934782311,4.37943439547325e-06,0.465601913237307,0.465601913234829,49.6220885874052,5.26882640861186e-06
660,49.9126888406167,9.64826098248816e-06,49.7511429416879,4.379435147321e-06,49.7505025560612,5.26882716544351e-06,49.561426433554,1.63768734826901e-11,49.6200374455495,4.37941849940301e-06,49.5806804279523,2.63441339692277e-06,49.5806804279524,2.63441339691988e-06,49.74927631136,4.37943446799402e-06,49.7479955401576,5.26882651005383e-06,49.5000079322388,1.63768738100881e-11,49.6172299567487,4.37941809044e-06,49.5787918237904,2.63441325622282e-06,49.5787918237905,2.6344132562213e-06,0.465601995999828,0.43122963803824,49.8253776812533,9.64826098018239e-06,0.431231235076749,0.244823754415909,49.6556934855556,4.37943446890131e-06,0.465601947957285,0.465601947957058,49.6220885903346,5.26882651307915e-06
661,49.912688844479,9.64826110785834e-06,49.7511429484305,4.37943517987356e-06,49.7505025627915,5.26882723286814e-06,49.5614264364931,1.63768742650816e-11,49.620037451246,4.3794185483882e-06,49.5806804299395,2.63441344804135e-06,49.5806804299395,2.63441344805896e-06,49.7492763180492,4.37943451311382e-06,49.7479955468211,5.26882659040758e-06,49.5000079322385,1.6376874266973e-11,49.617229962271,4.37941813551581e-06,49.578791825688,2.63441329627402e-06,49.5787918256881,2.63441329628669e-06,0.465601977485985,0.43122961899905,49.8253776889777,9.6482611055626e-06,0.431231234891371,0.244823754310664,49.655693491767,4.37943451397314e-06,0.465601954417126,0.465601954415743,49.6220885930303,5.26882659357216e-06
662,49.9126888395571,9.64826092255404e-06,49.7511429410042,4.37943367978014e-06,49.7505025556383,5.26882575953753e-06,49.5614264332752,1.63768733861721e-11,49.6200374460195,4.37941760943726e-06,49.580680428315,2.6344130924219e-06,49.580680428315,2.63441309242832e-06,49.7492763104782,4.37943443706926e-06,49.7479955396891,5.26882649044894e-06,49.5000079322381,1.63768731709112e-11,49.6172299571474,4.37941806092178e-06,49.5787918239892,2.63441324392645e-06,49.5787918239892,2.63441324392484e-06,0.465601869769093,0.431229502422953,49.8253776790921,9.64826092511976e-06,0.431231131686644,0.244819502310788,49.6556934846682,4.37943443604672e-06,0.465601918353651,0.465601918353148,49.6220885902379,5.26882648816445e-06
663,49.9126888358585,9.64826080006415e-06,49.7511429345645,4.37943367345698e-06,49.7505025492084,5.2688257198902e-06,49.5614264304979,1.63768726472393e-11,49.6200374406431,4.37941757079775e-06,49.5806804265091,2.63441304136067e-06,49.5806804265091,2.63441304132926e-06,49.749276304111,4.37943439224243e-06,49.7479955333449,5.26882641249834e-06,49.5000079322378,1.63768725926967e-11,49.6172299519548,4.37941801615063e-06,49.5787918222701,2.63441320508988e-06,49.57879182227,2.634413205073e-06,0.465601889604662,0.431229522882578,49.8253776716959,9.64826080255625e-06,0.431231133073407,0.244819503098084,49.6556934787842,4.37943439131504e-06,0.465601912188386,0.465601912185921,49.622088587735,5.26882640897566e-06
664,49.9126888413972,9.64826100681816e-06,49.7511429430052,4.37943527151498e-06,49.7505025573592,5.26882729264165e-06,49.5614264342042,1.63768736576466e-11,49.6200374467646,4.37941857388263e-06,49.5806804285236,2.63441342499793e-06,49.5806804285236,2.63441342500079e-06,49.7492763127119,4.37943447639011e-06,49.74799554148,5.26882652521819e-06,49.5000079322375,1.6376873826581e-11,49.6172299579643,4.37941809874636e-06,49.5787918243585,2.63441326405228e-06,49.5787918243586,2.63441326405035e-06,0.465602002762609,0.431229645406258,49.8253776828176,9.64826100409118e-06,0.431231242820636,0.244823758812361,49.6556934869259,4.37943447745511e-06,0.465601951013294,0.465601951013069,49.6220885910608,5.26882652925724e-06
665,49.9126888456228,9.64826114953492e-06,49.7511429503398,4.37943529847624e-06,49.7505025646818,5.26882735767135e-06,49.5614264374242,1.63768745146949e-11,49.6200374530037,4.37941862802938e-06,49.5806804307302,2.63441348430579e-06,49.5806804307302,2.63441348433903e-06,49.7492763199774,4.37943452863666e-06,49.7479955487191,5.26882661589156e-06,49.5000079322372,1.63768740252178e-11,49.6172299640072,4.37941815092313e-06,49.5787918264696,2.63441330911752e-06,49.5787918264697,2.63441330913227e-06,0.465601981428792,0.431229623466128,49.8253776912683,9.64826114687184e-06,0.431231241838388,0.244823758254708,49.6556934937514,4.37943452962827e-06,0.465601957832264,0.465601957829655,49.62208859405,5.268826618204e-06
666,49.9126888398155,9.64826093556718e-06,49.7511429415054,4.37943357793705e-06,49.7505025561616,5.26882566515253e-06,49.5614264335916,1.63768734688204e-11,49.6200374467329,4.37941754897468e-06,49.5806804287728,2.63441307375174e-06,49.5806804287728,2.63441307372643e-06,49.7492763109734,4.37943444205976e-06,49.7479955402204,5.26882649917157e-06,49.5000079322369,1.63768731886032e-11,49.6172299578578,4.37941806602748e-06,49.5787918244303,2.63441324813939e-06,49.5787918244303,2.63441324813651e-06,0.465601858350579,0.431229490308229,49.8253776796059,9.64826093853026e-06,0.431231122820498,0.24481949727728,49.6556934853308,4.37943444089888e-06,0.465601915766535,0.465601915764548,49.6220885907452,5.26882649712297e-06
667,49.912688835418,9.64826079248086e-06,49.7511429338294,4.37943356363326e-06,49.7505025484983,5.26882561049074e-06,49.5614264302694,1.63768725848177e-11,49.6200374402984,4.37941750228003e-06,49.5806804265896,2.63441301539005e-06,49.5806804265896,2.6344130153804e-06,49.749276303376,4.37943439057234e-06,49.7479955326518,5.26882640729152e-06,49.5000079322366,1.63768726109873e-11,49.6172299516368,4.37941801459804e-06,49.5787918223509,2.63441320247477e-06,49.5787918223508,2.63441320245532e-06,0.465601881209948,0.431229513905165,49.8253776708117,9.64826079534942e-06,0.431231124011374,0.244819497953367,49.6556934783078,4.37943438950424e-06,0.465601908283985,0.465601908283227,49.6220885877606,5.26882640645635e-06
668,49.9126888417082,9.64826103001239e-06,49.7511429433727,4.37943540766247e-06,49.7505025577069,5.26882742454941e-06,49.5614264344456,1.63768737239967e-11,49.620037447163,4.37941865935243e-06,49.5806804288169,2.63441345460606e-06,49.5806804288169,2.63441345463014e-06,49.7492763131017,4.3794344875265e-06,49.7479955418399,5.26882653645367e-06,49.5000079322363,1.63768741043262e-11,49.6172299583733,4.37941810976373e-06,49.5787918246659,2.63441326981542e-06,49.578791824666,2.63441326981427e-06,0.465602012207561,0.431229655726365,49.8253776834432,9.64826102686493e-06,0.431231250556677,0.244823763204359,49.6556934875008,4.37943448876285e-06,0.465601952753567,0.465601952751676,49.6220885914532,5.26882653950815e-06
669,49.9126888464882,9.64826119228796e-06,49.751142951664,4.37943543296117e-06,49.7505025659851,5.26882749268509e-06,49.5614264380681,1.63768746881072e-11,49.6200374541804,4.37941871829316e-06,49.5806804312668,2.63441352159232e-06,49.5806804312668,2.63441352163695e-06,49.7492763213107,4.37943454726348e-06,49.7479955500194,5.26882663925711e-06,49.500007932236,1.63768748212657e-11,49.6172299651646,4.37941816942463e-06,49.5787918270064,2.63441332090393e-06,49.5787918270065,2.63441332092008e-06,0.465601987552372,0.431229630369361,49.8253776930024,9.64826118918336e-06,0.431231249134212,0.24482376239678,49.6556934951863,4.37943454840479e-06,0.465601960582397,0.465601960578894,49.6220885947923,5.26882664054574e-06
670,49.9126888449031,9.64826113814831e-06,49.7511429496271,4.37943452187071e-06,49.7505025641487,5.26882661315968e-06,49.5614264373146,1.63768744722192e-11,49.6200374534804,4.37941814515553e-06,49.5806804313382,2.63441330799155e-06,49.5806804313412,2.6344133076346e-06,49.7492763192726,4.37943452334693e-06,49.7479955483156,5.26882661480108e-06,49.5000079322357,1.63768747617626e-11,49.6172299645763,4.37941814647462e-06,49.5787918269994,2.63441330791026e-06,49.5787918270056,2.63441330732036e-06,0.465601910874909,0.431229548056826,49.8253776898062,9.64826113813979e-06,0.431231181536979,0.244819530611932,49.6556934934351,4.37943452334184e-06,0.465601937828334,0.465601937800315,49.6220885944653,5.26882661684067e-06
671,49.9126888439998,9.64826113596747e-06,49.7511429478395,4.37943453079277e-06,49.7505025623546,5.26882661088517e-06,49.5614264367178,1.63768743138987e-11,49.62003745233,4.37941815125321e-06,49.5806804313646,2.63441330623857e-06,49.5806804313693,2.6344133063059e-06,49.7492763174914,4.37943452773837e-06,49.7479955465217,5.2688266082068e-06,49.5000079322354,1.63768747024497e-11,49.6172299634686,4.37941815086928e-06,49.5787918270538,2.63441330787067e-06,49.5787918270627,2.63441330848534e-06,0.465601918921503,0.43122955635696,49.8253776879997,9.64826113595063e-06,0.431231181943303,0.244819530842611,49.6556934922776,4.37943452774198e-06,0.465601935680253,0.465601935674968,49.6220885944003,5.26882660840238e-06
672,49.9126888429688,9.64826112617677e-06,49.7511429458582,4.37943452643367e-06,49.7505025603775,5.26882659779614e-06,49.5614264359681,1.63768741135376e-11,49.6200374508775,4.37941814941421e-06,49.5806804308897,2.63441329276819e-06,49.5806804308911,2.63441329482125e-06,49.7492763155137,4.37943452745869e-06,49.7479955445522,5.26882659872182e-06,49.5000079322351,1.63768741255824e-11,49.617229962062,4.37941815058803e-06,49.5787918266145,2.63441329805294e-06,49.5787918266183,2.63441329911482e-06,0.465601917662318,0.431229555401448,49.8253776859376,9.64826112618266e-06,0.431231176513733,0.244819527760123,49.6556934907742,4.37943452745822e-06,0.465601930522922,0.465601930361768,49.6220885937633,5.26882659216153e-06
673,49.9126888425169,9.64826112946266e-06,49.7511429448927,4.37943453813879e-06,49.7505025594044,5.26882660061155e-06,49.561426435557,1.63768740052247e-11,49.6200374500444,4.37941815874635e-06,49.5806804306807,2.63441330068656e-06,49.5806804306852,2.63441329401432e-06,49.7492763145159,4.37943453341486e-06,49.7479955435397,5.26882659601737e-06,49.5000079322347,1.63768740665673e-11,49.6172299612178,4.37941815654053e-06,49.5787918264151,2.63441329736626e-06,49.5787918264188,2.63441329825264e-06,0.465601925108564,0.43122956305552,49.8253776850338,9.64826112944956e-06,0.431231179585055,0.244819529503781,49.6556934900016,4.37943453342086e-06,0.465601932010829,0.465601931487096,49.6220885935632,5.26882659350758e-06
674,49.9126888417991,9.6482611163932e-06,49.7511429435647,4.37943453032467e-06,49.7505025580888,5.26882658288025e-06,49.5614264349591,1.63768738451943e-11,49.6200374488851,4.37941815398606e-06,49.5806804302446,2.63441328837849e-06,49.580680430244,2.63441329285639e-06,49.749276313192,4.37943453200362e-06,49.74799554224,5.26882658439943e-06,49.5000079322344,1.63768740077021e-11,49.6172299600925,4.37941815513298e-06,49.5787918259993,2.63441329210494e-06,49.5787918260002,2.63441329328153e-06,0.465601921190255,0.431229559523362,49.8253776835982,9.64826111640195e-06,0.431231174028061,0.244819526348952,49.6556934887928,4.37943453200296e-06,0.465601927462002,0.465601927110512,49.6220885930446,5.26882658605518e-06
675,49.9126888416283,9.64826111956347e-06,49.7511429431638,4.3794345402979e-06,49.7505025576808,5.26882658774231e-06,49.561426434718,1.63768737822943e-11,49.6200374483796,4.37941816145836e-06,49.5806804299727,2.63441329828001e-06,49.5806804299737,2.63441329476741e-06,49.7492763127607,4.3794345359713e-06,49.747995541795,5.26882658356386e-06,49.5000079322341,1.63768739489867e-11,49.6172299595635,4.37941815909491e-06,49.5787918257325,2.63441329153548e-06,49.5787918257316,2.63441329220982e-06,0.465601928553302,0.431229566952758,49.8253776832567,9.64826111955062e-06,0.431231178725617,0.244819529015859,49.6556934883457,4.37943453597654e-06,0.465601928894095,0.465601928618376,49.6220885928124,5.26882659088096e-06
676,49.9126888410833,9.64826110585256e-06,49.7511429421946,4.37943452862902e-06,49.750502556722,5.26882657215024e-06,49.5614264342489,1.63768736564463e-11,49.6200374474742,4.37941815297695e-06,49.5806804295756,2.63441328449861e-06,49.5806804295739,2.63441328727853e-06,49.7492763118035,4.37943453125002e-06,49.7479955408582,5.26882657461993e-06,49.5000079322338,1.63768738904213e-11,49.6172299586886,4.37941815437741e-06,49.5787918253466,2.63441328753213e-06,49.5787918253448,2.63441328807292e-06,0.465601923405169,0.431229561985617,49.8253776821665,9.64826110586e-06,0.431231173459162,0.244819526025975,49.655693487369,4.37943453124626e-06,0.465601926250521,0.465601926032313,49.6220885922591,5.26882657261649e-06
677,49.9126888411113,9.64826111017035e-06,49.7511429421848,4.37943453804471e-06,49.7505025567002,5.26882658087661e-06,49.5614264341705,1.63768736370547e-11,49.6200374472855,4.37941815926372e-06,49.5806804293936,2.63441329115592e-06,49.5806804293952,2.63441328659168e-06,49.7492763117664,4.37943453355535e-06,49.7479955407975,5.26882657658633e-06,49.5000079322335,1.63768738320058e-11,49.6172299584679,4.37941815667732e-06,49.5787918251597,2.63441328782919e-06,49.5787918251596,2.63441328800124e-06,0.465601931125363,0.431229569605751,49.8253776822226,9.648261110151e-06,0.431231179416481,0.244819529408078,49.6556934872352,4.37943453356002e-06,0.465601928916927,0.46560192855866,49.6220885921,5.26882657428178e-06
678,49.9126888406835,9.64826109387538e-06,49.7511429414768,4.37943452419366e-06,49.7505025560029,5.2688265634104e-06,49.5614264338174,1.63768735419785e-11,49.6200374466131,4.3794181488413e-06,49.5806804290558,2.63441328139822e-06,49.5806804290542,2.63441328552463e-06,49.7492763110774,4.37943452741282e-06,49.7479955401292,5.2688265664843e-06,49.5000079322332,1.63768735148877e-11,49.6172299578268,4.37941815054148e-06,49.5787918248298,2.63441328329646e-06,49.5787918248292,2.63441328366298e-06,0.465601924698073,0.431229563364906,49.8253776813668,9.64826109388741e-06,0.431231173756458,0.244819526194757,49.6556934864794,4.37943452741001e-06,0.465601926458012,0.465601926134112,49.6220885917046,5.26882656826638e-06
679,49.9126888408471,9.64826109781664e-06,49.7511429417413,4.37943453396381e-06,49.7505025562548,5.26882657275001e-06,49.5614264338634,1.6376873555778e-11,49.6200374466687,4.3794181551259e-06,49.5806804289637,2.63441329047222e-06,49.5806804289645,2.63441328726072e-06,49.7492763113152,4.37943452939567e-06,49.7479955403424,5.26882656839101e-06,49.5000079322329,1.63768737156245e-11,49.6172299578464,4.37941815251899e-06,49.5787918247326,2.63441328463397e-06,49.578791824732,2.63441328466645e-06,0.465601932763114,0.431229571314889,49.8253776816944,9.64826109779733e-06,0.431231180397129,0.244819529964813,49.655693486592,4.37943452940362e-06,0.465601928761501,0.465601928509416,49.6220885916844,5.26882657631631e-06
680,49.9126888404434,9.64826108122775e-06,49.7511429410899,4.37943451689295e-06,49.7505025556147,5.26882655609095e-06,49.5614264335566,1.637687347278e-11,49.6200374460934,4.37941814201834e-06,49.5806804286537,2.63441327525313e-06,49.5806804286519,2.63441327886231e-06,49.749276310688,4.37943452112955e-06,49.7479955397373,5.26882656012655e-06,49.5000079322325,1.63768733988059e-11,49.617229957307,4.37941814425824e-06,49.5787918244307,2.63441327940011e-06,49.5787918244296,2.63441327954072e-06,0.465601925229986,0.431229563832824,49.8253776808866,9.64826108123907e-06,0.431231174036654,0.24481952635383,49.6556934859118,4.37943452112449e-06,0.465601926395195,0.465601926111895,49.6220885912145,5.26882655719237e-06
681,49.9126888407101,9.64826108842635e-06,49.7511429415327,4.37943452797472e-06,49.7505025560411,5.26882657038614e-06,49.5614264337006,1.63768735129002e-11,49.6200374463377,4.37941814892224e-06,49.5806804286873,2.63441328185858e-06,49.5806804286899,2.63441327612741e-06,49.749276311102,4.37943452287504e-06,49.7479955401191,5.26882656551797e-06,49.5000079322322,1.637687334099e-11,49.6172299575086,4.37941814599714e-06,49.578791824452,2.63441328194968e-06,49.5787918244532,2.63441328184944e-06,0.465601934388069,0.431229572731509,49.8253776814204,9.64826108840407e-06,0.431231181902376,0.244819530819376,49.6556934862194,4.37943452288164e-06,0.465601930432112,0.465601929982248,49.6220885912547,5.2688265558354e-06
682,49.9126888403354,9.64826106951314e-06,49.7511429409626,4.37943450985363e-06,49.7505025554844,5.26882655049259e-06,49.5614264334421,1.63768734425933e-11,49.6200374458634,4.37941813514357e-06,49.5806804284666,2.63441326820934e-06,49.5806804284648,2.63441327370311e-06,49.7492763105611,4.3794345145771e-06,49.7479955396044,5.26882655496716e-06,49.5000079322319,1.63768735421772e-11,49.6172299570744,4.37941813770595e-06,49.5787918242382,2.6344132771218e-06,49.5787918242384,2.63441327743561e-06,0.465601925476511,0.431229563973514,49.8253776806706,9.64826106952387e-06,0.431231174600248,0.244819526673795,49.6556934856349,4.37943451457068e-06,0.465601927449264,0.465601927018034,49.6220885909644,5.26882654855308e-06
683,49.9126888406823,9.64826107692967e-06,49.751142941561,4.37943452296951e-06,49.750502556067,5.2688265645813e-06,49.5614264336578,1.63768735019257e-11,49.6200374462475,4.37941814370745e-06,49.5806804285333,2.6344132836314e-06,49.5806804285341,2.63441328007731e-06,49.7492763111284,4.37943451751259e-06,49.7479955401406,5.26882655938287e-06,49.5000079322316,1.63768732258079e-11,49.6172299574124,4.37941814063457e-06,49.5787918242971,2.63441327969532e-06,49.5787918242962,2.63441327960789e-06,0.465601935368598,0.431229573680312,49.8253776813647,9.64826107691351e-06,0.431231183065097,0.244819531479478,49.6556934860952,4.37943451751835e-06,0.465601930515516,0.46560193023654,49.622088591148,5.26882656165344e-06
684,49.9126888402777,9.64826105736482e-06,49.7511429409412,4.37943450257606e-06,49.750502555463,5.26882654371915e-06,49.561426433393,1.63768734296615e-11,49.6200374457667,4.37941812832834e-06,49.5806804283119,2.63441326943832e-06,49.5806804283093,2.63441327449048e-06,49.7492763105417,4.37943450827033e-06,49.747995539585,5.26882654913233e-06,49.5000079322313,1.63768734272954e-11,49.617229956978,4.37941813140049e-06,49.5787918240854,2.63441327447305e-06,49.5787918240837,2.63441327453602e-06,0.465601925271551,0.431229563704732,49.8253776805553,9.6482610573903e-06,0.431231174759302,0.244819526764094,49.6556934854899,4.37943450826333e-06,0.465601927415447,0.465601927018881,49.6220885908034,5.26882654758901e-06
685,49.9126888407112,9.64826106746502e-06,49.7511429416864,4.37943451893725e-06,49.75050255619,5.26882656094773e-06,49.5614264336788,1.63768735079642e-11,49.6200374462827,4.37941813925103e-06,49.5806804284624,2.63441328846201e-06,49.5806804284647,2.63441328206686e-06,49.7492763112512,4.37943451256085e-06,49.7479955402589,5.2688265548643e-06,49.500007932231,1.63768733700794e-11,49.61722995744,4.37941813568322e-06,49.5787918242227,2.63441327837747e-06,49.5787918242231,2.63441327804474e-06,0.465601936583255,0.43122957482269,49.8253776814225,9.64826106745295e-06,0.431231184576503,0.244819532337537,49.6556934861016,4.37943451256979e-06,0.46560193177491,0.465601931272928,49.6220885911313,5.26882656779617e-06
686,49.9126888402586,9.64826104564637e-06,49.7511429409952,4.37943449610407e-06,49.7505025555181,5.26882653650962e-06,49.5614264333919,1.63768734294863e-11,49.6200374457668,4.37941812227107e-06,49.5806804282331,2.6344132723009e-06,49.5806804282294,2.63441327995547e-06,49.7492763105991,4.37943450280628e-06,49.7479955396444,5.26882654288385e-06,49.5000079322307,1.63768735718673e-11,49.6172299569792,4.37941812593752e-06,49.5787918240069,2.63441327259144e-06,49.578791824005,2.63441327255942e-06,0.465601924643545,0.431229563072174,49.8253776805171,9.64826104567146e-06,0.431231174658992,0.244819526707145,49.6556934854471,4.37943450279908e-06,0.465601927102724,0.465601926501884,49.6220885907945,5.2688265565439e-06
687,49.9126888407361,9.64826106034557e-06,49.751142941788,4.37943451433019e-06,49.7505025562888,5.26882655943056e-06,49.5614264337097,1.63768735165219e-11,49.6200374463404,4.37941813442241e-06,49.5806804284182,2.63441328641283e-06,49.5806804284203,2.63441327883562e-06,49.7492763113515,4.37943450742809e-06,49.7479955403536,5.26882655287241e-06,49.5000079322303,1.63768732560973e-11,49.6172299574929,4.37941813054946e-06,49.5787918241786,2.63441327738233e-06,49.578791824178,2.6344132767447e-06,0.465601937608278,0.431229575682536,49.8253776814724,9.64826106032797e-06,0.431231185731806,0.244819532993428,49.6556934861261,4.37943450743751e-06,0.46560193212406,0.465601931529293,49.6220885910203,5.26882655899044e-06
688,49.9126888402422,9.64826103840193e-06,49.7511429410205,4.37943448984847e-06,49.7505025555412,5.26882653438677e-06,49.5614264334037,1.63768734327545e-11,49.6200374457917,4.37941811625205e-06,49.5806804281944,2.6344132679368e-06,49.5806804281916,2.63441327424123e-06,49.7492763106279,4.37943449712512e-06,49.7479955396686,5.26882654132448e-06,49.50000793223,1.63768734581854e-11,49.6172299570045,4.37941812025601e-06,49.5787918239643,2.63441327049555e-06,49.5787918239633,2.63441327020977e-06,0.465601924304023,0.431229562553264,49.8253776804842,9.64826103843097e-06,0.431231174787247,0.244819526779959,49.6556934854284,4.37943449711565e-06,0.465601928155118,0.465601927660255,49.6220885906821,5.26882654642213e-06
689,49.912688840765,9.64826105608354e-06,49.7511429418772,4.37943451031983e-06,49.750502556373,5.26882656047052e-06,49.5614264337541,1.63768735286595e-11,49.6200374464255,4.37941813008813e-06,49.5806804284503,2.63441327604324e-06,49.5806804284526,2.63441326944294e-06,49.7492763114407,4.37943450276651e-06,49.7479955404328,5.26882655326698e-06,49.5000079322297,1.63768734015694e-11,49.6172299575738,4.37941812588734e-06,49.578791824206,2.63441327651116e-06,49.5787918242063,2.63441327583936e-06,0.465601938469035,0.431229576318252,49.8253776815303,9.64826105606608e-06,0.431231186719711,0.244819533554284,49.6556934861809,4.37943450277544e-06,0.465601932933095,0.46560193241501,49.6220885909011,5.26882653905523e-06
690,49.9126888402523,9.64826103254876e-06,49.7511429410885,4.37943448528933e-06,49.7505025556069,5.2688265322932e-06,49.5614264334405,1.63768734427056e-11,49.6200374458665,4.37941811185011e-06,49.5806804282489,2.63441326448982e-06,49.5806804282464,2.63441327090208e-06,49.7492763106992,4.37943449299543e-06,49.7479955397354,5.26882653960334e-06,49.5000079322294,1.63768730862489e-11,49.6172299570795,4.37941811612718e-06,49.5787918240139,2.6344132694579e-06,49.5787918240136,2.63441326925577e-06,0.465601923903089,0.431229562044366,49.8253776805044,9.64826103256473e-06,0.431231174807126,0.244819526791244,49.6556934854715,4.37943449298564e-06,0.465601929150867,0.465601928647542,49.6220885906651,5.26882653649682e-06
691,49.9126888408287,9.64826105216274e-06,49.751142942034,4.37943450789163e-06,49.7505025565278,5.26882655945279e-06,49.5614264338261,1.63768735480948e-11,49.6200374465668,4.37941812753893e-06,49.580680428465,2.63441327423466e-06,49.5806804284658,2.63441327134556e-06,49.7492763115977,4.37943450008296e-06,49.7479955405856,5.26882655202859e-06,49.5000079322291,1.63768735476442e-11,49.6172299577117,4.37941812320374e-06,49.5787918242176,2.63441327347151e-06,49.5787918242173,2.63441327306522e-06,0.465601938717805,0.431229576494733,49.8253776816577,9.64826105213615e-06,0.431231187241761,0.244819533850663,49.6556934863056,4.37943450009243e-06,0.465601933569592,0.465601933342814,49.6220885909253,5.26882653981738e-06
692,49.9126888402556,9.64826102455148e-06,49.7511429411584,4.37943448233046e-06,49.750502555679,5.26882652625439e-06,49.5614264334692,1.63768734504903e-11,49.6200374459271,4.37941810904527e-06,49.5806804283334,2.63441326827516e-06,49.5806804283324,2.6344132708363e-06,49.7492763107722,4.37943449055026e-06,49.7479955398128,5.26882653405905e-06,49.5000079322288,1.637687349148e-11,49.6172299571426,4.379418113683e-06,49.5787918240989,2.63441326939395e-06,49.5787918240988,2.63441326920932e-06,0.465601923530088,0.431229561766716,49.825377680511,9.64826102459756e-06,0.431231174666585,0.244819526711456,49.6556934855109,4.37943449054001e-06,0.465601928435904,0.465601928234869,49.6220885908209,5.26882654565179e-06
693,49.9126888408615,9.64826104892307e-06,49.7511429421215,4.37943450587664e-06,49.7505025566143,5.2688265590965e-06,49.5614264338669,1.63768735591955e-11,49.6200374466458,4.37941812541019e-06,49.5806804284919,2.63441326801971e-06,49.5806804284936,2.63441326505289e-06,49.7492763116832,4.37943449762229e-06,49.7479955406693,5.26882655124606e-06,49.5000079322285,1.63768734354658e-11,49.6172299577879,4.37941812074211e-06,49.578791824247,2.6344132724675e-06,49.5787918242484,2.63441327229706e-06,0.465601939507438,0.431229577193024,49.8253776817234,9.64826104891017e-06,0.431231187947872,0.244819534251538,49.6556934863695,4.37943449763225e-06,0.465601932994659,0.46560193276178,49.622088590853,5.26882652749282e-06
694,49.9126888402474,9.64826102088638e-06,49.7511429411722,4.37943447897908e-06,49.7505025556923,5.26882652521087e-06,49.5614264334857,1.63768734549971e-11,49.6200374459619,4.37941810586104e-06,49.5806804283873,2.63441326605383e-06,49.5806804283873,2.63441326781861e-06,49.7492763107883,4.37943448756986e-06,49.7479955398279,5.26882653337798e-06,49.5000079322282,1.6376873120746e-11,49.6172299571785,4.37941811070236e-06,49.5787918241487,2.63441326841337e-06,49.5787918241499,2.63441326852834e-06,0.465601923137312,0.431229561279778,49.8253776804946,9.64826102093502e-06,0.431231174597648,0.244819526672319,49.6556934855219,4.37943448755868e-06,0.465601930050812,0.465601929912288,49.6220885908045,5.26882653582197e-06
695,49.9126888409598,9.64826104474969e-06,49.7511429423456,4.37943450730587e-06,49.7505025568381,5.26882655607566e-06,49.5614264339561,1.63768735834148e-11,49.6200374468176,4.37941812619458e-06,49.5806804285881,2.6344132800641e-06,49.5806804285892,2.63441327857851e-06,49.7492763119044,4.37943449774504e-06,49.74799554089,5.26882654693694e-06,49.5000079322279,1.63768738415984e-11,49.6172299579524,4.3794181208645e-06,49.5787918243409,2.63441327286411e-06,49.5787918243419,2.6344132729843e-06,0.46560194038225,0.431229578210984,49.8253776819199,9.64826104469284e-06,0.431231189030829,0.244819534866357,49.6556934865503,4.37943449775594e-06,0.465601932775568,0.465601932658957,49.6220885911541,5.2688265533634e-06
696,49.9126888402107,9.64826101339242e-06,49.7511429411618,4.37943447493909e-06,49.7505025556871,5.26882651771574e-06,49.5614264334766,1.63768734524227e-11,49.6200374459528,4.37941810275218e-06,49.5806804283535,2.63441327089959e-06,49.5806804283518,2.63441327393425e-06,49.7492763107831,4.37943448559555e-06,49.7479955398329,5.26882652786691e-06,49.5000079322275,1.63768732683226e-11,49.6172299571777,4.37941810872966e-06,49.5787918241241,2.63441326700639e-06,49.5787918241229,2.63441326714577e-06,0.465601921574575,0.431229559847153,49.825377680421,9.6482610134326e-06,0.431231173224113,0.244819525892533,49.6556934854882,4.37943448558235e-06,0.465601927741805,0.465601927503602,49.6220885908475,5.26882654675501e-06
697,49.9126888410013,9.64826104607038e-06,49.751142942413,4.37943450681881e-06,49.750502556902,5.26882656056651e-06,49.5614264339941,1.63768735938879e-11,49.6200374468873,4.37941812518092e-06,49.5806804285672,2.63441327433212e-06,49.5806804285694,2.63441326988403e-06,49.7492763119673,4.37943449585176e-06,49.747995540946,5.26882655014383e-06,49.5000079322272,1.63768737306201e-11,49.6172299580159,4.37941811896925e-06,49.5787918243191,2.63441327129752e-06,49.5787918243203,2.63441327130353e-06,0.465601942009778,0.431229579621936,49.825377682003,9.64826104602435e-06,0.431231190455434,0.244819535675137,49.6556934866133,4.3794344958651e-06,0.465601934705392,0.465601934356242,49.6220885910124,5.2688265374918e-06
698,49.9126888401567,9.64826101187073e-06,49.7511429410714,4.37943447066453e-06,49.750502555595,5.26882651842897e-06,49.5614264334578,1.63768734474035e-11,49.6200374459208,4.37941809894014e-06,49.5806804284336,2.63441325502991e-06,49.5806804284321,2.63441325904576e-06,49.749276310698,4.37943448237426e-06,49.7479955397444,5.2688265295761e-06,49.5000079322269,1.63768736753558e-11,49.6172299571505,4.3794181055091e-06,49.5787918241982,2.63441326752845e-06,49.5787918241978,2.63441326772863e-06,0.465601920463752,0.431229558560238,49.825377680313,9.64826101191557e-06,0.431231172487652,0.244819525474427,49.6556934854263,4.3794344823591e-06,0.465601928774794,0.465601928459573,49.6220885907209,5.26882651990854e-06
699,49.9126888411009,9.64826104654262e-06,49.7511429426025,4.37943450928145e-06,49.7505025570871,5.26882656254988e-06,49.5614264340782,1.63768736168703e-11,49.6200374470466,4.37941812665476e-06,49.5806804286803,2.63441327704414e-06,49.5806804286812,2.63441327368045e-06,49.7492763121525,4.37943449629378e-06,49.7479955411225,5.2688265501619e-06,49.5000079322266,1.63768738790979e-11,49.6172299581658,4.37941811941116e-06,49.5787918244267,2.63441327223655e-06,49.5787918244262,2.63441327209834e-06,0.465601943611282,0.431229581217964,49.8253776822022,9.6482610464891e-06,0.431231191991526,0.244819536547211,49.6556934867869,4.37943449630984e-06,0.465601935352606,0.465601935088576,49.6220885911735,5.26882654302062e-06
700,49.9126888401287,9.64826100431393e-06,49.7511429410801,4.37943446815435e-06,49.7505025556096,5.26882650933571e-06,49.5614264334547,1.63768734464825e-11,49.6200374459243,4.37941809728787e-06,49.5806804284278,2.63441326804981e-06,49.5806804284248,2.63441327279586e-06,49.7492763107129,4.37943448193588e-06,49.7479955397708,5.26882652247054e-06,49.5000079322263,1.63768733064204e-11,49.6172299571624,4.37941810507288e-06,49.5787918241983,2.63441326633461e-06,49.5787918241958,2.63441326620886e-06,0.465601918462918,0.431229556819818,49.825377680257,9.64826100437131e-06,0.431231170865082,0.244819524553258,49.6556934854164,4.37943448191891e-06,0.465601927016417,0.465601926643879,49.6220885909294,5.26882654797282e-06
701,49.912688841117,9.64826104848876e-06,49.7511429426157,4.3794345086494e-06,49.7505025570983,5.26882656653905e-06,49.5614264340903,1.63768736203367e-11,49.6200374470679,4.3794181258183e-06,49.580680428647,2.63441326313392e-06,49.5806804286489,2.6344132577402e-06,49.7492763121616,4.37943449490048e-06,49.7479955411277,5.26882655348853e-06,49.500007932226,1.63768740281761e-11,49.6172299581841,4.37941811801615e-06,49.5787918243984,2.63441327118013e-06,49.5787918243988,2.63441327077745e-06,0.465601945014467,0.43122958242148,49.8253776822345,9.64826104840176e-06,0.431231192903058,0.244819537064707,49.6556934868015,4.3794344949174e-06,0.465601935069491,0.465601934646114,49.6220885909277,5.26882651655069e-06
702,49.9126888400771,9.64826100514209e-06,49.7511429409748,4.37943446495989e-06,49.7505025555019,5.26882651238425e-06,49.5614264334313,1.63768734403046e-11,49.6200374458809,4.3794180943635e-06,49.5806804284737,2.63441325327223e-06,49.5806804284734,2.63441325577637e-06,49.7492763106111,4.37943447926223e-06,49.7479955396644,5.268826525979e-06,49.5000079322257,1.63768731969409e-11,49.6172299571218,4.37941810239968e-06,49.5787918242344,2.6344132653106e-06,49.5787918242356,2.63441326527783e-06,0.4656019177679,0.431229555902453,49.8253776801538,9.64826100519804e-06,0.431231170527025,0.244819524361336,49.6556934853497,4.37943447924499e-06,0.465601929965322,0.465601929768761,49.6220885907811,5.26882652204767e-06
703,49.9126888412481,9.64826104756082e-06,49.7511429428775,4.37943451331474e-06,49.750502557358,5.26882656542377e-06,49.5614264341934,1.63768736484376e-11,49.6200374472637,4.37941812931779e-06,49.5806804287995,2.63441327573681e-06,49.5806804288013,2.63441327306259e-06,49.7492763124184,4.37943449729505e-06,49.7479955413805,5.2688265501618e-06,49.5000079322254,1.63768739189975e-11,49.6172299583689,4.37941812040992e-06,49.5787918245447,2.63441327298432e-06,49.5787918245464,2.63441327298302e-06,0.465601946437445,0.431229584043157,49.8253776824967,9.64826104752592e-06,0.43123119442934,0.244819537931212,49.6556934870278,4.37943449731392e-06,0.465601934740664,0.465601934530753,49.6220885913241,5.26882654719066e-06
704,49.9126888400042,9.64826099685994e-06,49.7511429409016,4.37943446113167e-06,49.7505025554373,5.26882650157579e-06,49.5614264333879,1.63768734284188e-11,49.620037445809,4.37941809196274e-06,49.5806804284114,2.63441326538453e-06,49.5806804284086,2.63441327060179e-06,49.7492763105457,4.37943447867894e-06,49.7479955396159,5.26882651829916e-06,49.500007932225,1.6376873088061e-11,49.6172299570636,4.37941810181831e-06,49.5787918241861,2.63441326382947e-06,49.5787918241843,2.63441326392199e-06,0.465601915153563,0.431229553568166,49.8253776800079,9.64826099692982e-06,0.431231168086762,0.244819522975944,49.6556934852572,4.37943447865746e-06,0.465601926183915,0.465601925774389,49.6220885908679,5.26882654263864e-06
705,49.9126888413195,9.6482610512466e-06,49.7511429429822,4.37943451563413e-06,49.7505025574598,5.26882657116142e-06,49.5614264342383,1.63768736609008e-11,49.6200374473432,4.37941813079795e-06,49.5806804287255,2.6344132791902e-06,49.5806804287288,2.63441327212313e-06,49.7492763125146,4.37943449736222e-06,49.747995541471,5.26882655376227e-06,49.5000079322247,1.63768738104185e-11,49.6172299584384,4.37941812047519e-06,49.5787918244719,2.63441327068084e-06,49.5787918244735,2.6344132705142e-06,0.46560194894936,0.431229586390683,49.8253776826395,9.64826105119118e-06,0.431231196505991,0.244819539110173,49.6556934871199,4.37943449738577e-06,0.46560193709132,0.465601936536596,49.6220885912226,5.268826543047e-06
706,49.9126888393107,9.6482609756653e-06,49.7511429397215,4.37943443786318e-06,49.7505025542721,5.26882648152578e-06,49.5614264329139,1.63768733004559e-11,49.6200374449258,4.37941807347875e-06,49.580680428254,2.63441323086451e-06,49.5806804282503,2.63441324061002e-06,49.7492763094043,4.37943446672175e-06,49.7479955385034,5.26882650913774e-06,49.5000079322244,1.6376873497496e-11,49.6172299562421,4.37941808987016e-06,49.5787918240383,2.63441326049973e-06,49.5787918240376,2.63441326094841e-06,0.465601905954889,0.431229544320372,49.8253776786205,9.64826097577952e-06,0.431231159251949,0.244819517960224,49.6556934842134,4.37943446668578e-06,0.465601923362223,0.465601922597255,49.6220885902214,5.26882648177616e-06
707,49.9126888383965,9.64826093811637e-06,49.7511429381514,4.3794344354767e-06,49.7505025526948,5.26882646264635e-06,49.5614264321808,1.6376873107078e-11,49.6200374434746,4.37941806644398e-06,49.5806804276088,2.63441323804251e-06,49.5806804276044,2.63441324676078e-06,49.749276307818,4.3794344558472e-06,49.7479955369032,5.26882648239621e-06,49.5000079322241,1.63768734435807e-11,49.617229954804,4.37941807899404e-06,49.578791823422,2.63441324809051e-06,49.5787918234189,2.63441324878887e-06,0.465601920732585,0.431229559289792,49.8253776767923,9.64826093816464e-06,0.431231166173716,0.244819521889866,49.6556934826735,4.37943445582277e-06,0.465601921913327,0.465601921228992,49.6220885897218,5.26882650319294e-06
708,49.9126888401834,9.64826100646775e-06,49.7511429410271,4.37943449721587e-06,49.7505025554905,5.26882654961674e-06,49.5614264333389,1.63768734224331e-11,49.6200374455553,4.37941811250172e-06,49.5806804279257,2.63441324791931e-06,49.5806804279303,2.63441323975377e-06,49.749276310542,4.3794344766863e-06,49.7479955394704,5.26882652964582e-06,49.5000079322238,1.63768736486737e-11,49.617229956659,4.37941809979192e-06,49.5787918236944,2.6344132554977e-06,49.5787918236974,2.6344132560504e-06,0.465601956221002,0.431229593461591,49.8253776803674,9.64826100639857e-06,0.431231199359848,0.244819540730371,49.655693485171,4.37943447671296e-06,0.46560193700322,0.465601936362271,49.6220885899215,5.26882648064293e-06
709,49.9126888390045,9.64826094841714e-06,49.7511429392652,4.37943443456127e-06,49.7505025537929,5.26882647348247e-06,49.5614264325963,1.63768732180448e-11,49.6200374442484,4.37941806698987e-06,49.5806804277808,2.63441323506557e-06,49.5806804277791,2.63441324248282e-06,49.7492763089055,4.3794344553895e-06,49.7479955379597,5.26882649316191e-06,49.5000079322235,1.63768733362002e-11,49.6172299555204,4.3794180785311e-06,49.5787918235568,2.63441325024933e-06,49.5787918235578,2.63441325136334e-06,0.465601916334879,0.431229554585745,49.8253776780084,9.64826094843192e-06,0.431231166936644,0.244819522322997,49.6556934835017,4.37943445536348e-06,0.46560192864639,0.465601928064179,49.6220885897749,5.26882648265837e-06
710,49.9126888415035,9.64826103544596e-06,49.7511429433999,4.37943452137886e-06,49.7505025578473,5.26882657599456e-06,49.561426434272,1.63768736731838e-11,49.620037447335,4.37941813089378e-06,49.5806804285147,2.63441327415399e-06,49.5806804285167,2.63441326800334e-06,49.7492763128745,4.37943448960857e-06,49.7479955417714,5.26882654562156e-06,49.5000079322232,1.63768735415935e-11,49.6172299583534,4.37941811271025e-06,49.5787918242476,2.6344132657082e-06,49.5787918242469,2.6344132661494e-06,0.465601963847604,0.431229600993597,49.8253776830079,9.64826103530413e-06,0.431231209233142,0.244819546335659,49.6556934871414,4.37943448964688e-06,0.465601940880729,0.465601940397937,49.6220885909324,5.26882653053872e-06
711,49.912688842739,9.64826107348418e-06,49.7511429456158,4.37943452536183e-06,49.750502560079,5.26882659096113e-06,49.5614264352606,1.63768739345205e-11,49.620037449295,4.3794181400912e-06,49.580680429244,2.63441328458795e-06,49.5806804292473,2.63441327718187e-06,49.7492763151121,4.37943450352912e-06,49.7479955440402,5.26882656981375e-06,49.5000079322229,1.63768737471372e-11,49.6172299602975,4.37941812663398e-06,49.5787918249494,2.63441327860835e-06,49.5787918249507,2.63441327860665e-06,0.465601946084786,0.431229583315422,49.8253776854786,9.64826107341833e-06,0.431231201237999,0.244819541796639,49.6556934892144,4.37943450355851e-06,0.465601942165002,0.465601941583667,49.6220885918321,5.26882654982728e-06
712,49.9126888407636,9.64826100333438e-06,49.7511429424054,4.37943445095157e-06,49.7505025569556,5.26882650284232e-06,49.5614264340075,1.63768735928658e-11,49.6200374470563,4.3794180841126e-06,49.580680428934,2.63441324957061e-06,49.5806804289287,2.63441325812137e-06,49.7492763120772,4.37943447612192e-06,49.7479955411756,5.26882652737494e-06,49.5000079322226,1.63768736939721e-11,49.6172299583156,4.37941809927084e-06,49.5787918246844,2.63441326937299e-06,49.5787918246798,2.63441326930082e-06,0.465601905642493,0.431229543822118,49.8253776815264,9.64826100341452e-06,0.431231163854159,0.244819520573001,49.6556934864739,4.37943447608814e-06,0.465601927539792,0.465601926868605,49.6220885911612,5.26882651096821e-06
713,49.9126888423501,9.6482610753614e-06,49.7511429448509,4.37943452812559e-06,49.7505025593207,5.2688265965907e-06,49.5614264350664,1.63768738831716e-11,49.6200374489546,4.37941813997343e-06,49.5806804293945,2.63441327369759e-06,49.5806804293989,2.63441326276814e-06,49.7492763143774,4.379434502702e-06,49.7479955433187,5.26882657248966e-06,49.5000079322222,1.63768738998161e-11,49.6172299600055,4.37941812581e-06,49.5787918251097,2.6344132769621e-06,49.578791825111,2.63441327639837e-06,0.465601952349146,0.431229589345151,49.8253776847011,9.64826107526278e-06,0.431231203040629,0.244819542820032,49.6556934888213,4.37943450273178e-06,0.465601942832088,0.465601941974188,49.6220885918721,5.26882653738085e-06
714,49.9126888403401,9.64826099216946e-06,49.7511429416566,4.37943445303906e-06,49.7505025562109,5.26882648974429e-06,49.561426433775,1.63768735309286e-11,49.6200374466167,4.3794180870058e-06,49.5806804290027,2.6344132768387e-06,49.5806804289996,2.6344132862773e-06,49.7492763113423,4.37943447846832e-06,49.7479955404491,5.26882651387876e-06,49.5000079322219,1.63768733292324e-11,49.6172299579011,4.37941810161571e-06,49.5787918247635,2.63441326798335e-06,49.5787918247639,2.63441326819617e-06,0.465601904141762,0.431229542900852,49.8253776806795,9.64826099229231e-06,0.431231161471271,0.244819519220183,49.6556934860266,4.37943447843645e-06,0.465601925399446,0.46560192465857,49.6220885917559,5.26882657968508e-06
715,49.9126888421045,9.64826107301211e-06,49.7511429443665,4.37943453314326e-06,49.750502558835,5.26882659148898e-06,49.561426434886,1.63768738354462e-11,49.6200374486005,4.37941814457555e-06,49.5806804293173,2.63441328329099e-06,49.5806804293184,2.63441327724547e-06,49.7492763138828,4.37943450658691e-06,49.7479955428217,5.26882656623551e-06,49.5000079322216,1.63768735353763e-11,49.6172299596576,4.37941812969319e-06,49.5787918250618,2.63441327825609e-06,49.5787918250601,2.6344132777281e-06,0.465601955112837,0.431229592427727,49.8253776842099,9.64826107286899e-06,0.431231202741482,0.244819542650199,49.655693488491,4.37943450661896e-06,0.465601935837916,0.465601935363377,49.6220885918748,5.26882655117879e-06
716,49.9126888398935,9.64826099293666e-06,49.7511429407627,4.37943444659418e-06,49.7505025553167,5.26882649097205e-06,49.5614264334399,1.637687344125e-11,49.6200374459682,4.37941808222346e-06,49.5806804287266,2.63441325690724e-06,49.5806804287249,2.63441326033981e-06,49.749276310451,4.37943447505258e-06,49.747995539557,5.26882651808153e-06,49.5000079322213,1.63768734828106e-11,49.6172299572736,4.37941809819969e-06,49.578791824499,2.63441326382557e-06,49.5787918244983,2.63441326351364e-06,0.465601902940961,0.431229541417562,49.8253776797862,9.64826099307629e-06,0.431231158887973,0.244819517753587,49.6556934853295,4.37943447501857e-06,0.465601926759192,0.465601926489755,49.6220885910677,5.26882652782115e-06
717,49.9126888420389,9.64826108338844e-06,49.7511429441362,4.37943453999237e-06,49.7505025585916,5.26882660477222e-06,49.5614264348072,1.6376873815484e-11,49.6200374484254,4.37941814919458e-06,49.5806804293467,2.63441327727789e-06,49.5806804293517,2.63441326913404e-06,49.7492763136358,4.37943450846329e-06,49.7479955425488,5.26882657471648e-06,49.500007932221,1.63768736892548e-11,49.6172299594649,4.37941813156707e-06,49.5787918250757,2.63441327949564e-06,49.57879182508,2.63441327924303e-06,0.465601959747543,0.431229596772837,49.8253776840788,9.64826108327907e-06,0.431231206032085,0.244819544518348,49.6556934883514,4.37943450850344e-06,0.465601940036606,0.465601939397359,49.6220885917053,5.26882652311178e-06
718,49.9126888396362,9.64826098425431e-06,49.7511429403259,4.37943444314706e-06,49.7505025548865,5.26882647818356e-06,49.5614264332383,1.63768733872582e-11,49.6200374455859,4.37941808033344e-06,49.5806804286964,2.63441326852208e-06,49.5806804286919,2.634413279012e-06,49.7492763100234,4.37943447549832e-06,49.7479955391425,5.26882650897598e-06,49.5000079322207,1.6376873378129e-11,49.6172299569099,4.37941809864929e-06,49.5787918244737,2.63441326468556e-06,49.5787918244721,2.63441326488719e-06,0.465601899422526,0.431229538286222,49.8253776792714,9.64826098437788e-06,0.43123115531072,0.244819515722701,49.6556934849286,4.37943447545877e-06,0.465601923048919,0.46560192222552,49.6220885911698,5.26882654522524e-06
719,49.9126888420354,9.64826108623893e-06,49.7511429440914,4.3794345452911e-06,49.7505025585442,5.26882660734454e-06,49.5614264347566,1.63768738027032e-11,49.6200374483135,4.37941815346328e-06,49.5806804291877,2.63441327492759e-06,49.5806804291922,2.63441326455244e-06,49.7492763135767,4.37943451114656e-06,49.7479955424846,5.2688265748578e-06,49.5000079322204,1.63768735848733e-11,49.6172299593421,4.37941813424735e-06,49.5787918249273,2.63441327807079e-06,49.5787918249292,2.63441327784226e-06,0.465601963356058,0.431229600424467,49.8253776840719,9.64826108611032e-06,0.431231208224257,0.244819545762893,49.6556934882729,4.37943451118826e-06,0.465601938988869,0.465601938174479,49.622088591568,5.26882652752738e-06
720,49.9126888383706,9.6482609447963e-06,49.7511429381688,4.3794344056128e-06,49.7505025527592,5.26882643826548e-06,49.5614264323319,1.63768731428382e-11,49.6200374438839,4.37941805118731e-06,49.5806804281827,2.6344132326935e-06,49.580680428178,2.6344132456801e-06,49.7492763079283,4.37943445741783e-06,49.7479955371054,5.26882648772912e-06,49.50000793222,1.63768732740467e-11,49.6172299553136,4.37941808058361e-06,49.5787918239819,2.63441325450678e-06,49.5787918239812,2.63441325515289e-06,0.465601884162323,0.431229523220449,49.8253776767396,9.6482609450004e-06,0.431231140255948,0.244819507175773,49.6556934829697,4.37943445735255e-06,0.465601919295067,0.465601918275692,49.6220885902207,5.26882649272284e-06
721,49.9126888366429,9.64826089347337e-06,49.7511429350521,4.37943439806569e-06,49.7505025496144,5.26882642624623e-06,49.5614264309479,1.63768727774403e-11,49.6200374411371,4.37941803489527e-06,49.5806804271912,2.63441319412376e-06,49.5806804271857,2.63441320488449e-06,49.7492763047795,4.37943443327495e-06,49.7479955339013,5.26882646042889e-06,49.5000079322197,1.63768729633693e-11,49.6172299525865,4.37941805643595e-06,49.578791823029,2.63441323504623e-06,49.578791823025,2.63441323596033e-06,0.465601912757672,0.431229551212476,49.8253776732849,9.64826089359576e-06,0.431231153957006,0.244819514954168,49.6556934800343,4.37943443323002e-06,0.46560191867052,0.465601917825863,49.6220885886225,5.26882641876182e-06
722,49.9126888411531,9.64826104547615e-06,49.7511429425218,4.37943455311937e-06,49.7505025569195,5.26882660605193e-06,49.561426433938,1.63768735897378e-11,49.6200374465825,4.37941815279622e-06,49.5806804283222,2.6344133096189e-06,49.5806804283339,2.6344132889169e-06,49.7492763119154,4.37943449522294e-06,49.7479955407153,5.26882654988367e-06,49.5000079322194,1.63768736882848e-11,49.6172299575174,4.3794181182993e-06,49.5787918240499,2.63441325924867e-06,49.5787918240582,2.6344132598148e-06,0.4656019898492,0.431229626636207,49.8253776823079,9.64826104527674e-06,0.431231227858796,0.244819556909857,49.6556934865364,4.37943449529939e-06,0.465601951104985,0.465601949479995,49.6220885910045,5.26882656061207e-06
723,49.9126888434861,9.64826111645474e-06,49.7511429466928,4.37943455696393e-06,49.7505025611155,5.26882663408621e-06,49.5614264357165,1.63768740599308e-11,49.6200374500978,4.37941816559635e-06,49.5806804296254,2.63441329099216e-06,49.5806804296341,2.63441327521867e-06,49.7492763161078,4.3794345189654e-06,49.7479955449562,5.26882659725085e-06,49.5000079322191,1.63768738956298e-11,49.617229960991,4.37941814205253e-06,49.5787918253032,2.63441328548453e-06,49.5787918253095,2.63441328542114e-06,0.465601959711815,0.431229596428855,49.8253776869733,9.64826111636557e-06,0.431231213558099,0.244819548791033,49.6556934902561,4.37943451901174e-06,0.465601948629815,0.465601947391686,49.6220885922932,5.26882655652025e-06
724,49.9126888394023,9.64826094905165e-06,49.7511429402124,4.37943440567618e-06,49.7505025548222,5.26882643103092e-06,49.561426433064,1.63768733376544e-11,49.6200374453316,4.37941805177987e-06,49.5806804287126,2.63441327157461e-06,49.5806804287014,2.63441329082219e-06,49.74927630998,4.37943446294325e-06,49.747995539195,5.26882648648665e-06,49.5000079322188,1.63768735854024e-11,49.6172299567409,4.37941808612176e-06,49.578791824488,2.6344132631701e-06,49.5787918244794,2.63441326313364e-06,0.465601876695991,0.431229516192373,49.825377678803,9.64826094924319e-06,0.431231137991076,0.244819505889954,49.6556934844736,4.37943446286954e-06,0.465601918238871,0.465601916728045,49.6220885915929,5.26882659922103e-06
725,49.9126888372886,9.64826089892995e-06,49.7511429363237,4.37943439706397e-06,49.7505025508987,5.26882642943137e-06,49.5614264314646,1.63768729148673e-11,49.6200374421665,4.37941803470409e-06,49.5806804275846,2.63441323364817e-06,49.5806804275794,2.63441324204265e-06,49.7492763060708,4.37943443392593e-06,49.7479955352178,5.26882646524243e-06,49.5000079322185,1.63768730164628e-11,49.6172299536122,4.37941805708756e-06,49.5787918234139,2.63441323968443e-06,49.5787918234094,2.63441323993567e-06,0.465601908415859,0.431229546825212,49.8253776745762,9.64826089903363e-06,0.431231153867454,0.244819514903327,49.6556934810711,4.3794344338794e-06,0.465601919139941,0.465601918481022,49.6220885895837,5.26882648994797e-06
726,49.9126888417325,9.64826106228017e-06,49.7511429435601,4.37943455621587e-06,49.7505025579529,5.26882662424326e-06,49.5614264344229,1.63768737192959e-11,49.6200374475364,4.37941815482464e-06,49.5806804287584,2.63441330953819e-06,49.5806804287725,2.634413287735e-06,49.7492763129612,4.37943449603107e-06,49.7479955417516,5.26882656586232e-06,49.5000079322182,1.63768737419802e-11,49.6172299584563,4.37941811910549e-06,49.5787918244795,2.63441326617971e-06,49.578791824492,2.63441326666389e-06,0.465601989811573,0.431229626096804,49.8253776834666,9.64826106206874e-06,0.43123122997639,0.244819558112062,49.655693487513,4.37943449610884e-06,0.465601951096551,0.465601949385124,49.6220885914883,5.26882656669295e-06
727,49.9126888439273,9.64826112594633e-06,49.7511429475163,4.37943455914935e-06,49.7505025619414,5.26882664013437e-06,49.5614264361104,1.63768741650253e-11,49.6200374508839,4.37941816799132e-06,49.5806804299115,2.63441329936351e-06,49.5806804299182,2.63441328656343e-06,49.7492763169423,4.37943452177449e-06,49.7479955457954,5.2688266039216e-06,49.5000079322179,1.6376874467649e-11,49.6172299617748,4.37941814486264e-06,49.5787918255971,2.63441329150325e-06,49.5787918256015,2.63441329118128e-06,0.465601957345017,0.431229594001638,49.8253776878558,9.6482611257743e-06,0.431231213082107,0.244819548520802,49.655693491065,4.37943452182026e-06,0.465601945111687,0.465601944106953,49.6220885927742,5.26882658335035e-06
728,49.912688839437,9.64826096274144e-06,49.7511429402011,4.37943439709807e-06,49.7505025548092,5.26882644526427e-06,49.5614264331536,1.6376873360909e-11,49.6200374455334,4.37941804504684e-06,49.5806804287895,2.63441322016124e-06,49.5806804287769,2.63441323852641e-06,49.7492763099874,4.37943445838776e-06,49.7479955391988,5.26882650475127e-06,49.5000079322175,1.63768733814352e-11,49.6172299569649,4.37941808156812e-06,49.5787918245768,2.63441326597372e-06,49.5787918245653,2.63441326526657e-06,0.465601873355834,0.431229512081366,49.8253776788722,9.64826096294746e-06,0.431231134998598,0.244819504191058,49.6556934846161,4.37943445830842e-06,0.465601916082152,0.46560191464059,49.6220885908084,5.26882649118488e-06
729,49.9126888371555,9.64826089398731e-06,49.7511429361165,4.37943439212558e-06,49.7505025506977,5.26882642254576e-06,49.5614264314109,1.63768729004634e-11,49.6200374420897,4.37941803082066e-06,49.5806804275315,2.63441320616665e-06,49.5806804275236,2.63441322008504e-06,49.749276305883,4.37943443250603e-06,49.7479955350422,5.26882646174827e-06,49.5000079322172,1.63768730719556e-11,49.6172299535631,4.37941805567212e-06,49.5787918233735,2.63441324126275e-06,49.5787918233676,2.63441324121238e-06,0.465601905092991,0.431229543617137,49.8253776743099,9.64826089416328e-06,0.431231150451002,0.244819512963731,49.6556934809526,4.37943443245422e-06,0.465601915701536,0.465601914609022,49.6220885892204,5.26882645320438e-06
730,49.9126888419749,9.64826106828534e-06,49.7511429439676,4.37943460235981e-06,49.7505025583539,5.268826663138e-06,49.5614264346085,1.63768737699791e-11,49.6200374478722,4.37941818523779e-06,49.5806804287131,2.63441331917057e-06,49.5806804287264,2.63441329816932e-06,49.74927631337,4.37943450191235e-06,49.7479955421506,5.2688265657378e-06,49.5000079322169,1.63768740569371e-11,49.6172299587861,4.37941812494776e-06,49.5787918244397,2.63441326741675e-06,49.5787918244513,2.63441326762093e-06,0.46560199416575,0.431229630921127,49.8253776839526,9.64826106798137e-06,0.431231233813353,0.244823753698639,49.655693487933,4.3794345020433e-06,0.465601952270519,0.46560195062204,49.6220885915581,5.2688265810757e-06
731,49.9126888444927,9.64826114565275e-06,49.7511429484114,4.37943474685531e-06,49.7505025628161,5.26882681891702e-06,49.5614264365541,1.63768742845881e-11,49.6200374516603,4.37941828687811e-06,49.5806804304097,2.63441335306111e-06,49.5806804304116,2.63441335322296e-06,49.7492763178964,4.37943453306682e-06,49.7479955467228,5.26882661127246e-06,49.5000079322166,1.6376874265483e-11,49.6172299625825,4.37941815598349e-06,49.5787918260941,2.63441330549934e-06,49.5787918260978,2.63441330586448e-06,0.465601960634224,0.431229598844491,49.8253776889915,9.64826114507014e-06,0.43123121805922,0.24481955134642,49.6556934920433,4.37943453333992e-06,0.465601947590257,0.465601947577552,49.6220885935455,5.26882661166383e-06
732,49.9126888391695,9.64826095605434e-06,49.7511429398612,4.37943410911044e-06,49.7505025545,5.26882616748496e-06,49.5614264329938,1.63768733166136e-11,49.6200374453772,4.37941787268434e-06,49.5806804283591,2.63441317387254e-06,49.5806804283572,2.63441317339175e-06,49.7492763095561,4.37943445585113e-06,49.7479955388073,5.26882650237869e-06,49.5000079322163,1.63768734387282e-11,49.6172299567453,4.3794180792918e-06,49.578791824118,2.6344132512992e-06,49.5787918241143,2.63441325094718e-06,0.465601863746656,0.431229500322087,49.8253776783292,9.6482609571176e-06,0.43123112518066,0.244819498617196,49.6556934842681,4.37943445539258e-06,0.46560191325726,0.465601913219521,49.6220885904123,5.26882650201605e-06
733,49.9126888364144,9.64826086821485e-06,49.7511429349365,4.37943418693501e-06,49.7505025495468,5.26882621415195e-06,49.5614264308531,1.63768727507375e-11,49.6200374411219,4.37941790120133e-06,49.5806804268273,2.6344131669879e-06,49.5806804268266,2.63441316647501e-06,49.749276304649,4.37943442498814e-06,49.7479955338512,5.26882644470096e-06,49.500007932216,1.63768731298472e-11,49.6172299525802,4.37941804835785e-06,49.5787918226652,2.63441322256278e-06,49.5787918226638,2.63441322208164e-06,0.465601899710543,0.431229537030699,49.825377672822,9.64826086903759e-06,0.431231142562561,0.244819508485288,49.6556934797748,4.37943442468895e-06,0.465601913644827,0.465601913604567,49.6220885884027,5.26882644444504e-06
734,49.9126888423152,9.64826107919697e-06,49.7511429444052,4.37943489485773e-06,49.750502558765,5.26882693714356e-06,49.5614264347946,1.63768738225266e-11,49.6200374480735,4.37941836349827e-06,49.5806804290782,2.63441336191139e-06,49.5806804290782,2.63441336163961e-06,49.7492763138818,4.37943451106767e-06,49.7479955426312,5.26882656574905e-06,49.5000079322157,1.63768741154312e-11,49.617229959038,4.37941813384352e-06,49.5787918248336,2.6344132831554e-06,49.5787918248338,2.63441328274353e-06,0.465602006961087,0.431229646107668,49.8253776846413,9.64826107813951e-06,0.43123124575002,0.244823760475466,49.6556934883875,4.37943451157025e-06,0.465601951659569,0.465601951638237,49.6220885918469,5.26882656586076e-06
735,49.9126888453782,9.64826117795789e-06,49.751142949872,4.37943480929604e-06,49.7505025642618,5.26882688528052e-06,49.5614264371756,1.6376874452174e-11,49.6200374528062,4.37941833160472e-06,49.5806804307718,2.63441337646342e-06,49.5806804307721,2.634413376219e-06,49.7492763193292,4.37943454598419e-06,49.7479955481293,5.2688266303587e-06,49.5000079322154,1.63768745834408e-11,49.6172299636681,4.379418168841e-06,49.5787918264411,2.63441331536409e-06,49.5787918264417,2.63441331504738e-06,0.465601967199124,0.431229605551773,49.825377690764,9.64826117717439e-06,0.431231226637268,0.244819556216368,49.6556934933905,4.37943454631386e-06,0.465601951883714,0.465601951864529,49.6220885940847,5.26882663053038e-06
736,49.912688838858,9.64826094590801e-06,49.7511429394029,4.37943402666608e-06,49.7505025540687,5.26882608591345e-06,49.561426432823,1.6376873268753e-11,49.6200374451322,4.37941782089654e-06,49.5806804282882,2.63441316117367e-06,49.5806804282886,2.63441316083167e-06,49.7492763091218,4.37943445153188e-06,49.7479955384204,5.26882649703178e-06,49.500007932215,1.63768732395566e-11,49.6172299565404,4.37941807504575e-06,49.5787918240473,2.63441324849817e-06,49.5787918240482,2.63441324829727e-06,0.465601848446294,0.431229484787028,49.825377677704,9.64826094722866e-06,0.431231112346193,0.244819491330784,49.6556934838845,4.37943445097335e-06,0.465601909857704,0.465601909830859,49.6220885902828,5.2688264962253e-06
737,49.9126888347658,9.64826082038408e-06,49.7511429319871,4.37943423658788e-06,49.7505025465869,5.26882624614474e-06,49.5614264296305,1.63768724287443e-11,49.6200374387226,4.3794179256244e-06,49.5806804260519,2.63441316826897e-06,49.5806804260523,2.63441316802428e-06,49.7492763017422,4.37943440848409e-06,49.7479955309283,5.26882641285159e-06,49.5000079322147,1.63768726723931e-11,49.6172299502682,4.3794180317848e-06,49.5787918219378,2.63441320662384e-06,49.5787918219384,2.63441320649596e-06,0.465601928467482,0.431229566042299,49.8253776695267,9.6482608208089e-06,0.431231158468318,0.24481951751534,49.6556934772213,4.3794344082653e-06,0.465601916721528,0.465601916702321,49.6220885873833,5.26882641498924e-06
738,49.9126888363125,9.6482608598941e-06,49.7511429344272,4.37943442603948e-06,49.7505025489101,5.2688264336111e-06,49.5614264304184,1.63768726453211e-11,49.620037439886,4.37941804983742e-06,49.580680426045,2.6344132169686e-06,49.5806804260451,2.63441321703737e-06,49.7492763039671,4.37943442628425e-06,49.7479955329331,5.26882643360037e-06,49.5000079322144,1.63768726230948e-11,49.6172299511395,4.3794180494087e-06,49.5787918218974,2.63441321693672e-06,49.5787918218978,2.63441321686386e-06,0.465601952801671,0.431229591182153,49.8253776726251,9.64826085988352e-06,0.431231183739128,0.24481953186214,49.6556934789565,4.3794344262833e-06,0.465601925481928,0.465601925476529,49.6220885876081,5.26882643374211e-06
739,49.9126888374427,9.64826087145441e-06,49.7511429365861,4.37943442613392e-06,49.7505025510748,5.26882644390251e-06,49.5614264311491,1.63768728400608e-11,49.620037441292,4.37941805030731e-06,49.580680426218,2.63441322276131e-06,49.580680426218,2.63441322285432e-06,49.749276306111,4.37943442690654e-06,49.7479955350882,5.26882644454846e-06,49.5000079322141,1.63768728328311e-11,49.6172299524903,4.37941805003021e-06,49.5787918220344,2.63441322235055e-06,49.5787918220345,2.63441322231133e-06,0.465601947817844,0.431229585967596,49.8253776748855,9.64826087145502e-06,0.431231185913391,0.244819533096518,49.6556934804222,4.37943442690448e-06,0.465601930049407,0.465601930042106,49.6220885878995,5.26882644465059e-06
740,49.9126888383299,9.64826088024426e-06,49.7511429383078,4.3794344240816e-06,49.7505025528013,5.26882645327577e-06,49.5614264318021,1.63768730139205e-11,49.6200374425729,4.3794180483441e-06,49.5806804265342,2.63441322723197e-06,49.5806804265342,2.63441322735338e-06,49.7492763078456,4.37943442553018e-06,49.7479955368324,5.26882645472277e-06,49.5000079322138,1.63768730427107e-11,49.6172299537468,4.37941804865447e-06,49.5787918223227,2.63441322736097e-06,49.5787918223228,2.63441322735148e-06,0.465601944006785,0.431229581839027,49.8253776766598,9.6482608802562e-06,0.431231187566149,0.244819534034825,49.6556934817168,4.37943442552569e-06,0.465601933161257,0.465601933151726,49.6220885883115,5.26882645375736e-06
741,49.9126888390161,9.64826088808911e-06,49.7511429396373,4.3794344232398e-06,49.7505025541298,5.26882646225132e-06,49.561426432368,1.6376873164628e-11,49.6200374436898,4.37941804727164e-06,49.5806804269106,2.63441323154956e-06,49.5806804269106,2.63441323171739e-06,49.749276309191,4.37943442453132e-06,49.747995538176,5.26882646356179e-06,49.5000079322135,1.63768732527401e-11,49.6172299548493,4.37941804765719e-06,49.5787918226802,2.63441323178099e-06,49.5787918226803,2.63441323180521e-06,0.465601941494216,0.431229579041343,49.8253776780323,9.64826088808604e-06,0.431231188774988,0.24481953472111,49.6556934828404,4.37943442452888e-06,0.465601934985181,0.465601934972006,49.6220885887746,5.26882646284503e-06
742,49.9126888395458,9.64826089578803e-06,49.7511429406529,4.37943442354756e-06,49.7505025551431,5.26882647004835e-06,49.5614264328451,1.63768732916395e-11,49.620037444636,4.3794180473362e-06,49.5806804272911,2.63441323549842e-06,49.5806804272911,2.63441323564765e-06,49.7492763102208,4.37943442465299e-06,49.7479955392011,5.26882647113968e-06,49.5000079322132,1.63768732040551e-11,49.6172299557883,4.37941804777978e-06,49.5787918230486,2.63441323558175e-06,49.5787918230486,2.63441323562827e-06,0.465601939520001,0.431229576857748,49.8253776790916,9.64826089578219e-06,0.431231189273285,0.244819535004005,49.6556934837947,4.37943442465075e-06,0.465601936020675,0.465601936008961,49.6220885892294,5.26882647112052e-06
743,49.912688839945,9.64826090359876e-06,49.7511429414037,4.37943442490793e-06,49.7505025558926,5.26882647682056e-06,49.5614264332313,1.6376873394393e-11,49.6200374454049,4.37941804851138e-06,49.5806804276492,2.63441323875426e-06,49.5806804276491,2.63441323887306e-06,49.7492763109829,4.37943442585986e-06,49.7479955399605,5.26882647774456e-06,49.5000079322129,1.63768736732494e-11,49.6172299565546,4.37941804898665e-06,49.5787918233988,2.63441323886854e-06,49.5787918233988,2.63441323892346e-06,0.465601937919612,0.431229575118377,49.82537767989,9.64826090360202e-06,0.431231189308119,0.244819535023781,49.6556934845753,4.37943442585765e-06,0.465601936589715,0.46560193658039,49.6220885896448,5.26882647773527e-06
744,49.9126888402457,9.64826091173785e-06,49.7511429419517,4.37943442737701e-06,49.7505025564405,5.26882648295537e-06,49.5614264335372,1.63768734757788e-11,49.6200374460154,4.3794180507829e-06,49.5806804279738,2.63441324163117e-06,49.5806804279737,2.63441324172593e-06,49.7492763115387,4.3794344280867e-06,49.7479955405161,5.26882648365526e-06,49.5000079322125,1.63768733659997e-11,49.6172299571647,4.37941805121394e-06,49.5787918237185,2.634413241808e-06,49.5787918237185,2.63441324186266e-06,0.465601936723396,0.43122957384171,49.8253776804914,9.64826091174109e-06,0.43123118912136,0.244819534917753,49.6556934852031,4.37943442808592e-06,0.465601936829948,0.465601936822509,49.6220885900174,5.2688264834951e-06
745,49.9126888404662,9.648260919937e-06,49.7511429423367,4.37943443049304e-06,49.7505025568264,5.26882648829708e-06,49.5614264337709,1.63768735379506e-11,49.6200374464835,4.37941805378619e-06,49.5806804282555,2.63441324424041e-06,49.5806804282555,2.63441324433138e-06,49.7492763119292,4.37943443106388e-06,49.7479955409085,5.26882648887687e-06,49.5000079322122,1.63768738354946e-11,49.617229957634,4.37941805419081e-06,49.5787918239978,2.63441324442159e-06,49.5787918239977,2.634413244472e-06,0.465601935688469,0.431229572776963,49.8253776809325,9.64826091994018e-06,0.431231188696397,0.244819534676492,49.6556934856922,4.3794344310636e-06,0.465601936767692,0.465601936760552,49.6220885903414,5.26882648878745e-06
746,49.9126888406261,9.64826092819495e-06,49.7511429425979,4.37943443418805e-06,49.7505025570889,5.26882649315729e-06,49.5614264339445,1.63768735841463e-11,49.6200374468321,4.3794180574035e-06,49.5806804284922,2.63441324662756e-06,49.5806804284922,2.63441324668796e-06,49.749276312194,4.37943443460719e-06,49.7479955411759,5.26882649358982e-06,49.5000079322119,1.63768732696792e-11,49.6172299579845,4.37941805773452e-06,49.5787918242335,2.63441324677861e-06,49.5787918242334,2.63441324682227e-06,0.465601934913502,0.4312295720067,49.8253776812522,9.64826092819567e-06,0.431231188214761,0.244819534403057,49.6556934860657,4.37943443460699e-06,0.465601936539779,0.465601936535038,49.6220885906146,5.26882649352774e-06
747,49.9126888407378,9.64826093632131e-06,49.7511429427627,4.37943443814361e-06,49.7505025572552,5.26882649747553e-06,49.561426434068,1.63768736169833e-11,49.620037447081,4.37941806134733e-06,49.5806804286844,2.63441324872747e-06,49.5806804286844,2.63441324877285e-06,49.7492763123612,4.37943443849528e-06,49.7479955413461,5.26882649782794e-06,49.5000079322116,1.63768732217437e-11,49.6172299582357,4.37941806162227e-06,49.5787918244259,2.63441324889794e-06,49.5787918244258,2.6344132489347e-06,0.465601934250401,0.43122957137527,49.8253776814757,9.64826093632291e-06,0.43123118765268,0.244819534083951,49.6556934863413,4.37943443849326e-06,0.46560193620692,0.465601936203358,49.6220885908384,5.26882649776144e-06
748,49.9126888408138,9.64826094423305e-06,49.7511429428565,4.37943444232281e-06,49.7505025573504,5.26882650138672e-06,49.5614264341514,1.63768736391974e-11,49.6200374472501,4.37941806548333e-06,49.5806804288358,2.63441325069858e-06,49.5806804288358,2.63441325073252e-06,49.7492763124562,4.37943444258304e-06,49.7479955414441,5.26882650165112e-06,49.5000079322113,1.63768736916892e-11,49.6172299584073,4.37941806571006e-06,49.5787918245781,2.6344132508142e-06,49.578791824578,2.63441325084448e-06,0.465601933742003,0.431229570918223,49.8253776816275,9.6482609442337e-06,0.431231187096835,0.244819533768385,49.6556934865387,4.37943444258326e-06,0.465601935822598,0.465601935819934,49.6220885910183,5.26882650164953e-06
749,49.9126888408617,9.64826095180779e-06,49.7511429428961,4.37943444652614e-06,49.7505025573916,5.26882650491902e-06,49.5614264342027,1.63768736528568e-11,49.6200374473549,4.37941806964499e-06,49.5806804289504,2.63441325243234e-06,49.5806804289504,2.63441325245329e-06,49.7492763124964,4.37943444670643e-06,49.7479955414874,5.26882650510215e-06,49.500007932211,1.63768736440537e-11,49.6172299585146,4.37941806983363e-06,49.5787918246938,2.63441325254079e-06,49.5787918246938,2.63441325256528e-06,0.465601933308131,0.431229570548037,49.8253776817234,9.64826095180797e-06,0.431231186531466,0.244819533447413,49.6556934866721,4.37943444670691e-06,0.46560193540636,0.465601935404716,49.6220885911575,5.26882650509469e-06
750,49.9126888408894,9.64826095899593e-06,49.7511429428976,4.37943445062658e-06,49.7505025573945,5.26882650809699e-06,49.5614264342294,1.63768736599951e-11,49.6200374474106,4.37941807374876e-06,49.5806804290336,2.63441325401637e-06,49.5806804290335,2.63441325405259e-06,49.749276312498,4.37943445076398e-06,49.7479955414919,5.26882650823281e-06,49.5000079322107,1.6376873596568e-11,49.6172299585725,4.379418073891e-06,49.5787918247784,2.63441325410781e-06,49.5787918247783,2.63441325412696e-06,0.465601932973461,0.431229570282618,49.8253776817788,9.64826095899753e-06,0.431231186007193,0.244819533149772,49.655693486756,4.37943445076507e-06,0.46560193500275,0.465601934999908,49.6220885912628,5.26882650823336e-06
751,49.9126888409018,9.648260965723e-06,49.7511429428716,4.37943445453816e-06,49.7505025573699,5.26882651096321e-06,49.5614264342373,1.63768736621221e-11,49.6200374474284,4.37941807765574e-06,49.58068042909,2.6344132554445e-06,49.58068042909,2.63441325547131e-06,49.7492763124717,4.37943445465719e-06,49.7479955414684,5.26882651106657e-06,49.5000079322104,1.63768735492321e-11,49.6172299585924,4.37941807778337e-06,49.5787918248363,2.63441325552632e-06,49.5787918248363,2.63441325554065e-06,0.465601932687849,0.431229570067985,49.8253776818035,9.64826096572324e-06,0.431231185507924,0.244819532866325,49.655693486801,4.37943445465771e-06,0.465601934603153,0.465601934601048,49.6220885913391,5.26882651106825e-06
752,49.9126888409034,9.64826097197074e-06,49.7511429428274,4.37943445825856e-06,49.7505025573271,5.26882651356611e-06,49.5614264342314,1.63768736606239e-11,49.6200374474187,4.37941808135615e-06,49.5806804291246,2.63441325674341e-06,49.5806804291245,2.63441325676943e-06,49.749276312427,4.37943445832917e-06,49.7479955414263,5.26882651364193e-06,49.50000793221,1.63768735020459e-11,49.6172299585846,4.37941808145553e-06,49.5787918248723,2.63441325681553e-06,49.5787918248723,2.63441325682573e-06,0.465601932465295,0.431229569916012,49.8253776818068,9.64826097197147e-06,0.431231185059189,0.244819532611569,49.6556934868171,4.37943445832934e-06,0.465601934232228,0.465601934230186,49.6220885913915,5.26882651364394e-06
753,49.9126888408973,9.64826097771357e-06,49.7511429427715,4.37943446168574e-06,49.7505025572723,5.26882651593823e-06,49.5614264342159,1.63768736565208e-11,49.6200374473893,4.37941808478508e-06,49.5806804291414,2.63441325792613e-06,49.5806804291414,2.63441325794391e-06,49.7492763123703,4.37943446173359e-06,49.7479955413721,5.26882651597934e-06,49.5000079322097,1.63768734550095e-11,49.6172299585568,4.3794180848606e-06,49.5787918248905,2.6344132579844e-06,49.5787918248905,2.63441325799149e-06,0.465601932277493,0.431229569793693,49.8253776817946,9.64826097771311e-06,0.431231184648794,0.244819532378578,49.6556934868116,4.3794344617354e-06,0.465601933886434,0.465601933885038,49.6220885914244,5.26882651596316e-06
754,49.9126888408862,9.64826098295459e-06,49.7511429427092,4.37943446483198e-06,49.7505025572111,5.2688265180896e-06,49.5614264341938,1.63768736507189e-11,49.6200374473468,4.37941808796006e-06,49.5806804291443,2.63441325900215e-06,49.5806804291443,2.63441325900318e-06,49.7492763123074,4.37943446485581e-06,49.7479955413112,5.26882651809908e-06,49.5000079322094,1.63768736669896e-11,49.6172299585157,4.37941808798262e-06,49.5787918248948,2.63441325904593e-06,49.5787918248947,2.63441325905011e-06,0.465601932130788,0.431229569707384,49.8253776817724,9.64826098295361e-06,0.431231184287299,0.244819532173349,49.6556934867911,4.37943446485588e-06,0.465601933573755,0.465601933573674,49.622088591442,5.26882651808955e-06
755,49.9126888408719,9.64826098769941e-06,49.7511429426441,4.37943446766628e-06,49.750502557147,5.26882652001133e-06,49.5614264341677,1.63768736438364e-11,49.620037447296,4.37941809079281e-06,49.5806804291365,2.63441325998312e-06,49.5806804291365,2.63441325998805e-06,49.7492763122416,4.3794344676831e-06,49.7479955412472,5.26882652001589e-06,49.5000079322091,1.6376873620253e-11,49.6172299584661,4.3794180908097e-06,49.5787918248881,2.63441326000585e-06,49.5787918248881,2.6344132600088e-06,0.465601932007076,0.43122956963844,49.8253776817437,9.64826098769845e-06,0.431231183963989,0.244819531989799,49.6556934867603,4.37943446768259e-06,0.465601933290424,0.465601933290036,49.6220885914474,5.26882652001859e-06
756,49.9126888408557,9.64826099197248e-06,49.7511429425791,4.37943447019291e-06,49.7505025570827,5.26882652176175e-06,49.5614264341394,1.63768736363992e-11,49.6200374472409,4.37941809334029e-06,49.5806804291207,2.6344132608554e-06,49.5806804291207,2.63441326086023e-06,49.7492763121757,4.37943447021948e-06,49.7479955411829,5.26882652175265e-06,49.5000079322088,1.63768735736661e-11,49.617229958412,4.37941809334573e-06,49.5787918248733,2.63441326087463e-06,49.5787918248733,2.63441326087629e-06,0.465601931911109,0.431229569589645,49.8253776817114,9.64826099197217e-06,0.431231183683171,0.244819531830372,49.6556934867232,4.37943447021917e-06,0.465601933039975,0.465601933039597,49.6220885914436,5.26882652175391e-06
757,49.9126888408388,9.6482609957943e-06,49.7511429425158,4.37943447247689e-06,49.7505025570201,5.26882652333129e-06,49.5614264341105,1.63768736287764e-11,49.6200374471842,4.37941809558328e-06,49.5806804290992,2.63441326165401e-06,49.5806804290992,2.63441326164849e-06,49.7492763121118,4.37943447247476e-06,49.7479955411203,5.26882652332008e-06,49.5000079322085,1.6376873527229e-11,49.6172299583562,4.37941809560135e-06,49.5787918248527,2.63441326165877e-06,49.5787918248527,2.63441326165896e-06,0.465601931830664,0.431229569552131,49.8253776816776,9.64826099579477e-06,0.43123118343696,0.244819531690593,49.6556934866826,4.37943447247562e-06,0.465601932819015,0.465601932818581,49.6220885914329,5.26882652331733e-06
758,49.9126888408219,9.64826099917984e-06,49.7511429424561,4.3794344744956e-06,49.7505025569609,5.26882652475201e-06,49.5614264340821,1.63768736212955e-11,49.6200374471284,4.37941809758131e-06,49.5806804290738,2.63441326234869e-06,49.5806804290738,2.63441326234813e-06,49.7492763120514,4.37943447445498e-06,49.747995541061,5.26882652472415e-06,49.5000079322082,1.63768734809504e-11,49.6172299583011,4.37941809758177e-06,49.5787918248281,2.63441326236137e-06,49.5787918248281,2.6344132623613e-06,0.465601931769221,0.431229569527231,49.8253776816439,9.64826099917991e-06,0.431231183227327,0.24481953157158,49.6556934866409,4.3794344744565e-06,0.465601932625853,0.465601932625809,49.6220885914174,5.26882652472977e-06
759,49.9126888408056,9.64826100216447e-06,49.7511429424004,4.37943447619721e-06,49.7505025569056,5.26882652600104e-06,49.5614264340548,1.63768736141166e-11,49.6200374470748,4.37941809931211e-06,49.5806804290462,2.63441326297716e-06,49.5806804290462,2.63441326297445e-06,49.7492763119951,4.37943447618176e-06,49.7479955410056,5.26882652598176e-06,49.5000079322079,1.63768734348285e-11,49.6172299582481,4.37941809930847e-06,49.5787918248012,2.63441326298917e-06,49.5787918248012,2.63441326299061e-06,0.465601931717686,0.431229569504705,49.8253776816112,9.64826100216305e-06,0.431231183045268,0.244819531468221,49.6556934865996,4.37943447618272e-06,0.465601932459128,0.465601932458915,49.6220885913985,5.26882652598124e-06
760,49.9126888407901,9.64826100479953e-06,49.7511429423491,4.37943447768889e-06,49.7505025568547,5.2688265271039e-06,49.5614264340291,1.63768736073596e-11,49.6200374470242,4.37941810081514e-06,49.5806804290177,2.63441326354926e-06,49.5806804290177,2.63441326354876e-06,49.7492763119432,4.37943447768896e-06,49.7479955409544,5.26882652711043e-06,49.5000079322075,1.63768736477241e-11,49.6172299581981,4.3794181008155e-06,49.5787918247732,2.63441326355235e-06,49.5787918247732,2.63441326355505e-06,0.46560193167795,0.431229569489988,49.8253776815802,9.64826100479877e-06,0.431231182889826,0.244819531379973,49.6556934865598,4.37943447768976e-06,0.465601932316152,0.465601932316113,49.6220885913778,5.26882652710174e-06
761,49.9126888407756,9.64826100711472e-06,49.7511429423022,4.37943447900188e-06,49.7505025568081,5.26882652813109e-06,49.5614264340052,1.63768736010956e-11,49.6200374469772,4.37941810213485e-06,49.580680428989,2.6344132640612e-06,49.580680428989,2.63441326406553e-06,49.7492763118959,4.37943447899798e-06,49.7479955409077,5.26882652811634e-06,49.5000079322072,1.63768736019019e-11,49.6172299581515,4.37941810212451e-06,49.578791824745,2.63441326405552e-06,49.578791824745,2.63441326405881e-06,0.465601931645962,0.431229569477986,49.8253776815512,9.64826100711525e-06,0.431231182756061,0.244819531304032,49.6556934865222,4.37943447899852e-06,0.465601932192024,0.465601932191684,49.6220885913563,5.26882652811219e-06
762,49.9126888407622,9.64826100914338e-06,49.7511429422599,4.37943448015309e-06,49.750502556766,5.26882652900749e-06,49.5614264339833,1.637687359535e-11,49.620037446934,4.37941810328477e-06,49.5806804289608,2.63441326449525e-06,49.5806804289608,2.63441326449739e-06,49.7492763118531,4.37943448013022e-06,49.7479955408653,5.26882652901288e-06,49.5000079322069,1.63768735562294e-11,49.6172299581087,4.37941810325652e-06,49.5787918247172,2.63441326450429e-06,49.5787918247172,2.63441326450731e-06,0.465601931620087,0.431229569470424,49.8253776815245,9.64826100914342e-06,0.431231182641928,0.244819531239236,49.6556934864872,4.37943448012902e-06,0.465601932085432,0.465601932085264,49.6220885913344,5.2688265290144e-06
763,49.91268884075,9.64826101091444e-06,49.7511429422218,4.3794344811273e-06,49.750502556728,5.26882652983366e-06,49.5614264339633,1.63768735901301e-11,49.6200374468948,4.37941810425168e-06,49.5806804289336,2.63441326489769e-06,49.5806804289336,2.63441326490038e-06,49.7492763118147,4.37943448110403e-06,49.7479955408272,5.26882652981006e-06,49.5000079322066,1.63768735107066e-11,49.6172299580697,4.3794181042299e-06,49.5787918246904,2.63441326490282e-06,49.5787918246904,2.63441326490585e-06,0.465601931600311,0.431229569463156,49.8253776815,9.64826101091239e-06,0.431231182544479,0.244819531183912,49.6556934864549,4.379434481104e-06,0.465601931994604,0.465601931994393,49.6220885913129,5.26882652980839e-06
764,49.912688840739,9.64826101245631e-06,49.7511429421878,4.37943448197568e-06,49.7505025566942,5.26882653055965e-06,49.5614264339454,1.63768735854414e-11,49.6200374468594,4.37941810507129e-06,49.5806804289078,2.63441326526574e-06,49.5806804289078,2.6344132652683e-06,49.7492763117804,4.37943448193917e-06,49.7479955407932,5.26882653051715e-06,49.5000079322063,1.63768734653336e-11,49.6172299580346,4.37941810506525e-06,49.5787918246648,2.63441326525641e-06,49.5787918246648,2.63441326525943e-06,0.465601931585051,0.431229569458513,49.825377681478,9.6482610124558e-06,0.431231182462249,0.244819531137228,49.6556934864256,4.37943448193891e-06,0.465601931917895,0.465601931917694,49.6220885912921,5.26882653051325e-06
765,49.9126888407291,9.64826101379286e-06,49.7511429421577,4.37943448266742e-06,49.7505025566642,5.26882653115512e-06,49.5614264339293,1.6376873581251e-11,49.6200374468278,4.37941810579504e-06,49.5806804288835,2.63441326557236e-06,49.5806804288835,2.63441326557459e-06,49.74927631175,4.37943448265199e-06,49.7479955407629,5.26882653114111e-06,49.500007932206,1.63768734201104e-11,49.6172299580032,4.37941810577824e-06,49.5787918246408,2.63441326556829e-06,49.5787918246408,2.63441326557124e-06,0.465601931572593,0.43122956945459,49.8253776814581,9.64826101379276e-06,0.431231182392008,0.244819531097351,49.6556934863991,4.37943448265287e-06,0.465601931852587,0.465601931852413,49.6220885912723,5.26882653113898e-06
766,49.9126888407202,9.64826101495175e-06,49.7511429421311,4.3794344832737e-06,49.7505025566376,5.26882653169792e-06,49.561426433915,1.63768735775409e-11,49.6200374467997,4.37941810640902e-06,49.580680428861,2.63441326584908e-06,49.580680428861,2.63441326585104e-06,49.7492763117232,4.37943448325955e-06,49.7479955407362,5.26882653169143e-06,49.5000079322057,1.63768736339059e-11,49.6172299579753,4.37941810638637e-06,49.5787918246184,2.63441326584369e-06,49.5787918246184,2.63441326584653e-06,0.465601931563366,0.431229569452075,49.8253776814405,9.64826101495146e-06,0.431231182332961,0.244819531063828,49.6556934863754,4.37943448325859e-06,0.465601931797669,0.465601931797514,49.6220885912536,5.26882653168832e-06
767,49.9126888407124,9.64826101594936e-06,49.7511429421077,4.37943448377651e-06,49.7505025566143,5.26882653217581e-06,49.5614264339023,1.63768735742619e-11,49.6200374467748,4.37941810690895e-06,49.5806804288401,2.63441326609017e-06,49.5806804288401,2.63441326609187e-06,49.7492763116996,4.37943448377506e-06,49.7479955407127,5.26882653217429e-06,49.5000079322054,1.63768735889823e-11,49.6172299579506,4.37941810690211e-06,49.5787918245977,2.63441326608566e-06,49.5787918245977,2.63441326608814e-06,0.465601931556164,0.431229569449465,49.8253776814248,9.64826101594918e-06,0.431231182282938,0.244819531035429,49.6556934863543,4.37943448377609e-06,0.465601931751593,0.46560193175146,49.6220885912363,5.2688265321749e-06
768,49.9126888407055,9.64826101680958e-06,49.7511429420873,4.37943448423759e-06,49.7505025565938,5.26882653261339e-06,49.5614264338912,1.63768735713957e-11,49.620037446753,4.37941810735309e-06,49.5806804288211,2.63441326631772e-06,49.5806804288211,2.63441326631916e-06,49.7492763116789,4.37943448421212e-06,49.7479955406921,5.2688265325982e-06,49.500007932205,1.63768735442085e-11,49.6172299579289,4.37941810733842e-06,49.5787918245788,2.63441326629762e-06,49.5787918245787,2.63441326629971e-06,0.465601931550871,0.431229569448373,49.825377681411,9.64826101681137e-06,0.43123118224108,0.244819531011665,49.6556934863356,4.37943448421174e-06,0.465601931712945,0.465601931712832,49.6220885912203,5.2688265325969e-06
769,49.9126888406994,9.64826101754926e-06,49.7511429420694,4.37943448457042e-06,49.750502556576,5.2688265329727e-06,49.5614264338814,1.6376873568888e-11,49.6200374467339,4.37941810771223e-06,49.5806804288037,2.6344132664923e-06,49.5806804288037,2.63441326649357e-06,49.7492763116609,4.37943448458106e-06,49.7479955406741,5.26882653296837e-06,49.5000079322047,1.63768734995844e-11,49.6172299579099,4.37941810770738e-06,49.5787918245615,2.63441326648261e-06,49.5787918245615,2.634413266485e-06,0.465601931547103,0.431229569446127,49.8253776813988,9.64826101755079e-06,0.431231182205506,0.244819530991469,49.6556934863191,4.37943448458009e-06,0.465601931681024,0.465601931680924,49.6220885912057,5.26882653296343e-06
770,49.9126888406941,9.64826101818311e-06,49.7511429420539,4.3794344849075e-06,49.7505025565605,5.26882653330743e-06,49.5614264338729,1.63768735667167e-11,49.6200374467173,4.37941810803558e-06,49.5806804287881,2.63441326665197e-06,49.5806804287881,2.63441326664354e-06,49.7492763116453,4.37943448489232e-06,49.7479955406585,5.26882653329143e-06,49.5000079322044,1.63768734551101e-11,49.6172299578933,4.3794181080183e-06,49.5787918245459,2.6344132666441e-06,49.5787918245459,2.6344132666463e-06,0.465601931544282,0.431229569445835,49.8253776813882,9.64826101818289e-06,0.431231182176111,0.244819530974781,49.6556934863048,4.37943448489113e-06,0.465601931654965,0.465601931654303,49.6220885911924,5.26882653328994e-06
771,49.9126888406894,9.64826101872425e-06,49.7511429420405,4.37943448515026e-06,49.750502556547,5.26882653358016e-06,49.5614264338655,1.63768735648274e-11,49.6200374467028,4.37941810828432e-06,49.580680428774,2.63441326678984e-06,49.580680428774,2.6344132667907e-06,49.7492763116317,4.37943448515353e-06,49.7479955406449,5.2688265335711e-06,49.5000079322041,1.63768734107855e-11,49.6172299578789,4.37941810827975e-06,49.5787918245319,2.63441326678432e-06,49.5787918245319,2.63441326678634e-06,0.465601931541961,0.431229569444243,49.8253776813789,9.64826101872495e-06,0.431231182150732,0.244819530960373,49.6556934862922,4.37943448515216e-06,0.465601931632354,0.465601931632287,49.6220885911804,5.26882653357188e-06
772,49.9126888406854,9.64826101918757e-06,49.7511429420289,4.37943448536385e-06,49.7505025565354,5.26882653383044e-06,49.561426433859,1.63768735632109e-11,49.6200374466903,4.3794181084852e-06,49.5806804287614,2.63441326690748e-06,49.5806804287614,2.63441326690662e-06,49.7492763116201,4.37943448537286e-06,49.7479955406332,5.26882653381521e-06,49.5000079322038,1.63768733666106e-11,49.6172299578665,4.37941810849919e-06,49.5787918245193,2.63441326690632e-06,49.5787918245193,2.63441326690815e-06,0.465601931541339,0.431229569443869,49.8253776813708,9.64826101918788e-06,0.43123118213037,0.244819530948813,49.6556934862813,4.37943448537317e-06,0.465601931614582,0.465601931614514,49.6220885911695,5.26882653381472e-06
773,49.9126888406819,9.64826101958068e-06,49.7511429420188,4.37943448555507e-06,49.7505025565254,5.26882653403978e-06,49.5614264338534,1.63768735618163e-11,49.6200374466795,4.37941810867509e-06,49.5806804287502,2.63441326702326e-06,49.5806804287502,2.63441326702221e-06,49.74927631161,4.37943448555574e-06,49.747995540623,5.26882653402494e-06,49.5000079322035,1.63768735814557e-11,49.6172299578557,4.37941810868204e-06,49.5787918245081,2.63441326701178e-06,49.5787918245081,2.63441326701299e-06,0.465601931539664,0.431229569442955,49.8253776813638,9.6482610195817e-06,0.431231182112502,0.244819530938669,49.6556934862718,4.37943448555598e-06,0.465601931599664,0.465601931599582,49.6220885911599,5.2688265340239e-06
774,49.9126888406789,9.64826101991682e-06,49.7511429420103,4.37943448571927e-06,49.7505025565168,5.26882653422761e-06,49.5614264338486,1.63768735606291e-11,49.6200374466702,4.3794181088236e-06,49.5806804287402,2.63441326710983e-06,49.5806804287402,2.63441326711171e-06,49.7492763116013,4.37943448570946e-06,49.7479955406143,5.26882653420656e-06,49.5000079322032,1.63768735375805e-11,49.6172299578465,4.37941810883603e-06,49.5787918244982,2.63441326710242e-06,49.5787918244982,2.63441326710417e-06,0.465601931539688,0.431229569443317,49.8253776813578,9.64826101991548e-06,0.431231182098521,0.244819530930731,49.6556934862636,4.37943448571059e-06,0.465601931587827,0.46560193158768,49.6220885911513,5.26882653420671e-06
775,49.9126888406763,9.64826102019991e-06,49.7511429420028,4.37943448585757e-06,49.7505025565093,5.26882653435615e-06,49.5614264338444,1.63768735596147e-11,49.6200374466622,4.37941810896849e-06,49.5806804287314,2.63441326718793e-06,49.5806804287314,2.63441326719781e-06,49.7492763115939,4.37943448583705e-06,49.7479955406069,5.26882653436315e-06,49.5000079322029,1.6376873493855e-11,49.6172299578385,4.37941810896344e-06,49.5787918244894,2.6344132671808e-06,49.5787918244894,2.63441326718198e-06,0.465601931538163,0.431229569443144,49.8253776813526,9.64826102020015e-06,0.431231182085735,0.244819530923473,49.6556934862565,4.37943448583701e-06,0.465601931578202,0.465601931577426,49.6220885911436,5.26882653436132e-06
776,49.9126888406741,9.64826102044302e-06,49.7511429419966,4.37943448596535e-06,49.7505025565031,5.26882653452583e-06,49.5614264338409,1.63768735587604e-11,49.6200374466554,4.37941810909249e-06,49.5806804287237,2.63441326725634e-06,49.5806804287237,2.63441326725375e-06,49.7492763115876,4.37943448594348e-06,49.7479955406005,5.26882653449814e-06,49.5000079322025,1.63768734502792e-11,49.6172299578318,4.37941810907016e-06,49.5787918244816,2.63441326724869e-06,49.5787918244816,2.63441326724909e-06,0.465601931539265,0.43122956944283,49.8253776813482,9.64826102044117e-06,0.431231182076308,0.244819530918121,49.6556934862505,4.37943448594433e-06,0.465601931570227,0.465601931570025,49.6220885911369,5.26882653449775e-06
777,49.9126888406722,9.64826102064521e-06,49.7511429419911,4.37943448605446e-06,49.7505025564976,5.26882653464928e-06,49.5614264338378,1.63768735580279e-11,49.6200374466496,4.37941810918072e-06,49.5806804287168,2.63441326731894e-06,49.5806804287168,2.63441326731893e-06,49.7492763115821,4.37943448603142e-06,49.747995540595,5.26882653461329e-06,49.5000079322022,1.63768734068532e-11,49.6172299578259,4.37941810915805e-06,49.5787918244748,2.6344132673065e-06,49.5787918244748,2.63441326730702e-06,0.465601931538665,0.431229569441679,49.8253776813443,9.64826102064307e-06,0.431231182067326,0.244819530913022,49.6556934862453,4.37943448603073e-06,0.465601931563484,0.465601931563483,49.6220885911309,5.26882653461325e-06
778,49.9126888406706,9.6482610208185e-06,49.7511429419866,4.37943448611844e-06,49.7505025564931,5.26882653470508e-06,49.5614264338351,1.63768735574265e-11,49.6200374466447,4.37941810923444e-06,49.5806804287109,2.63441326734871e-06,49.5806804287109,2.63441326735024e-06,49.7492763115775,4.37943448610563e-06,49.7479955405904,5.26882653471271e-06,49.5000079322019,1.63768736224481e-11,49.617229957821,4.37941810923231e-06,49.5787918244689,2.63441326735599e-06,49.5787918244689,2.63441326735666e-06,0.465601931539269,0.431229569443005,49.8253776813411,9.64826102081861e-06,0.431231182061217,0.244819530909553,49.6556934862409,4.37943448610531e-06,0.465601931558647,0.465601931558527,49.6220885911257,5.26882653471421e-06
779,49.9126888406691,9.64826102096125e-06,49.7511429419826,4.37943448617885e-06,49.7505025564891,5.26882653479765e-06,49.5614264338328,1.63768735569086e-11,49.6200374466404,4.37941810929863e-06,49.5806804287057,2.63441326738139e-06,49.5806804287057,2.63441326738184e-06,49.7492763115735,4.37943448616625e-06,49.7479955405864,5.26882653479538e-06,49.5000079322016,1.63768735793216e-11,49.6172299578168,4.37941810929246e-06,49.5787918244637,2.6344132673975e-06,49.5787918244637,2.63441326739814e-06,0.465601931538593,0.431229569441654,49.8253776813382,9.64826102096231e-06,0.431231182054397,0.244819530905681,49.6556934862371,4.37943448616534e-06,0.465601931554267,0.465601931554232,49.6220885911211,5.26882653479697e-06
780,49.912688840668,9.64826102108566e-06,49.7511429419794,4.37943448623578e-06,49.7505025564858,5.2688265348808e-06,49.5614264338309,1.63768735564909e-11,49.6200374466369,4.37941810934011e-06,49.5806804287012,2.63441326743e-06,49.5806804287012,2.63441326743029e-06,49.7492763115703,4.37943448621738e-06,49.7479955405831,5.26882653486816e-06,49.5000079322013,1.63768735363449e-11,49.6172299578133,4.37941810934363e-06,49.5787918244591,2.63441326743367e-06,49.5787918244591,2.63441326743426e-06,0.465601931540067,0.431229569442582,49.825377681336,9.64826102108509e-06,0.431231182050643,0.24481953090355,49.6556934862339,4.37943448621718e-06,0.465601931551534,0.465601931551511,49.6220885911171,5.26882653486791e-06
781,49.9126888406669,9.64826102118556e-06,49.7511429419765,4.37943448628069e-06,49.7505025564829,5.2688265349452e-06,49.5614264338292,1.63768735561295e-11,49.6200374466338,4.37941810936695e-06,49.5806804286972,2.63441326746598e-06,49.5806804286972,2.63441326746609e-06,49.7492763115674,4.37943448625851e-06,49.7479955405801,5.26882653492749e-06,49.500007932201,1.63768734935179e-11,49.6172299578102,4.37941810938497e-06,49.5787918244552,2.63441326746368e-06,49.5787918244552,2.63441326746444e-06,0.465601931539122,0.4312295694413,49.8253776813338,9.64826102118604e-06,0.431231182045575,0.244819530900673,49.6556934862312,4.37943448625901e-06,0.465601931548686,0.465601931548677,49.6220885911136,5.26882653492794e-06
782,49.9126888406661,9.64826102127401e-06,49.7511429419742,4.3794344862691e-06,49.7505025564806,5.26882653498553e-06,49.5614264338278,1.637687355585e-11,49.6200374466313,4.37941810941725e-06,49.5806804286938,2.63441326749293e-06,49.5806804286938,2.63441326749309e-06,49.7492763115651,4.37943448629372e-06,49.7479955405778,5.26882653498078e-06,49.5000079322007,1.63768734508406e-11,49.6172299578077,4.37941810942011e-06,49.5787918244518,2.63441326748988e-06,49.5787918244518,2.63441326749058e-06,0.465601931541347,0.431229569441585,49.8253776813322,9.64826102127517e-06,0.431231182043386,0.24481953089943,49.6556934862289,4.37943448629449e-06,0.465601931547166,0.465601931547153,49.6220885911106,5.26882653498069e-06
783,49.9126888406653,9.64826102134368e-06,49.7511429419721,4.37943448629936e-06,49.7505025564785,5.26882653502459e-06,49.5614264338265,1.6376873555605e-11,49.6200374466291,4.37941810944722e-06,49.5806804286908,2.63441326752918e-06,49.5806804286908,2.63441326752922e-06,49.749276311563,4.37943448632124e-06,49.7479955405757,5.2688265350228e-06,49.5000079322004,1.63768734083131e-11,49.6172299578055,4.3794181094479e-06,49.5787918244488,2.63441326751133e-06,49.5787918244488,2.63441326751174e-06,0.465601931540041,0.431229569440218,49.8253776813307,9.6482610213443e-06,0.431231182039502,0.244819530897225,49.6556934862269,4.37943448632177e-06,0.465601931545221,0.465601931545219,49.622088591108,5.26882653502162e-06
784,49.9126888406648,9.64826102140749e-06,49.7511429419706,4.37943448632094e-06,49.7505025564769,5.26882653507113e-06,49.5614264338255,1.63768735554292e-11,49.6200374466273,4.37941810947938e-06,49.5806804286883,2.63441326753837e-06,49.5806804286883,2.6344132675385e-06,49.7492763115614,4.37943448634576e-06,49.7479955405741,5.26882653506077e-06,49.5000079322,1.63768733659352e-11,49.6172299578038,4.3794181094726e-06,49.5787918244463,2.63441326753028e-06,49.5787918244463,2.63441326753042e-06,0.465601931542154,0.431229569441564,49.8253776813296,9.64826102140705e-06,0.431231182038601,0.244819530896713,49.6556934862253,4.37943448634633e-06,0.465601931544591,0.465601931544581,49.6220885911058,5.26882653506163e-06
785,49.9126888406642,9.64826102145536e-06,49.751142941969,4.37943448636681e-06,49.7505025564754,5.26882653511857e-06,49.5614264338245,1.63768735552606e-11,49.6200374466257,4.37941810949079e-06,49.5806804286861,2.63441326753983e-06,49.5806804286861,2.63441326753983e-06,49.7492763115598,4.37943448636434e-06,49.7479955405725,5.26882653509061e-06,49.5000079321997,1.63768735825795e-11,49.6172299578021,4.37941810949054e-06,49.5787918244441,2.63441326754486e-06,49.5787918244441,2.63441326754517e-06,0.465601931540263,0.431229569439989,49.8253776813284,9.64826102145344e-06,0.431231182035064,0.244819530894706,49.6556934862238,4.37943448636361e-06,0.465601931543257,0.465601931543257,49.6220885911038,5.26882653508983e-06
786,49.9126888406638,9.64826102149943e-06,49.751142941968,4.37943448637981e-06,49.7505025564743,5.2688265351216e-06,49.5614264338238,1.63768735551557e-11,49.6200374466245,4.37941810950646e-06,49.5806804286843,2.63441326756189e-06,49.5806804286843,2.63441326756202e-06,49.7492763115588,4.37943448638098e-06,49.7479955405714,5.26882653511881e-06,49.5000079321994,1.63768735405013e-11,49.6172299578009,4.3794181095078e-06,49.5787918244422,2.63441326755889e-06,49.5787918244422,2.63441326755963e-06,0.465601931542352,0.431229569442465,49.8253776813277,9.64826102149982e-06,0.431231182035514,0.244819530894961,49.6556934862228,4.3794344863818e-06,0.465601931543325,0.465601931543315,49.6220885911022,5.26882653511893e-06
787,49.9126888406634,9.64826102153066e-06,49.7511429419668,4.37943448640008e-06,49.7505025564731,5.2688265351296e-06,49.561426433823,1.63768735550471e-11,49.6200374466233,4.37941810950123e-06,49.5806804286826,2.63441326757089e-06,49.5806804286826,2.63441326757082e-06,49.7492763115576,4.37943448639228e-06,49.7479955405703,5.26882653513805e-06,49.5000079321991,1.63768734985727e-11,49.6172299577998,4.37941810951933e-06,49.5787918244406,2.63441326756887e-06,49.5787918244406,2.63441326756932e-06,0.465601931539822,0.431229569440566,49.8253776813268,9.64826102153165e-06,0.431231182032183,0.24481953089307,49.6556934862216,4.37943448639453e-06,0.465601931542,0.465601931541995,49.6220885911007,5.26882653513985e-06
788,49.9126888406632,9.64826102156466e-06,49.7511429419661,4.37943448639412e-06,49.7505025564725,5.26882653515676e-06,49.5614264338225,1.6376873554995e-11,49.6200374466225,4.37941810951773e-06,49.5806804286813,2.63441326757979e-06,49.5806804286813,2.63441326757993e-06,49.7492763115569,4.37943448640511e-06,49.7479955405696,5.26882653515925e-06,49.5000079321988,1.63768734567938e-11,49.617229957799,4.37941810953128e-06,49.5787918244392,2.63441326757961e-06,49.5787918244392,2.63441326757983e-06,0.465601931543013,0.431229569442485,49.8253776813264,9.6482610215653e-06,0.431231182033409,0.244819530893766,49.655693486221,4.37943448640544e-06,0.465601931542558,0.465601931542547,49.6220885910995,5.26882653515986e-06
789,49.9126888406628,9.64826102158393e-06,49.7511429419653,4.3794344864039e-06,49.7505025564716,5.26882653516751e-06,49.5614264338218,1.63768735549337e-11,49.6200374466217,4.37941810954064e-06,49.5806804286801,2.63441326758602e-06,49.5806804286801,2.63441326758594e-06,49.749276311556,4.37943448641168e-06,49.7479955405687,5.26882653517181e-06,49.5000079321985,1.63768734151646e-11,49.6172299577981,4.37941810953842e-06,49.578791824438,2.63441326758613e-06,49.578791824438,2.63441326758607e-06,0.465601931540276,0.431229569439851,49.8253776813256,9.64826102158349e-06,0.43123118203022,0.244819530891956,49.6556934862201,4.37943448641181e-06,0.465601931541514,0.465601931541508,49.6220885910984,5.26882653517441e-06
790,49.9126888406627,9.64826102160816e-06,49.7511429419649,4.37943448642622e-06,49.7505025564712,5.26882653518805e-06,49.5614264338215,1.63768735549252e-11,49.6200374466212,4.3794181095487e-06,49.5806804286791,2.63441326759291e-06,49.5806804286791,2.63441326759303e-06,49.7492763115557,4.37943448642131e-06,49.7479955405683,5.26882653518719e-06,49.5000079321982,1.63768733736851e-11,49.6172299577976,4.37941810954756e-06,49.5787918244371,2.6344132675936e-06,49.5787918244371,2.63441326759377e-06,0.465601931543423,0.43122956944314,49.8253776813254,9.64826102160805e-06,0.431231182032144,0.244819530893048,49.6556934862197,4.3794344864209e-06,0.465601931542259,0.465601931542249,49.6220885910976,5.26882653518987e-06
791,49.9126888406624,9.64826102161963e-06,49.7511429419642,4.37943448642314e-06,49.7505025564705,5.26882653519503e-06,49.5614264338209,1.63768735548804e-11,49.6200374466205,4.37941810954155e-06,49.5806804286782,2.63441326757965e-06,49.5806804286782,2.63441326757954e-06,49.7492763115549,4.37943448642457e-06,49.7479955405676,5.26882653519499e-06,49.5000079321979,1.63768735912289e-11,49.6172299577969,4.37941810955128e-06,49.5787918244361,2.63441326759733e-06,49.5787918244361,2.63441326759745e-06,0.46560193154014,0.431229569439567,49.8253776813248,9.64826102161987e-06,0.431231182028604,0.244819530891038,49.655693486219,4.37943448642454e-06,0.465601931541185,0.465601931541176,49.6220885910967,5.26882653519715e-06
792,49.9126888406624,9.64826102163938e-06,49.751142941964,4.37943448643693e-06,49.7505025564703,5.26882653521093e-06,49.5614264338207,1.63768735549028e-11,49.6200374466202,4.37941810956136e-06,49.5806804286776,2.63441326760246e-06,49.5806804286776,2.63441326760263e-06,49.7492763115548,4.37943448643119e-06,49.7479955405674,5.26882653520752e-06,49.5000079321975,1.6376873550049e-11,49.6172299577967,4.3794181095581e-06,49.5787918244355,2.63441326760357e-06,49.5787918244355,2.6344132676037e-06,0.465601931544065,0.431229569443418,49.8253776813248,9.64826102163897e-06,0.431231182031446,0.244819530892651,49.6556934862188,4.37943448643182e-06,0.465601931542422,0.465601931542409,49.6220885910961,5.26882653520897e-06
793,49.9126888406621,9.64826102164409e-06,49.7511429419634,4.37943448642411e-06,49.7505025564697,5.26882653519784e-06,49.5614264338202,1.63768735548743e-11,49.6200374466196,4.37941810954623e-06,49.5806804286769,2.63441326760857e-06,49.5806804286769,2.63441326760841e-06,49.7492763115542,4.37943448643255e-06,49.7479955405668,5.26882653521187e-06,49.5000079321972,1.63768735090187e-11,49.6172299577961,4.37941810955911e-06,49.5787918244348,2.63441326760584e-06,49.5787918244348,2.63441326760593e-06,0.465601931539881,0.431229569439257,49.8253776813242,9.64826102164443e-06,0.431231182027461,0.244819530890389,49.6556934862182,4.37943448643273e-06,0.465601931541137,0.465601931541125,49.6220885910955,5.26882653520897e-06
794,49.9126888406622,9.64826102166083e-06,49.7511429419634,4.37943448643299e-06,49.7505025564697,5.26882653521715e-06,49.56142643382,1.63768735549204e-11,49.6200374466196,4.37941810955634e-06,49.5806804286765,2.63441326761117e-06,49.5806804286765,2.63441326760968e-06,49.7492763115542,4.37943448643833e-06,49.7479955405668,5.26882653522237e-06,49.5000079321969,1.63768734681381e-11,49.617229957796,4.37941810956506e-06,49.5787918244344,2.63441326761083e-06,49.5787918244344,2.63441326761069e-06,0.465601931544788,0.431229569443743,49.8253776813244,9.6482610216608e-06,0.43123118203125,0.24481953089254,49.6556934862182,4.37943448644e-06,0.465601931542771,0.465601931542655,49.6220885910951,5.26882653521807e-06
795,49.9126888406619,9.64826102166045e-06,49.7511429419628,4.37943448643067e-06,49.7505025564692,5.26882653522658e-06,49.5614264338196,1.63768735549046e-11,49.6200374466191,4.37941810954662e-06,49.5806804286759,2.63441326760934e-06,49.5806804286759,2.63441326760743e-06,49.7492763115536,4.37943448643816e-06,49.7479955405662,5.2688265352222e-06,49.5000079321966,1.63768739451561e-11,49.6172299577955,4.37941810956461e-06,49.5787918244339,2.6344132676113e-06,49.5787918244338,2.63441326761065e-06,0.465601931539787,0.43122956943844,49.8253776813238,9.6482610216608e-06,0.431231182026564,0.24481953088988,49.6556934862177,4.37943448643819e-06,0.465601931541139,0.465601931540989,49.6220885910946,5.26882653521989e-06
796,49.9126888406621,9.64826102167514e-06,49.7511429419631,4.37943448644729e-06,49.7505025564693,5.26882653524833e-06,49.5614264338195,1.63768735549761e-11,49.6200374466192,4.37941810956929e-06,49.5806804286757,2.63441326760858e-06,49.5806804286757,2.63441326760059e-06,49.7492763115538,4.3794344864441e-06,49.7479955405664,5.26882653523088e-06,49.5000079321963,1.6376873386826e-11,49.6172299577956,4.37941810957057e-06,49.5787918244336,2.63441326761552e-06,49.5787918244336,2.63441326761539e-06,0.465601931545663,0.431229569444111,49.8253776813241,9.64826102167535e-06,0.43123118203127,0.244819530892551,49.6556934862179,4.37943448644364e-06,0.465601931543194,0.465601931542566,49.6220885910944,5.26882653523262e-06
797,49.9126888406617,9.64826102167056e-06,49.7511429419625,4.379434486421e-06,49.7505025564688,5.26882653523061e-06,49.5614264338191,1.63768735549585e-11,49.6200374466187,4.37941810956891e-06,49.5806804286752,2.63441326763694e-06,49.5806804286752,2.63441326762878e-06,49.7492763115532,4.37943448644139e-06,49.7479955405659,5.26882653522798e-06,49.500007932196,1.63768733463945e-11,49.6172299577951,4.37941810956814e-06,49.5787918244332,2.63441326761438e-06,49.5787918244332,2.63441326761446e-06,0.465601931539433,0.431229569437551,49.8253776813235,9.6482610216708e-06,0.43123118202554,0.244819530889299,49.6556934862173,4.37943448644182e-06,0.465601931541219,0.465601931540578,49.622088591094,5.26882653523171e-06
798,49.9126888406603,9.64826102175466e-06,49.7511429419598,4.37943448640226e-06,49.7505025564661,5.26882653525514e-06,49.5614264338181,1.63768735547754e-11,49.620037446617,4.37941810951775e-06,49.5806804286703,2.63441326711095e-06,49.5806804286698,2.6344132675168e-06,49.7492763115506,4.37943448640251e-06,49.7479955405632,5.26882653526744e-06,49.5000079321957,1.63768738238625e-11,49.6172299577935,4.37941810952866e-06,49.5787918244281,2.63441326739722e-06,49.5787918244274,2.6344132673262e-06,0.465601931543074,0.431229569439467,49.8253776813206,9.64826102164625e-06,0.431231182022547,0.244819530887599,49.6556934862153,4.37943448640271e-06,0.465601931513146,0.465601931481289,49.6220885910892,5.26882653526991e-06
799,49.9126888406569,9.64826102201614e-06,49.751142941951,4.37943448616446e-06,49.750502556457,5.26882653564589e-06,49.5614264338153,1.63768735541266e-11,49.6200374466119,4.37941810933885e-06,49.580680428658,2.63441324894882e-06,49.5806804286649,2.63441324325798e-06,49.7492763115419,4.37943448626255e-06,49.7479955405538,5.26882653575036e-06,49.5000079321954,1.63768737837307e-11,49.6172299577886,4.37941810938875e-06,49.5787918244199,2.63441326823436e-06,49.5787918244289,2.63441326920426e-06,0.465601931548122,0.431229569420869,49.8253776813138,9.64826102191546e-06,0.431231182012528,0.244819530881912,49.655693486209,4.37943448626265e-06,0.465601932255415,0.465601931808716,49.6220885910628,5.2688265357483e-06
800,49.9126888406537,9.64826102243222e-06,49.751142941941,4.37943448608014e-06,49.7505025564465,5.26882653634477e-06,49.5614264338131,1.63768735536306e-11,49.6200374466077,4.37941810922933e-06,49.580680428623,2.63441325220301e-06,49.5806804286328,2.63441324929121e-06,49.749276311532,4.3794344860973e-06,49.7479955405428,5.26882653638206e-06,49.500007932195,1.63768737437485e-11,49.6172299577844,4.3794181092237e-06,49.5787918243836,2.63441326763903e-06,49.578791824399,2.63441327043678e-06,0.465601931571432,0.431229569415792,49.8253776813075,9.64826102241841e-06,0.43123118203295,0.244819530893505,49.6556934862036,4.37943448609803e-06,0.465601932136053,0.465601931907493,49.6220885910369,5.26882653641951e-06
801,49.9126888406544,9.64826102265265e-06,49.7511429419407,4.37943448626007e-06,49.7505025564457,5.26882653671869e-06,49.5614264338141,1.63768735540041e-11,49.6200374466099,4.37941810930332e-06,49.5806804286071,2.63441326679906e-06,49.5806804286105,2.63441327001089e-06,49.7492763115318,4.37943448609801e-06,49.7479955405419,5.26882653655204e-06,49.5000079321947,1.63768739627916e-11,49.6172299577864,4.37941810922402e-06,49.5787918243649,2.63441326657477e-06,49.5787918243715,2.63441326997477e-06,0.465601931590619,0.431229569429034,49.8253776813089,9.64826102264851e-06,0.431231182055336,0.244819530906214,49.655693486206,4.37943448609803e-06,0.465601931769206,0.465601931517095,49.6220885910363,5.26882653656412e-06
802,49.9126888406551,9.6482610225358e-06,49.7511429419431,4.37943448624227e-06,49.7505025564482,5.26882653641192e-06,49.5614264338147,1.63768735542648e-11,49.6200374466117,4.37941810931844e-06,49.5806804286173,2.63441326719176e-06,49.5806804286157,2.63441326988782e-06,49.7492763115343,4.37943448619004e-06,49.7479955405445,5.26882653634737e-06,49.5000079321944,1.63768734053575e-11,49.6172299577883,4.37941810931665e-06,49.5787918243762,2.6344132668085e-06,49.5787918243731,2.63441326952762e-06,0.46560193155724,0.431229569406395,49.8253776813103,9.64826102253664e-06,0.431231182016548,0.244819530884194,49.6556934862082,4.37943448618989e-06,0.465601931681736,0.465601931470111,49.6220885910438,5.26882653633402e-06
803,49.9126888406561,9.64826102241805e-06,49.7511429419459,4.37943448627781e-06,49.7505025564513,5.26882653613098e-06,49.561426433815,1.63768735544473e-11,49.6200374466127,4.37941810939284e-06,49.5806804286261,2.63441326714856e-06,49.5806804286228,2.63441326899828e-06,49.7492763115369,4.37943448628443e-06,49.7479955405477,5.26882653613298e-06,49.5000079321941,1.63768733658241e-11,49.6172299577894,4.37941810941151e-06,49.5787918243854,2.63441326718266e-06,49.5787918243789,2.63441326895205e-06,0.465601931557269,0.431229569417672,49.8253776813122,9.64826102241841e-06,0.431231182009363,0.244819530880115,49.6556934862099,4.37943448628539e-06,0.465601931619255,0.465601931474062,49.6220885910502,5.26882653613029e-06
804,49.9126888406565,9.64826102230535e-06,49.7511429419475,4.37943448632384e-06,49.7505025564531,5.26882653594338e-06,49.5614264338148,1.63768735544897e-11,49.6200374466126,4.3794181094633e-06,49.580680428633,2.63441326741841e-06,49.5806804286302,2.63441326851695e-06,49.7492763115384,4.37943448634756e-06,49.7479955405498,5.26882653595914e-06,49.5000079321938,1.63768733264404e-11,49.6172299577893,4.37941810947427e-06,49.5787918243921,2.63441326745122e-06,49.5787918243865,2.63441326850928e-06,0.465601931548822,0.431229569417877,49.8253776813131,9.64826102230836e-06,0.431231182004272,0.244819530877224,49.6556934862103,4.37943448634724e-06,0.465601931593055,0.465601931506826,49.6220885910561,5.2688265359584e-06
805,49.9126888406574,9.64826102222933e-06,49.7511429419497,4.37943448640201e-06,49.7505025564555,5.26882653583738e-06,49.5614264338149,1.63768735546086e-11,49.620037446613,4.3794181095463e-06,49.580680428639,2.63441326756438e-06,49.5806804286373,2.63441326826308e-06,49.7492763115405,4.37943448639849e-06,49.7479955405522,5.2688265358304e-06,49.5000079321935,1.63768738049589e-11,49.6172299577897,4.37941810952488e-06,49.5787918243975,2.6344132675788e-06,49.5787918243941,2.63441326825211e-06,0.465601931553102,0.431229569429004,49.8253776813148,9.64826102223014e-06,0.431231182011293,0.24481953088121,49.6556934862112,4.37943448639908e-06,0.465601931578613,0.465601931523769,49.6220885910616,5.26882653583107e-06
806,49.9126888406577,9.64826102214311e-06,49.7511429419509,4.37943448638671e-06,49.7505025564568,5.26882653568461e-06,49.5614264338147,1.63768735546401e-11,49.6200374466129,4.37941810954896e-06,49.5806804286439,2.63441326759438e-06,49.5806804286431,2.63441326809575e-06,49.7492763115417,4.37943448642827e-06,49.7479955405536,5.26882653571612e-06,49.5000079321932,1.63768737658749e-11,49.6172299577895,4.37941810955451e-06,49.578791824402,2.63441326760513e-06,49.5787918244004,2.63441326811096e-06,0.46560193154464,0.431229569425419,49.8253776813153,9.64826102214101e-06,0.431231182006943,0.244819530878741,49.6556934862112,4.37943448642818e-06,0.46560193156792,0.465601931528565,49.6220885910661,5.26882653571556e-06
807,49.9126888406585,9.64826102208993e-06,49.7511429419528,4.37943448646289e-06,49.7505025564588,5.26882653562975e-06,49.5614264338149,1.63768735547789e-11,49.6200374466134,4.37941810958479e-06,49.5806804286486,2.63441326760215e-06,49.5806804286482,2.63441326801876e-06,49.7492763115436,4.37943448645712e-06,49.7479955405556,5.26882653563243e-06,49.5000079321929,1.63768737269405e-11,49.61722995779,4.37941810958332e-06,49.5787918244065,2.63441326760283e-06,49.5787918244057,2.6344132680293e-06,0.465601931550854,0.431229569436571,49.8253776813169,9.64826102209099e-06,0.431231182015148,0.244819530883399,49.6556934862121,4.37943448645729e-06,0.465601931566394,0.465601931533692,49.6220885910703,5.26882653563189e-06
808,49.9126888406585,9.64826102202078e-06,49.7511429419535,4.37943448646422e-06,49.7505025564596,5.26882653553047e-06,49.5614264338146,1.63768735548123e-11,49.6200374466133,4.37941810959519e-06,49.5806804286523,2.6344132675907e-06,49.5806804286521,2.63441326794239e-06,49.7492763115443,4.37943448646864e-06,49.7479955405565,5.26882653555201e-06,49.5000079321925,1.63768736881558e-11,49.6172299577899,4.37941810959442e-06,49.5787918244102,2.63441326759405e-06,49.5787918244097,2.63441326795723e-06,0.465601931540973,0.431229569430439,49.8253776813171,9.64826102201732e-06,0.431231182009541,0.244819530880216,49.655693486212,4.37943448646729e-06,0.465601931560936,0.465601931533331,49.6220885910735,5.26882653555185e-06
809,49.9126888406593,9.64826102198696e-06,49.7511429419552,4.37943448650772e-06,49.7505025564614,5.26882653551289e-06,49.5614264338149,1.63768735549802e-11,49.6200374466141,4.37941810963901e-06,49.5806804286559,2.63441326759147e-06,49.5806804286556,2.63441326789498e-06,49.749276311546,4.37943448648588e-06,49.7479955405583,5.26882653550032e-06,49.5000079321922,1.63768736495207e-11,49.6172299577906,4.37941810961251e-06,49.5787918244138,2.63441326760221e-06,49.5787918244133,2.63441326789785e-06,0.465601931550382,0.431229569442046,49.8253776813186,9.64826102198549e-06,0.431231182019133,0.244819530885661,49.655693486213,4.37943448648548e-06,0.465601931561387,0.465601931537563,49.6220885910767,5.26882653550092e-06
810,49.9126888406592,9.64826102192665e-06,49.7511429419555,4.37943448647245e-06,49.7505025564617,5.26882653543477e-06,49.5614264338146,1.6376873554999e-11,49.6200374466139,4.37941810960424e-06,49.5806804286586,2.63441326759445e-06,49.5806804286583,2.63441326781315e-06,49.7492763115463,4.37943448648631e-06,49.7479955405587,5.26882653544243e-06,49.5000079321919,1.63768736110353e-11,49.6172299577904,4.37941810961261e-06,49.5787918244165,2.63441326760672e-06,49.578791824416,2.63441326783531e-06,0.465601931538984,0.43122956943217,49.8253776813185,9.6482610219291e-06,0.431231182011527,0.244819530881343,49.6556934862128,4.37943448648548e-06,0.465601931554466,0.4656019315373,49.6220885910789,5.26882653544271e-06
811,49.91268884066,9.6482610219084e-06,49.7511429419571,4.3794344865238e-06,49.7505025564633,5.26882653543392e-06,49.5614264338149,1.63768735551778e-11,49.6200374466147,4.37941810964418e-06,49.5806804286612,2.63441326761775e-06,49.580680428661,2.63441326779505e-06,49.7492763115478,4.37943448649651e-06,49.7479955405602,5.26882653541215e-06,49.5000079321916,1.63768735726995e-11,49.6172299577912,4.37941810962291e-06,49.5787918244191,2.63441326762064e-06,49.5787918244187,2.63441326779209e-06,0.465601931549899,0.431229569444991,49.82537768132,9.64826102191728e-06,0.431231182022849,0.244819530887771,49.6556934862138,4.37943448649639e-06,0.465601931555899,0.465601931541982,49.6220885910813,5.2688265354127e-06
812,49.9126888406597,9.64826102185885e-06,49.751142941957,4.37943448647336e-06,49.7505025564633,5.26882653535132e-06,49.5614264338146,1.63768735551839e-11,49.6200374466145,4.37941810960534e-06,49.580680428663,2.63441326760857e-06,49.5806804286628,2.63441326774123e-06,49.7492763115478,4.37943448648904e-06,49.7479955405603,5.26882653537029e-06,49.5000079321913,1.63768732756357e-11,49.617229957791,4.37941810961614e-06,49.5787918244209,2.63441326762137e-06,49.5787918244206,2.63441326774914e-06,0.465601931536695,0.431229569432875,49.8253776813195,9.6482610218618e-06,0.431231182013352,0.244819530882379,49.6556934862134,4.37943448648912e-06,0.465601931549848,0.465601931539436,49.6220885910828,5.26882653537086e-06
813,49.9126888406605,9.64826102185518e-06,49.7511429419586,4.37943448653441e-06,49.7505025564648,5.26882653539016e-06,49.561426433815,1.63768735553791e-11,49.6200374466154,4.37941810965149e-06,49.580680428665,2.6344132676356e-06,49.5806804286648,2.63441326772463e-06,49.7492763115493,4.37943448649698e-06,49.7479955405618,5.26882653535746e-06,49.500007932191,1.6376873237599e-11,49.6172299577919,4.37941810962342e-06,49.5787918244229,2.6344132676306e-06,49.5787918244226,2.6344132677267e-06,0.465601931550807,0.431229569447842,49.8253776813211,9.64826102185725e-06,0.431231182026425,0.244819530889801,49.6556934862145,4.37943448649639e-06,0.465601931551751,0.465601931544763,49.6220885910847,5.26882653535631e-06
814,49.9126888406601,9.6482610218064e-06,49.7511429419582,4.37943448646482e-06,49.7505025564644,5.26882653529026e-06,49.5614264338145,1.63768735553615e-11,49.620037446615,4.37941810958138e-06,49.5806804286662,2.63441326760719e-06,49.5806804286661,2.63441326768838e-06,49.7492763115489,4.37943448648505e-06,49.7479955405615,5.26882653532438e-06,49.5000079321906,1.63768731997119e-11,49.6172299577915,4.37941810961161e-06,49.5787918244241,2.63441326762499e-06,49.5787918244239,2.63441326769949e-06,0.465601931534763,0.431229569432755,49.8253776813203,9.64826102182269e-06,0.431231182014592,0.244819530883083,49.6556934862139,4.37943448648548e-06,0.46560193154634,0.465601931539966,49.6220885910856,5.26882653532539e-06
815,49.9126888406609,9.64826102181513e-06,49.7511429419596,4.37943448652485e-06,49.7505025564659,5.26882653536555e-06,49.561426433815,1.63768735555731e-11,49.620037446616,4.37941810963082e-06,49.5806804286676,2.63441326763857e-06,49.5806804286676,2.63441326768892e-06,49.7492763115504,4.37943448649141e-06,49.7479955405629,5.2688265353219e-06,49.5000079321903,1.63768731619745e-11,49.6172299577925,4.37941810961765e-06,49.5787918244255,2.63441326763192e-06,49.5787918244254,2.63441326768972e-06,0.465601931551001,0.431229569448486,49.8253776813218,9.64826102181269e-06,0.431231182029782,0.244819530891707,49.6556934862151,4.37943448649185e-06,0.465601931549582,0.46560193154563,49.6220885910871,5.26882653532175e-06
816,49.9126888406604,9.64826102177574e-06,49.7511429419591,4.37943448645907e-06,49.7505025564654,5.2688265352803e-06,49.5614264338145,1.63768735555482e-11,49.6200374466156,4.37941810959034e-06,49.5806804286684,2.63441326762207e-06,49.5806804286684,2.63441326766151e-06,49.7492763115499,4.37943448647954e-06,49.7479955405624,5.26882653529505e-06,49.50000793219,1.63768731243866e-11,49.6172299577921,4.37941810960588e-06,49.5787918244263,2.63441326762509e-06,49.5787918244262,2.63441326766987e-06,0.46560193153534,0.431229569433423,49.8253776813208,9.64826102175993e-06,0.431231182015822,0.244819530883782,49.6556934862144,4.3794344864782e-06,0.465601931543694,0.465601931540598,49.6220885910876,5.26882653529537e-06
817,49.9126888406612,9.6482610217891e-06,49.7511429419606,4.37943448651944e-06,49.7505025564669,5.26882653533572e-06,49.561426433815,1.63768735557598e-11,49.6200374466166,4.37941810962526e-06,49.5806804286695,2.6344132676451e-06,49.5806804286695,2.63441326767194e-06,49.7492763115513,4.37943448648688e-06,49.7479955405639,5.26882653529813e-06,49.5000079321897,1.63768736047055e-11,49.6172299577931,4.37941810961326e-06,49.5787918244274,2.63441326763155e-06,49.5787918244273,2.63441326766649e-06,0.46560193155272,0.431229569450973,49.8253776813224,9.64826102176903e-06,0.43123118203177,0.244819530892835,49.6556934862157,4.37943448648639e-06,0.465601931548396,0.465601931546289,49.6220885910888,5.26882653529901e-06
818,49.9126888406606,9.64826102174446e-06,49.7511429419597,4.37943448643286e-06,49.750502556466,5.26882653522763e-06,49.5614264338144,1.63768735557095e-11,49.620037446616,4.37941810957829e-06,49.58068042867,2.63441326761333e-06,49.5806804286699,2.63441326764099e-06,49.7492763115505,4.37943448647181e-06,49.7479955405631,5.26882653527376e-06,49.5000079321894,1.63768735674173e-11,49.6172299577925,4.37941810959798e-06,49.5787918244279,2.63441326762353e-06,49.5787918244278,2.63441326765002e-06,0.465601931533394,0.43122956943226,49.8253776813212,9.64826102173629e-06,0.431231182016366,0.24481953088409,49.6556934862148,4.37943448647002e-06,0.465601931542714,0.465601931540543,49.622088591089,5.26882653527355e-06
819,49.9126888406615,9.64826102176591e-06,49.7511429419612,4.37943448650758e-06,49.7505025564675,5.2688265352963e-06,49.5614264338149,1.6376873555932e-11,49.6200374466171,4.37941810962694e-06,49.5806804286709,2.63441326764372e-06,49.5806804286709,2.63441326765649e-06,49.749276311552,4.37943448647959e-06,49.7479955405645,5.26882653528292e-06,49.5000079321891,1.63768735302787e-11,49.6172299577935,4.37941810960572e-06,49.5787918244288,2.63441326763198e-06,49.5787918244287,2.63441326765179e-06,0.46560193155295,0.431229569452072,49.825377681323,9.64826102175448e-06,0.4312311820343,0.244819530894272,49.6556934862161,4.3794344864782e-06,0.465601931547907,0.465601931546905,49.6220885910901,5.26882653528446e-06
820,49.9126888406608,9.64826102172073e-06,49.7511429419602,4.37943448642316e-06,49.7505025564665,5.2688265352159e-06,49.5614264338143,1.63768735558634e-11,49.6200374466163,4.3794181095694e-06,49.5806804286711,2.6344132675949e-06,49.5806804286711,2.63441326761394e-06,49.7492763115509,4.37943448646367e-06,49.7479955405636,5.26882653526032e-06,49.5000079321888,1.63768734932898e-11,49.6172299577928,4.37941810958972e-06,49.578791824429,2.63441326762244e-06,49.5787918244289,2.63441326763805e-06,0.465601931532273,0.431229569431169,49.8253776813216,9.64826102173265e-06,0.431231182016547,0.244819530884193,49.6556934862151,4.37943448646274e-06,0.465601931541432,0.465601931539938,49.6220885910901,5.26882653526263e-06
821,49.9126888406617,9.6482610217444e-06,49.7511429419616,4.37943448649663e-06,49.7505025564679,5.26882653530002e-06,49.5614264338148,1.63768735560896e-11,49.6200374466175,4.37941810960697e-06,49.5806804286718,2.63441326763478e-06,49.5806804286718,2.63441326764402e-06,49.7492763115524,4.37943448647262e-06,49.7479955405649,5.26882653527364e-06,49.5000079321885,1.63768734564504e-11,49.6172299577939,4.37941810959889e-06,49.5787918244297,2.63441326763123e-06,49.5787918244297,2.63441326764273e-06,0.465601931553068,0.4312295694516,49.8253776813234,9.64826102176812e-06,0.431231182035951,0.244819530895209,49.6556934862165,4.37943448647275e-06,0.46560193154749,0.465601931546765,49.622088591091,5.26882653527446e-06
822,49.9126888406608,9.64826102170639e-06,49.7511429419603,4.37943448638675e-06,49.7505025564666,5.26882653522475e-06,49.5614264338141,1.63768735560029e-11,49.6200374466166,4.37941810955628e-06,49.5806804286718,2.63441326761778e-06,49.5806804286718,2.63441326762115e-06,49.7492763115511,4.37943448645666e-06,49.7479955405637,5.26882653525174e-06,49.5000079321882,1.63768734197607e-11,49.6172299577931,4.37941810958273e-06,49.5787918244297,2.63441326762135e-06,49.5787918244297,2.6344132676299e-06,0.465601931530949,0.431229569428048,49.8253776813216,9.64826102170718e-06,0.431231182016355,0.244819530884084,49.6556934862153,4.37943448645638e-06,0.465601931540066,0.465601931539802,49.6220885910907,5.26882653525081e-06
823,49.9126888406619,9.64826102174548e-06,49.7511429419622,4.379434486498e-06,49.7505025564684,5.26882653531995e-06,49.5614264338147,1.63768735562581e-11,49.6200374466179,4.37941810961718e-06,49.5806804286725,2.63441326764152e-06,49.5806804286725,2.63441326764795e-06,49.7492763115529,4.37943448647151e-06,49.7479955405654,5.26882653526972e-06,49.5000079321878,1.63768733832206e-11,49.6172299577944,4.37941810959802e-06,49.5787918244304,2.63441326763164e-06,49.5787918244304,2.63441326763864e-06,0.465601931557462,0.43122956945525,49.8253776813237,9.64826102172992e-06,0.431231182037898,0.244819530896315,49.6556934862169,4.37943448647184e-06,0.465601931547599,0.465601931547095,49.6220885910916,5.26882653527173e-06
824,49.9126888406608,9.64826102169788e-06,49.7511429419606,4.37943448640725e-06,49.7505025564669,5.26882653521873e-06,49.5614264338139,1.63768735561277e-11,49.6200374466168,4.37941810954033e-06,49.5806804286723,2.63441326762059e-06,49.5806804286723,2.63441326762812e-06,49.7492763115513,4.37943448645284e-06,49.747995540564,5.26882653524401e-06,49.5000079321875,1.63768730879502e-11,49.6172299577933,4.37941810957903e-06,49.5787918244302,2.63441326761886e-06,49.5787918244302,2.63441326762481e-06,0.46560193152906,0.431229569427272,49.8253776813215,9.6482610216708e-06,0.431231182014427,0.24481953088299,49.6556934862154,4.37943448645274e-06,0.465601931539413,0.465601931538822,49.6220885910911,5.26882653524171e-06
825,49.912688840662,9.6482610217464e-06,49.7511429419626,4.37943448653051e-06,49.7505025564689,5.26882653532048e-06,49.5614264338146,1.63768735564139e-11,49.6200374466183,4.37941810962066e-06,49.580680428673,2.63441326764641e-06,49.580680428673,2.63441326765378e-06,49.7492763115534,4.37943448646934e-06,49.7479955405659,5.26882653526698e-06,49.5000079321872,1.63768735694692e-11,49.6172299577947,4.37941810959597e-06,49.5787918244309,2.63441326763144e-06,49.5787918244309,2.6344132676361e-06,0.465601931559614,0.431229569458689,49.8253776813239,9.64826102169172e-06,0.431231182040853,0.244819530897992,49.6556934862173,4.37943448647002e-06,0.465601931548639,0.465601931548061,49.6220885910921,5.26882653526718e-06
826,49.9126888406608,9.64826102169089e-06,49.7511429419608,4.37943448641858e-06,49.7505025564671,5.26882653519906e-06,49.5614264338136,1.6376873556249e-11,49.6200374466169,4.37941810954723e-06,49.5806804286727,2.63441326760391e-06,49.5806804286727,2.63441326761e-06,49.7492763115516,4.37943448644839e-06,49.7479955405642,5.26882653523885e-06,49.5000079321869,1.63768735333781e-11,49.6172299577934,4.37941810957474e-06,49.5787918244306,2.63441326761769e-06,49.5787918244306,2.63441326762061e-06,0.46560193152772,0.431229569427122,49.8253776813216,9.64826102164352e-06,0.431231182013193,0.244819530882289,49.6556934862155,4.37943448644819e-06,0.465601931538828,0.46560193153835,49.6220885910915,5.26882653523717e-06
827,49.9126888406622,9.64826102173713e-06,49.751142941963,4.37943448654828e-06,49.7505025564693,5.26882653533308e-06,49.5614264338144,1.63768735565588e-11,49.6200374466185,4.37941810963875e-06,49.5806804286734,2.6344132676525e-06,49.5806804286734,2.63441326765037e-06,49.7492763115537,4.37943448646617e-06,49.7479955405662,5.26882653526478e-06,49.5000079321866,1.63768734974366e-11,49.6172299577949,4.37941810959248e-06,49.5787918244313,2.63441326763124e-06,49.5787918244313,2.63441326763371e-06,0.465601931560849,0.431229569460199,49.8253776813244,9.64826102170355e-06,0.431231182043251,0.244819530899354,49.6556934862175,4.37943448646456e-06,0.465601931549124,0.465601931548956,49.6220885910924,5.26882653526263e-06
828,49.9126888406607,9.64826102167778e-06,49.7511429419607,4.37943448639527e-06,49.750502556467,5.26882653519798e-06,49.5614264338133,1.63768735563611e-11,49.6200374466169,4.37941810952364e-06,49.5806804286729,2.63441326760443e-06,49.5806804286729,2.63441326760399e-06,49.7492763115515,4.37943448644192e-06,49.7479955405642,5.26882653523245e-06,49.5000079321863,1.63768734616447e-11,49.6172299577934,4.37941810956803e-06,49.5787918244308,2.63441326761553e-06,49.5787918244308,2.63441326761727e-06,0.465601931524231,0.431229569422782,49.8253776813214,9.64826102162988e-06,0.43123118201191,0.244819530881561,49.6556934862155,4.37943448644182e-06,0.465601931538057,0.465601931538022,49.6220885910917,5.26882653523353e-06
829,49.9126888406625,9.64826102173686e-06,49.7511429419634,4.37943448654534e-06,49.7505025564697,5.26882653535192e-06,49.5614264338143,1.63768735567146e-11,49.6200374466189,4.37941810962943e-06,49.5806804286737,2.63441326764702e-06,49.5806804286737,2.63441326765639e-06,49.7492763115541,4.37943448646582e-06,49.7479955405667,5.26882653526517e-06,49.500007932186,1.63768734260023e-11,49.6172299577953,4.37941810959251e-06,49.5787918244316,2.63441326763192e-06,49.5787918244316,2.63441326763375e-06,0.465601931565873,0.431229569464322,49.8253776813249,9.64826102171264e-06,0.431231182046244,0.244819530901053,49.6556934862179,4.37943448646638e-06,0.465601931550304,0.465601931549568,49.6220885910928,5.26882653526627e-06
830,49.9126888406607,9.64826102165699e-06,49.7511429419605,4.37943448634774e-06,49.7505025564668,5.26882653515566e-06,49.5614264338129,1.63768735564478e-11,49.6200374466168,4.3794181095141e-06,49.580680428673,2.63441326760211e-06,49.580680428673,2.63441326760047e-06,49.7492763115513,4.37943448643599e-06,49.747995540564,5.26882653522526e-06,49.5000079321857,1.63768733905096e-11,49.6172299577934,4.37941810956254e-06,49.5787918244309,2.63441326761183e-06,49.5787918244309,2.63441326761314e-06,0.465601931518893,0.43122956941706,49.8253776813213,9.64826102166171e-06,0.431231182008227,0.244819530879469,49.6556934862153,4.37943448643546e-06,0.465601931536701,0.465601931536572,49.6220885910917,5.26882653522534e-06
831,49.9126888406624,9.64826102174214e-06,49.7511429419636,4.37943448655136e-06,49.7505025564698,5.26882653533985e-06,49.5614264338141,1.63768735568595e-11,49.6200374466192,4.3794181096361e-06,49.5806804286739,2.63441326764243e-06,49.5806804286739,2.63441326764068e-06,49.7492763115543,4.37943448646479e-06,49.7479955405668,5.26882653526612e-06,49.5000079321853,1.63768733551665e-11,49.6172299577955,4.37941810959099e-06,49.5787918244318,2.63441326763278e-06,49.5787918244318,2.63441326763339e-06,0.465601931567707,0.431229569466782,49.8253776813249,9.64826102169081e-06,0.431231182050243,0.244819530903323,49.6556934862182,4.37943448646456e-06,0.465601931551326,0.465601931551189,49.622088591093,5.26882653526718e-06
832,49.9126888406607,9.64826102165912e-06,49.7511429419607,4.37943448636333e-06,49.750502556467,5.26882653516843e-06,49.5614264338127,1.63768735565617e-11,49.6200374466169,4.37941810952299e-06,49.5806804286732,2.63441326758667e-06,49.5806804286732,2.63441326758633e-06,49.7492763115515,4.37943448643546e-06,49.7479955405641,5.26882653522497e-06,49.500007932185,1.63768735788543e-11,49.6172299577935,4.37941810956267e-06,49.5787918244311,2.63441326761214e-06,49.5787918244311,2.63441326761255e-06,0.465601931519937,0.431229569418285,49.8253776813213,9.64826102163715e-06,0.431231182005672,0.244819530878019,49.6556934862154,4.37943448643637e-06,0.465601931535597,0.46560193153557,49.6220885910918,5.26882653522443e-06
833,49.9126888406628,9.6482610217283e-06,49.7511429419637,4.37943448655857e-06,49.75050255647,5.26882653534482e-06,49.5614264338138,1.63768735569789e-11,49.6200374466192,4.37941810964995e-06,49.580680428674,2.63441326764982e-06,49.580680428674,2.63441326764183e-06,49.7492763115544,4.37943448646368e-06,49.7479955405669,5.26882653526534e-06,49.5000079321847,1.63768735438105e-11,49.6172299577956,4.37941810959039e-06,49.5787918244319,2.63441326763221e-06,49.5787918244319,2.63441326763297e-06,0.465601931568092,0.431229569467286,49.8253776813256,9.6482610217663e-06,0.43123118205134,0.244819530903946,49.6556934862183,4.37943448646365e-06,0.465601931551907,0.465601931551279,49.6220885910931,5.26882653526627e-06
834,49.9126888406606,9.64826102163159e-06,49.75114294196,4.37943448633621e-06,49.7505025564664,5.26882653511999e-06,49.5614264338122,1.63768735566357e-11,49.6200374466167,4.37941810950941e-06,49.5806804286732,2.63441326759162e-06,49.5806804286732,2.63441326759169e-06,49.7492763115509,4.3794344864287e-06,49.7479955405636,5.2688265352193e-06,49.5000079321844,1.63768735089164e-11,49.6172299577932,4.3794181095549e-06,49.5787918244311,2.63441326760931e-06,49.5787918244311,2.63441326760998e-06,0.465601931511129,0.431229569410245,49.8253776813213,9.64826102172083e-06,0.431231182003827,0.244819530876972,49.655693486215,4.37943448642727e-06,0.465601931534663,0.465601931534658,49.6220885910918,5.26882653521989e-06
835,49.9126888406628,9.64826102173325e-06,49.7511429419636,4.37943448657216e-06,49.7505025564699,5.26882653535548e-06,49.5614264338136,1.63768735571128e-11,49.6200374466194,4.3794181096743e-06,49.5806804286742,2.63441326765183e-06,49.5806804286742,2.63441326765046e-06,49.7492763115543,4.37943448646461e-06,49.7479955405668,5.26882653527114e-06,49.5000079321841,1.63768734741718e-11,49.6172299577958,4.37941810959106e-06,49.5787918244321,2.63441326763521e-06,49.5787918244321,2.63441326763557e-06,0.465601931570359,0.431229569469694,49.8253776813256,9.64826102177812e-06,0.431231182054381,0.244819530905673,49.6556934862185,4.37943448646456e-06,0.465601931551851,0.465601931551743,49.6220885910933,5.26882653527264e-06
836,49.9126888406603,9.64826102164796e-06,49.7511429419599,4.37943448631963e-06,49.7505025564663,5.26882653511844e-06,49.5614264338119,1.63768735567296e-11,49.6200374466166,4.37941810949278e-06,49.5806804286732,2.63441326757534e-06,49.5806804286732,2.63441326757509e-06,49.7492763115507,4.37943448643061e-06,49.7479955405634,5.26882653522198e-06,49.5000079321838,1.63768734395767e-11,49.6172299577932,4.37941810955681e-06,49.5787918244311,2.63441326761059e-06,49.5787918244312,2.63441326761131e-06,0.465601931511384,0.431229569409854,49.8253776813205,9.6482610216417e-06,0.431231181999853,0.244819530874715,49.655693486215,4.37943448642909e-06,0.465601931532605,0.465601931532586,49.6220885910919,5.26882653522262e-06
837,49.9126888406631,9.64826102175334e-06,49.7511429419642,4.37943448660365e-06,49.7505025564705,5.26882653540024e-06,49.5614264338135,1.63768735572613e-11,49.6200374466197,4.37941810968391e-06,49.5806804286743,2.6344132676497e-06,49.5806804286743,2.63441326764957e-06,49.7492763115549,4.37943448647246e-06,49.7479955405674,5.26882653527705e-06,49.5000079321835,1.63768734051313e-11,49.617229957796,4.37941810959905e-06,49.5787918244322,2.63441326763834e-06,49.5787918244322,2.63441326763877e-06,0.465601931578819,0.431229569477707,49.8253776813262,9.64826102176357e-06,0.431231182057207,0.244819530907277,49.6556934862188,4.37943448647275e-06,0.46560193155277,0.46560193155276,49.6220885910935,5.26882653527718e-06
838,49.9126888406596,9.64826102165001e-06,49.7511429419594,4.37943448630729e-06,49.7505025564658,5.26882653510022e-06,49.5614264338113,1.63768735567781e-11,49.6200374466162,4.3794181094879e-06,49.5806804286731,2.63441326758321e-06,49.5806804286731,2.6344132675816e-06,49.7492763115503,4.37943448642606e-06,49.747995540563,5.26882653521445e-06,49.5000079321832,1.63768736297179e-11,49.6172299577928,4.37941810955258e-06,49.578791824431,2.63441326760738e-06,49.578791824431,2.63441326760686e-06,0.4656019315028,0.431229569401599,49.8253776813193,9.64826102154529e-06,0.431231181994934,0.244819530871923,49.6556934862145,4.37943448642636e-06,0.465601931531319,0.465601931531192,49.6220885910916,5.26882653521352e-06
839,49.9126888406633,9.64826102179791e-06,49.7511429419655,4.37943448664574e-06,49.7505025564716,5.26882653546117e-06,49.5614264338135,1.63768735574608e-11,49.6200374466203,4.37941810969556e-06,49.5806804286745,2.63441326767855e-06,49.5806804286745,2.63441326767678e-06,49.7492763115561,4.37943448648302e-06,49.7479955405685,5.26882653528754e-06,49.5000079321828,1.63768735955718e-11,49.6172299577966,4.37941810960965e-06,49.5787918244324,2.63441326764395e-06,49.5787918244324,2.63441326764338e-06,0.465601931594968,0.4312295694931,49.8253776813266,9.64826102164898e-06,0.431231182065967,0.24481953091225,49.6556934862196,4.37943448648457e-06,0.465601931556634,0.465601931556494,49.6220885910938,5.26882653528537e-06
840,49.9126888406598,9.64826102162416e-06,49.7511429419594,4.37943448624313e-06,49.7505025564658,5.26882653504609e-06,49.5614264338108,1.63768735568284e-11,49.6200374466159,4.37941810946932e-06,49.5806804286729,2.63441326756017e-06,49.5806804286729,2.63441326757891e-06,49.7492763115503,4.37943448642177e-06,49.747995540563,5.2688265352027e-06,49.5000079321825,1.63768738204581e-11,49.6172299577925,4.37941810954858e-06,49.5787918244309,2.63441326760117e-06,49.5787918244309,2.63441326760106e-06,0.465601931496148,0.43122956939431,49.8253776813195,9.64826102157713e-06,0.431231181986057,0.244819530866883,49.6556934862141,4.37943448642181e-06,0.465601931529777,0.465601931528307,49.6220885910914,5.26882653519897e-06
841,49.9126888406638,9.64826102176593e-06,49.7511429419654,4.3794344866544e-06,49.7505025564716,5.26882653545117e-06,49.5614264338133,1.63768735575929e-11,49.6200374466205,4.37941810970845e-06,49.5806804286746,2.63441326767891e-06,49.5806804286746,2.63441326767873e-06,49.7492763115561,4.37943448647744e-06,49.7479955405685,5.26882653528367e-06,49.5000079321822,1.63768737866113e-11,49.6172299577967,4.37941810960381e-06,49.5787918244324,2.63441326764204e-06,49.5787918244324,2.63441326764173e-06,0.46560193159308,0.431229569491968,49.8253776813276,9.64826102179086e-06,0.431231182074243,0.244819530916948,49.6556934862198,4.37943448647911e-06,0.465601931560037,0.465601931560023,49.6220885910938,5.26882653528173e-06
842,49.9126888406596,9.64826102158611e-06,49.7511429419585,4.37943448619033e-06,49.7505025564649,5.26882653499087e-06,49.5614264338103,1.63768735568786e-11,49.6200374466155,4.37941810942436e-06,49.5806804286729,2.6344132675565e-06,49.5806804286729,2.63441326754873e-06,49.7492763115494,4.37943448641088e-06,49.7479955405622,5.26882653519504e-06,49.5000079321819,1.63768734940309e-11,49.6172299577922,4.37941810953751e-06,49.5787918244308,2.63441326759709e-06,49.5787918244308,2.63441326759731e-06,0.465601931484632,0.431229569382789,49.8253776813191,9.64826102166444e-06,0.431231181980837,0.24481953086392,49.6556934862136,4.37943448640999e-06,0.465601931527112,0.465601931526502,49.6220885910913,5.26882653519351e-06
843,49.9126888406642,9.64826102176901e-06,49.7511429419656,4.3794344866811e-06,49.7505025564718,5.26882653547979e-06,49.5614264338132,1.63768735577578e-11,49.6200374466209,4.3794181097224e-06,49.5806804286748,2.63441326769439e-06,49.5806804286748,2.63441326768812e-06,49.7492763115562,4.37943448648115e-06,49.7479955405686,5.2688265352923e-06,49.5000079321816,1.63768734604831e-11,49.6172299577971,4.37941810960722e-06,49.5787918244326,2.63441326764605e-06,49.5787918244326,2.63441326764653e-06,0.465601931600166,0.431229569499,49.8253776813284,9.64826102186544e-06,0.431231182079684,0.244819530920037,49.6556934862202,4.37943448648093e-06,0.465601931561009,0.465601931560517,49.6220885910941,5.26882653529265e-06
844,49.9126888406586,9.64826102159522e-06,49.7511429419576,4.3794344861844e-06,49.750502556464,5.26882653498941e-06,49.5614264338097,1.63768735569107e-11,49.620037446615,4.37941810940344e-06,49.5806804286727,2.6344132675407e-06,49.5806804286727,2.63441326754289e-06,49.7492763115485,4.37943448640567e-06,49.7479955405613,5.26882653519008e-06,49.5000079321813,1.63768734270848e-11,49.6172299577917,4.37941810953243e-06,49.5787918244307,2.63441326759489e-06,49.5787918244307,2.63441326759519e-06,0.465601931474864,0.431229569373065,49.8253776813172,9.64826102153984e-06,0.431231181971917,0.244819530858855,49.655693486213,4.37943448640635e-06,0.465601931522894,0.465601931522722,49.6220885910911,5.26882653519169e-06
845,49.9126888406646,9.64826102183367e-06,49.7511429419672,4.37943448677852e-06,49.7505025564734,5.26882653555753e-06,49.5614264338134,1.63768735580009e-11,49.6200374466218,4.37941810978497e-06,49.5806804286751,2.6344132677104e-06,49.5806804286751,2.63441326771074e-06,49.7492763115578,4.37943448649982e-06,49.7479955405701,5.2688265353116e-06,49.500007932181,1.63768733938361e-11,49.6172299577979,4.37941810962661e-06,49.5787918244329,2.63441326765592e-06,49.578791824433,2.63441326765685e-06,0.46560193162354,0.43122956952317,49.8253776813293,9.64826102174902e-06,0.431231182090417,0.244819530926131,49.6556934862214,4.37943448650003e-06,0.465601931564508,0.465601931564481,49.6220885910946,5.26882653531629e-06
846,49.9126888406582,9.64826102157167e-06,49.751142941957,4.3794344861142e-06,49.7505025564635,5.26882653489096e-06,49.561426433809,1.6376873556901e-11,49.6200374466143,4.37941810935602e-06,49.5806804286724,2.63441326753406e-06,49.5806804286724,2.63441326752479e-06,49.749276311548,4.37943448639976e-06,49.7479955405608,5.26882653517534e-06,49.5000079321806,1.63768733607369e-11,49.617229957791,4.37941810952643e-06,49.5787918244304,2.63441326758698e-06,49.5787918244304,2.63441326758784e-06,0.465601931460307,0.431229569359354,49.8253776813164,9.64826102150982e-06,0.431231181957586,0.24481953085072,49.6556934862121,4.37943448639999e-06,0.465601931518719,0.465601931517992,49.6220885910906,5.26882653517441e-06
847,49.9126888406652,9.64826102184552e-06,49.751142941968,4.37943448684842e-06,49.7505025564742,5.26882653561869e-06,49.5614264338134,1.63768735581985e-11,49.6200374466223,4.37941810981667e-06,49.5806804286753,2.6344132677187e-06,49.5806804286753,2.63441326771856e-06,49.7492763115586,4.37943448650438e-06,49.7479955405709,5.26882653531939e-06,49.5000079321803,1.63768735866714e-11,49.6172299577985,4.37941810963022e-06,49.5787918244331,2.63441326765985e-06,49.5787918244331,2.63441326766036e-06,0.465601931634196,0.43122956953436,49.8253776813304,9.6482610217854e-06,0.431231182105983,0.244819530934968,49.6556934862221,4.37943448650367e-06,0.465601931570919,0.465601931570908,49.6220885910949,5.26882653531902e-06
848,49.9126888406579,9.64826102153392e-06,49.7511429419562,4.37943448606198e-06,49.7505025564627,5.26882653485549e-06,49.5614264338083,1.63768735569149e-11,49.6200374466137,4.37941810932909e-06,49.5806804286722,2.6344132675186e-06,49.5806804286722,2.6344132675076e-06,49.7492763115472,4.37943448638899e-06,49.7479955405601,5.26882653516227e-06,49.50000793218,1.63768735538716e-11,49.6172299577905,4.37941810951537e-06,49.5787918244302,2.63441326758058e-06,49.5787918244302,2.6344132675808e-06,0.465601931445997,0.431229569344446,49.8253776813158,9.64826102155439e-06,0.43123118194539,0.244819530843796,49.6556934862113,4.37943448638816e-06,0.465601931514906,0.465601931514043,49.6220885910903,5.26882653516259e-06
849,49.912688840666,9.6482610218396e-06,49.7511429419686,4.37943448688428e-06,49.7505025564747,5.26882653568748e-06,49.5614264338134,1.63768735583961e-11,49.6200374466229,4.37941810982748e-06,49.5806804286755,2.63441326774159e-06,49.5806804286755,2.63441326773971e-06,49.7492763115591,4.37943448650822e-06,49.7479955405714,5.26882653532846e-06,49.5000079321797,1.63768735212212e-11,49.617229957799,4.3794181096348e-06,49.5787918244333,2.63441326766457e-06,49.5787918244333,2.63441326766469e-06,0.465601931644167,0.431229569543193,49.825377681332,9.64826102191546e-06,0.431231182117886,0.244819530941726,49.6556934862228,4.37943448651003e-06,0.465601931574499,0.465601931574351,49.6220885910952,5.26882653533084e-06
850,49.9126888406573,9.64826102149325e-06,49.7511429419547,4.37943448599379e-06,49.7505025564612,5.2688265347829e-06,49.5614264338076,1.63768735568979e-11,49.6200374466129,4.37941810927198e-06,49.580680428672,2.63441326747752e-06,49.580680428672,2.63441326747733e-06,49.7492763115457,4.37943448637641e-06,49.7479955405587,5.26882653514952e-06,49.5000079321794,1.63768734887205e-11,49.6172299577897,4.37941810950316e-06,49.57879182443,2.63441326757419e-06,49.57879182443,2.63441326757406e-06,0.465601931426515,0.431229569325116,49.8253776813146,9.6482610216035e-06,0.431231181931757,0.244819530836056,49.6556934862103,4.37943448637543e-06,0.46560193150901,0.465601931508995,49.6220885910899,5.26882653514895e-06
851,49.9126888406664,9.64826102187823e-06,49.7511429419693,4.37943448694078e-06,49.7505025564754,5.26882653575858e-06,49.5614264338135,1.63768735586192e-11,49.6200374466237,4.37941810986659e-06,49.5806804286758,2.63441326776342e-06,49.5806804286758,2.6344132677536e-06,49.7492763115598,4.37943448652043e-06,49.747995540572,5.26882653534737e-06,49.5000079321791,1.63768734563692e-11,49.6172299577997,4.37941810964668e-06,49.5787918244336,2.63441326767397e-06,49.5787918244336,2.63441326767381e-06,0.465601931662018,0.431229569560495,49.8253776813329,9.64826102192182e-06,0.431231182131587,0.244819530949504,49.6556934862238,4.37943448652095e-06,0.465601931579022,0.465601931578251,49.6220885910957,5.26882653534722e-06
852,49.9126888406564,9.64826102149242e-06,49.7511429419537,4.37943448590064e-06,49.7505025564603,5.26882653470391e-06,49.5614264338068,1.63768735568863e-11,49.6200374466121,4.3794181092383e-06,49.5806804286717,2.63441326747919e-06,49.5806804286717,2.63441326748726e-06,49.7492763115448,4.37943448637198e-06,49.7479955405578,5.26882653514177e-06,49.5000079321788,1.63768734241675e-11,49.6172299577891,4.3794181094994e-06,49.5787918244297,2.63441326757064e-06,49.5787918244297,2.6344132675703e-06,0.465601931413433,0.431229569311208,49.8253776813128,9.64826102149527e-06,0.431231181915667,0.244819530826921,49.6556934862094,4.37943448637179e-06,0.465601931503282,0.465601931502649,49.6220885910896,5.26882653513894e-06
853,49.9126888406677,9.64826102190264e-06,49.7511429419709,4.37943448702248e-06,49.7505025564769,5.26882653583911e-06,49.5614264338137,1.63768735588678e-11,49.6200374466246,4.37941810994211e-06,49.5806804286761,2.6344132677809e-06,49.5806804286761,2.63441326779798e-06,49.7492763115613,4.37943448653773e-06,49.7479955405734,5.26882653536496e-06,49.5000079321785,1.63768733921154e-11,49.6172299578005,4.37941810966404e-06,49.5787918244339,2.63441326768372e-06,49.5787918244339,2.63441326768313e-06,0.465601931684646,0.431229569583182,49.8253776813355,9.64826102204824e-06,0.431231182147327,0.24481953095844,49.6556934862249,4.37943448653823e-06,0.465601931584746,0.465601931583405,49.6220885910962,5.26882653537268e-06
854,49.9126888406555,9.64826102141552e-06,49.7511429419512,4.37943448579994e-06,49.7505025564578,5.26882653460193e-06,49.5614264338057,1.63768735567565e-11,49.6200374466105,4.37941810916792e-06,49.5806804286711,2.63441326746095e-06,49.5806804286711,2.63441326744966e-06,49.7492763115423,4.37943448634952e-06,49.7479955405555,5.26882653511368e-06,49.5000079321781,1.63768733602127e-11,49.6172299577876,4.37941810947656e-06,49.5787918244292,2.6344132675571e-06,49.5787918244292,2.63441326755611e-06,0.465601931377729,0.431229569275718,49.8253776813109,9.64826102161169e-06,0.431231181894766,0.244819530815055,49.6556934862075,4.37943448634905e-06,0.465601931495448,0.465601931494562,49.6220885910887,5.26882653511439e-06
855,49.9126888406689,9.64826102193685e-06,49.7511429419719,4.37943448714708e-06,49.7505025564779,5.26882653596183e-06,49.5614264338141,1.63768735591545e-11,49.6200374466258,4.37941811001623e-06,49.5806804286765,2.63441326784152e-06,49.5806804286765,2.63441326784276e-06,49.7492763115623,4.3794344865534e-06,49.7479955405743,5.26882653539316e-06,49.5000079321778,1.63768735873453e-11,49.6172299578016,4.37941810967966e-06,49.5787918244343,2.63441326769738e-06,49.5787918244343,2.63441326769689e-06,0.465601931709963,0.43122956960882,49.8253776813378,9.64826102220741e-06,0.431231182172051,0.244819530972476,49.6556934862264,4.37943448655551e-06,0.465601931592094,0.465601931591997,49.6220885910968,5.2688265353936e-06
856,49.9126888406548,9.64826102134393e-06,49.7511429419486,4.3794344856809e-06,49.7505025564553,5.26882653446754e-06,49.5614264338044,1.63768735566194e-11,49.6200374466089,4.37941810910264e-06,49.5806804286706,2.63441326741733e-06,49.5806804286706,2.63441326740162e-06,49.7492763115399,4.37943448633395e-06,49.7479955405531,5.26882653509609e-06,49.5000079321775,1.63768738146278e-11,49.6172299577861,4.37941810946072e-06,49.5787918244286,2.6344132675472e-06,49.5787918244286,2.63441326754775e-06,0.465601931345232,0.431229569243716,49.8253776813095,9.64826102178631e-06,0.431231181865695,0.244819530798551,49.6556934862055,4.37943448633359e-06,0.465601931484318,0.465601931483085,49.622088591088,5.26882653509892e-06
857,49.9126888406688,9.64826102200285e-06,49.7511429419723,4.37943448727982e-06,49.7505025564782,5.26882653609214e-06,49.5614264338143,1.63768735594067e-11,49.6200374466266,4.37941811008265e-06,49.5806804286768,2.63441326786393e-06,49.5806804286768,2.63441326786591e-06,49.7492763115627,4.37943448656959e-06,49.7479955405746,5.26882653542217e-06,49.5000079321772,1.63768735242881e-11,49.6172299578024,4.37941810969567e-06,49.5787918244346,2.63441326771203e-06,49.5787918244346,2.63441326771264e-06,0.465601931728656,0.431229569628073,49.8253776813377,9.64826102213192e-06,0.431231182196,0.244819530986073,49.6556934862276,4.37943448657097e-06,0.465601931597949,0.465601931597793,49.6220885910975,5.26882653543635e-06
858,49.912688840653,9.64826102142018e-06,49.7511429419482,4.3794344856318e-06,49.7505025564549,5.26882653440752e-06,49.5614264338037,1.63768735566115e-11,49.6200374466082,4.37941810904894e-06,49.5806804286703,2.63441326738923e-06,49.5806804286703,2.6344132673898e-06,49.7492763115394,4.37943448634356e-06,49.7479955405527,5.26882653509817e-06,49.5000079321769,1.63768734929838e-11,49.6172299577855,4.37941810947023e-06,49.5787918244284,2.63441326754822e-06,49.5787918244284,2.63441326754866e-06,0.465601931342262,0.431229569240853,49.825377681306,9.6482610213825e-06,0.431231181843901,0.244819530786178,49.6556934862048,4.37943448634178e-06,0.465601931474725,0.465601931474681,49.6220885910877,5.26882653510074e-06
859,49.9126888406711,9.64826102205545e-06,49.7511429419755,4.37943448737305e-06,49.7505025564814,5.26882653617421e-06,49.5614264338147,1.63768735597062e-11,49.6200374466279,4.37941811016719e-06,49.5806804286771,2.63441326788081e-06,49.5806804286771,2.63441326788863e-06,49.7492763115657,4.37943448660474e-06,49.7479955405775,5.26882653545095e-06,49.5000079321766,1.6376873461829e-11,49.6172299578036,4.37941810973014e-06,49.5787918244349,2.634413267726e-06,49.5787918244349,2.63441326772588e-06,0.465601931768136,0.431229569667624,49.8253776813423,9.64826102228562e-06,0.431231182214774,0.244819530996731,49.6556934862293,4.37943448660644e-06,0.465601931606538,0.465601931605924,49.6220885910979,5.26882653545272e-06
860,49.9126888407144,9.64826101867203e-06,49.7511429420871,4.37943448981361e-06,49.7505025565963,5.2688265316829e-06,49.5614264338477,1.63768735686889e-11,49.6200374466927,4.37941811215416e-06,49.5806804289206,2.63441327200197e-06,49.5806804289087,2.63441327904082e-06,49.7492763116771,4.37943448838443e-06,49.7479955406957,5.26882653021048e-06,49.5000079321763,1.63768734308237e-11,49.6172299578666,4.37941811151112e-06,49.5787918246779,2.63441327703209e-06,49.5787918246609,2.63441327476318e-06,0.465601931508845,0.431229569672842,49.8253776814289,9.64826101883591e-06,0.431231182239306,0.244819531010658,49.6556934863093,4.37943448838632e-06,0.465601932811139,0.465601932258629,49.6220885914191,5.26882654601741e-06
861,49.912688840669,9.64826101689547e-06,49.7511429420144,4.37943448495502e-06,49.750502556527,5.26882652664591e-06,49.5614264338102,1.63768735585323e-11,49.6200374466247,4.37941810924746e-06,49.5806804289368,2.63441326913784e-06,49.5806804289186,2.63441327288016e-06,49.7492763116048,4.37943448763347e-06,49.7479955406299,5.26882652926409e-06,49.5000079321759,1.6376873399968e-11,49.6172299578035,4.37941811076133e-06,49.5787918247015,2.63441328198579e-06,49.5787918246723,2.63441327604619e-06,0.465601930888956,0.431229569040157,49.825377681338,9.64826101694234e-06,0.431231181381585,0.244819530523711,49.655693486228,4.37943448763053e-06,0.465601930971173,0.465601930677422,49.6220885912742,5.26882652678887e-06
862,49.9126888400999,9.64826104457872e-06,49.7511429406949,4.37943444965331e-06,49.7505025551819,5.26882655839939e-06,49.5614264333956,1.63768734467905e-11,49.6200374458293,4.37941808249186e-06,49.5806804265717,2.63441322959422e-06,49.5806804266703,2.63441316115567e-06,49.7492763102967,4.37943446778223e-06,49.7479955392686,5.26882657681173e-06,49.5000079321756,1.63768733692617e-11,49.6172299570374,4.37941809090705e-06,49.5787918223375,2.63441319452811e-06,49.5787918224766,2.63441320775554e-06,0.465601929866321,0.431229565463396,49.8253776801994,9.64826104433632e-06,0.431231178533369,0.244819528906716,49.6556934852452,4.37943446775716e-06,0.465601925857192,0.465601920485153,49.6220885881449,5.26882642278997e-06
863,49.9126888401262,9.64826109214373e-06,49.7511429403611,4.37943447247652e-06,49.7505025547853,5.26882664670979e-06,49.5614264334462,1.63768734619578e-11,49.6200374458827,4.3794180907771e-06,49.5806804247638,2.63441327606906e-06,49.5806804250073,2.63441319055409e-06,49.749276309962,4.37943445842801e-06,49.747995538811,5.26882663369089e-06,49.5000079321753,1.63768733387049e-11,49.6172299570606,4.37941808153635e-06,49.5787918204646,2.63441308810581e-06,49.5787918208453,2.63441315061439e-06,0.465601937814477,0.431229571100804,49.8253776802529,9.64826109213481e-06,0.431231186223733,0.244819533272706,49.6556934852828,4.37943445844303e-06,0.465601939741487,0.465601933029045,49.6220885865896,5.26882642986402e-06
864,49.9126888407112,9.64826106331513e-06,49.7511429417348,4.37943452395963e-06,49.7505025561639,5.2688266322361e-06,49.5614264339406,1.63768735954031e-11,49.6200374468538,4.37941811170627e-06,49.5806804277227,2.63441346596715e-06,49.580680427916,2.63441348479635e-06,49.7492763113474,4.37943448124116e-06,49.7479955402153,5.26882658210498e-06,49.500007932175,1.63768735671851e-11,49.6172299579973,4.37941810448168e-06,49.5787918234739,2.63441314233197e-06,49.5787918238,2.63441324146874e-06,0.465601934650113,0.43122957066989,49.825377681422,9.64826106369583e-06,0.431231186111998,0.244819533209272,49.6556934864492,4.37943448131318e-06,0.465601948215418,0.465601946737433,49.6220885903364,5.26882650997959e-06
865,49.9126888407544,9.64826100987297e-06,49.7511429422827,4.37943443227457e-06,49.7505025567853,5.26882645639242e-06,49.5614264339412,1.6376873593983e-11,49.6200374469392,4.37941806814585e-06,49.580680429787,2.63441316251525e-06,49.5806804298195,2.63441324575101e-06,49.7492763118673,4.37943449757428e-06,49.7479955408716,5.26882651250139e-06,49.5000079321747,1.63768735369276e-11,49.6172299580978,4.37941812084497e-06,49.5787918254738,2.63441320778963e-06,49.5787918255288,2.63441330520113e-06,0.465601927070166,0.431229565554473,49.8253776815069,9.64826101008384e-06,0.431231176838777,0.244819527944658,49.6556934865659,4.37943449750855e-06,0.465601927508705,0.465601920975169,49.6220885920256,5.26882651257802e-06
866,49.9126888407275,9.64826100849269e-06,49.7511429422123,4.37943444537734e-06,49.7505025567467,5.26882645488924e-06,49.561426433845,1.63768735680903e-11,49.6200374467197,4.37941809756643e-06,49.5806804294642,2.63441306325944e-06,49.5806804293899,2.63441313992516e-06,49.7492763117801,4.37943449816952e-06,49.7479955408411,5.26882651043992e-06,49.5000079321744,1.63768735068196e-11,49.6172299578999,4.37941812125279e-06,49.5787918251853,2.63441321905326e-06,49.5787918250417,2.63441329201376e-06,0.465601931145687,0.431229570129486,49.8253776814547,9.64826100840582e-06,0.431231179925964,0.244819529697323,49.655693486377,4.37943449810336e-06,0.465601927694457,0.465601921676632,49.6220885915165,5.26882651040341e-06
867,49.9126888407021,9.64826101276813e-06,49.7511429420994,4.37943449229831e-06,49.7505025566361,5.26882651247626e-06,49.5614264338041,1.6376873557468e-11,49.6200374466068,4.37941812405867e-06,49.5806804293225,2.63441324211991e-06,49.5806804292215,2.63441329726005e-06,49.7492763116766,4.37943449457279e-06,49.7479955407475,5.26882651825539e-06,49.5000079321741,1.63768734768611e-11,49.6172299577888,4.37941811765718e-06,49.5787918251457,2.63441323583718e-06,49.5787918249512,2.63441328224346e-06,0.465601931231685,0.431229570173846,49.8253776814041,9.64826101274411e-06,0.431231181854847,0.244819530792392,49.6556934862697,4.37943449456998e-06,0.465601936008946,0.465601931680758,49.6220885915649,5.2688265182378e-06
868,49.9126888407192,9.64826101487037e-06,49.7511429421124,4.3794345032135e-06,49.7505025566423,5.26882653139419e-06,49.5614264338064,1.63768735583253e-11,49.6200374466068,4.37941812342731e-06,49.5806804292525,2.6344132517262e-06,49.5806804291744,2.63441328527953e-06,49.7492763116956,4.37943449251343e-06,49.7479955407557,5.26882652229685e-06,49.5000079321738,1.63768734470521e-11,49.6172299577837,4.37941811562922e-06,49.5787918250549,2.63441324722142e-06,49.5787918249031,2.63441327511156e-06,0.465601931471572,0.431229570206745,49.8253776814386,9.64826101489052e-06,0.431231182209926,0.244819530993978,49.6556934862598,4.37943449252543e-06,0.465601932837461,0.465601930203715,49.6220885915366,5.26882652234053e-06
869,49.9126888406897,9.64826101500327e-06,49.7511429420642,4.37943448592298e-06,49.7505025565868,5.26882651997466e-06,49.5614264337895,1.63768735538512e-11,49.6200374465813,4.37941811229365e-06,49.5806804291591,2.63441325133186e-06,49.5806804291152,2.63441327120329e-06,49.7492763116473,4.37943449037892e-06,49.7479955406919,5.26882652466794e-06,49.5000079321734,1.63768734173926e-11,49.6172299577553,4.37941811350073e-06,49.5787918249415,2.63441325318853e-06,49.5787918248547,2.63441327147606e-06,0.465601931050431,0.431229569469948,49.8253776813792,9.64826101506333e-06,0.431231181848421,0.244819530788744,49.6556934862099,4.3794344903672e-06,0.465601932255474,0.465601930695679,49.6220885914721,5.26882652467066e-06
870,49.9126888407135,9.64826101693597e-06,49.7511429420946,4.37943449568916e-06,49.7505025566085,5.26882653294646e-06,49.561426433814,1.63768735606075e-11,49.620037446624,4.37941811693486e-06,49.5806804290882,2.63441325795629e-06,49.5806804290689,2.63441327135259e-06,49.7492763116836,4.37943448974531e-06,49.7479955407118,5.26882652715325e-06,49.5000079321731,1.63768733878826e-11,49.6172299577985,4.379418112862e-06,49.5787918248597,2.63441325644912e-06,49.5787918248201,2.63441327070691e-06,0.465601931767471,0.431229570126823,49.8253776814272,9.64826101692688e-06,0.431231182478262,0.244819531146319,49.6556934862551,4.37943448974966e-06,0.465601932154694,0.465601931103161,49.622088591435,5.2688265271654e-06
871,49.9126888406803,9.64826101640804e-06,49.7511429420412,4.37943448205948e-06,49.7505025565532,5.26882652237572e-06,49.5614264337988,1.63768735565099e-11,49.620037446603,4.37941810801352e-06,49.5806804290106,2.63441325770387e-06,49.5806804290023,2.6344132686111e-06,49.7492763116287,4.37943448851323e-06,49.7479955406526,5.26882652793297e-06,49.5000079321728,1.63768736174108e-11,49.6172299577763,4.37941811164551e-06,49.5787918247757,2.6344132577888e-06,49.5787918247578,2.63441327013198e-06,0.465601931086689,0.431229569260348,49.8253776813604,9.64826101640028e-06,0.431231181779152,0.244819530749419,49.6556934862151,4.37943448850183e-06,0.465601931850734,0.465601930994578,49.6220885913668,5.26882652791482e-06
872,49.9126888407086,9.64826101832405e-06,49.7511429420763,4.37943449508241e-06,49.7505025565854,5.26882653632058e-06,49.5614264338232,1.6376873563268e-11,49.6200374466443,4.37941811511377e-06,49.5806804289703,2.63441326209746e-06,49.5806804289641,2.63441327175181e-06,49.7492763116675,4.37943448846928e-06,49.7479955406863,5.2688265298133e-06,49.5000079321725,1.63768735881999e-11,49.6172299578194,4.37941811158997e-06,49.5787918247347,2.63441325958877e-06,49.5787918247216,2.63441327022161e-06,0.465601931869856,0.431229570084062,49.8253776814175,9.64826101829385e-06,0.431231182482946,0.244819531148978,49.6556934862647,4.37943448847727e-06,0.465601932059728,0.465601931301916,49.6220885913453,5.26882652982386e-06
873,49.912688840671,9.64826101746028e-06,49.7511429420155,4.37943448009122e-06,49.7505025565264,5.26882652342273e-06,49.5614264338014,1.63768735573769e-11,49.6200374466104,4.37941810618756e-06,49.5806804289158,2.63441326000185e-06,49.5806804289087,2.63441326829789e-06,49.7492763116034,4.3794344873914e-06,49.7479955406246,5.26882653012145e-06,49.5000079321722,1.63768738180276e-11,49.6172299577844,4.37941811052632e-06,49.5787918246788,2.63441326072676e-06,49.5787918246645,2.63441326938364e-06,0.465601931047924,0.431229569103865,49.8253776813418,9.64826101751532e-06,0.431231181715545,0.244819530713308,49.6556934862124,4.37943448738133e-06,0.465601931735233,0.465601931084041,49.6220885912898,5.26882653011216e-06
874,49.9126888407046,9.64826101945875e-06,49.7511429420591,4.37943449548921e-06,49.7505025565675,5.26882653921391e-06,49.5614264338271,1.63768735644915e-11,49.6200374466523,4.37941811502995e-06,49.5806804288939,2.63441326457869e-06,49.5806804288864,2.63441327125745e-06,49.7492763116509,4.3794344875811e-06,49.7479955406682,5.2688265318326e-06,49.5000079321719,1.6376873789116e-11,49.6172299578282,4.37941811070071e-06,49.5787918246579,2.63441326259377e-06,49.578791824643,2.6344132692407e-06,0.465601931948305,0.431229570077037,49.8253776814095,9.64826101945437e-06,0.431231182552637,0.244819531188543,49.6556934862664,4.37943448759142e-06,0.465601931942514,0.465601931418268,49.6220885912842,5.2688265318493e-06
875,49.9126888406623,9.64826101825623e-06,49.7511429419933,4.37943447828314e-06,49.7505025565034,5.26882652396989e-06,49.5614264338009,1.63768735574271e-11,49.6200374466111,4.37941810494487e-06,49.5806804288482,2.63441326194211e-06,49.5806804288415,2.63441326701113e-06,49.7492763115811,4.37943448657587e-06,49.747995540601,5.26882653173731e-06,49.5000079321716,1.63768737603538e-11,49.6172299577854,4.37941810971077e-06,49.5787918246101,2.63441326340448e-06,49.5787918245968,2.63441326832509e-06,0.465601931004862,0.431229568967258,49.8253776813244,9.64826101828658e-06,0.43123118166927,0.244819530687036,49.655693486206,4.3794344865646e-06,0.465601931559935,0.465601931162045,49.6220885912345,5.26882653172834e-06
876,49.9126888407025,9.64826102035246e-06,49.7511429420476,4.37943449616396e-06,49.7505025565546,5.26882654176961e-06,49.5614264338302,1.63768735655295e-11,49.6200374466587,4.37941811524206e-06,49.5806804288363,2.63441326686098e-06,49.580680428831,2.63441327057663e-06,49.7492763116401,4.37943448703439e-06,49.7479955406548,5.26882653326944e-06,49.5000079321713,1.63768734728515e-11,49.6172299578351,4.37941811015223e-06,49.5787918245988,2.63441326482652e-06,49.5787918245883,2.63441326844771e-06,0.465601932043617,0.431229570109396,49.8253776814053,9.64826102037568e-06,0.431231182623063,0.244819531228526,49.6556934862693,4.37943448704664e-06,0.465601931828928,0.46560193153727,49.622088591239,5.26882653328903e-06
877,49.9126888406543,9.64826101878217e-06,49.7511429419744,4.37943447640892e-06,49.7505025564835,5.26882652374485e-06,49.5614264337995,1.63768735572373e-11,49.6200374466101,4.37941810370844e-06,49.5806804287953,2.63441326327411e-06,49.5806804287916,2.63441326600907e-06,49.7492763115623,4.37943448608539e-06,49.74799554058,5.26882653276307e-06,49.5000079321709,1.63768734443881e-11,49.6172299577847,4.37941810922145e-06,49.5787918245553,2.63441326501942e-06,49.5787918245479,2.63441326773447e-06,0.465601930943263,0.431229568836642,49.8253776813082,9.64826101883136e-06,0.431231181589475,0.244819530641735,49.6556934862001,4.37943448607166e-06,0.465601931435432,0.465601931220753,49.6220885911907,5.26882653274151e-06
878,49.9126888407016,9.64826102108404e-06,49.7511429420403,4.3794344973605e-06,49.7505025565462,5.26882654409908e-06,49.5614264338331,1.63768735664983e-11,49.6200374466643,4.37941811581313e-06,49.580680428793,2.63441326840941e-06,49.5806804287904,2.63441327047364e-06,49.7492763116336,4.37943448679787e-06,49.747995540646,5.26882653421819e-06,49.5000079321706,1.63768734160742e-11,49.6172299578412,4.37941810991473e-06,49.5787918245539,2.6344132660675e-06,49.5787918245488,2.63441326815646e-06,0.46560193214592,0.431229570178249,49.8253776814035,9.64826102103143e-06,0.431231182686366,0.244819531264464,49.6556934862739,4.3794344868129e-06,0.465601931792692,0.465601931630663,49.6220885912047,5.26882653423854e-06
879,49.9126888406467,9.6482610191354e-06,49.751142941958,4.3794344745692e-06,49.7505025564666,5.26882652289599e-06,49.5614264337968,1.63768735566837e-11,49.6200374466067,4.37941810253972e-06,49.5806804287559,2.63441326376741e-06,49.580680428754,2.63441326536424e-06,49.7492763115458,4.37943448582932e-06,49.7479955405624,5.26882653337286e-06,49.5000079321703,1.63768733879098e-11,49.6172299577813,4.37941810896717e-06,49.5787918245145,2.63441326586428e-06,49.5787918245108,2.63441326749858e-06,0.465601930866576,0.431229568714431,49.8253776812931,9.6482610191706e-06,0.431231181484218,0.244819530581978,49.6556934861933,4.37943448581427e-06,0.465601931365852,0.46560193124051,49.6220885911566,5.26882653335269e-06
880,49.912688840702,9.6482610216841e-06,49.7511429420361,4.37943449890582e-06,49.7505025565412,5.26882654624425e-06,49.5614264338351,1.6376873567238e-11,49.6200374466682,4.37941811666789e-06,49.5806804287623,2.63441326942318e-06,49.5806804287609,2.6344132706755e-06,49.74927631163,4.37943448674251e-06,49.747995540641,5.26882653485939e-06,49.50000793217,1.63768736187852e-11,49.6172299578454,4.37941810985759e-06,49.5787918245225,2.63441326679222e-06,49.5787918245197,2.63441326807369e-06,0.465601932249052,0.431229570268897,49.8253776814044,9.64826102160077e-06,0.43123118275854,0.244819531305439,49.6556934862782,4.37943448676015e-06,0.465601931798336,0.465601931700035,49.62208859118,5.26882653487701e-06
881,49.9126888406394,9.64826101934848e-06,49.7511429419432,4.37943447268933e-06,49.7505025564517,5.26882652160678e-06,49.5614264337929,1.63768735558135e-11,49.6200374466008,4.37941810145037e-06,49.5806804287273,2.63441326387273e-06,49.5806804287262,2.63441326484875e-06,49.7492763115307,4.37943448569061e-06,49.7479955405469,5.26882653373314e-06,49.5000079321697,1.63768735909198e-11,49.6172299577755,4.37941810882981e-06,49.5787918244852,2.63441326636238e-06,49.578791824483,2.63441326735905e-06,0.465601930770737,0.431229568587163,49.8253776812783,9.64826101932976e-06,0.431231181371126,0.244819530517773,49.655693486185,4.37943448567239e-06,0.465601931314905,0.465601931238293,49.6220885911308,5.26882653369466e-06
882,49.9126888407038,9.64826102220694e-06,49.7511429420351,4.37943450077527e-06,49.7505025565397,5.2688265484089e-06,49.5614264338368,1.63768735679067e-11,49.6200374466712,4.3794181177862e-06,49.5806804287411,2.63441327022545e-06,49.5806804287402,2.63441327099329e-06,49.7492763116294,4.37943448678627e-06,49.7479955406395,5.26882653531761e-06,49.5000079321694,1.6376873563204e-11,49.6172299578488,4.37941810989977e-06,49.5787918245011,2.63441326727978e-06,49.5787918244993,2.63441326804653e-06,0.465601932365669,0.431229570385572,49.8253776814082,9.64826102209008e-06,0.431231182844365,0.244819531354164,49.6556934862827,4.37943448680562e-06,0.465601931820108,0.465601931759837,49.6220885911631,5.26882653533994e-06
883,49.9126888406321,9.64826101943167e-06,49.7511429419292,4.37943447060939e-06,49.7505025564378,5.26882651994487e-06,49.5614264337881,1.63768735546905e-11,49.6200374465932,4.37941810025183e-06,49.5806804287062,2.63441326371281e-06,49.5806804287055,2.63441326429156e-06,49.7492763115162,4.37943448560089e-06,49.7479955405325,5.26882653391442e-06,49.5000079321691,1.63768735356376e-11,49.6172299577678,4.37941810874189e-06,49.5787918244636,2.63441326665763e-06,49.5787918244621,2.63441326724429e-06,0.465601930655266,0.431229568445335,49.8253776812636,9.64826101940434e-06,0.43123118124771,0.244819530447707,49.6556934861752,4.37943448557962e-06,0.465601931266451,0.465601931221022,49.622088591111,5.26882653388384e-06
884,49.9126888407076,9.64826102264657e-06,49.7511429420368,4.37943450306575e-06,49.750502556541,5.26882655078425e-06,49.5614264338388,1.63768735686609e-11,49.6200374466745,4.37941811911917e-06,49.5806804287268,2.63441327096385e-06,49.5806804287263,2.63441327142041e-06,49.7492763116318,4.37943448688761e-06,49.7479955406411,5.26882653566552e-06,49.5000079321688,1.63768735082207e-11,49.6172299578525,4.37941810999818e-06,49.5787918244867,2.63441326761375e-06,49.5787918244856,2.6344132680621e-06,0.465601932495719,0.43122957052563,49.8253776814156,9.64826102266761e-06,0.431231182950367,0.244819531414343,49.6556934862882,4.37943448690839e-06,0.465601931853245,0.465601931817408,49.6220885911521,5.268826535691e-06
885,49.9126888406243,9.64826101937478e-06,49.7511429419148,4.37943446809621e-06,49.7505025564236,5.26882651770447e-06,49.5614264337824,1.63768735533384e-11,49.6200374465842,4.37941809883748e-06,49.5806804286903,2.63441326335443e-06,49.5806804286899,2.6344132636987e-06,49.7492763115012,4.37943448552098e-06,49.7479955405178,5.2688265339728e-06,49.5000079321684,1.63768734809533e-11,49.6172299577586,4.37941810866458e-06,49.5787918244472,2.63441326680767e-06,49.5787918244463,2.63441326715091e-06,0.465601930506743,0.431229568273261,49.8253776812479,9.64826101946528e-06,0.431231181105658,0.244819530367061,49.6556934861637,4.37943448549686e-06,0.465601931216251,0.465601931189228,49.6220885910951,5.26882653393204e-06
886,49.9126888407118,9.64826102311605e-06,49.7511429420413,4.37943450591213e-06,49.7505025565451,5.268826553576e-06,49.5614264338416,1.63768735696225e-11,49.620037446679,4.37941812076517e-06,49.5806804287177,2.63441327173124e-06,49.5806804287174,2.63441327199663e-06,49.749276311637,4.37943448703134e-06,49.7479955406456,5.26882653596048e-06,49.5000079321681,1.63768734538353e-11,49.6172299578573,4.3794181101394e-06,49.5787918244776,2.63441326785521e-06,49.578791824477,2.63441326811889e-06,0.465601932652114,0.431229570700151,49.8253776814242,9.64826102297957e-06,0.431231183082768,0.24481953148951,49.6556934862956,4.37943448705573e-06,0.465601931898171,0.465601931877339,49.6220885911462,5.26882653599932e-06
887,49.9126888406163,9.64826101928465e-06,49.7511429419019,4.37943446528632e-06,49.750502556411,5.26882651513053e-06,49.5614264337764,1.63768735518989e-11,49.6200374465747,4.37941809719918e-06,49.5806804286782,2.63441326283938e-06,49.580680428678,2.63441326303789e-06,49.7492763114875,4.3794344854562e-06,49.7479955405046,5.26882653395351e-06,49.5000079321678,1.63768734268667e-11,49.6172299577488,4.37941810860281e-06,49.5787918244347,2.63441326686879e-06,49.5787918244342,2.63441326707207e-06,0.465601930354376,0.431229568096623,49.8253776812319,9.64826101927883e-06,0.431231180942692,0.244819530274542,49.6556934861517,4.37943448542956e-06,0.465601931159878,0.465601931144296,49.6220885910826,5.26882653393204e-06
888,49.9126888407182,9.64826102351595e-06,49.7511429420484,4.37943450890657e-06,49.7505025565517,5.26882655647629e-06,49.5614264338449,1.63768735707169e-11,49.6200374466843,4.37941812255572e-06,49.5806804287122,2.63441327248718e-06,49.580680428712,2.63441327263328e-06,49.7492763116448,4.37943448719096e-06,49.7479955406526,5.26882653621076e-06,49.5000079321675,1.63768734000477e-11,49.617229957863,4.37941811029585e-06,49.5787918244722,2.634413268035e-06,49.5787918244718,2.63441326819204e-06,0.465601932821859,0.431229570890114,49.825377681437,9.64826102350435e-06,0.431231183235807,0.244819531576394,49.6556934863042,4.37943448721944e-06,0.465601931951303,0.465601931939834,49.6220885911433,5.26882653625853e-06
889,49.9126888406076,9.6482610190447e-06,49.7511429418867,4.37943446195444e-06,49.7505025563963,5.26882651203487e-06,49.5614264337695,1.63768735502284e-11,49.6200374465637,4.3794180953173e-06,49.5806804286684,2.63441326218141e-06,49.5806804286683,2.63441326229335e-06,49.7492763114716,4.37943448535575e-06,49.7479955404893,5.26882653385897e-06,49.5000079321672,1.6376873373378e-11,49.6172299577376,4.37941810850444e-06,49.5787918244245,2.63441326686037e-06,49.5787918244243,2.63441326698181e-06,0.465601930158607,0.431229567873961,49.8253776812143,9.64826101922972e-06,0.431231180762979,0.244819530172514,49.6556934861377,4.37943448532224e-06,0.465601931099592,0.465601931090805,49.6220885910713,5.26882653381836e-06
890,49.9126888407252,9.64826102396779e-06,49.7511429420573,4.37943451259465e-06,49.7505025565601,5.26882655998808e-06,49.5614264338492,1.63768735720877e-11,49.6200374466913,4.37941812469606e-06,49.5806804287095,2.63441327334774e-06,49.5806804287094,2.63441327343924e-06,49.7492763116545,4.37943448736417e-06,49.7479955406616,5.26882653645142e-06,49.5000079321669,1.63768736057501e-11,49.6172299578704,4.37941811046647e-06,49.5787918244697,2.63441326818974e-06,49.5787918244695,2.63441326828329e-06,0.465601933023138,0.431229571118581,49.8253776814513,9.64826102392726e-06,0.431231183418356,0.244819531680031,49.6556934863149,4.37943448739861e-06,0.465601932015808,0.465601932008625,49.6220885911435,5.26882653653502e-06
891,49.9126888405974,9.64826101880898e-06,49.7511429418717,4.37943445823848e-06,49.7505025563818,5.26882650852355e-06,49.5614264337623,1.63768735484378e-11,49.6200374465523,4.37941809311931e-06,49.5806804286603,2.63441326137837e-06,49.5806804286602,2.63441326144549e-06,49.7492763114556,4.37943448524567e-06,49.7479955404742,5.26882653372139e-06,49.5000079321666,1.63768735793795e-11,49.6172299577258,4.37941810839827e-06,49.5787918244161,2.63441326681553e-06,49.5787918244159,2.63441326688792e-06,0.46560192994898,0.43122956763617,49.8253776811938,9.6482610187968e-06,0.431231180555349,0.244819530054638,49.6556934861228,4.37943448520946e-06,0.465601931027496,0.465601931022227,49.6220885910614,5.26882653368739e-06
892,49.9126888407338,9.64826102448915e-06,49.75114294207,4.3794345166997e-06,49.7505025565722,5.26882656391347e-06,49.5614264338546,1.63768735737587e-11,49.6200374467001,4.37941812709955e-06,49.580680428709,2.63441327423279e-06,49.580680428709,2.6344132742902e-06,49.7492763116682,4.37943448756221e-06,49.7479955406744,5.26882653670803e-06,49.5000079321662,1.63768732942658e-11,49.6172299578797,4.37941811066066e-06,49.5787918244695,2.63441326833672e-06,49.5787918244694,2.63441326839192e-06,0.465601933265271,0.431229571389954,49.8253776814685,9.64826102417828e-06,0.431231183629677,0.244819531800003,49.6556934863279,4.37943448760143e-06,0.46560193209086,0.465601932086354,49.6220885911456,5.2688265367633e-06
893,49.9126888405867,9.64826101846767e-06,49.7511429418561,4.37943445381984e-06,49.7505025563667,5.26882650436825e-06,49.5614264337543,1.63768735464581e-11,49.6200374465398,4.37941809061678e-06,49.5806804286532,2.63441326040287e-06,49.5806804286532,2.63441326045525e-06,49.7492763114389,4.3794344851032e-06,49.7479955404583,5.26882653353481e-06,49.5000079321659,1.63768735270867e-11,49.6172299577128,4.37941810825976e-06,49.5787918244086,2.6344132667336e-06,49.5787918244085,2.63441326677555e-06,0.465601929706567,0.431229567359402,49.8253776811723,9.64826101837025e-06,0.431231180322314,0.244819529922339,49.6556934861062,4.3794344850603e-06,0.465601930952665,0.465601930948554,49.6220885910517,5.26882653345001e-06
894,49.9126888407449,9.64826102495149e-06,49.751142942085,4.37943452133433e-06,49.7505025565866,5.26882656830246e-06,49.5614264338611,1.63768735757353e-11,49.6200374467108,4.37941812983809e-06,49.5806804287103,2.63441327528965e-06,49.5806804287103,2.63441327533253e-06,49.7492763116844,4.37943448776825e-06,49.7479955406895,5.26882653696384e-06,49.5000079321656,1.63768735011645e-11,49.6172299578908,4.37941811086148e-06,49.5787918244711,2.63441326847864e-06,49.578791824471,2.63441326851016e-06,0.465601933528111,0.431229571687554,49.825377681491,9.64826102478764e-06,0.431231183876435,0.244819531940093,49.6556934863434,4.37943448781425e-06,0.465601932179821,0.465601932176455,49.62208859115,5.26882653703433e-06
895,49.9126888405742,9.64826101797682e-06,49.751142941837,4.3794344486934e-06,49.7505025563483,5.26882649949581e-06,49.5614264337453,1.63768735441782e-11,49.6200374465255,4.37941808764311e-06,49.5806804286464,2.63441325930099e-06,49.5806804286464,2.63441325932393e-06,49.7492763114186,4.37943448491288e-06,49.7479955404391,5.26882653328503e-06,49.5000079321653,1.63768734753917e-11,49.6172299576981,4.37941810807413e-06,49.5787918244014,2.63441326661633e-06,49.5787918244013,2.63441326664109e-06,0.465601929406667,0.431229567021895,49.8253776811471,9.64826101798644e-06,0.4312311800531,0.2448195297695,49.655693486087,4.37943448486476e-06,0.465601930859342,0.465601930857541,49.622088591042,5.26882653320627e-06
896,49.9126888407575,9.64826102552408e-06,49.7511429421028,4.37943452699032e-06,49.7505025566037,5.26882657365606e-06,49.5614264338691,1.63768735781284e-11,49.620037446724,4.37941813309663e-06,49.5806804287134,2.63441327650224e-06,49.5806804287133,2.63441327651936e-06,49.7492763117035,4.37943448800059e-06,49.7479955407076,5.26882653727342e-06,49.500007932165,1.63768734497684e-11,49.6172299579046,4.37941811108967e-06,49.5787918244746,2.6344132686372e-06,49.5787918244745,2.63441326865658e-06,0.465601933845408,0.431229572047447,49.8253776815163,9.64826102532424e-06,0.431231184165248,0.244819532104059,49.6556934863621,4.37943448805254e-06,0.465601932279757,0.465601932278412,49.622088591156,5.26882653727262e-06
897,49.9126888405605,9.6482610174163e-06,49.7511429418161,4.37943444276772e-06,49.7505025563282,5.26882649387644e-06,49.5614264337351,1.63768735416e-11,49.6200374465096,4.37941808418889e-06,49.5806804286399,2.63441325798924e-06,49.5806804286399,2.63441325799113e-06,49.7492763113962,4.37943448469278e-06,49.747995540418,5.26882653300498e-06,49.5000079321647,1.63768734242945e-11,49.6172299576816,4.37941810785982e-06,49.5787918243943,2.63441326647638e-06,49.5787918243943,2.63441326649189e-06,0.46560192907112,0.431229566642163,49.8253776811196,9.64826101758626e-06,0.431231179737742,0.244819529590465,49.6556934860653,4.37943448463466e-06,0.465601930754728,0.465601930754579,49.6220885910317,5.26882653286339e-06
898,49.9126888407726,9.64826102610413e-06,49.7511429421231,4.37943453329816e-06,49.7505025566231,5.26882657961613e-06,49.5614264338785,1.63768735808708e-11,49.6200374467392,4.37941813679243e-06,49.5806804287176,2.63441327792557e-06,49.5806804287176,2.63441327793902e-06,49.7492763117253,4.37943448825794e-06,49.747995540728,5.26882653759391e-06,49.5000079321644,1.63768736578637e-11,49.6172299579205,4.37941811133999e-06,49.5787918244793,2.63441326880679e-06,49.5787918244793,2.63441326881897e-06,0.465601934194543,0.43122957244457,49.8253776815466,9.64826102616189e-06,0.431231184498922,0.244819532293492,49.6556934863836,4.3794344883172e-06,0.465601932394401,0.465601932393345,49.6220885911645,5.26882653766552e-06
899,49.9126888405447,9.64826101672626e-06,49.7511429417908,4.37943443592291e-06,49.7505025563038,5.26882648738778e-06,49.5614264337234,1.63768735385889e-11,49.6200374464912,4.379418080229e-06,49.5806804286327,2.63441325648308e-06,49.5806804286327,2.6344132564957e-06,49.7492763113693,4.37943448442452e-06,49.7479955403925,5.26882653265255e-06,49.5000079321641,1.63768733737949e-11,49.6172299576624,4.37941810759799e-06,49.5787918243866,2.63441326630335e-06,49.5787918243866,2.63441326631268e-06,0.465601928674441,0.431229566194588,49.8253776810878,9.64826101729068e-06,0.431231179374457,0.24481952938422,49.6556934860402,4.37943448435908e-06,0.465601930625169,0.465601930624179,49.6220885910206,5.26882653254506e-06
900,49.9126888407892,9.64826102681185e-06,49.7511429421459,4.3794345407167e-06,49.7505025566449,5.26882658666388e-06,49.5614264338894,1.63768735840479e-11,49.620037446757,4.37941814109453e-06,49.5806804287229,2.63441327957136e-06,49.5806804287229,2.63441327958357e-06,49.74927631175,4.37943448855275e-06,49.7479955407512,5.2688265379832e-06,49.5000079321637,1.63768733487693e-11,49.6172299579391,4.37941811162805e-06,49.5787918244853,2.63441326900626e-06,49.5787918244852,2.63441326901284e-06,0.465601934601053,0.431229572906293,49.8253776815802,9.64826102699226e-06,0.431231184883811,0.244819532512002,49.6556934864086,4.37943448862188e-06,0.465601932525892,0.465601932524934,49.6220885911744,5.26882653806206e-06
901,49.9126888405258,9.64826101602923e-06,49.7511429417635,4.37943442819289e-06,49.7505025562776,5.26882648011664e-06,49.5614264337104,1.6376873535254e-11,49.620037446471,4.37941807568295e-06,49.5806804286254,2.63441325477271e-06,49.5806804286254,2.63441325478533e-06,49.7492763113401,4.37943448414301e-06,49.747995540365,5.2688265322944e-06,49.5000079321634,1.63768735827873e-11,49.6172299576414,4.37941810732413e-06,49.5787918243786,2.63441326612278e-06,49.5787918243786,2.63441326612738e-06,0.465601928235841,0.431229565696308,49.8253776810497,9.64826101647486e-06,0.431231178957532,0.244819529147522,49.6556934860125,4.37943448406713e-06,0.465601930480748,0.465601930479758,49.6220885910087,5.26882653215489e-06
902,49.9126888408084,9.6482610276931e-06,49.7511429421744,4.37943454908825e-06,49.7505025566724,5.26882659459737e-06,49.5614264339022,1.63768735877397e-11,49.6200374467779,4.37941814596276e-06,49.5806804287296,2.63441328139459e-06,49.5806804287296,2.63441328140978e-06,49.7492763117806,4.37943448891142e-06,49.74799554078,5.26882653843535e-06,49.5000079321631,1.63768735580608e-11,49.6172299579609,4.37941811197958e-06,49.5787918244926,2.6344132692373e-06,49.5787918244926,2.63441326924054e-06,0.465601935086083,0.43122957345366,49.8253776816187,9.64826102762709e-06,0.43123118532167,0.244819532760585,49.655693486438,4.37943448899296e-06,0.465601932675355,0.465601932674163,49.6220885911864,5.268826538535e-06
903,49.9126888405025,9.64826101528811e-06,49.7511429417327,4.3794344191194e-06,49.750502556248,5.26882647148028e-06,49.5614264336955,1.63768735313498e-11,49.6200374464474,4.37941807045036e-06,49.5806804286168,2.63441325278396e-06,49.5806804286168,2.63441325278283e-06,49.749276311307,4.37943448380502e-06,49.7479955403337,5.26882653184454e-06,49.5000079321628,1.63768735334835e-11,49.6172299576169,4.37941810699446e-06,49.5787918243693,2.63441326589536e-06,49.5787918243693,2.63441326589846e-06,0.465601927728787,0.431229565122539,49.8253776810028,9.6482610150797e-06,0.431231178480359,0.24481952887662,49.6556934859802,4.37943448371789e-06,0.465601930315518,0.46560193031543,49.6220885909946,5.26882653168377e-06
904,49.9126888387503,9.64826094762979e-06,49.7511429389674,4.37943401135424e-06,49.7505025535382,5.26882607017465e-06,49.5614264324196,1.63768731876033e-11,49.6200374441935,4.37941781433112e-06,49.5806804278175,2.63441315072511e-06,49.5806804278175,2.63441315068381e-06,49.7492763084576,4.37943445721675e-06,49.7479955375694,5.26882649315513e-06,49.5000079321625,1.63768735090555e-11,49.6172299553548,4.37941808082489e-06,49.5787918235545,2.63441324642938e-06,49.5787918235546,2.63441324643513e-06,0.465601910882167,0.431229545589335,49.8253776774865,9.64826094862747e-06,0.431231158660466,0.244819517624427,49.6556934832119,4.37943445662768e-06,0.465601922205824,0.465601922202582,49.6220885897918,5.26882649223626e-06
905,49.9126888394868,9.64826097494615e-06,49.7511429399204,4.37943454246452e-06,49.7505025544169,5.26882657786069e-06,49.5614264328419,1.63768733060764e-11,49.6200374446949,4.37941813243541e-06,49.5806804279018,2.63441326397313e-06,49.5806804279018,2.63441326398979e-06,49.7492763095305,4.37943446832841e-06,49.747995538529,5.26882650613203e-06,49.5000079321622,1.63768732258819e-11,49.6172299559201,4.37941809139371e-06,49.5787918236931,2.63441325310946e-06,49.5787918236931,2.63441325311263e-06,0.465601942062686,0.431229580562831,49.8253776789757,9.64826097475361e-06,0.431231186642555,0.244819533510481,49.655693484167,4.37943446843656e-06,0.46560193124662,0.465601931245312,49.6220885900864,5.26882650625885e-06
906,49.9126888394957,9.64826096507025e-06,49.7511429400703,4.37943440728331e-06,49.7505025545809,5.2688264583258e-06,49.5614264328467,1.63768733060442e-11,49.6200374447519,4.37941806734333e-06,49.5806804278424,2.63441324334022e-06,49.5806804278424,2.63441324333307e-06,49.749276309627,4.37943446263664e-06,49.747995538649,5.26882650281508e-06,49.5000079321619,1.63768734606478e-11,49.6172299559356,4.37941808578401e-06,49.5787918236158,2.63441325137729e-06,49.5787918236158,2.6344132513775e-06,0.465601932194617,0.431229569440477,49.8253776789888,9.64826096542129e-06,0.431231179820794,0.244819529637615,49.6556934841276,4.37943446256395e-06,0.465601929866066,0.465601929865505,49.6220885899886,5.26882650270636e-06
907,49.9126888401268,9.6482609828281e-06,49.7511429411271,4.37943453830062e-06,49.7505025556188,5.26882657906394e-06,49.5614264332985,1.63768734281335e-11,49.6200374455612,4.37941813591595e-06,49.5806804280823,2.63441327535978e-06,49.5806804280823,2.63441327537019e-06,49.7492763107172,4.37943446842569e-06,49.747995539705,5.26882651394084e-06,49.5000079321616,1.63768734366682e-11,49.617229956743,4.37941809146133e-06,49.5787918238575,2.63441325697577e-06,49.5787918238575,2.63441325697456e-06,0.46560194003268,0.431229578367009,49.8253776802559,9.6482609824061e-06,0.431231188261198,0.24481953442942,49.6556934850819,4.37943446851386e-06,0.465601933543392,0.465601933542575,49.6220885903519,5.26882651402411e-06
908,49.9126888399518,9.64826096950065e-06,49.7511429409761,4.37943436990413e-06,49.7505025554886,5.26882642155593e-06,49.5614264332161,1.63768734044436e-11,49.6200374455003,4.37941803507901e-06,49.5806804280562,2.63441323813384e-06,49.5806804280562,2.63441323812491e-06,49.7492763105309,4.37943446184875e-06,49.7479955395499,5.2688265081881e-06,49.5000079321612,1.63768734128379e-11,49.617229956659,4.37941808504894e-06,49.5787918238111,2.63441325404602e-06,49.5787918238111,2.63441325404547e-06,0.4656019298991,0.431229566916622,49.8253776799007,9.64826096964043e-06,0.431231179852424,0.244819529655572,49.6556934848597,4.37943446171721e-06,0.465601931083995,0.465601931083294,49.6220885902494,5.26882650797415e-06
909,49.9126888405322,9.64826098903309e-06,49.7511429418904,4.37943454955e-06,49.750502556378,5.26882659399567e-06,49.5614264336482,1.63768735214998e-11,49.6200374462498,4.37941813834648e-06,49.5806804283269,2.63441327778855e-06,49.5806804283269,2.63441327779406e-06,49.7492763114943,4.37943446913205e-06,49.7479955404739,5.2688265194336e-06,49.5000079321609,1.63768736480529e-11,49.6172299574252,4.37941809217238e-06,49.5787918240919,2.63441325974285e-06,49.5787918240919,2.63441325974297e-06,0.465601939339907,0.431229577642753,49.8253776810672,9.64826098919093e-06,0.43123118929809,0.244819535018087,49.6556934857871,4.37943446923418e-06,0.46560193467005,0.465601934669617,49.6220885906491,5.26882651969208e-06
910,49.9126888402076,9.64826097319296e-06,49.7511429414692,4.37943436047583e-06,49.750502555982,5.26882641649166e-06,49.5614264334652,1.63768734707014e-11,49.6200374460044,4.37941802809191e-06,49.5806804282724,2.63441323631339e-06,49.5806804282724,2.63441323629724e-06,49.7492763110304,4.37943446223109e-06,49.74799554005,5.26882651170538e-06,49.5000079321606,1.63768733656257e-11,49.6172299571596,4.37941808545327e-06,49.5787918240193,2.6344132558194e-06,49.5787918240193,2.6344132558207e-06,0.465601927986023,0.43122956483255,49.825377680412,9.64826097408422e-06,0.431231179220997,0.244819529297097,49.6556934853599,4.37943446208828e-06,0.465601931381247,0.46560193137998,49.6220885904962,5.26882651169217e-06
911,49.9126888407805,9.64826099580983e-06,49.7511429423358,4.37943456863271e-06,49.7505025568216,5.26882661462349e-06,49.5614264338866,1.63768735852219e-11,49.6200374467163,4.37941814882447e-06,49.580680428551,2.63441328219546e-06,49.580680428551,2.63441328220433e-06,49.7492763119502,4.37943447122843e-06,49.7479955409273,5.26882652396541e-06,49.5000079321603,1.637687360114e-11,49.6172299578931,4.37941809426082e-06,49.5787918243128,2.63441326202138e-06,49.5787918243128,2.63441326202153e-06,0.465601939259273,0.431229577645087,49.8253776815643,9.64826099546372e-06,0.431231189946644,0.244819535386286,49.6556934862803,4.37943447135603e-06,0.465601935178082,0.465601935177386,49.6220885909138,5.26882652425229e-06
912,49.9126888403321,9.64826097740984e-06,49.7511429417051,4.3794343497632e-06,49.7505025562209,5.2688264079733e-06,49.561426433608,1.6376873508643e-11,49.6200374462998,4.37941802191455e-06,49.5806804284479,2.63441323411133e-06,49.5806804284479,2.63441323410082e-06,49.7492763112671,4.37943446364422e-06,49.747995540292,5.26882651441681e-06,49.50000793216,1.63768735779076e-11,49.6172299574543,4.37941808688428e-06,49.5787918241909,2.634413257167e-06,49.5787918241909,2.63441325716747e-06,0.46560192644631,0.431229563178968,49.8253776806605,9.64826097733203e-06,0.431231178174856,0.24481952870318,49.6556934856554,4.37943446348981e-06,0.465601931153682,0.465601931152857,49.6220885906891,5.26882651420692e-06
913,49.9126888409368,9.64826100304362e-06,49.751142942594,4.37943458936366e-06,49.7505025570787,5.26882663518323e-06,49.5614264340389,1.63768736260357e-11,49.6200374470109,4.37941816162642e-06,49.5806804287271,2.63441328709673e-06,49.5806804287271,2.63441328710885e-06,49.7492763122155,4.37943447422683e-06,49.7479955411916,5.26882652795488e-06,49.5000079321597,1.63768735548247e-11,49.6172299581909,4.37941809724351e-06,49.578791824489,2.63441326402151e-06,49.578791824489,2.63441326402128e-06,0.465601939638206,0.431229578166926,49.8253776818774,9.64826100163554e-06,0.431231190516348,0.244819535709719,49.6556934866082,4.3794344743801e-06,0.465601935396508,0.465601935395556,49.622088591124,5.26882652819404e-06
914,49.9126888403759,9.64826098119626e-06,49.7511429417794,4.37943433608461e-06,49.7505025562988,5.26882639542526e-06,49.5614264336717,1.63768735255062e-11,49.6200374464393,4.37941801503396e-06,49.5806804285663,2.63441323152553e-06,49.5806804285663,2.63441323151704e-06,49.7492763113392,4.37943446549831e-06,49.7479955403702,5.26882651631952e-06,49.5000079321594,1.63768732729943e-11,49.6172299575938,4.37941808875426e-06,49.5787918243076,2.63441325811707e-06,49.5787918243076,2.63441325811843e-06,0.465601924994684,0.431229561627333,49.8253776807475,9.6482609805953e-06,0.431231176904809,0.244819527982146,49.655693485796,4.37943446532427e-06,0.465601930658216,0.46560193065755,49.6220885908185,5.26882651614051e-06
915,49.9126888369727,9.64826085107928e-06,49.7511429363935,4.37943353984673e-06,49.7505025510221,5.26882561173035e-06,49.5614264311988,1.63768728590746e-11,49.620037442077,4.37941751542882e-06,49.5806804270495,2.63441303265492e-06,49.5806804270496,2.63441303257549e-06,49.7492763057892,4.37943441478161e-06,49.747995534988,5.26882644178804e-06,49.500007932159,1.63768729913125e-11,49.6172299532164,4.37941803885631e-06,49.578791822761,2.63441322061553e-06,49.578791822761,2.63441322062347e-06,0.465601891817519,0.431229523213491,49.8253776739181,9.6482608540955e-06,0.431231137910886,0.244819505844429,49.655693480436,4.37943441362586e-06,0.465601914667225,0.46560191466099,49.6220885885211,5.26882644017496e-06
916,49.9126888384243,9.64826090706563e-06,49.7511429382666,4.37943458112296e-06,49.7505025527503,5.26882660697448e-06,49.5614264320407,1.63768730949198e-11,49.6200374430888,4.37941813986765e-06,49.580680427251,2.63441325489229e-06,49.580680427251,2.6344132549162e-06,49.7492763078977,4.37943443784689e-06,49.7479955368758,5.26882646831541e-06,49.5000079321587,1.63768732275741e-11,49.6172299543545,4.37941806085797e-06,49.5787918230692,2.6344132342495e-06,49.5787918230692,2.63441323425227e-06,0.465601952667896,0.431229591510911,49.8253776768528,9.64826090687256e-06,0.431231192520632,0.244819536847596,49.6556934823456,4.37943443806034e-06,0.46560193222125,0.465601932219374,49.6220885891417,5.26882646864669e-06
917,49.9126888426775,9.64826105512486e-06,49.7511429451554,4.37943542661075e-06,49.7505025595158,5.26882745239263e-06,49.561426435103,1.63768739191245e-11,49.6200374485282,4.3794186894317e-06,49.5806804290202,2.63441347731981e-06,49.5806804290201,2.63441347740349e-06,49.7492763149238,4.37943449373153e-06,49.7479955437127,5.26882655546615e-06,49.5000079321584,1.6376874240678e-11,49.6172299597563,4.379418115814e-06,49.5787918248545,2.63441327804986e-06,49.5787918248544,2.6344132780416e-06,0.465601983655803,0.431229627703618,49.825377685383,9.64826105172597e-06,0.43123123410721,0.244823753865471,49.6556934889258,4.37943449496925e-06,0.465601950698944,0.465601950692376,49.6220885918249,5.26882655735062e-06
918,49.9126888417083,9.64826100667542e-06,49.7511429442355,4.37943429891325e-06,49.7505025587504,5.26882636786182e-06,49.561426434644,1.637687378484e-11,49.6200374483178,4.37941800225728e-06,49.5806804290582,2.63441324467722e-06,49.5806804290582,2.63441324464741e-06,49.7492763137506,4.37943447200779e-06,49.7479955427669,5.26882653583729e-06,49.5000079321581,1.63768737005477e-11,49.6172299593818,4.37941809525141e-06,49.5787918247627,2.63441326780067e-06,49.5787918247627,2.6344132677968e-06,0.465601918165875,0.431229554370783,49.8253776834116,9.64826100733171e-06,0.431231177480724,0.244819528309105,49.6556934877889,4.37943447174439e-06,0.465601934057844,0.465601934055505,49.6220885914967,5.26882653549455e-06
919,49.9126888376907,9.64826086162783e-06,49.7511429378295,4.37943342353907e-06,49.750502552472,5.26882549727353e-06,49.5614264318062,1.6376873020152e-11,49.6200374433483,4.37941743284432e-06,49.580680427476,2.63441301671513e-06,49.5806804274761,2.6344130166341e-06,49.7492763072122,4.37943441604395e-06,49.7479955364242,5.2688264518722e-06,49.5000079321578,1.63768731605655e-11,49.6172299544451,4.379418040257e-06,49.5787918231532,2.63441322559388e-06,49.5787918231534,2.63441322560256e-06,0.465601884173444,0.431229514872863,49.8253776753518,9.64826086493031e-06,0.431231134458798,0.244819503884602,49.6556934816555,4.37943441471907e-06,0.465601915789126,0.465601915782765,49.6220885890256,5.2688264500639e-06
920,49.9126888390261,9.64826092123783e-06,49.7511429393731,4.379434606891e-06,49.7505025538544,5.26882663926489e-06,49.5614264325739,1.6376873237218e-11,49.6200374441422,4.37941815302722e-06,49.5806804276936,2.63441326153465e-06,49.5806804276936,2.63441326154202e-06,49.7492763090295,4.37943444153277e-06,49.747995538005,5.26882647859657e-06,49.5000079321575,1.63768731385278e-11,49.6172299554083,4.37941806454796e-06,49.5787918234988,2.63441323941123e-06,49.5787918234988,2.63441323941604e-06,0.465601951212614,0.431229590046728,49.8253776780569,9.64826092062412e-06,0.431231193451351,0.244819537375985,49.6556934834402,4.37943444178381e-06,0.465601933582308,0.46560193358173,49.6220885896769,5.268826478954e-06
921,49.9126888434662,9.64826108168748e-06,49.7511429464876,4.37943552778872e-06,49.7505025608363,5.26882755747455e-06,49.5614264357678,1.6376874097224e-11,49.6200374497903,4.37941875285938e-06,49.5806804295831,2.63441350293103e-06,49.580680429583,2.63441350299791e-06,49.7492763162894,4.37943450324208e-06,49.7479955450623,5.26882657199217e-06,49.5000079321572,1.63768741522323e-11,49.6172299610224,4.37941812524159e-06,49.5787918254128,2.63441328634162e-06,49.5787918254127,2.63441328633423e-06,0.465601985653612,0.431229630230519,49.825377686963,9.64826107847511e-06,0.431231238226144,0.244823756203921,49.6556934903306,4.37943450460352e-06,0.465601952872783,0.465601952867533,49.6220885925419,5.26882657382521e-06
922,49.9126888422493,9.64826102814803e-06,49.7511429451696,4.37943429768119e-06,49.7505025596879,5.26882637193011e-06,49.5614264351403,1.63768739169809e-11,49.6200374493101,4.3794180046811e-06,49.5806804295622,2.63441324917238e-06,49.5806804295622,2.63441324915428e-06,49.7492763146906,4.37943448022254e-06,49.7479955437131,5.26882654917196e-06,49.5000079321569,1.63768736126981e-11,49.6172299603665,4.37941810347806e-06,49.5787918252557,2.63441327446055e-06,49.5787918252557,2.63441327445651e-06,0.465601914733162,0.431229550829871,49.8253776844934,9.64826102893676e-06,0.431231176191591,0.244819527577236,49.6556934888421,4.37943447994621e-06,0.465601934176044,0.465601934174623,49.6220885921076,5.26882654870133e-06
923,49.9126888377407,9.64826086909433e-06,49.7511429379356,4.3794333415103e-06,49.7505025525936,5.26882541929178e-06,49.5614264319335,1.63768730532162e-11,49.6200374436698,4.37941738323859e-06,49.580680427762,2.6344129997399e-06,49.5806804277621,2.6344129996327e-06,49.7492763073083,4.37943441964299e-06,49.7479955365448,5.2688264562728e-06,49.5000079321565,1.63768730733119e-11,49.6172299547639,4.37941804395674e-06,49.5787918234293,2.63441322776229e-06,49.5787918234294,2.6344132277703e-06,0.465601878080421,0.43122950821062,49.8253776754493,9.64826087246638e-06,0.431231128986535,0.244819500777876,49.6556934819328,4.37943441820971e-06,0.465601913839281,0.465601913830866,49.6220885893237,5.26882645413752e-06
924,49.9126888348705,9.64826076311028e-06,49.7511429327859,4.37943380598721e-06,49.7505025474097,5.26882582071086e-06,49.5614264296587,1.6376872449929e-11,49.6200374389995,4.37941764572601e-06,49.5806804274678,2.634413102596e-06,49.5806804274819,2.63441308170607e-06,49.7492763023636,4.37943438760866e-06,49.7479955315689,5.26882637927229e-06,49.5000079321562,1.63768722751752e-11,49.6172299503663,4.37941801141973e-06,49.5787918232724,2.63441324359036e-06,49.5787918232855,2.63441324421176e-06,0.465601899590949,0.431229534659737,49.8253776697236,9.64826076488043e-06,0.431231137298674,0.244819505496862,49.6556934771603,4.37943438685943e-06,0.465601913769252,0.465601912129511,49.6220885882282,5.26882634270896e-06
925,49.9126888365431,9.64826083325059e-06,49.7511429350976,4.37943442814712e-06,49.7505025495786,5.2688264552944e-06,49.5614264305622,1.63768727017759e-11,49.6200374402299,4.37941804194108e-06,49.5806804266721,2.6344131587361e-06,49.5806804266751,2.63441315674566e-06,49.7492763046677,4.37943440361386e-06,49.7479955336328,5.26882642948177e-06,49.5000079321559,1.63768727716811e-11,49.6172299514993,4.3794180267253e-06,49.5787918225067,2.63441322879786e-06,49.5787918225106,2.63441322939415e-06,0.465601958691366,0.43122959626115,49.8253776730868,9.64826083320895e-06,0.431231190648255,0.244819535784606,49.6556934791343,4.37943440365052e-06,0.465601924901283,0.465601924745044,49.6220885874841,5.26882633929381e-06
926,49.9126888407158,9.64826096658963e-06,49.7511429421648,4.37943465401078e-06,49.7505025565563,5.26882671508568e-06,49.5614264334542,1.63768734797563e-11,49.6200374456,4.37941819886289e-06,49.5806804267378,2.63441320427735e-06,49.580680426725,2.63441322024168e-06,49.749276311605,4.37943444933738e-06,49.7479955404043,5.26882651578713e-06,49.5000079321556,1.63768732683376e-11,49.6172299565824,4.37941807226094e-06,49.5787918224985,2.63441322131459e-06,49.5787918224845,2.63441322066431e-06,0.46560198627751,0.431229623581703,49.8253776814373,9.64826096584966e-06,0.431231227345944,0.2448195566187,49.6556934852885,4.37943444960183e-06,0.465601941562923,0.465601940309814,49.6220885885795,5.26882646172908e-06
927,49.9126888406171,9.64826090682524e-06,49.7511429427213,4.3794344067715e-06,49.7505025572381,5.26882642591672e-06,49.5614264336133,1.63768735129644e-11,49.6200374462145,4.37941804649787e-06,49.5806804284174,2.63441326413193e-06,49.5806804284301,2.63441324981808e-06,49.7492763122673,4.37943444477165e-06,49.7479955412983,5.26882646231051e-06,49.5000079321553,1.6376873506245e-11,49.6172299573258,4.37941806792627e-06,49.5787918241662,2.63441327259787e-06,49.5787918241807,2.63441327367183e-06,0.465601926420182,0.431229564913345,49.8253776812331,9.64826090695624e-06,0.431231182743261,0.244819531296765,49.6556934855354,4.37943444471693e-06,0.465601931841135,0.465601930717579,49.6220885905724,5.26882649954041e-06
928,49.9126888408721,9.64826093189184e-06,49.7511429430386,4.37943443356594e-06,49.750502557549,5.26882647751817e-06,49.5614264338604,1.63768735792471e-11,49.6200374467026,4.37941805975337e-06,49.5806804274677,2.63441322662717e-06,49.5806804274791,2.63441322919249e-06,49.749276312607,4.37943444220041e-06,49.7479955416248,5.26882648958576e-06,49.500007932155,1.63768734854028e-11,49.6172299578336,4.37941806531967e-06,49.5787918232141,2.63441323789737e-06,49.5787918232355,2.63441324187826e-06,0.465601937452691,0.431229575000707,49.8253776817446,9.64826093191641e-06,0.431231190284201,0.244819535577924,49.655693486012,4.3794344421749e-06,0.465601930215545,0.465601930014182,49.6220885896069,5.26882650149219e-06
929,49.9126888405731,9.64826094246406e-06,49.7511429424043,4.37943441399626e-06,49.750502556904,5.26882649148247e-06,49.561426433787,1.63768735586967e-11,49.6200374465892,4.37941804631814e-06,49.5806804272507,2.63441326062539e-06,49.5806804272416,2.634413277288e-06,49.7492763120051,4.37943443251082e-06,49.7479955410026,5.26882651012266e-06,49.5000079321547,1.637687346471e-11,49.6172299577474,4.37941805564298e-06,49.5787918229921,2.63441321599698e-06,49.5787918229835,2.63441321902431e-06,0.465601930776411,0.431229567185695,49.8253776811458,9.64826094256568e-06,0.431231186221244,0.244819533271293,49.6556934857889,4.37943443248241e-06,0.465601946831677,0.465601945523756,49.6220885893861,5.26882648977426e-06
930,49.9126888413954,9.6482609502989e-06,49.75114294393,4.37943449570331e-06,49.7505025584131,5.26882653790471e-06,49.5614264344532,1.63768737389373e-11,49.6200374478433,4.37941809750137e-06,49.5806804296176,2.63441330649865e-06,49.5806804296179,2.63441329848301e-06,49.7492763135206,4.37943445353182e-06,49.7479955424909,5.26882649652064e-06,49.5000079321543,1.63768734441667e-11,49.6172299589543,4.3794180766512e-06,49.5787918253349,2.63441328209124e-06,49.578791825329,2.63441328377786e-06,0.46560194007441,0.431229578057112,49.8253776827917,9.64826095018088e-06,0.431231195077254,0.244819538299047,49.6556934872893,4.37943445358724e-06,0.465601941888675,0.465601941259493,49.6220885919201,5.26882650813968e-06
931,49.912688840678,9.6482609208453e-06,49.7511429428192,4.37943439616839e-06,49.7505025573493,5.26882642498125e-06,49.5614264340004,1.63768736144808e-11,49.6200374470708,4.37941804027785e-06,49.5806804293137,2.63441321995431e-06,49.5806804293306,2.6344132064792e-06,49.749276312434,4.37943444738416e-06,49.7479955414906,5.26882647374556e-06,49.500007932154,1.63768734237726e-11,49.6172299582587,4.37941807055481e-06,49.5787918250551,2.63441327913317e-06,49.5787918250763,2.63441328310442e-06,0.465601922570912,0.431229560748252,49.8253776813546,9.64826092081967e-06,0.431231177411316,0.244819528269701,49.6556934863226,4.37943444731991e-06,0.46560192101717,0.46560191995945,49.6220885914006,5.26882649860181e-06
932,49.9126888407541,9.64826099097186e-06,49.751142942368,4.3794344490987e-06,49.7505025568377,5.26882656095679e-06,49.5614264340238,1.63768736224485e-11,49.6200374470379,4.37941807044753e-06,49.5806804267749,2.63441316002211e-06,49.5806804267572,2.63441318913046e-06,49.7492763119589,4.37943443806883e-06,49.7479955408976,5.26882655271257e-06,49.5000079321537,1.63768734035279e-11,49.6172299581968,4.37941806115817e-06,49.5787918225283,2.63441318895687e-06,49.5787918225114,2.63441319144725e-06,0.465601940238372,0.431229575467501,49.8253776815088,9.64826099084439e-06,0.431231190634676,0.244819535776896,49.6556934863066,4.37943443808035e-06,0.465601942750705,0.465601940465865,49.6220885882929,5.26882642052078e-06
933,49.9126888411288,9.64826097497953e-06,49.7511429432414,4.37943448347005e-06,49.7505025577172,5.2688265485857e-06,49.5614264344009,1.63768737243034e-11,49.6200374477744,4.37941809185218e-06,49.5806804294076,2.6344133633006e-06,49.5806804293862,2.63441336811822e-06,49.7492763128508,4.37943445541063e-06,49.7479955418063,5.26882651961146e-06,49.5000079321534,1.63768736423329e-11,49.6172299589114,4.37941807854488e-06,49.5787918251196,2.63441325417726e-06,49.5787918250824,2.63441325177583e-06,0.465601933432611,0.431229570696549,49.8253776822579,9.64826097521382e-06,0.431231189705945,0.244819535249635,49.6556934871959,4.37943445544897e-06,0.465601958459688,0.465601958081532,49.6220885921436,5.26882655308964e-06
934,49.9126888416909,9.64826092463763e-06,49.7511429447393,4.37943449866949e-06,49.7505025592787,5.26882645185946e-06,49.5614264347771,1.63768738246831e-11,49.6200374485421,4.37941811065972e-06,49.580680432282,2.63441336750249e-06,49.5806804323209,2.63441332116788e-06,49.7492763143334,4.37943448645486e-06,49.7479955434144,5.26882643810886e-06,49.5000079321531,1.63768741401882e-11,49.617229959679,4.37941810961308e-06,49.5787918280195,2.63441336533443e-06,49.5787918280628,2.63441336758628e-06,0.465601930953872,0.431229572275735,49.8253776833821,9.64826092491694e-06,0.431231185504677,0.244819532864482,49.6556934881812,4.37943448647729e-06,0.465601911855795,0.465601908218791,49.6220885955422,5.26882664441928e-06
935,49.9126888395231,9.64826097166884e-06,49.751142940182,4.37943430769345e-06,49.7505025547172,5.26882642351706e-06,49.5614264331382,1.63768733809321e-11,49.6200374454571,4.37941799088167e-06,49.5806804262158,2.63441297046907e-06,49.5806804262257,2.63441299444039e-06,49.7492763097964,4.37943442832496e-06,49.7479955388543,5.26882654388395e-06,49.5000079321528,1.63768733436898e-11,49.6172299567317,4.37941805146977e-06,49.5787918220279,2.63441318922455e-06,49.5787918220589,2.6344131962797e-06,0.46560191800722,0.431229552649063,49.8253776790438,9.64826097206787e-06,0.431231166120185,0.244819521859475,49.6556934844407,4.37943442816595e-06,0.465601909371701,0.465601907490087,49.6220885860716,5.26882623511392e-06
936,49.9126888392239,9.64826096444135e-06,49.7511429395742,4.37943435898685e-06,49.750502554091,5.26882647520002e-06,49.5614264327966,1.63768732943633e-11,49.6200374447195,4.37941802585409e-06,49.5806804237378,2.63441293260091e-06,49.5806804237222,2.63441298885537e-06,49.7492763091684,4.37943442427583e-06,49.7479955381947,5.2688265403813e-06,49.5000079321525,1.63768730651414e-11,49.6172299559742,4.37941804733977e-06,49.5787918195382,2.63441311357505e-06,49.5787918195392,2.63441312323826e-06,0.465601931771151,0.431229566421883,49.8253776784466,9.64826096450633e-06,0.43123117776822,0.244819528472323,49.6556934837446,4.37943442418782e-06,0.465601931240569,0.465601926824912,49.6220885834954,5.26882621675486e-06
937,49.9126888394565,9.64826085958066e-06,49.751142940817,4.37943437461045e-06,49.7505025554135,5.26882633879018e-06,49.561426432861,1.63768733130103e-11,49.6200374448518,4.37941804289571e-06,49.5806804257938,2.63441312320495e-06,49.5806804258088,2.63441313782161e-06,49.7492763103933,4.37943444963911e-06,49.7479955395803,5.268826410351e-06,49.5000079321522,1.6376873304544e-11,49.6172299560899,4.37941807273938e-06,49.5787918215979,2.63441319229887e-06,49.5787918216273,2.63441320686523e-06,0.465601926403119,0.431229566579825,49.8253776789113,9.64826085973255e-06,0.431231174882853,0.244819526834237,49.6556934840691,4.37943444954453e-06,0.465601919625724,0.465601918478399,49.6220885873224,5.26882643753834e-06
938,49.9126888398758,9.64826089658657e-06,49.7511429412937,4.37943442701233e-06,49.7505025558531,5.26882643405957e-06,49.5614264330721,1.63768733698889e-11,49.6200374451693,4.37941806813631e-06,49.5806804251587,2.63441312458731e-06,49.5806804251524,2.63441315421907e-06,49.7492763108357,4.37943444355664e-06,49.7479955399508,5.26882645300302e-06,49.5000079321518,1.63768732851951e-11,49.6172299563474,4.37941806661623e-06,49.578791820948,2.63441316579095e-06,49.5787918209457,2.63441318025418e-06,0.465601941040061,0.4312295797358,49.8253776797518,9.6482608965307e-06,0.431231188190252,0.244819534389143,49.6556934844483,4.37943444352914e-06,0.465601938658244,0.465601936332319,49.6220885861596,5.26882635829133e-06
939,49.912688840218,9.64826090388247e-06,49.7511429419313,4.37943444754735e-06,49.7505025564641,5.2688264657468e-06,49.5614264334216,1.63768734636529e-11,49.6200374458355,4.37941807245322e-06,49.580680427046,2.63441323057616e-06,49.5806804270221,2.63441325099469e-06,49.7492763114977,4.37943444280008e-06,49.7479955405637,5.26882646116195e-06,49.5000079321515,1.63768732659957e-11,49.6172299569821,4.37941806590562e-06,49.5787918227658,2.63441320072728e-06,49.5787918227264,2.63441320978255e-06,0.465601936308456,0.431229574878301,49.825377680436,9.64826090387123e-06,0.431231189825668,0.244819535317605,49.655693485144,4.3794344427979e-06,0.465601960446853,0.465601958844113,49.6220885884045,5.26882638206371e-06
940,49.9126888413222,9.64826087426257e-06,49.7511429443313,4.37943450760006e-06,49.7505025588808,5.26882643708596e-06,49.5614264342731,1.63768736924823e-11,49.6200374474882,4.37941811174283e-06,49.5806804302816,2.63441334099915e-06,49.5806804302942,2.63441331789312e-06,49.7492763138945,4.37943447264594e-06,49.7479955429975,5.26882640145415e-06,49.5000079321512,1.63768735058473e-11,49.6172299585911,4.37941809577842e-06,49.5787918259844,2.63441329921006e-06,49.5787918259873,2.63441330766875e-06,0.465601938414463,0.431229580439028,49.825377682645,9.64826087433994e-06,0.431231193322825,0.244819537303018,49.6556934870778,4.37943447269117e-06,0.465601934797597,0.465601932983904,49.6220885932447,5.26882659462262e-06
941,49.9126888401319,9.64826086502066e-06,49.7511429421501,4.37943435400578e-06,49.7505025567367,5.26882633240393e-06,49.561426433433,1.63768734628373e-11,49.6200374459815,4.37941801917896e-06,49.5806804276669,2.63441315683494e-06,49.5806804276877,2.63441315531845e-06,49.7492763117402,4.37943444459448e-06,49.7479955409053,5.26882642089662e-06,49.5000079321509,1.63768732280449e-11,49.6172299571932,4.37941806775917e-06,49.5787918234525,2.63441323108611e-06,49.5787918234837,2.63441324341605e-06,0.46560192045075,0.431229560134791,49.8253776802617,9.64826086545508e-06,0.431231172864812,0.244819525688549,49.6556934851648,4.37943444447592e-06,0.465601908945967,0.465601908826931,49.6220885896383,5.26882649533309e-06
942,49.9126888373492,9.64826073678872e-06,49.7511429377407,4.37943419461298e-06,49.7505025523992,5.26882612070873e-06,49.5614264314698,1.63768729356384e-11,49.6200374423321,4.37941790167196e-06,49.5806804278521,2.63441327138089e-06,49.580680427885,2.63441324490609e-06,49.7492763074198,4.37943441067946e-06,49.7479955367211,5.26882632766398e-06,49.5000079321506,1.6376872432587e-11,49.6172299537172,4.37941803402698e-06,49.5787918237144,2.63441326264585e-06,49.5787918237512,2.63441327718525e-06,0.465601895015611,0.43122953601982,49.825377674692,9.64826073765289e-06,0.431231146352283,0.244819510636797,49.6556934809689,4.37943441040898e-06,0.46560191202855,0.465601909950428,49.6220885899245,5.26882650289645e-06
943,49.912688838198,9.64826075066309e-06,49.7511429390789,4.37943439818554e-06,49.7505025536613,5.26882630058677e-06,49.5614264318564,1.63768730468192e-11,49.6200374428387,4.37941803078085e-06,49.5806804276243,2.63441323030018e-06,49.5806804276563,2.6344132087789e-06,49.7492763086585,4.37943442516114e-06,49.7479955378215,5.26882632554348e-06,49.5000079321503,1.63768729317883e-11,49.617229954086,4.3794180483168e-06,49.5787918235024,2.63441328837643e-06,49.578791823539,2.63441330491713e-06,0.465601943243704,0.431229585318168,49.8253776763955,9.64826075067049e-06,0.431231184174087,0.244819532109077,49.6556934818829,4.37943442513642e-06,0.465601899102058,0.465601897412758,49.6220885896259,5.26882650590596e-06
944,49.9126888412239,9.64826091244968e-06,49.7511429436546,4.37943461323767e-06,49.7505025580909,5.26882662629702e-06,49.5614264339767,1.63768736181643e-11,49.6200374466951,4.37941817149028e-06,49.5806804264979,2.63441323017124e-06,49.5806804264888,2.6344132417468e-06,49.7492763131309,4.37943444668307e-06,49.7479955420168,5.26882646455577e-06,49.50000793215,1.63768734311402e-11,49.6172299576986,4.3794180696452e-06,49.578791822297,2.63441324734493e-06,49.578791822278,2.63441325958767e-06,0.465601976682373,0.431229615604114,49.8253776824526,9.6482609118375e-06,0.431231222545111,0.24481955389316,49.6556934863091,4.37943444690063e-06,0.4656019399597,0.465601939051084,49.6220885883524,5.26882646712329e-06
945,49.9126888418049,9.64826086168407e-06,49.7511429453995,4.37943449450598e-06,49.7505025599181,5.26882643053682e-06,49.5614264346781,1.63768738004494e-11,49.6200374482646,4.37941809661073e-06,49.5806804305555,2.63441348908036e-06,49.5806804305778,2.63441344598251e-06,49.7492763149655,4.37943446467412e-06,49.7479955440086,5.26882639703262e-06,49.5000079321497,1.63768736717396e-11,49.6172299593216,4.37941808784868e-06,49.5787918262796,2.63441336697041e-06,49.5787918262867,2.63441337712678e-06,0.465601930912233,0.431229572802033,49.8253776836099,9.64826086180619e-06,0.43123119255655,0.244819536867987,49.6556934878276,4.37943446471309e-06,0.465601943423662,0.465601940040724,49.6220885943034,5.26882668760572e-06
946,49.9126888411311,9.64826085766752e-06,49.7511429441769,4.3794343902007e-06,49.7505025587482,5.26882634489972e-06,49.561426434209,1.63768736714709e-11,49.6200374474739,4.37941803657227e-06,49.5806804285181,2.63441325419799e-06,49.5806804285715,2.63441322445208e-06,49.7492763137644,4.37943445178058e-06,49.747995542901,5.26882640602096e-06,49.5000079321494,1.63768741713915e-11,49.6172299586364,4.37941807495613e-06,49.5787918242975,2.63441332101281e-06,49.5787918243695,2.63441333904052e-06,0.465601924944874,0.431229565597043,49.8253776822611,9.64826085776531e-06,0.431231179299598,0.244819529341721,49.6556934867771,4.37943445169822e-06,0.465601895317738,0.465601892982852,49.6220885914558,5.26882662318894e-06
947,49.9126888395608,9.64826099608054e-06,49.7511429400193,4.37943432568819e-06,49.7505025544749,5.26882654700598e-06,49.56142643312,1.63768733790817e-11,49.6200374453239,4.3794179849888e-06,49.5806804218926,2.63441295940957e-06,49.5806804218468,2.63441303926268e-06,49.7492763096267,4.37943438569723e-06,49.7479955385293,5.26882661056314e-06,49.500007932149,1.63768733766784e-11,49.6172299565427,4.37941800878246e-06,49.5787918176769,2.63441308038957e-06,49.5787918176321,2.63441309371987e-06,0.465601933292768,0.431229564018494,49.8253776791208,9.64826099597212e-06,0.431231182992156,0.244819531438068,49.6556934840958,4.37943438560706e-06,0.465601958099568,0.465601951831551,49.6220885814501,5.26882617537649e-06
948,49.9126888419404,9.64826104103197e-06,49.751142944247,4.37943460557657e-06,49.7505025586004,5.2688267658671e-06,49.5614264350395,1.63768739012358e-11,49.6200374488646,4.37941815017361e-06,49.5806804291107,2.63441335558057e-06,49.5806804290375,2.63441338141398e-06,49.7492763138472,4.37943443858422e-06,49.7479955425699,5.26882660174157e-06,49.5000079321487,1.63768736177264e-11,49.6172299598922,4.3794180616524e-06,49.5787918247125,2.63441324114204e-06,49.5787918245881,2.63441323790596e-06,0.465601958000048,0.431229592212233,49.8253776838844,9.64826104067561e-06,0.431231216248748,0.244819550318575,49.6556934883725,4.37943443879612e-06,0.465602014691779,0.465602012664002,49.6220885902798,5.26882631571334e-06
949,49.9126888445148,9.64826113763908e-06,49.7511429485782,4.37943466537661e-06,49.7505025629366,5.26882683167085e-06,49.5614264369802,1.63768744188916e-11,49.6200374526008,4.37941822168677e-06,49.5806804301055,2.63441321880209e-06,49.5806804300476,2.6344132523555e-06,49.7492763181013,4.37943448125019e-06,49.7479955468313,5.26882665509181e-06,49.5000079321484,1.63768743767311e-11,49.6172299635264,4.37941810415948e-06,49.5787918256814,2.63441322704399e-06,49.5787918255968,2.63441321663975e-06,0.465601964373896,0.431229598642227,49.8253776890351,9.64826113707113e-06,0.431231223029454,0.244819554168132,49.6556934925747,4.37943448147689e-06,0.465601965310284,0.465601962676532,49.6220885918722,5.26882642107648e-06
950,49.9126888433063,9.64826120214459e-06,49.7511429459046,4.37943445535197e-06,49.7505025603093,5.26882675470483e-06,49.561426436315,1.63768742327277e-11,49.6200374515319,4.37941808696966e-06,49.5806804258583,2.63441318539735e-06,49.580680425759,2.63441327995141e-06,49.7492763155083,4.3794344480354e-06,49.7479955443144,5.26882675407569e-06,49.5000079321481,1.63768743591757e-11,49.6172299626159,4.37941807107024e-06,49.5787918214766,2.63441302905126e-06,49.5787918213587,2.63441301037007e-06,0.465601926440532,0.431229555538608,49.8253776866133,9.64826120205907e-06,0.431231189852653,0.244819535332925,49.6556934909603,4.37943444802386e-06,0.465601997385226,0.465601989963267,49.6220885882048,5.2688264889639e-06
951,49.9126888412572,9.64826099323846e-06,49.7511429435981,4.37943432002431e-06,49.7505025581941,5.26882637894455e-06,49.5614264348493,1.63768738392954e-11,49.6200374489516,4.37941799683675e-06,49.5806804307061,2.63441330875701e-06,49.5806804306909,2.63441331902799e-06,49.7492763132977,4.37943446910572e-06,49.747995542477,5.26882652517556e-06,49.5000079321478,1.63768735650581e-11,49.6172299602423,4.3794180924015e-06,49.5787918263706,2.63441318135406e-06,49.5787918263584,2.63441316638816e-06,0.465601891821515,0.431229529173838,49.8253776825102,9.64826099372658e-06,0.431231153181982,0.244819514514169,49.6556934881758,4.37943446891495e-06,0.465601939228203,0.465601938421989,49.6220885944979,5.26882669511633e-06
952,49.9126888393216,9.64826091198057e-06,49.7511429403109,4.37943432356071e-06,49.7505025549324,5.26882631857423e-06,49.5614264332967,1.63768734251067e-11,49.620037445886,4.37941800450226e-06,49.5806804314976,2.63441329092781e-06,49.5806804315101,2.634413283167e-06,49.7492763099944,4.37943446056844e-06,49.7479955392259,5.26882645235182e-06,49.5000079321474,1.63768732888961e-11,49.617229957238,4.37941808379886e-06,49.5787918272807,2.63441323514943e-06,49.5787918273073,2.63441322505841e-06,0.465601905737605,0.431229544992373,49.8253776786395,9.64826091238319e-06,0.431231156633255,0.244819516473534,49.6556934850059,4.37943446038753e-06,0.465601917011999,0.46560191640282,49.6220885944686,5.26882660758838e-06
953,49.9126888406025,9.6482609870098e-06,49.7511429420294,4.37943458913339e-06,49.7505025565063,5.2688266093795e-06,49.5614264341165,1.63768736518734e-11,49.6200374471755,4.37941816365314e-06,49.5806804336104,2.63441346371543e-06,49.5806804335939,2.63441344832515e-06,49.7492763116318,4.37943448301231e-06,49.7479955405964,5.26882650360713e-06,49.5000079321471,1.63768737895955e-11,49.6172299583285,4.37941810610368e-06,49.5787918293807,2.63441330968004e-06,49.5787918293491,2.63441329369704e-06,0.465601949236438,0.431229588415435,49.825377681207,9.64826098682897e-06,0.431231198107514,0.244819540019393,49.6556934868468,4.37943448315036e-06,0.465601954682764,0.465601953474715,49.6220885968029,5.26882660936735e-06
954,49.9126888404718,9.6482609135162e-06,49.7511429424247,4.37943447701561e-06,49.7505025569836,5.26882639895767e-06,49.5614264339407,1.63768736017044e-11,49.6200374469627,4.37941810397421e-06,49.5806804348499,2.63441337760832e-06,49.580680434893,2.63441331192288e-06,49.749276312026,4.37943449917719e-06,49.7479955411457,5.26882641456206e-06,49.5000079321468,1.63768735137321e-11,49.6172299581618,4.37941812237695e-06,49.5787918306418,2.63441339872462e-06,49.5787918306894,2.63441338735462e-06,0.465601922297422,0.431229564765916,49.8253776809424,9.64826091366558e-06,0.431231172753138,0.24481952562515,49.655693486603,4.37943449916838e-06,0.465601894565482,0.465601889409546,49.6220885985294,5.26882671154999e-06
955,49.9126888392022,9.64826100609006e-06,49.7511429392099,4.37943437418098e-06,49.7505025537193,5.26882648207788e-06,49.561426432808,1.63768732965077e-11,49.6200374447576,4.37941803793307e-06,49.580680426372,2.63441307212089e-06,49.5806804263728,2.63441309859101e-06,49.7492763087897,4.37943444828922e-06,49.7479955377993,5.26882655794624e-06,49.5000079321465,1.63768732380174e-11,49.617229956019,4.37941807139292e-06,49.5787918222487,2.634413162813e-06,49.5787918222728,2.63441315611987e-06,0.465601930985848,0.43122956605218,49.8253776784033,9.64826100609753e-06,0.431231172169143,0.244819525293603,49.6556934839433,4.3794344481912e-06,0.465601904163627,0.465601902085872,49.6220885878799,5.26882645280693e-06
956,49.912688839993,9.64826110318381e-06,49.7511429399426,4.37943452238642e-06,49.750502554326,5.26882673388367e-06,49.5614264334264,1.63768734674495e-11,49.6200374457927,4.37941811618653e-06,49.5806804262548,2.63441329976829e-06,49.5806804261764,2.6344133574529e-06,49.7492763095267,4.37943444381784e-06,49.7479955382994,5.26882665908486e-06,49.5000079321462,1.63768732213563e-11,49.6172299569378,4.37941806686466e-06,49.5787918220197,2.63441312228018e-06,49.5787918219178,2.63441310387351e-06,0.465601949830775,0.43122958187793,49.8253776799879,9.64826110301783e-06,0.431231198160174,0.244819540049289,49.6556934851706,4.3794344439093e-06,0.465601997045194,0.465601992517279,49.6220885878665,5.26882639844371e-06
957,49.912688842421,9.64826094597216e-06,49.7511429459576,4.37943464720839e-06,49.7505025604702,5.26882651878848e-06,49.5614264352718,1.63768739637923e-11,49.6200374494268,4.37941820700679e-06,49.580680438099,2.63441369085719e-06,49.580680438151,2.63441358420508e-06,49.7492763155458,4.37943453940387e-06,49.7479955445855,5.26882640623542e-06,49.5000079321459,1.63768737226546e-11,49.617229960486,4.37941816259174e-06,49.5787918337683,2.63441351354838e-06,49.5787918338086,2.63441349839503e-06,0.465601936033574,0.431229581114409,49.8253776848434,9.64826094593354e-06,0.431231194511789,0.24481953797802,49.6556934895948,4.37943453955722e-06,0.465601933116685,0.465601924745099,49.6220886029929,5.26882681892039e-06
958,49.9126888394024,9.64826087505556e-06,49.7511429407417,4.37943426083816e-06,49.7505025554178,5.26882617314465e-06,49.5614264328737,1.63768733100026e-11,49.6200374450756,4.37941798411884e-06,49.5806804306096,2.63441302293002e-06,49.5806804307364,2.63441296198468e-06,49.749276310347,4.37943448444894e-06,49.7479955396791,5.26882639151417e-06,49.5000079321456,1.63768731884824e-11,49.6172299564148,4.379418107689e-06,49.5787918264889,2.63441336368227e-06,49.5787918266893,2.63441337459835e-06,0.465601897633638,0.431229539519817,49.8253776787999,9.64826087550227e-06,0.431231142941154,0.244819508700224,49.6556934843293,4.37943448417081e-06,0.465601820734607,0.465601815950742,49.6220885924229,5.26882653301982e-06
959,49.9126888368649,9.64826081284858e-06,49.7511429361705,4.37943426256465e-06,49.7505025508053,5.26882619723694e-06,49.5614264309204,1.6376872790789e-11,49.6200374412568,4.37941794645911e-06,49.5806804283364,2.63441319000477e-06,49.5806804284289,2.63441313495644e-06,49.7492763058471,4.37943444350348e-06,49.7479955351038,5.26882637055325e-06,49.5000079321452,1.63768729133635e-11,49.6172299526781,4.3794180668719e-06,49.5787918242852,2.63441334772393e-06,49.5787918244162,2.6344133689142e-06,0.465601902948262,0.431229543938282,49.8253776737245,9.64826081341107e-06,0.431231146363985,0.244819510643441,49.6556934801221,4.3794344432863e-06,0.465601895572876,0.465601891251893,49.6220885895992,5.26882642650253e-06
960,49.9126888349987,9.64826083606543e-06,49.7511429322194,4.37943423593487e-06,49.750502546752,5.26882629962301e-06,49.5614264294475,1.6376872399756e-11,49.6200374382803,4.37941791777818e-06,49.5806804247904,2.6344130824399e-06,49.5806804247918,2.6344130838047e-06,49.7492763018743,4.37943438907645e-06,49.7479955309275,5.26882644805496e-06,49.5000079321449,1.63768723794878e-11,49.6172299497002,4.37941801236035e-06,49.5787918206978,2.63441324331146e-06,49.5787918206912,2.63441325862245e-06,0.465601921049404,0.431229556921519,49.8253776699931,9.64826083652406e-06,0.431231156192034,0.244819516223043,49.6556934767745,4.37943438888306e-06,0.465601925651924,0.465601925544796,49.6220885843283,5.26882618569653e-06
961,49.9126888354676,9.64826085332813e-06,49.7511429328774,4.3794342738922e-06,49.7505025473749,5.26882637317751e-06,49.5614264294856,1.63768724151707e-11,49.6200374382123,4.37941795618956e-06,49.5806804201104,2.63441280381584e-06,49.5806804200898,2.63441286469837e-06,49.7492763024241,4.37943437698046e-06,49.7479955314075,5.26882647662523e-06,49.5000079321446,1.63768723635719e-11,49.6172299495412,4.37941800006575e-06,49.5787918159791,2.63441310164351e-06,49.5787918159681,2.63441311830531e-06,0.46560194618495,0.431229580467798,49.8253776709335,9.64826085341337e-06,0.431231174372579,0.244819526544542,49.6556934767802,4.37943437684407e-06,0.465601905623211,0.465601900844276,49.6220885790134,5.2688261304711e-06
962,49.9126888366456,9.64826074009676e-06,49.7511429360529,4.37943431117072e-06,49.7505025506336,5.26882624664889e-06,49.5614264302295,1.6376872616035e-11,49.620037439642,4.37941798735473e-06,49.5806804224167,2.63441305132608e-06,49.5806804224419,2.63441306799044e-06,49.7492763055767,4.37943440464468e-06,49.7479955347304,5.2688263359107e-06,49.5000079321443,1.63768728656169e-11,49.6172299509033,4.3794180277537e-06,49.5787918182755,2.6344131904627e-06,49.5787918183198,2.63441321418183e-06,0.465601938351359,0.43122957878298,49.8253776732891,9.64826074034772e-06,0.431231176608647,0.244819527814008,49.655693478485,4.37943440452364e-06,0.465601907050716,0.465601905742658,49.6220885833049,5.26882637051494e-06
963,49.9126888376891,9.64826078845174e-06,49.7511429376982,4.37943435900292e-06,49.7505025522394,5.26882636390537e-06,49.5614264309863,1.63768728179597e-11,49.6200374410159,4.37941801166662e-06,49.5806804207896,2.634413107772e-06,49.5806804207759,2.63441315618562e-06,49.7492763071944,4.37943439065807e-06,49.7479955362716,5.26882639784362e-06,49.500007932144,1.63768731089061e-11,49.6172299521924,4.37941801369635e-06,49.578791816618,2.63441311808827e-06,49.5787918166083,2.63441314077989e-06,0.465601951356238,0.431229589392038,49.8253776753781,9.64826078841088e-06,0.431231192930929,0.244819537080531,49.6556934798945,4.37943439060291e-06,0.465601941347184,0.465601937546989,49.6220885820346,5.26882639494852e-06
964,49.9126888405754,9.64826085356367e-06,49.7511429428405,4.37943452259934e-06,49.7505025573231,5.26882652914562e-06,49.5614264331401,1.63768733970919e-11,49.6200374450894,4.37941810623611e-06,49.5806804232009,2.63441316895321e-06,49.5806804231803,2.63441320296317e-06,49.7492763123061,4.37943442017529e-06,49.7479955412776,5.26882643253013e-06,49.5000079321437,1.63768736112516e-11,49.6172299561033,4.37941804319053e-06,49.5787918189303,2.63441316110778e-06,49.5787918188995,2.63441318023888e-06,0.46560196779596,0.431229606523607,49.8253776811541,9.64826085313143e-06,0.431231216343389,0.244819550372304,49.655693484443,4.3794344203061e-06,0.46560195348965,0.465601950820061,49.6220885848757,5.2688264343351e-06
965,49.9126888404411,9.64826079926664e-06,49.751142943201,4.37943434773819e-06,49.7505025577689,5.26882632127378e-06,49.5614264332947,1.63768734316205e-11,49.6200374456152,4.37941800110323e-06,49.5806804251328,2.63441311921854e-06,49.5806804251434,2.63441312511238e-06,49.7492763127494,4.3794344136784e-06,49.7479955418793,5.2688263858884e-06,49.5000079321434,1.6376873337028e-11,49.6172299567349,4.37941803683369e-06,49.578791820843,2.63441320531739e-06,49.5787918208531,2.63441322599291e-06,0.465601927344527,0.431229566983238,49.8253776808808,9.6482607994185e-06,0.431231185028351,0.244819532594061,49.6556934846767,4.37943441358766e-06,0.46560193139091,0.465601930928277,49.6220885864574,5.26882639918495e-06
966,49.9126888407739,9.64826085377619e-06,49.7511429434226,4.37943439782918e-06,49.7505025579397,5.26882644046276e-06,49.5614264337056,1.63768735421392e-11,49.6200374463756,4.37941802729046e-06,49.5806804241246,2.63441313333066e-06,49.5806804241043,2.63441317429969e-06,49.7492763129865,4.37943440378031e-06,49.7479955420178,5.26882644990715e-06,49.5000079321431,1.63768735807665e-11,49.6172299574827,4.37941802687074e-06,49.5787918198278,2.63441313870372e-06,49.5787918198031,2.6344131567177e-06,0.465601941746408,0.431229578982113,49.8253776815482,9.64826085368077e-06,0.43123119767082,0.244819539771472,49.6556934854283,4.37943440375602e-06,0.465601957165626,0.465601953949789,49.6220885857215,5.2688264231956e-06
967,49.9126888412482,9.64826084812057e-06,49.751142944427,4.37943443234479e-06,49.7505025589373,5.26882644951794e-06,49.5614264342939,1.63768736997097e-11,49.6200374475388,4.37941804610235e-06,49.5806804279948,2.63441328438453e-06,49.5806804279757,2.63441329356281e-06,49.7492763140214,4.37943441579479e-06,49.7479955430442,5.26882643236687e-06,49.5000079321428,1.6376873565748e-11,49.6172299586335,4.37941803893123e-06,49.5787918236751,2.63441322949151e-06,49.5787918236352,2.63441324166817e-06,0.465601935909721,0.431229574417779,49.8253776824965,9.64826084818924e-06,0.431231196644941,0.244819539189058,49.6556934866979,4.37943441581228e-06,0.465601963087195,0.465601962366752,49.6220885897336,5.26882642160945e-06
968,49.9126888415438,9.64826082903775e-06,49.7511429451803,4.37943442609485e-06,49.7505025597211,5.26882639359021e-06,49.5614264346138,1.6376873784195e-11,49.6200374482129,4.37941804727251e-06,49.5806804300614,2.63441322263936e-06,49.5806804300794,2.63441320153274e-06,49.7492763147759,4.37943443138555e-06,49.7479955438577,5.26882639762871e-06,49.5000079321424,1.63768738097858e-11,49.6172299593265,4.37941805454296e-06,49.5787918257447,2.63441329155077e-06,49.5787918257564,2.63441330432524e-06,0.465601932574997,0.431229572847559,49.8253776830874,9.64826082904983e-06,0.431231191048643,0.244819536011915,49.6556934874514,4.3794344313801e-06,0.465601927708345,0.465601926051595,49.6220885918495,5.26882645074147e-06
969,49.9126888404167,9.64826087802537e-06,49.7511429426233,4.37943433256189e-06,49.7505025571445,5.2688264130267e-06,49.5614264338533,1.63768735778367e-11,49.6200374467878,4.37941798851936e-06,49.5806804261114,2.63441303346041e-06,49.5806804261023,2.63441306380875e-06,49.7492763122326,4.3794343988343e-06,49.7479955412679,5.26882647945316e-06,49.5000079321421,1.6376873795066e-11,49.6172299579773,4.37941802197044e-06,49.5787918218492,2.63441315765859e-06,49.578791821843,2.63441317027002e-06,0.465601927588234,0.431229563397956,49.8253776808322,9.64826087806705e-06,0.431231182018664,0.244819530885395,49.6556934856722,4.37943439874653e-06,0.465601935757109,0.465601933374936,49.6220885867856,5.26882632083198e-06
970,49.9126888413349,9.64826095858297e-06,49.7511429437282,4.37943448131917e-06,49.7505025581542,5.26882661716262e-06,49.5614264346098,1.63768737848091e-11,49.6200374481235,4.37941807404321e-06,49.5806804272424,2.63441319095192e-06,49.5806804271882,2.63441323528751e-06,49.749276313324,4.37943440954915e-06,49.7479955421814,5.26882654866983e-06,49.5000079321418,1.63768737804955e-11,49.6172299592166,4.37941803262107e-06,49.5787918229252,2.63441315293376e-06,49.5787918228467,2.63441315606322e-06,0.465601948889973,0.431229583299541,49.8253776826717,9.64826095833723e-06,0.431231204769197,0.244819543801378,49.6556934872865,4.379434409635e-06,0.465601985448109,0.465601981968017,49.6220885880786,5.26882630264845e-06
971,49.9126888423458,9.64826085041577e-06,49.7511429466095,4.37943450576748e-06,49.7505025611407,5.26882642520327e-06,49.5614264354773,1.63768740165944e-11,49.6200374499023,4.37941810107529e-06,49.580680434335,2.63441347552131e-06,49.5806804343564,2.63441342200228e-06,49.7492763162248,4.37943446769131e-06,49.7479955452941,5.26882638271427e-06,49.5000079321415,1.63768742838894e-11,49.6172299609895,4.37941809088357e-06,49.5787918299847,2.63441337701794e-06,49.5787918299886,2.63441337918227e-06,0.465601928828247,0.431229571425627,49.8253776846917,9.64826085038203e-06,0.431231191576736,0.244819536311725,49.6556934894592,4.3794344677508e-06,0.465601941240646,0.465601937039705,49.622088598007,5.26882666980055e-06
972,49.9126888409631,9.64826083442385e-06,49.7511429440704,4.37943433843643e-06,49.7505025586838,5.26882627961615e-06,49.561426434332,1.63768737044291e-11,49.6200374478104,4.37941800984308e-06,49.5806804299237,2.6344131384031e-06,49.5806804299881,2.63441310849315e-06,49.749276313672,4.37943444766188e-06,49.7479955428882,5.26882638706938e-06,49.5000079321412,1.63768737518025e-11,49.6172299590327,4.37941807084051e-06,49.578791825726,2.63441328360652e-06,49.5787918258223,2.6344132979017e-06,0.465601917515015,0.431229558454974,49.825377681924,9.64826083448224e-06,0.431231169728521,0.244819523908007,49.6556934869913,4.37943444752636e-06,0.465601874543687,0.465601872195925,49.6220885923845,5.26882657831902e-06
973,49.91268883957,9.64826102449393e-06,49.7511429397949,4.37943434020428e-06,49.7505025542364,5.26882660454882e-06,49.5614264332732,1.63768734225027e-11,49.6200374456154,4.37941799455736e-06,49.5806804209684,2.63441297168566e-06,49.5806804208854,2.6344130941352e-06,49.7492763093921,4.37943437700179e-06,49.7479955382671,5.26882664754951e-06,49.5000079321409,1.63768734787717e-11,49.6172299568367,4.37941800003423e-06,49.578791816775,2.63441296650913e-06,49.5787918166912,2.63441297272039e-06,0.465601940178584,0.431229569341664,49.8253776791399,9.64826102434745e-06,0.431231187901984,0.244819534225486,49.6556934843457,4.37943437693684e-06,0.465601979655327,0.46560197004373,49.6220885809044,5.26882621639925e-06
974,49.9126888429312,9.64826100942439e-06,49.7511429464168,4.37943468749722e-06,49.7505025607963,5.26882675700517e-06,49.5614264359169,1.637687414014e-11,49.6200374505571,4.37941820479707e-06,49.5806804335319,2.63441359592354e-06,49.5806804334591,2.63441359243528e-06,49.7492763160104,4.37943446885987e-06,49.7479955447917,5.2688265397622e-06,49.5000079321406,1.63768737237063e-11,49.6172299615348,4.3794180919376e-06,49.578791829131,2.63441330926557e-06,49.578791828994,2.63441329677826e-06,0.465601959427262,0.431229597337141,49.8253776858668,9.64826100908249e-06,0.431231222103346,0.24481955364236,49.6556934903724,4.37943446914232e-06,0.465602021237693,0.465602020963885,49.6220885964212,5.26882651673168e-06
975,49.9126888439311,9.6482610035072e-06,49.7511429485579,4.37943465707015e-06,49.7505025629831,5.268826645609e-06,49.5614264369515,1.63768744106242e-11,49.62003745269,4.37941819172028e-06,49.5806804410537,2.6344137831109e-06,49.580680441047,2.63441368309304e-06,49.7492763181919,4.37943450852493e-06,49.7479955470603,5.26882649466807e-06,49.5000079321403,1.63768744866072e-11,49.6172299636791,4.37941813173789e-06,49.5787918366137,2.63441351834948e-06,49.5787918365491,2.63441349386927e-06,0.4656019346328,0.431229575753384,49.8253776878642,9.64826100348728e-06,0.431231202767005,0.244819542664689,49.6556934927182,4.37943450872353e-06,0.465601977819021,0.465601969968187,49.622088605753,5.26882675426441e-06
976,49.9126888433173,9.64826113527213e-06,49.751142946401,4.37943458612265e-06,49.7505025607733,5.2688267443348e-06,49.5614264366151,1.63768743163375e-11,49.6200374521066,4.37941814573398e-06,49.5806804372589,2.63441353683398e-06,49.5806804372487,2.63441348992376e-06,49.7492763160537,4.37943448700043e-06,49.7479955448078,5.26882664782171e-06,49.50000793214,1.63768744729332e-11,49.6172299631765,4.37941811019484e-06,49.5787918329054,2.63441338644064e-06,49.5787918328736,2.63441335712073e-06,0.465601934248348,0.431229568981438,49.8253776866364,9.6482611350275e-06,0.431231194178323,0.244819537788703,49.6556934918662,4.37943448713213e-06,0.465601948764458,0.465601945082272,49.6220886011922,5.26882669233419e-06
977,49.912688842155,9.64826112876743e-06,49.7511429442376,4.37943448802428e-06,49.7505025586552,5.26882664442084e-06,49.5614264357445,1.63768740824961e-11,49.6200374505478,4.37941809588157e-06,49.5806804353253,2.63441337400254e-06,49.5806804353403,2.63441333987009e-06,49.7492763139208,4.37943448726675e-06,49.7479955427579,5.26882664155049e-06,49.5000079321396,1.63768739415911e-11,49.6172299617371,4.37941811049095e-06,49.5787918310575,2.63441335130885e-06,49.5787918310813,2.63441332605099e-06,0.465601918101086,0.431229552603323,49.8253776843096,9.648261128802e-06,0.43123117420198,0.244819526447689,49.6556934901197,4.37943448727856e-06,0.465601917847063,0.465601915167859,49.6220885987044,5.26882665485755e-06
978,49.9126888416208,9.64826116643175e-06,49.751142942841,4.37943450255501e-06,49.7505025572527,5.26882668895337e-06,49.5614264351656,1.63768739292231e-11,49.6200374493849,4.379418116508e-06,49.5806804320504,2.63441324747384e-06,49.58068043205,2.63441325033377e-06,49.7492763124908,4.37943448928016e-06,49.7479955413145,5.26882667699085e-06,49.5000079321393,1.63768739282149e-11,49.6172299605935,4.37941811240935e-06,49.5787918278341,2.63441327441332e-06,49.5787918278507,2.634413252812e-06,0.465601929786623,0.431229563060532,49.8253776832421,9.6482611664569e-06,0.431231178755927,0.244819529033066,49.6556934889812,4.37943448930218e-06,0.465601921074816,0.465601920850327,49.6220885946899,5.26882657255919e-06
979,49.912688841293,9.64826115710828e-06,49.7511429422475,4.37943451758058e-06,49.7505025566809,5.26882667344833e-06,49.5614264348179,1.63768738373793e-11,49.6200374486919,4.37941813157421e-06,49.5806804319893,2.63441333551695e-06,49.5806804319761,2.63441333565615e-06,49.7492763118904,4.37943450076204e-06,49.7479955407592,5.26882665635352e-06,49.500007932139,1.63768736560789e-11,49.6172299599012,4.37941812389221e-06,49.5787918277647,2.63441328835203e-06,49.5787918277544,2.63441326623192e-06,0.465601926917825,0.431229561429511,49.8253776825861,9.64826115712549e-06,0.431231177611551,0.244819528383379,49.6556934883751,4.37943450078819e-06,0.465601937595358,0.465601937584431,49.6220885948577,5.26882658801514e-06
980,49.9126888417228,9.64826111304327e-06,49.7511429433929,4.37943456828058e-06,49.7505025578803,5.26882661392393e-06,49.5614264349572,1.63768738762753e-11,49.6200374489402,4.37941817188141e-06,49.58068043373,2.6344134103327e-06,49.5806804337556,2.63441337019465e-06,49.7492763130056,4.3794345338153e-06,49.7479955419842,5.26882657904312e-06,49.5000079321387,1.63768736430009e-11,49.6172299601224,4.37941815695049e-06,49.5787918295053,2.63441337596036e-06,49.5787918295407,2.63441335834285e-06,0.465601929653017,0.431229568285414,49.8253776834464,9.6482611129486e-06,0.431231179485037,0.244819529446999,49.6556934889083,4.37943453386833e-06,0.465601914795691,0.465601911645081,49.6220885974337,5.26882670299074e-06
981,49.9126888403026,9.64826109245517e-06,49.7511429407979,4.3794344379559e-06,49.7505025553365,5.26882650824512e-06,49.5614264337485,1.6376873549498e-11,49.6200374466696,4.3794180962005e-06,49.5806804300985,2.63441322536435e-06,49.5806804301316,2.63441321026043e-06,49.749276310413,4.37943451185959e-06,49.7479955394834,5.26882658096167e-06,49.5000079321384,1.6376873630072e-11,49.6172299579439,4.37941813501148e-06,49.5787918259364,2.63441330061642e-06,49.5787918259979,2.6344132914449e-06,0.465601916162848,0.431229553351852,49.8253776806035,9.64826109271507e-06,0.431231162597246,0.244819519859424,49.6556934863083,4.37943451176761e-06,0.465601895868507,0.465601894682934,49.6220885927921,5.26882659791954e-06
982,49.9126888403274,9.64826118224589e-06,49.7511429400552,4.37943453020896e-06,49.7505025544931,5.2688267169695e-06,49.5614264336162,1.6376873517981e-11,49.6200374462589,4.37941814480508e-06,49.580680426687,2.63441320605479e-06,49.5806804266533,2.63441325099228e-06,49.7492763096408,4.37943449533331e-06,49.7479955385173,5.26882668664481e-06,49.500007932138,1.63768733583827e-11,49.6172299574636,4.37941811838468e-06,49.5787918224934,2.63441318743005e-06,49.5787918224661,2.63441317608813e-06,0.465601941035836,0.431229574214795,49.8253776806562,9.64826118208384e-06,0.431231184897453,0.244819532519747,49.6556934859348,4.37943449537124e-06,0.465601949929535,0.465601946402197,49.6220885884849,5.26882645648402e-06
983,49.9126888411449,9.64826111704305e-06,49.7511429421804,4.37943459113287e-06,49.7505025566467,5.26882664706795e-06,49.5614264342538,1.63768736906946e-11,49.6200374474979,4.37941818293571e-06,49.5806804325258,2.63441344657968e-06,49.5806804325212,2.63441341630611e-06,49.749276311786,4.37943453150405e-06,49.7479955407264,5.26882658545842e-06,49.5000079321377,1.6376873345752e-11,49.6172299586521,4.37941815464409e-06,49.5787918282483,2.6344133682569e-06,49.5787918282289,2.63441335366041e-06,0.465601931366183,0.431229569759945,49.8253776822906,9.64826111699403e-06,0.431231183779238,0.244819531884912,49.6556934874917,4.3794345315855e-06,0.465601951164209,0.465601948787905,49.6220885953581,5.26882656424914e-06
984,49.9126888393971,9.64826103765293e-06,49.7511429395245,4.37943421903862e-06,49.7505025540829,5.26882624267793e-06,49.5614264330717,1.63768733694143e-11,49.6200374454011,4.37941799823046e-06,49.5806804332134,2.63441346900075e-06,49.580680433248,2.6344134129131e-06,49.7492763090846,4.3794345098624e-06,49.747995538175,5.268826530435e-06,49.5000079321374,1.63768735921803e-11,49.6172299566254,4.37941813301047e-06,49.5787918290059,2.63441340197823e-06,49.5787918290438,2.63441339072114e-06,0.465601907107028,0.431229544595597,49.8253776787858,9.64826103862651e-06,0.43123115841837,0.244819517486983,49.6556934849383,4.3794345094102e-06,0.465601923926387,0.465601919523824,49.6220885964105,5.26882662311255e-06
985,49.9126888397507,9.64826112679877e-06,49.7511429392237,4.37943478933323e-06,49.7505025536607,5.26882689394917e-06,49.5614264332268,1.63768734154226e-11,49.6200374453779,4.37941830075412e-06,49.5806804303138,2.63441375080411e-06,49.5806804303275,2.63441373853989e-06,49.7492763089194,4.37943450008562e-06,49.7479955378099,5.26882662553046e-06,49.5000079321371,1.63768733209381e-11,49.6172299566761,4.37941812292752e-06,49.5787918263618,2.63441331589332e-06,49.5787918263886,2.63441330715114e-06,0.465601942351968,0.431229580181767,49.8253776795087,9.64826112604442e-06,0.43123118658113,0.244819533475608,49.655693485199,4.37943450048078e-06,0.465601935837582,0.46560193487491,49.6220885937599,5.26882662545813e-06
986,49.9126888395942,9.64826110691853e-06,49.7511429391749,4.37943454102697e-06,49.7505025536233,5.26882667366971e-06,49.561426433048,1.6376873366696e-11,49.6200374451841,4.37941812181788e-06,49.5806804299087,2.63441354047287e-06,49.5806804299134,2.63441353238089e-06,49.7492763087834,4.37943449666891e-06,49.7479955376972,5.26882661053007e-06,49.5000079321368,1.63768735676652e-11,49.6172299563912,4.37941812005983e-06,49.5787918258348,2.63441330893713e-06,49.5787918258458,2.63441330100099e-06,0.465601928655689,0.431229564097057,49.8253776791857,9.64826110739796e-06,0.431231173795251,0.24481952621678,49.6556934848095,4.37943449675913e-06,0.465601921707396,0.465601921072222,49.6220885930493,5.26882661074524e-06
987,49.9126888399924,9.6482611095596e-06,49.7511429399219,4.37943459078118e-06,49.7505025543723,5.26882668647365e-06,49.5614264332479,1.63768734213918e-11,49.6200374455244,4.37941816982887e-06,49.5806804294653,2.63441330119044e-06,49.5806804294681,2.63441329509461e-06,49.7492763095414,4.37943450500073e-06,49.7479955384498,5.26882660384511e-06,49.5000079321365,1.63768735556314e-11,49.6172299567495,4.3794181280428e-06,49.5787918252651,2.63441330563876e-06,49.5787918252715,2.63441329850478e-06,0.465601936178435,0.431229573069392,49.8253776799877,9.64826110917784e-06,0.431231180413537,0.244819529974129,49.6556934852772,4.37943450511648e-06,0.465601918201329,0.465601917722841,49.6220885923538,5.2688266040841e-06
988,49.9126888397544,9.64826108820111e-06,49.751142939701,4.37943439418414e-06,49.7505025541823,5.26882648924535e-06,49.561426433036,1.63768733635885e-11,49.6200374451988,4.37941806817909e-06,49.580680428814,2.63441327627577e-06,49.5806804288179,2.63441327072754e-06,49.7492763092565,4.37943450011008e-06,49.7479955382119,5.26882658891043e-06,49.5000079321362,1.63768735437469e-11,49.6172299563862,4.37941812331082e-06,49.5787918246094,2.63441329732264e-06,49.5787918246175,2.63441329134636e-06,0.465601928371465,0.431229564089516,49.8253776795054,9.64826108861143e-06,0.431231173857887,0.24481952625234,49.6556934848098,4.37943449996146e-06,0.46560192060095,0.465601920165445,49.6220885915691,5.26882658865543e-06
989,49.9126888401768,9.64826109562305e-06,49.7511429403843,4.37943460357581e-06,49.750502554853,5.26882667915266e-06,49.5614264332942,1.63768734341185e-11,49.6200374455943,4.37941818768349e-06,49.5806804285559,2.6344133311159e-06,49.5806804285608,2.63441332649272e-06,49.7492763100028,4.37943450581577e-06,49.7479955389451,5.26882658908511e-06,49.5000079321359,1.63768735320115e-11,49.6172299568173,4.37941812881433e-06,49.5787918243704,2.63441329683167e-06,49.5787918243801,2.63441329218875e-06,0.46560193644461,0.43122957411833,49.825377680357,9.648261095208e-06,0.431231182350808,0.24481953107396,49.6556934853773,4.37943450595139e-06,0.46560192502098,0.465601924658086,49.6220885913738,5.26882658919021e-06
990,49.9126888398915,9.64826107294682e-06,49.7511429400872,4.37943439254926e-06,49.7505025545849,5.26882647660563e-06,49.561426433079,1.63768733752257e-11,49.6200374452803,4.37941806455459e-06,49.58068042819,2.63441328063979e-06,49.5806804281948,2.63441327705498e-06,49.7492763096393,4.37943449867092e-06,49.7479955386289,5.26882657511096e-06,49.5000079321355,1.63768735204254e-11,49.6172299564576,4.37941812189856e-06,49.5787918239733,2.63441328917269e-06,49.5787918239827,2.63441328575201e-06,0.465601927545319,0.43122956365464,49.8253776797794,9.64826107336557e-06,0.431231174497554,0.244819526615494,49.6556934848855,4.37943449852082e-06,0.465601923713473,0.465601923432086,49.6220885908669,5.26882657489023e-06
991,49.912688840338,9.64826108271161e-06,49.7511429407964,4.37943461305234e-06,49.7505025552747,5.26882667779143e-06,49.5614264333803,1.6376873457399e-11,49.6200374457534,4.37941819114614e-06,49.5806804281697,2.63441332048706e-06,49.5806804281736,2.63441331788943e-06,49.7492763104169,4.37943450408634e-06,49.747995539379,5.26882657780723e-06,49.5000079321352,1.63768737678997e-11,49.6172299569699,4.37941812707519e-06,49.5787918239661,2.63441329014342e-06,49.5787918239737,2.63441328766711e-06,0.46560193668151,0.431229574792885,49.8253776806798,9.64826108225134e-06,0.431231183832413,0.2448195319151,49.6556934855377,4.37943450423427e-06,0.465601927916363,0.465601927712463,49.6220885909165,5.26882657810165e-06
992,49.912688840003,9.64826105921744e-06,49.7511429404188,4.37943437820743e-06,49.750502554924,5.2688264550758e-06,49.5614264331519,1.63768733947918e-11,49.6200374454271,4.37941805444677e-06,49.5806804279457,2.63441326594824e-06,49.5806804279484,2.63441326407197e-06,49.7492763099675,4.3794344958941e-06,49.7479955389713,5.26882656421614e-06,49.5000079321349,1.63768737566122e-11,49.6172299565945,4.37941811913997e-06,49.5787918237122,2.6344132829573e-06,49.5787918237176,2.63441328113184e-06,0.465601926914896,0.431229563188343,49.8253776800019,9.64826105972861e-06,0.431231174935945,0.244819526864378,49.6556934850107,4.37943449572595e-06,0.465601925757771,0.465601925610494,49.6220885905464,5.26882656415546e-06
993,49.9126888404769,9.64826107167123e-06,49.7511429411513,4.37943462202228e-06,49.7505025556322,5.2688266794893e-06,49.5614264334862,1.63768734859492e-11,49.6200374459545,4.37941819425046e-06,49.5806804280494,2.6344133136219e-06,49.5806804280512,2.63441331226101e-06,49.7492763107764,4.37943450192081e-06,49.7479955397445,5.26882656883342e-06,49.5000079321346,1.6376873745474e-11,49.6172299571671,4.379418124904e-06,49.5787918238356,2.63441328513428e-06,49.5787918238392,2.63441328374e-06,0.465601937058466,0.431229575476554,49.825377680958,9.64826107129375e-06,0.431231185045013,0.244819532603521,49.6556934857345,4.37943450208513e-06,0.465601929878595,0.465601929771773,49.6220885907363,5.26882656907492e-06
994,49.9126888400882,9.64826104742239e-06,49.7511429406846,4.37943436312712e-06,49.7505025551943,5.26882643523441e-06,49.5614264332298,1.63768734156767e-11,49.6200374455871,4.37941804376078e-06,49.5806804278916,2.63441325590187e-06,49.5806804278928,2.63441325483267e-06,49.7492763102305,4.37943449306708e-06,49.7479955392428,5.26882655535591e-06,49.5000079321343,1.63768737344848e-11,49.617229956747,4.37941811633215e-06,49.5787918236481,2.63441327816263e-06,49.5787918236506,2.63441327706655e-06,0.465601926293998,0.431229562641788,49.8253776801719,9.64826104804706e-06,0.431231175059934,0.244819526934769,49.6556934851455,4.37943449288286e-06,0.465601927083867,0.465601926999941,49.6220885904268,5.26882655508962e-06
995,49.9126888405943,9.64826106287394e-06,49.7511429414476,4.37943463300431e-06,49.7505025559303,5.26882668461052e-06,49.5614264335913,1.63768735142556e-11,49.6200374461547,4.3794181988111e-06,49.5806804280679,2.6344133103325e-06,49.5806804280688,2.63441330950597e-06,49.7492763110777,4.37943449997556e-06,49.74799554005,5.26882656186549e-06,49.500007932134,1.6376873464733e-11,49.6172299573659,4.37941812294898e-06,49.5787918238484,2.63441328140491e-06,49.5787918238502,2.63441328053719e-06,0.465601937524417,0.431229576212182,49.8253776811932,9.64826106226428e-06,0.431231186098585,0.244819533201657,49.6556934859312,4.37943450015791e-06,0.465601931270781,0.465601931205903,49.6220885907097,5.26882656219095e-06
996,49.9126888401496,9.64826103767011e-06,49.7511429408887,4.37943434721816e-06,49.7505025554029,5.26882641592159e-06,49.5614264332979,1.63768734338768e-11,49.6200374457289,4.37941803307108e-06,49.5806804279332,2.63441324787182e-06,49.580680427934,2.6344132471802e-06,49.7492763104309,4.3794344904404e-06,49.7479955394516,5.26882654829125e-06,49.5000079321337,1.63768734540421e-11,49.617229956883,4.37941811372427e-06,49.5787918236828,2.63441327443123e-06,49.5787918236843,2.63441327375012e-06,0.465601925657137,0.431229562026651,49.8253776802942,9.64826103822543e-06,0.431231174964668,0.244819526880685,49.6556934852619,4.37943449023896e-06,0.465601927865464,0.465601927811175,49.6220885904165,5.2688265480956e-06
997,49.9126888406949,9.64826105613917e-06,49.7511429416912,4.37943464564034e-06,49.7505025561751,5.26882669261459e-06,49.5614264336863,1.63768735398826e-11,49.6200374463348,4.37941820493284e-06,49.5806804281519,2.63441330914233e-06,49.5806804281525,2.63441330863908e-06,49.7492763113263,4.37943449832338e-06,49.7479955403019,5.26882655671623e-06,49.5000079321334,1.63768737024128e-11,49.6172299575462,4.37941812128247e-06,49.5787918239295,2.63441327866903e-06,49.5787918239308,2.63441327814331e-06,0.465601938064591,0.43122957698917,49.8253776813949,9.64826105565226e-06,0.431231187080365,0.244819533759035,49.6556934861101,4.37943449852628e-06,0.465601932250566,0.465601932211064,49.6220885907602,5.26882655703321e-06
998,49.9126888401893,9.64826102963346e-06,49.7511429410366,4.37943433024696e-06,49.7505025555547,5.26882639691565e-06,49.5614264333514,1.6376873448197e-11,49.6200374458432,4.37941802227934e-06,49.5806804280149,2.63441324110342e-06,49.5806804280154,2.63441324067083e-06,49.7492763105747,4.37943448805664e-06,49.7479955396025,5.26882654278563e-06,49.500007932133,1.63768734331079e-11,49.6172299569922,4.37941811135741e-06,49.5787918237597,2.63441327154269e-06,49.5787918237607,2.63441327114016e-06,0.465601924955119,0.431229561292891,49.8253776803732,9.64826103025826e-06,0.431231174703928,0.244819526732657,49.655693485351,4.37943448783426e-06,0.465601928289666,0.46560192825571,49.6220885904563,5.26882654263682e-06
999,49.9126888407806,9.64826105133791e-06,49.7511429418915,4.37943466040969e-06,49.7505025563756,5.26882670381385e-06,49.5614264337703,1.63768735625665e-11,49.6200374464923,4.3794182125048e-06,49.5806804282594,2.6344133095853e-06,49.5806804282598,2.63441330929703e-06,49.7492763115323,4.37943449705156e-06,49.7479955405091,5.26882655304611e-06,49.5000079321327,1.63768736817774e-11,49.6172299577052,4.37941811999383e-06,49.5787918240362,2.63441327673274e-06,49.578791824037,2.63441327642699e-06,0.465601938707482,0.431229577844495,49.825377681567,9.64826105071279e-06,0.431231188022527,0.244819534293922,49.6556934862697,4.37943449727663e-06,0.465601932963525,0.465601932940897,49.6220885908448,5.26882655337795e-06
1000,49.9126888442236,9.64826118514753e-06,49.7511429472222,4.37943575043304e-06,49.7505025615886,5.26882775879713e-06,49.5614264363207,1.63768742499576e-11,49.620037450889,4.37941889375644e-06,49.5806804298159,2.63441356817049e-06,49.5806804298161,2.63441356805268e-06,49.749276317165,4.37943454943385e-06,49.7479955459736,5.26882662705382e-06,49.5000079321324,1.63768741895098e-11,49.6172299622496,4.37941817111102e-06,49.5787918256702,2.63441331400362e-06,49.5787918256708,2.63441331377542e-06,0.46560197131732,0.431229618560133,49.8253776884865,9.64826118057044e-06,0.4312312278301,0.244819556893566,49.6556934918013,4.37943455105778e-06,0.465601949120865,0.465601949111618,49.6220885932235,5.26882662925527e-06
