time,PV1__R_constriction,PV1__u_mmHg,PV1__v_mm3_s,PV2__R_constriction,PV2__u_mmHg,PV2__v_mm3_s,V1__u_mmHg,V1__v_mm3_s,V2__u_mmHg,V2__v_mm3_s,VV_junc1__H_VV_out_alpha,VV_junc1__H_VV_out_beta,VV_junc1__u_d_mmHg,VV_junc1__u_mmHg,inlet__H_down,inlet__H_link_L,inlet__H_link_R,inlet__RBC_volume,inlet__u_mmHg
0.0,7.124576406741286e-197,49.827394419523806,3.341681909767813e-06,0.0,49.82739441925245,3.3416818802070107e-06,49.82587945431751,3.3416819084209094e-06,49.82587945377477,3.3416818788927226e-06,0.4500546438778496,0.45005464222897756,49.828909384730174,49.87903887416441,0.45000000994816686,0.45,-1.9984014885135946e-16,1.5269640297159772e-14,49.93951943708114
1.0,1.9366606581912876e-196,49.827399881518836,3.3416267861295625e-06,0.0,49.82739988151616,3.3416267428450036e-06,49.82588755499204,3.34162678623582e-06,49.8258875549867,3.3416267429480363e-06,0.45000000924770833,0.4500000068333935,49.82891220804562,49.879040870452016,0.4500000080115133,0.45,-1.9061232431325574e-30,1.5269640237460293e-14,49.93952043522602
2.0,5.264389475052911e-196,49.82739949499406,3.341640064289212e-06,0.0,49.827399495017026,3.341640028273479e-06,49.825887461386905,3.3416400642948094e-06,49.82588746143283,3.341640028281417e-06,0.4500000079651222,0.45000000595625383,49.82891152860123,49.87904039024768,0.45000000644705,0.45,7.223839659698982e-35,1.526964018878225e-14,49.939520195123905
3.0,1.431009424796738e-195,49.827398586045106,3.341658326958655e-06,0.0,49.82739858606598,3.341658298757635e-06,49.82588657826418,3.3416583270044616e-06,49.82588657830593,3.3416582987973746e-06,0.45000000562753373,0.4500000040545593,49.82891059382603,49.87903972949487,0.4500000051316155,0.45,-3.843017375886164e-39,1.5269640148898644e-14,49.939519864747446
4.0,3.889886915778604e-195,49.827397741465354,3.3416747577847755e-06,0.0,49.82739774148206,3.3416747359696004e-06,49.82588573013957,3.3416747578386943e-06,49.82588573017298,3.3416747360322495e-06,0.45000000426199094,0.45000000304520726,49.82890975279112,49.87903913499155,0.45000000407562085,0.45,-2.572774640223631e-41,1.526964011640626e-14,49.93951956749592
5.0,1.0573808917921579e-194,49.82739701045119,3.3416889226501494e-06,0.0,49.82739701046477,3.341688905994694e-06,49.825884993154844,3.341688922694554e-06,49.82588499318204,3.341688906015313e-06,0.4500000046432497,0.45000000371426324,49.828909027747535,49.87903862247749,0.4500000032178387,0.45,2.368480585322118e-41,1.5269640088913566e-14,49.939519311238826
6.0,2.8742592639184426e-194,49.82739638325879,3.341701069070215e-06,0.0,49.82739638326892,3.341701056294084e-06,49.825884360534786,3.341701069121305e-06,49.82588436055506,3.3417010563440116e-06,0.4500000025460654,0.4500000018334577,49.82890840598277,49.879038182954055,0.4500000025622794,0.45,-9.975502777090267e-42,1.526964006964331e-14,49.939519091477095
7.0,7.813046727389574e-194,49.82739584590658,3.3417114749874685e-06,0.0,49.82739584591542,3.3417114654473567e-06,49.82588381847674,3.341711474999504e-06,49.82588381849442,3.3417114654567944e-06,0.4500000034548806,0.45000000292276826,49.82890787333644,49.87903780643349,0.45000000201264645,0.45,3.0303234525723023e-41,1.5269640051542723e-14,49.93951890321683
8.0,2.1238062943964494e-193,49.82739538631323,3.3417203748741775e-06,0.0,49.82739538631949,3.341720367810357e-06,49.82588335486126,3.341720374917546e-06,49.8258833548738,3.3417203678447214e-06,0.45000000188917477,0.45000000149518193,49.82890741776517,49.879037484390985,0.45000000153666925,0.45,3.367813535593575e-42,1.526964003762317e-14,49.939518742195546
9.0,5.77310405722481e-193,49.82739499138863,3.34172802211517e-06,0.0,49.8273949913926,3.3417280167417477e-06,49.82588295648143,3.3417280221515256e-06,49.82588295648938,3.341728016777008e-06,0.45000000086628356,0.4500000005665751,49.82890702629581,49.87903720765278,0.4500000012231459,0.45,-1.306392938576849e-41,1.526964002841652e-14,49.93951860382642
10.0,1.5692923852557387e-192,49.8273946528243,3.341734578013365e-06,0.0,49.82739465282719,3.3417345738864514e-06,49.82588261495266,3.3417345780352704e-06,49.82588261495843,3.3417345739114096e-06,0.45000000082166697,0.4500000005914843,49.82890669069594,49.879036970408954,0.4500000009826383,0.45,-6.928319192264002e-42,1.5269640020821e-14,49.93951848520451
11.0,4.265778974379826e-192,49.827394363412154,3.3417401820781434e-06,0.0,49.82739436341457,3.3417401788776807e-06,49.8258823230053,3.341740182088309e-06,49.825882323010156,3.341740178877358e-06,0.4500000010428414,0.45000000086433284,49.828906403819005,49.879036767606756,0.45000000080004604,0.45,4.0391131275585956e-42,1.5269640014874858e-14,49.93951838380341
12.0,1.1595589470279343e-191,49.827394115944045,3.3417449738189175e-06,0.0,49.82739411594606,3.3417449712883553e-06,49.825882073369705,3.341744973818142e-06,49.825882073373734,3.341744971292245e-06,0.45000000081900554,0.45000000067786156,49.82890615851841,49.87903659419339,0.45000000066026863,0.45,2.1028365851510115e-42,1.5269640010616347e-14,49.939518297096726
13.0,3.152008014733138e-191,49.82739390362161,3.3417490850297078e-06,0.0,49.82739390362311,3.3417490830622052e-06,49.825881859188016,3.341749085015849e-06,49.825881859191,3.3417490830521247e-06,0.45000000064400325,0.4500000005342646,49.82890594805522,49.87903644540775,0.45000000054423483,0.45,1.473388157807297e-42,1.5269640007056947e-14,49.939518222703896
14.0,8.56804610960636e-191,49.82739372161575,3.3417526092415673e-06,0.0,49.82739372161687,3.3417526077165078e-06,49.82588167558812,3.3417526092649077e-06,49.82588167559039,3.3417526077399045e-06,0.4500000004558045,0.45000000037074334,49.82890576764336,49.879036317867445,0.45000000043627897,0.45,-1.1351328365411726e-43,1.5269640003782994e-14,49.93951815893374
15.0,2.329036404514219e-190,49.82739356584381,3.3417556254104656e-06,0.0,49.827393565844645,3.3417556242018965e-06,49.82588151845229,3.34175562542521e-06,49.825881518453954,3.3417556242217053e-06,0.45000000027568393,0.4500000002082752,49.828905613235335,49.879036208708115,0.4500000003642726,0.45,-4.4767938589576674e-45,1.5269640001628234e-14,49.93951810435407
16.0,6.330977336210591e-190,49.8273934323915,3.3417582094810582e-06,0.0,49.827393432392206,3.341758208534249e-06,49.82588138383086,3.341758209469298e-06,49.825881383832254,3.341758208529447e-06,0.45000000034935966,0.4500000002965509,49.82890548095216,49.87903611519089,0.45000000029952786,0.45,1.4112278318050386e-45,1.526963999952504e-14,49.93951805759547
17.0,1.7209380649407302e-189,49.827393317736515,3.3417604295477845e-06,0.0,49.82739331773708,3.34176042882505e-06,49.825881268171536,3.3417604295579845e-06,49.82588126817265,3.3417604288290135e-06,0.4500000003099025,0.4500000002695915,49.828905367301495,49.87903603484601,0.4500000002403028,0.45,2.0075453866365213e-45,1.5269639997679524e-14,49.93951801742302
18.0,4.6779946698318586e-189,49.82739321961777,3.3417623294421283e-06,0.0,49.827393219618195,3.341762328882331e-06,49.82588116919342,3.3417623294427953e-06,49.82588116919429,3.3417623288790305e-06,0.45000000021115416,0.45000000017993114,49.828905270042114,49.87903596608857,0.450000000190949,0.45,1.6562376461696432e-46,1.5269639996189637e-14,49.93951798304428
19.0,1.2716107904632213e-188,49.82739313577419,3.341763952859881e-06,0.0,49.82739313577451,3.341763952423665e-06,49.825881084615645,3.341763952873344e-06,49.82588108461629,3.341763952435607e-06,0.45000000010569524,0.4500000000813648,49.82890518693272,49.879035907333666,0.45000000015581776,0.45,-1.26107207517345e-45,1.5269639995153314e-14,49.93951795366684
20.0,3.4565965045886175e-188,49.827393063992574,3.3417653426647644e-06,0.0,49.82739306399282,3.341765342322768e-06,49.825881012205514,3.341765342685535e-06,49.82588101220601,3.3417653423435568e-06,0.4500000000685915,0.4500000000495163,49.82890511577963,49.87903585703027,0.4500000001374295,0.45,-2.676958134426276e-48,1.526963999459524e-14,49.93951792851515
21.0,9.396003466738292e-188,49.82739300242083,3.3417665348677284e-06,0.0,49.827393002421026,3.3417665345877204e-06,49.82588095009423,3.3417665348771347e-06,49.82588095009463,3.3417665346104434e-06,0.45000000013781877,0.45000000012220104,49.828905054747416,49.87903581388303,0.45000000011484914,0.45,8.438623583883915e-49,1.52696399938311e-14,49.93951790694152
22.0,2.5540985483772893e-187,49.8273929495224,3.3417675591533745e-06,0.0,49.82739294952256,3.34176755893488e-06,49.82588089673236,3.341767559152487e-06,49.825880896732684,3.3417675589457294e-06,0.45000000012949826,0.4500000001173118,49.82890500231244,49.879035776813936,0.4500000000913214,0.45,1.2004383320478522e-48,1.526963999309343e-14,49.93951788840696
23.0,6.942759672147611e-187,49.827392904253436,3.3417684357026366e-06,0.0,49.82739290425357,3.3417684355241117e-06,49.82588085106692,3.3417684356900535e-06,49.82588085106718,3.3417684355312856e-06,0.45000000007484275,0.4500000000648854,49.82890495743997,49.879035745091,0.45000000007186025,0.45,9.90369219470978e-50,1.526963999251786e-14,49.93951787254549
24.0,1.8872377456157127e-186,49.827392865570076,3.341769184666288e-06,0.0,49.82739286557018,3.3417691845454294e-06,49.825880812044886,3.3417691846656175e-06,49.825880812045106,3.3417691845472057e-06,0.4500000000033822,0.44999999999664136,49.82890491909526,49.87903571798221,0.45000000006147955,0.45,-7.540747365188905e-49,1.526963999224e-14,49.939517858991096
25.0,5.130044069889206e-186,49.82739283243403,3.341769826185617e-06,0.0,49.82739283243413,3.3417698260794885e-06,49.82588077861875,3.341769826176176e-06,49.82588077861894,3.3417698260934188e-06,0.4500000000052855,0.44999999999936624,49.828904886249305,49.87903569476001,0.4500000000624106,0.45,-1.1354786341071588e-51,1.5269639992265994e-14,49.93951784738002
26.0,1.3944905574373913e-185,49.827392804004376,3.341770376659234e-06,0.0,49.82739280400441,3.3417703766195165e-06,49.825880749939785,3.3417703766610267e-06,49.825880749939884,3.3417703765998294e-06,0.45000000008823293,0.4500000000860175,49.82890485806896,49.8790356748378,0.45000000005213503,0.45,6.5078878027016675e-52,1.5269639991881147e-14,49.939517837418904
27.0,3.790618342239785e-185,49.827392779654716,3.3417708481365083e-06,0.0,49.82739277965476,3.341770848086456e-06,49.8258807253768,3.3417708481548745e-06,49.82588072537687,3.3417708481082496e-06,0.45000000003954427,0.4500000000367525,49.82890483393263,49.8790356577746,0.45000000003944995,0.45,-4.511368238264256e-52,1.5269639991522215e-14,49.939517828887304
28.0,1.030396895833396e-184,49.82739275882918,3.3417712514007676e-06,0.0,49.82739275882921,3.3417712513680493e-06,49.82588070436885,3.3417712514095416e-06,49.82588070436893,3.341771251376761e-06,0.4500000000360971,0.4500000000342722,49.828904813289505,49.879035643180934,0.45000000002980567,0.45,-2.9532227689341235e-55,1.526963999121504e-14,49.93951782159047
29.0,2.8009091580445277e-184,49.82739274093436,3.3417715978783314e-06,0.0,49.82739274093438,3.341771597852194e-06,49.82588068631734,3.341771597899532e-06,49.82588068631739,3.3417715978752244e-06,0.450000000009461,0.45000000000800316,49.82890479555137,49.87903563064068,0.45000000002368046,0.45,9.343674203422791e-55,1.526963999103571e-14,49.93951781532034
30.0,7.613660467476964e-184,49.82739272559367,3.341771894929483e-06,0.0,49.82739272559366,3.3417718949097378e-06,49.825880670842295,3.3417718949352856e-06,49.82588067084228,3.3417718949107106e-06,0.4500000000109834,0.45000000000988205,49.828904780345034,49.879035619890274,0.45000000001910306,0.45,5.169463717334791e-55,1.5269639990891054e-14,49.93951780994514
31.0,2.069607489679963e-183,49.827392712480375,3.3417721488635104e-06,0.0,49.82739271248034,3.341772148840998e-06,49.82588065761415,3.341772148843064e-06,49.82588065761407,3.3417721488089454e-06,0.45000000002086304,0.45000000001960727,49.82890476734662,49.87903561070076,0.45000000001557194,0.45,-3.3154214614980155e-55,1.5269639990775268e-14,49.939517805350384
32.0,5.625776431239785e-183,49.82739270126777,3.3417723659746223e-06,0.0,49.8273927012677,3.3417723659312174e-06,49.82588064630333,3.3417723659488073e-06,49.82588064630318,3.3417723658932305e-06,0.45000000001929835,0.4500000000168774,49.82890475623222,49.87903560284319,0.45000000001258544,0.45,-3.950548567375663e-55,1.526963999068254e-14,49.9395178014216
33.0,1.5292445844012282e-182,49.82739269166215,3.3417725519551304e-06,0.0,49.82739269166213,3.3417725518976664e-06,49.82588063661354,3.3417725519504243e-06,49.82588063661352,3.34177255188723e-06,0.4500000000115346,0.4500000000083294,49.82890474671076,49.87903559611176,0.4500000000100623,0.45,-1.765918787461967e-58,1.5269639990607755e-14,49.93951779805588
34.0,4.1569177650472636e-182,49.82739268340616,3.341772711800536e-06,0.0,49.8273926834062,3.3417727117327747e-06,49.82588062828521,3.3417727118098255e-06,49.82588062828529,3.3417727117517537e-06,0.450000000010231,0.4500000000064516,49.82890473852711,49.87903559032612,0.4500000000080962,0.45,5.587174118159508e-58,1.5269639990547038e-14,49.939517795163056
35.0,1.1299674023126563e-181,49.82739267632848,3.3417728488345745e-06,0.0,49.82739267632851,3.3417728488020145e-06,49.82588062114553,3.341772848842071e-06,49.82588062114559,3.34177284879024e-06,0.45000000000752366,0.45000000000570767,49.82890473151142,49.87903558536619,0.45000000000651064,0.45,3.0911495047288217e-58,1.526963999049806e-14,49.93951779268309
36.0,3.0715698564575653e-181,49.827392670278435,3.3417729659511392e-06,0.0,49.82739267027844,3.3417729659306766e-06,49.8258806150425,3.3417729659720398e-06,49.825880615042536,3.341772965927837e-06,0.450000000005712,0.4500000000045707,49.82890472551436,49.8790355811264,0.4500000000052416,0.45,-1.9825003073936584e-58,1.5269639990458853e-14,49.9395177905632
37.0,8.349392525651157e-181,49.827392665105386,3.3417730661195005e-06,0.0,49.82739266510539,3.3417730660948235e-06,49.825880609824154,3.341773066124609e-06,49.825880609824175,3.341773066088496e-06,0.4500000000049929,0.45000000000361634,49.828904720386625,49.8790355775012,0.4500000000042253,0.45,-2.362282997847592e-58,1.526963999042745e-14,49.93951778875059
38.0,2.2696001981149316e-180,49.8273926606738,3.34177315193559e-06,0.0,49.82739266067382,3.341773151902659e-06,49.82588060535373,3.341773151932205e-06,49.82588060535377,3.3417731519038867e-06,0.45000000000433243,0.4500000000024957,49.82890471599387,49.879035574395594,0.4500000000034058,0.45,-1.0559545987221734e-61,1.5269639990402128e-14,49.9395177871978
39.0,6.169412976402866e-180,49.82739265686483,3.341773225688326e-06,0.0,49.82739265686486,3.3417732256618356e-06,49.825880601511386,3.341773225679831e-06,49.82588060151144,3.341773225659627e-06,0.45000000000334595,0.45000000000186835,49.828904712218275,49.87903557172632,0.4500000000027405,0.45,3.340924988068904e-61,1.5269639990381567e-14,49.93951778586316
40.0,1.6770203186015346e-179,49.82739265359948,3.3417732889169415e-06,0.0,49.82739265359954,3.3417732888795484e-06,49.82588059821743,3.341773288895154e-06,49.82588059821752,3.3417732888870874e-06,0.4500000000032269,0.4500000000011412,49.82890470898154,49.879035569437995,0.4500000000022037,0.45,1.8483939114478934e-61,1.526963999036498e-14,49.939517784719
41.0,4.5586138580111496e-179,49.82739265080829,3.341773342913328e-06,0.0,49.827392650808356,3.341773342933322e-06,49.82588059540176,3.3417733429253517e-06,49.82588059540192,3.3417733429392655e-06,0.45000000000250245,0.45000000000138735,49.8289047062148,49.87903556748196,0.45000000000177404,0.45,-1.1854623957929797e-61,1.52696399903517e-14,49.93951778374098
42.0,1.2391597213193292e-178,49.827392648421764,3.341773389120135e-06,0.0,49.827392648421885,3.3417733891554503e-06,49.82588059299432,3.3417733891191045e-06,49.82588059299456,3.341773389169458e-06,0.4500000000026747,0.45000000000070495,49.828904703849204,49.879035565809524,0.45000000000143003,0.45,-1.4125585008615035e-61,1.5269639990341067e-14,49.93951778290476
43.0,3.3683853530207063e-178,49.827392646377135,3.3417734286892905e-06,0.0,49.82739264637717,3.341773428761547e-06,49.825880590931824,3.341773428692527e-06,49.825880590931895,3.3417734287621536e-06,0.4500000000031705,0.44999999999914025,49.828904701822445,49.87903556437662,0.45000000000115264,0.45,-6.3142208038156204e-65,1.526963999033249e-14,49.93951778218831
44.0,9.156220696363793e-178,49.82739264461978,3.3417734627041656e-06,0.0,49.82739264461974,3.341773462779638e-06,49.825880589159105,3.3417734627133457e-06,49.82588058915904,3.3417734627820723e-06,0.4500000000029583,0.4499999999987487,49.82890470008044,49.879035563145045,0.45000000000092744,0.45,1.9977504799145558e-64,1.5269639990325523e-14,49.93951778157253
45.0,2.4889188336286325e-177,49.827392643113335,3.3417734918727235e-06,0.0,49.82739264311331,3.3417734919338767e-06,49.82588058763946,3.341773491882445e-06,49.82588058763941,3.341773491950053e-06,0.4500000000024685,0.4499999999990579,49.8289046985872,49.87903556208935,0.4500000000007458,0.45,1.1052716947711371e-64,1.5269639990319906e-14,49.93951778104467
46.0,6.765582837962193e-177,49.82739264182568,3.3417735168234617e-06,0.0,49.8273926418257,3.34177351687684e-06,49.82588058634051,3.3417735168170315e-06,49.825880586340546,3.3417735168877308e-06,0.45000000000217044,0.44999999999919316,49.828904697310854,49.87903556118698,0.4500000000006004,0.45,-7.0886298811664396e-65,1.526963999031541e-14,49.939517780593505
47.0,1.8390760887367006e-176,49.8273926407247,3.341773538124577e-06,0.0,49.82739264072476,3.3417735382158687e-06,49.82588058522986,3.3417735381331094e-06,49.825880585229974,3.341773538215839e-06,0.4500000000029526,0.44999999999786067,49.82890469621954,49.879035560415446,0.450000000000484,0.45,-8.446581210536417e-65,1.5269639990311806e-14,49.93951778020772
48.0,4.999127113166508e-176,49.82739263978129,3.3417735563936604e-06,0.0,49.82739263978128,3.3417735564787012e-06,49.82588058427821,3.3417735563881996e-06,49.8258805842782,3.3417735564719766e-06,0.4500000000027775,0.4499999999980343,49.82890469528436,49.87903555975427,0.45000000000039014,0.45,-3.7756722123820406e-68,1.52696399903089e-14,49.939517779877136
49.0,1.3589036389877444e-175,49.82739263897048,3.3417735720813408e-06,0.0,49.827392638970416,3.3417735721508902e-06,49.82588058346033,3.3417735720872797e-06,49.82588058346022,3.341773572158468e-06,0.4500000000023829,0.44999999999850376,49.82890469448062,49.879035559186036,0.450000000000314,0.45,1.1945814390475925e-67,1.5269639990306543e-14,49.93951777959302
50.0,3.693883068487256e-175,49.82739263827552,3.341773585560389e-06,0.0,49.827392638275434,3.3417735856144336e-06,49.8258805827593,3.3417735855550257e-06,49.82588058275913,3.3417735856060005e-06,0.45000000000177204,0.44999999999875767,49.82890469379174,49.879035558699,0.45000000000025253,0.45,6.6091189312829086e-68,1.5269639990304637e-14,49.9395177793495
51.0,1.0041015221521447e-174,49.82739263768149,3.3417735970777358e-06,0.0,49.82739263768139,3.341773597105489e-06,49.825880582160075,3.3417735970751515e-06,49.8258805821599,3.3417735970955247e-06,0.45000000000073376,0.4499999999991858,49.82890469320291,49.879035558282716,0.4500000000002033,0.45,-4.2387404080021794e-68,1.5269639990303113e-14,49.939517779141354
52.0,2.729430921594242e-174,49.827392637173496,3.341773606940622e-06,0.0,49.827392637173375,3.341773606905447e-06,49.82588058164765,3.3417736069310765e-06,49.825880581647404,3.341773606906201e-06,0.4500000000005982,0.44999999999863644,49.82890469269935,49.879035557926706,0.4500000000001638,0.45,-5.050745445420474e-68,1.5269639990301892e-14,49.939517778963356
53.0,7.419362476203855e-174,49.82739263673827,3.3417736153870894e-06,0.0,49.827392636738224,3.3417736153149214e-06,49.82588058120857,3.341773615369082e-06,49.82588058120847,3.3417736153183277e-06,0.45000000000207735,0.44999999999805235,49.828904692267976,49.87903555762172,0.450000000000132,0.45,-2.257713358193733e-71,1.5269639990300907e-14,49.93951777881086
54.0,2.0167918197815842e-173,49.82739263636424,3.341773622643501e-06,0.0,49.82739263636426,3.3417736225734122e-06,49.825880580831225,3.3417736226140283e-06,49.82588058083126,3.341773622558404e-06,0.4500000000023647,0.4499999999984556,49.82890469189726,49.87903555735962,0.45000000000010626,0.45,7.143158411748143e-71,1.526963999030011e-14,49.939517778679814
55.0,5.48220855549713e-173,49.827392636043584,3.3417736288399932e-06,0.0,49.827392636043584,3.34177362878062e-06,49.82588058050778,3.3417736288236616e-06,49.82588058050777,3.341773628761706e-06,0.4500000000020138,0.4499999999987023,49.8289046915794,49.8790355571349,0.45000000000008544,0.45,3.952010465345658e-71,1.5269639990299465e-14,49.939517778567456
56.0,1.4902187896230562e-172,49.82739263576947,3.3417736341202183e-06,0.0,49.82739263576941,3.3417736340664783e-06,49.82588058023128,3.341773634133166e-06,49.825880580231164,3.341773634057724e-06,0.450000000001676,0.4499999999986784,49.828904691307656,49.879035556942775,0.4500000000000688,0.45,-2.534611137502409e-71,1.5269639990298948e-14,49.93951777847139
57.0,4.0508346562605856e-172,49.82739263553502,3.341773638657977e-06,0.0,49.827392635534906,3.3417736385760013e-06,49.8258805799948,3.34177363867803e-06,49.82588057999459,3.3417736385750517e-06,0.45000000000242213,0.4499999999978498,49.82890469107522,49.879035556778454,0.4500000000000554,0.45,-3.020160336897329e-71,1.5269639990298534e-14,49.939517778389224
58.0,1.1011310236205293e-171,49.82739263533442,3.3417736425694914e-06,0.0,49.827392635334405,3.341773642464442e-06,49.8258805797924,3.3417736425790747e-06,49.825880579792376,3.3417736424666464e-06,0.45000000000299517,0.4499999999971361,49.828904690876435,49.8790355566379,0.45000000000004475,0.45,-1.3500296956517989e-74,1.52696399902982e-14,49.939517778318944
59.0,2.993184452260193e-171,49.827392635161964,3.341773645927786e-06,0.0,49.82739263516204,3.341773645803402e-06,49.82588057961839,3.3417736459202902e-06,49.82588057961854,3.341773645820341e-06,0.450000000003436,0.4499999999964983,49.82890469070554,49.87903555651709,0.4500000000000361,0.45,4.271346467259289e-74,1.526963999029793e-14,49.93951777825854
60.0,8.136318905805023e-171,49.827392635014,3.3417736487813943e-06,0.0,49.827392635014085,3.3417736486960913e-06,49.82588057946912,3.3417736487733255e-06,49.8258805794693,3.341773648692616e-06,0.45000000000234963,0.44999999999759166,49.82890469055888,49.8790355564134,0.450000000000029,0.45,2.3631571591585016e-74,1.526963999029771e-14,49.9395177782067
61.0,2.2116807832197576e-170,49.82739263488749,3.3417736511849807e-06,0.0,49.827392634887566,3.341773651149894e-06,49.82588057934151,3.3417736512044565e-06,49.82588057934167,3.34177365115227e-06,0.4500000000010085,0.4499999999990514,49.82890469043346,49.87903555632473,0.4500000000000233,0.45,-1.515604401302579e-74,1.5269639990297534e-14,49.939517778162376
62.0,6.011971683378336e-170,49.82739263477941,3.341773653253513e-06,0.0,49.8273926347795,3.3417736532626636e-06,49.82588057923246,3.3417736532799596e-06,49.82588057923267,3.3417736532678068e-06,0.4500000000003541,0.44999999999984397,49.82890469032633,49.879035556248986,0.4500000000000188,0.45,-1.8059449954723873e-74,1.5269639990297395e-14,49.93951777812449
63.0,1.6342233380137668e-169,49.82739263468678,3.3417736550452355e-06,0.0,49.82739263468683,3.341773655057252e-06,49.825880579139046,3.3417736550596465e-06,49.82588057913915,3.341773655073332e-06,0.45000000000024076,0.44999999999957074,49.828904690234495,49.87903555618407,0.45000000000001517,0.45,-8.072681912994332e-78,1.5269639990297282e-14,49.93951777809203
64.0,4.442279603366506e-169,49.82739263460714,3.3417736565747767e-06,0.0,49.82739263460716,3.341773656585178e-06,49.82588057905874,3.341773656593876e-06,49.82588057905877,3.3417736566186424e-06,0.45000000000023876,0.44999999999965845,49.82890469015553,49.879035556128244,0.4500000000000122,0.45,2.5541083637963088e-77,1.5269639990297187e-14,49.93951777806412
65.0,1.2075367922765428e-168,49.827392634538924,3.341773657910542e-06,0.0,49.82739263453896,3.3417736579502096e-06,49.82588057898991,3.3417736579086584e-06,49.82588057898999,3.3417736579502646e-06,0.45000000000125,0.44999999999903756,49.82890469008794,49.879035556080446,0.45000000000000984,0.45,1.4130812172314192e-77,1.5269639990297114e-14,49.93951777804022
66.0,3.282425319641051e-168,49.82739263448065,3.341773659033889e-06,0.0,49.82739263448076,3.3417736590958835e-06,49.8258805789311,3.341773659027675e-06,49.82588057893131,3.3417736591003084e-06,0.4500000000018834,0.4499999999984255,49.828904690030214,49.879035556039625,0.4500000000000079,0.45,-9.062757861591169e-78,1.5269639990297054e-14,49.93951777801982
67.0,8.922557099654142e-168,49.827392634430865,3.341773659956321e-06,0.0,49.82739263443105,3.341773660071275e-06,49.825880578880835,3.341773659973704e-06,49.825880578881204,3.341773660099392e-06,0.45000000000284973,0.4499999999964381,49.82890468998089,49.87903555600476,0.4500000000000064,0.45,-1.0798888015403094e-77,1.5269639990297007e-14,49.939517778002376
68.0,2.42540248273781e-167,49.827392634387934,3.341773660779543e-06,0.0,49.82739263438797,3.341773660924684e-06,49.825880578837605,3.34177366077903e-06,49.82588057883767,3.341773660926718e-06,0.4500000000040081,0.4499999999959128,49.82890468993827,49.87903555597463,0.4500000000000051,0.45,-4.827167393300065e-81,1.526963999029697e-14,49.93951777798731
69.0,6.592927495525641e-167,49.82739263435109,3.341773661511639e-06,0.0,49.827392634351,3.3417736616560965e-06,49.82588057880049,3.341773661487998e-06,49.82588057880032,3.3417736616242044e-06,0.4500000000044161,0.44999999999635876,49.8289046899017,49.879035555948775,0.45000000000000406,0.45,1.5272630267800734e-80,1.5269639990296938e-14,49.939517777974395
70.0,1.7921435007435353e-166,49.82739263431967,3.341773662124242e-06,0.0,49.82739263431959,3.3417736622312653e-06,49.825880578768796,3.3417736621082405e-06,49.825880578768626,3.3417736622281736e-06,0.45000000000326856,0.44999999999729934,49.82890468987055,49.879035555926755,0.4500000000000033,0.45,8.449706862504272e-81,1.5269639990296912e-14,49.939517777963374
71.0,4.8715511120621316e-166,49.827392634292885,3.341773662629191e-06,0.0,49.827392634292856,3.3417736627067155e-06,49.82588057874177,3.3417736626449464e-06,49.825880578741675,3.3417736627456625e-06,0.4500000000020817,0.4499999999977577,49.82890468984401,49.879035555908,0.4500000000000027,0.45,-5.419196459658391e-81,1.526963999029689e-14,49.939517777953995
72.0,1.3242248864327946e-165,49.82739263426995,3.341773663098633e-06,0.0,49.827392634269934,3.3417736631540475e-06,49.82588057871861,3.341773663102401e-06,49.82588057871856,3.3417736631843108e-06,0.45000000000110946,0.4499999999980187,49.828904689821286,49.87903555589193,0.4500000000000022,0.45,-6.457338549156074e-81,1.5269639990296875e-14,49.939517777945966
73.0,3.5996164455835085e-165,49.8273926342501,3.3417736634743734e-06,0.0,49.82739263425005,3.341773663550923e-06,49.8258805786986,3.3417736634857562e-06,49.82588057869851,3.341773663550207e-06,0.4500000000021389,0.4499999999978693,49.8289046898016,49.879035555878005,0.4500000000000018,0.45,-2.8864688704538787e-84,1.5269639990296862e-14,49.93951777793901
74.0,9.784771973451988e-165,49.82739263423308,3.341773663837064e-06,0.0,49.82739263423302,3.3417736638849387e-06,49.82588057868145,3.3417736638191205e-06,49.825880578681314,3.3417736638651486e-06,0.45000000000157275,0.44999999999890267,49.82890468978473,49.87903555586608,0.45000000000000145,0.45,9.132472161447176e-84,1.5269639990296852e-14,49.93951777793304
75.0,2.6597767851049894e-164,49.82739263421857,3.3417736641301607e-06,0.0,49.82739263421848,3.3417736641463263e-06,49.825880578666826,3.341773664114309e-06,49.82588057866663,3.341773664131623e-06,0.45000000000052887,0.44999999999962714,49.828904689770326,49.87903555585589,0.4500000000000012,0.45,5.052614470534219e-84,1.5269639990296843e-14,49.93951777792795
76.0,7.23002290270811e-164,49.82739263420615,3.341773664394838e-06,0.0,49.82739263420599,3.341773664372107e-06,49.82588057865432,3.34177366437651e-06,49.82588057865401,3.3417736643457115e-06,0.45000000000048407,0.4499999999992163,49.82890468975799,49.87903555584717,0.45000000000000095,0.45,-3.2404805156309868e-84,1.5269639990296837e-14,49.939517777923584
77.0,1.965323987577418e-163,49.827392634195434,3.3417736646119492e-06,0.0,49.82739263419518,3.341773664538985e-06,49.82588057864355,3.341773664612702e-06,49.82588057864306,3.3417736645052976e-06,0.45000000000191426,0.4499999999978445,49.82890468974731,49.87903555583962,0.4500000000000008,0.45,-3.8612513694866863e-84,1.526963999029683e-14,49.93951777791981
78.0,5.3423044824663653e-163,49.82739263418651,3.341773664825212e-06,0.0,49.82739263418643,3.3417736646958038e-06,49.825880578634454,3.3417736648180455e-06,49.825880578634326,3.341773664673681e-06,0.45000000000373724,0.44999999999651924,49.82890468973856,49.87903555583344,0.45000000000000057,0.45,-1.7260024070578224e-87,1.5269639990296824e-14,49.93951777791671
79.0,1.4521889196783624e-162,49.82739263417883,3.341773664979856e-06,0.0,49.82739263417889,3.3417736648351335e-06,49.825880578626645,3.3417736649771487e-06,49.82588057862678,3.3417736648348485e-06,0.45000000000407075,0.44999999999599855,49.82890468973101,49.879035555828104,0.45000000000000046,0.45,5.460883051396913e-87,1.526963999029682e-14,49.93951777791405
80.0,3.9474587518512647e-162,49.82739263417205,3.3417736651147954e-06,0.0,49.82739263417211,3.3417736649734082e-06,49.82588057861982,3.341773665101339e-06,49.82588057861992,3.341773664962655e-06,0.4500000000037221,0.4499999999958363,49.8289046897243,49.87903555582336,0.45000000000000034,0.45,3.021277945293059e-87,1.5269639990296818e-14,49.93951777791168
81.0,1.0730305393748916e-161,49.827392634166166,3.341773665220269e-06,0.0,49.82739263416613,3.3417736650963686e-06,49.82588057861392,3.3417736652047944e-06,49.82588057861387,3.341773665063882e-06,0.45000000000300927,0.4499999999960988,49.828904689718414,49.87903555581919,0.45000000000000023,0.45,-1.9376883732418428e-87,1.5269639990296818e-14,49.93951777790961
82.0,2.916799416564376e-161,49.827392634161136,3.3417736653015933e-06,0.0,49.827392634161036,3.3417736651746806e-06,49.82588057860888,3.3417736653013955e-06,49.8258805786087,3.341773665144401e-06,0.4500000000030907,0.44999999999601215,49.82890468971339,49.87903555581565,0.4500000000000002,0.45,-2.3088865520802577e-87,1.5269639990296815e-14,49.939517777907824
83.0,7.928682851306889e-161,49.827392634157164,3.3417736654013835e-06,0.0,49.827392634157185,3.341773665251278e-06,49.82588057860482,3.3417736653939038e-06,49.82588057860486,3.3417736652407462e-06,0.45000000000406903,0.44999999999569673,49.82890468970951,49.8790355558129,0.4500000000000002,0.45,-1.0320860687816517e-90,1.5269639990296815e-14,49.939517777906445
84.0,2.1552394518322364e-160,49.82739263415367,3.34177366545339e-06,0.0,49.827392634153775,3.341773665327916e-06,49.82588057860124,3.3417736654585307e-06,49.82588057860146,3.341773665329758e-06,0.4500000000035777,0.4499999999965793,49.82890468970609,49.879035555810475,0.4500000000000001,0.45,3.2654075669569833e-90,1.526963999029681e-14,49.93951777790523
85.0,5.858548237893602e-160,49.82739263415051,3.341773665508204e-06,0.0,49.827392634150655,3.3417736654097035e-06,49.825880578598046,3.341773665498572e-06,49.82588057859832,3.3417736654052667e-06,0.45000000000286455,0.4499999999973705,49.82890468970299,49.87903555580828,0.4500000000000001,0.45,1.8066132842593165e-90,1.526963999029681e-14,49.93951777790414
86.0,1.5925185216216938e-159,49.82739263414779,3.3417736655325707e-06,0.0,49.827392634147955,3.3417736654963143e-06,49.82588057859529,3.3417736655197182e-06,49.825880578595616,3.341773665480996e-06,0.45000000000108237,0.4499999999990602,49.8289046897003,49.87903555580638,0.4500000000000001,0.45,-1.1586665044529549e-90,1.526963999029681e-14,49.93951777790319
87.0,4.328914158808713e-159,49.8273926341456,3.3417736655234007e-06,0.0,49.82739263414584,3.341773665572344e-06,49.82588057859305,3.3417736655279594e-06,49.825880578593505,3.341773665570672e-06,0.4500000000013756,0.44999999999864554,49.82890468969816,49.879035555804876,0.4500000000000001,0.45,-1.380629386758143e-90,1.526963999029681e-14,49.939517777902445
88.0,1.17672086948488e-158,49.82739263414365,3.3417736655500446e-06,0.0,49.82739263414375,3.3417736656130714e-06,49.825880578591146,3.3417736655383276e-06,49.82588057859133,3.341773665628025e-06,0.45000000000170376,0.4499999999981881,49.82890468969615,49.879035555803455,0.4500000000000001,0.45,-6.171495758164742e-94,1.526963999029681e-14,49.93951777790173
89.0,3.198658956689277e-158,49.82739263414194,3.3417736655688262e-06,0.0,49.827392634141916,3.3417736656525355e-06,49.825880578589484,3.3417736655617683e-06,49.825880578589434,3.3417736656604494e-06,0.45000000000225776,0.4499999999975887,49.8289046896944,49.87903555580222,0.4500000000000001,0.45,1.952593834731586e-93,1.526963999029681e-14,49.9395177779011
90.0,8.69485651740623e-158,49.82739263414058,3.3417736655928176e-06,0.0,49.827392634140594,3.341773665681607e-06,49.82588057858809,3.3417736655870654e-06,49.82588057858811,3.3417736656987365e-06,0.45000000000233176,0.4499999999973797,49.82890468969307,49.87903555580127,0.45000000000000007,0.45,1.0802884136990763e-93,1.526963999029681e-14,49.93951777790063
91.0,2.3635070472324053e-157,49.82739263413951,3.341773665619034e-06,0.0,49.827392634139606,3.34177366577152e-06,49.825880578586954,3.3417736656062325e-06,49.82588057858718,3.3417736657462055e-06,0.45000000000386337,0.4499999999953586,49.82890468969206,49.879035555800556,0.45,0.45,-6.928400289134955e-94,1.526963999029681e-14,49.93951777790028
92.0,6.424678257926742e-157,49.82739263413864,3.34177366564449e-06,0.0,49.82739263413887,3.341773665812582e-06,49.82588057858604,3.341773665609783e-06,49.825880578586464,3.34177366580587e-06,0.4500000000037442,0.4499999999943689,49.82890468969127,49.8790355558,0.45,0.45,-8.25565683105635e-94,1.5269639990296808e-14,49.9395177779
93.0,1.7464086162218177e-156,49.82739263413738,3.3417736656011223e-06,0.0,49.827392634137404,3.3417736658100617e-06,49.82588057858487,3.3417736655985135e-06,49.8258805785849,3.341773665812136e-06,0.45000000000572443,0.449999999994071,49.82890468968991,49.879035555799035,0.45,0.45,-3.6903278752698914e-97,1.5269639990296808e-14,49.939517777899525
94.0,4.747230806540073e-156,49.827392634136395,3.3417736656097998e-06,0.0,49.82739263413626,3.3417736658048596e-06,49.82588057858395,3.341773665611414e-06,49.825880578583686,3.3417736658025684e-06,0.45000000000599194,0.4499999999951124,49.82890468968884,49.87903555579828,0.45,0.45,1.1675794231661128e-96,1.5269639990296808e-14,49.93951777789914
95.0,1.290431123691886e-155,49.827392634135855,3.3417736656390626e-06,0.0,49.827392634135705,3.341773665803785e-06,49.82588057858341,3.3417736656443333e-06,49.82588057858312,3.341773665803968e-06,0.4500000000049408,0.44999999999575335,49.8289046896883,49.87903555579791,0.45,0.45,6.459728083148374e-97,1.5269639990296808e-14,49.93951777789895
96.0,3.50775547440964e-155,49.8273926341355,3.341773665684629e-06,0.0,49.82739263413539,3.341773665789836e-06,49.825880578583025,3.3417736656852306e-06,49.825880578582805,3.341773665802772e-06,0.45000000000276064,0.44999999999689255,49.828904689687974,49.87903555579768,0.45,0.45,-4.1429289948384417e-97,1.5269639990296808e-14,49.93951777789884
97.0,9.535067964765462e-155,49.82739263413507,3.3417736657271384e-06,0.0,49.82739263413494,3.341773665806315e-06,49.8258805785826,3.341773665722962e-06,49.82588057858234,3.341773665785713e-06,0.45000000000174306,0.4499999999973268,49.82890468968755,49.87903555579737,0.45,0.45,-4.936579676329644e-97,1.5269639990296808e-14,49.93951777789868
98.0,2.5919001981743925e-154,49.8273926341345,3.341773665744494e-06,0.0,49.82739263413442,3.341773665762326e-06,49.825880578582,3.3417736657437424e-06,49.82588057858184,3.3417736657682098e-06,0.4500000000003827,0.4499999999993883,49.82890468968699,49.87903555579698,0.45,0.45,-2.2066805780394338e-100,1.5269639990296808e-14,49.939517777898494
99.0,7.04551520987685e-154,49.827392634134114,3.3417736657487585e-06,0.0,49.82739263413407,3.341773665748661e-06,49.825880578581604,3.3417736657614356e-06,49.825880578581504,3.341773665763082e-06,0.44999999999986573,0.4499999999998602,49.828904689686624,49.879035555796726,0.45,0.45,6.981696270634813e-100,1.5269639990296808e-14,49.93951777789836
100.0,1.9151695967140056e-153,49.82739263413385,3.3417736657837833e-06,0.0,49.82739263413376,3.3417736657628984e-06,49.82588057858135,3.3417736657843445e-06,49.82588057858117,3.341773665753489e-06,0.45000000000001467,0.4499999999988497,49.82890468968635,49.87903555579652,0.45,0.45,3.862680223083705e-100,1.5269639990296808e-14,49.93951777789826
101.0,5.205970713164919e-153,49.8273926341336,3.3417736658123677e-06,0.0,49.82739263413341,3.3417736657394077e-06,49.82588057858114,3.341773665816274e-06,49.82588057858078,3.3417736657294207e-06,0.4500000000008283,0.449999999996759,49.82890468968605,49.879035555796314,0.45,0.45,-2.477319430170577e-100,1.5269639990296808e-14,49.93951777789815
102.0,1.4151295589086178e-152,49.82739263413327,3.3417736658726942e-06,0.0,49.82739263413296,3.341773665703017e-06,49.82588057858089,3.3417736658613304e-06,49.825880578580275,3.3417736656814736e-06,0.45000000000287954,0.44999999999341567,49.828904689685665,49.87903555579604,0.44999999999999996,0.45,-2.951893398605871e-100,1.5269639990296808e-14,49.93951777789802
103.0,3.84672096489656e-152,49.82739263413309,3.3417736658966987e-06,0.0,49.82739263413302,3.341773665679056e-06,49.82588057858058,3.341773665891166e-06,49.825880578580446,3.3417736656710674e-06,0.45000000000575685,0.4499999999936178,49.8289046896856,49.879035555796,0.45,0.45,-1.31951396680092e-103,1.5269639990296808e-14,49.939517777898004
104.0,1.0456471698030763e-151,49.827392634132956,3.3417736659010296e-06,0.0,49.82739263413309,3.3417736656737325e-06,49.825880578580346,3.341773665892931e-06,49.825880578580595,3.3417736656856075e-06,0.45000000000695034,0.4499999999942727,49.82890468968557,49.87903555579598,0.45,0.45,4.1747980349967555e-103,1.5269639990296808e-14,49.939517777898
105.0,2.842363700655332e-151,49.827392634132764,3.341773665894951e-06,0.0,49.8273926341329,3.341773665676418e-06,49.825880578580154,3.3417736658832296e-06,49.825880578580396,3.3417736656940126e-06,0.45000000000644463,0.44999999999425594,49.82890468968539,49.87903555579585,0.45,0.45,2.309740954068218e-103,1.5269639990296808e-14,49.939517777897926
106.0,7.726345597362994e-151,49.82739263413254,3.3417736658860507e-06,0.0,49.82739263413257,3.3417736657195545e-06,49.82588057857997,3.3417736658686242e-06,49.82588057858005,3.3417736656983338e-06,0.4500000000046199,0.44999999999533336,49.82890468968512,49.87903555579565,0.45,0.45,-1.4813460637976508e-103,1.5269639990296808e-14,49.939517777897834
107.0,2.1002384837706373e-150,49.82739263413231,3.341773665881922e-06,0.0,49.8273926341323,3.341773665730046e-06,49.82588057857976,3.341773665855976e-06,49.82588057857975,3.341773665700615e-06,0.45000000000479906,0.44999999999632806,49.82890468968487,49.879035555795475,0.45,0.45,-1.7651238728119906e-103,1.5269639990296808e-14,49.93951777789774
108.0,5.709040105864101e-150,49.82739263413253,3.3417736658402414e-06,0.0,49.82739263413258,3.3417736657259085e-06,49.825880578579934,3.3417736658603792e-06,49.82588057858006,3.341773665728514e-06,0.45000000000320006,0.44999999999682316,49.8289046896851,49.879035555795646,0.45,0.45,-7.890209058397716e-107,1.5269639990296808e-14,49.93951777789783
109.0,1.5518779977714289e-149,49.82739263413262,3.341773665841739e-06,0.0,49.827392634132735,3.3417736657537645e-06,49.825880578580005,3.3417736658544136e-06,49.82588057858024,3.3417736657543697e-06,0.4500000000019442,0.44999999999703755,49.82890468968523,49.87903555579573,0.45,0.45,2.4963759461048713e-106,1.5269639990296808e-14,49.93951777789787
110.0,4.2184417613274815e-149,49.82739263413249,3.3417736658176528e-06,0.0,49.82739263413265,3.341773665751142e-06,49.82588057857984,3.341773665830652e-06,49.82588057858017,3.3417736657759423e-06,0.4500000000017496,0.4499999999980399,49.82890468968512,49.87903555579565,0.45000000000000007,0.45,1.3811402877777092e-106,1.5269639990296808e-14,49.939517777897834
111.0,1.1466913584229263e-148,49.82739263413234,3.341773665775906e-06,0.0,49.827392634132565,3.3417736657863058e-06,49.825880578579664,3.3417736657939168e-06,49.82588057858011,3.3417736658103e-06,0.45000000000074314,0.45000000000016294,49.828904689685,49.87903555579556,0.45000000000000007,0.45,-8.857905581352068e-107,1.5269639990296808e-14,49.939517777897784
112.0,3.1170302824520586e-148,49.827392634132394,3.341773665724419e-06,0.0,49.827392634132735,3.341773665837063e-06,49.82588057857966,3.341773665747512e-06,49.825880578580346,3.3417736658751125e-06,0.45000000000353674,0.4499999999972539,49.8289046896851,49.879035555795646,0.45,0.45,-1.0554792689478345e-106,1.5269639990296808e-14,49.93951777789782
113.0,8.472966775545996e-148,49.82739263413229,3.3417736657187426e-06,0.0,49.827392634132394,3.341773665908006e-06,49.82588057857968,3.341773665713455e-06,49.82588057857989,3.3417736658973603e-06,0.450000000005194,0.4499999999946379,49.8289046896849,49.8790355557955,0.45,0.45,-4.718055325792273e-110,1.5269639990296808e-14,49.93951777789775
114.0,2.3031911619103912e-147,49.827392634132174,3.341773665739827e-06,0.0,49.82739263413209,3.3417736659236433e-06,49.825880578579664,3.341773665707054e-06,49.8258805785795,3.3417736658914272e-06,0.45000000000501267,0.4499999999947603,49.8289046896847,49.879035555795355,0.45,0.45,1.492741160662177e-109,1.5269639990296808e-14,49.93951777789768
115.0,6.260722682888491e-147,49.82739263413226,3.341773665732813e-06,0.0,49.827392634132195,3.341773665936896e-06,49.825880578579735,3.3417736657136502e-06,49.82588057857961,3.3417736658975076e-06,0.45000000000560214,0.44999999999421925,49.8289046896848,49.87903555579542,0.45,0.45,8.258711831571161e-110,1.5269639990296808e-14,49.93951777789771
116.0,1.7018408701917146e-146,49.827392634132444,3.3417736657247942e-06,0.0,49.827392634132515,3.341773665898375e-06,49.825880578579856,3.341773665721596e-06,49.82588057857997,3.3417736659159285e-06,0.4500000000045752,0.4499999999948935,49.82890468968504,49.87903555579559,0.45,0.45,-5.2967023172830385e-110,1.5269639990296808e-14,49.939517777897805
117.0,4.626083112371067e-146,49.827392634132664,3.3417736657127088e-06,0.0,49.82739263413282,3.3417736659396183e-06,49.82588057858002,3.3417736657198476e-06,49.82588057858034,3.3417736659470125e-06,0.45000000000543133,0.44999999999277546,49.8289046896853,49.87903555579578,0.45,0.45,-6.311378506279916e-110,1.5269639990296808e-14,49.93951777789789
118.0,1.2574997661299532e-145,49.82739263413209,3.3417736656846326e-06,0.0,49.82739263413207,3.341773665915552e-06,49.82588057857955,3.3417736656930127e-06,49.82588057857951,3.3417736659213347e-06,0.4500000000062825,0.449999999993403,49.828904689684634,49.87903555579531,0.45,0.45,-2.8212238601635135e-113,1.5269639990296808e-14,49.939517777897656
119.0,3.418238763562552e-145,49.827392634131776,3.341773665683094e-06,0.0,49.827392634131606,3.3417736658963023e-06,49.8258805785793,3.3417736656936675e-06,49.82588057857897,3.341773665887279e-06,0.4500000000063942,0.44999999999450235,49.828904689684244,49.879035555795035,0.45,0.45,8.92604407685943e-113,1.5269639990296808e-14,49.939517777897514
120.0,9.291736316326398e-145,49.82739263413195,3.3417736657052786e-06,0.0,49.82739263413174,3.3417736658566036e-06,49.82588057857949,3.3417736657251762e-06,49.82588057857908,3.3417736658684684e-06,0.4500000000043137,0.4499999999958736,49.82890468968439,49.87903555579514,0.45,0.45,4.9384064544708855e-113,1.5269639990296808e-14,49.939517777897564
121.0,2.5257557983503036e-144,49.827392634132224,3.341773665765435e-06,0.0,49.827392634131996,3.3417736658523117e-06,49.82588057857976,3.341773665773077e-06,49.82588057857933,3.341773665843246e-06,0.4500000000016629,0.44999999999681733,49.82890468968467,49.87903555579533,0.45,0.45,-3.16723351589634e-113,1.5269639990296808e-14,49.93951777789766
122.0,6.865716089780698e-144,49.82739263413223,3.3417736658325847e-06,0.0,49.82739263413193,3.341773665803591e-06,49.82588057857981,3.341773665825016e-06,49.82588057857924,3.341773665790553e-06,0.449999999999157,0.44999999999754,49.82890468968464,49.87903555579531,0.45,0.45,-3.773972622809418e-113,1.5269639990296808e-14,49.939517777897656
123.0,1.8662951286209762e-143,49.827392634131996,3.34177366584871e-06,0.0,49.82739263413188,3.3417736657456672e-06,49.8258805785795,3.3417736658501238e-06,49.82588057857926,3.3417736657553416e-06,0.45000000000278634,0.44999999999703894,49.82890468968449,49.879035555795205,0.45,0.45,-1.6869882863913335e-116,1.5269639990296808e-14,49.939517777897606
124.0,5.073116134672037e-143,49.82739263413192,3.341773665845538e-06,0.0,49.82739263413194,3.3417736657322617e-06,49.82588057857935,3.3417736658570152e-06,49.825880578579394,3.341773665747527e-06,0.4500000000038429,0.4499999999975247,49.828904689684485,49.879035555795205,0.45,0.45,5.337446635873043e-116,1.5269639990296808e-14,49.939517777897606
125.0,1.3790159402541388e-142,49.82739263413187,3.341773665883636e-06,0.0,49.82739263413185,3.3417736657493993e-06,49.82588057857932,3.341773665863467e-06,49.82588057857928,3.341773665733516e-06,0.45000000000385026,0.44999999999636303,49.82890468968442,49.87903555579516,0.45,0.45,2.9529857448635177e-116,1.5269639990296808e-14,49.939517777897585
126.0,3.74855397154819e-142,49.82739263413179,3.3417736659038307e-06,0.0,49.82739263413163,3.341773665746055e-06,49.825880578579316,3.3417736658775816e-06,49.825880578578996,3.341773665704454e-06,0.45000000000382856,0.4499999999950286,49.82890468968428,49.879035555795056,0.45,0.45,-1.8938893566827672e-116,1.5269639990296808e-14,49.93951777789753
127.0,1.018962614385743e-141,49.827392634131606,3.3417736659223287e-06,0.0,49.8273926341313,3.34177366568628e-06,49.825880578579216,3.341773665906854e-06,49.8258805785786,3.3417736656517813e-06,0.45000000000647994,0.44999999999331425,49.828904689684016,49.87903555579487,0.45,0.45,-2.256697066028687e-116,1.5269639990296808e-14,49.93951777789744
128.0,2.769827558563886e-141,49.827392634131975,3.3417736659372297e-06,0.0,49.82739263413193,3.3417736656551232e-06,49.82588057857944,3.3417736659431246e-06,49.82588057857935,3.3417736656579727e-06,0.45000000000787693,0.4499999999921423,49.828904689684514,49.87903555579522,0.45,0.45,-1.0087570570370266e-119,1.5269639990296808e-14,49.93951777789762
129.0,7.529171920409294e-141,49.82739263413221,3.3417736659473056e-06,0.0,49.827392634132394,3.3417736656586274e-06,49.825880578579564,3.3417736659440436e-06,49.8258805785799,3.3417736656854174e-06,0.4500000000077166,0.4499999999916155,49.82890468968486,49.87903555579547,0.45,0.45,3.1915971224749697e-119,1.5269639990296808e-14,49.93951777789774
130.0,2.0466411214592676e-140,49.82739263413209,3.341773665919548e-06,0.0,49.82739263413229,3.341773665689109e-06,49.82588057857943,3.3417736659189096e-06,49.82588057857981,3.341773665700335e-06,0.45000000000619184,0.4499999999933391,49.82890468968475,49.87903555579539,0.45,0.45,1.765777055768966e-119,1.5269639990296808e-14,49.93951777789769
131.0,5.563347369839769e-140,49.82739263413188,3.341773665882129e-06,0.0,49.827392634132025,3.341773665735582e-06,49.825880578579245,3.3417736658811756e-06,49.82588057857955,3.3417736657182285e-06,0.4500000000041739,0.4499999999960002,49.828904689684514,49.87903555579522,0.45,0.45,-1.1324763006433424e-119,1.5269639990296808e-14,49.93951777789761
132.0,1.5122746060840867e-139,49.82739263413182,3.3417736658632142e-06,0.0,49.82739263413198,3.3417736657870634e-06,49.82588057857919,3.3417736658446e-06,49.82588057857953,3.3417736657539987e-06,0.4500000000025337,0.4499999999982862,49.828904689684464,49.87903555579519,0.45,0.45,-1.3494219902502883e-119,1.5269639990296808e-14,49.93951777789759
133.0,4.110788581358434e-139,49.82739263413202,3.3417736658337074e-06,0.0,49.82739263413214,3.3417736657708394e-06,49.82588057857941,3.341773665827065e-06,49.82588057857963,3.341773665787223e-06,0.45000000000179685,0.4499999999982902,49.828904689684634,49.87903555579531,0.45,0.45,-6.031996833232318e-123,1.5269639990296808e-14,49.939517777897656
134.0,1.1174281901343569e-138,49.82739263413208,3.3417736658031787e-06,0.0,49.82739263413216,3.341773665774681e-06,49.82588057857949,3.341773665814038e-06,49.82588057857963,3.3417736658047245e-06,0.4500000000007322,0.4499999999991426,49.82890468968468,49.87903555579534,0.45,0.45,1.9084578988990107e-122,1.5269639990296808e-14,49.93951777789767
135.0,3.037484743850101e-138,49.82739263413208,3.3417736657626723e-06,0.0,49.82739263413222,3.341773665791082e-06,49.82588057857945,3.3417736657929202e-06,49.825880578579714,3.3417736658285304e-06,0.4500000000010811,0.4499999999994966,49.8289046896847,49.87903555579536,0.45,0.45,1.0558698483734731e-122,1.5269639990296808e-14,49.93951777789768
136.0,8.256739583429307e-138,49.82739263413211,3.3417736657344546e-06,0.0,49.82739263413238,3.34177366582752e-06,49.82588057857942,3.3417736657589974e-06,49.82588057857994,3.341773665872174e-06,0.4500000000034223,0.44999999999823165,49.82890468968479,49.879035555795426,0.45,0.45,-6.771792486148132e-123,1.5269639990296808e-14,49.93951777789771
137.0,2.2444145171954393e-137,49.82739263413229,3.3417736656654066e-06,0.0,49.82739263413272,3.341773665891459e-06,49.825880578579515,3.3417736657057504e-06,49.82588057858037,3.3417736659479904e-06,0.4500000000075848,0.44999999999497675,49.82890468968505,49.8790355557956,0.45,0.45,-8.069048057808175e-123,1.5269639990296808e-14,49.939517777897805
138.0,6.100951197622043e-137,49.82739263413207,3.3417736656435634e-06,0.0,49.82739263413217,3.341773665950883e-06,49.82588057857946,3.3417736656589484e-06,49.82588057857966,3.3417736659596646e-06,0.4500000000089948,0.44999999999185397,49.82890468968468,49.87903555579534,0.45,0.45,-3.6069126399016904e-126,1.5269639990296808e-14,49.93951777789767
139.0,1.658410477681145e-136,49.82739263413192,3.3417736656670024e-06,0.0,49.82739263413175,3.3417736659762597e-06,49.82588057857944,3.3417736656541093e-06,49.82588057857912,3.3417736659396454e-06,0.45000000000861085,0.44999999999136175,49.8289046896844,49.87903555579514,0.45,0.45,1.1411877540012594e-125,1.5269639990296808e-14,49.93951777789757
140.0,4.5080270656067416e-136,49.82739263413205,3.341773665683119e-06,0.0,49.8273926341319,3.3417736659472674e-06,49.82588057857957,3.34177366567139e-06,49.825880578579266,3.341773665935236e-06,0.4500000000076749,0.44999999999294193,49.828904689684535,49.879035555795234,0.45,0.45,6.313714027844776e-126,1.5269639990296808e-14,49.93951777789762
141.0,1.2254088054640359e-135,49.82739263413228,3.341773665679476e-06,0.0,49.82739263413226,3.341773665900511e-06,49.825880578579735,3.341773665694015e-06,49.82588057857967,3.341773665937433e-06,0.45000000000700613,0.44999999999467777,49.828904689684826,49.87903555579545,0.45,0.45,-4.049283278550675e-126,1.5269639990296808e-14,49.93951777789771
142.0,3.331006488326594e-135,49.827392634132416,3.3417736656888703e-06,0.0,49.82739263413247,3.3417736658876715e-06,49.82588057857983,3.341773665705806e-06,49.82588057857992,3.3417736659384325e-06,0.4500000000065818,0.44999999999549367,49.828904689685004,49.879035555795575,0.45,0.45,-4.824994481319334e-126,1.5269639990296808e-14,49.939517777897784
143.0,9.054614407697357e-135,49.82739263413206,3.3417736657132746e-06,0.0,49.82739263413199,3.341773665904661e-06,49.82588057857955,3.341773665699857e-06,49.825880578579394,3.341773665906302e-06,0.4500000000054863,0.4499999999948114,49.828904689684585,49.87903555579527,0.45,0.45,-2.1568013299004635e-129,1.5269639990296808e-14,49.93951777789764
144.0,2.4612993808147187e-134,49.827392634131925,3.3417736657112087e-06,0.0,49.82739263413175,3.341773665893806e-06,49.825880578579465,3.3417736657141665e-06,49.82588057857912,3.341773665876077e-06,0.4500000000044813,0.4499999999942969,49.82890468968439,49.879035555795134,0.45,0.45,6.823883778796283e-129,1.5269639990296808e-14,49.939517777897564
145.0,6.690505381266149e-134,49.82739263413206,3.3417736657708584e-06,0.0,49.827392634131826,3.3417736658679182e-06,49.82588057857962,3.341773665751133e-06,49.82588057857916,3.3417736658486465e-06,0.4500000000015799,0.44999999999616624,49.82890468968451,49.87903555579521,0.45,0.45,3.7753691789546665e-129,1.5269639990296808e-14,49.939517777897606
146.0,1.818667920110323e-133,49.82739263413222,3.341773665835584e-06,0.0,49.827392634131904,3.3417736658161777e-06,49.825880578579806,3.3417736658070505e-06,49.825880578579195,3.3417736658036873e-06,0.44999999999881557,0.4499999999977332,49.82890468968463,49.879035555795305,0.45,0.45,-2.4213227300564617e-129,1.5269639990296808e-14,49.939517777897656
147.0,4.943651959237298e-133,49.82739263413214,3.341773665909041e-06,0.0,49.827392634131684,3.341773665742839e-06,49.825880578579806,3.341773665878205e-06,49.82588057857889,3.3417736657202766e-06,0.4500000000019012,0.4499999999926315,49.82890468968448,49.879035555795205,0.45,0.45,-2.8851695488681498e-129,1.5269639990296808e-14,49.9395177778976
148.0,1.3438239287020703e-132,49.82739263413199,3.341773665929986e-06,0.0,49.82739263413184,3.3417736657000228e-06,49.82588057857951,3.341773665918891e-06,49.825880578579216,3.34177366568176e-06,0.4500000000060925,0.44999999999326645,49.82890468968448,49.879035555795205,0.45,0.45,-1.2896880077438291e-132,1.5269639990296808e-14,49.9395177778976
149.0,3.652892166039281e-132,49.82739263413198,3.3417736659217175e-06,0.0,49.82739263413208,3.3417736656825527e-06,49.82588057857937,3.341773665925025e-06,49.825880578579586,3.3417736656849075e-06,0.4500000000078559,0.44999999999451634,49.82890468968459,49.879035555795284,0.45,0.45,4.0804319590054015e-132,1.5269639990296808e-14,49.93951777789765
150.0,9.92959039626498e-132,49.82739263413194,3.341773665937996e-06,0.0,49.827392634132,3.341773665691097e-06,49.82588057857935,3.341773665923891e-06,49.82588057857947,3.3417736656781833e-06,0.45000000000737445,0.4499999999936037,49.828904689684535,49.879035555795234,0.45,0.45,2.2575321553275272e-132,1.5269639990296808e-14,49.93951777789762
151.0,2.6991425138208545e-131,49.827392634131805,3.3417736659511396e-06,0.0,49.82739263413169,3.3417736656798375e-06,49.82588057857931,3.341773665925833e-06,49.825880578579074,3.341773665654646e-06,0.45000000000681933,0.44999999999168744,49.828904689684315,49.87903555579508,0.45,0.45,-1.4478620930632928e-132,1.5269639990296808e-14,49.93951777789754
152.0,7.337030047740495e-131,49.82739263413152,3.341773665918389e-06,0.0,49.82739263413123,3.341773665618025e-06,49.82588057857911,3.3417736659411934e-06,49.825880578578555,3.341773665607052e-06,0.4500000000075203,0.44999999999076734,49.82890468968392,49.8790355557948,0.45,0.45,-1.7252254604529017e-132,1.5269639990296808e-14,49.93951777789741
153.0,1.994411545363099e-130,49.827392634131975,3.341773665962679e-06,0.0,49.82739263413198,3.3417736656175205e-06,49.82588057857942,3.341773665973179e-06,49.82588057857943,3.3417736656278437e-06,0.45000000000957996,0.4499999999903286,49.82890468968453,49.879035555795234,0.45,0.45,-7.711860773923727e-136,1.5269639990296808e-14,49.93951777789762
154.0,5.421372662229435e-130,49.82739263413228,3.3417736659764714e-06,0.0,49.82739263413252,3.3417736656598077e-06,49.8258805785796,3.3417736659682764e-06,49.82588057858007,3.3417736656685614e-06,0.4500000000089349,0.44999999999127305,49.82890468968497,49.87903555579555,0.45,0.45,2.4399484973399045e-135,1.5269639990296808e-14,49.939517777897784
155.0,1.4736818793042912e-129,49.827392634132124,3.3417736659509736e-06,0.0,49.8273926341324,3.3417736657193084e-06,49.82588057857942,3.341773665929163e-06,49.825880578579984,3.3417736656961548e-06,0.4500000000065868,0.4499999999936657,49.82890468968484,49.87903555579545,0.45,0.45,1.3499213429919648e-135,1.5269639990296808e-14,49.93951777789773
156.0,4.00588267344223e-129,49.82739263413189,3.341773665843474e-06,0.0,49.82739263413216,3.3417736657314528e-06,49.82588057857918,3.341773665870255e-06,49.82588057857975,3.341773665734585e-06,0.4500000000033641,0.4499999999971161,49.82890468968457,49.87903555579527,0.45,0.45,-8.657683730097734e-136,1.5269639990296808e-14,49.93951777789764
157.0,1.0889118078156953e-128,49.8273926341319,3.341773665777108e-06,0.0,49.827392634132266,3.3417736657824365e-06,49.82588057857916,3.3417736658059777e-06,49.8258805785799,3.341773665807221e-06,0.45000000000081297,0.4500000000005159,49.82890468968463,49.879035555795305,0.45,0.45,-1.0316214832389078e-135,1.5269639990296808e-14,49.939517777897656
158.0,2.959969179979893e-128,49.82739263413207,3.3417736657719477e-06,0.0,49.82739263413223,3.341773665859495e-06,49.82588057857942,3.341773665768988e-06,49.82588057857976,3.341773665850754e-06,0.45000000000251567,0.44999999999763257,49.82890468968471,49.87903555579537,0.45,0.45,-4.611409599779539e-139,1.5269639990296808e-14,49.939517777897684
159.0,8.046030434738164e-128,49.82739263413207,3.3417736657458794e-06,0.0,49.82739263413208,3.3417736658439616e-06,49.8258805785795,3.3417736657513496e-06,49.82588057857953,3.3417736658619437e-06,0.4500000000026791,0.44999999999720847,49.828904689684634,49.879035555795305,0.45,0.45,1.4589996180488882e-138,1.5269639990296808e-14,49.939517777897656
160.0,2.1871378321977183e-127,49.827392634132096,3.3417736657189294e-06,0.0,49.82739263413218,3.3417736658747297e-06,49.82588057857949,3.3417736657331083e-06,49.82588057857966,3.3417736658864517e-06,0.45000000000496587,0.44999999999627593,49.8289046896847,49.879035555795355,0.45,0.45,8.072034003867548e-139,1.5269639990296808e-14,49.93951777789767
161.0,5.945257025598367e-127,49.827392634132245,3.3417736657034037e-06,0.0,49.82739263413253,3.3417736659353556e-06,49.82588057857955,3.3417736657039784e-06,49.825880578580104,3.3417736659374313e-06,0.45000000000784635,0.44999999999490914,49.828904689684954,49.87903555579554,0.45,0.45,-5.176977001429296e-139,1.5269639990296808e-14,49.93951777789776
162.0,1.6160884138202514e-126,49.82739263413263,3.3417736656663697e-06,0.0,49.82739263413312,3.3417736660244783e-06,49.825880578579806,3.3417736656536765e-06,49.825880578580794,3.3417736660259195e-06,0.4500000000114734,0.4499999999914998,49.82890468968546,49.879035555795895,0.45,0.45,-6.1687177071874196e-139,1.5269639990296808e-14,49.93951777789795
163.0,4.3929837684707903e-126,49.82739263413215,3.3417736655845493e-06,0.0,49.827392634132224,3.341773666023954e-06,49.82588057857954,3.3417736655952935e-06,49.8258805785797,3.3417736660206302e-06,0.45000000001256873,0.4499999999880608,49.82890468968475,49.87903555579538,0.45,0.45,-2.7574536315349038e-142,1.5269639990296808e-14,49.93951777789769
164.0,1.1941367950549687e-125,49.82739263413182,3.341773665550534e-06,0.0,49.827392634131556,3.341773665954897e-06,49.82588057857939,3.3417736655918084e-06,49.82588057857889,3.341773665980209e-06,0.4500000000112847,0.4499999999887313,49.82890468968422,49.87903555579502,0.45,0.45,8.724282040331625e-142,1.5269639990296808e-14,49.939517777897514
165.0,3.2460003506922445e-125,49.82739263413204,3.3417736656167823e-06,0.0,49.82739263413176,3.341773665949115e-06,49.82588057857961,3.341773665628011e-06,49.825880578579074,3.341773665961885e-06,0.45000000000960183,0.4499999999910661,49.82890468968445,49.879035555795184,0.45,0.45,4.82677996743166e-142,1.5269639990296808e-14,49.93951777789759
166.0,8.823543768458417e-125,49.82739263413244,3.3417736657153426e-06,0.0,49.82739263413226,3.341773665964386e-06,49.825880578579955,3.34177366568277e-06,49.8258805785796,3.3417736659461057e-06,0.4500000000074206,0.44999999999353,49.828904689684926,49.879035555795525,0.45,0.45,-3.0956421727634197e-142,1.5269639990296808e-14,49.939517777897755
167.0,2.398487868841356e-124,49.82739263413263,3.3417736658234977e-06,0.0,49.82739263413247,3.3417736659584894e-06,49.825880578580154,3.341773665734358e-06,49.825880578579806,3.3417736659121118e-06,0.45000000000337936,0.4499999999958503,49.82890468968515,49.87903555579568,0.45,0.45,-3.6886667027822615e-142,1.5269639990296808e-14,49.93951777789784
168.0,6.519765989650919e-124,49.827392634132146,3.3417736657709724e-06,0.0,49.827392634131996,3.3417736658861426e-06,49.82588057857966,3.3417736657462106e-06,49.825880578579365,3.341773665859439e-06,0.45000000000347856,0.4499999999970549,49.82890468968464,49.87903555579531,0.45,0.45,-1.6488560310127876e-145,1.5269639990296808e-14,49.939517777897656
169.0,1.77225614154734e-123,49.82739263413191,3.3417736657307633e-06,0.0,49.82739263413177,3.341773665826248e-06,49.82588057857942,3.3417736657614627e-06,49.82588057857916,3.3417736658259067e-06,0.45000000000318063,0.4499999999978549,49.828904689684386,49.87903555579514,0.45,0.45,5.21680034577773e-145,1.5269639990296808e-14,49.939517777897564
170.0,4.8174916649430756e-123,49.82739263413197,3.3417736658016464e-06,0.0,49.82739263413175,3.3417736658000476e-06,49.82588057857953,3.341773665797873e-06,49.82588057857909,3.341773665791733e-06,0.4499999999997173,0.44999999999962825,49.828904689684414,49.879035555795156,0.45,0.45,2.8862372040110334e-145,1.5269639990296808e-14,49.93951777789758
171.0,1.3095300051567673e-122,49.827392634132046,3.341773665897936e-06,0.0,49.82739263413166,3.3417736657628277e-06,49.82588057857969,3.3417736658574705e-06,49.82588057857891,3.341773665732456e-06,0.4500000000027852,0.4499999999952495,49.82890468968442,49.87903555579516,0.45,0.45,-1.8510803619850184e-145,1.5269639990296808e-14,49.939517777897585
172.0,3.5596716168395207e-122,49.82739263413188,3.3417736659490225e-06,0.0,49.82739263413124,3.34177366566988e-06,49.82588057857963,3.3417736659416774e-06,49.82588057857839,3.34177366562391e-06,0.4500000000076214,0.4499999999920523,49.82890468968412,49.87903555579495,0.45,0.45,-2.2056872578826142e-145,1.5269639990296808e-14,49.939517777897485
173.0,9.676190671336297e-122,49.82739263413199,3.3417736659991774e-06,0.0,49.827392634131826,3.3417736656050183e-06,49.82588057857951,3.341773666003121e-06,49.825880578579195,3.3417736655944977e-06,0.45000000001079726,0.44999999998881296,49.828904689684464,49.87903555579519,0.45,0.45,-9.859553683557162e-149,1.5269639990296808e-14,49.93951777789759
174.0,2.6302613270598386e-121,49.827392634132096,3.3417736660039475e-06,0.0,49.827392634132316,3.3417736655934376e-06,49.82588057857943,3.341773666008177e-06,49.825880578579856,3.3417736656154863e-06,0.45000000001064405,0.4499999999877478,49.82890468968476,49.8790355557954,0.45,0.45,3.1194550705558856e-148,1.5269639990296808e-14,49.93951777789769
175.0,7.1497915694453335e-121,49.82739263413193,3.3417736660001494e-06,0.0,49.827392634132124,3.341773665620745e-06,49.82588057857928,3.3417736659885285e-06,49.82588057857966,3.3417736656187398e-06,0.4500000000098794,0.4499999999887181,49.82890468968459,49.87903555579528,0.45,0.45,1.7258638790281335e-148,1.5269639990296808e-14,49.93951777789764
176.0,1.943514850049293e-120,49.82739263413165,3.341773665974496e-06,0.0,49.827392634131634,3.341773665643288e-06,49.8258805785791,3.341773665964252e-06,49.82588057857909,3.34177366560884e-06,0.45000000000904633,0.4499999999905731,49.8289046896842,49.879035555795014,0.45,0.45,-1.1068780935567473e-148,1.5269639990296808e-14,49.93951777789751
177.0,5.283021100229299e-120,49.8273926341314,3.3417736659438514e-06,0.0,49.82739263413125,3.3417736656174074e-06,49.82588057857892,3.3417736659542152e-06,49.82588057857864,3.341773665590068e-06,0.4500000000095286,0.4499999999913212,49.828904689683874,49.87903555579478,0.45000000000000007,0.45,-1.318919997816534e-148,1.5269639990296808e-14,49.93951777789739
178.0,1.4360740256119015e-119,49.827392634131996,3.3417736659769284e-06,0.0,49.82739263413208,3.3417736656296072e-06,49.8258805785794,3.3417736659723125e-06,49.82588057857957,3.341773665633692e-06,0.4500000000096979,0.44999999999032586,49.8289046896846,49.87903555579529,0.45,0.45,-5.895651106629365e-152,1.5269639990296808e-14,49.93951777789765
179.0,3.9036539281428613e-119,49.82739263413231,3.341773665966792e-06,0.0,49.82739263413258,3.3417736656554146e-06,49.825880578579614,3.341773665958178e-06,49.82588057858014,3.341773665682037e-06,0.45000000000837304,0.44999999999100593,49.82890468968501,49.879035555795575,0.45,0.45,1.8653196005692004e-151,1.5269639990296808e-14,49.939517777897784
180.0,1.061123153746351e-118,49.827392634132174,3.3417736659297046e-06,0.0,49.827392634132515,3.3417736657321287e-06,49.825880578579444,3.3417736659098256e-06,49.825880578580126,3.341773665722505e-06,0.45000000000540263,0.44999999999438267,49.82890468968491,49.8790355557955,0.45,0.45,1.0320032341071328e-151,1.5269639990296808e-14,49.93951777789775
181.0,2.88443178658586e-118,49.827392634132,3.3417736658354036e-06,0.0,49.82739263413242,3.34177366578611e-06,49.82588057857924,3.3417736658365158e-06,49.82588057858009,3.3417736657873044e-06,0.4500000000017617,0.44999999999901213,49.82890468968477,49.8790355557954,0.45,0.45,-6.618724606231114e-152,1.5269639990296808e-14,49.939517777897706
182.0,7.840698510906001e-118,49.82739263413223,3.3417736657290057e-06,0.0,49.82739263413285,3.3417736658944947e-06,49.825880578579365,3.3417736657490134e-06,49.82588057858061,3.3417736659098434e-06,0.4500000000055526,0.44999999999632245,49.82890468968509,49.87903555579563,0.45000000000000007,0.45,-7.886657341955062e-152,1.5269639990296808e-14,49.93951777789782
183.0,2.131322828462168e-117,49.82739263413207,3.34177366567587e-06,0.0,49.827392634132295,3.3417736659392325e-06,49.82588057857941,3.3417736656787567e-06,49.82588057857984,3.3417736659541204e-06,0.45000000000711643,0.4499999999924272,49.828904689684734,49.879035555795376,0.45,0.45,-3.525382901362173e-155,1.5269639990296808e-14,49.93951777789769
184.0,5.793536115188646e-117,49.82739263413184,3.3417736656950367e-06,0.0,49.827392634131755,3.3417736659424122e-06,49.825880578579344,3.3417736656557483e-06,49.825880578579145,3.341773665946074e-06,0.4500000000060626,0.4499999999922652,49.82890468968436,49.87903555579511,0.45,0.45,1.1153926354339415e-154,1.5269639990296808e-14,49.93951777789756
185.0,1.5748463944438508e-116,49.82739263413201,3.341773665671505e-06,0.0,49.82739263413198,3.3417736659726407e-06,49.82588057857947,3.341773665654718e-06,49.825880578579415,3.3417736659661105e-06,0.45000000000777846,0.44999999999098245,49.828904689684556,49.87903555579525,0.45,0.45,6.171000437221886e-155,1.5269639990296808e-14,49.93951777789763
186.0,4.280876336630965e-116,49.8273926341324,3.341773665683785e-06,0.0,49.827392634132636,3.341773666040978e-06,49.82588057857973,3.341773665650002e-06,49.8258805785802,3.3417736660184152e-06,0.45000000000932167,0.44999999998939916,49.828904689685096,49.87903555579563,0.45,0.45,-3.957754306287657e-155,1.5269639990296808e-14,49.93951777789782
187.0,1.1636628355744278e-115,49.82739263413289,3.3417736656897677e-06,0.0,49.827392634133375,3.3417736661584857e-06,49.82588057858007,3.3417736656174447e-06,49.825880578581035,3.3417736661062716e-06,0.45000000001111456,0.4499999999849716,49.82890468968573,49.87903555579608,0.45,0.45,-4.7159315297621004e-155,1.5269639990296808e-14,49.93951777789804
188.0,3.1631635403950934e-115,49.82739263413198,3.3417736655774643e-06,0.0,49.82739263413201,3.3417736661064868e-06,49.825880578579415,3.341773665552007e-06,49.825880578579465,3.341773666076213e-06,0.4500000000145289,0.4499999999850226,49.82890468968456,49.87903555579526,0.45,0.45,-2.108049539639586e-158,1.5269639990296808e-14,49.939517777897635
189.0,8.59836997230016e-115,49.827392634131456,3.3417736655268727e-06,0.0,49.827392634131115,3.341773666011431e-06,49.82588057857908,3.3417736655507468e-06,49.8258805785784,3.34177366601533e-06,0.4500000000148097,0.44999999998778334,49.82890468968383,49.87903555579474,0.45,0.45,6.669638440509206e-158,1.5269639990296808e-14,49.93951777789737
190.0,2.3372792850071433e-114,49.827392634131776,3.341773665571581e-06,0.0,49.82739263413138,3.341773665959201e-06,49.82588057857942,3.3417736656061177e-06,49.82588057857863,3.341773665982504e-06,0.45000000001155277,0.44999999998993306,49.82890468968412,49.87903555579495,0.45,0.45,3.690031691529093e-158,1.5269639990296808e-14,49.939517777897485
191.0,6.353383808468667e-114,49.82739263413232,3.3417736656704295e-06,0.0,49.82739263413197,3.3417736659181253e-06,49.825880578579934,3.341773665691245e-06,49.82588057857923,3.3417736659426757e-06,0.4500000000063436,0.4499999999925283,49.8289046896847,49.87903555579536,0.45,0.45,-2.3665917651534293e-158,1.5269639990296808e-14,49.939517777897684
192.0,1.72702877557863e-113,49.8273926341325,3.3417736657521013e-06,0.0,49.82739263413207,3.3417736658113034e-06,49.82588057858015,3.3417736657798632e-06,49.82588057857928,3.341773665860489e-06,0.45000000000034773,0.4499999999970458,49.82890468968484,49.879035555795454,0.45,0.45,-2.819953908111913e-158,1.5269639990296808e-14,49.93951777789772
193.0,4.6945509378812646e-113,49.82739263413198,3.3417736658284486e-06,0.0,49.82739263413175,3.3417736657947676e-06,49.82588057857955,3.341773665815622e-06,49.82588057857908,3.341773665786142e-06,0.4500000000008187,0.4499999999989402,49.82890468968443,49.87903555579516,0.45,0.45,-1.2605362271036802e-161,1.5269639990296808e-14,49.939517777897585
194.0,1.276111250721801e-112,49.82739263413185,3.3417736658813784e-06,0.0,49.827392634131776,3.3417736657884784e-06,49.82588057857934,3.341773665838433e-06,49.82588057857919,3.3417736657577163e-06,0.4500000000026181,0.44999999999743656,49.82890468968438,49.87903555579513,0.45,0.45,3.988198909871227e-161,1.5269639990296808e-14,49.939517777897564
195.0,3.468830023929216e-112,49.82739263413195,3.3417736658806153e-06,0.0,49.827392634131755,3.34177366573434e-06,49.82588057857949,3.3417736658783355e-06,49.82588057857911,3.341773665721436e-06,0.4500000000031694,0.44999999999501095,49.82890468968441,49.879035555795156,0.45,0.45,2.2065034710371855e-161,1.5269639990296808e-14,49.93951777789758
196.0,9.429257620059944e-112,49.827392634131925,3.3417736659048904e-06,0.0,49.82739263413145,3.341773665656307e-06,49.8258805785796,3.3417736659398195e-06,49.825880578578676,3.3417736656473377e-06,0.4500000000048249,0.44999999999095996,49.82890468968423,49.87903555579503,0.45,0.45,-1.4151349855142404e-161,1.5269639990296808e-14,49.939517777897514
197.0,2.563137964446793e-111,49.827392634131414,3.3417736659877006e-06,0.0,49.82739263413062,3.3417736655180326e-06,49.825880578579266,3.341773666028282e-06,49.825880578577696,3.3417736655051556e-06,0.45000000001035634,0.4499999999841603,49.82890468968354,49.87903555579453,0.45,0.45,-1.6862289016914705e-161,1.5269639990296808e-14,49.93951777789727
198.0,6.967331352589223e-111,49.82739263413182,3.3417736661010742e-06,0.0,49.82739263413166,3.3417736655012394e-06,49.82588057857934,3.341773666108799e-06,49.82588057857904,3.341773665489763e-06,0.45000000001625734,0.4499999999828013,49.82890468968429,49.87903555579506,0.45,0.45,-7.537543828840031e-165,1.5269639990296808e-14,49.939517777897535
199.0,1.893917020859627e-110,49.827392634132195,3.3417736661434754e-06,0.0,49.82739263413255,3.341773665568723e-06,49.82588057857944,3.3417736661126405e-06,49.82588057858016,3.341773665539394e-06,0.45000000001643886,0.44999999998438195,49.828904689684954,49.87903555579553,0.45,0.45,2.3847965203156333e-164,1.5269639990296808e-14,49.93951777789777
200.0,5.148200222412014e-110,49.82739263413196,3.341773666080991e-06,0.0,49.82739263413232,3.341773665583571e-06,49.82588057857921,3.3417736660686096e-06,49.82588057857994,3.341773665561551e-06,0.4500000000136909,0.4499999999859471,49.82890468968471,49.87903555579537,0.45,0.45,1.3194080633164172e-164,1.5269639990296808e-14,49.939517777897684
201.0,1.3994259113851393e-109,49.827392634131535,3.3417736659996712e-06,0.0,49.827392634131705,3.3417736656097595e-06,49.825880578578875,3.3417736660048636e-06,49.82588057857925,3.3417736655771822e-06,0.4500000000104443,0.4499999999886967,49.82890468968418,49.879035555794985,0.45,0.45,-8.461987642788388e-165,1.5269639990296808e-14,49.93951777789749
202.0,3.804034025192962e-109,49.82739263413131,3.3417736659403353e-06,0.0,49.82739263413141,3.3417736656358884e-06,49.8258805785787,3.3417736659507555e-06,49.825880578578925,3.3417736656066408e-06,0.4500000000099705,0.44999999999299006,49.82890468968391,49.8790355557948,0.45,0.45,-1.0083029728673329e-164,1.5269639990296808e-14,49.93951777789739
203.0,1.0340436565521946e-108,49.827392634131925,3.341773665962484e-06,0.0,49.82739263413212,3.341773665685809e-06,49.825880578579266,3.341773665940448e-06,49.825880578579635,3.3417736656711347e-06,0.45000000000795587,0.4499999999925242,49.82890468968459,49.87903555579527,0.45,0.45,-4.507174466712877e-168,1.5269639990296808e-14,49.93951777789764
204.0,2.8108220814391767e-108,49.8273926341322,3.3417736659479645e-06,0.0,49.82739263413246,3.341773665735492e-06,49.82588057857951,3.3417736659134763e-06,49.825880578580005,3.3417736657226936e-06,0.4500000000046801,0.4499999999928296,49.828904689684904,49.87903555579549,0.45,0.45,1.4260207607079969e-167,1.5269639990296808e-14,49.93951777789775
205.0,7.640606587007544e-108,49.827392634132075,3.341773665867904e-06,0.0,49.827392634132465,3.3417736657797332e-06,49.825880578579316,3.3417736658520406e-06,49.82588057858009,3.3417736657784724e-06,0.4500000000019466,0.44999999999702867,49.82890468968484,49.87903555579545,0.45,0.45,7.88957579444021e-168,1.5269639990296808e-14,49.93951777789772
206.0,2.0769322043867094e-107,49.827392634131925,3.341773665753386e-06,0.0,49.82739263413253,3.341773665866697e-06,49.82588057857907,3.341773665756966e-06,49.82588057858027,3.341773665871987e-06,0.4500000000042535,0.44999999999793333,49.828904689684784,49.87903555579541,0.45,0.45,-5.059957926252658e-168,1.5269639990296808e-14,49.939517777897706
207.0,5.64568707012578e-107,49.82739263413212,3.3417736656656387e-06,0.0,49.82739263413304,3.3417736660596204e-06,49.825880578579095,3.341773665628171e-06,49.82588057858094,3.341773666037646e-06,0.4500000000132146,0.44999999999123996,49.82890468968515,49.879035555795674,0.45,0.45,-6.029281576619025e-168,1.5269639990296808e-14,49.93951777789784
208.0,1.5346568571889096e-106,49.82739263413204,3.341773665570504e-06,0.0,49.8273926341323,3.3417736660941286e-06,49.82588057857936,3.3417736655406294e-06,49.82588057857986,3.341773666091885e-06,0.45000000001508134,0.4499999999858759,49.828904689684734,49.879035555795376,0.45,0.45,-2.6951248489820856e-171,1.5269639990296808e-14,49.939517777897684
209.0,4.1716298478166806e-106,49.82739263413194,3.341773665498492e-06,0.0,49.82739263413167,3.3417736660406422e-06,49.82588057857952,3.3417736655317304e-06,49.825880578578975,3.3417736660707043e-06,0.45000000001460017,0.4499999999843616,49.82890468968435,49.879035555795106,0.45,0.45,8.527080581709535e-171,1.5269639990296808e-14,49.93951777789756
210.0,1.1339665610377456e-105,49.827392634132124,3.3417736655471744e-06,0.0,49.82739263413191,3.3417736660458705e-06,49.82588057857967,3.3417736655506197e-06,49.82588057857924,3.3417736660721506e-06,0.4500000000137993,0.4499999999859841,49.82890468968457,49.87903555579526,0.45,0.45,4.717676657196461e-171,1.5269639990296808e-14,49.93951777789764
211.0,3.0824406969490984e-105,49.82739263413244,3.3417736656224273e-06,0.0,49.82739263413254,3.341773666093459e-06,49.825880578579834,3.3417736655699596e-06,49.825880578580005,3.3417736660941476e-06,0.450000000014018,0.44999999998774604,49.82890468968507,49.87903555579562,0.45,0.45,-3.025669062194755e-171,1.5269639990296808e-14,49.93951777789782
212.0,8.378942533819368e-105,49.82739263413274,3.341773665660282e-06,0.0,49.827392634133076,3.3417736661670488e-06,49.825880578580005,3.341773665560917e-06,49.82588057858064,3.341773666134018e-06,0.45000000001575496,0.44999999998749,49.82890468968552,49.87903555579592,0.45,0.45,-3.6052890161375857e-171,1.5269639990296808e-14,49.939517777897976
213.0,2.2776327231383778e-104,49.827392634132096,3.3417736655405485e-06,0.0,49.82739263413201,3.3417736660919614e-06,49.825880578579586,3.3417736655310363e-06,49.82588057857941,3.341773666085453e-06,0.450000000015672,0.4499999999849168,49.82890468968462,49.8790355557953,0.45,0.45,-1.6115857074634828e-174,1.5269639990296808e-14,49.939517777897656
214.0,6.191247643210745e-104,49.82739263413175,3.341773665513947e-06,0.0,49.827392634131336,3.3417736659985184e-06,49.82588057857941,3.3417736655547583e-06,49.825880578578584,3.34177366601718e-06,0.45000000001277274,0.4499999999857456,49.82890468968407,49.879035555794914,0.45,0.45,5.09888111382401e-174,1.5269639990296808e-14,49.93951777789746
215.0,1.6829555964029656e-103,49.827392634131904,3.34177366559999e-06,0.0,49.82739263413138,3.3417736659513014e-06,49.82588057857961,3.3417736656255974e-06,49.82588057857857,3.341773665954793e-06,0.4500000000088565,0.44999999998926193,49.82890468968419,49.879035555795,0.45,0.45,2.8209974302465223e-174,1.5269639990296808e-14,49.9395177778975
216.0,4.574747615805637e-103,49.827392634132096,3.3417736657796794e-06,0.0,49.82739263413147,3.3417736659240376e-06,49.82588057857985,3.3417736657336644e-06,49.825880578578605,3.3417736658579393e-06,0.45000000000316526,0.4499999999951137,49.828904689684364,49.87903555579513,0.45,0.45,-1.8092390109456692e-174,1.5269639990296808e-14,49.93951777789756
217.0,1.2435453313830805e-102,49.827392634131854,3.3417736659737055e-06,0.0,49.827392634130966,3.34177366581507e-06,49.82588057857974,3.3417736658675722e-06,49.82588057857797,3.3417736656862593e-06,0.4500000000033688,0.4499999999945209,49.828904689684016,49.87903555579487,0.45,0.45,-2.155830462502225e-174,1.5269639990296808e-14,49.93951777789744
218.0,3.380306677163709e-102,49.82739263413206,3.3417736659853352e-06,0.0,49.82739263413178,3.3417736656491974e-06,49.825880578579635,3.3417736659646862e-06,49.82588057857909,3.3417736656289436e-06,0.45000000000928014,0.4499999999905318,49.82890468968449,49.879035555795205,0.45,0.45,-9.636690832640625e-178,1.5269639990296808e-14,49.939517777897606
219.0,9.188626215152887e-102,49.827392634132245,3.341773665934901e-06,0.0,49.827392634132515,3.341773665587029e-06,49.82588057857956,3.3417736659784975e-06,49.825880578580076,3.3417736656527973e-06,0.45000000001009977,0.44999999999069706,49.82890468968492,49.87903555579552,0.45,0.45,3.048943699286663e-177,1.5269639990296808e-14,49.939517777897755
220.0,2.4977275669152503e-101,49.82739263413203,3.3417736659439517e-06,0.0,49.82739263413228,3.341773665634593e-06,49.82588057857935,3.341773665953732e-06,49.82588057857984,3.341773665657106e-06,0.4500000000085799,0.4499999999913254,49.828904689684705,49.87903555579537,0.45,0.45,1.6868528896143273e-177,1.5269639990296808e-14,49.939517777897684
221.0,6.789527457586949e-101,49.82739263413172,3.3417736659658166e-06,0.0,49.82739263413171,3.341773665691724e-06,49.82588057857917,3.3417736659239757e-06,49.825880578579145,3.341773665647433e-06,0.45000000000702645,0.4499999999917388,49.828904689684286,49.879035555795056,0.45,0.45,-1.0818585018526703e-177,1.5269639990296808e-14,49.939517777897535
222.0,1.8455849111782345e-100,49.82739263413161,3.341773665953829e-06,0.0,49.8273926341314,3.341773665673343e-06,49.825880578579174,3.3417736659240198e-06,49.82588057857875,3.3417736656299473e-06,0.450000000007324,0.4499999999916797,49.82890468968407,49.87903555579491,0.45,0.45,-1.2891074646859158e-177,1.5269639990296808e-14,49.939517777897464
223.0,5.016819926933996e-100,49.82739263413205,3.341773665959757e-06,0.0,49.82739263413208,3.3417736656487845e-06,49.82588057857948,3.3417736659460426e-06,49.825880578579536,3.3417736656552325e-06,0.45000000000860557,0.449999999991261,49.82890468968463,49.87903555579531,0.44999999999989854,0.45,-5.762387304249255e-181,1.526963999029366e-14,49.93951777789766
224.0,1.3637130444035916e-99,49.82739263413218,3.3417736659500203e-06,0.0,49.827392634132416,3.3417736656923783e-06,49.8258805785795,3.3417736659327052e-06,49.82588057857996,3.3417736656901336e-06,0.45000000000734874,0.44999999999297835,49.82890468968487,49.879035555795475,0.4499999999999681,0.45,1.8231563893932338e-180,1.5269639990295758e-14,49.93951777789774
225.0,3.706956387834846e-99,49.82739263413203,3.341773665909668e-06,0.0,49.82739263413238,3.3417736657496906e-06,49.825880578579294,3.3417736658859736e-06,49.825880578579984,3.3417736657300852e-06,0.4500000000056859,0.44999999999676304,49.82890468968478,49.87903555579541,0.4499999999999637,0.45,1.008676094734278e-180,1.5269639990295126e-14,49.939517777897706
226.0,1.0076552187941643e-98,49.82739263413189,3.3417736658072355e-06,0.0,49.82739263413236,3.3417736658091515e-06,49.82588057857908,3.3417736658046605e-06,49.82588057858002,3.3417736657998977e-06,0.4500000000039469,0.45000000000384,49.8289046896847,49.87903555579541,0.44999999999948964,0.45,-6.469116633918727e-181,1.5269639990279075e-14,49.939517777897706
227.0,2.7390908706001e-98,49.82739263413201,3.3417736656866456e-06,0.0,49.827392634132735,3.3417736659194924e-06,49.82588057857906,3.341773665687572e-06,49.8258805785805,3.341773665924983e-06,0.4500000000154415,0.45000000000245444,49.82890468968496,49.87903555579575,0.4499999999981502,0.45,-7.708389339752995e-181,1.526963999023491e-14,49.939517777897876
228.0,7.445620940050318e-98,49.82739263413247,3.341773665632527e-06,0.0,49.82739263413271,3.341773666009739e-06,49.82588057857977,3.3417736656287305e-06,49.82588057858026,3.341773665993332e-06,0.45000000001010587,0.4499999999890667,49.82890468968517,49.879035555795944,0.44999999999746904,0.45,-3.445696071367071e-184,1.526963999021787e-14,49.939517777897976
229.0,2.0239296102932936e-97,49.82739263413258,3.3417736656409045e-06,0.0,49.82739263413243,3.3417736660021734e-06,49.82588057858011,3.3417736656240863e-06,49.8258805785798,3.341773665995967e-06,0.45000000000413204,0.44999999998398216,49.82890468968506,49.87903555579584,0.4499999999977945,0.45,1.0901805892297823e-183,1.526963999023051e-14,49.93951777789792
230.0,5.501611081740457e-97,49.82739263413251,3.3417736656161326e-06,0.0,49.82739263413242,3.341773666000603e-06,49.82588057857999,3.3417736656181536e-06,49.82588057857982,3.341773666003337e-06,0.450000000009583,0.44999999998813894,49.828904689685025,49.87903555579581,0.44999999999788676,0.45,6.031512692397311e-184,1.5269639990231178e-14,49.9395177778979
231.0,1.4954929430743996e-96,49.82739263413247,3.3417736655691553e-06,0.0,49.82739263413268,3.341773666001659e-06,49.82588057857978,3.3417736655980764e-06,49.82588057858019,3.3417736660298824e-06,0.45000000002011664,0.4499999999959935,49.828904689685146,49.87903555579599,0.4499999999971899,0.45,-3.8682944043054896e-184,1.5269639990205228e-14,49.939517777898
232.0,4.065171291747877e-96,49.82739263413272,3.341773665541069e-06,0.0,49.827392634133176,3.3417736660773607e-06,49.82588057857988,3.3417736655518936e-06,49.82588057858079,3.341773666090337e-06,0.45000000003065244,0.4500000000007408,49.82890468968556,49.879035555796506,0.4499999999951482,0.45,-4.609334131047416e-184,1.526963999013802e-14,49.93951777789825
233.0,1.105028125193164e-95,49.82739263413309,3.341773665535247e-06,0.0,49.82739263413308,3.34177366609087e-06,49.82588057858051,3.3417736655422256e-06,49.825880578580495,3.3417736661019153e-06,0.4500000000130862,0.449999999982096,49.82890468968566,49.879035555796605,0.4499999999944799,0.45,-2.0604440089882387e-187,1.52696399901253e-14,49.93951777789831
234.0,3.003777872648744e-95,49.82739263413308,3.341773665570164e-06,0.0,49.8273926341327,3.341773666052854e-06,49.82588057858074,3.3417736655776583e-06,49.825880578579955,3.3417736660615724e-06,0.4500000000017771,0.44999999997485496,49.82890468968542,49.87903555579634,0.4499999999953251,0.45,6.518992180668053e-187,1.5269639990155833e-14,49.939517777898175
235.0,8.16511480794845e-95,49.827392634132956,3.3417736656300337e-06,0.0,49.827392634132494,3.3417736659989818e-06,49.825880578580644,3.3417736656328403e-06,49.825880578579714,3.3417736660061345e-06,0.45000000000512164,0.4499999999845433,49.82890468968527,49.87903555579618,0.4499999999958911,0.45,3.6066390361775045e-187,1.5269639990170537e-14,49.93951777789809
236.0,2.2195083209728138e-94,49.827392634132934,3.341773665714808e-06,0.0,49.827392634132465,3.34177366592269e-06,49.8258805785806,3.3417736657160795e-06,49.82588057857965,3.341773665927331e-06,0.45000000001246276,0.45000000000086804,49.828904689685274,49.879035555796214,0.44999999999571877,0.45,-2.313271922448487e-187,1.5269639990159818e-14,49.93951777789812
237.0,6.033249137014046e-94,49.82739263413324,3.3417736658244316e-06,0.0,49.827392634132615,3.3417736658174126e-06,49.825880578580936,3.341773665835083e-06,49.8258805785797,3.3417736658184054e-06,0.4500000000135353,0.45000000001314383,49.82890468968554,49.879035555796555,0.449999999994349,0.45,-2.7565091751985004e-187,1.5269639990114077e-14,49.93951777789828
238.0,1.6400071495711496e-93,49.82739263413311,3.341773665892992e-06,0.0,49.82739263413285,3.341773665736415e-06,49.82588057858067,3.3417736659009017e-06,49.82588057858013,3.341773665752256e-06,0.4500000000010017,0.4499999999922687,49.82890468968555,49.87903555579657,0.4499999999940995,0.45,-1.2679892760530095e-190,1.5269639990113808e-14,49.93951777789829
239.0,4.458001633222172e-93,49.82739263413277,3.3417736659007865e-06,0.0,49.82739263413277,3.3417736657290497e-06,49.825880578580225,3.3417736659187703e-06,49.82588057858025,3.341773665729175e-06,0.4499999999940422,0.44999999998446355,49.82890468968531,49.87903555579629,0.44999999999506324,0.45,3.9906808929087117e-190,1.5269639990147193e-14,49.93951777789815
240.0,1.2118104830828575e-92,49.82739263413266,3.3417736659290016e-06,0.0,49.82739263413256,3.3417736656895585e-06,49.825880578580154,3.3417736659477426e-06,49.825880578579955,3.3417736656981076e-06,0.45000000000169016,0.44999999998833506,49.828904689685146,49.879035555796115,0.44999999999572227,0.45,2.1663730284181518e-190,1.5269639990165154e-14,49.93951777789805
241.0,3.294042415700309e-92,49.82739263413277,3.3417736659925193e-06,0.0,49.82739263413237,3.341773665631559e-06,49.8258805785804,3.341773666005685e-06,49.82588057857959,3.3417736656432207e-06,0.4500000000152567,0.44999999999512424,49.82890468968514,49.87903555579613,0.44999999999569756,0.45,-1.5347663945118741e-190,1.52696399901598e-14,49.939517777898054
242.0,8.954135640771486e-92,49.82739263413312,3.341773666091144e-06,0.0,49.8273926341324,3.3417736655385092e-06,49.82588057858088,3.3417736661098673e-06,49.82588057857944,3.3417736655468724e-06,0.4500000000264743,0.44999999999565093,49.82890468968536,49.879035555796406,0.44999999999461016,0.45,-1.9065909008685533e-190,1.526963999012322e-14,49.93951777789819
243.0,2.4339864201866618e-91,49.827392634132856,3.3417736661329087e-06,0.0,49.82739263413274,3.3417736655208554e-06,49.825880578580325,3.341773666145749e-06,49.82588057858013,3.3417736655095716e-06,0.45000000001381857,0.4499999999796811,49.82890468968537,49.879035555796406,0.4499999999944779,0.45,-3.3361637393523345e-192,1.5269639990125572e-14,49.9395177778982
244.0,6.616261056709485e-91,49.827392634132416,3.341773666123433e-06,0.0,49.82739263413281,3.3417736655570855e-06,49.82588057857967,3.341773666112009e-06,49.825880578580474,3.341773665537196e-06,0.45000000000616297,0.44999999997457457,49.82890468968517,49.87903555579616,0.44999999999537826,0.45,8.286277243471958e-192,1.526963999015656e-14,49.93951777789808
245.0,1.7984862202794633e-90,49.82739263413224,3.341773666074396e-06,0.0,49.8273926341327,3.341773665568479e-06,49.82588057857948,3.3417736660651897e-06,49.825880578580374,3.3417736655820823e-06,0.4500000000094283,0.44999999998121065,49.82890468968502,49.879035555795994,0.4499999999960142,0.45,1.1660679467726175e-192,1.5269639990174178e-14,49.939517777898004
246.0,4.888792411319657e-90,49.827392634132266,3.341773665991374e-06,0.0,49.8273926341326,3.3417736656441194e-06,49.825880578579536,3.3417736660033842e-06,49.825880578580204,3.34177366564541e-06,0.4500000000136946,0.4499999999943263,49.828904689685004,49.879035555795994,0.449999999996076,0.45,-1.2700720788490288e-191,1.5269639990172197e-14,49.939517777898
247.0,1.3289115574798703e-89,49.8273926341324,3.3417736659101064e-06,0.0,49.82739263413277,3.341773665707253e-06,49.82588057857962,3.3417736659249888e-06,49.82588057858036,3.3417736657292645e-06,0.45000000001450724,0.45000000000319307,49.828904689685174,49.879035555796214,0.4499999999952539,0.45,-2.1318018121356668e-191,1.5269639990144394e-14,49.939517777898104
248.0,3.612356138326739e-89,49.827392634132494,3.341773665855822e-06,0.0,49.82739263413274,3.341773665774851e-06,49.8258805785798,3.3417736658682266e-06,49.82588057858029,3.341773665784089e-06,0.4499999999992902,0.449999999994774,49.82890468968518,49.87903555579619,0.44999999999521817,0.45,-2.5764625574112655e-192,1.5269639990148597e-14,49.9395177778981
249.0,9.819402048736065e-89,49.8273926341324,3.3417736658191334e-06,0.0,49.827392634132536,3.341773665816946e-06,49.82588057857978,3.3417736658324585e-06,49.82588057858006,3.3417736658145344e-06,0.44999999999189133,0.44999999999176943,49.82890468968501,49.87903555579598,0.4499999999960176,0.45,6.63794657412617e-192,1.5269639990175873e-14,49.93951777789799
250.0,2.6691902155412764e-88,49.82739263413221,3.341773665790865e-06,0.0,49.82739263413248,3.341773665857528e-06,49.82588057857953,3.3417736657831235e-06,49.825880578580055,3.341773665861017e-06,0.4499999999976802,0.44999999999396195,49.82890468968489,49.879035555795845,0.44999999999660073,0.45,1.1054367741582802e-192,1.5269639990192284e-14,49.93951777789792
251.0,7.255611259606534e-88,49.82739263413203,3.3417736657166373e-06,0.0,49.82739263413257,3.341773665944357e-06,49.8258805785792,3.341773665701905e-06,49.825880578580275,3.3417736659427472e-06,0.4500000000091206,0.44999999999641954,49.82890468968487,49.87903555579583,0.4499999999967388,0.45,-9.644771972086975e-192,1.5269639990193486e-14,49.93951777789792
252.0,1.9722796241351285e-87,49.82739263413196,3.341773665587297e-06,0.0,49.82739263413285,3.341773666079957e-06,49.82588057857894,3.3417736655698927e-06,49.8258805785807,3.341773666078334e-06,0.4500000000201824,0.4499999999927042,49.828904689685,49.87903555579597,0.44999999999620277,0.45,-1.6083459679381658e-191,1.5269639990175122e-14,49.93951777789799
253.0,5.361211862926556e-87,49.82739263413233,3.341773665484769e-06,0.0,49.82739263413252,3.3417736661201477e-06,49.82588057857966,3.34177366550942e-06,49.825880578580055,3.3417736661363044e-06,0.45000000001526735,0.44999999997982904,49.82890468968498,49.879035555795944,0.44999999999623036,0.45,-1.8685446096162215e-192,1.5269639990180016e-14,49.93951777789798
254.0,1.4573284785512322e-86,49.82739263413249,3.3417736655334008e-06,0.0,49.82739263413213,3.3417736661113813e-06,49.82588057858011,3.3417736655262866e-06,49.82588057857941,3.341773666114795e-06,0.4500000000099164,0.4499999999776792,49.82890468968486,49.87903555579578,0.4499999999968679,0.45,4.948216684623275e-192,1.526963999020162e-14,49.9395177778979
255.0,3.961429521341682e-86,49.8273926341324,3.3417736655787785e-06,0.0,49.82739263413204,3.3417736660951365e-06,49.82588057858003,3.3417736655555198e-06,49.8258805785793,3.3417736660830794e-06,0.4500000000113269,0.44999999998252693,49.82890468968478,49.87903555579569,0.4499999999973192,0.45,5.859773459484245e-193,1.5269639990214297e-14,49.93951777789785
256.0,1.0768281882584308e-85,49.82739263413229,3.3417736655971654e-06,0.0,49.82739263413213,3.3417736660441655e-06,49.8258805785798,3.341773665591955e-06,49.82588057857948,3.341773666046998e-06,0.4500000000148146,0.4499999999898829,49.82890468968478,49.879035555795696,0.4499999999973922,0.45,-7.89716683615131e-192,1.5269639990214136e-14,49.93951777789785
257.0,2.9271224965153684e-85,49.82739263413235,3.341773665640208e-06,0.0,49.82739263413228,3.3417736660065987e-06,49.8258805785798,3.34177366563013e-06,49.82588057857965,3.3417736660114878e-06,0.45000000001569435,0.4499999999952587,49.8289046896849,49.87903555579583,0.4499999999968949,0.45,-1.3443120072186455e-191,1.526963999019722e-14,49.93951777789792
258.0,7.9567438919514e-85,49.82739263413242,3.341773665671363e-06,0.0,49.82739263413224,3.341773665974926e-06,49.825880578579955,3.341773665665893e-06,49.825880578579586,3.3417736659740286e-06,0.4500000000064985,0.449999999989567,49.8289046896849,49.879035555795824,0.4499999999968913,0.45,-1.6313069954885393e-192,1.5269639990200466e-14,49.93951777789791
259.0,2.1628672335193993e-84,49.82739263413239,3.341773665705922e-06,0.0,49.82739263413212,3.341773665910472e-06,49.82588057857997,3.3417736657050914e-06,49.82588057857942,3.34177366593073e-06,0.45000000000043616,0.4499999999890273,49.8289046896848,49.879035555795696,0.4499999999974142,0.45,4.283495330779777e-192,1.5269639990218276e-14,49.93951777789785
260.0,5.87928269824527e-84,49.82739263413238,3.341773665772286e-06,0.0,49.827392634131975,3.3417736658621406e-06,49.82588057858003,3.3417736657649813e-06,49.825880578579216,3.3417736658688745e-06,0.44999999999982637,0.4499999999948146,49.82890468968473,49.87903555579561,0.44999999999779433,0.45,7.005318673589211e-193,1.5269639990228982e-14,49.939517777897805
261.0,1.5981547323013779e-83,49.827392634132465,3.3417736658664774e-06,0.0,49.827392634131854,3.3417736657625346e-06,49.82588057858021,3.3417736658624396e-06,49.82588057857898,3.3417736657713014e-06,0.45000000000471346,0.4499999999989159,49.82890468968472,49.8790355557956,0.449999999997884,0.45,-6.2766503389325444e-192,1.526963999022976e-14,49.9395177778978
262.0,4.344234967880665e-83,49.82739263413271,3.341773666014669e-06,0.0,49.82739263413177,3.341773665604565e-06,49.8258805785806,3.341773666015537e-06,49.825880578578726,3.3417736656202517e-06,0.45000000001566676,0.44999999999279305,49.82890468968481,49.8790355557957,0.4499999999975353,0.45,-1.0544504241276007e-191,1.5269639990217793e-14,49.93951777789785
263.0,1.1808854971746377e-82,49.82739263413239,3.3417736660947613e-06,0.0,49.827392634132124,3.3417736655373717e-06,49.825880578579955,3.3417736660885678e-06,49.82588057857943,3.341773665545872e-06,0.4500000000139425,0.4499999999828537,49.82890468968482,49.879035555795696,0.4499999999975617,0.45,-1.1845474268041252e-192,1.526963999022127e-14,49.93951777789785
264.0,3.209979588460643e-82,49.82739263413205,3.3417736660869283e-06,0.0,49.82739263413232,3.3417736655610835e-06,49.825880578579365,3.3417736660816797e-06,49.82588057857991,3.341773665549409e-06,0.450000000010576,0.4499999999812469,49.82890468968474,49.87903555579559,0.4499999999979761,0.45,3.338064078073827e-192,1.526963999023534e-14,49.9395177778978
265.0,8.72562918503701e-82,49.82739263413202,3.3417736660808153e-06,0.0,49.827392634132245,3.341773665557312e-06,49.82588057857936,3.341773666072081e-06,49.825880578579806,3.3417736655572816e-06,0.45000000001251084,0.4499999999833122,49.82890468968469,49.879035555795525,0.44999999999827306,0.45,5.464459239574089e-193,1.5269639990243702e-14,49.93951777789776
266.0,2.371871925555801e-81,49.82739263413216,3.341773666060948e-06,0.0,49.82739263413209,3.3417736655384034e-06,49.82588057857963,3.3417736660715475e-06,49.825880578579486,3.341773665557259e-06,0.4500000000158941,0.4499999999867487,49.828904689684684,49.879035555795525,0.44999999999835005,0.45,-4.7501942562299935e-192,1.526963999024457e-14,49.939517777897755
267.0,6.447416354670499e-81,49.82739263413232,3.341773666087241e-06,0.0,49.82739263413203,3.3417736655468496e-06,49.82588057857989,3.3417736660924646e-06,49.825880578579316,3.341773665537417e-06,0.4500000000181346,0.44999999998799395,49.82890468968475,49.87903555579559,0.4499999999981043,0.45,-7.742648829565008e-192,1.526963999023614e-14,49.9395177778978
268.0,1.752589471741048e-80,49.827392634132146,3.3417736660734283e-06,0.0,49.82739263413223,3.3417736655432175e-06,49.82588057857954,3.341773666082409e-06,49.82588057857972,3.3417736655464743e-06,0.4500000000135593,0.4499999999839865,49.82890468968475,49.87903555579558,0.44999999999813445,0.45,-9.08928103374821e-193,1.5269639990239013e-14,49.93951777789779
269.0,4.764032113782328e-80,49.82739263413195,3.341773666028725e-06,0.0,49.827392634132345,3.341773665576495e-06,49.825880578579195,3.3417736660360073e-06,49.825880578579984,3.341773665590414e-06,0.45000000000957874,0.44999999998435547,49.8289046896847,49.87903555579551,0.44999999999845264,0.45,2.3433768065068214e-192,1.5269639990249754e-14,49.939517777897755
270.0,1.2949981925089835e-79,49.82739263413185,3.341773665978175e-06,0.0,49.82739263413236,3.3417736656653702e-06,49.82588057857903,3.3417736659687647e-06,49.82588057858006,3.3417736656559372e-06,0.4500000000071309,0.449999999989684,49.82890468968466,49.87903555579546,0.44999999999868584,0.45,4.0763101749787975e-193,1.5269639990256393e-14,49.939517777897734
271.0,3.520170054584479e-79,49.82739263413178,3.341773665885133e-06,0.0,49.8273926341324,3.341773665775381e-06,49.82588057857891,3.341773665867374e-06,49.82588057858014,3.34177366575692e-06,0.45000000000394774,0.4499999999978264,49.82890468968466,49.87903555579546,0.4499999999987543,0.45,-3.364391893188982e-192,1.5269639990257428e-14,49.93951777789773
272.0,9.568814292462673e-79,49.827392634131705,3.341773665728028e-06,0.0,49.82739263413257,3.341773665917297e-06,49.8258805785787,3.3417736657179244e-06,49.82588057858044,3.3417736659075526e-06,0.4500000000074776,0.44999999999692103,49.828904689684705,49.879035555795525,0.44999999999857815,0.45,-5.620918348341128e-192,1.5269639990251354e-14,49.939517777897755
273.0,2.601073401110048e-78,49.82739263413198,3.3417736656545557e-06,0.0,49.8273926341323,3.341773665990864e-06,49.825880578579266,3.3417736656366096e-06,49.8258805785799,3.3417736659876735e-06,0.4500000000085017,0.44999999998974394,49.828904689684705,49.87903555579551,0.44999999999859547,0.45,-7.858860827200129e-193,1.5269639990253266e-14,49.93951777789775
274.0,7.070450560725609e-78,49.827392634132174,3.341773665620622e-06,0.0,49.827392634132046,3.3417736659884315e-06,49.82588057857968,3.3417736656232943e-06,49.82588057857942,3.3417736659988335e-06,0.45000000000809454,0.44999999998757995,49.82890468968466,49.879035555795454,0.4499999999988204,0.45,1.4995792246797621e-192,1.5269639990260855e-14,49.93951777789772
275.0,1.921947727823849e-77,49.82739263413211,3.3417736655913793e-06,0.0,49.82739263413207,3.341773665996817e-06,49.82588057857958,3.3417736656073383e-06,49.825880578579486,3.3417736660142474e-06,0.450000000010235,0.4499999999876214,49.82890468968464,49.87903555579542,0.44999999999897666,0.45,-2.1914828488102126e-194,1.5269639990265238e-14,49.939517777897706
276.0,5.224395583791719e-77,49.82739263413194,3.341773665553272e-06,0.0,49.82739263413223,3.341773666058488e-06,49.82588057857922,3.3417736655693175e-06,49.82588057857983,3.341773666052044e-06,0.4500000000148857,0.44999999998670726,49.82890468968465,49.879035555795426,0.4499999999990025,0.45,-2.928208220678526e-192,1.526963999026521e-14,49.93951777789771
277.0,1.4201379580102715e-76,49.82739263413182,3.3417736654927487e-06,0.0,49.82739263413243,3.341773666140532e-06,49.82588057857894,3.3417736654928127e-06,49.825880578580175,3.341773666129441e-06,0.4500000000199081,0.449999999983778,49.8289046896847,49.87903555579548,0.4499999999988363,0.45,-4.797140930346421e-192,1.5269639990259552e-14,49.93951777789774
278.0,3.860335205164256e-76,49.82739263413212,3.3417736654792843e-06,0.0,49.827392634132146,3.3417736661507993e-06,49.82588057857955,3.3417736654718075e-06,49.8258805785796,3.341773666149776e-06,0.4500000000179468,0.4499999999804928,49.8289046896847,49.87903555579547,0.4499999999988541,0.45,-4.87920928280558e-193,1.5269639990261325e-14,49.93951777789774
279.0,1.0493479039958718e-75,49.82739263413232,3.3417736655156622e-06,0.0,49.82739263413188,3.3417736660905532e-06,49.82588057857999,3.3417736655122546e-06,49.825880578579095,3.3417736661073135e-06,0.45000000001410284,0.44999999998203816,49.828904689684656,49.87903555579542,0.4499999999990529,0.45,1.6638717025671878e-192,1.5269639990268072e-14,49.93951777789771
280.0,2.852423339163565e-75,49.827392634132345,3.3417736655662504e-06,0.0,49.827392634131805,3.341773666035746e-06,49.82588057858006,3.341773665574004e-06,49.82588057857898,3.341773666044819e-06,0.450000000012066,0.44999999998587986,49.82890468968463,49.87903555579539,0.44999999999920154,0.45,3.9759656673261064e-193,1.5269639990272297e-14,49.9395177778977
281.0,7.753690529920791e-75,49.82739263413232,3.3417736656788075e-06,0.0,49.82739263413181,3.341773665966056e-06,49.82588057858002,3.3417736656631154e-06,49.825880578578996,3.3417736659552143e-06,0.4500000000085293,0.44999999999250767,49.828904689684634,49.87903555579538,0.4499999999992548,0.45,-2.0361970829578643e-192,1.5269639990273247e-14,49.93951777789769
282.0,2.1076716070978668e-74,49.82739263413241,3.3417736658106296e-06,0.0,49.82739263413176,3.3417736658460775e-06,49.825880578580175,3.3417736657874425e-06,49.82588057857887,3.3417736658308275e-06,0.45000000000228685,0.4500000000003099,49.82890468968466,49.87903555579541,0.44999999999916734,0.45,-3.386959993677801e-192,1.5269639990270167e-14,49.939517777897706
283.0,5.729245429933205e-74,49.827392634132245,3.341773665867767e-06,0.0,49.82739263413194,3.3417736657472546e-06,49.82588057857984,3.341773665862114e-06,49.82588057857922,3.341773665755547e-06,0.4500000000027809,0.4499999999960595,49.828904689684656,49.879035555795404,0.4499999999992013,0.45,-3.023311921473048e-193,1.526963999027209e-14,49.9395177778977
284.0,1.557370374296946e-73,49.82739263413209,3.341773665884962e-06,0.0,49.82739263413206,3.3417736657142004e-06,49.82588057857956,3.3417736658900148e-06,49.82588057857948,3.3417736657267572e-06,0.4500000000034173,0.4499999999938931,49.82890468968463,49.879035555795376,0.4499999999993436,0.45,1.1015826295779306e-192,1.5269639990276875e-14,49.939517777897684
285.0,4.23337158863185e-73,49.82739263413214,3.3417736659269962e-06,0.0,49.827392634131975,3.3417736656840765e-06,49.825880578579664,3.341773665929726e-06,49.82588057857934,3.341773665686247e-06,0.450000000006049,0.44999999999250007,49.82890468968461,49.879035555795355,0.4499999999994463,0.45,2.2515797675559483e-193,1.5269639990279794e-14,49.93951777789767
286.0,1.1507497062492758e-72,49.8273926341323,3.341773666011852e-06,0.0,49.82739263413179,3.3417736656332838e-06,49.82588057858,3.341773666002333e-06,49.82588057857898,3.3417736656131045e-06,0.4500000000108246,0.4499999999897097,49.82890468968461,49.87903555579535,0.4499999999994967,0.45,-1.3144544813737348e-192,1.526963999028091e-14,49.93951777789766
287.0,3.1280620156019906e-72,49.8273926341325,3.3417736661273505e-06,0.0,49.82739263413161,3.341773665492997e-06,49.82588057858038,3.3417736661286252e-06,49.825880578578605,3.3417736654864277e-06,0.4500000000183125,0.4499999999829311,49.82890468968462,49.879035555795355,0.4499999999994821,0.45,-1.9001040755694795e-192,1.5269639990280296e-14,49.93951777789767
288.0,8.502954135303866e-72,49.82739263413213,3.3417736661756106e-06,0.0,49.82739263413199,3.341773665438635e-06,49.82588057857964,3.3417736661776917e-06,49.825880578579365,3.3417736654372985e-06,0.4500000000202333,0.44999999997912843,49.82890468968462,49.879035555795355,0.4499999999995135,0.45,-2.843842927168536e-193,1.5269639990281722e-14,49.93951777789767
289.0,2.311342571421719e-71,49.827392634131826,3.341773666147972e-06,0.0,49.82739263413228,3.341773665472945e-06,49.825880578579046,3.341773666144721e-06,49.82588057857995,3.3417736654695887e-06,0.45000000001816787,0.449999999980518,49.82890468968461,49.87903555579534,0.44999999999959095,0.45,4.181277661848882e-193,1.5269639990284313e-14,49.93951777789767
290.0,6.2828805112394626e-71,49.8273926341318,3.3417736660773776e-06,0.0,49.8273926341323,3.341773665497429e-06,49.82588057857898,3.341773666094248e-06,49.825880578579984,3.3417736655190504e-06,0.45000000001575396,0.4499999999834072,49.8289046896846,49.879035555795326,0.44999999999965473,0.45,1.488111576661777e-193,1.5269639990286203e-14,49.93951777789767
291.0,1.7078639924081707e-70,49.82739263413187,3.3417736660105357e-06,0.0,49.82739263413222,3.3417736655750685e-06,49.825880578579124,3.341773666027265e-06,49.82588057857983,3.3417736655855755e-06,0.4500000000121139,0.44999999998782564,49.82890468968459,49.87903555579532,0.44999999999969875,0.45,-4.1164091964079176e-193,1.5269639990287402e-14,49.93951777789766
292.0,4.6424556560426473e-70,49.82739263413186,3.3417736659489327e-06,0.0,49.82739263413222,3.3417736656783823e-06,49.82588057857912,3.3417736659438797e-06,49.825880578579834,3.3417736656687626e-06,0.4500000000076315,0.44999999999254137,49.8289046896846,49.87903555579532,0.44999999999971696,0.45,-5.825352671038216e-193,1.526963999028791e-14,49.93951777789766
293.0,1.2619502849247643e-69,49.827392634131904,3.3417736658783782e-06,0.0,49.827392634132174,3.341773665736489e-06,49.82588057857921,3.3417736658839094e-06,49.82588057857975,3.341773665728353e-06,0.4500000000037523,0.4499999999958384,49.8289046896846,49.87903555579531,0.4499999999997483,0.45,-6.642041039305479e-194,1.5269639990289027e-14,49.939517777897656
294.0,3.4303365279297015e-69,49.82739263413194,3.34177366583926e-06,0.0,49.82739263413214,3.3417736657769765e-06,49.82588057857927,3.341773665842825e-06,49.82588057857968,3.341773665769261e-06,0.4500000000014793,0.4499999999980053,49.8289046896846,49.879035555795305,0.4499999999997901,0.45,8.726601668662135e-194,1.526963999029036e-14,49.939517777897656
295.0,9.324621449370602e-69,49.82739263413186,3.3417736657787807e-06,0.0,49.82739263413222,3.341773665821004e-06,49.825880578579124,3.3417736657828647e-06,49.82588057857983,3.34177366582903e-06,0.45000000000105045,0.44999999999869555,49.82890468968459,49.879035555795305,0.4499999999998156,0.45,-7.047999917135026e-194,1.52696399902911e-14,49.939517777897656
296.0,2.5346949043083552e-68,49.82739263413171,3.341773665670818e-06,0.0,49.82739263413237,3.341773665910979e-06,49.82588057857882,3.341773665682155e-06,49.82588057858014,3.3417736659296915e-06,0.4500000000067672,0.44999999999337204,49.82890468968459,49.87903555579531,0.4499999999998176,0.45,-3.46975343446896e-193,1.526963999029108e-14,49.93951777789766
297.0,6.89001509906914e-68,49.82739263413153,3.3417736655194027e-06,0.0,49.82739263413257,3.3417736661043793e-06,49.82588057857843,3.3417736655194218e-06,49.82588057858055,3.3417736660926805e-06,0.45000000001652757,0.44999999998390056,49.82890468968461,49.87903555579532,0.44999999999978874,0.45,-5.495369016199415e-193,1.5269639990290135e-14,49.93951777789767
298.0,1.872900284160809e-67,49.827392634131925,3.3417736654504724e-06,0.0,49.82739263413218,3.3417736661619026e-06,49.825880578579245,3.3417736654455533e-06,49.82588057857974,3.341773666165912e-06,0.45000000001971446,0.4499999999800342,49.82890468968461,49.87903555579532,0.4499999999997876,0.45,-1.1952139318875164e-193,1.5269639990290223e-14,49.93951777789766
299.0,5.09107080895011e-67,49.827392634132245,3.341773665469226e-06,0.0,49.82739263413185,3.341773666146391e-06,49.82588057857989,3.341773665464719e-06,49.82588057857908,3.3417736661463287e-06,0.45000000001858637,0.44999999998081724,49.828904689684606,49.87903555579531,0.4499999999998222,0.45,1.2262200967140754e-193,1.5269639990291362e-14,49.939517777897656
300.0,1.3838965267367375e-66,49.82739263413223,3.3417736655079013e-06,0.0,49.82739263413185,3.3417736661072135e-06,49.82588057857988,3.3417736654949413e-06,49.82588057857909,3.341773666115858e-06,0.4500000000165475,0.4499999999831209,49.8289046896846,49.8790355557953,0.44999999999985213,0.45,-2.843258032564908e-194,1.526963999029224e-14,49.939517777897656
301.0,3.7618207810960607e-66,49.8273926341321,3.341773665543143e-06,0.0,49.827392634131975,3.3417736660991277e-06,49.82588057857961,3.341773665528477e-06,49.825880578579365,3.3417736660825572e-06,0.450000000015601,0.4499999999845908,49.828904689684606,49.8790355557953,0.4499999999998624,0.45,-3.9816725257666697e-193,1.526963999029245e-14,49.939517777897656
302.0,1.0225689071173034e-65,49.827392634132046,3.3417736655666684e-06,0.0,49.82739263413205,3.3417736660713493e-06,49.825880578579486,3.3417736655569703e-06,49.82588057857951,3.3417736660544734e-06,0.4500000000143857,0.4499999999862369,49.82890468968461,49.87903555579531,0.4499999999998381,0.45,-8.120640964783916e-193,1.5269639990291583e-14,49.939517777897656
303.0,2.7796304785641908e-65,49.82739263413215,3.3417736655851867e-06,0.0,49.827392634131954,3.3417736660263126e-06,49.825880578579685,3.3417736655917834e-06,49.82588057857931,3.341773666019081e-06,0.450000000012221,0.4499999999876169,49.82890468968461,49.87903555579532,0.4499999999998301,0.45,-1.374066228931532e-193,1.526963999029153e-14,49.93951777789766
304.0,7.55581901971196e-65,49.82739263413223,3.3417736656508487e-06,0.0,49.82739263413188,3.341773665963728e-06,49.82588057857985,3.3417736656411095e-06,49.82588057857914,3.3417736659693454e-06,0.450000000008466,0.4499999999910151,49.82890468968461,49.87903555579531,0.449999999999851,0.45,2.3035473132432424e-193,1.526963999029228e-14,49.93951777789766
305.0,2.053884554040826e-64,49.82739263413231,3.3417736657137023e-06,0.0,49.8273926341318,3.341773665899443e-06,49.825880578580005,3.34177366571448e-06,49.82588057857898,3.341773665895929e-06,0.45000000000511947,0.44999999999475976,49.82890468968461,49.87903555579531,0.4499999999998593,0.45,-8.688968464579958e-194,1.5269639990292444e-14,49.939517777897656
306.0,5.583037061001887e-64,49.82739263413241,3.341773665845448e-06,0.0,49.8273926341317,3.3417736657634986e-06,49.82588057858023,3.3417736658309626e-06,49.82588057857877,3.341773665779763e-06,0.4500000000025709,0.4499999999980002,49.82890468968461,49.87903555579532,0.44999999999983675,0.45,-6.70814502678264e-193,1.5269639990291583e-14,49.939517777897656
307.0,1.5176268190534822e-63,49.82739263413261,3.341773666012237e-06,0.0,49.827392634131535,3.3417736655763936e-06,49.8258805785806,3.3417736660096167e-06,49.82588057857841,3.34177366560087e-06,0.45000000001270235,0.449999999988393,49.82890468968463,49.87903555579533,0.44999999999976537,0.45,-1.1030943546478095e-192,1.5269639990289257e-14,49.93951777789767
308.0,4.1253374046151843e-63,49.82739263413221,3.3417736660851665e-06,0.0,49.82739263413195,3.341773665510462e-06,49.82588057857978,3.341773666091184e-06,49.82588057857925,3.3417736655195327e-06,0.4500000000159038,0.44999999998384943,49.828904689684634,49.87903555579534,0.44999999999974777,0.45,-1.6611706594437258e-193,1.526963999028898e-14,49.93951777789767
309.0,1.1213829703227855e-62,49.827392634131854,3.3417736660649953e-06,0.0,49.82739263413229,3.3417736655370875e-06,49.82588057857908,3.341773666067776e-06,49.82588057857994,3.3417736655428634e-06,0.4500000000142225,0.4499999999847783,49.82890468968463,49.87903555579533,0.4499999999997905,0.45,3.9998568577372385e-193,1.5269639990290463e-14,49.93951777789767
310.0,3.0482349509718564e-62,49.82739263413185,3.3417736660266658e-06,0.0,49.82739263413228,3.3417736655759273e-06,49.825880578579074,3.341773666029539e-06,49.825880578579934,3.3417736655807736e-06,0.4500000000122219,0.449999999987082,49.82890468968462,49.87903555579532,0.44999999999983564,0.45,2.579041750874007e-193,1.5269639990291813e-14,49.93951777789766
311.0,8.285961676100547e-62,49.82739263413199,3.3417736659909206e-06,0.0,49.827392634132124,3.3417736656092924e-06,49.82588057857936,3.3417736659922872e-06,49.82588057857962,3.341773665617455e-06,0.4500000000105983,0.4499999999893129,49.82890468968461,49.879035555795305,0.4499999999998755,0.45,-9.809795872752717e-194,1.5269639990292943e-14,49.939517777897656
312.0,2.252357905545217e-61,49.82739263413209,3.3417736659634254e-06,0.0,49.82739263413201,3.3417736656345776e-06,49.82588057857957,3.3417736659721283e-06,49.825880578579415,3.3417736656379983e-06,0.45000000000920654,0.44999999999086476,49.828904689684606,49.8790355557953,0.4499999999999025,0.45,-1.7375707639524522e-193,1.526963999029375e-14,49.939517777897656
313.0,6.122543565829638e-61,49.827392634132,3.341773665946521e-06,0.0,49.82739263413209,3.341773665666406e-06,49.825880578579394,3.341773665953841e-06,49.82588057857959,3.341773665656235e-06,0.4500000000077454,0.4499999999921219,49.828904689684606,49.8790355557953,0.44999999999991236,0.45,-4.733872034764873e-195,1.526963999029409e-14,49.939517777897656
314.0,1.664279891894355e-60,49.82739263413192,3.341773665908889e-06,0.0,49.827392634132174,3.341773665703621e-06,49.825880578579216,3.3417736659205884e-06,49.825880578579756,3.3417736656888703e-06,0.4500000000056927,0.44999999999424384,49.828904689684606,49.8790355557953,0.4499999999999243,0.45,1.497745394584627e-194,1.5269639990294442e-14,49.93951777789765
315.0,4.5239817876062095e-60,49.82739263413184,3.3417736658685933e-06,0.0,49.827392634132245,3.34177366575747e-06,49.825880578579074,3.341773665864932e-06,49.825880578579905,3.341773665744705e-06,0.4500000000031626,0.4499999999969648,49.828904689684606,49.879035555795305,0.44999999999992446,0.45,8.286398162590424e-195,1.5269639990294394e-14,49.939517777897656
316.0,1.2297457485529627e-59,49.82739263413174,3.341773665762796e-06,0.0,49.82739263413237,3.341773665829841e-06,49.825880578578875,3.3417736657673373e-06,49.82588057858012,3.341773665842732e-06,0.45000000000209794,0.4499999999983586,49.82890468968461,49.87903555579531,0.4499999999998932,0.45,-5.314458870207432e-195,1.5269639990293337e-14,49.939517777897656
317.0,3.342795521916285e-59,49.827392634131584,3.3417736656040327e-06,0.0,49.827392634132565,3.3417736659980128e-06,49.825880578578534,3.3417736656082764e-06,49.82588057858049,3.3417736660019404e-06,0.45000000001145757,0.44999999998948315,49.828904689684634,49.87903555579533,0.4499999999998111,0.45,-6.3325366382224984e-195,1.5269639990290646e-14,49.93951777789767
318.0,9.086660323479308e-59,49.82739263413194,3.3417736655291343e-06,0.0,49.82739263413223,3.341773666094848e-06,49.82588057857924,3.341773665528374e-06,49.82588057857981,3.3417736660821295e-06,0.45000000001570317,0.4499999999841504,49.82890468968465,49.87903555579534,0.4499999999997751,0.45,-2.830681673925974e-198,1.5269639990289787e-14,49.93951777789767
319.0,2.470010363869359e-58,49.82739263413221,3.341773665549884e-06,0.0,49.82739263413195,3.3417736660805506e-06,49.825880578579785,3.341773665530815e-06,49.82588057857926,3.341773666079803e-06,0.4500000000144189,0.44999999998482104,49.82890468968464,49.87903555579533,0.4499999999998005,0.45,8.955967560723028e-198,1.5269639990290737e-14,49.93951777789767
320.0,6.714184288211594e-58,49.827392634132174,3.341773665542957e-06,0.0,49.827392634131975,3.341773666070993e-06,49.82588057857972,3.341773665534947e-06,49.825880578579316,3.341773666075441e-06,0.45000000001459234,0.4499999999851409,49.828904689684634,49.87903555579533,0.44999999999981455,0.45,4.954961863101643e-198,1.5269639990291062e-14,49.93951777789767
321.0,1.82510451435708e-57,49.82739263413201,3.3417736655345553e-06,0.0,49.82739263413215,3.3417736660726813e-06,49.825880578579394,3.3417736655264572e-06,49.82588057857965,3.341773666084237e-06,0.450000000015341,0.4499999999853266,49.82890468968464,49.87903555579534,0.44999999999978846,0.45,-3.177851290509172e-198,1.5269639990290008e-14,49.93951777789767
322.0,4.961148436415422e-57,49.827392634131904,3.3417736654905786e-06,0.0,49.8273926341323,3.3417736661222716e-06,49.825880578579145,3.341773665490129e-06,49.825880578579934,3.3417736661213793e-06,0.4500000000183051,0.4499999999830723,49.82890468968467,49.879035555795376,0.4499999999996932,0.45,-3.786624423828355e-198,1.5269639990286828e-14,49.939517777897684
323.0,1.3485799642996046e-56,49.82739263413214,3.341773665502118e-06,0.0,49.82739263413207,3.3417736661213285e-06,49.825880578579614,3.341773665492597e-06,49.82588057857948,3.3417736661185362e-06,0.45000000001712737,0.44999999998259077,49.82890468968467,49.87903555579537,0.44999999999966267,0.45,-1.6926466336743687e-201,1.52696399902863e-14,49.939517777897684
324.0,3.6658204111795634e-56,49.827392634132316,3.341773665549655e-06,0.0,49.82739263413187,3.3417736660826093e-06,49.825880578579984,3.341773665541193e-06,49.82588057857908,3.3417736660690733e-06,0.45000000001434354,0.44999999998461765,49.828904689684656,49.879035555795355,0.4499999999997047,0.45,5.355343459475604e-201,1.5269639990287828e-14,49.93951777789767
325.0,9.964733010103673e-56,49.82739263413237,3.3417736656231223e-06,0.0,49.827392634131805,3.3417736659909663e-06,49.825880578580104,3.3417736656135894e-06,49.82588057857895,3.3417736659966067e-06,0.45000000001011403,0.4499999999895972,49.82890468968465,49.879035555795355,0.4499999999997232,0.45,2.9628839565473237e-201,1.5269639990288225e-14,49.93951777789767
326.0,2.7086952666810817e-55,49.82739263413242,3.3417736657273e-06,0.0,49.827392634131776,3.341773665876206e-06,49.82588057858019,3.341773665723119e-06,49.82588057857888,3.341773665887586e-06,0.45000000000466833,0.449999999996363,49.82890468968466,49.87903555579537,0.44999999999968693,0.45,-1.900249253149119e-201,1.5269639990286777e-14,49.939517777897684
327.0,7.362997122252212e-55,49.82739263413257,3.341773665897114e-06,0.0,49.827392634131684,3.341773665722899e-06,49.82588057858047,3.341773665882811e-06,49.82588057857866,3.3417736657290506e-06,0.45000000000585083,0.44999999999613405,49.8289046896847,49.879035555795404,0.44999999999956486,0.45,-2.2642802803036447e-201,1.5269639990282767e-14,49.9395177778977
328.0,2.001470128041443e-54,49.82739263413231,3.3417736659668292e-06,0.0,49.82739263413197,3.341773665625124e-06,49.82588057857993,3.3417736659704037e-06,49.82588057857923,3.341773665641033e-06,0.45000000000927226,0.4499999999902133,49.8289046896847,49.8790355557954,0.44999999999954826,0.45,-1.0142066091897415e-204,1.5269639990282804e-14,49.9395177778977
329.0,5.440559879258653e-54,49.82739263413207,3.3417736659793467e-06,0.0,49.827392634132174,3.341773665612317e-06,49.825880578579465,3.34177366598797e-06,49.82588057857966,3.341773665622986e-06,0.4500000000093595,0.44999999998888857,49.82890468968468,49.879035555795376,0.4499999999996281,0.45,3.208728474463609e-204,1.526963999028556e-14,49.939517777897684
330.0,1.4788975056432136e-53,49.82739263413211,3.34177366600583e-06,0.0,49.8273926341321,3.3417736655839826e-06,49.82588057857956,3.341773666012135e-06,49.82588057857954,3.341773665598889e-06,0.45000000001132284,0.4499999999877941,49.82890468968466,49.87903555579536,0.4499999999996867,0.45,1.7733884577299158e-204,1.5269639990287206e-14,49.939517777897684
331.0,4.020060215743355e-53,49.827392634132295,3.3417736660534693e-06,0.0,49.827392634131904,3.3417736655252638e-06,49.82588057857993,3.3417736660636493e-06,49.825880578579145,3.3417736655470143e-06,0.45000000001508267,0.4499999999856218,49.828904689684656,49.87903555579536,0.4499999999997031,0.45,-1.1443137394275928e-204,1.5269639990287374e-14,49.93951777789768
332.0,1.0927656633766312e-52,49.827392634132494,3.341773666159609e-06,0.0,49.82739263413173,3.341773665436378e-06,49.8258805785803,3.341773666163276e-06,49.82588057857878,3.3417736654477327e-06,0.4500000000209808,0.4499999999806423,49.82890468968468,49.879035555795376,0.4499999999996562,0.45,-1.368465197045673e-204,1.5269639990285704e-14,49.93951777789768
333.0,2.9704450455206905e-52,49.827392634132146,3.3417736661898242e-06,0.0,49.82739263413209,3.341773665403041e-06,49.825880578579614,3.3417736661939772e-06,49.8258805785795,3.34177366541724e-06,0.4500000000217735,0.44999999997789036,49.82890468968468,49.879035555795376,0.449999999999649,0.45,-2.9757254107395228e-207,1.52696399902859e-14,49.939517777897684
334.0,8.074506789675095e-52,49.82739263413185,3.3417736661605766e-06,0.0,49.827392634132366,3.3417736654423206e-06,49.82588057857905,3.34177366615017e-06,49.825880578580055,3.3417736654609087e-06,0.45000000001944673,0.4499999999793858,49.82890468968466,49.87903555579537,0.4499999999997009,0.45,5.481322947832108e-207,1.5269639990287705e-14,49.939517777897684
335.0,2.1948785080142994e-51,49.8273926341318,3.3417736660872845e-06,0.0,49.8273926341324,3.3417736655127006e-06,49.825880578578946,3.3417736660839616e-06,49.825880578580126,3.341773665526654e-06,0.4500000000158399,0.4499999999837923,49.828904689684656,49.87903555579536,0.44999999999972723,0.45,7.049126927927018e-210,1.5269639990288358e-14,49.939517777897684
336.0,5.96629836401057e-51,49.82739263413183,3.341773665994381e-06,0.0,49.82739263413237,3.3417736656094737e-06,49.82588057857901,3.34177366599006e-06,49.825880578580076,3.341773665620944e-06,0.45000000001127827,0.4499999999898098,49.82890468968466,49.87903555579537,0.4499999999996885,0.45,-1.12495103699428e-206,1.5269639990286834e-14,49.939517777897684
337.0,1.6218080426054861e-50,49.8273926341318,3.3417736658761522e-06,0.0,49.82739263413246,3.341773665743012e-06,49.82588057857891,3.3417736658622677e-06,49.82588057858022,3.341773665749354e-06,0.45000000000482526,0.4499999999973994,49.8289046896847,49.879035555795404,0.44999999999954504,0.45,-2.0139319039270766e-206,1.5269639990282107e-14,49.939517777897706
338.0,4.408531331463227e-50,49.82739263413197,3.341773665789924e-06,0.0,49.827392634132316,3.3417736658168858e-06,49.82588057857925,3.3417736657825437e-06,49.82588057857993,3.341773665829487e-06,0.4500000000004902,0.44999999999898616,49.8289046896847,49.879035555795404,0.449999999999507,0.45,-2.9235716770733774e-207,1.5269639990281504e-14,49.939517777897706
339.0,1.1983630608508848e-49,49.82739263413209,3.341773665727808e-06,0.0,49.82739263413217,3.3417736658649303e-06,49.825880578579486,3.341773665747435e-06,49.82588057857965,3.3417736658639113e-06,0.450000000002846,0.4499999999951979,49.828904689684684,49.87903555579538,0.44999999999958923,0.45,6.958836089523026e-207,1.526963999028438e-14,49.93951777789769
340.0,3.2574885322075213e-49,49.827392634131996,3.341773665679345e-06,0.0,49.827392634132224,3.341773665912401e-06,49.825880578579316,3.341773665697061e-06,49.825880578579785,3.341773665914297e-06,0.450000000005968,0.4499999999929692,49.82890468968466,49.87903555579537,0.44999999999965684,0.45,2.1493886317510047e-207,1.5269639990286298e-14,49.939517777897684
341.0,8.854771883513432e-49,49.8273926341318,3.341773665608478e-06,0.0,49.8273926341324,3.34177366600293e-06,49.825880578578925,3.3417736656082484e-06,49.82588057858015,3.341773666003086e-06,0.4500000000113041,0.44999999998930346,49.82890468968466,49.87903555579537,0.4499999999996761,0.45,-8.718240255324751e-207,1.5269639990286515e-14,49.939517777897684
342.0,2.4069765506104637e-48,49.82739263413159,3.3417736654640627e-06,0.0,49.82739263413263,3.3417736661500073e-06,49.82588057857851,3.3417736654578336e-06,49.82588057858059,3.3417736661542272e-06,0.4500000000198824,0.44999999998162354,49.82890468968468,49.879035555795376,0.44999999999961354,0.45,-1.7010376776639493e-206,1.52696399902843e-14,49.939517777897684
343.0,6.542840619051456e-48,49.82739263413202,3.3417736653918036e-06,0.0,49.8273926341322,3.341773666218291e-06,49.825880578579365,3.3417736653964093e-06,49.82588057857974,3.34177366621525e-06,0.45000000002282986,0.4499999999767322,49.82890468968467,49.879035555795376,0.44999999999959805,0.45,-2.6442291914380362e-207,1.526963999028432e-14,49.939517777897684
344.0,1.7785284761271306e-47,49.827392634132345,3.3417736654242403e-06,0.0,49.82739263413185,3.3417736661942813e-06,49.825880578580026,3.341773665428267e-06,49.82588057857905,3.34177366618273e-06,0.4500000000209056,0.4499999999779562,49.828904689684656,49.87903555579536,0.4499999999996504,0.45,4.029635743111605e-207,1.5269639990286165e-14,49.939517777897684
345.0,4.834541638053336e-47,49.82739263413236,3.3417736654615406e-06,0.0,49.82739263413183,3.341773666122035e-06,49.82588057858006,3.3417736654775114e-06,49.82588057857901,3.3417736661337553e-06,0.45000000001832074,0.44999999998148155,49.82890468968465,49.87903555579536,0.4499999999996681,0.45,-2.7373958078120278e-207,1.5269639990286477e-14,49.939517777897684
346.0,1.314164668364901e-46,49.82739263413227,3.3417736655176168e-06,0.0,49.82739263413195,3.341773666067373e-06,49.82588057857986,3.3417736655408936e-06,49.82588057857923,3.3417736660708724e-06,0.450000000016033,0.4499999999853703,49.82890468968467,49.879035555795376,0.44999999999960905,0.45,-1.5294648055595964e-206,1.526963999028422e-14,49.939517777897684
347.0,3.572269937619218e-46,49.8273926341323,3.3417736656063854e-06,0.0,49.82739263413201,3.341773666005657e-06,49.82588057857987,3.341773665616975e-06,49.825880578579294,3.3417736659957444e-06,0.45000000001247686,0.44999999999020746,49.82890468968472,49.87903555579543,0.4499999999994311,0.45,-2.599144521162724e-206,1.526963999027836e-14,49.93951777789771
348.0,9.710436457780848e-46,49.8273926341323,3.3417736656899977e-06,0.0,49.827392634132025,3.3417736659451994e-06,49.825880578579884,3.3417736656766383e-06,49.825880578579316,3.3417736659357092e-06,0.4500000000067973,0.44999999999256324,49.82890468968473,49.87903555579543,0.44999999999939605,0.45,-3.1732135355032774e-207,1.5269639990278068e-14,49.93951777789771
349.0,2.6395702969591894e-45,49.82739263413228,3.3417736657260686e-06,0.0,49.827392634132,3.3417736658982357e-06,49.82588057857986,3.3417736657249886e-06,49.82588057857931,3.341773665886935e-06,0.4500000000036707,0.44999999999406803,49.8289046896847,49.879035555795404,0.44999999999948764,0.45,8.93002484690831e-207,1.5269639990281312e-14,49.939517777897706
350.0,7.17509597316441e-45,49.82739263413235,3.341773665796415e-06,0.0,49.827392634131904,3.3417736658239975e-06,49.825880578580005,3.341773665795309e-06,49.82588057857913,3.3417736658164754e-06,0.4500000000002776,0.4499999999987391,49.82890468968469,49.87903555579539,0.44999999999954243,0.45,1.0542626371719781e-207,1.526963999028273e-14,49.9395177778977
351.0,1.9503933001302486e-44,49.82739263413251,3.341773665900536e-06,0.0,49.82739263413175,3.341773665703636e-06,49.82588057858031,3.3417736659116323e-06,49.82588057857881,3.3417736657002404e-06,0.45000000000610413,0.4499999999951219,49.82890468968469,49.8790355557954,0.4499999999995294,0.45,-1.3468616007557494e-206,1.5269639990281826e-14,49.9395177778977
352.0,5.301718666092323e-44,49.82739263413274,3.341773666083159e-06,0.0,49.82739263413155,3.3417736655333775e-06,49.825880578580765,3.3417736660970953e-06,49.8258805785784,3.341773665515359e-06,0.45000000001653123,0.4499999999858672,49.82890468968471,49.87903555579543,0.4499999999994174,0.45,-2.1306726930125352e-206,1.5269639990278103e-14,49.93951777789771
353.0,1.4411565509640892e-43,49.82739263413231,3.3417736661875465e-06,0.0,49.827392634132,3.3417736654494242e-06,49.8258805785799,3.341773666183171e-06,49.825880578579294,3.3417736654291505e-06,0.4500000000202593,0.44999999997909024,49.82890468968472,49.879035555795426,0.4499999999994133,0.45,-3.0146859240824843e-207,1.5269639990278608e-14,49.93951777789771
354.0,3.9174696644503954e-43,49.82739263413193,3.341773666166001e-06,0.0,49.827392634132345,3.341773665442533e-06,49.82588057857918,3.3417736661676955e-06,49.82588057857999,3.3417736654446224e-06,0.4500000000191734,0.4499999999788219,49.8289046896847,49.879035555795404,0.4499999999995067,0.45,5.778778754266278e-207,1.526963999028179e-14,49.9395177778977
355.0,1.0648786602415065e-42,49.827392634131925,3.341773666155193e-06,0.0,49.827392634132316,3.3417736654664034e-06,49.82588057857919,3.341773666142883e-06,49.82588057857994,3.341773665469124e-06,0.4500000000186859,0.4499999999802684,49.828904689684684,49.87903555579538,0.449999999999573,0.45,1.140446754880866e-207,1.5269639990283675e-14,49.939517777897684
356.0,2.8946403116483e-42,49.82739263413208,3.341773666126223e-06,0.0,49.82739263413214,3.341773665498559e-06,49.8258805785795,3.3417736661198623e-06,49.8258805785796,3.3417736654920325e-06,0.45000000001783,0.4499999999828218,49.82890468968468,49.87903555579538,0.44999999999959117,0.45,-8.139171455185582e-207,1.5269639990283915e-14,49.939517777897684
357.0,7.868448159078602e-42,49.82739263413219,3.341773666125581e-06,0.0,49.82739263413205,3.341773665516525e-06,49.8258805785797,3.3417736661094666e-06,49.82588057857942,3.3417736655030126e-06,0.4500000000177417,0.44999999998377155,49.82890468968469,49.8790355557954,0.4499999999995402,0.45,-1.3269565408880003e-206,1.5269639990282167e-14,49.939517777897684
358.0,2.1388659648995392e-41,49.82739263413204,3.341773666067803e-06,0.0,49.82739263413222,3.341773665527508e-06,49.82588057857938,3.3417736660788955e-06,49.82588057857974,3.341773665532657e-06,0.4500000000147658,0.4499999999846307,49.828904689684684,49.87903555579539,0.4499999999995562,0.45,-1.3681844992756582e-207,1.5269639990283073e-14,49.9395177778977
359.0,5.814040485895939e-41,49.82739263413189,3.3417736660254397e-06,0.0,49.82739263413233,3.3417736655802485e-06,49.82588057857911,3.341773666022925e-06,49.82588057857998,3.3417736655881687e-06,0.4500000000117072,0.4499999999868766,49.82890468968467,49.879035555795376,0.44999999999963247,0.45,3.6150836311342445e-207,1.52696399902856e-14,49.939517777897684
360.0,1.580420060273613e-40,49.8273926341318,3.341773665943708e-06,0.0,49.827392634132394,3.341773665674009e-06,49.82588057857894,3.3417736659409854e-06,49.825880578580126,3.3417736656701615e-06,0.45000000000723883,0.4499999999921963,49.828904689684656,49.87903555579536,0.4499999999996749,0.45,-1.2294396909115082e-207,1.526963999028674e-14,49.939517777897684
361.0,4.296027131173911e-40,49.827392634131705,3.341773665797995e-06,0.0,49.827392634132494,3.341773665793992e-06,49.82588057857874,3.341773665812624e-06,49.82588057858033,3.3417736657988978e-06,0.45000000000053864,0.45000000000031526,49.828904689684656,49.87903555579537,0.44999999999965584,0.45,-1.0321663917084538e-206,1.5269639990285837e-14,49.93951777789768
362.0,1.1677812485237084e-39,49.82739263413154,3.341773665608908e-06,0.0,49.82739263413271,3.3417736659857253e-06,49.82588057857839,3.341773665618297e-06,49.82588057858073,3.3417736659943455e-06,0.4500000000113803,0.4499999999903631,49.828904689684684,49.87903555579539,0.4499999999995481,0.45,-1.8081498499056435e-206,1.5269639990282243e-14,49.93951777789769
363.0,3.174358547477213e-39,49.82739263413197,3.3417736655260036e-06,0.0,49.82739263413228,3.34177366606808e-06,49.82588057857926,3.341773665526222e-06,49.82588057857987,3.3417736660860267e-06,0.45000000001483936,0.44999999998460477,49.828904689684684,49.8790355557954,0.449999999999529,0.45,-2.5195097723865893e-207,1.5269639990282192e-14,49.9395177778977
364.0,8.628801156620959e-39,49.82739263413232,3.3417736655333423e-06,0.0,49.82739263413189,3.341773666059268e-06,49.82588057857997,3.341773665544983e-06,49.82588057857912,3.3417736660661875e-06,0.4500000000137745,0.44999999998444096,49.82890468968466,49.879035555795376,0.4499999999996112,0.45,7.343549707681527e-207,1.526963999028507e-14,49.939517777897684
365.0,2.3455513385429144e-38,49.8273926341323,3.341773665569214e-06,0.0,49.82739263413187,3.341773666040152e-06,49.82588057857995,3.3417736655795493e-06,49.825880578579095,3.341773666031295e-06,0.45000000001247187,0.4499999999862051,49.82890468968464,49.87903555579535,0.44999999999970064,0.45,5.166694272271128e-207,1.526963999028775e-14,49.93951777789767
366.0,6.375869581278994e-38,49.827392634132124,3.3417736655918766e-06,0.0,49.82739263413201,3.341773665998802e-06,49.8258805785796,3.3417736656122337e-06,49.8258805785794,3.3417736659982084e-06,0.45000000001113627,0.44999999998843987,49.82890468968462,49.87903555579532,0.4499999999997888,0.45,-2.026701199394122e-208,1.5269639990290286e-14,49.93951777789766
367.0,1.7331410423415471e-37,49.82739263413199,3.341773665604811e-06,0.0,49.82739263413211,3.341773665968512e-06,49.82588057857936,3.341773665626559e-06,49.82588057857961,3.3417736659837864e-06,0.4500000000099734,0.44999999998968787,49.8289046896846,49.879035555795305,0.4499999999998674,0.45,8.286248972824317e-209,1.5269639990292722e-14,49.939517777897656
368.0,4.7111658015535965e-37,49.827392634132075,3.3417736656551114e-06,0.0,49.827392634131996,3.3417736659758387e-06,49.825880578579564,3.341773665641539e-06,49.825880578579394,3.341773665968749e-06,0.45000000000882184,0.44999999999093315,49.8289046896846,49.87903555579529,0.4499999999999096,0.45,3.7199235588847196e-208,1.526963999029403e-14,49.93951777789765
369.0,1.2806276389220832e-36,49.827392634132174,3.3417736656948914e-06,0.0,49.82739263413189,3.3417736659482907e-06,49.825880578579756,3.341773665675008e-06,49.825880578579195,3.34177366593503e-06,0.450000000007094,0.44999999999296064,49.8289046896846,49.87903555579529,0.44999999999992896,0.45,-1.1769431741312333e-207,1.526963999029457e-14,49.93951777789764
370.0,3.4811068399043105e-36,49.827392634132245,3.341773665760817e-06,0.0,49.82739263413181,3.341773665896685e-06,49.82588057857992,3.341773665733745e-06,49.82588057857904,3.3417736658764174e-06,0.45000000000379187,0.44999999999621393,49.8289046896846,49.879035555795284,0.4499999999999415,0.45,-6.511533796637712e-208,1.526963999029497e-14,49.93951777789764
371.0,9.462629465836379e-36,49.82739263413236,3.3417736658406438e-06,0.0,49.82739263413171,3.3417736657719215e-06,49.825880578580126,3.3417736658361346e-06,49.825880578578825,3.3417736657737498e-06,0.45000000000184204,0.449999999998009,49.82890468968459,49.879035555795284,0.44999999999995166,0.45,4.176154447946444e-208,1.526963999029532e-14,49.93951777789765
372.0,2.572209372642415e-35,49.82739263413254,3.3417736659975172e-06,0.0,49.827392634131535,3.3417736656002728e-06,49.825880578580495,3.341773666002056e-06,49.82588057857846,3.341773665607867e-06,0.4500000000109948,0.44999999998883844,49.82890468968459,49.879035555795284,0.44999999999996376,0.45,4.976170047478006e-208,1.5269639990295707e-14,49.93951777789764
373.0,6.991989996645917e-35,49.82739263413219,3.3417736660886643e-06,0.0,49.82739263413188,3.341773665524016e-06,49.825880578579785,3.3417736660858886e-06,49.825880578579174,3.3417736655239017e-06,0.45000000001570495,0.4499999999842115,49.82890468968459,49.879035555795284,0.44999999999997853,0.45,2.2243777099075914e-211,1.5269639990296158e-14,49.93951777789765
374.0,1.9006199352650017e-34,49.8273926341319,3.3417736660891243e-06,0.0,49.82739263413217,3.341773665523315e-06,49.825880578579216,3.341773666084765e-06,49.82588057857974,3.3417736655245463e-06,0.45000000001574564,0.44999999998418755,49.82890468968459,49.879035555795284,0.4499999999999851,0.45,-7.037688063767543e-211,1.526963999029636e-14,49.93951777789765
375.0,5.166420632837861e-34,49.82739263413194,3.341773666082884e-06,0.0,49.827392634132124,3.341773665529537e-06,49.825880578579294,3.3417736660840412e-06,49.825880578579664,3.3417736655253807e-06,0.45000000001538976,0.44999999998452667,49.82890468968459,49.879035555795284,0.4499999999999908,0.45,-3.893658138073853e-211,1.526963999029654e-14,49.93951777789765
376.0,1.4043787324419038e-33,49.827392634132124,3.3417736660954796e-06,0.0,49.82739263413194,3.341773665517512e-06,49.82588057857965,3.3417736660989693e-06,49.8258805785793,3.3417736655100472e-06,0.4500000000160323,0.4499999999837961,49.82890468968459,49.87903555579528,0.4500000000000053,0.45,2.4971870300320744e-211,1.5269639990297023e-14,49.93951777789764
377.0,3.817497188671175e-33,49.827392634132266,3.341773666137363e-06,0.0,49.8273926341318,3.3417736654469975e-06,49.82588057857994,3.341773666146904e-06,49.825880578579,3.3417736654618862e-06,0.4500000000190686,0.44999999998056317,49.828904689684585,49.87903555579527,0.45000000000003804,0.45,2.9755669835935945e-211,1.5269639990298127e-14,49.939517777897635
378.0,1.0377033238158345e-32,49.827392634131996,3.3417736661686518e-06,0.0,49.82739263413206,3.341773665473875e-06,49.825880578579415,3.3417736661484026e-06,49.825880578579536,3.341773665460389e-06,0.45000000001939594,0.4499999999806445,49.82890468968459,49.87903555579528,0.45000000000005064,0.45,1.3300958308666643e-214,1.5269639990298386e-14,49.939517777897635
379.0,2.8207700884601356e-32,49.82739263413179,3.3417736661114775e-06,0.0,49.82739263413228,3.341773665513876e-06,49.82588057857898,3.3417736660968437e-06,49.825880578579955,3.3417736655114258e-06,0.45000000001682083,0.4499999999834895,49.8289046896846,49.879035555795284,0.4500000000000434,0.45,-4.208277182875852e-214,1.5269639990298064e-14,49.93951777789764
380.0,7.667648073722e-32,49.827392634131726,3.3417736660338562e-06,0.0,49.827392634132345,3.3417736655912828e-06,49.82588057857886,3.341773666020976e-06,49.82588057858008,3.3417736655869866e-06,0.45000000001245055,0.44999999998776596,49.8289046896846,49.879035555795284,0.4500000000000348,0.45,-2.3282634087317642e-214,1.5269639990297827e-14,49.93951777789764
381.0,2.084282842581751e-31,49.82739263413171,3.341773665896983e-06,0.0,49.82739263413238,3.341773665698362e-06,49.825880578578804,3.3417736659080545e-06,49.82588057858015,3.3417736657001494e-06,0.4500000000055709,0.4499999999944925,49.8289046896846,49.879035555795284,0.45000000000002216,0.45,1.4932262592564155e-214,1.5269639990297487e-14,49.93951777789765
382.0,5.66566817635894e-31,49.827392634131584,3.341773665752515e-06,0.0,49.82739263413251,3.3417736658575387e-06,49.82588057857857,3.3417736657450396e-06,49.8258805785804,3.34177366586369e-06,0.45000000000300683,0.44999999999714907,49.828904689684606,49.87903555579529,0.45000000000000273,0.45,1.7792809270461946e-214,1.5269639990296843e-14,49.93951777789765
383.0,1.5400882849875202e-30,49.82739263413187,3.341773665665893e-06,0.0,49.82739263413223,3.3417736659748333e-06,49.825880578579124,3.3417736656536117e-06,49.825880578579856,3.341773665955127e-06,0.45000000000864915,0.4499999999914177,49.82890468968461,49.87903555579529,0.4499999999999862,0.45,7.960655067750483e-218,1.526963999029635e-14,49.93951777789765
384.0,4.186393999304232e-30,49.82739263413209,3.3417736656375994e-06,0.0,49.827392634132,3.341773666004074e-06,49.82588057857957,3.3417736656322533e-06,49.825880578579415,3.341773665976371e-06,0.4500000000101821,0.4499999999897418,49.82890468968461,49.87903555579529,0.4499999999999831,0.45,-2.516759509821595e-217,1.52696399902963e-14,49.93951777789765
385.0,1.1379798735078681e-29,49.82739263413203,3.341773665607536e-06,0.0,49.82739263413207,3.341773666019288e-06,49.82588057857945,3.3417736656026555e-06,49.82588057857954,3.341773666006548e-06,0.4500000000114643,0.44999999998849866,49.82890468968461,49.87903555579529,0.44999999999998425,0.45,-1.392300513457561e-217,1.5269639990296326e-14,49.939517777897656
386.0,3.093350011308561e-29,49.82739263413183,3.3417736655260456e-06,0.0,49.82739263413227,3.3417736660552082e-06,49.82588057857905,3.341773665542632e-06,49.825880578579934,3.3417736660662713e-06,0.45000000001479773,0.44999999998528356,49.828904689684606,49.8790355557953,0.4499999999999827,0.45,8.937648286112481e-218,1.5269639990296237e-14,49.939517777897656
387.0,8.408597124803642e-29,49.827392634131634,3.3417736654339278e-06,0.0,49.82739263413247,3.3417736661767304e-06,49.825880578578655,3.3417736654308984e-06,49.825880578580325,3.3417736661776396e-06,0.4500000000208031,0.449999999979373,49.82890468968461,49.8790355557953,0.4499999999999714,0.45,1.0657588491289096e-217,1.5269639990295846e-14,49.939517777897656
388.0,2.285693676718672e-28,49.82739263413202,3.3417736653896894e-06,0.0,49.827392634132096,3.341773666206568e-06,49.82588057857942,3.3417736653946818e-06,49.825880578579586,3.341773666214679e-06,0.45000000002277785,0.44999999997721607,49.82890468968461,49.8790355557953,0.44999999999996426,0.45,9.0744371120304e-221,1.5269639990295685e-14,49.93951777789765
389.0,6.213159586848109e-28,49.82739263413232,3.3417736654267416e-06,0.0,49.82739263413178,3.341773666185491e-06,49.82588057858002,3.3417736654386928e-06,49.825880578578975,3.341773666170386e-06,0.4500000000210944,0.44999999997877504,49.82890468968461,49.879035555795305,0.4499999999999673,0.45,-2.1198598283433927e-220,1.5269639990295827e-14,49.93951777789765
390.0,1.6889118802245324e-27,49.82739263413236,3.341773665509528e-06,0.0,49.82739263413174,3.341773666118253e-06,49.825880578580104,3.3417736655051175e-06,49.82588057857889,3.3417736661037627e-06,0.45000000001690427,0.44999999998295265,49.82890468968461,49.8790355557953,0.4499999999999751,0.45,-1.5850478291272961e-220,1.5269639990296073e-14,49.93951777789765
391.0,4.590938473882946e-27,49.82739263413231,3.3417736656147464e-06,0.0,49.82739263413178,3.3417736660285796e-06,49.82588057858001,3.34177366559873e-06,49.82588057857897,3.3417736660100343e-06,0.45000000001146523,0.44999999998838347,49.82890468968461,49.87903555579529,0.4499999999999899,0.45,-3.516287786731036e-221,1.5269639990296537e-14,49.93951777789765
392.0,1.2479464629129513e-26,49.82739263413235,3.341773665734171e-06,0.0,49.82739263413173,3.341773665864818e-06,49.825880578580104,3.341773665724614e-06,49.82588057857886,3.3417736658838293e-06,0.4500000000035119,0.4499999999962251,49.8289046896846,49.879035555795284,0.450000000000014,0.45,-1.2831111645052672e-220,1.5269639990297323e-14,49.93951777789765
393.0,3.3922701930260157e-26,49.82739263413221,3.3417736658235142e-06,0.0,49.82739263413187,3.3417736658042103e-06,49.82588057857983,3.3417736658056973e-06,49.82588057857914,3.341773665802945e-06,0.450000000000528,0.4499999999994512,49.8289046896846,49.879035555795284,0.45000000000002777,0.45,-5.83113326561483e-221,1.5269639990297692e-14,49.93951777789765
394.0,9.221146422925875e-26,49.827392634132096,3.3417736658543238e-06,0.0,49.82739263413198,3.3417736657569514e-06,49.82588057857961,3.3417736658452758e-06,49.825880578579365,3.341773665763649e-06,0.4500000000027888,0.4499999999973577,49.8289046896846,49.879035555795284,0.4500000000000266,0.45,5.70370951833422e-221,1.5269639990297607e-14,49.93951777789765
395.0,2.506567475899953e-25,49.82739263413218,3.3417736659085745e-06,0.0,49.8273926341319,3.3417736657027858e-06,49.82588057857976,3.3417736659019025e-06,49.8258805785792,3.3417736657066334e-06,0.4500000000057622,0.44999999999428414,49.8289046896846,49.879035555795284,0.4500000000000252,0.45,-6.66489121713142e-222,1.526963999029759e-14,49.93951777789765
396.0,6.813556821545298e-25,49.82739263413237,3.3417736660154286e-06,0.0,49.82739263413171,3.341773665596947e-06,49.825880578580154,3.3417736660013573e-06,49.82588057857881,3.3417736656071303e-06,0.4500000000115902,0.4499999999882493,49.8289046896846,49.879035555795284,0.4500000000000303,0.45,-1.6725525475905772e-220,1.5269639990297818e-14,49.93951777789764
397.0,1.8521167695179756e-24,49.82739263413259,3.3417736661889577e-06,0.0,49.82739263413147,3.341773665454978e-06,49.82588057858061,3.3417736661682084e-06,49.82588057857836,3.3417736654400734e-06,0.4500000000203126,0.4499999999793748,49.8289046896846,49.87903555579528,0.45000000000004886,0.45,-3.4257195834392524e-220,1.5269639990298468e-14,49.93951777789764
398.0,5.034575358764983e-24,49.82739263413215,3.34177366621781e-06,0.0,49.82739263413193,3.3417736653489983e-06,49.8258805785797,3.3417736662382694e-06,49.82588057857926,3.3417736653700856e-06,0.45000000002425306,0.4499999999757948,49.82890468968459,49.87903555579528,0.45000000000005586,0.45,-5.126607969778627e-221,1.5269639990298553e-14,49.93951777789764
399.0,1.3685394711738532e-23,49.82739263413179,3.3417736661744095e-06,0.0,49.8273926341323,3.3417736653756494e-06,49.82588057857897,3.341773666206111e-06,49.82588057857999,3.3417736654021416e-06,0.4500000000224041,0.44999999997785317,49.82890468968459,49.879035555795284,0.45000000000004864,0.45,1.512209288805514e-220,1.526963999029824e-14,49.93951777789764
400.0,3.720075976020836e-23,49.827392634131776,3.3417736661423815e-06,0.0,49.827392634132316,3.3417736654374116e-06,49.82588057857894,3.3417736661570296e-06,49.825880578580026,3.3417736654513224e-06,0.4500000000197708,0.4499999999804508,49.8289046896846,49.879035555795284,0.45000000000003815,0.45,1.3588136570752012e-220,1.5269639990297925e-14,49.93951777789764
401.0,1.0112214926104486e-22,49.8273926341319,3.3417736660909602e-06,0.0,49.827392634132195,3.341773665518795e-06,49.82588057857919,3.341773666095699e-06,49.825880578579785,3.341773665512656e-06,0.45000000001603885,0.44999999998412615,49.828904689684606,49.879035555795284,0.45000000000002177,0.45,1.0404598874168824e-220,1.5269639990297433e-14,49.93951777789764
402.0,2.7487850079102147e-22,49.82739263413193,3.3417736660346075e-06,0.0,49.82739263413217,3.3417736655892258e-06,49.82588057857926,3.341773666026195e-06,49.82588057857973,3.3417736655823707e-06,0.4500000000125765,0.44999999998773516,49.82890468968461,49.87903555579529,0.44999999999999707,0.45,2.570455559416247e-220,1.5269639990296603e-14,49.93951777789765
403.0,7.47197233734299e-22,49.82739263413192,3.3417736659513315e-06,0.0,49.827392634132195,3.341773665644317e-06,49.825880578579216,3.3417736659676267e-06,49.82588057857977,3.341773665640724e-06,0.4500000000085592,0.44999999999143536,49.82890468968461,49.8790355557953,0.4499999999999869,0.45,1.7456673334408547e-221,1.5269639990296398e-14,49.939517777897656
404.0,2.031092662734811e-21,49.8273926341319,3.3417736659026466e-06,0.0,49.82739263413222,3.3417736656947974e-06,49.82588057857918,3.3417736659149235e-06,49.82588057857981,3.3417736656937534e-06,0.4500000000056805,0.4499999999940876,49.82890468968461,49.8790355557953,0.449999999999989,0.45,-1.7378708435009707e-220,1.5269639990296546e-14,49.939517777897656
405.0,5.5210822770285326e-21,49.827392634131805,3.341773665841066e-06,0.0,49.82739263413231,3.341773665756274e-06,49.825880578579,3.341773665837677e-06,49.82588057857999,3.3417736657710943e-06,0.45000000000231066,0.44999999999758145,49.82890468968461,49.87903555579529,0.4499999999999901,0.45,-7.552515364374589e-221,1.5269639990296537e-14,49.939517777897656
406.0,1.500785762707395e-20,49.82739263413165,3.3417736657140246e-06,0.0,49.827392634132465,3.3417736658824576e-06,49.82588057857868,3.3417736657111985e-06,49.8258805785803,3.3417736658973844e-06,0.450000000004746,0.4499999999953515,49.82890468968461,49.87903555579529,0.4499999999999884,0.45,1.0365675579523194e-220,1.5269639990296408e-14,49.939517777897656
407.0,4.07955866717756e-20,49.82739263413143,3.3417736654991125e-06,0.0,49.827392634132686,3.3417736660969064e-06,49.82588057857823,3.3417736655113915e-06,49.82588057858076,3.3417736660972533e-06,0.4500000000167283,0.4499999999833862,49.82890468968461,49.8790355557953,0.4499999999999824,0.45,1.5517293430860535e-220,1.52696399902962e-14,49.939517777897656
408.0,1.1089390193121365e-19,49.82739263413189,3.3417736654184012e-06,0.0,49.827392634132224,3.3417736661936143e-06,49.82588057857916,3.341773665416606e-06,49.82588057857983,3.341773666192107e-06,0.45000000002158885,0.449999999978351,49.82890468968461,49.8790355557953,0.4499999999999828,0.45,-1.2011743250914773e-221,1.526963999029628e-14,49.939517777897656
409.0,3.0144087850653744e-19,49.827392634132245,3.341773665445767e-06,0.0,49.82739263413185,3.341773666166595e-06,49.82588057857991,3.3417736654303283e-06,49.82588057857908,3.3417736661784744e-06,0.4500000000200624,0.4499999999798579,49.828904689684606,49.87903555579529,0.4499999999999874,0.45,-6.301313099089672e-221,1.5269639990296445e-14,49.939517777897656
410.0,8.194012623990515e-19,49.82739263413223,3.341773665457722e-06,0.0,49.82739263413186,3.3417736661543344e-06,49.82588057857987,3.341773665452469e-06,49.82588057857912,3.341773666156398e-06,0.45000000001941654,0.4499999999805626,49.828904689684606,49.87903555579529,0.44999999999998885,0.45,-1.336597164544808e-221,1.5269639990296467e-14,49.939517777897656
411.0,2.2273635617957436e-18,49.82739263413206,3.3417736654658935e-06,0.0,49.82739263413204,3.341773666145624e-06,49.82588057857951,3.3417736654703333e-06,49.82588057857948,3.3417736661385614e-06,0.4500000000189813,0.4499999999810692,49.828904689684606,49.87903555579529,0.4499999999999855,0.45,7.481007612868734e-221,1.526963999029633e-14,49.939517777897656
412.0,6.054601895401186e-18,49.82739263413195,3.3417736654668392e-06,0.0,49.82739263413216,3.3417736661443407e-06,49.82588057857927,3.341773665470328e-06,49.82588057857971,3.3417736661382492e-06,0.45000000001892865,0.44999999998114065,49.82890468968461,49.8790355557953,0.44999999999997575,0.45,1.393953536747661e-220,1.5269639990295997e-14,49.939517777897656
413.0,1.6458114310822736e-17,49.82739263413214,3.3417736654958175e-06,0.0,49.82739263413197,3.3417736661157135e-06,49.825880578579664,3.341773665496406e-06,49.82588057857932,3.3417736661124338e-06,0.4500000000172864,0.4499999999827115,49.82890468968461,49.8790355557953,0.44999999999997053,0.45,5.1372900249528755e-221,1.5269639990295877e-14,49.939517777897656
414.0,4.473779306181121e-17,49.827392634132295,3.341773665546983e-06,0.0,49.82739263413182,3.3417736660497804e-06,49.82588057857997,3.3417736655555194e-06,49.82588057857902,3.341773666053337e-06,0.45000000001400425,0.4499999999859606,49.82890468968461,49.87903555579529,0.44999999999997253,0.45,-4.3984851136372147e-222,1.5269639990295963e-14,49.939517777897656
415.0,1.2160992992528255e-16,49.82739263413237,3.341773665651709e-06,0.0,49.82739263413173,3.3417736659601847e-06,49.82588057858013,3.3417736656424364e-06,49.825880578578854,3.3417736659664625e-06,0.45000000000859053,0.4499999999913853,49.82890468968461,49.8790355557953,0.4499999999999748,0.45,1.139246742198142e-221,1.5269639990296026e-14,49.939517777897656
416.0,3.305700626760734e-16,49.82739263413246,3.3417736657967188e-06,0.0,49.827392634131634,3.3417736658451335e-06,49.825880578580325,3.3417736657773073e-06,49.82588057857867,3.3417736658319172e-06,0.45000000000135676,0.4499999999986565,49.82890468968461,49.8790355557953,0.4499999999999753,0.45,5.741738021014244e-221,1.5269639990296023e-14,49.939517777897656
417.0,8.98582594404938e-16,49.827392634132636,3.3417736660139785e-06,0.0,49.82739263413145,3.3417736656425215e-06,49.825880578580694,3.341773665979393e-06,49.82588057857829,3.3417736656295157e-06,0.4500000000103888,0.4499999999896706,49.82890468968461,49.8790355557953,0.44999999999997187,0.45,9.234787560460383e-221,1.52696399902959e-14,49.939517777897656
418.0,2.4426007377405278e-15,49.82739263413222,3.3417736660848387e-06,0.0,49.82739263413189,3.341773665527131e-06,49.82588057857981,3.3417736660758813e-06,49.82588057857917,3.3417736655327282e-06,0.45000000001552176,0.44999999998441553,49.82890468968461,49.8790355557953,0.44999999999997387,0.45,-1.2472838396832926e-221,1.5269639990296007e-14,49.939517777897656
419.0,6.639677199580734e-15,49.82739263413185,3.3417736660595963e-06,0.0,49.82739263413226,3.3417736655529753e-06,49.82588057857908,3.3417736660593926e-06,49.825880578579905,3.3417736655492958e-06,0.45000000001406415,0.4499999999858073,49.82890468968461,49.8790355557953,0.4499999999999817,0.45,-6.766490144834999e-221,1.5269639990296275e-14,49.939517777897656
420.0,1.8048513878454153e-14,49.82739263413184,3.3417736660434616e-06,0.0,49.82739263413226,3.3417736655840847e-06,49.825880578579074,3.341773666026799e-06,49.825880578579905,3.341773665581682e-06,0.4500000000127708,0.44999999998714885,49.82890468968461,49.8790355557953,0.4499999999999888,0.45,-3.69981900619232e-221,1.526963999029648e-14,49.93951777789765
421.0,4.90609473064928e-14,49.827392634132,3.341773666001104e-06,0.0,49.827392634132096,3.3417736655957746e-06,49.82588057857941,3.341773665997108e-06,49.82588057857958,3.3417736656117344e-06,0.4500000000113083,0.4499999999887008,49.828904689684606,49.8790355557953,0.44999999999999335,0.45,2.5479608013554507e-221,1.5269639990296594e-14,49.93951777789765
422.0,1.3336148155022612e-13,49.827392634132124,3.341773665987652e-06,0.0,49.827392634131975,3.341773665608591e-06,49.825880578579635,3.3417736659869226e-06,49.82588057857934,3.3417736656216074e-06,0.4500000000106049,0.4499999999894626,49.828904689684606,49.8790355557953,0.4499999999999934,0.45,6.572080502919014e-221,1.5269639990296575e-14,49.93951777789765
423.0,3.625140919143559e-13,49.82739263413203,3.3417736659848173e-06,0.0,49.8273926341321,3.341773665637815e-06,49.82588057857944,3.3417736659772045e-06,49.82588057857959,3.3417736656351104e-06,0.45000000000892865,0.4499999999895748,49.82890468968463,49.879035555795305,0.44999999999999235,0.45,7.503317547406315e-222,1.526963999029657e-14,49.939517777897656
424.0,9.854154686111258e-13,49.82739263413193,3.3417736659298355e-06,0.0,49.82739263413221,3.341773665682325e-06,49.82588057857923,3.341773665944588e-06,49.8258805785798,3.341773665668961e-06,0.45000000000589563,0.44999999999209067,49.82890468968463,49.879035555795305,0.44999999999999346,0.45,-2.37396769878969e-221,1.5269639990296616e-14,49.939517777897656
425.0,2.6786369618080782e-12,49.82739263413183,3.3417736658953295e-06,0.0,49.82739263413227,3.341773665729629e-06,49.82588057857906,3.341773665886053e-06,49.82588057857994,3.3417736657270944e-06,0.4500000000036902,0.4499999999944482,49.82890468968461,49.8790355557953,0.44999999999999485,0.45,-1.313416929768621e-221,1.5269639990296654e-14,49.939517777897656
426.0,7.281290178321644e-12,49.82739263413172,3.341773665787865e-06,0.0,49.827392634132366,3.3417736658232326e-06,49.82588057857885,3.3417736657852055e-06,49.825880578580126,3.3417736658279273e-06,0.44999999999953644,0.4499999999975638,49.8289046896846,49.879035555795284,0.4499999999999961,0.45,8.423563671116932e-222,1.5269639990296682e-14,49.93951777789765
427.0,1.9792598779469046e-11,49.82739263413156,3.341773665604471e-06,0.0,49.82739263413255,3.3417736659614036e-06,49.82588057857852,3.341773665625951e-06,49.825880578580474,3.3417736659904737e-06,0.45000000000646007,0.4499999999865521,49.8289046896846,49.879035555795284,0.4499999999999969,0.45,1.0037244971591178e-221,1.5269639990296707e-14,49.93951777789765
428.0,5.380186160021139e-11,49.82739263413183,3.3417736655314454e-06,0.0,49.82739263413214,3.341773666040753e-06,49.82588057857913,3.341773665543637e-06,49.82588057857973,3.341773666069869e-06,0.45000000001320367,0.44999999998479695,49.82890468968453,49.87903555579524,0.4499999999999974,0.45,4.486708407046903e-225,1.5269639990296726e-14,49.93951777789762
429.0,1.462486227251231e-10,49.82739263413208,3.3417736655308512e-06,0.0,49.82739263413183,3.3417736660549266e-06,49.82588057857964,3.3417736655424916e-06,49.825880578579145,3.3417736660684474e-06,0.45000000001578505,0.44999999998655466,49.828904689684514,49.87903555579523,0.4499999999999979,0.45,-1.4195455230199231e-224,1.5269639990296742e-14,49.93951777789762
430.0,3.975449735908647e-10,49.82739263413209,3.3417736655435457e-06,0.0,49.82739263413191,3.3417736660554835e-06,49.82588057857962,3.3417736655448705e-06,49.82588057857926,3.3417736660693833e-06,0.4500000000146268,0.4499999999860733,49.828904689684556,49.879035555795255,0.4499999999999983,0.45,-7.853751015492567e-225,1.5269639990296755e-14,49.939517777897635
431.0,1.0806392777072785e-09,49.82739263413198,3.34177366552092e-06,0.0,49.827392634132146,3.3417736660592147e-06,49.82588057857935,3.3417736655346718e-06,49.82588057857966,3.3417736660845063e-06,0.45000000001317614,0.4499999999831526,49.82890468968461,49.87903555579529,0.4499999999999986,0.45,5.036981801944419e-225,1.5269639990296764e-14,49.939517777897656
432.0,2.937482111710803e-09,49.82739263413188,3.3417736654445085e-06,0.0,49.827392634132295,3.341773666082921e-06,49.82588057857912,3.3417736654963863e-06,49.82588057857994,3.341773666126856e-06,0.45000000001404,0.4499999999784325,49.82890468968462,49.879035555795305,0.44999999999999885,0.45,6.001903972889369e-225,1.5269639990296774e-14,49.939517777897656
433.0,7.98490424568698e-09,49.82739263413197,3.3417736654977255e-06,0.0,49.827392634131904,3.3417736661243096e-06,49.825880578579444,3.3417736654910775e-06,49.825880578579316,3.341773666120229e-06,0.45000000001756635,0.4499999999826185,49.8289046896845,49.879035555795205,0.4499999999999992,0.45,2.682886896719503e-228,1.526963999029678e-14,49.939517777897606
434.0,2.1705220113036393e-08,49.827392634132096,3.3417736655690926e-06,0.0,49.827392634131655,3.341773666088455e-06,49.82588057857976,3.341773665535609e-06,49.82588057857887,3.3417736660685177e-06,0.45000000001677687,0.4499999999878094,49.82890468968445,49.87903555579518,0.44999999999999934,0.45,-8.488361037738328e-228,1.5269639990296786e-14,49.939517777897585
435.0,5.9000905415970614e-08,49.8273926341322,3.3417736656281753e-06,0.0,49.827392634131634,3.341773665997117e-06,49.825880578579934,3.341773665608862e-06,49.82588057857878,3.3417736659969243e-06,0.4500000000118591,0.4499999999912813,49.828904689684485,49.879035555795205,0.4499999999999994,0.45,-4.696254754703596e-228,1.526963999029679e-14,49.9395177778976
436.0,1.603810890548638e-07,49.8273926341323,3.3417736656879542e-06,0.0,49.82739263413165,3.34177366586478e-06,49.82588057858006,3.3417736657184605e-06,49.82588057857876,3.341773665888901e-06,0.45000000000539514,0.4499999999955327,49.82890468968453,49.879035555795234,0.44999999999999946,0.45,3.0119301834339174e-228,1.5269639990296793e-14,49.93951777789762
437.0,4.359610000063081e-07,49.827392634132394,3.3417736658518763e-06,0.0,49.827392634131506,3.3417736656908524e-06,49.825880578580275,3.3417736658732376e-06,49.82588057857849,3.3417736657275966e-06,0.4500000000060047,0.44999999999702367,49.8289046896845,49.87903555579521,0.44999999999999957,0.45,3.588918214284401e-228,1.5269639990296796e-14,49.939517777897606
438.0,1.1850648642339811e-06,49.827392634132224,3.341773665976068e-06,0.0,49.82739263413189,3.3417736656437666e-06,49.825880578579834,3.34177366596162e-06,49.82588057857916,3.3417736656443862e-06,0.45000000001028456,0.4499999999917504,49.82890468968462,49.879035555795305,0.44999999999999973,0.45,1.604267861330399e-231,1.5269639990296796e-14,49.939517777897656
439.0,3.2213402859925162e-06,49.82739263413209,3.3417736659924787e-06,0.0,49.827392634132195,3.3417736656418778e-06,49.825880578579486,3.341773665982476e-06,49.825880578579685,3.341773665629968e-06,0.45000000000955814,0.44999999999000323,49.828904689684705,49.87903555579537,0.4499999999999998,0.45,-5.075728248128425e-231,1.52696399902968e-14,49.939517777897684
440.0,8.75651076269652e-06,49.827392634132124,3.341773666003546e-06,0.0,49.82739263413212,3.3417736656050106e-06,49.82588057857957,3.3417736660057843e-06,49.825880578579564,3.3417736656053478e-06,0.4500000000114323,0.449999999989204,49.828904689684684,49.87903555579535,0.44999999999999984,0.45,-2.808187919067095e-231,1.52696399902968e-14,49.93951777789767
441.0,2.3802664086944005e-05,49.827392634132266,3.3417736660497262e-06,0.0,49.82739263413189,3.341773665546339e-06,49.82588057857989,3.3417736660529018e-06,49.82588057857914,3.3417736655534924e-06,0.45000000001641965,0.44999999998834334,49.82890468968464,49.87903555579531,0.44999999999999984,0.45,1.8010236658735737e-231,1.5269639990296802e-14,49.939517777897656
442.0,6.47023492564546e-05,49.82739263413246,3.3417736661714758e-06,0.0,49.82739263413174,3.341773665479028e-06,49.825880578580254,3.341773666144887e-06,49.82588057857881,3.34177366545948e-06,0.45000000002503315,0.4499999999864116,49.828904689684684,49.87903555579534,0.4499999999999999,0.45,2.1460413240527298e-231,1.5269639990296802e-14,49.93951777789767
443.0,0.00017587922024243116,49.82739263413219,3.341773666165764e-06,0.0,49.82739263413214,3.341773665423245e-06,49.82588057857964,3.3417736661727065e-06,49.82588057857956,3.341773665433293e-06,0.45000000002131696,0.44999999997990264,49.82890468968472,49.879035555795376,0.44999999999999984,0.45,9.592932799539677e-235,1.5269639990296802e-14,49.939517777897684
444.0,0.00047808928838854694,49.82739263413192,3.341773666091994e-06,0.0,49.8273926341324,3.3417736654571475e-06,49.82588057857912,3.3417736661304324e-06,49.82588057858009,3.3417736654761807e-06,0.45000000001474666,0.44999999997933776,49.8289046896847,49.87903555579536,0.44999999999999984,0.45,-3.035099135666936e-234,1.5269639990296802e-14,49.939517777897684
445.0,0.001299581425007503,49.82739263413184,3.3417736660506067e-06,0.0,49.827392634132416,3.3417736655147762e-06,49.825880578579,3.3417736660659346e-06,49.82588057858015,3.341773665540571e-06,0.45000000001326557,0.4499999999833795,49.82890468968468,49.87903555579534,0.4499999999999999,0.45,-1.679193272235092e-234,1.5269639990296805e-14,49.93951777789767
446.0,0.003532628572200807,49.82739263413183,3.341773665968878e-06,0.0,49.827392634132366,3.341773665624146e-06,49.82588057857901,3.3417736659724086e-06,49.82588057858006,3.341773665632638e-06,0.45000000001051677,0.44999999999128937,49.828904689684656,49.879035555795326,0.4499999999999999,0.45,1.0769460271290467e-234,1.5269639990296805e-14,49.93951777789766
447.0,0.009602680054508676,49.827392634131755,3.3417736658344007e-06,0.0,49.827392634132416,3.3417736657529733e-06,49.82588057857886,3.3417736658433543e-06,49.82588057858018,3.3417736657603523e-06,0.4500000000035068,0.4499999999989652,49.82890468968465,49.87903555579532,0.4499999999999999,0.45,1.2832539193050208e-234,1.5269639990296805e-14,49.93951777789766
448.0,0.026102790696677047,49.82739263413195,3.3417736657631877e-06,0.0,49.82739263413228,3.3417736658161683e-06,49.82588057857923,3.341773665767821e-06,49.82588057857988,3.341773665838825e-06,0.4500000000007864,0.4499999999978313,49.82890468968467,49.87903555579534,0.4499999999999999,0.45,5.7362216070365464e-238,1.5269639990296805e-14,49.93951777789767
449.0,0.07095474162284704,49.82739263413209,3.3417736657341294e-06,0.0,49.82739263413215,3.341773665859307e-06,49.82588057857951,3.341773665736912e-06,49.825880578579614,3.3417736658713424e-06,0.4500000000024806,0.4499999999954987,49.82890468968468,49.87903555579535,0.44999999999999996,0.45,-1.814877848653955e-237,1.5269639990296805e-14,49.93951777789767
450.0,0.19287498479639179,49.82739263413201,3.341773665693253e-06,0.0,49.82739263413222,3.3417736659140087e-06,49.82588057857935,3.341773665689847e-06,49.825880578579756,3.341773665918132e-06,0.45000000000499574,0.4499999999926829,49.82890468968467,49.87903555579533,0.45,0.45,-1.0040959247673939e-237,1.5269639990296805e-14,49.93951777789766
451.0,0.5242885663363464,49.82739263413181,3.3417736656033323e-06,0.0,49.82739263413239,3.341773665978514e-06,49.825880578578975,3.341773665608245e-06,49.825880578580104,3.341773666000922e-06,0.4500000000081595,0.44999999998723367,49.82890468968465,49.87903555579532,0.45,0.45,6.439741838623424e-238,1.5269639990296808e-14,49.939517777897656
452.0,1.425164082740935,49.82739263413162,3.341773665442224e-06,0.0,49.82739263413257,3.341773666111373e-06,49.82588057857859,3.3417736654734368e-06,49.8258805785805,3.3417736661414375e-06,0.4500000000130613,0.44999999997573914,49.828904689684634,49.879035555795305,0.45,0.45,7.673387287342456e-238,1.5269639990296808e-14,49.939517777897656
453.0,3.873997628687187,49.827392634131904,3.341773665411684e-06,0.0,49.82739263413207,3.341773666179874e-06,49.825880578579266,3.341773665417203e-06,49.82588057857959,3.341773666193426e-06,0.45000000002047247,0.4499999999776263,49.828904689684535,49.879035555795234,0.45,0.45,3.430049914104035e-241,1.5269639990296808e-14,49.93951777789762
454.0,10.530617357553814,49.82739263413217,3.34177366546912e-06,0.0,49.827392634131705,3.341773666146577e-06,49.82588057857985,3.3417736654482215e-06,49.8258805785789,3.341773666157385e-06,0.450000000021682,0.44999999998389656,49.8289046896845,49.87903555579521,0.45,0.45,-1.085230319771561e-240,1.5269639990296808e-14,49.93951777789761
455.0,28.62518580549394,49.82739263413224,3.3417736655147335e-06,0.0,49.82739263413172,3.3417736660967404e-06,49.82588057857995,3.34177366550123e-06,49.82588057857889,3.3417736661063563e-06,0.45000000001782375,0.44999999998536194,49.82890468968454,49.87903555579525,0.45,0.45,-6.004124973616376e-241,1.5269639990296808e-14,49.93951777789763
456.0,77.81132241133797,49.827392634132245,3.341773665570921e-06,0.0,49.82739263413189,3.3417736660145676e-06,49.825880578579884,3.341773665574834e-06,49.82588057857913,3.341773666038975e-06,0.45000000001103174,0.4499999999862873,49.82890468968462,49.879035555795305,0.45,0.45,3.850729182660309e-241,1.5269639990296808e-14,49.939517777897656
457.0,211.51310375910805,49.827392634132316,3.3417736656742187e-06,0.0,49.827392634131925,3.3417736659747266e-06,49.825880578579955,3.3417736656679405e-06,49.82588057857919,3.3417736659538654e-06,0.4500000000055693,0.44999999998880835,49.828904689684684,49.87903555579534,0.45,0.45,4.5884038673731e-241,1.5269639990296808e-14,49.93951777789767
458.0,574.952226429356,49.82739263413214,3.3417736657393416e-06,0.0,49.827392634131854,3.341773665914684e-06,49.825880578579714,3.341773665726199e-06,49.82588057857916,3.3417736658861045e-06,0.4500000000054747,0.44999999999569495,49.82890468968456,49.87903555579526,0.45,0.45,2.051043913435519e-244,1.5269639990296808e-14,49.939517777897635
459.0,1562.8821893349889,49.82739263413203,3.341773665743091e-06,0.0,49.82739263413183,3.341773665842113e-06,49.82588057857957,3.341773665765854e-06,49.825880578579174,3.3417736658408543e-06,0.45000000000466234,0.4499999999991393,49.8289046896845,49.87903555579521,0.45,0.45,-6.489278867023583e-244,1.5269639990296808e-14,49.93951777789761
460.0,4248.354255291589,49.827392634132146,3.3417736657917094e-06,0.0,49.82739263413181,3.3417736657828105e-06,49.82588057857972,3.3417736658278405e-06,49.825880578579074,3.3417736657805095e-06,0.45000000000169876,0.4500000000012026,49.828904689684556,49.87903555579525,0.45,0.45,-3.5902462911705966e-244,1.5269639990296808e-14,49.93951777789763
461.0,11548.224173015786,49.82739263413235,3.3417736659594084e-06,0.0,49.827392634131805,3.341773665675344e-06,49.82588057857998,3.341773665930171e-06,49.82588057857889,3.3417736656799985e-06,0.45000000000965784,0.4499999999938142,49.82890468968471,49.87903555579536,0.45,0.45,2.302594670680486e-244,1.5269639990296808e-14,49.93951777789768
462.0,31391.327920480297,49.82739263413253,3.341773666136348e-06,0.0,49.827392634131805,3.3417736655035094e-06,49.82588057858011,3.341773666088766e-06,49.82588057857867,3.341773665514851e-06,0.45000000002290713,0.44999999998761037,49.82890468968493,49.87903555579552,0.45,0.45,2.743697048215698e-244,1.5269639990296808e-14,49.939517777897755
463.0,85330.47625744065,49.82739263413174,3.3417736661105373e-06,0.0,49.82739263413274,3.341773665446209e-06,49.82588057857817,3.3417736661403698e-06,49.825880578580154,3.3417736654388956e-06,0.45000000001643414,0.449999999979381,49.82890468968533,49.8790355557958,0.45,0.45,-3.107952877330653e-247,1.5269639990296808e-14,49.9395177778979
464.0,231952.2830243569,49.827392634131115,3.3417736660231307e-06,0.0,49.827392634134114,3.3417736655141532e-06,49.825880578575614,3.34177366601082e-06,49.82588057858162,3.3417736655194925e-06,0.45000000001418466,0.44999999998579615,49.82890468968661,49.87903555579671,0.45,0.45,2.3944398823820953e-248,1.5269639990296808e-14,49.93951777789835
465.0,630511.6760146986,49.8273926341298,3.3417736659483847e-06,0.0,49.82739263413741,3.341773665650888e-06,49.82588057856949,3.3417736657349053e-06,49.82588057858471,3.341773665662952e-06,0.4500000000080581,0.44999999999146517,49.82890468969011,49.87903555579918,0.45,0.45,6.698650002279549e-250,1.5269639990296808e-14,49.93951777789959
466.0,1713908.43154201,49.82739263412608,3.3417736638605505e-06,0.0,49.82739263414638,3.341773666094575e-06,49.825880578553004,3.3417736649924775e-06,49.82588057859362,3.3417736660740246e-06,0.45000000006049345,0.4499999999358899,49.828904689699144,49.87903555580557,0.45,0.45,-3.8392675419033213e-250,1.5269639990296808e-14,49.939517777902786
467.0,4658886.145103375,49.8273926341156,3.3417736647866536e-06,0.0,49.82739263417194,3.3417736671414446e-06,49.82588057850563,3.341773662930727e-06,49.82588057861832,3.3417736671446904e-06,0.45000000005920815,0.4499999999278692,49.82890468972557,49.879035555824245,0.45,0.45,2.661439497919134e-250,1.5269639990296808e-14,49.93951777791212
468.0,12664165.549094016,49.82739263408663,3.3417736577415354e-06,0.0,49.82739263423752,3.3417736697288943e-06,49.825880578380215,3.3417736576460074e-06,49.825880578682,3.341773669727019e-06,0.4500000003342696,0.44999999966567134,49.82890468979305,49.87903555587195,0.44999999999999957,0.45,1.7420741957458217e-256,1.5269639990296793e-14,49.939517777935976
469.0,34424771.08469858,49.827392634009406,3.341773640299479e-06,0.0,49.82739263441811,3.341773676994189e-06,49.82588057804003,3.341773643134326e-06,49.82588057885743,3.3417736769823496e-06,0.4500000010233822,0.44999999897672444,49.8289046899788,49.879035556003274,0.4499999999999996,0.45,-8.809354130568629e-256,1.52696399902968e-14,49.93951777800164
470.0,93576229.68839298,49.82739263379868,3.34177360378128e-06,0.0,49.82739263491173,3.3417736964959113e-06,49.8258805771103,3.341773603778555e-06,49.82588057933641,3.341773696483739e-06,0.45000000258560874,0.4499999974144232,49.82890469048706,49.87903555636262,0.45000000000000057,0.45,1.3821032453104243e-261,1.5269639990296818e-14,49.93951777818132
471.0,254366564.7376276,49.82739263322561,3.3417734967960715e-06,0.0,49.827392636252334,3.3417737495879657e-06,49.82588057458501,3.3417734967976496e-06,49.825880580638476,3.341773749590702e-06,0.4500000070497833,0.44999999295024196,49.8289046918662,49.87903555733769,0.4499999999999992,0.45,1.1853579918738396e-266,1.5269639990296805e-14,49.939517778668844
472.0,691440010.6935422,49.827392631668495,3.3417732060296274e-06,0.0,49.82739263989572,3.341773893921745e-06,49.82588056772193,3.3417732060228986e-06,49.82588058417637,3.3417738939221266e-06,0.4500000191836615,0.4499999808162784,49.828904695615066,49.879035559988125,0.4500000000000019,0.45,1.7654790734454753e-281,1.5269639990296953e-14,49.93951777999406
473.0,1879528816.5355506,49.82739262743589,3.3417724156790967e-06,0.0,49.827392649799336,3.3417742861913765e-06,49.82588054906629,3.3417724156925082e-06,49.82588059379319,3.3417742861808034e-06,0.4500000521642948,0.4499999478359214,49.8289047058055,49.879035567192766,0.450000000000003,0.45,-4.216913056195713e-296,1.5269639990297058e-14,49.93951778359637
474.0,5109089028.037222,49.82739261593038,3.3417702673994118e-06,0.0,49.82739267672018,3.3417753523930287e-06,49.825880498354834,3.341770267415699e-06,49.825880619934445,3.3417753523858903e-06,0.45000014180869397,0.4499998581916315,49.828904733505915,49.87903558677697,0.4499999999999805,0.45,2.0550118603e-314,1.526963999029668e-14,49.939517793388475
475.0,13887943864.771145,49.82739258465517,3.341764427841168e-06,0.0,49.82739274989844,3.341778250576522e-06,49.82588036050711,3.341764427860695e-06,49.825880690993635,3.3417782505755276e-06,0.4500003854837526,0.44999961451615306,49.828904808803244,49.879035640012184,0.44999999999998236,0.45,0.0,1.526963999029755e-14,49.93951782000609
476.0,37751345441.365814,49.82739249964089,3.341748554682932e-06,0.0,49.82739294881645,3.341786128593225e-06,49.82587998580034,3.341748554437826e-06,49.82588088415147,3.3417861285843007e-06,0.4500010478459934,0.44999895214631214,49.828905013481425,49.879035784719676,0.44999999999998314,0.45,0.0,1.5269639990299815e-14,49.9395178923598
477.0,102618796306.48828,49.827392268552735,3.341705406721411e-06,0.0,49.82739348952224,3.3418075428173054e-06,49.82587896726073,3.341705406821446e-06,49.825881409199724,3.341807542788989e-06,0.45000284831191373,0.4499971516123159,49.82890556984473,49.87903617806857,0.4499999999999889,0.45,0.0,1.5269639990305984e-14,49.93951808903419
478.0,278946809209.0811,49.82739164042353,3.341588124835352e-06,0.0,49.827394959246,3.3418657498226815e-06,49.8258761987186,3.341588125070822e-06,49.82588283636354,3.3418657496793216e-06,0.45000774210895367,0.44999225727845193,49.82890708212847,49.87903724725328,0.44999999999998075,0.45,0.0,1.526963999032213e-14,49.939518623626384
479.0,758256042216.2385,49.82738993323993,3.3412693616500853e-06,0.0,49.82739895387341,3.3420239510374296e-06,49.825868674045815,3.341269361791334e-06,49.82588671531282,3.3420239506761294e-06,0.45002104218613187,0.44997895314510117,49.82891119243403,49.879040153239615,0.44999999999998647,0.45,0.0,1.5269639990366828e-14,49.9395200766191
480.0,2061153618190.2036,49.827385294470766,3.3404031786318194e-06,0.0,49.82740980873101,3.34245382607836e-06,49.82584822729138,3.3404031804692456e-06,49.8258972558119,3.342453825060947e-06,0.4500571761980783,0.4499427889284661,49.82892236165015,49.87904804987622,0.44999999999999385,0.45,0.0,1.5269639990488044e-14,49.93952402493618
481.0,5602796406145.94,49.82737269854532,3.3380509169221306e-06,0.0,49.82743928824175,3.3436211630941925e-06,49.82579270205911,3.3380509217991565e-06,49.825925881452065,3.3436211604055824e-06,0.4501552554159495,0.44984448612302724,49.828952695031475,49.879069495579046,0.44999999999999585,0.45,0.0,1.5269639990816696e-14,49.93953474778431
482.0,15229979512760.35,49.82733855913625,3.331673503901187e-06,0.0,49.82751922253373,3.3467855885555525e-06,49.82564217264173,3.331673517557414e-06,49.82600349943697,3.3467855811611565e-06,0.45042080806975177,0.44957728486426535,49.82903494563068,49.879127646758775,0.44999999999999657,0.45,0.0,1.5269639991707648e-14,49.93956382336525
483.0,41399375473943.305,49.82724649043876,3.3144603193468434e-06,0.0,49.827735044837155,3.3553234300480034e-06,49.82523595153346,3.314460356014462e-06,49.826213060331085,3.355323410169766e-06,0.4511349349130485,0.44885107729330875,49.829257029343765,49.87928465996082,0.4499999999999965,0.45,0.0,1.5269639994113254e-14,49.93964232994233
484.0,112535162055095.0,49.82700150997212,3.268555744494554e-06,0.0,49.828311130761456,3.378069234507593e-06,49.82415313959217,3.268555841630154e-06,49.826772381173384,3.3780691818861568e-06,0.4530204695812445,0.4468783412362826,49.82984988035093,49.879703805670864,0.44999999999999263,0.45,0.0,1.526964000053493e-14,49.93985190273463
485.0,305902226925624.75,49.82637239962776,3.149961369511992e-06,0.0,49.829803091600816,3.436673601617289e-06,49.82135920952916,3.1499616142663374e-06,49.82822059348404,3.436673468369104e-06,0.45776066902951845,0.44153298006082964,49.83138558972116,49.880789552339735,0.4499999999999941,0.45,0.0,1.5269640017169866e-14,49.94039477591436
486.0,831528027664132.1,49.82489545561096,2.86713325372565e-06,0.0,49.83338399829338,3.575455277962338e-06,49.814717815326,2.8671338053230878e-06,49.831694900724585,3.5754549749606957e-06,0.46824633505839264,0.4272460085608548,49.835073095870506,49.883396619649304,0.44999999999983914,0.45,0.0,1.5269640057109127e-14,49.94169830924335
487.0,2260324297903574.5,49.822067000533345,2.3043990019173502e-06,0.0,49.84062090946909,3.846983823267737e-06,49.80160620167633,2.3043999545281297e-06,49.83871401966922,3.846983278782398e-06,0.48510633573290407,0.3913933562607792,49.84252779928469,49.88866709639277,0.449999999999918,0.45,0.0,1.5269640137860517e-14,49.944333547151714
488.0,6144174602214718.0,49.818337749020266,1.50200407616471e-06,0.0,49.851276065750305,4.221636913650704e-06,49.783197736079174,1.502005146690002e-06,49.849074369849085,4.221636254489544e-06,0.4971856314423706,0.3173771229306731,49.853477761671485,49.896408723096265,0.45000000000001483,0.45,0.0,1.5269640256472478e-14,49.94820436029395
489.0,1.6701421848095182e+16,49.81530459616121,7.708066442495276e-07,0.0,49.86143855151862,4.549029379008243e-06,49.76679422746107,7.708073991016496e-07,49.85906213868919,4.549028874958671e-06,0.49105817535408963,0.2076895934091085,49.86381496436303,49.90371712984323,0.4499999999996799,0.45,0.0,1.5269640368437116e-14,49.951858563994506
490.0,4.539786870243439e+16,49.813603813218904,3.3112163840054714e-07,0.0,49.867694102736316,4.744559605443721e-06,49.75714241611436,3.311220177409653e-07,49.86532299584776,4.7445593111935536e-06,0.4756252217853194,0.08282312395588633,49.87006520963196,49.908136056645866,0.44999999999972584,0.45,0.0,1.5269640436141924e-14,49.95406802787344
491.0,1.2339457598623173e+17,49.812702256492344,1.2942538106621168e-07,0.0,49.87031587542151,4.846187907580692e-06,49.7527776090804,1.2942554770063043e-07,49.868004848047185,4.846187833770348e-06,0.46201799861275444,4.772065566769932e-10,49.87262690279803,49.90994717539449,0.4499999999996868,0.45,0.0,1.5269640463896174e-14,49.954973587556836
492.0,3.353501304664781e+17,49.8121025355938,4.854370520628703e-08,0.0,49.870899301777314,4.906028546337131e-06,49.75103952302486,4.85437657835725e-08,49.86863305760144,4.906028543509378e-06,0.4544526173856809,1.2669295564208701e-09,49.87316554595322,49.910327996649784,0.450000000003341,0.45,0.0,1.5269640469837436e-14,49.95516399832491
493.0,9.110511944006454e+17,49.811649358205884,1.792990881160597e-08,0.0,49.8706598513051,4.946426196799004e-06,49.75038362476457,1.792986510956614e-08,49.86840461558443,4.946426226220784e-06,0.45163116568248385,3.436877592771129e-09,49.87291508702512,49.91015092221431,0.4499999999918597,0.45,0.0,1.526964046686249e-14,49.955075461151935
494.0,2.4726231566347745e+18,49.81129739842174,6.594848601778715e-09,0.0,49.870196062266295,4.975783337003238e-06,49.75014105832366,6.594898649241922e-09,49.867938395823224,4.9757833658773715e-06,0.45059642083681184,9.37801824599722e-09,49.872453728708614,49.90982474174241,0.44999999999517437,0.45,0.0,1.526964046187049e-14,49.95491237092353
495.0,6.692850924284855e+18,49.81102103541316,2.42899352581411e-09,0.0,49.86972632793662,4.998060018596077e-06,49.75005194668777,2.4289507966891672e-09,49.867462552655674,4.998060045126599e-06,0.45021869042154894,2.5554378493145543e-08,49.87199010321687,49.90949695834594,0.44999999999477425,0.45,0.0,1.5269640456842183e-14,49.954748479220676
496.0,1.7986209962091559e+19,49.810802887689185,9.01108202037321e-10,0.0,49.86931634318514,5.015355477307372e-06,49.75001927071754,9.011099377787121e-10,49.8670462261617,5.01535550020856e-06,0.4500818566480024,0.6232207222391302,49.87158646020798,49.90921158257829,0.4499999999946853,0.45,0.0,1.526964045246489e-14,49.95460579132924
497.0,4.742587317756678e+19,49.81063035623933,3.408420641271805e-10,0.0,49.86897756576457,5.028928874809734e-06,49.75000728785225,3.407897846666599e-10,49.86670179944026,5.028928891171074e-06,0.4500311631364508,0.6244927381754105,49.8712533320884,49.908976060862244,0.44999999999483353,0.45,0.0,1.5269640448863805e-14,49.95448803046373
498.0,1.1920292202211756e+20,49.810493789319494,1.3531108717110446e-10,0.0,49.86870408566245,5.039635795361369e-06,49.750002894169576,1.3533611998839138e-10,49.866423671480106,5.039635811974817e-06,0.45001232720500683,0.6256719086242825,49.87098449984441,49.90878599635535,0.4499999999951546,0.45,0.0,1.5269640445953447e-14,49.95439299820382
499.0,2.6894142136999513e+20,49.81038567802889,5.986822770796135e-11,0.0,49.86848557609925,5.048100160661902e-06,49.750001281005616,5.99020812141116e-11,49.866201404721714,5.048100176245757e-06,0.4500054280560609,0.6266688826896752,49.870769747476494,49.908634166342914,0.4499999999956951,0.45,0.0,1.5269640443526895e-14,49.95431708319228
500.0,5e+20,49.81030010097438,3.215669123755954e-11,0.0,49.86831185496102,5.054796714566132e-06,49.750000687480046,3.214781933415303e-11,49.86602468029939,5.054796722212048e-06,0.45000289295242807,0.6274801690712534,49.87059902962242,49.90851346875001,0.4499999999840749,0.45,0.0,1.526964044146736e-14,49.95425673439153
501.0,7.310585786300048e+20,49.8102323417695,2.1968576394726977e-11,0.0,49.86817408989867,5.060095178656906e-06,49.75000046980835,2.196911061783458e-11,49.865884527592684,5.060095186243588e-06,0.4500019647254706,0.6281330091927873,49.87046365220448,49.908417756858874,0.4499999999922231,0.45,0.0,1.5269640440246746e-14,49.954208878442536
502.0,8.807970779778823e+20,49.81017867620922,1.8217629751429164e-11,0.0,49.86806497122009,5.064287503558737e-06,49.75000038960551,1.8218687283506517e-11,49.86577351561305,5.064287509991535e-06,0.45000162232331403,0.6286466267271785,49.87035642682697,49.908341948471715,0.44999999999987705,0.45,0.0,1.5269640439419218e-14,49.954170974246225
503.0,9.525741268224334e+20,49.810136189483394,1.6833057256400143e-11,0.0,49.86797860538669,5.06760405318384e-06,49.75000035997756,1.6833236977659803e-11,49.865685650464215,5.067604057968059e-06,0.4500014955327583,0.6290567262867239,49.87027156030903,49.90828194780737,0.45000000001181045,0.45,0.0,1.5269640438895805e-14,49.95414097391188
504.0,9.820137900379084e+20,49.8101025702286,1.6319318654883423e-11,0.0,49.86791027596936,5.070227389685538e-06,49.75000034898987,1.6319439174182492e-11,49.86561613455341,5.070227393406144e-06,0.4500014484955957,0.6293824333370195,49.87020441738523,49.9082344777325,0.45000000001519364,0.45,0.0,1.526964043813962e-14,49.95411723887273
505.0,9.933071490757152e+20,49.81007597744103,1.6126659544228854e-11,0.0,49.867856230769625,5.072302101545062e-06,49.75000034486872,1.6126733587153492e-11,49.86556115078989,5.072302104439454e-06,0.45000143053280994,0.629641142028109,49.87015131074929,49.90819693131837,0.45000000002192214,0.45,0.0,1.5269640437764885e-14,49.95409846566432
506.0,9.975273768433653e+20,49.81005494679675,1.605282796927668e-11,0.0,49.86781349039276,5.073942758596282e-06,49.750000343289415,1.6052889530554132e-11,49.86551766813247,5.073942760894905e-06,0.4500014235752316,0.6298433052691623,49.87010931265299,49.908167238646435,0.4500000000297444,0.45,0.0,1.5269640437481135e-14,49.95408361932728
507.0,9.990889488055994e+20,49.81003831752173,1.6023312693516054e-11,0.0,49.86777969498129,5.075240019615993e-06,49.750000342657586,1.6023351363655925e-11,49.86548328577451,5.075240021351555e-06,0.45000142053215764,0.6300065528389258,49.87007610418802,49.90814376024816,0.45000000002495283,0.45,0.0,1.5269640437040146e-14,49.9540718801273
508.0,9.996646498695336e+20,49.81002517015171,1.601058867909486e-11,0.0,49.867752975780235,5.076265644346992e-06,49.750000342385356,1.601062864176674e-11,49.86545610251915,5.076265645823341e-06,0.4500014191279558,0.6301343722171222,49.87004984904127,49.90812519784819,0.4500000000283979,0.45,0.0,1.5269640436885617e-14,49.95406259892664
509.0,9.998766054240137e+20,49.810014775679754,1.6004431105768365e-11,0.0,49.86773185123542,5.077076512617256e-06,49.75000034225336,1.6004463603510704e-11,49.86543461108494,5.0770765137793464e-06,0.4500014183880761,0.6302338236462434,49.870029091385874,49.90811052217742,0.45000000002613594,0.45,0.0,1.5269640436579675e-14,49.95405526109071
510.0,9.999546021312975e+20,49.81000655880048,1.6000998268581116e-11,0.0,49.867715152173886,5.077717506624706e-06,49.75000034217963,1.6001023144596986e-11,49.86541762199486,5.077717507512727e-06,0.4500014179087778,0.6303119862231634,49.87001268235292,49.908098920984,0.45000000002945545,0.45,0.0,1.5269640436524127e-14,49.954049460493586
511.0,9.99983298578152e+20,49.81000006285212,1.5998812166094463e-11,0.0,49.867701950535526,5.078224251440044e-06,49.75000034213261,1.599883157061435e-11,49.86540419107065,5.078224252155506e-06,0.4500014176450185,0.6303759520245016,49.86999971000038,49.90808974952569,0.4500000000264648,0.45,0.0,1.5269640436258183e-14,49.9540448747641
512.0,9.999938558253978e+20,49.80999492838675,1.5997278297849966e-11,0.0,49.86769151582195,5.078624787668803e-06,49.75000034209957,1.5997293946395195e-11,49.86539357512712,5.078624788244108e-06,0.4500014174103218,0.6304257121384811,49.86998945651676,49.908082500308794,0.4500000000231549,0.45,0.0,1.5269640436047008e-14,49.95404125015539
513.0,9.999977396757021e+20,49.80999086944706,1.5996137128538793e-11,0.0,49.867683266886715,5.078941422797686e-06,49.750000342074934,1.5996149329944898e-11,49.865385182924456,5.078941423218468e-06,0.45000141724343923,0.6304648149069387,49.86998135084896,49.90807676959849,0.45000000002075247,0.45,0.0,1.5269640435878637e-14,49.95403838480003
514.0,9.999991684719722e+20,49.80998766135385,1.5995261427499123e-11,0.0,49.86767674711704,5.0791916839208815e-06,49.750000342056005,1.599527139734684e-11,49.865378549919484,5.0791916842775646e-06,0.4500014171021651,0.6304968116827177,49.86997494431457,49.908072240176196,0.45000000001845153,0.45,0.0,1.5269640435739756e-14,49.954036120088716
515.0,9.99999694097773e+20,49.80998512542137,1.5994578863152213e-11,0.0,49.867671593371945,5.079389510239834e-06,49.750000342041204,1.5994586459685588e-11,49.86537330666419,5.079389510517079e-06,0.45000141700171065,0.6305217003225406,49.8699698800797,49.908068659760204,0.45000000001666335,0.45,0.0,1.5269640435625384e-14,49.95403432988059
516.0,9.99999887464838e+20,49.80998312125402,1.5994042979063263e-11,0.0,49.867667520327004,5.0795458538985025e-06,49.75000034202955,1.5994048900043313e-11,49.865369162878636,5.079545854126989e-06,0.45000141690100254,0.6305394790849085,49.86996587777534,49.90806583012944,0.45000000001534135,0.45,0.0,1.5269640435550546e-14,49.9540329150651
517.0,9.999999586006245e+20,49.809981536397345,1.5993620520409067e-11,0.0,49.86766429944222,5.079669487462178e-06,49.75000034202034,1.5993625542478122e-11,49.86536588605352,5.079669487642302e-06,0.4500014168341743,0.6305537028359557,49.86996271283092,49.908063592512605,0.4500000000130167,0.45,0.0,1.5269640435444782e-14,49.9540317962566
518.0,9.999999847700205e+20,49.80998028435122,1.5993287255900784e-11,0.0,49.86766175492439,5.079767158663911e-06,49.75000034201303,1.5993291186025657e-11,49.865363297342554,5.079767158805345e-06,0.4500014167986595,0.6305679272726208,49.869960212506236,49.908061824781996,0.45000000001347434,0.45,0.0,1.5269640435421908e-14,49.954030912391254
519.0,9.999999943972036e+20,49.809979294789834,1.5993024035365314e-11,0.0,49.86765974385121,5.079844353616736e-06,49.750000342007226,1.59930270097118e-11,49.865361251341135,5.079844353726335e-06,0.4500014167359434,0.6305785959707302,49.86995823636129,49.90806042764661,0.4500000000142303,0.45,0.0,1.5269640435435275e-14,49.9540302138235
520.0,9.999999979388463e+20,49.8099785119992,1.599281588044451e-11,0.0,49.867658152995546,5.079905418563293e-06,49.7500003420026,1.5992818020549098e-11,49.86535963285537,5.079905418649306e-06,0.45000141671739563,0.6305857086693005,49.86995667313571,49.908059322445666,0.45000000001212515,0.45,0.0,1.5269640435346692e-14,49.95402966122298
521.0,9.999999992417439e+20,49.80997789386288,1.5992651533306912e-11,0.0,49.86765689676508,5.0799536389240175e-06,49.75000034199893,1.59926533725486e-11,49.86535835480684,5.079953638976262e-06,0.4500014166648411,0.6305892650181083,49.869955438723316,49.908058449715476,0.4500000000130798,0.45,0.0,1.5269640435375832e-14,49.95402922485786
522.0,9.999999997210531e+20,49.80997740508569,1.5992521588379527e-11,0.0,49.86765590342937,5.07999176808109e-06,49.750000341995985,1.5992523176706106e-11,49.86535734421884,5.079991768119892e-06,0.45000141662159776,0.6305963779227632,49.869954462639924,49.90805775962421,0.45000000001153206,0.45,0.0,1.526964043533207e-14,49.9540288798122
523.0,9.999999998973812e+20,49.809977018773125,1.5992418887667815e-11,0.0,49.8676551183313,5.080021904012987e-06,49.750000341993626,1.5992420096017635e-11,49.86535654548512,5.080021904057233e-06,0.4500014166703558,0.6305999345338907,49.86995369117748,49.90805721419989,0.45000000001319906,0.45,0.0,1.5269640435339497e-14,49.95402860710003
524.0,9.999999999622486e+20,49.80997671370495,1.599233778686821e-11,0.0,49.867654498345374,5.080045702119599e-06,49.75000034199173,1.5992338707480696e-11,49.865355914731445,5.080045702147573e-06,0.4500014165981928,0.6306034910156856,49.8699530819593,49.90805678348209,0.45000000001601004,0.45,0.0,1.5269640435451853e-14,49.954028391741105
525.0,9.99999999986112e+20,49.80997647208565,1.599227355408114e-11,0.0,49.867654007305546,5.080064550645938e-06,49.7500003419902,1.599227454509054e-11,49.865355415163116,5.080064550689149e-06,0.4500014166378685,0.6306034910712845,49.86995259944796,49.90805644234647,0.4500000000156677,0.45,0.0,1.52696404354101e-14,49.95402822117328
526.0,9.99999999994891e+20,49.80997628115494,1.5992222796669847e-11,0.0,49.86765361927955,5.0800794450588135e-06,49.75000034198895,1.5992223461834874e-11,49.86535502039782,5.080079445088163e-06,0.450001416608995,0.6306070476538606,49.86995221816127,49.90805617277693,0.4500000000112069,0.45,0.0,1.5269640435278446e-14,49.95402808638851
527.0,9.999999999981204e+20,49.80997613063186,1.5992182781359483e-11,0.0,49.86765331337409,5.080091187135304e-06,49.750000341987935,1.5992183224713056e-11,49.86535470918,5.080091187149468e-06,0.45000141645765096,0.6306070474417754,49.86995191756819,49.90805596025657,0.45000000002055734,0.45,0.0,1.5269640435643824e-14,49.954027980128316
528.0,9.999999999993086e+20,49.809976011451646,1.5992151098346038e-11,0.0,49.86765307116523,5.0801004842793425e-06,49.7500003419871,1.5992151600719724e-11,49.865354462763825,5.080100484332159e-06,0.45000141665194937,0.6306106043772114,49.86995167956661,49.90805579198962,0.4500000000206994,0.45,0.0,1.5269640435540834e-14,49.95402789599483
529.0,9.999999999997456e+20,49.80997591729114,1.5992126066595384e-11,0.0,49.8676528798049,5.080107829601842e-06,49.7500003419864,1.599212603784032e-11,49.86535426808075,5.0801078295929605e-06,0.45000141637279745,0.6306106039860212,49.86995149152906,49.908055659046035,0.4500000000278724,0.45,0.0,1.5269640435908424e-14,49.95402782952304
530.0,9.999999999999065e+20,49.80997584314301,1.599210635500175e-11,0.0,49.86765272911418,5.080113613801502e-06,49.75000034198584,1.5992106855089598e-11,49.86535411477219,5.080113613825445e-06,0.45000141663977045,0.6306106043601445,49.869951343456144,49.90805555435845,0.45000000003225976,0.45,0.0,1.5269640435900172e-14,49.954027777179235
531.0,9.999999999999655e+20,49.809975783900796,1.599209060601426e-11,0.0,49.867652608716874,5.080118235311623e-06,49.75000034198534,1.599209118144296e-11,49.86535399228355,5.08011823531049e-06,0.4500014166953201,0.6306106044379891,49.86995122515019,49.90805547071648,0.4500000000282268,0.45,0.0,1.5269640435743082e-14,49.95402773535825
532.0,9.999999999999873e+20,49.80997573717536,1.599207818448993e-11,0.0,49.867652513757484,5.080121880365183e-06,49.750000341984915,1.5992078378898195e-11,49.86535389567492,5.080121880383079e-06,0.45000141663246346,0.6306106043499049,49.86995113184004,49.90805540474663,0.45000000002141716,0.45,0.0,1.5269640435562695e-14,49.95402770237332
533.0,9.999999999999953e+20,49.809975700577496,1.599206845530645e-11,0.0,49.867652439380464,5.080124735376077e-06,49.75000034198454,1.5992068128456176e-11,49.8653538200063,5.080124735374803e-06,0.4500014165442178,0.6306106042262416,49.869951058754616,49.90805535307539,0.45000000001747437,0.45,0.0,1.5269640435484563e-14,49.954027676537706
534.0,9.999999999999982e+20,49.80997567171823,1.5992060783358104e-11,0.0,49.86765238073057,5.080126986597388e-06,49.750000341984226,1.5992060749126064e-11,49.86535376033806,5.080126986608644e-06,0.45000141652877124,0.6306106042045955,49.86995100112307,49.908055312329495,0.4500000000219974,0.45,0.0,1.5269640435630038e-14,49.954027656164754
535.0,9.999999999999993e+20,49.8099756487481,1.599205467699932e-11,0.0,49.86765233404851,5.080128778524612e-06,49.75000034198394,1.599205464588987e-11,49.8653537128449,5.0801287785187745e-06,0.4500014165815849,0.6306141609818823,49.86995095525212,49.90805527989898,0.4500000000195302,0.45,0.0,1.5269640435527325e-14,49.954027639949494
536.0,9.999999999999997e+20,49.809975630673655,1.5992049872105565e-11,0.0,49.86765229731632,5.080130188453418e-06,49.750000341983686,1.5992050137754574e-11,49.865353675474864,5.080130188450061e-06,0.4500014165761967,0.6306141609743315,49.86995091915777,49.908055254379995,0.4500000000220063,0.45,0.0,1.5269640435605877e-14,49.95402762719008
537.0,1e+21,49.80997561624544,1.5992046036536655e-11,0.0,49.867652267994174,5.0801313139925535e-06,49.75000034198345,1.5992046267708413e-11,49.86535364564342,5.080131313987849e-06,0.45000141658663695,0.6306141609889621,49.869950890344924,49.90805523400936,0.4500000000208516,0.45,0.0,1.5269640435564708e-14,49.95402761700484
538.0,1e+21,49.80997560483304,1.599204300269637e-11,0.0,49.86765224480097,5.080132204286211e-06,49.750000341983224,1.5992043035752557e-11,49.865353622047316,5.080132204285471e-06,0.4500014165990366,0.6306141610063384,49.869950867554635,49.90805521789686,0.4500000000172298,0.45,0.0,1.526964043544533e-14,49.954027608948714
539.0,1e+21,49.809975595886755,1.5992040624450754e-11,0.0,49.86765222661967,5.080132902161063e-06,49.750000341983025,1.5992041079898522e-11,49.86535360355018,5.080132902175725e-06,0.4500014165971116,0.6306141610036409,49.86995084968915,49.90805520526598,0.4500000000141339,0.45,0.0,1.526964043535152e-14,49.954027602633474
540.0,1e+21,49.80997558885688,1.599203875565675e-11,0.0,49.86765221233316,5.0801334504739334e-06,49.75000034198282,1.5992038805121794e-11,49.865353589015626,5.080133450491052e-06,0.45000141656457815,0.6306141609580497,49.86995083565067,49.90805519534021,0.4500000000145569,0.45,0.0,1.5269640435387047e-14,49.95402759767094
541.0,1e+21,49.809975583268276,1.5992037270034656e-11,0.0,49.86765220097565,5.080133886566352e-06,49.75000034198263,1.5992037168438527e-11,49.86535357746082,5.080133886568972e-06,0.45000141659399434,0.6306141609992725,49.86995082449048,49.90805518745088,0.45000000001446966,0.45,0.0,1.526964043535679e-14,49.95402759372546
542.0,1e+21,49.809975578849006,1.5992036095245088e-11,0.0,49.86765219199451,5.0801342313332635e-06,49.75000034198245,1.5992036169849745e-11,49.86535356832366,5.080134231341751e-06,0.4500014165988455,0.6306141610060706,49.869950815665355,49.90805518121176,0.450000000011224,0.45,0.0,1.526964043525383e-14,49.95402759060596
543.0,1e+21,49.80997557532428,1.5992035158273824e-11,0.0,49.86765218483137,5.08013450633392e-06,49.75000034198227,1.5992035171344987e-11,49.865353561036095,5.080134506322862e-06,0.45000141660147364,0.6306141610097535,49.86995080862666,49.90805517623559,0.4500000000086576,0.45,0.0,1.5269640435172196e-14,49.954027588117896
544.0,1e+21,49.80997557254807,1.5992034420294527e-11,0.0,49.86765217918945,5.080134722906826e-06,49.7500003419821,1.5992034491930193e-11,49.86535355529611,5.080134722921861e-06,0.4500014166081118,0.6306141610190561,49.86995080308277,49.90805517231633,0.4500000000050983,0.45,0.0,1.526964043505718e-14,49.95402758615834
545.0,1e+21,49.809975570374355,1.5992033842486335e-11,0.0,49.86765217477188,5.0801348925412555e-06,49.75000034198193,1.599203381259986e-11,49.86535355080169,5.080134892549814e-06,0.4500014166249932,0.630614161042713,49.86995079874207,49.90805516924794,0.449999999998874,0.45,0.0,1.5269640434854067e-14,49.954027584624356
546.0,1e+21,49.809975568657386,1.5992033386086582e-11,0.0,49.86765217128259,5.080135026564468e-06,49.75000034198177,1.5992033452360247e-11,49.86535354725176,5.080135026585904e-06,0.45000141659068443,0.6306141609946341,49.86995079531343,49.90805516682465,0.4499999999894281,0.45,0.0,1.5269640434576495e-14,49.95402758341247
547.0,1e+21,49.809975567290266,1.5992033022688112e-11,0.0,49.867652168504776,5.080135133187891e-06,49.7500003419816,1.5992032773199175e-11,49.865353544426114,5.080135133202991e-06,0.45000141656639775,0.6306141609605996,49.869950792583424,49.908055164894336,0.44999999999200546,0.45,0.0,1.526964043466107e-14,49.9540275824469
548.0,1e+21,49.80997556621402,1.5992032736634894e-11,0.0,49.86765216631774,5.080135217117522e-06,49.75000034198145,1.5992033051142114e-11,49.86535354220111,5.080135217114624e-06,0.4500014165654756,0.6306141609593074,49.869950790434366,49.90805516337466,0.4499999999954565,0.45,0.0,1.5269640434773578e-14,49.954027581687384
549.0,1e+21,49.809975565354556,1.5992032508199972e-11,0.0,49.867652164571176,5.080135284123655e-06,49.750000341981284,1.5992032691157363e-11,49.865353540424174,5.080135284138675e-06,0.45000141657445986,0.6306141609718976,49.86995078871817,49.9080551621612,0.449999999996926,0.45,0.0,1.52696404348173e-14,49.954027581080844
550.0,1e+21,49.80997556467585,1.599203232781547e-11,0.0,49.86765216319196,5.0801353370751086e-06,49.75000034198112,1.5992032331257577e-11,49.86535353902099,5.080135337071633e-06,0.4500014165739929,0.6306141609712432,49.869950787362946,49.908055161202995,0.4499999999975976,0.45,0.0,1.526964043483848e-14,49.95402758060164
551.0,1e+21,49.80997556414397,1.5992032186466486e-11,0.0,49.86765216211121,5.080135378543929e-06,49.750000341980964,1.5992032290449668e-11,49.865353537921486,5.0801353785439655e-06,0.4500014165648277,0.6306141609583995,49.869950786300926,49.90805516045205,0.449999999998792,0.45,0.0,1.526964043487892e-14,49.954027580226054
552.0,1e+21,49.809975563724976,1.5992032075130823e-11,0.0,49.86765216125999,5.080135411192648e-06,49.7500003419808,1.5992031930719983e-11,49.865353537055604,5.080135411186153e-06,0.4500014165477174,0.6306141609344218,49.86995078546437,49.908055159860325,0.45000000000183016,0.45,0.0,1.5269640434980433e-14,49.954027579930376
553.0,1e+21,49.80997556339156,1.599203198653798e-11,0.0,49.8676521605824,5.080135437164902e-06,49.750000341980645,1.5992031890082522e-11,49.86535353636612,5.080135437175033e-06,0.45000141656941817,0.6306141609648324,49.86995078479868,49.908055159389576,0.45000000000274853,0.45,0.0,1.5269640435002127e-14,49.954027579694944
554.0,1e+21,49.80997556312935,1.5992031916879e-11,0.0,49.86765216004965,5.080135457626398e-06,49.75000034198049,1.5992031849530355e-11,49.86535353582412,5.080135457619299e-06,0.45000141657839016,0.6306141609774053,49.8699507842752,49.90805515901943,0.4500000000027275,0.45,0.0,1.5269640434995926e-14,49.95402757950983
555.0,1e+21,49.809975562920144,1.5992031861319003e-11,0.0,49.86765215962466,5.0801354739528436e-06,49.75000034198034,1.5992032128070983e-11,49.86535353539174,5.080135473936633e-06,0.45000141658346976,0.6306141609845237,49.869950783857604,49.908055158724224,0.4500000000034466,0.45,0.0,1.526964043501727e-14,49.954027579362254
556.0,1e+21,49.80997556275397,1.5992031817189535e-11,0.0,49.867652159287196,5.080135486851923e-06,49.75000034198018,1.5992032087689592e-11,49.86535353504848,5.080135486859174e-06,0.45000141656728604,0.6306141609618445,49.86995078352591,49.90805515848946,0.4500000000059811,0.45,0.0,1.5269640435107263e-14,49.954027579244794
557.0,1e+21,49.809975562623436,1.5992031782537e-11,0.0,49.86765215902213,5.080135496981662e-06,49.75000034198003,1.5992032047393524e-11,49.86535353477887,5.080135496983194e-06,0.45000141655224557,0.6306141609407674,49.86995078326539,49.90805515830488,0.45000000000940354,0.45,0.0,1.5269640435227388e-14,49.954027579152296
558.0,1e+21,49.809975562521174,1.599203175539871e-11,0.0,49.86765215881438,5.080135504894544e-06,49.75000034197987,1.5992032007182763e-11,49.86535353456743,5.080135504902854e-06,0.45000141656075476,0.6306141609526918,49.86995078306133,49.90805515816022,0.4500000000127865,0.45,0.0,1.5269640435339128e-14,49.9540275790796
559.0,1e+21,49.80997556244096,1.5992031734126665e-11,0.0,49.86765215865141,5.080135511190801e-06,49.7500003419797,1.599203164804928e-11,49.8653535344015,5.080135511189678e-06,0.45000141658968723,0.6306141609932366,49.86995078290131,49.908055158047354,0.4500000000132883,0.45,0.0,1.5269640435324673e-14,49.9540275790236
560.0,1e+21,49.80997556237696,1.5992031717158347e-11,0.0,49.86765215852147,5.080135516221062e-06,49.75000034197954,1.5992031608009038e-11,49.865353534269296,5.080135516217126e-06,0.45000141659747966,0.6306141610041566,49.86995078277366,49.90805515795741,0.4500000000117776,0.45,0.0,1.5269640435261713e-14,49.954027578978966
561.0,1e+21,49.80997556232609,1.5992031703684302e-11,0.0,49.86765215841825,5.08013552019675e-06,49.75000034197939,1.5992031568054124e-11,49.86535353416429,5.080135520191479e-06,0.4500014165928455,0.6306141609976624,49.86995078267222,49.90805515788578,0.45000000000987284,0.45,0.0,1.5269640435208266e-14,49.95402757894304
562.0,1e+21,49.80997556228609,1.5992031693096995e-11,0.0,49.86765215833714,5.080135523309858e-06,49.75000034197923,1.599203152818454e-11,49.86535353408178,5.0801355233075865e-06,0.4500014165849278,0.630614160986567,49.8699507825925,49.90805515782942,0.4500000000080472,0.45,0.0,1.5269640435163048e-14,49.95402757891463
563.0,1e+21,49.80997556225472,1.5992031684803436e-11,0.0,49.867652158273536,5.080135525767454e-06,49.75000034197908,1.5992031807408925e-11,49.86535353401708,5.080135525760896e-06,0.4500014165828697,0.6306141609836828,49.86995078252999,49.90805515778533,0.45000000000677354,0.45,0.0,1.526964043512479e-14,49.95402757889255
564.0,1e+21,49.80997556222985,1.5992031678247012e-11,0.0,49.86765215822319,5.080135527709438e-06,49.75000034197892,1.5992031448701345e-11,49.86535353396586,5.080135527711426e-06,0.45000141658492854,0.630614160986568,49.869950782480515,49.90805515775048,0.45000000000589174,0.45,0.0,1.5269640435092338e-14,49.95402757887524
565.0,1e+21,49.80997556220994,1.5992031673002076e-11,0.0,49.867652158182885,5.080135529259492e-06,49.75000034197876,1.5992031409087746e-11,49.86535353392486,5.080135529268111e-06,0.45000141658415066,0.6306141609854778,49.86995078244091,49.90805515772255,0.4500000000049961,0.45,0.0,1.5269640435064706e-14,49.95402757886127
566.0,1e+21,49.80997556219415,1.5992031668844896e-11,0.0,49.86765215815093,5.080135530478639e-06,49.75000034197861,1.599203168856855e-11,49.86535353389234,5.080135530502392e-06,0.45000141658335074,0.6306141609843569,49.8699507824095,49.90805515770041,0.45000000000423546,0.45,0.0,1.5269640435041248e-14,49.9540275788502
567.0,1e+21,49.80997556218173,1.5992031665588118e-11,0.0,49.86765215812582,5.080135531470884e-06,49.75000034197846,1.5992031968134975e-11,49.86535353386681,5.080135531472463e-06,0.4500014165826245,0.6306141609833391,49.86995078238484,49.90805515768303,0.4500000000035919,0.45,0.0,1.5269640435021403e-14,49.954027578841504
568.0,1e+21,49.80997556217194,1.5992031663038925e-11,0.0,49.86765215810611,5.080135532249783e-06,49.75000034197831,1.5992031928777634e-11,49.86535353384676,5.080135532235018e-06,0.45000141658206766,0.6306141609825588,49.86995078236547,49.908055157669374,0.4500000000030476,0.45,0.0,1.5269640435004613e-14,49.95402757883468
569.0,1e+21,49.80997556216417,1.599203166102088e-11,0.0,49.867652158090465,5.08013553286022e-06,49.750000341978144,1.5992031570496104e-11,49.86535353383085,5.080135532840178e-06,0.45000141658164255,0.6306141609819631,49.8699507823501,49.90805515765854,0.4500000000025859,0.45,0.0,1.5269640434990373e-14,49.95402757882927
570.0,1e+21,49.80997556215793,1.599203165941574e-11,0.0,49.86765215807797,5.080135533349233e-06,49.750000341977994,1.599203185031894e-11,49.86535353381812,5.080135533324092e-06,0.4500014165812492,0.6306141609814119,49.869950782337824,49.90805515764988,0.4500000000021927,0.45,0.0,1.5269640434978243e-14,49.95402757882494
571.0,1e+21,49.80997556215297,1.599203165814348e-11,0.0,49.867652158068054,5.0801355337168185e-06,49.75000034197783,1.599203181121757e-11,49.86535353380804,5.080135533708605e-06,0.4500014165809135,0.6306141609809415,49.86995078232807,49.90805515764301,0.4500000000018589,0.45,0.0,1.5269640434967947e-14,49.9540275788215
572.0,1e+21,49.80997556214906,1.5992031657149522e-11,0.0,49.86765215806025,5.080135534023295e-06,49.750000341977675,1.5992031772201527e-11,49.86535353380012,5.080135534010646e-06,0.450001416580629,0.6306141609805427,49.86995078232041,49.90805515763762,0.4500000000015766,0.45,0.0,1.5269640434959238e-14,49.95402757881882
573.0,1e+21,49.80997556214597,1.5992031656375662e-11,0.0,49.867652158054135,5.080135534253594e-06,49.75000034197752,1.5992031733270798e-11,49.865353533793886,5.080135534248349e-06,0.45000141658038884,0.6306141609802062,49.86995078231439,49.908055157633385,0.4500000000013376,0.45,0.0,1.526964043495187e-14,49.95402757881669
574.0,1e+21,49.80997556214349,1.5992031655769148e-11,0.0,49.867652158049275,5.0801355344379645e-06,49.75000034197736,1.59920316944254e-11,49.86535353378894,5.080135534436951e-06,0.45000141658018583,0.6306141609799217,49.869950782309616,49.908055157630024,0.45000000000113494,0.45,0.0,1.526964043494562e-14,49.954027578815015
575.0,1e+21,49.80997556214151,1.599203165528633e-11,0.0,49.86765215804539,5.0801355345916875e-06,49.750000341977206,1.5992031655665308e-11,49.86535353378498,5.080135534587898e-06,0.4500014165800126,0.6306141609796789,49.86995078230579,49.908055157627345,0.45000000000096235,0.45,0.0,1.5269640434940296e-14,49.95402757881367
576.0,1e+21,49.80997556213991,1.599203165491083e-11,0.0,49.867652158042304,5.0801355347148215e-06,49.75000034197705,1.599203161699055e-11,49.86535353378184,5.080135534707901e-06,0.45000141657986553,0.6306141609794729,49.869950782302766,49.90805515762521,0.45000000000081586,0.45,0.0,1.5269640434935777e-14,49.9540275788126
577.0,1e+21,49.80997556213864,1.5992031654619002e-11,0.0,49.867652158039874,5.080135534792343e-06,49.75000034197689,1.59920315784011e-11,49.865353533779384,5.080135534802515e-06,0.4500014165797411,0.6306141609792985,49.86995078230037,49.908055157623544,0.4500000000006919,0.45,0.0,1.5269640434931956e-14,49.95402757881176
578.0,1e+21,49.80997556213763,1.599203165439629e-11,0.0,49.86765215803797,5.080135534884609e-06,49.75000034197674,1.599203153989696e-11,49.865353533777444,5.080135534876997e-06,0.45000141657963577,0.6306141609791509,49.8699507822985,49.90805515762222,0.45000000000058704,0.45,0.0,1.5269640434928722e-14,49.95402757881111
579.0,1e+21,49.809975562136806,1.5992031654226337e-11,0.0,49.86765215803645,5.080135534946444e-06,49.75000034197659,1.599203182048913e-11,49.8653535337759,5.080135534936048e-06,0.4500014165795464,0.6306141609790257,49.86995078229702,49.90805515762117,0.4500000000004981,0.45,0.0,1.5269640434925977e-14,49.95402757881059
580.0,1e+21,49.809975562136124,1.599203165409458e-11,0.0,49.86765215803524,5.080135534977902e-06,49.75000034197643,1.599203178215577e-11,49.865353533774666,5.080135534983329e-06,0.4500014165794704,0.6306141609789191,49.86995078229582,49.90805515762034,0.45000000000042245,0.45,0.0,1.526964043492364e-14,49.95402757881017
581.0,1e+21,49.80997556213557,1.5992031653997382e-11,0.0,49.867652158034275,5.0801355350242375e-06,49.75000034197627,1.5992031424896447e-11,49.865353533773686,5.0801355350208545e-06,0.45000141657940584,0.6306141609788287,49.86995078229487,49.908055157619664,0.4500000000003581,0.45,0.0,1.526964043492166e-14,49.954027578809836
582.0,1e+21,49.80997556213512,1.5992031653925653e-11,0.0,49.86765215803352,5.0801355350704025e-06,49.75000034197611,1.5992031705744977e-11,49.86535353377292,5.080135535050509e-06,0.4500014165793513,0.6306141609787522,49.86995078229413,49.90805515761915,0.45000000000030377,0.45,0.0,1.526964043491998e-14,49.95402757880957
583.0,1e+21,49.80997556213475,1.5992031653873932e-11,0.0,49.867652158032925,5.080135535071199e-06,49.750000341975955,1.5992031667667556e-11,49.86535353377231,5.080135535073883e-06,0.45000141657930504,0.6306141609786874,49.86995078229354,49.90805515761873,0.4500000000002577,0.45,0.0,1.526964043491856e-14,49.95402757880937
584.0,1e+21,49.80997556213444,1.599203165383858e-11,0.0,49.86765215803245,5.080135535102022e-06,49.7500003419758,1.5992031629675448e-11,49.865353533771824,5.080135535092401e-06,0.45000141657926584,0.6306141609786325,49.86995078229308,49.908055157618406,0.4500000000002186,0.45,0.0,1.526964043491736e-14,49.95402757880921
585.0,1e+21,49.80997556213418,1.599203165381778e-11,0.0,49.867652158032065,5.080135535132747e-06,49.75000034197564,1.5992031591768646e-11,49.86535353377143,5.080135535107222e-06,0.45000141657923254,0.6306141609785858,49.86995078229271,49.90805515761815,0.45000000000018536,0.45,0.0,1.5269640434916333e-14,49.95402757880908
586.0,1e+21,49.80997556213395,1.5992031653804258e-11,0.0,49.86765215803176,5.080135535148307e-06,49.750000341975486,1.5992031553947134e-11,49.86535353377113,5.0801355351191205e-06,0.4500014165792042,0.6306141609785462,49.86995078229241,49.908055157617945,0.4500000000001572,0.45,0.0,1.5269640434915463e-14,49.954027578808976
587.0,1e+21,49.80997556213376,1.599203165379801e-11,0.0,49.867652158031525,5.080135535133642e-06,49.75000034197533,1.5992031516210944e-11,49.865353533770886,5.080135535128345e-06,0.45000141657918025,0.6306141609785125,49.86995078229217,49.90805515761778,0.45000000000013335,0.45,0.0,1.5269640434914724e-14,49.95402757880889
588.0,1e+21,49.80997556213358,1.5992031653802675e-11,0.0,49.86765215803134,5.080135535133991e-06,49.75000034197517,1.5992031478560055e-11,49.865353533770694,5.080135535135745e-06,0.45000141657915993,0.630614160978484,49.86995078229199,49.908055157617646,0.4500000000001131,0.45,0.0,1.5269640434914103e-14,49.95402757880882
589.0,1e+21,49.80997556213343,1.599203165381098e-11,0.0,49.86765215803119,5.080135535149363e-06,49.750000341975024,1.5992031760006907e-11,49.86535353377055,5.080135535142032e-06,0.4500014165791428,0.63061416097846,49.869950782291845,49.90805515761755,0.450000000000096,0.45,0.0,1.5269640434913576e-14,49.95402757880878
590.0,1e+21,49.809975562133296,1.5992031653821102e-11,0.0,49.86765215803107,5.080135535149613e-06,49.75000034197487,1.599203172252677e-11,49.865353533770424,5.080135535146735e-06,0.45000141657912823,0.6306141609784396,49.869950782291724,49.90805515761746,0.45000000000008145,0.45,0.0,1.5269640434913124e-14,49.954027578808734
591.0,1e+21,49.80997556213317,1.5992031653838502e-11,0.0,49.86765215803098,5.080135535164903e-06,49.75000034197472,1.5992032004144658e-11,49.865353533770325,5.0801355351502845e-06,0.45000141657911574,0.6306141609784222,49.86995078229163,49.9080551576174,0.450000000000069,0.45,0.0,1.5269640434912743e-14,49.9540275788087
592.0,1e+21,49.809975562133054,1.5992031653855902e-11,0.0,49.86765215803091,5.080135535150006e-06,49.750000341974555,1.59920316478224e-11,49.86535353377025,5.080135535153348e-06,0.4500014165791052,0.6306141609784074,49.86995078229156,49.90805515761735,0.4500000000000585,0.45,0.0,1.5269640434912418e-14,49.95402757880868
593.0,1e+21,49.80997556213295,1.599203165387512e-11,0.0,49.86765215803085,5.0801355351501575e-06,49.7500003419744,1.5992031610598165e-11,49.86535353377019,5.080135535155676e-06,0.4500014165790962,0.6306141609783947,49.869950782291504,49.908055157617305,0.45000000000004964,0.45,0.0,1.5269640434912146e-14,49.95402757880865
594.0,1e+21,49.80997556213285,1.5992031653894337e-11,0.0,49.8676521580308,5.080135535150288e-06,49.750000341974236,1.599203157345924e-11,49.86535353377014,5.08013553515759e-06,0.45000141657908854,0.630614160978384,49.86995078229145,49.90805515761728,0.45000000000004203,0.45,0.0,1.5269640434911913e-14,49.954027578808635
595.0,1e+21,49.80997556213275,1.599203165391719e-11,0.0,49.86765215803076,5.080135535165479e-06,49.750000341974086,1.5992031855418905e-11,49.8653535337701,5.080135535159019e-06,0.4500014165790821,0.630614160978375,49.86995078229141,49.90805515761725,0.4500000000000356,0.45,0.0,1.5269640434911714e-14,49.95402757880861
596.0,1e+21,49.80997556213266,1.5992031653941864e-11,0.0,49.86765215803073,5.080135535165571e-06,49.75000034197393,1.5992031818450707e-11,49.86535353377007,5.080135535160399e-06,0.4500014165790767,0.6306141609783674,49.86995078229139,49.90805515761723,0.4500000000000302,0.45,0.0,1.5269640434911547e-14,49.95402757880861
597.0,1e+21,49.80997556213257,1.5992031653964725e-11,0.0,49.8676521580307,5.080135535180727e-06,49.75000034197377,1.599203146255421e-11,49.86535353377005,5.080135535161544e-06,0.45000141657907217,0.6306141609783611,49.86995078229137,49.90805515761721,0.45000000000002566,0.45,0.0,1.5269640434911405e-14,49.954027578808606
598.0,1e+21,49.80997556213248,1.5992031653991214e-11,0.0,49.86765215803069,5.080135535165717e-06,49.75000034197362,1.59920317447702e-11,49.86535353377003,5.080135535162263e-06,0.4500014165790683,0.6306141609783555,49.86995078229135,49.9080551576172,0.4500000000000218,0.45,0.0,1.5269640434911285e-14,49.9540275788086
599.0,1e+21,49.80997556213239,1.5992031654015887e-11,0.0,49.86765215803067,5.080135535150694e-06,49.75000034197346,1.5992031708057894e-11,49.86535353377002,5.08013553516296e-06,0.450001416579065,0.630614160978351,49.869950782291326,49.90805515761719,0.4500000000000185,0.45,0.0,1.5269640434911184e-14,49.95402757880859
600.0,1e+21,49.80997556213231,1.599203165404238e-11,0.0,49.86765215803066,5.08013553516582e-06,49.7500003419733,1.599203135241684e-11,49.865353533770005,5.080135535163403e-06,0.4500014165790622,0.6306141609783471,49.86995078229132,49.908055157617184,0.45000000000001567,0.45,0.0,1.52696404349111e-14,49.95402757880859
601.0,1e+21,49.80997556213222,1.5992031654068875e-11,0.0,49.867652158030644,5.080135535180937e-06,49.75000034197314,1.5992031315874973e-11,49.86535353376999,5.0801355351636405e-06,0.4500014165790598,0.6306141609783437,49.86995078229131,49.90805515761718,0.4500000000000133,0.45,0.0,1.5269640434911023e-14,49.954027578808585
602.0,1e+21,49.809975562132145,1.5992031654093548e-11,0.0,49.867652158030644,5.08013553515082e-06,49.75000034197299,1.599203159843271e-11,49.865353533769984,5.080135535164008e-06,0.45000141657905773,0.6306141609783408,49.8699507822913,49.90805515761716,0.4500000000000112,0.45,0.0,1.5269640434910963e-14,49.954027578808585
603.0,1e+21,49.80997556213206,1.599203165412004e-11,0.0,49.86765215803064,5.08013553515085e-06,49.750000341972836,1.5992031562061563e-11,49.86535353376998,5.080135535164236e-06,0.45000141657905596,0.6306141609783383,49.86995078229129,49.90805515761716,0.45000000000000956,0.45,0.0,1.526964043491091e-14,49.954027578808585
604.0,1e+21,49.80997556213198,1.5992031654148352e-11,0.0,49.86765215803064,5.080135535150875e-06,49.75000034197269,1.5992031844790322e-11,49.86535353376998,5.080135535164661e-06,0.45000141657905457,0.6306141609783363,49.86995078229129,49.908055157617156,0.45000000000000806,0.45,0.0,1.5269640434910865e-14,49.954027578808585
605.0,1e+21,49.809975562131896,1.5992031654174845e-11,0.0,49.86765215803063,5.080135535165972e-06,49.75000034197252,1.5992031808589897e-11,49.86535353376998,5.080135535165004e-06,0.45000141657905335,0.6306141609783347,49.86995078229128,49.90805515761715,0.4500000000000069,0.45,0.0,1.5269640434910827e-14,49.954027578808585
606.0,1e+21,49.809975562131825,1.5992031654201337e-11,0.0,49.86765215803063,5.080135535165989e-06,49.75000034197237,1.599203177247474e-11,49.86535353376997,5.080135535164982e-06,0.4500014165790523,0.6306141609783332,49.86995078229128,49.90805515761715,0.4500000000000059,0.45,0.0,1.5269640434910796e-14,49.954027578808585
607.0,1e+21,49.80997556213175,1.599203165422601e-11,0.0,49.86765215803062,5.080135535166001e-06,49.75000034197221,1.5992031736444894e-11,49.86535353376996,5.080135535164902e-06,0.45000141657905146,0.630614160978332,49.869950782291276,49.90805515761715,0.450000000000005,0.45,0.0,1.5269640434910767e-14,49.954027578808585
608.0,1e+21,49.80997556213167,1.5992031654252503e-11,0.0,49.86765215803062,5.080135535150939e-06,49.750000341972054,1.599203170050032e-11,49.865353533769955,5.0801355351647756e-06,0.45000141657905063,0.6306141609783309,49.86995078229127,49.908055157617156,0.45000000000000423,0.45,0.0,1.5269640434910745e-14,49.95402757880858
609.0,1e+21,49.809975562131584,1.599203165428263e-11,0.0,49.86765215803062,5.0801355351660275e-06,49.7500003419719,1.5992031664641025e-11,49.865353533769955,5.080135535164919e-06,0.45000141657904996,0.63061416097833,49.869950782291276,49.908055157617156,0.4500000000000036,0.45,0.0,1.5269640434910726e-14,49.95402757880858
610.0,1e+21,49.8099755621315,1.599203165431276e-11,0.0,49.86765215803062,5.080135535166038e-06,49.75000034197174,1.5992031628867015e-11,49.865353533769955,5.080135535165033e-06,0.4500014165790495,0.6306141609783293,49.869950782291276,49.90805515761715,0.4500000000000032,0.45,0.0,1.526964043491071e-14,49.95402757880858
611.0,1e+21,49.80997556213143,1.5992031654335615e-11,0.0,49.867652158030616,5.080135535166042e-06,49.750000341971585,1.5992031593178288e-11,49.865353533769955,5.08013553516513e-06,0.4500014165790491,0.6306141609783287,49.86995078229127,49.90805515761715,0.4500000000000027,0.45,0.0,1.5269640434910695e-14,49.95402757880858
612.0,1e+21,49.809975562131356,1.5992031654362107e-11,0.0,49.867652158030616,5.0801355351660495e-06,49.75000034197143,1.5992031557574838e-11,49.865353533769955,5.0801355351652025e-06,0.45000141657904874,0.6306141609783282,49.86995078229127,49.90805515761715,0.45000000000000223,0.45,0.0,1.5269640434910682e-14,49.954027578808585
613.0,1e+21,49.80997556213127,1.5992031654390416e-11,0.0,49.867652158030616,5.080135535166058e-06,49.75000034197127,1.5992031522056662e-11,49.865353533769955,5.080135535165262e-06,0.45000141657904835,0.6306141609783277,49.86995078229127,49.90805515761715,0.45000000000000184,0.45,0.0,1.5269640434910673e-14,49.95402757880858
614.0,1e+21,49.80997556213119,1.5992031654416908e-11,0.0,49.867652158030616,5.0801355351660605e-06,49.75000034197112,1.599203180563984e-11,49.865353533769955,5.080135535165312e-06,0.450001416579048,0.6306141609783272,49.86995078229127,49.90805515761715,0.45000000000000157,0.45,0.0,1.5269640434910663e-14,49.95402757880857
615.0,1e+21,49.809975562131115,1.59920316544434e-11,0.0,49.867652158030616,5.0801355351509876e-06,49.75000034197097,1.599203177029237e-11,49.865353533769955,5.08013553516535e-06,0.45000141657904774,0.6306141609783269,49.86995078229126,49.90805515761714,0.45000000000000134,0.45,0.0,1.5269640434910657e-14,49.95402757880858
616.0,1e+21,49.80997556213103,1.599203165447171e-11,0.0,49.86765215803061,5.080135535166071e-06,49.750000341970804,1.59920314160138e-11,49.865353533769955,5.080135535165384e-06,0.45000141657904763,0.6306141609783267,49.86995078229126,49.90805515761714,0.4500000000000012,0.45,0.0,1.526964043491065e-14,49.95402757880858
617.0,1e+21,49.80997556213096,1.59920316544982e-11,0.0,49.867652158030616,5.0801355351509935e-06,49.75000034197065,1.5992031699853254e-11,49.86535353376995,5.0801355351651084e-06,0.4500014165790475,0.6306141609783266,49.86995078229126,49.90805515761714,0.450000000000001,0.45,0.0,1.5269640434910647e-14,49.95402757880858
618.0,1e+21,49.80997556213087,1.599203165452833e-11,0.0,49.867652158030616,5.080135535166075e-06,49.75000034197049,1.5992031664761596e-11,49.86535353376995,5.080135535165129e-06,0.45000141657904735,0.6306141609783263,49.86995078229127,49.90805515761714,0.45000000000000084,0.45,0.0,1.526964043491064e-14,49.95402757880858
619.0,1e+21,49.8099755621308,1.5992031654553e-11,0.0,49.86765215803061,5.080135535166075e-06,49.750000341970335,1.599203162975522e-11,49.86535353376995,5.080135535165147e-06,0.45000141657904724,0.6306141609783261,49.86995078229126,49.90805515761714,0.45000000000000073,0.45,0.0,1.5269640434910638e-14,49.95402757880858
620.0,1e+21,49.80997556213072,1.599203165458131e-11,0.0,49.86765215803061,5.0801355351660774e-06,49.75000034197018,1.599203159483412e-11,49.86535353376995,5.08013553516516e-06,0.4500014165790472,0.630614160978326,49.86995078229126,49.90805515761714,0.4500000000000007,0.45,0.0,1.5269640434910635e-14,49.95402757880858
621.0,1e+21,49.809975562130646,1.5992031654609622e-11,0.0,49.86765215803061,5.080135535181155e-06,49.75000034197002,1.5992031559998274e-11,49.86535353376995,5.080135535165176e-06,0.4500014165790471,0.6306141609783259,49.86995078229127,49.90805515761714,0.45000000000000057,0.45,0.0,1.5269640434910632e-14,49.95402757880858
622.0,1e+21,49.80997556213057,1.599203165463611e-11,0.0,49.86765215803061,5.080135535181155e-06,49.750000341969866,1.5992031525247705e-11,49.86535353376995,5.080135535165182e-06,0.450001416579047,0.6306141609783258,49.86995078229127,49.90805515761714,0.4500000000000005,0.45,0.0,1.526964043491063e-14,49.95402757880857
623.0,1e+21,49.80997556213049,1.599203165466442e-11,0.0,49.867652158030616,5.08013553516608e-06,49.75000034196971,1.5992031490582404e-11,49.86535353376995,5.080135535165189e-06,0.4500014165790469,0.6306141609783257,49.86995078229127,49.90805515761714,0.45000000000000046,0.45,0.0,1.526964043491063e-14,49.95402757880857
624.0,1e+21,49.80997556213041,1.599203165469091e-11,0.0,49.86765215803061,5.080135535181158e-06,49.75000034196956,1.5992031775019903e-11,49.86535353376995,5.080135535165195e-06,0.4500014165790468,0.6306141609783256,49.86995078229127,49.90805515761714,0.4500000000000003,0.45,0.0,1.5269640434910625e-14,49.95402757880857
625.0,1e+21,49.809975562130326,1.5992031654721036e-11,0.0,49.86765215803061,5.080135535181158e-06,49.750000341969404,1.599203174052528e-11,49.86535353376995,5.0801355351652e-06,0.4500014165790467,0.6306141609783253,49.86995078229127,49.90805515761714,0.4500000000000002,0.45,0.0,1.5269640434910622e-14,49.95402757880857
626.0,1e+21,49.80997556213025,1.599203165474571e-11,0.0,49.86765215803061,5.080135535166084e-06,49.750000341969255,1.5992032025133735e-11,49.86535353376995,5.080135535165203e-06,0.4500014165790467,0.6306141609783253,49.86995078229126,49.90805515761714,0.4500000000000002,0.45,0.0,1.5269640434910622e-14,49.95402757880858
627.0,1e+21,49.80997556213018,1.599203165477038e-11,0.0,49.86765215803061,5.080135535166084e-06,49.75000034196909,1.5992031671791817e-11,49.86535353376995,5.080135535165207e-06,0.45000141657904674,0.6306141609783255,49.86995078229126,49.90805515761714,0.4500000000000002,0.45,0.0,1.526964043491062e-14,49.95402757880858
628.0,1e+21,49.8099755621301,1.5992031654798687e-11,0.0,49.867652158030616,5.080135535151007e-06,49.750000341968935,1.599203163755298e-11,49.86535353376995,5.08013553516521e-06,0.45000141657904663,0.6306141609783253,49.86995078229126,49.90805515761714,0.4500000000000001,0.45,0.0,1.526964043491062e-14,49.95402757880858
629.0,1e+21,49.80997556213002,1.5992031654827e-11,0.0,49.86765215803061,5.080135535181018e-06,49.75000034196878,1.599203192241767e-11,49.865353533769955,5.08013553516552e-06,0.45000141657907194,0.6306141609783608,49.86995078229127,49.90805515761715,0.45000000000000023,0.45,0.0,1.526964043491061e-14,49.95402757880858
630.0,1e+21,49.80997556212995,1.599203165485167e-11,0.0,49.86765215803061,5.080135535166034e-06,49.750000341968615,1.5992031569331097e-11,49.865353533769955,5.080135535165426e-06,0.45000141657902665,0.6306141609782973,49.86995078229126,49.90805515761715,0.4499999999999955,0.45,0.0,1.5269640434910483e-14,49.95402757880858
631.0,1e+21,49.809975562129864,1.5992031654881796e-11,0.0,49.867652158030616,5.0801355351664095e-06,49.75000034196846,1.5992031535348036e-11,49.865353533769955,5.080135535165671e-06,0.45000141657904297,0.6306141609783201,49.86995078229127,49.90805515761714,0.44999999999999674,0.45,0.0,1.5269640434910515e-14,49.95402757880858
632.0,1e+21,49.80997556212979,1.5992031654908286e-11,0.0,49.867652158030616,5.080135535166219e-06,49.75000034196831,1.599203182046894e-11,49.865353533769955,5.0801355351655514e-06,0.45000141657904663,0.6306141609783253,49.86995078229127,49.90805515761714,0.4499999999999973,0.45,0.0,1.526964043491053e-14,49.95402757880858
633.0,1e+21,49.80997556212971,1.5992031654934775e-11,0.0,49.867652158030616,5.080135535152062e-06,49.75000034196815,1.5992031786656547e-11,49.865353533769955,5.080135535165483e-06,0.4500014165790455,0.6306141609783238,49.86995078229126,49.90805515761715,0.4499999999999977,0.45,0.0,1.5269640434910543e-14,49.95402757880858
634.0,1e+21,49.80997556212964,1.5992031654961267e-11,0.0,49.8676521580306,5.080135535185989e-06,49.750000341968004,1.5992032071948397e-11,49.86535353376995,5.080135535165748e-06,0.45000141657904325,0.6306141609783206,49.86995078229126,49.90805515761714,0.44999999999999796,0.45,0.0,1.5269640434910556e-14,49.95402757880858
635.0,1e+21,49.80997556212953,1.5992031654987753e-11,0.0,49.86765215803058,5.080135535179284e-06,49.75000034196784,1.5992031719287526e-11,49.865353533769934,5.080135535166934e-06,0.4500014165790438,0.6306141609783212,49.869950782291234,49.90805515761712,0.4499999999999983,0.45,0.0,1.5269640434910565e-14,49.954027578808564
636.0,1e+21,49.80997556212946,1.5992031655010607e-11,0.0,49.86765215803057,5.080135535154713e-06,49.75000034196768,1.5992031366711613e-11,49.86535353376991,5.0801355351670846e-06,0.45000141657904513,0.6306141609783231,49.86995078229122,49.90805515761712,0.4499999999999986,0.45,0.0,1.5269640434910572e-14,49.954027578808564
637.0,1e+21,49.80997556212938,1.5992031655037093e-11,0.0,49.86765215803058,5.080135535133207e-06,49.75000034196753,1.5992031652259514e-11,49.865353533769905,5.080135535166592e-06,0.45000141657904535,0.6306141609783235,49.86995078229122,49.90805515761712,0.4499999999999988,0.45,0.0,1.5269640434910578e-14,49.954027578808564
638.0,1e+21,49.80997556212931,1.599203165506722e-11,0.0,49.86765215803059,5.080135535148885e-06,49.75000034196737,1.5992031618873397e-11,49.86535353376992,5.080135535166561e-06,0.45000141657904547,0.6306141609783237,49.869950782291234,49.90805515761713,0.44999999999999896,0.45,0.0,1.5269640434910584e-14,49.954027578808564
639.0,1e+21,49.80997556212923,1.5992031655097348e-11,0.0,49.867652158030594,5.080135535167102e-06,49.750000341967215,1.599203158557251e-11,49.865353533769934,5.080135535166466e-06,0.4500014165790456,0.6306141609783238,49.86995078229125,49.90805515761713,0.4499999999999991,0.45,0.0,1.5269640434910587e-14,49.954027578808564
640.0,1e+21,49.809975562129154,1.5992031655125653e-11,0.0,49.867652158030594,5.08013553518335e-06,49.75000034196705,1.599203155235689e-11,49.86535353376994,5.08013553516639e-06,0.4500014165790458,0.6306141609783241,49.869950782291255,49.908055157617135,0.4499999999999993,0.45,0.0,1.526964043491059e-14,49.95402757880857
641.0,1e+21,49.80997556212908,1.5992031655150323e-11,0.0,49.867652158030594,5.0801355351664535e-06,49.7500003419669,1.5992031838246522e-11,49.865353533769934,5.080135535165935e-06,0.4500014165790459,0.6306141609783242,49.86995078229125,49.908055157617135,0.4499999999999994,0.45,0.0,1.5269640434910597e-14,49.95402757880857
642.0,1e+21,49.809975562129004,1.599203165517681e-11,0.0,49.867652158030594,5.080135535165795e-06,49.75000034196674,1.5992031486181377e-11,49.86535353376994,5.080135535166014e-06,0.450001416579046,0.6306141609783245,49.86995078229125,49.908055157617135,0.4499999999999995,0.45,0.0,1.52696404349106e-14,49.95402757880857
643.0,1e+21,49.809975562128926,1.599203165520694e-11,0.0,49.8676521580306,5.080135535165901e-06,49.75000034196659,1.599203177224179e-11,49.86535353376994,5.080135535165789e-06,0.45000141657904613,0.6306141609783246,49.869950782291255,49.90805515761714,0.4499999999999996,0.45,0.0,1.5269640434910603e-14,49.95402757880857
644.0,1e+21,49.80997556212885,1.5992031655233426e-11,0.0,49.8676521580306,5.080135535166296e-06,49.750000341966434,1.59920317393673e-11,49.86535353376994,5.080135535165606e-06,0.4500014165790462,0.6306141609783247,49.869950782291255,49.90805515761714,0.4499999999999997,0.45,0.0,1.5269640434910603e-14,49.95402757880858
645.0,1e+21,49.80997556212877,1.5992031655263553e-11,0.0,49.8676521580306,5.080135535181574e-06,49.75000034196628,1.5992031706578055e-11,49.86535353376995,5.080135535165793e-06,0.4500014165790463,0.6306141609783248,49.86995078229126,49.90805515761714,0.44999999999999973,0.45,0.0,1.5269640434910606e-14,49.95402757880857
646.0,1e+21,49.80997556212869,1.5992031655288223e-11,0.0,49.8676521580306,5.080135535166216e-06,49.75000034196612,1.5992031673874047e-11,49.86535353376994,5.080135535165416e-06,0.45000141657904635,0.6306141609783249,49.869950782291255,49.90805515761714,0.44999999999999973,0.45,0.0,1.5269640434910606e-14,49.95402757880857
647.0,1e+21,49.809975562128606,1.5992031655318347e-11,0.0,49.86765215803061,5.080135535150997e-06,49.750000341965965,1.5992031641255275e-11,49.86535353376994,5.080135535165332e-06,0.4500014165790464,0.630614160978325,49.869950782291255,49.90805515761714,0.44999999999999973,0.45,0.0,1.526964043491061e-14,49.95402757880857
648.0,1e+21,49.809975562128535,1.5992031655344833e-11,0.0,49.86765215803061,5.080135535166063e-06,49.75000034196581,1.5992031608721748e-11,49.86535353376995,5.080135535165552e-06,0.45000141657904646,0.630614160978325,49.86995078229126,49.90805515761714,0.4499999999999998,0.45,0.0,1.526964043491061e-14,49.95402757880857
649.0,1e+21,49.80997556212846,1.599203165537132e-11,0.0,49.86765215803061,5.080135535166107e-06,49.75000034196566,1.5992031895294646e-11,49.86535353376995,5.0801355351654845e-06,0.45000141657904646,0.630614160978325,49.86995078229126,49.90805515761715,0.44999999999999984,0.45,0.0,1.526964043491061e-14,49.95402757880857
650.0,1e+21,49.80997556212838,1.5992031655399628e-11,0.0,49.86765215803061,5.080135535166113e-06,49.750000341965496,1.5992031543910428e-11,49.86535353376995,5.080135535165428e-06,0.4500014165790464,0.630614160978325,49.86995078229126,49.90805515761714,0.44999999999999984,0.45,0.0,1.526964043491061e-14,49.95402757880857
651.0,1e+21,49.8099755621283,1.5992031655426117e-11,0.0,49.86765215803061,5.08013553516608e-06,49.75000034196535,1.5992031830654084e-11,49.865353533769955,5.080135535165688e-06,0.4500014165790464,0.630614160978325,49.86995078229126,49.90805515761715,0.44999999999999984,0.45,0.0,1.526964043491061e-14,49.95402757880857
652.0,1e+21,49.809975562128216,1.5992031655456238e-11,0.0,49.86765215803061,5.080135535166054e-06,49.75000034196518,1.599203179846166e-11,49.86535353376995,5.08013553516535e-06,0.45000141657904646,0.630614160978325,49.86995078229126,49.90805515761715,0.44999999999999996,0.45,0.0,1.526964043491061e-14,49.95402757880857
653.0,1e+21,49.80997556212814,1.599203165548273e-11,0.0,49.86765215803061,5.0801355351660385e-06,49.75000034196503,1.5992031766354462e-11,49.86535353376995,5.08013553516531e-06,0.4500014165790465,0.6306141609783251,49.86995078229126,49.90805515761714,0.44999999999999996,0.45,0.0,1.526964043491061e-14,49.95402757880857
654.0,1e+21,49.809975562128066,1.5992031655509216e-11,0.0,49.86765215803061,5.080135535166054e-06,49.75000034196487,1.599203173433251e-11,49.86535353376995,5.080135535165282e-06,0.4500014165790465,0.6306141609783251,49.86995078229126,49.90805515761714,0.44999999999999996,0.45,0.0,1.526964043491061e-14,49.95402757880857
655.0,1e+21,49.80997556212799,1.5992031655535702e-11,0.0,49.86765215803061,5.080135535166113e-06,49.75000034196471,1.5992031383373735e-11,49.865353533769955,5.080135535165571e-06,0.45000141657904646,0.630614160978325,49.86995078229126,49.90805515761715,0.44999999999999996,0.45,0.0,1.5269640434910613e-14,49.95402757880858
656.0,1e+21,49.80997556212792,1.599203165556401e-11,0.0,49.867652158030616,5.0801355351660935e-06,49.750000341964565,1.599203198956648e-11,49.865353533769955,5.0801355351655675e-06,0.4500014165790465,0.6306141609783251,49.86995078229127,49.90805515761714,0.44999999999999996,0.45,0.0,1.5269640434910613e-14,49.95402757880857
657.0,1e+21,49.809975562127825,1.599203165559413e-11,0.0,49.867652158030616,5.0801355351660935e-06,49.7500003419644,1.599203163877803e-11,49.865353533769955,5.0801355351655565e-06,0.4500014165790465,0.6306141609783251,49.86995078229127,49.90805515761714,0.44999999999999996,0.45,0.0,1.5269640434910613e-14,49.95402757880858
658.0,1e+21,49.80997556212776,1.5992031655616982e-11,0.0,49.86765215803061,5.080135535166223e-06,49.750000341964245,1.5992031607097004e-11,49.86535353376995,5.08013553516527e-06,0.4500014165790403,0.6306141609783165,49.86995078229126,49.90805515761715,0.4499999999999992,0.45,0.0,1.5269640434910606e-14,49.95402757880858
659.0,1e+21,49.80997556212769,1.5992031655648926e-11,0.0,49.867652158030644,5.0801355351381796e-06,49.750000341964096,1.599203189452384e-11,49.865353533769984,5.080135535166868e-06,0.45000141657869125,0.6306141609778273,49.86995078229129,49.9080551576172,0.4499999999999527,0.45,0.0,1.526964043490945e-14,49.95402757880862
660.0,1e+21,49.80997556212849,1.5992031655913698e-11,0.0,49.867652158032364,5.080135535266463e-06,49.75000034196394,1.5992031863013412e-11,49.86535353377169,5.08013553524378e-06,0.450001416574442,0.6306141609718725,49.86995078229307,49.908055157619536,0.4499999999967811,0.45,0.0,1.526964043481168e-14,49.9540275788106
661.0,1e+21,49.8099755621284,1.5992031655938365e-11,0.0,49.86765215803234,5.080135535258426e-06,49.75000034196378,1.5992031831588213e-11,49.86535353377167,5.0801355352447024e-06,0.4500014165728066,0.6306141609695808,49.86995078229304,49.90805515761951,0.44999999999497403,0.45,0.0,1.5269640434756223e-14,49.9540275788103
662.0,1e+21,49.80997556212823,1.5992031655937566e-11,0.0,49.86765215803216,5.080135535255361e-06,49.75000034196363,1.5992031800248236e-11,49.86535353377148,5.080135535240109e-06,0.45000141656951886,0.6306141609649735,49.86995078229284,49.90805515761929,0.4499999999952919,0.45,0.0,1.5269640434762547e-14,49.95402757880852
663.0,1e+21,49.809975562128784,1.5992031656136856e-11,0.0,49.867652158033415,5.080135535308112e-06,49.750000341963464,1.5992031449970266e-11,49.86535353377272,5.0801355353013825e-06,0.4500014165603121,0.6306141609520715,49.86995078229412,49.90805515762103,0.4499999999984951,0.45,0.0,1.5269640434850123e-14,49.95402757880611
664.0,1e+21,49.809975562130774,1.5992031656718134e-11,0.0,49.867652158037494,5.080135535495238e-06,49.75000034196331,1.5992031737823953e-11,49.865353533776734,5.080135535490099e-06,0.45000141654196574,0.6306141609263616,49.86995078229826,49.908055157626585,0.45000000000521995,0.45,0.0,1.5269640435035622e-14,49.954027578804
665.0,1e+21,49.80997556212623,1.599203165553863e-11,0.0,49.86765215802863,5.080135535099134e-06,49.75000034196315,1.5992031706739655e-11,49.865353533767994,5.0801355350984664e-06,0.45000141658864984,0.6306141609917828,49.86995078228928,49.90805515761466,0.45000000000324164,0.45,0.0,1.5269640435016664e-14,49.95402757880891
666.0,1e+21,49.80997556212549,1.599203165539413e-11,0.0,49.867652158027326,5.080135535046543e-06,49.750000341962995,1.599203167574057e-11,49.865353533766694,5.080135535029988e-06,0.4500014165965255,0.6306141610028194,49.869950782287965,49.90805515761282,0.450000000002489,0.45,0.0,1.5269640435000524e-14,49.954027578809814
667.0,1e+21,49.809975562126624,1.599203165575349e-11,0.0,49.867652158029756,5.080135535136149e-06,49.75000034196284,1.5992031644826715e-11,49.86535353376909,5.080135535122812e-06,0.45000141658491877,0.6306141609865542,49.869950782290424,49.90805515761598,0.4500000000023808,0.45,0.0,1.5269640434986845e-14,49.95402757880871
668.0,1e+21,49.80997556212773,1.59920316560983e-11,0.0,49.86765215803211,5.080135535211853e-06,49.75000034196268,1.599203161399806e-11,49.86535353377141,5.080135535214774e-06,0.45000141657315584,0.6306141609700702,49.8699507822928,49.90805515761905,0.4500000000023355,0.45,0.0,1.526964043497528e-14,49.95402757880762
669.0,1e+21,49.809975562126915,1.5992031655911966e-11,0.0,49.867652158030616,5.080135535132626e-06,49.75000034196253,1.5992031902278732e-11,49.86535353376995,5.0801355351464085e-06,0.450001416580323,0.6306141609801139,49.86995078229126,49.90805515761701,0.4500000000017794,0.45,0.0,1.5269640434965476e-14,49.95402757880851
670.0,1e+21,49.809975562126844,1.5992031655954824e-11,0.0,49.86765215803066,5.080135535156185e-06,49.75000034196237,1.599203155259643e-11,49.865353533770005,5.080135535147583e-06,0.45000141658063725,0.6306141609805542,49.869950782291326,49.90805515761707,0.4500000000015089,0.45,0.0,1.526964043495716e-14,49.954027578808535
671.0,1e+21,49.80997556212678,1.5992031655986764e-11,0.0,49.867652158030694,5.080135535156795e-06,49.750000341962206,1.5992031202999064e-11,49.86535353377004,5.080135535148411e-06,0.45000141658051057,0.6306141609803767,49.86995078229136,49.90805515761711,0.4500000000012791,0.45,0.0,1.5269640434950075e-14,49.95402757880856
672.0,1e+21,49.80997556212672,1.5992031656013247e-11,0.0,49.86765215803072,5.080135535131184e-06,49.75000034196206,1.5992031491535665e-11,49.86535353377006,5.080135535149535e-06,0.4500014165801772,0.6306141609799096,49.869950782291376,49.90805515761714,0.45000000000108464,0.45,0.0,1.5269640434944073e-14,49.95402757880857
673.0,1e+21,49.80997556212665,1.599203165604155e-11,0.0,49.86765215803074,5.080135535136393e-06,49.75000034196191,1.5992031780157777e-11,49.86535353377007,5.080135535150405e-06,0.4500014165798712,0.6306141609794809,49.86995078229139,49.90805515761716,0.4500000000009203,0.45,0.0,1.5269640434938996e-14,49.954027578808585
674.0,1e+21,49.809975562126574,1.5992031656071676e-11,0.0,49.867652158030744,5.080135535138995e-06,49.75000034196175,1.5992031749840577e-11,49.865353533770076,5.080135535151948e-06,0.45000141657982384,0.6306141609794145,49.86995078229139,49.90805515761717,0.4500000000007807,0.45,0.0,1.5269640434934695e-14,49.954027578808585
675.0,1e+21,49.809975562126496,1.5992031656098156e-11,0.0,49.86765215803074,5.080135535154793e-06,49.75000034196159,1.599203171960858e-11,49.86535353377008,5.080135535153687e-06,0.4500014165797122,0.630614160979258,49.86995078229139,49.908055157617184,0.4500000000006623,0.45,0.0,1.5269640434931044e-14,49.95402757880859
676.0,1e+21,49.80997556212641,1.599203165612646e-11,0.0,49.86765215803074,5.080135535156145e-06,49.75000034196143,1.5992031689461804e-11,49.865353533770076,5.0801355351548416e-06,0.4500014165796123,0.6306141609791179,49.86995078229139,49.90805515761719,0.45000000000056145,0.45,0.0,1.5269640434927936e-14,49.9540275788086
677.0,1e+21,49.80997556212633,1.5992031656152947e-11,0.0,49.86765215803072,5.0801355351728325e-06,49.750000341961275,1.5992031659400235e-11,49.86535353377007,5.0801355351559995e-06,0.4500014165795248,0.6306141609789954,49.86995078229139,49.90805515761719,0.450000000000476,0.45,0.0,1.52696404349253e-14,49.9540275788086
678.0,1e+21,49.80997556212624,1.5992031656179433e-11,0.0,49.867652158030715,5.080135535159255e-06,49.750000341961126,1.599203194844927e-11,49.86535353377006,5.080135535157138e-06,0.4500014165794506,0.6306141609788913,49.869950782291376,49.90805515761719,0.45000000000040385,0.45,0.0,1.5269640434923074e-14,49.9540275788086
679.0,1e+21,49.80997556212616,1.59920316562041e-11,0.0,49.86765215803071,5.080135535145205e-06,49.75000034196096,1.599203159953271e-11,49.86535353377005,5.080135535157943e-06,0.45000141657939047,0.6306141609788071,49.86995078229136,49.90805515761719,0.4500000000003427,0.45,0.0,1.5269640434921183e-14,49.9540275788086
680.0,1e+21,49.80997556212608,1.599203165623058e-11,0.0,49.867652158030694,5.080135535161088e-06,49.750000341960806,1.5992031569726767e-11,49.86535353377005,5.080135535158962e-06,0.45000141657933845,0.6306141609787342,49.869950782291355,49.908055157617184,0.4500000000002908,0.45,0.0,1.526964043491958e-14,49.95402757880859
681.0,1e+21,49.809975562126,1.5992031656257065e-11,0.0,49.86765215803069,5.080135535161825e-06,49.75000034196065,1.5992031540006016e-11,49.86535353377003,5.08013553515957e-06,0.45000141657929404,0.630614160978672,49.86995078229135,49.908055157617184,0.45000000000024654,0.45,0.0,1.5269640434918217e-14,49.95402757880859
682.0,1e+21,49.80997556212591,1.5992031656283548e-11,0.0,49.86765215803068,5.08013553516248e-06,49.750000341960494,1.5992031510370487e-11,49.865353533770026,5.080135535160374e-06,0.45000141657925635,0.6306141609786192,49.86995078229134,49.908055157617184,0.450000000000209,0.45,0.0,1.526964043491706e-14,49.95402757880859
683.0,1e+21,49.80997556212583,1.5992031656310034e-11,0.0,49.86765215803067,5.080135535147968e-06,49.75000034196034,1.5992031480820145e-11,49.86535353377002,5.080135535161076e-06,0.45000141657922443,0.6306141609785745,49.869950782291326,49.908055157617184,0.45000000000017726,0.45,0.0,1.526964043491608e-14,49.95402757880859
684.0,1e+21,49.80997556212575,1.5992031656334697e-11,0.0,49.867652158030666,5.080135535148428e-06,49.75000034196019,1.5992031770381284e-11,49.86535353377001,5.080135535161676e-06,0.45000141657919746,0.6306141609785366,49.86995078229132,49.90805515761717,0.45000000000015034,0.45,0.0,1.526964043491525e-14,49.954027578808585
685.0,1e+21,49.80997556212568,1.5992031656361183e-11,0.0,49.86765215803066,5.080135535163894e-06,49.75000034196003,1.59920317410015e-11,49.865353533770005,5.080135535162176e-06,0.45000141657917464,0.6306141609785046,49.86995078229132,49.90805515761718,0.4500000000001276,0.45,0.0,1.526964043491455e-14,49.95402757880859
686.0,1e+21,49.809975562125594,1.5992031656387663e-11,0.0,49.86765215803065,5.0801355351642275e-06,49.75000034195987,1.5992031392680354e-11,49.86535353377,5.0801355351625885e-06,0.45000141657915516,0.6306141609784774,49.86995078229131,49.90805515761718,0.45000000000010815,0.45,0.0,1.526964043491395e-14,49.95402757880859
687.0,1e+21,49.80997556212551,1.5992031656415968e-11,0.0,49.867652158030644,5.080135535164508e-06,49.75000034195971,1.5992031682497535e-11,49.86535353376999,5.080135535162915e-06,0.4500014165791386,0.6306141609784541,49.869950782291305,49.90805515761717,0.45000000000009166,0.45,0.0,1.5269640434913443e-14,49.95402757880859
688.0,1e+21,49.80997556212542,1.599203165644245e-11,0.0,49.86765215803064,5.080135535164746e-06,49.750000341959556,1.5992031653373336e-11,49.865353533769984,5.080135535163165e-06,0.4500014165791246,0.6306141609784346,49.8699507822913,49.90805515761716,0.4500000000000777,0.45,0.0,1.5269640434913014e-14,49.954027578808585
689.0,1e+21,49.80997556212535,1.5992031656467117e-11,0.0,49.86765215803063,5.080135535180023e-06,49.75000034195941,1.5992031943361355e-11,49.865353533769984,5.080135535163647e-06,0.45000141657911275,0.6306141609784179,49.86995078229129,49.90805515761716,0.450000000000066,0.45,0.0,1.526964043491265e-14,49.954027578808585
690.0,1e+21,49.80997556212527,1.5992031656495416e-11,0.0,49.86765215803064,5.080135535150041e-06,49.75000034195924,1.5992031595380556e-11,49.865353533769984,5.08013553516407e-06,0.45000141657910275,0.630614160978404,49.86995078229129,49.908055157617156,0.450000000000056,0.45,0.0,1.5269640434912342e-14,49.95402757880858
691.0,1e+21,49.809975562125196,1.5992031656521902e-11,0.0,49.86765215803064,5.080135535150191e-06,49.75000034195909,1.5992031566511943e-11,49.86535353376998,5.080135535164135e-06,0.4500014165790942,0.630614160978392,49.86995078229129,49.908055157617156,0.4500000000000475,0.45,0.0,1.526964043491208e-14,49.95402757880858
692.0,1e+21,49.8099755621251,1.5992031656550204e-11,0.0,49.86765215803063,5.080135535165395e-06,49.75000034195894,1.599203185675598e-11,49.86535353376998,5.080135535164454e-06,0.450001416579087,0.6306141609783819,49.86995078229128,49.908055157617156,0.4500000000000402,0.45,0.0,1.5269640434911856e-14,49.95402757880858
693.0,1e+21,49.80997556212503,1.5992031656576686e-11,0.0,49.86765215803063,5.080135535165499e-06,49.75000034195878,1.5992031828057903e-11,49.86535353376997,5.080135535164431e-06,0.45000141657908077,0.6306141609783732,49.86995078229128,49.908055157617156,0.4500000000000341,0.45,0.0,1.5269640434911667e-14,49.95402757880858
694.0,1e+21,49.80997556212495,1.5992031656604988e-11,0.0,49.86765215803063,5.080135535165592e-06,49.75000034195862,1.5992031480417295e-11,49.86535353376996,5.08013553516437e-06,0.4500014165790756,0.6306141609783659,49.86995078229128,49.90805515761715,0.45000000000002893,0.45,0.0,1.5269640434911512e-14,49.95402757880858
695.0,1e+21,49.80997556212487,1.5992031656629652e-11,0.0,49.86765215803063,5.0801355351505895e-06,49.75000034195847,1.5992031770917345e-11,49.86535353376997,5.080135535164878e-06,0.4500014165790713,0.6306141609783598,49.869950782291276,49.90805515761715,0.45000000000002466,0.45,0.0,1.5269640434911376e-14,49.954027578808585
696.0,1e+21,49.8099755621248,1.5992031656656134e-11,0.0,49.86765215803062,5.080135535165731e-06,49.75000034195832,1.5992032061502867e-11,49.86535353376997,5.080135535165058e-06,0.45000141657906756,0.6306141609783547,49.869950782291276,49.90805515761715,0.45000000000002094,0.45,0.0,1.526964043491126e-14,49.95402757880858
697.0,1e+21,49.80997556212471,1.5992031656682617e-11,0.0,49.86765215803062,5.080135535150713e-06,49.750000341958156,1.599203171411753e-11,49.86535353376996,5.080135535164912e-06,0.4500014165790643,0.63061416097835,49.86995078229127,49.908055157617156,0.4500000000000177,0.45,0.0,1.5269640434911162e-14,49.95402757880858
698.0,1e+21,49.80997556212464,1.59920316567091e-11,0.0,49.86765215803062,5.08013553515076e-06,49.75000034195799,1.5992031366817085e-11,49.865353533769955,5.080135535164746e-06,0.4500014165790616,0.6306141609783463,49.86995078229127,49.908055157617156,0.450000000000015,0.45,0.0,1.526964043491108e-14,49.95402757880858
699.0,1e+21,49.809975562124556,1.5992031656739218e-11,0.0,49.86765215803062,5.080135535165868e-06,49.750000341957836,1.5992031657658467e-11,49.865353533769955,5.080135535164856e-06,0.4500014165790602,0.6306141609783442,49.869950782291276,49.90805515761715,0.4500000000000127,0.45,0.0,1.526964043491101e-14,49.95402757880858
700.0,1e+21,49.809975562124485,1.599203165676752e-11,0.0,49.86765215803064,5.080135535132507e-06,49.75000034195768,1.5992031629556712e-11,49.86535353376998,5.080135535165143e-06,0.45000141657925746,0.6306141609786207,49.86995078229128,49.90805515761716,0.44999999999997287,0.45,0.0,1.526964043490968e-14,49.954027578808585
701.0,1e+21,49.80997556212441,1.5992031656790364e-11,0.0,49.86765215803062,5.080135535147262e-06,49.750000341957524,1.5992031601540143e-11,49.865353533769955,5.080135535164719e-06,0.450001416579444,0.6306141609788821,49.86995078229127,49.908055157617156,0.4499999999999876,0.45,0.0,1.526964043491005e-14,49.954027578808585
702.0,1e+21,49.80997556212438,1.5992031656831397e-11,0.0,49.86765215803071,5.080135535137971e-06,49.75000034195737,1.599203157360876e-11,49.865353533770026,5.080135535163952e-06,0.4500014165826339,0.6306141609833523,49.869950782291376,49.90805515761725,0.4499999999997479,0.45,0.0,1.526964043490119e-14,49.95402757880863
703.0,1e+21,49.809975562124336,1.5992031656872432e-11,0.0,49.86765215803079,5.080135535171507e-06,49.75000034195721,1.599203154576255e-11,49.86535353377013,5.080135535163488e-06,0.4500014165788324,0.630614160978025,49.869950782291454,49.908055157617326,0.449999999999471,0.45,0.0,1.5269640434894245e-14,49.95402757880865
704.0,1e+21,49.80997556212424,1.5992031656895277e-11,0.0,49.867652158030765,5.080135535169094e-06,49.750000341957055,1.5992031518001525e-11,49.86535353377011,5.080135535164202e-06,0.45000141657817105,0.6306141609770983,49.86995078229142,49.90805515761729,0.44999999999953716,0.45,0.0,1.526964043489665e-14,49.95402757880864
705.0,1e+21,49.80997556212418,1.5992031656927214e-11,0.0,49.86765215803079,5.08013553516795e-06,49.7500003419569,1.5992031490325675e-11,49.86535353377012,5.080135535164067e-06,0.45000141658153714,0.6306141609818153,49.86995078229146,49.90805515761733,0.4499999999994139,0.45,0.0,1.5269640434891573e-14,49.95402757880867
706.0,1e+21,49.80997556212425,1.599203165699371e-11,0.0,49.86765215803105,5.080135535162459e-06,49.75000034195674,1.5992031462735017e-11,49.865353533770346,5.080135535162396e-06,0.4500014165881773,0.6306141609911207,49.86995078229175,49.90805515761761,0.4499999999985706,0.45,0.0,1.5269640434862956e-14,49.95402757880881
707.0,1e+21,49.80997556212453,1.5992031657120238e-11,0.0,49.86765215803171,5.080135535177138e-06,49.75000034195659,1.599203175425915e-11,49.86535353377095,5.080135535157311e-06,0.4500014165973384,0.6306141610039586,49.869950782292484,49.90805515761829,0.44999999999647633,0.45,0.0,1.5269640434794742e-14,49.95402757880914
708.0,1e+21,49.80997556212443,1.599203165713944e-11,0.0,49.86765215803177,5.080135535182301e-06,49.75000034195644,1.5992031726838997e-11,49.86535353377111,5.080135535159232e-06,0.4500014165746057,0.630614160972102,49.86995078229243,49.90805515761826,0.4499999999962181,0.45,0.0,1.5269640434794316e-14,49.954027578809125
709.0,1e+21,49.80997556212424,1.5992031657135e-11,0.0,49.86765215803157,5.0801355351785475e-06,49.75000034195628,1.5992031699504006e-11,49.86535353377094,5.080135535164155e-06,0.4500014165709941,0.6306141609670408,49.8699507822922,49.908055157618065,0.449999999996567,0.45,0.0,1.5269640434806328e-14,49.95402757880904
710.0,1e+21,49.80997556212418,1.599203165716694e-11,0.0,49.867652158031554,5.0801355351750975e-06,49.75000034195612,1.599203167225419e-11,49.865353533770886,5.080135535167844e-06,0.4500014165832442,0.6306141609842076,49.869950782292236,49.90805515761813,0.449999999996262,0.45,0.0,1.5269640434792684e-14,49.95402757880907
711.0,1e+21,49.8099755621244,1.5992031657275273e-11,0.0,49.867652158032065,5.080135535160682e-06,49.75000034195596,1.5992031645089542e-11,49.86535353377129,5.080135535166296e-06,0.45000141660206067,0.6306141610105763,49.86995078229284,49.908055157618726,0.4499999999943443,0.45,0.0,1.5269640434726688e-14,49.95402757880937
712.0,1e+21,49.80997556212507,1.5992031657503662e-11,0.0,49.867652158033444,5.0801355351541775e-06,49.750000341955804,1.5992031618010072e-11,49.86535353377255,5.0801355351561e-06,0.45000141661814763,0.63061416103312,49.86995078229434,49.90805515762015,0.449999999989855,0.45,0.0,1.526964043458165e-14,49.95402757881008
713.0,1e+21,49.80997556212486,1.5992031657493765e-11,0.0,49.867652158033415,5.080135535184792e-06,49.750000341955655,1.5992031910046274e-11,49.86535353377277,5.080135535162653e-06,0.4500014165671973,0.6306141609617201,49.86995078229407,49.90805515761993,0.4499999999897344,0.45,0.0,1.5269640434594775e-14,49.95402757880996
714.0,1e+21,49.80997556212448,1.5992031657438392e-11,0.0,49.86765215803287,5.080135535201109e-06,49.75000034195549,1.5992031564106634e-11,49.8653535337723,5.080135535175258e-06,0.4500014165590987,0.630614160950371,49.86995078229345,49.908055157619415,0.44999999999077156,0.45,0.0,1.52696404346296e-14,49.9540275788097
715.0,1e+21,49.80997556212436,1.5992031657455776e-11,0.0,49.8676521580327,5.080135535187395e-06,49.750000341955335,1.5992031537282682e-11,49.86535353377202,5.080135535183938e-06,0.45000141658453424,0.6306141609860154,49.86995078229338,49.90805515761941,0.44999999999049606,0.45,0.0,1.5269640434612433e-14,49.95402757880969
716.0,1e+21,49.809975562124805,1.599203165762232e-11,0.0,49.86765215803354,5.080135535170415e-06,49.75000034195518,1.5992031510543885e-11,49.86535353377267,5.080135535182787e-06,0.45000141662230103,0.6306141610389403,49.869950782294424,49.90805515762043,0.44999999998714635,0.45,0.0,1.5269640434495574e-14,49.95402757881021
717.0,1e+21,49.80997556212608,1.5992031658018055e-11,0.0,49.867652158036066,5.080135535131701e-06,49.75000034195502,1.5992031483890258e-11,49.86535353377495,5.080135535164095e-06,0.4500014166511963,0.630614161079433,49.86995078229716,49.90805515762303,0.449999999978961,0.45,0.0,1.5269640434231337e-14,49.95402757881152
718.0,1e+21,49.809975562125544,1.5992031657911746e-11,0.0,49.86765215803559,5.080135535174625e-06,49.75000034195487,1.599203177635303e-11,49.86535353377499,5.080135535178359e-06,0.4500014165514586,0.6306141609396645,49.86995078229619,49.90805515762219,0.44999999998027496,0.45,0.0,1.5269640434305326e-14,49.954027578811086
719.0,1e+21,49.80997556212478,1.5992031657752688e-11,0.0,49.867652158034396,5.080135535197253e-06,49.75000034195472,1.599203174986988e-11,49.86535353377398,5.080135535203283e-06,0.4500014165252742,0.6306141609029707,49.86995078229481,49.908055157620986,0.44999999998281126,0.45,0.0,1.5269640434392738e-14,49.95402757881049
720.0,1e+21,49.80997556212396,1.5992031657586357e-11,0.0,49.86765215803289,5.080135535222978e-06,49.75000034195456,1.5992031723471907e-11,49.865353533772435,5.0801355352302885e-06,0.45000141654555936,0.6306141609313975,49.869950782293344,49.908055157619714,0.44999999998585083,0.45,0.0,1.526964043448045e-14,49.95402757880986
721.0,1e+21,49.80997556212295,1.5992031657367274e-11,0.0,49.86765215803097,5.080135535254896e-06,49.750000341954404,1.599203169715907e-11,49.865353533770445,5.080135535255906e-06,0.4500014165630834,0.630614160955955,49.86995078229149,49.90805515761806,0.44999999999040435,0.45,0.0,1.526964043461652e-14,49.95402757880904
722.0,1e+21,49.8099755621216,1.5992031657055424e-11,0.0,49.86765215802855,5.080135535265959e-06,49.75000034195424,1.5992031670931407e-11,49.86535353376814,5.080135535277282e-06,0.4500014165286158,0.6306141609076535,49.869950782288946,49.908055157615664,0.44999999999748275,0.45,0.0,1.5269640434849e-14,49.954027578807846
723.0,1e+21,49.80997556212123,1.5992031657005502e-11,0.0,49.86765215802774,5.080135535271806e-06,49.750000341954085,1.599203164478891e-11,49.86535353376713,5.0801355352749745e-06,0.45000141657904064,0.6306141609783169,49.86995078228836,49.90805515761507,0.45000000000040347,0.45,0.0,1.526964043492297e-14,49.954027578807526
724.0,1e+21,49.80997556212129,1.5992031657070184e-11,0.0,49.867652158027944,5.080135535270353e-06,49.75000034195393,1.5992031618731564e-11,49.86535353376725,5.080135535260181e-06,0.45000141659107296,0.6306141609951785,49.86995078228865,49.90805515761523,0.45000000000079643,0.45,0.0,1.5269640434930823e-14,49.95402757880759
725.0,1e+21,49.80997556212104,1.5992031657054823e-11,0.0,49.867652158027745,5.080135535257385e-06,49.75000034195378,1.599203191179163e-11,49.865353533767184,5.080135535252348e-06,0.45000141656288956,0.6306141609556835,49.86995078228831,49.90805515761484,0.450000000002379,0.45,0.0,1.52696404349893e-14,49.954027578807384
726.0,1e+21,49.809975562119895,1.5992031656792083e-11,0.0,49.867652158025905,5.080135535256904e-06,49.75000034195362,1.5992031885904753e-11,49.86535353376565,5.08013553526764e-06,0.4500014165139904,0.630614160887158,49.86995078228615,49.9080551576128,0.45000000000832646,0.45,0.0,1.5269640435191012e-14,49.954027578806325
727.0,1e+21,49.80997556211724,1.5992031656125527e-11,0.0,49.86765215802117,5.080135535323075e-06,49.75000034195346,1.5992031541070475e-11,49.86535353376136,5.080135535322542e-06,0.45000141646387537,0.6306141608169288,49.869950782280974,49.908055157608025,0.4500000000218139,0.45,0.0,1.5269640435628568e-14,49.954027578803846
728.0,1e+21,49.80997556211735,1.5992031656219312e-11,0.0,49.867652158020746,5.080135535294046e-06,49.7500003419533,1.5992031515353762e-11,49.86535353376007,5.080135535306554e-06,0.45000141660739806,0.6306141610180559,49.86995078228142,49.908055157608366,0.4500000000233752,0.45,0.0,1.5269640435628968e-14,49.95402757880418
729.0,1e+21,49.809975562118446,1.5992031656565933e-11,0.0,49.86765215802275,5.080135535252176e-06,49.75000034195315,1.5992031489722198e-11,49.8653535337617,5.080135535252958e-06,0.4500014166479503,0.6306141610748842,49.86995078228379,49.90805515761032,0.4500000000202151,0.45,0.0,1.5269640435517262e-14,49.9540275788052
730.0,1e+21,49.80997556211957,1.5992031656907093e-11,0.0,49.86765215802523,5.080135535192195e-06,49.75000034195299,1.5992031464175788e-11,49.8653535337643,5.080135535194445e-06,0.4500014166111606,0.6306141610233286,49.86995078228616,49.90805515761227,0.4500000000165804,0.45,0.0,1.5269640435416777e-14,49.9540275788061
731.0,1e+21,49.809975562120215,1.5992031657122748e-11,0.0,49.86765215802698,5.080135535144967e-06,49.75000034195284,1.599203175774766e-11,49.865353533766346,5.080135535152003e-06,0.45000141655675796,0.6306141609470909,49.869950782287596,49.908055157613376,0.45000000001470897,0.45,0.0,1.526964043537662e-14,49.95402757880657
732.0,1e+21,49.80997556211991,1.5992031657078284e-11,0.0,49.86765215802673,5.0801355351413754e-06,49.75000034195268,1.5992031413338417e-11,49.86535353376636,5.0801355351484405e-06,0.45000141654447123,0.6306141609298727,49.869950782287106,49.908055157612864,0.4500000000168386,0.45,0.0,1.5269640435445915e-14,49.95402757880626
733.0,1e+21,49.809975562120165,1.5992031657208445e-11,0.0,49.86765215802711,5.0801355351523555e-06,49.75000034195253,1.5992031707080877e-11,49.865353533766424,5.0801355351381686e-06,0.45000141659778964,0.630614161004591,49.869950782287816,49.90805515761349,0.45000000001552454,0.45,0.0,1.5269640435388205e-14,49.95402757880676
734.0,1e+21,49.809975562120606,1.5992031657376806e-11,0.0,49.86765215802806,5.080135535119512e-06,49.75000034195237,1.5992032000908785e-11,49.86535353376724,5.0801355351205825e-06,0.4500014166095704,0.6306141610211,49.86995078228887,49.90805515761441,0.4500000000133034,0.45,0.0,1.5269640435315535e-14,49.95402757880727
735.0,1e+21,49.809975562121004,1.5992031657528794e-11,0.0,49.867652158029045,5.0801355351128795e-06,49.75000034195221,1.59920316567547e-11,49.865353533768285,5.080135535105067e-06,0.4500014165962396,0.6306141610024188,49.86995078228981,49.908055157615244,0.45000000001118784,0.45,0.0,1.5269640435253912e-14,49.95402757880764
736.0,1e+21,49.80997556212129,1.599203165764804e-11,0.0,49.86765215802985,5.080135535121177e-06,49.75000034195205,1.5992031631719334e-11,49.86535353376919,5.080135535096029e-06,0.45000141658015563,0.6306141609798794,49.86995078229052,49.908055157615884,0.45000000000935464,0.45,0.0,1.5269640435201803e-14,49.95402757880791
737.0,1e+21,49.80997556212137,1.5992031657719995e-11,0.0,49.867652158030225,5.080135535102967e-06,49.750000341951896,1.5992031606769108e-11,49.86535353376961,5.080135535098157e-06,0.4500014165836769,0.630614160984814,49.86995078229085,49.908055157616225,0.45000000000798046,0.45,0.0,1.5269640435157668e-14,49.9540275788081
738.0,1e+21,49.80997556212144,1.5992031657781035e-11,0.0,49.86765215803045,5.080135535083948e-06,49.75000034195174,1.599203158190403e-11,49.86535353376977,5.080135535100337e-06,0.45000141658590753,0.6306141609879399,49.86995078229111,49.9080551576165,0.45000000000679613,0.45,0.0,1.5269640435120226e-14,49.95402757880825
739.0,1e+21,49.80997556212147,1.5992031657836615e-11,0.0,49.86765215803067,5.080135535056143e-06,49.75000034195158,1.5992031557124096e-11,49.86535353376998,5.080135535101728e-06,0.45000141658504506,0.6306141609867313,49.86995078229134,49.90805515761675,0.45000000000576207,0.45,0.0,1.526964043508833e-14,49.95402757880838
740.0,1e+21,49.80997556212148,1.5992031657890375e-11,0.0,49.86765215803085,5.0801355350968e-06,49.75000034195143,1.59920315324293e-11,49.865353533770175,5.080135535104132e-06,0.4500014165840245,0.630614160985301,49.869950782291525,49.90805515761694,0.4500000000048851,0.45,0.0,1.5269640435061285e-14,49.95402757880848
741.0,1e+21,49.80997556212145,1.5992031657933227e-11,0.0,49.86765215803098,5.080135535107634e-06,49.75000034195127,1.599203150781965e-11,49.86535353377032,5.080135535107529e-06,0.4500014165831019,0.6306141609840081,49.86995078229163,49.90805515761709,0.45000000000414353,0.45,0.0,1.5269640435038414e-14,49.95402757880855
742.0,1e+21,49.809975562121394,1.599203165796698e-11,0.0,49.86765215803103,5.080135535095895e-06,49.750000341951115,1.599203148329512e-11,49.865353533770374,5.080135535112494e-06,0.4500014165825329,0.6306141609832108,49.869950782291674,49.908055157617156,0.45000000000351553,0.45,0.0,1.5269640435019043e-14,49.954027578808585
743.0,1e+21,49.80997556212132,1.5992031657997094e-11,0.0,49.867652158031035,5.080135535117337e-06,49.750000341950965,1.5992031777890636e-11,49.86535353377038,5.0801355351173654e-06,0.450001416582041,0.6306141609825215,49.869950782291696,49.90805515761722,0.45000000000298274,0.45,0.0,1.526964043500261e-14,49.95402757880861
744.0,1e+21,49.809975562121245,1.5992031658027212e-11,0.0,49.86765215803104,5.080135535119093e-06,49.75000034195081,1.5992031753536546e-11,49.86535353377039,5.080135535121985e-06,0.45000141658158777,0.6306141609818864,49.8699507822917,49.90805515761726,0.4500000000025289,0.45,0.0,1.5269640434988612e-14,49.95402757880863
745.0,1e+21,49.80997556212117,1.599203165805187e-11,0.0,49.867652158031035,5.080135535127143e-06,49.750000341950646,1.599203172926759e-11,49.86535353377039,5.080135535126439e-06,0.4500014165811998,0.6306141609813427,49.869950782291696,49.90805515761728,0.450000000002144,0.45,0.0,1.526964043497674e-14,49.95402757880864
746.0,1e+21,49.80997556212109,1.599203165807471e-11,0.0,49.86765215803102,5.08013553512146e-06,49.75000034195049,1.5992031705083772e-11,49.865353533770374,5.0801355351305825e-06,0.4500014165808711,0.6306141609808821,49.869950782291674,49.90805515761729,0.45000000000181856,0.45,0.0,1.5269640434966704e-14,49.95402757880865
747.0,1e+21,49.80997556212099,1.5992031658099364e-11,0.0,49.867652158030985,5.08013553514232e-06,49.75000034195033,1.599203168098509e-11,49.865353533770346,5.080135535134561e-06,0.45000141658059556,0.6306141609804959,49.869950782291646,49.9080551576173,0.4500000000015429,0.45,0.0,1.5269640434958203e-14,49.95402757880865
748.0,1e+21,49.809975562120904,1.5992031658122205e-11,0.0,49.867652158030964,5.080135535143879e-06,49.75000034195018,1.5992031656971536e-11,49.86535353377031,5.080135535138124e-06,0.45000141658036047,0.6306141609801664,49.86995078229162,49.90805515761729,0.45000000000130896,0.45,0.0,1.526964043495099e-14,49.95402757880864
749.0,1e+21,49.8099755621208,1.5992031658148682e-11,0.0,49.867652158030936,5.08013553514646e-06,49.75000034195003,1.5992031952078876e-11,49.865353533770275,5.080135535141253e-06,0.45000141658016035,0.630614160979886,49.86995078229159,49.908055157617284,0.4500000000011098,0.45,0.0,1.5269640434944846e-14,49.954027578808635
750.0,1e+21,49.80997556212071,1.59920316581697e-11,0.0,49.8676521580309,5.0801355351495264e-06,49.75000034194987,1.599203192823573e-11,49.86535353377025,5.080135535144315e-06,0.4500014165799911,0.6306141609796488,49.86995078229156,49.90805515761728,0.4500000000009409,0.45,0.0,1.5269640434939636e-14,49.954027578808635
751.0,1e+21,49.80997556212061,1.5992031658194358e-11,0.0,49.86765215803087,5.080135535152436e-06,49.75000034194971,1.5992031585441684e-11,49.86535353377022,5.080135535147039e-06,0.4500014165798481,0.6306141609794484,49.86995078229153,49.90805515761728,0.45000000000079815,0.45,0.0,1.526964043493523e-14,49.95402757880863
752.0,1e+21,49.80997556212053,1.599203165821538e-11,0.0,49.867652158030836,5.080135535154534e-06,49.75000034194955,1.5992031561768653e-11,49.86535353377019,5.080135535149144e-06,0.45000141657972664,0.6306141609792781,49.8699507822915,49.90805515761726,0.4500000000006772,0.45,0.0,1.5269640434931502e-14,49.95402757880863
753.0,1e+21,49.809975562120435,1.5992031658240037e-11,0.0,49.867652158030815,5.080135535156197e-06,49.750000341949395,1.5992031538180748e-11,49.86535353377016,5.080135535151227e-06,0.4500014165796234,0.6306141609791335,49.869950782291475,49.90805515761725,0.4500000000005745,0.45,0.0,1.5269640434928334e-14,49.95402757880863
754.0,1e+21,49.80997556212035,1.599203165826287e-11,0.0,49.8676521580308,5.080135535142618e-06,49.750000341949246,1.5992031833714468e-11,49.86535353377014,5.080135535153267e-06,0.4500014165795357,0.6306141609790106,49.86995078229145,49.908055157617234,0.4500000000004871,0.45,0.0,1.526964043492564e-14,49.95402757880861
755.0,1e+21,49.80997556212025,1.599203165828935e-11,0.0,49.86765215803078,5.080135535143912e-06,49.75000034194908,1.5992031491260327e-11,49.86535353377012,5.080135535154989e-06,0.45000141657946136,0.6306141609789064,49.869950782291426,49.90805515761723,0.450000000000413,0.45,0.0,1.526964043492335e-14,49.95402757880861
756.0,1e+21,49.809975562120165,1.5992031658314005e-11,0.0,49.86765215803075,5.080135535160079e-06,49.750000341948926,1.5992031467927814e-11,49.8653535337701,5.080135535156411e-06,0.4500014165793984,0.6306141609788183,49.869950782291404,49.90805515761722,0.45000000000035034,0.45,0.0,1.5269640434921417e-14,49.95402757880861
757.0,1e+21,49.80997556212008,1.5992031658338665e-11,0.0,49.86765215803073,5.080135535176055e-06,49.75000034194877,1.5992031763717342e-11,49.865353533770076,5.080135535157559e-06,0.4500014165793449,0.6306141609787432,49.86995078229139,49.90805515761721,0.4500000000002972,0.45,0.0,1.526964043491978e-14,49.954027578808606
758.0,1e+21,49.809975562119995,1.5992031658363322e-11,0.0,49.86765215803072,5.080135535146645e-06,49.75000034194861,1.5992031740555216e-11,49.865353533770055,5.080135535158451e-06,0.4500014165792999,0.6306141609786802,49.869950782291376,49.908055157617206,0.45000000000025203,0.45,0.0,1.526964043491839e-14,49.954027578808606
759.0,1e+21,49.80997556211991,1.5992031658387976e-11,0.0,49.86765215803071,5.080135535147279e-06,49.75000034194846,1.599203171747821e-11,49.86535353377005,5.080135535159417e-06,0.45000141657926146,0.6306141609786263,49.86995078229136,49.9080551576172,0.4500000000002137,0.45,0.0,1.5269640434917208e-14,49.9540275788086
760.0,1e+21,49.809975562119824,1.599203165841627e-11,0.0,49.867652158030694,5.0801355351628935e-06,49.7500003419483,1.5992031694486312e-11,49.86535353377003,5.0801355351601796e-06,0.45000141657922876,0.6306141609785805,49.869950782291355,49.90805515761719,0.4500000000001812,0.45,0.0,1.5269640434916204e-14,49.9540275788086
761.0,1e+21,49.80997556211974,1.599203165844093e-11,0.0,49.86765215803068,5.080135535163341e-06,49.750000341948144,1.5992031671579555e-11,49.865353533770026,5.080135535161061e-06,0.4500014165792011,0.6306141609785417,49.86995078229134,49.90805515761719,0.4500000000001538,0.45,0.0,1.526964043491536e-14,49.95402757880859
762.0,1e+21,49.809975562119654,1.5992031658469224e-11,0.0,49.867652158030666,5.080135535178782e-06,49.75000034194799,1.5992031648757904e-11,49.86535353377002,5.080135535161777e-06,0.45000141657917786,0.6306141609785092,49.86995078229133,49.90805515761718,0.45000000000013046,0.45,0.0,1.526964043491464e-14,49.95402757880859
763.0,1e+21,49.809975562119575,1.5992031658492062e-11,0.0,49.867652158030666,5.080135535149059e-06,49.75000034194783,1.5992031626021374e-11,49.86535353377001,5.080135535162371e-06,0.4500014165791579,0.6306141609784812,49.86995078229132,49.90805515761718,0.45000000000011064,0.45,0.0,1.526964043491403e-14,49.95402757880859
764.0,1e+21,49.80997556211949,1.5992031658520354e-11,0.0,49.86765215803066,5.0801355351494045e-06,49.750000341947676,1.5992031603369967e-11,49.865353533770005,5.080135535162857e-06,0.45000141657914094,0.6306141609784575,49.86995078229131,49.90805515761717,0.4500000000000938,0.45,0.0,1.526964043491351e-14,49.954027578808585
765.0,1e+21,49.80997556211941,1.599203165854501e-11,0.0,49.867652158030644,5.080135535164743e-06,49.750000341947526,1.5992031899841754e-11,49.86535353376999,5.080135535162941e-06,0.4500014165791268,0.6306141609784376,49.869950782291305,49.90805515761716,0.45000000000007956,0.45,0.0,1.5269640434913068e-14,49.954027578808585
766.0,1e+21,49.809975562119334,1.5992031658571484e-11,0.0,49.86765215803064,5.080135535164928e-06,49.75000034194738,1.5992032196398955e-11,49.865353533769984,5.0801355351632306e-06,0.4500014165791148,0.6306141609784208,49.8699507822913,49.90805515761716,0.4500000000000675,0.45,0.0,1.5269640434912695e-14,49.954027578808585
767.0,1e+21,49.80997556211925,1.599203165859978e-11,0.0,49.86765215803064,5.080135535165048e-06,49.75000034194721,1.5992031535926416e-11,49.865353533769984,5.08013553516373e-06,0.4500014165791047,0.6306141609784066,49.8699507822913,49.90805515761716,0.45000000000005724,0.45,0.0,1.526964043491238e-14,49.954027578808585
768.0,1e+21,49.80997556211918,1.5992031658624437e-11,0.0,49.867652158030644,5.080135535135338e-06,49.75000034194706,1.5992031832653983e-11,49.865353533769984,5.080135535164182e-06,0.4500014165790752,0.6306141609783653,49.86995078229129,49.908055157617156,0.4500000000000504,0.45,0.0,1.526964043491218e-14,49.95402757880858
769.0,1e+21,49.80997556211909,1.599203165865091e-11,0.0,49.86765215803063,5.080135535165048e-06,49.75000034194689,1.5992031491389613e-11,49.86535353376998,5.080135535164279e-06,0.45000141657912995,0.630614160978442,49.86995078229128,49.908055157617156,0.45000000000004353,0.45,0.0,1.526964043491194e-14,49.954027578808585
770.0,1e+21,49.80997556211902,1.5992031658679205e-11,0.0,49.86765215803064,5.080135535148956e-06,49.75000034194673,1.599203146924887e-11,49.86535353376998,5.080135535164162e-06,0.4500014165791702,0.6306141609784985,49.86995078229129,49.90805515761716,0.4500000000000133,0.45,0.0,1.526964043491098e-14,49.954027578808585
771.0,1e+21,49.809975562118936,1.5992031658707497e-11,0.0,49.86765215803064,5.080135535149319e-06,49.75000034194658,1.5992031766232207e-11,49.86535353376998,5.080135535164294e-06,0.4500014165791293,0.6306141609784411,49.86995078229129,49.90805515761716,0.44999999999999973,0.45,0.0,1.5269640434910575e-14,49.954027578808585
772.0,1e+21,49.80997556211886,1.599203165873397e-11,0.0,49.86765215803064,5.080135535132241e-06,49.750000341946425,1.599203174426183e-11,49.86535353376998,5.080135535164453e-06,0.4500014165793003,0.6306141609786807,49.86995078229128,49.90805515761716,0.44999999999998924,0.45,0.0,1.526964043491017e-14,49.954027578808585
773.0,1e+21,49.809975562118794,1.5992031658762262e-11,0.0,49.86765215803065,5.080135535140474e-06,49.75000034194627,1.5992031722376558e-11,49.86535353376999,5.08013553516415e-06,0.4500014165797809,0.6306141609793542,49.869950782291305,49.90805515761719,0.44999999999992263,0.45,0.0,1.5269640434907883e-14,49.9540275788086
774.0,1e+21,49.809975562118744,1.599203165880147e-11,0.0,49.867652158030715,5.080135535156464e-06,49.75000034194611,1.59920317005764e-11,49.86535353377005,5.080135535163491e-06,0.4500014165806688,0.6306141609805985,49.86995078229138,49.908055157617255,0.4499999999997407,0.45,0.0,1.5269640434901825e-14,49.95402757880863
775.0,1e+21,49.80997556211877,1.599203165885523e-11,0.0,49.867652158030914,5.080135535160461e-06,49.750000341945956,1.5992031678861342e-11,49.86535353377024,5.0801355351620684e-06,0.4500014165808683,0.6306141609808781,49.86995078229158,49.90805515761745,0.4499999999991658,0.45,0.0,1.5269640434883785e-14,49.95402757880872
776.0,1e+21,49.809975562118716,1.5992031658890798e-11,0.0,49.86765215803096,5.080135535186591e-06,49.7500003419458,1.599203165723139e-11,49.86535353377029,5.080135535162085e-06,0.4500014165801005,0.6306141609798022,49.86995078229163,49.90805515761748,0.44999999999898915,0.45,0.0,1.5269640434878585e-14,49.95402757880874
777.0,1e+21,49.80997556211863,1.5992031658915452e-11,0.0,49.867652158030936,5.0801355351756184e-06,49.75000034194564,1.599203163568654e-11,49.865353533770254,5.080135535162778e-06,0.45000141658257387,0.6306141609832683,49.86995078229162,49.90805515761747,0.4499999999990215,0.45,0.0,1.5269640434878528e-14,49.954027578808734
778.0,1e+21,49.809975562118744,1.599203165899286e-11,0.0,49.86765215803128,5.08013553514713e-06,49.75000034194549,1.599203161422679e-11,49.86535353377054,5.0801355351591225e-06,0.450001416590979,0.6306141609950467,49.869950782292,49.90805515761783,0.44999999999805573,0.45,0.0,1.5269640434844774e-14,49.95402757880891
779.0,1e+21,49.80997556211928,1.5992031659186677e-11,0.0,49.86765215803239,5.080135535135799e-06,49.75000034194533,1.5992031592852136e-11,49.86535353377154,5.080135535146713e-06,0.45000141660800663,0.6306141610189087,49.86995078229324,49.908055157618975,0.4499999999948847,0.45,0.0,1.5269640434738483e-14,49.95402757880949
780.0,1e+21,49.80997556211978,1.599203165936595e-11,0.0,49.8676521580336,5.080135535124005e-06,49.750000341945174,1.5992031571562585e-11,49.865353533772804,5.080135535135587e-06,0.45000141659301074,0.630614160997894,49.86995078229439,49.90805515762005,0.4499999999914663,0.45,0.0,1.5269640434638206e-14,49.95402757881003
781.0,1e+21,49.809975562119384,1.599203165930329e-11,0.0,49.867652158033174,5.080135535134688e-06,49.75000034194502,1.599203186939857e-11,49.86535353377261,5.080135535147918e-06,0.4500014165549231,0.6306141609445195,49.86995078229373,49.90805515761948,0.44999999999227314,0.45,0.0,1.5269640434679587e-14,49.95402757880974
782.0,1e+21,49.80997556211894,1.5992031659235174e-11,0.0,49.867652158032485,5.080135535147626e-06,49.75000034194486,1.599203184827935e-11,49.865353533771945,5.080135535163312e-06,0.4500014165576221,0.6306141609483018,49.86995078229301,49.90805515761888,0.44999999999344376,0.45,0.0,1.526964043471476e-14,49.95402757880945
783.0,1e+21,49.80997556211854,1.5992031659181614e-11,0.0,49.86765215803176,5.080135535197937e-06,49.750000341944705,1.5992031827245237e-11,49.86535353377115,5.0801355351783814e-06,0.4500014165760902,0.6306141609741823,49.86995078229238,49.90805515761835,0.4499999999946545,0.45,0.0,1.5269640434744532e-14,49.954027578809175
784.0,1e+21,49.80997556211822,1.5992031659144423e-11,0.0,49.86765215803122,5.080135535200133e-06,49.75000034194455,1.5992031806296222e-11,49.865353533770545,5.080135535188525e-06,0.45000141658530984,0.6306141609871023,49.8699507822919,49.90805515761796,0.44999999999558177,0.45,0.0,1.5269640434769713e-14,49.954027578808976
785.0,1e+21,49.80997556211803,1.5992031659136335e-11,0.0,49.867652158030985,5.080135535200768e-06,49.75000034194439,1.59920317854323e-11,49.86535353377034,5.080135535191112e-06,0.4500014165754392,0.6306141609732699,49.869950782291646,49.90805515761772,0.4499999999961239,0.45,0.0,1.526964043479106e-14,49.95402757880886
786.0,1e+21,49.80997556211785,1.599203165913916e-11,0.0,49.86765215803081,5.080135535197811e-06,49.75000034194423,1.5992031445612307e-11,49.865353533770175,5.080135535192529e-06,0.45000141657554155,0.6306141609734134,49.869950782291454,49.90805515761754,0.4499999999967124,0.45,0.0,1.5269640434809222e-14,49.95402757880878
787.0,1e+21,49.809975562117685,1.5992031659147444e-11,0.0,49.867652158030666,5.080135535179895e-06,49.75000034194408,1.5992031743959733e-11,49.865353533770026,5.080135535192974e-06,0.45000141657606313,0.6306141609741442,49.869950782291305,49.908055157617405,0.4499999999972129,0.45,0.0,1.5269640434824658e-14,49.9540275788087
788.0,1e+21,49.80997556211756,1.5992031659161183e-11,0.0,49.86765215803055,5.080135535193375e-06,49.750000341943924,1.5992031723351077e-11,49.865353533769905,5.080135535192851e-06,0.4500014165767051,0.630614160975044,49.869950782291205,49.908055157617284,0.4499999999976367,0.45,0.0,1.5269640434837725e-14,49.95402757880864
789.0,1e+21,49.80997556211745,1.599203165917856e-11,0.0,49.86765215803048,5.0801355351790625e-06,49.75000034194377,1.5992031702827518e-11,49.86535353376982,5.080135535191375e-06,0.45000141657716886,0.6306141609756939,49.869950782291134,49.90805515761721,0.44999999999799506,0.45,0.0,1.5269640434848775e-14,49.954027578808606
790.0,1e+21,49.80997556211735,1.5992031659201392e-11,0.0,49.86765215803045,5.080135535178228e-06,49.75000034194361,1.5992031682389038e-11,49.865353533769785,5.080135535189634e-06,0.4500014165773428,0.6306141609759376,49.8699507822911,49.908055157617156,0.44999999999829876,0.45,0.0,1.5269640434858144e-14,49.954027578808585
791.0,1e+21,49.809975562117266,1.5992031659227868e-11,0.0,49.867652158030424,5.0801355352063335e-06,49.750000341943455,1.599203166203566e-11,49.86535353376977,5.0801355351879995e-06,0.450001416577596,0.6306141609762924,49.869950782291085,49.90805515761712,0.4499999999985571,0.45,0.0,1.5269640434866115e-14,49.95402757880856
792.0,1e+21,49.809975562117174,1.5992031659254338e-11,0.0,49.86765215803042,5.0801355351878445e-06,49.7500003419433,1.599203164176737e-11,49.86535353376976,5.080135535186173e-06,0.4500014165778167,0.6306141609766017,49.86995078229107,49.908055157617106,0.4499999999987768,0.45,0.0,1.526964043487289e-14,49.95402757880855
793.0,1e+21,49.8099755621171,1.5992031659278992e-11,0.0,49.86765215803041,5.080135535184033e-06,49.750000341943135,1.5992031621584148e-11,49.865353533769756,5.080135535183973e-06,0.4500014165780062,0.6306141609768673,49.86995078229106,49.9080551576171,0.44999999999896284,0.45,0.0,1.5269640434878626e-14,49.95402757880854
794.0,1e+21,49.80997556211703,1.5992031659305465e-11,0.0,49.867652158030424,5.080135535165728e-06,49.75000034194298,1.5992031601486028e-11,49.86535353376976,5.080135535182112e-06,0.45000141657816534,0.6306141609770902,49.86995078229107,49.908055157617085,0.4499999999991201,0.45,0.0,1.5269640434883476e-14,49.95402757880854
795.0,1e+21,49.80997556211696,1.5992031659335573e-11,0.0,49.86765215803043,5.080135535178798e-06,49.75000034194282,1.5992031581472978e-11,49.86535353376977,5.080135535180116e-06,0.4500014165782975,0.6306141609772755,49.869950782291085,49.908055157617085,0.4499999999992534,0.45,0.0,1.5269640434887587e-14,49.95402757880854
796.0,1e+21,49.80997556211688,1.5992031659365684e-11,0.0,49.86765215803045,5.080135535161922e-06,49.75000034194267,1.5992031880587626e-11,49.865353533769785,5.080135535178474e-06,0.4500014165784112,0.6306141609774348,49.8699507822911,49.90805515761708,0.4499999999993668,0.45,0.0,1.5269640434891084e-14,49.95402757880854
797.0,1e+21,49.80997556211682,1.5992031659393973e-11,0.0,49.86765215803046,5.0801355351753635e-06,49.75000034194252,1.59920318607449e-11,49.8653535337698,5.0801355351769356e-06,0.450001416578508,0.6306141609775705,49.86995078229111,49.90805515761708,0.44999999999946316,0.45,0.0,1.5269640434894056e-14,49.95402757880854
798.0,1e+21,49.80997556211675,1.5992031659422265e-11,0.0,49.86765215803047,5.080135535173922e-06,49.75000034194235,1.5992031521944337e-11,49.86535353376981,5.080135535175517e-06,0.45000141657858994,0.6306141609776853,49.86995078229113,49.908055157617085,0.44999999999954476,0.45,0.0,1.5269640434896574e-14,49.95402757880855
799.0,1e+21,49.80997556211667,1.5992031659452376e-11,0.0,49.86765215803048,5.080135535172701e-06,49.750000341942204,1.5992031821314668e-11,49.86535353376983,5.08013553517424e-06,0.4500014165786592,0.6306141609777823,49.86995078229114,49.90805515761709,0.44999999999961376,0.45,0.0,1.5269640434898704e-14,49.95402757880855
800.0,1e+21,49.8099755621166,1.599203165948248e-11,0.0,49.867652158030495,5.08013553517171e-06,49.75000034194205,1.599203180172717e-11,49.86535353376984,5.080135535173117e-06,0.45000141657871795,0.6306141609778647,49.869950782291156,49.9080551576171,0.44999999999967233,0.45,0.0,1.526964043490051e-14,49.95402757880855
801.0,1e+21,49.809975562116534,1.5992031659508954e-11,0.0,49.86765215803051,5.080135535170863e-06,49.75000034194189,1.599203178222475e-11,49.86535353376985,5.080135535171866e-06,0.4500014165787679,0.6306141609779348,49.86995078229117,49.908055157617106,0.4499999999997222,0.45,0.0,1.5269640434902046e-14,49.95402757880856
802.0,1e+21,49.80997556211646,1.5992031659539062e-11,0.0,49.867652158030516,5.0801355351852145e-06,49.750000341941735,1.5992031762807405e-11,49.86535353376986,5.080135535171068e-06,0.4500014165788104,0.6306141609779943,49.869950782291184,49.908055157617106,0.4499999999997645,0.45,0.0,1.526964043490335e-14,49.95402757880856
803.0,1e+21,49.80997556211638,1.5992031659569174e-11,0.0,49.86765215803053,5.080135535169519e-06,49.75000034194158,1.599203174347513e-11,49.86535353376988,5.080135535170423e-06,0.45000141657884635,0.6306141609780446,49.86995078229119,49.908055157617106,0.4499999999998003,0.45,0.0,1.5269640434904453e-14,49.95402757880856
804.0,1e+21,49.80997556211631,1.5992031659599282e-11,0.0,49.867652158030545,5.080135535168996e-06,49.75000034194142,1.599203172422793e-11,49.865353533769884,5.080135535169916e-06,0.4500014165788767,0.6306141609780871,49.869950782291205,49.908055157617106,0.44999999999983054,0.45,0.0,1.5269640434905387e-14,49.95402757880856
805.0,1e+21,49.809975562116236,1.599203165962575e-11,0.0,49.86765215803055,5.080135535168554e-06,49.75000034194126,1.5992031705065804e-11,49.86535353376989,5.080135535169238e-06,0.45000141657890247,0.6306141609781233,49.86995078229121,49.90805515761711,0.4499999999998562,0.45,0.0,1.526964043490618e-14,49.95402757880856
806.0,1e+21,49.80997556211616,1.599203165965404e-11,0.0,49.86765215803056,5.0801355351681815e-06,49.7500003419411,1.5992031685988754e-11,49.8653535337699,5.080135535168679e-06,0.45000141657892434,0.6306141609781539,49.86995078229122,49.90805515761712,0.449999999999878,0.45,0.0,1.526964043490685e-14,49.954027578808564
807.0,1e+21,49.809975562116094,1.5992031659680513e-11,0.0,49.867652158030566,5.080135535167861e-06,49.75000034194095,1.5992031666996777e-11,49.865353533769905,5.080135535168227e-06,0.450001416578943,0.63061416097818,49.86995078229122,49.90805515761712,0.4499999999998966,0.45,0.0,1.5269640434907426e-14,49.954027578808564
808.0,1e+21,49.80997556211601,1.59920316597088e-11,0.0,49.86765215803057,5.080135535152514e-06,49.75000034194079,1.5992031648089862e-11,49.865353533769905,5.080135535167567e-06,0.4500014165789588,0.6306141609782022,49.86995078229122,49.90805515761712,0.44999999999991236,0.45,0.0,1.526964043490791e-14,49.954027578808564
809.0,1e+21,49.80997556211594,1.599203165973709e-11,0.0,49.86765215803058,5.080135535152284e-06,49.75000034194063,1.59920313102235e-11,49.86535353376991,5.0801355351672955e-06,0.4500014165789722,0.630614160978221,49.86995078229123,49.90805515761713,0.4499999999999257,0.45,0.0,1.526964043490832e-14,49.95402757880857
810.0,1e+21,49.80997556211586,1.59920316597672e-11,0.0,49.86765215803059,5.080135535167169e-06,49.75000034194048,1.5992031610531238e-11,49.86535353376993,5.0801355351674e-06,0.4500014165789835,0.6306141609782369,49.86995078229124,49.908055157617135,0.4499999999999369,0.45,0.0,1.5269640434908666e-14,49.95402757880857
811.0,1e+21,49.80997556211578,1.5992031659795488e-11,0.0,49.86765215803059,5.080135535167003e-06,49.75000034194032,1.5992031591879527e-11,49.86535353376993,5.080135535166965e-06,0.450001416578993,0.6306141609782502,49.86995078229124,49.908055157617135,0.44999999999994644,0.45,0.0,1.5269640434908962e-14,49.954027578808564
812.0,1e+21,49.8099755621157,1.5992031659821958e-11,0.0,49.86765215803059,5.080135535166865e-06,49.750000341940165,1.599203157331288e-11,49.86535353376993,5.080135535166591e-06,0.4500014165790012,0.6306141609782616,49.86995078229124,49.908055157617135,0.44999999999995455,0.45,0.0,1.5269640434909215e-14,49.954027578808564
813.0,1e+21,49.809975562115625,1.5992031659850247e-11,0.0,49.86765215803059,5.0801355351667475e-06,49.75000034194001,1.5992031554831303e-11,49.86535353376993,5.080135535166269e-06,0.4500014165790081,0.6306141609782713,49.86995078229124,49.908055157617135,0.4499999999999615,0.45,0.0,1.5269640434909426e-14,49.95402757880857
814.0,1e+21,49.80997556211555,1.5992031659878536e-11,0.0,49.867652158030594,5.080135535166646e-06,49.75000034193985,1.5992031536434777e-11,49.865353533769934,5.080135535166292e-06,0.450001416579014,0.6306141609782795,49.86995078229125,49.908055157617135,0.4499999999999673,0.45,0.0,1.526964043490961e-14,49.95402757880857
815.0,1e+21,49.809975562115476,1.5992031659903187e-11,0.0,49.867652158030594,5.080135535166559e-06,49.750000341939696,1.599203151812331e-11,49.86535353376994,5.080135535166354e-06,0.45000141657901915,0.6306141609782868,49.86995078229125,49.908055157617135,0.4499999999999723,0.45,0.0,1.526964043490976e-14,49.95402757880857
816.0,1e+21,49.8099755621154,1.5992031659931476e-11,0.0,49.867652158030594,5.080135535166486e-06,49.75000034193954,1.599203149989692e-11,49.86535353376994,5.080135535166146e-06,0.45000141657902337,0.6306141609782927,49.86995078229125,49.908055157617135,0.4499999999999766,0.45,0.0,1.526964043490989e-14,49.95402757880857
817.0,1e+21,49.80997556211532,1.5992031659959765e-11,0.0,49.8676521580306,5.080135535166421e-06,49.750000341939376,1.5992031481755576e-11,49.86535353376994,5.0801355351659665e-06,0.450001416579027,0.6306141609782977,49.869950782291255,49.908055157617135,0.44999999999998014,0.45,0.0,1.526964043491e-14,49.95402757880857
818.0,1e+21,49.809975562115234,1.5992031659989873e-11,0.0,49.8676521580306,5.080135535166371e-06,49.75000034193923,1.5992031782745127e-11,49.86535353376994,5.080135535165814e-06,0.45000141657903,0.6306141609783019,49.869950782291255,49.90805515761714,0.44999999999998314,0.45,0.0,1.5269640434910092e-14,49.95402757880857
819.0,1e+21,49.809975562115156,1.5992031660018158e-11,0.0,49.8676521580306,5.080135535181403e-06,49.75000034193907,1.5992031764774053e-11,49.86535353376995,5.080135535165981e-06,0.45000141657903253,0.6306141609783056,49.86995078229126,49.90805515761714,0.44999999999998563,0.45,0.0,1.526964043491017e-14,49.95402757880858
820.0,1e+21,49.80997556211509,1.599203166004099e-11,0.0,49.8676521580306,5.080135535166292e-06,49.75000034193891,1.5992031427841905e-11,49.86535353376995,5.080135535165872e-06,0.4500014165790347,0.6306141609783086,49.869950782291255,49.90805515761714,0.44999999999998785,0.45,0.0,1.526964043491024e-14,49.95402757880858
821.0,1e+21,49.809975562115014,1.599203166006746e-11,0.0,49.8676521580306,5.080135535166258e-06,49.75000034193876,1.5992031729087064e-11,49.86535353376994,5.080135535165476e-06,0.4500014165790365,0.630614160978311,49.869950782291255,49.90805515761714,0.4499999999999897,0.45,0.0,1.5269640434910297e-14,49.95402757880858
822.0,1e+21,49.809975562114936,1.599203166009575e-11,0.0,49.86765215803061,5.080135535151155e-06,49.7500003419386,1.5992031711371153e-11,49.86535353376994,5.0801355351653964e-06,0.4500014165790381,0.6306141609783134,49.869950782291255,49.90805515761715,0.44999999999999124,0.45,0.0,1.5269640434910344e-14,49.95402757880858
823.0,1e+21,49.80997556211484,1.5992031660127672e-11,0.0,49.86765215803061,5.080135535166208e-06,49.750000341938446,1.599203169374029e-11,49.86535353376995,5.080135535165625e-06,0.45000141657903947,0.6306141609783152,49.86995078229126,49.90805515761715,0.4499999999999926,0.45,0.0,1.5269640434910385e-14,49.95402757880858
824.0,1e+21,49.80997556211477,1.5992031660154142e-11,0.0,49.86765215803061,5.080135535166188e-06,49.75000034193829,1.599203167619449e-11,49.86535353376995,5.080135535165566e-06,0.4500014165790406,0.6306141609783168,49.86995078229126,49.90805515761715,0.4499999999999937,0.45,0.0,1.526964043491042e-14,49.95402757880858
825.0,1e+21,49.8099755621147,1.599203166017879e-11,0.0,49.86765215803061,5.080135535166176e-06,49.75000034193813,1.599203165873374e-11,49.86535353376995,5.080135535165513e-06,0.4500014165790415,0.6306141609783181,49.86995078229126,49.90805515761715,0.4499999999999947,0.45,0.0,1.526964043491045e-14,49.95402757880857
826.0,1e+21,49.80997556211462,1.599203166020526e-11,0.0,49.86765215803061,5.08013553516616e-06,49.75000034193798,1.5992031641358036e-11,49.86535353376995,5.080135535165467e-06,0.4500014165790423,0.6306141609783192,49.86995078229126,49.90805515761715,0.4499999999999955,0.45,0.0,1.5269640434910474e-14,49.95402757880858
827.0,1e+21,49.809975562114545,1.5992031660233548e-11,0.0,49.86765215803061,5.080135535166149e-06,49.75000034193782,1.599203162406738e-11,49.865353533769955,5.0801355351657336e-06,0.45000141657904297,0.6306141609783201,49.86995078229126,49.90805515761715,0.4499999999999961,0.45,0.0,1.5269640434910496e-14,49.95402757880858
828.0,1e+21,49.80997556211445,1.5992031660263653e-11,0.0,49.86765215803061,5.080135535166139e-06,49.750000341937664,1.5992031606861778e-11,49.865353533769955,5.080135535165701e-06,0.45000141657904363,0.630614160978321,49.86995078229126,49.90805515761715,0.4499999999999967,0.45,0.0,1.5269640434910515e-14,49.95402757880858
829.0,1e+21,49.80997556211438,1.5992031660290123e-11,0.0,49.867652158030616,5.080135535151053e-06,49.7500003419375,1.5992031589741217e-11,49.865353533769955,5.080135535165673e-06,0.45000141657904413,0.6306141609783218,49.86995078229126,49.90805515761715,0.4499999999999972,0.45,0.0,1.526964043491053e-14,49.95402757880858
830.0,1e+21,49.8099755621143,1.599203166031841e-11,0.0,49.86765215803061,5.080135535181198e-06,49.750000341937344,1.5992031572705703e-11,49.865353533769955,5.080135535165652e-06,0.4500014165790445,0.6306141609783223,49.86995078229127,49.90805515761715,0.44999999999999757,0.45,0.0,1.5269640434910543e-14,49.95402757880857
831.0,1e+21,49.80997556211428,1.599203166035579e-11,0.0,49.86765215803071,5.080135535151097e-06,49.750000341937195,1.599203187480296e-11,49.86535353377004,5.080135535164534e-06,0.4500014165799292,0.6306141609795621,49.86995078229137,49.908055157617234,0.4499999999997378,0.45,0.0,1.526964043490205e-14,49.95402757880861
832.0,1e+21,49.80997556211434,1.5992031660422275e-11,0.0,49.867652158030964,5.08013553517146e-06,49.75000034193703,1.5992031538889817e-11,49.865353533770275,5.0801355351615196e-06,0.450001416582319,0.630614160982911,49.869950782291646,49.908055157617504,0.449999999998968,0.45,0.0,1.5269640434876982e-14,49.95402757880875
833.0,1e+21,49.80997556211421,1.599203166043601e-11,0.0,49.86765215803087,5.080135535152256e-06,49.750000341936875,1.5992031522109424e-11,49.86535353377019,5.080135535162722e-06,0.450001416581982,0.6306141609824388,49.869950782291546,49.90805515761742,0.4499999999992042,0.45,0.0,1.5269640434884495e-14,49.95402757880871
834.0,1e+21,49.809975562114175,1.5992031660473392e-11,0.0,49.867652158030936,5.0801355351556225e-06,49.750000341936726,1.5992031824462252e-11,49.86535353377023,5.080135535162423e-06,0.45000141658530846,0.6306141609871003,49.869950782291625,49.90805515761749,0.4499999999990161,0.45,0.0,1.526964043487719e-14,49.95402757880875
835.0,1e+21,49.8099755621145,1.5992031660608998e-11,0.0,49.86765215803166,5.0801355351532246e-06,49.75000034193657,1.5992031807852094e-11,49.86535353377088,5.0801355351545985e-06,0.45000141659868864,0.6306141610058509,49.869950782292435,49.908055157618236,0.44999999999697327,0.45,0.0,1.5269640434807673e-14,49.954027578809125
836.0,1e+21,49.809975562115305,1.5992031660871935e-11,0.0,49.86765215803335,5.080135535128273e-06,49.75000034193641,1.599203179132698e-11,49.865353533772485,5.080135535135237e-06,0.45000141660207316,0.6306141610105938,49.869950782294204,49.908055157619856,0.4499999999923051,0.45,0.0,1.526964043466069e-14,49.95402757880993
837.0,1e+21,49.809975562115035,1.599203166084929e-11,0.0,49.867652158033195,5.0801355351570015e-06,49.75000034193625,1.5992031455838292e-11,49.86535353377258,5.080135535142833e-06,0.4500014165676393,0.6306141609623395,49.86995078229382,49.90805515761953,0.44999999999258955,0.45,0.0,1.52696404346839e-14,49.954027578809765
838.0,1e+21,49.809975562115504,1.5992031661028553e-11,0.0,49.86765215803397,5.080135535151589e-06,49.7500003419361,1.599203175853186e-11,49.865353533772996,5.080135535142963e-06,0.4500014166443187,0.630614161069795,49.86995078229494,49.90805515762066,0.4499999999894814,0.45,0.0,1.526964043455356e-14,49.954027578810326
839.0,1e+21,49.80997556211595,1.5992031661189624e-11,0.0,49.8676521580352,5.080135535143656e-06,49.75000034193594,1.599203142321296e-11,49.86535353377444,5.0801355351340605e-06,0.45000141657996845,0.6306141609796171,49.869950782295966,49.90805515762161,0.44999999998565876,0.45,0.0,1.5269640434462574e-14,49.95402757881081
840.0,1e+21,49.80997556211534,1.5992031661072394e-11,0.0,49.867652158034424,5.080135535169324e-06,49.75000034193578,1.5992031407027844e-11,49.86535353377398,5.080135535152989e-06,0.4500014165285549,0.6306141609075682,49.86995078229489,49.90805515762068,0.4499999999871463,0.45,0.0,1.52696404345307e-14,49.95402757881033
841.0,1e+21,49.809975562114694,1.5992031660946064e-11,0.0,49.86765215803327,5.080135535182418e-06,49.750000341935625,1.5992031709976946e-11,49.86535353377279,5.080135535177667e-06,0.4500014165461999,0.6306141609322952,49.86995078229375,49.908055157619714,0.44999999998925494,0.45,0.0,1.5269640434588537e-14,49.95402757880986
842.0,1e+21,49.8099755621141,1.5992031660837923e-11,0.0,49.86765215803212,5.080135535181569e-06,49.75000034193547,1.599203169396205e-11,49.865353533771504,5.080135535200977e-06,0.4500014165829053,0.6306141609837327,49.869950782292726,49.90805515761887,0.44999999999133017,0.45,0.0,1.5269640434637462e-14,49.95402757880944
843.0,1e+21,49.80997556211368,1.5992031660777077e-11,0.0,49.867652158031355,5.080135535210646e-06,49.75000034193531,1.5992031678032175e-11,49.865353533770666,5.080135535213685e-06,0.4500014165886734,0.6306141609918159,49.86995078229205,49.908055157618286,0.44999999999271767,0.45,0.0,1.526964043467886e-14,49.95402757880914
844.0,1e+21,49.80997556211343,1.599203166075807e-11,0.0,49.86765215803106,5.080135535212025e-06,49.750000341935156,1.5992031662187333e-11,49.86535353377041,5.080135535214748e-06,0.4500014165728401,0.6306141609696276,49.86995078229171,49.90805515761796,0.4499999999936246,0.45,0.0,1.5269640434713975e-14,49.954027578808976
845.0,1e+21,49.809975562113216,1.5992031660748158e-11,0.0,49.86765215803079,5.08013553523002e-06,49.75000034193501,1.59920319654773e-11,49.86535353377016,5.080135535215532e-06,0.4500014165731487,0.6306141609700601,49.869950782291426,49.90805515761769,0.4499999999945936,0.45,0.0,1.5269640434743876e-14,49.95402757880884
846.0,1e+21,49.80997556211303,1.599203166074734e-11,0.0,49.86765215803057,5.080135535231758e-06,49.75000034193484,1.5992031630752738e-11,49.86535353376994,5.080135535215522e-06,0.4500014165741699,0.6306141609714913,49.86995078229122,49.90805515761747,0.4499999999954167,0.45,0.0,1.5269640434769258e-14,49.95402757880874
847.0,1e+21,49.809975562112875,1.5992031660753796e-11,0.0,49.86765215803041,5.080135535215956e-06,49.75000034193469,1.5992031615162987e-11,49.86535353376976,5.080135535213995e-06,0.4500014165753037,0.63061416097308,49.869950782291056,49.908055157617305,0.4499999999961132,0.45,0.0,1.526964043479073e-14,49.954027578808656
848.0,1e+21,49.809975562112754,1.599203166076753e-11,0.0,49.86765215803032,5.0801355351964105e-06,49.75000034193453,1.5992031599658262e-11,49.86535353376966,5.080135535211117e-06,0.4500014165759497,0.6306141609739854,49.86995078229097,49.9080551576172,0.4499999999967023,0.45,0.0,1.52696404348089e-14,49.95402757880861
849.0,1e+21,49.809975562112655,1.5992031660790357e-11,0.0,49.86765215803028,5.080135535197002e-06,49.750000341934374,1.599203158423856e-11,49.86535353376962,5.080135535207746e-06,0.45000141657624093,0.6306141609743935,49.86995078229093,49.90805515761713,0.4499999999972018,0.45,0.0,1.5269640434824314e-14,49.95402757880857
850.0,1e+21,49.80997556211256,1.5992031660815008e-11,0.0,49.86765215803026,5.080135535192877e-06,49.75000034193422,1.599203156890388e-11,49.8653535337696,5.080135535204182e-06,0.45000141657665976,0.6306141609749805,49.86995078229091,49.908055157617085,0.4499999999976273,0.45,0.0,1.5269640434837438e-14,49.95402757880854
851.0,1e+21,49.809975562112484,1.599203166084147e-11,0.0,49.86765215803025,5.080135535186703e-06,49.75000034193406,1.5992031553654228e-11,49.86535353376959,5.080135535200575e-06,0.45000141657702475,0.6306141609754918,49.8699507822909,49.90805515761705,0.44999999999798856,0.45,0.0,1.5269640434848577e-14,49.95402757880852
852.0,1e+21,49.80997556211241,1.5992031660869757e-11,0.0,49.86765215803026,5.080135535195296e-06,49.7500003419339,1.599203153848959e-11,49.86535353376959,5.080135535196788e-06,0.45000141657733683,0.6306141609759293,49.869950782290914,49.90805515761703,0.44999999999829415,0.45,0.0,1.5269640434858002e-14,49.954027578808514
853.0,1e+21,49.80997556211235,1.599203166089986e-11,0.0,49.867652158030275,5.080135535205324e-06,49.75000034193374,1.5992031523409988e-11,49.865353533769614,5.080135535193582e-06,0.450001416577597,0.6306141609762939,49.869950782290935,49.90805515761703,0.4499999999985527,0.45,0.0,1.5269640434865976e-14,49.954027578808514
854.0,1e+21,49.80997556211227,1.5992031660931783e-11,0.0,49.867652158030296,5.08013553518707e-06,49.75000034193359,1.599203182746648e-11,49.865353533769635,5.080135535190292e-06,0.4500014165778145,0.6306141609765986,49.86995078229096,49.90805515761703,0.44999999999877194,0.45,0.0,1.5269640434872738e-14,49.95402757880851
855.0,1e+21,49.809975562112214,1.5992031660961884e-11,0.0,49.86765215803032,5.080135535199136e-06,49.750000341933436,1.5992031812557052e-11,49.865353533769664,5.080135535187489e-06,0.4500014165780018,0.6306141609768611,49.869950782290985,49.90805515761703,0.4499999999989587,0.45,0.0,1.52696404348785e-14,49.954027578808514
856.0,1e+21,49.80997556211214,1.5992031660993808e-11,0.0,49.867652158030346,5.080135535196414e-06,49.75000034193328,1.5992031797732638e-11,49.865353533769685,5.080135535184614e-06,0.4500014165781609,0.630614160977084,49.86995078229101,49.908055157617035,0.4499999999991172,0.45,0.0,1.5269640434883388e-14,49.954027578808514
857.0,1e+21,49.80997556211207,1.599203166102391e-11,0.0,49.867652158030374,5.080135535178953e-06,49.750000341933124,1.5992031782993255e-11,49.86535353376971,5.080135535182289e-06,0.45000141657829557,0.6306141609772727,49.869950782291035,49.90805515761704,0.44999999999925133,0.45,0.0,1.5269640434887524e-14,49.95402757880853
858.0,1e+21,49.809975562112015,1.5992031661054015e-11,0.0,49.867652158030396,5.080135535192038e-06,49.75000034193297,1.599203176833887e-11,49.865353533769735,5.080135535180234e-06,0.4500014165784096,0.6306141609774326,49.869950782291056,49.90805515761705,0.4499999999993648,0.45,0.0,1.5269640434891024e-14,49.95402757880853
859.0,1e+21,49.809975562111944,1.5992031661084116e-11,0.0,49.867652158030424,5.080135535175343e-06,49.75000034193281,1.5992031753769507e-11,49.86535353376976,5.080135535178479e-06,0.4500014165785061,0.6306141609775678,49.86995078229108,49.908055157617056,0.449999999999461,0.45,0.0,1.526964043489399e-14,49.95402757880853
860.0,1e+21,49.80997556211188,1.59920316611124e-11,0.0,49.86765215803045,5.080135535158868e-06,49.750000341932655,1.5992031739285164e-11,49.865353533769785,5.080135535176724e-06,0.4500014165785884,0.6306141609776831,49.8699507822911,49.90805515761706,0.449999999999543,0.45,0.0,1.5269640434896517e-14,49.954027578808535
861.0,1e+21,49.80997556211181,1.5992031661144323e-11,0.0,49.86765215803047,5.0801355351576715e-06,49.7500003419325,1.599203172488583e-11,49.865353533769806,5.080135535175252e-06,0.4500014165786581,0.6306141609777808,49.86995078229112,49.90805515761707,0.44999999999961254,0.45,0.0,1.5269640434898666e-14,49.95402757880854
862.0,1e+21,49.809975562111724,1.5992031661176243e-11,0.0,49.86765215803048,5.080135535156655e-06,49.75000034193235,1.5992032029623762e-11,49.86535353376983,5.080135535174035e-06,0.4500014165787171,0.6306141609778635,49.869950782291134,49.908055157617085,0.4499999999996714,0.45,0.0,1.526964043490048e-14,49.95402757880854
863.0,1e+21,49.80997556211167,1.5992031661204526e-11,0.0,49.867652158030495,5.0801355351708725e-06,49.75000034193219,1.5992032015394595e-11,49.86535353376984,5.080135535172768e-06,0.45000141657876713,0.6306141609779335,49.869950782291156,49.90805515761709,0.4499999999997212,0.45,0.0,1.5269640434902017e-14,49.95402757880855
864.0,1e+21,49.809975562111596,1.599203166123281e-11,0.0,49.86765215803051,5.080135535169695e-06,49.75000034193202,1.5992031682197892e-11,49.865353533769856,5.080135535171602e-06,0.4500014165788368,0.6306141609780312,49.86995078229117,49.9080551576171,0.44999999999975576,0.45,0.0,1.526964043490307e-14,49.95402757880856
865.0,1e+21,49.809975562111525,1.599203166126291e-11,0.0,49.86765215803053,5.080135535154643e-06,49.750000341931866,1.5992031668138594e-11,49.86535353376987,5.080135535170757e-06,0.4500014165788118,0.6306141609779962,49.869950782291184,49.908055157617106,0.4499999999997924,0.45,0.0,1.526964043490422e-14,49.95402757880856
866.0,1e+21,49.809975562111454,1.5992031661291196e-11,0.0,49.86765215803054,5.080135535169138e-06,49.75000034193171,1.5992031654164298e-11,49.86535353376988,5.080135535170149e-06,0.4500014165788779,0.6306141609780888,49.8699507822912,49.908055157617106,0.4499999999998241,0.45,0.0,1.5269640434905192e-14,49.95402757880856
867.0,1e+21,49.80997556211138,1.599203166131766e-11,0.0,49.867652158030545,5.080135535168611e-06,49.75000034193155,1.599203164027502e-11,49.865353533769884,5.080135535169388e-06,0.4500014165788985,0.6306141609781177,49.869950782291205,49.908055157617106,0.44999999999985085,0.45,0.0,1.5269640434906015e-14,49.95402757880856
868.0,1e+21,49.809975562111305,1.5992031661347764e-11,0.0,49.86765215803055,5.0801355351682535e-06,49.7500003419314,1.5992031626470747e-11,49.86535353376989,5.08013553516875e-06,0.45000141657891973,0.6306141609781475,49.86995078229121,49.90805515761712,0.4499999999998734,0.45,0.0,1.5269640434906713e-14,49.95402757880856
869.0,1e+21,49.809975562111234,1.5992031661374224e-11,0.0,49.867652158030566,5.080135535152858e-06,49.75000034193124,1.5992031612751475e-11,49.8653535337699,5.080135535168233e-06,0.45000141657893894,0.6306141609781744,49.86995078229122,49.90805515761713,0.44999999999989265,0.45,0.0,1.5269640434907306e-14,49.954027578808564
870.0,1e+21,49.80997556211116,1.599203166140251e-11,0.0,49.86765215803057,5.080135535152575e-06,49.75000034193109,1.5992031918170632e-11,49.865353533769905,5.080135535167823e-06,0.45000141657895576,0.6306141609781979,49.86995078229122,49.90805515761713,0.44999999999990903,0.45,0.0,1.526964043490781e-14,49.95402757880857
871.0,1e+21,49.809975562111084,1.599203166143079e-11,0.0,49.86765215803057,5.080135535167406e-06,49.75000034193094,1.599203222367507e-11,49.86535353376991,5.080135535167509e-06,0.45000141657896997,0.6306141609782179,49.86995078229123,49.90805515761713,0.4499999999999229,0.45,0.0,1.5269640434908237e-14,49.95402757880857
872.0,1e+21,49.809975562111006,1.599203166146089e-11,0.0,49.86765215803058,5.080135535167202e-06,49.75000034193078,1.599203189115738e-11,49.86535353376992,5.080135535167276e-06,0.4500014165789814,0.6306141609782339,49.869950782291234,49.90805515761713,0.4499999999999346,0.45,0.0,1.5269640434908596e-14,49.95402757880857
873.0,1e+21,49.80997556211093,1.5992031661489176e-11,0.0,49.86765215803059,5.080135535167036e-06,49.750000341930615,1.599203155872439e-11,49.86535353376993,5.080135535167116e-06,0.45000141657899145,0.630614160978248,49.86995078229124,49.908055157617135,0.4499999999999445,0.45,0.0,1.5269640434908902e-14,49.954027578808564
874.0,1e+21,49.80997556211085,1.599203166151564e-11,0.0,49.86765215803059,5.08013553516689e-06,49.75000034193046,1.5992031545430127e-11,49.86535353376993,5.080135535166716e-06,0.4500014165789999,0.6306141609782598,49.86995078229124,49.908055157617135,0.44999999999995294,0.45,0.0,1.5269640434909164e-14,49.95402757880857
875.0,1e+21,49.80997556211077,1.599203166154392e-11,0.0,49.86765215803059,5.080135535166765e-06,49.7500003419303,1.5992031532220854e-11,49.86535353376993,5.0801355351663705e-06,0.4500014165790071,0.6306141609782699,49.86995078229124,49.908055157617135,0.4499999999999601,0.45,0.0,1.5269640434909385e-14,49.95402757880857
876.0,1e+21,49.809975562110694,1.59920316615722e-11,0.0,49.867652158030594,5.080135535166659e-06,49.75000034193014,1.599203151909658e-11,49.865353533769934,5.080135535166372e-06,0.45000141657901316,0.6306141609782784,49.86995078229125,49.908055157617135,0.44999999999996615,0.45,0.0,1.526964043490957e-14,49.95402757880857
877.0,1e+21,49.80997556211062,1.5992031661600484e-11,0.0,49.867652158030594,5.080135535181649e-06,49.75000034192999,1.5992031825111744e-11,49.86535353376994,5.0801355351664205e-06,0.45000141657901827,0.6306141609782855,49.869950782291255,49.90805515761714,0.44999999999997126,0.45,0.0,1.526964043490973e-14,49.95402757880857
878.0,1e+21,49.809975562110544,1.5992031661625128e-11,0.0,49.867652158030594,5.080135535166494e-06,49.750000341929834,1.5992031812157614e-11,49.86535353376994,5.080135535166201e-06,0.45000141657902265,0.6306141609782917,49.86995078229125,49.908055157617135,0.44999999999997564,0.45,0.0,1.5269640434909865e-14,49.95402757880858
879.0,1e+21,49.80997556211047,1.599203166165159e-11,0.0,49.8676521580306,5.080135535151354e-06,49.75000034192967,1.599203148023373e-11,49.86535353376994,5.080135535166014e-06,0.4500014165790264,0.630614160978297,49.86995078229125,49.908055157617135,0.44999999999997936,0.45,0.0,1.526964043490998e-14,49.95402757880857
880.0,1e+21,49.80997556211039,1.599203166168169e-11,0.0,49.8676521580306,5.080135535166379e-06,49.75000034192952,1.5992031786504307e-11,49.86535353376994,5.080135535165851e-06,0.4500014165790296,0.6306141609783015,49.869950782291255,49.90805515761714,0.44999999999998247,0.45,0.0,1.5269640434910073e-14,49.95402757880857
881.0,1e+21,49.80997556211031,1.599203166171179e-11,0.0,49.8676521580306,5.080135535181412e-06,49.75000034192936,1.599203145475011e-11,49.86535353376995,5.080135535166016e-06,0.4500014165790322,0.630614160978305,49.86995078229126,49.90805515761714,0.4499999999999851,0.45,0.0,1.5269640434910155e-14,49.95402757880857
882.0,1e+21,49.80997556211023,1.5992031661738255e-11,0.0,49.8676521580306,5.080135535181373e-06,49.75000034192921,1.599203176119097e-11,49.86535353376995,5.080135535165898e-06,0.45000141657903436,0.630614160978308,49.86995078229126,49.90805515761714,0.4499999999999873,0.45,0.0,1.5269640434910225e-14,49.95402757880858
883.0,1e+21,49.80997556211016,1.59920316617629e-11,0.0,49.8676521580306,5.080135535166258e-06,49.75000034192905,1.5992031748661786e-11,49.86535353376994,5.0801355351654955e-06,0.45000141657903636,0.6306141609783109,49.869950782291255,49.90805515761714,0.44999999999998924,0.45,0.0,1.5269640434910285e-14,49.95402757880858
884.0,1e+21,49.80997556211008,1.5992031661789362e-11,0.0,49.86765215803061,5.080135535151157e-06,49.750000341928896,1.5992031736217597e-11,49.86535353376994,5.080135535165409e-06,0.45000141657903797,0.6306141609783131,49.869950782291255,49.90805515761714,0.4499999999999909,0.45,0.0,1.5269640434910335e-14,49.95402757880858
885.0,1e+21,49.80997556211,1.599203166181946e-11,0.0,49.86765215803061,5.080135535166209e-06,49.75000034192874,1.599203172385838e-11,49.86535353376995,5.080135535165636e-06,0.45000141657903936,0.6306141609783151,49.86995078229126,49.90805515761715,0.4499999999999923,0.45,0.0,1.5269640434910376e-14,49.95402757880858
886.0,1e+21,49.809975562109926,1.5992031661845924e-11,0.0,49.86765215803061,5.080135535166188e-06,49.75000034192858,1.599203171158416e-11,49.86535353376995,5.080135535165574e-06,0.4500014165790406,0.6306141609783168,49.86995078229126,49.90805515761715,0.44999999999999346,0.45,0.0,1.5269640434910414e-14,49.95402757880858
887.0,1e+21,49.80997556210985,1.5992031661872384e-11,0.0,49.86765215803061,5.080135535166173e-06,49.75000034192843,1.5992031699394925e-11,49.86535353376995,5.080135535165522e-06,0.45000141657904164,0.6306141609783182,49.86995078229126,49.90805515761715,0.4499999999999945,0.45,0.0,1.5269640434910445e-14,49.95402757880857
888.0,1e+21,49.80997556210977,1.5992031661900666e-11,0.0,49.86765215803061,5.08013553516616e-06,49.75000034192826,1.5992031368234617e-11,49.86535353376995,5.080135535165475e-06,0.4500014165790424,0.6306141609783193,49.86995078229126,49.90805515761715,0.44999999999999535,0.45,0.0,1.526964043491047e-14,49.95402757880858
889.0,1e+21,49.80997556210969,1.599203166192713e-11,0.0,49.86765215803061,5.080135535166151e-06,49.75000034192811,1.59920316752714e-11,49.865353533769955,5.0801355351657395e-06,0.4500014165790431,0.6306141609783203,49.86995078229126,49.90805515761715,0.449999999999996,0.45,0.0,1.5269640434910493e-14,49.95402757880858
890.0,1e+21,49.809975562109614,1.5992031661955406e-11,0.0,49.86765215803061,5.080135535166139e-06,49.75000034192795,1.5992031663337107e-11,49.865353533769955,5.080135535165706e-06,0.45000141657904363,0.630614160978321,49.86995078229126,49.90805515761715,0.44999999999999657,0.45,0.0,1.5269640434910512e-14,49.95402757880858
891.0,1e+21,49.809975562109535,1.599203166198187e-11,0.0,49.867652158030616,5.080135535151056e-06,49.750000341927795,1.5992031651487797e-11,49.865353533769955,5.080135535165677e-06,0.4500014165790442,0.6306141609783219,49.86995078229126,49.90805515761715,0.4499999999999971,0.45,0.0,1.5269640434910527e-14,49.95402757880858
892.0,1e+21,49.80997556210946,1.599203166201015e-11,0.0,49.867652158030616,5.080135535151045e-06,49.75000034192764,1.5992031639723466e-11,49.865353533769955,5.080135535165656e-06,0.4500014165790447,0.6306141609783226,49.86995078229126,49.90805515761715,0.4499999999999976,0.45,0.0,1.526964043491054e-14,49.95402757880858
893.0,1e+21,49.80997556210938,1.599203166203843e-11,0.0,49.867652158030616,5.080135535166116e-06,49.75000034192748,1.5992031628044115e-11,49.865353533769955,5.080135535165633e-06,0.450001416579045,0.630614160978323,49.86995078229127,49.90805515761714,0.44999999999999796,0.45,0.0,1.5269640434910553e-14,49.95402757880857
894.0,1e+21,49.8099755621093,1.599203166206671e-11,0.0,49.867652158030616,5.080135535166113e-06,49.750000341927326,1.5992031616449738e-11,49.865353533769955,5.080135535165616e-06,0.45000141657904535,0.6306141609783235,49.86995078229127,49.90805515761714,0.4499999999999983,0.45,0.0,1.5269640434910562e-14,49.95402757880857
895.0,1e+21,49.809975562109216,1.599203166209499e-11,0.0,49.867652158030616,5.080135535166107e-06,49.750000341927176,1.599203192399742e-11,49.865353533769955,5.080135535165602e-06,0.45000141657904574,0.6306141609783241,49.86995078229127,49.90805515761714,0.4499999999999986,0.45,0.0,1.5269640434910572e-14,49.95402757880857
896.0,1e+21,49.809975562109145,1.599203166212145e-11,0.0,49.867652158030616,5.0801355351660995e-06,49.75000034192702,1.5992031912573143e-11,49.865353533769955,5.0801355351655896e-06,0.45000141657904597,0.6306141609783243,49.86995078229127,49.90805515761714,0.44999999999999885,0.45,0.0,1.5269640434910578e-14,49.95402757880857
897.0,1e+21,49.80997556210907,1.5992031662147912e-11,0.0,49.86765215803061,5.08013553518117e-06,49.75000034192686,1.5992031582176466e-11,49.865353533769955,5.0801355351655785e-06,0.4500014165790461,0.6306141609783245,49.86995078229127,49.90805515761714,0.4499999999999989,0.45,0.0,1.526964043491058e-14,49.95402757880857
898.0,1e+21,49.80997556210898,1.5992031662176195e-11,0.0,49.867652158030616,5.080135535166096e-06,49.7500003419267,1.5992031570921992e-11,49.865353533769955,5.080135535165571e-06,0.45000141657904624,0.6306141609783248,49.86995078229127,49.90805515761714,0.44999999999999907,0.45,0.0,1.5269640434910587e-14,49.95402757880858
899.0,1e+21,49.80997556210891,1.5992031662202655e-11,0.0,49.867652158030616,5.080135535166096e-06,49.750000341926544,1.5992031559752485e-11,49.865353533769955,5.080135535165561e-06,0.45000141657904635,0.6306141609783249,49.86995078229127,49.90805515761714,0.44999999999999923,0.45,0.0,1.526964043491059e-14,49.95402757880858
900.0,1e+21,49.809975562108825,1.599203166223093e-11,0.0,49.867652158030616,5.0801355351660935e-06,49.75000034192638,1.5992031548667948e-11,49.865353533769955,5.080135535165555e-06,0.45000141657904646,0.630614160978325,49.86995078229127,49.90805515761714,0.4499999999999994,0.45,0.0,1.5269640434910594e-14,49.95402757880858
901.0,1e+21,49.80997556210875,1.599203166225921e-11,0.0,49.86765215803061,5.08013553518117e-06,49.750000341926224,1.599203153766838e-11,49.865353533769955,5.080135535165547e-06,0.4500014165790466,0.6306141609783252,49.86995078229127,49.90805515761714,0.4499999999999995,0.45,0.0,1.5269640434910597e-14,49.95402757880858
902.0,1e+21,49.80997556210867,1.599203166228567e-11,0.0,49.86765215803061,5.0801355351811665e-06,49.750000341926075,1.599203184581189e-11,49.865353533769955,5.080135535165545e-06,0.4500014165790467,0.6306141609783253,49.86995078229127,49.90805515761714,0.4499999999999995,0.45,0.0,1.52696404349106e-14,49.95402757880858
903.0,1e+21,49.8099755621086,1.599203166231213e-11,0.0,49.867652158030616,5.08013553516609e-06,49.75000034192591,1.599203151592416e-11,49.865353533769955,5.080135535165542e-06,0.45000141657904674,0.6306141609783255,49.86995078229127,49.90805515761714,0.4499999999999997,0.45,0.0,1.5269640434910603e-14,49.95402757880857
904.0,1e+21,49.80997556210852,1.5992031662336775e-11,0.0,49.867652158030616,5.080135535151007e-06,49.750000341925755,1.5992031505179496e-11,49.865353533769955,5.080135535165538e-06,0.45000141657904674,0.6306141609783255,49.86995078229126,49.90805515761714,0.44999999999999973,0.45,0.0,1.5269640434910603e-14,49.95402757880857
905.0,1e+21,49.80997556210844,1.599203166236505e-11,0.0,49.86765215803061,5.080135535166084e-06,49.7500003419256,1.5992031494519807e-11,49.86535353376995,5.080135535165234e-06,0.4500014165790468,0.6306141609783256,49.86995078229126,49.90805515761714,0.44999999999999973,0.45,0.0,1.5269640434910606e-14,49.95402757880857
906.0,1e+21,49.809975562108356,1.599203166239333e-11,0.0,49.86765215803061,5.080135535166084e-06,49.75000034192545,1.5992031803003762e-11,49.86535353376995,5.080135535165231e-06,0.4500014165790469,0.6306141609783257,49.86995078229126,49.90805515761714,0.4499999999999998,0.45,0.0,1.5269640434910606e-14,49.95402757880858
907.0,1e+21,49.809975562108285,1.599203166241979e-11,0.0,49.867652158030616,5.0801355351510045e-06,49.75000034192529,1.599203179251414e-11,49.86535353376995,5.080135535165229e-06,0.450001416579047,0.6306141609783258,49.86995078229126,49.90805515761714,0.44999999999999984,0.45,0.0,1.526964043491061e-14,49.95402757880857
908.0,1e+21,49.80997556210821,1.599203166244807e-11,0.0,49.86765215803061,5.080135535181158e-06,49.75000034192514,1.5992031782109484e-11,49.86535353376995,5.080135535165227e-06,0.45000141657904696,0.6306141609783257,49.86995078229127,49.90805515761714,0.44999999999999984,0.45,0.0,1.526964043491061e-14,49.95402757880858
909.0,1e+21,49.80997556210812,1.5992031662476345e-11,0.0,49.86765215803061,5.080135535181158e-06,49.750000341924974,1.5992031452730655e-11,49.86535353376995,5.080135535165227e-06,0.450001416579047,0.6306141609783258,49.86995078229127,49.90805515761714,0.4499999999999999,0.45,0.0,1.5269640434910613e-14,49.95402757880857
910.0,1e+21,49.80997556210804,1.5992031662504628e-11,0.0,49.86765215803061,5.080135535181155e-06,49.75000034192482,1.599203144249577e-11,49.86535353376995,5.080135535165225e-06,0.45000141657904713,0.630614160978326,49.86995078229127,49.90805515761714,0.44999999999999996,0.45,0.0,1.5269640434910613e-14,49.95402757880858
911.0,1e+21,49.80997556210797,1.5992031662529265e-11,0.0,49.86765215803061,5.080135535181155e-06,49.75000034192467,1.599203175140526e-11,49.86535353376995,5.080135535165223e-06,0.4500014165790472,0.630614160978326,49.86995078229127,49.90805515761714,0.44999999999999996,0.45,0.0,1.5269640434910613e-14,49.95402757880857
912.0,1e+21,49.809975562107894,1.599203166255754e-11,0.0,49.86765215803061,5.080135535181155e-06,49.750000341924505,1.5992031422280873e-11,49.86535353376995,5.080135535165222e-06,0.45000141657904713,0.630614160978326,49.86995078229127,49.90805515761714,0.44999999999999996,0.45,0.0,1.5269640434910613e-14,49.95402757880857
913.0,1e+21,49.8099755621078,1.5992031662587643e-11,0.0,49.86765215803061,5.080135535181155e-06,49.75000034192434,1.599203141230086e-11,49.86535353376995,5.08013553516522e-06,0.45000141657904713,0.630614160978326,49.86995078229127,49.90805515761714,0.44999999999999996,0.45,0.0,1.5269640434910613e-14,49.95402757880857
914.0,1e+21,49.80997556210773,1.599203166261228e-11,0.0,49.867652158030616,5.080135535151001e-06,49.750000341924185,1.5992031402405814e-11,49.86535353376995,5.08013553516522e-06,0.4500014165790471,0.6306141609783259,49.86995078229126,49.90805515761715,0.45,0.45,0.0,1.5269640434910613e-14,49.95402757880857
915.0,1e+21,49.809975562107645,1.599203166264238e-11,0.0,49.86765215803061,5.080135535181155e-06,49.750000341924036,1.599203171165572e-11,49.86535353376995,5.08013553516522e-06,0.4500014165790472,0.630614160978326,49.86995078229127,49.90805515761714,0.45,0.45,0.0,1.5269640434910616e-14,49.95402757880858
916.0,1e+21,49.80997556210758,1.5992031662667017e-11,0.0,49.86765215803061,5.080135535181152e-06,49.75000034192387,1.599203138287057e-11,49.86535353376995,5.080135535165218e-06,0.4500014165790473,0.6306141609783262,49.86995078229127,49.90805515761714,0.45,0.45,0.0,1.5269640434910616e-14,49.95402757880858
917.0,1e+21,49.809975562107496,1.5992031662693477e-11,0.0,49.86765215803061,5.080135535166075e-06,49.750000341923716,1.5992031373230375e-11,49.86535353376995,5.080135535165217e-06,0.45000141657904735,0.6306141609783263,49.86995078229126,49.90805515761714,0.45,0.45,0.0,1.5269640434910616e-14,49.95402757880858
918.0,1e+21,49.80997556210742,1.5992031662721756e-11,0.0,49.86765215803061,5.080135535166075e-06,49.75000034192357,1.5992031682735575e-11,49.86535353376995,5.080135535165217e-06,0.4500014165790474,0.6306141609783263,49.86995078229126,49.90805515761714,0.45,0.45,0.0,1.5269640434910616e-14,49.95402757880858
919.0,1e+21,49.80997556210734,1.5992031662748213e-11,0.0,49.867652158030616,5.0801355351509935e-06,49.75000034192341,1.599203167326543e-11,49.86535353376995,5.080135535165217e-06,0.4500014165790476,0.6306141609783267,49.86995078229126,49.90805515761714,0.45,0.45,0.0,1.5269640434910616e-14,49.95402757880857
920.0,1e+21,49.80997556210726,1.5992031662778308e-11,0.0,49.867652158030616,5.080135535166075e-06,49.750000341923254,1.5992031663880226e-11,49.86535353376995,5.0801355351652135e-06,0.4500014165790473,0.6306141609783262,49.86995078229127,49.90805515761714,0.45,0.45,0.0,1.5269640434910616e-14,49.95402757880858
921.0,1e+21,49.80997556210719,1.599203166280295e-11,0.0,49.867652158030616,5.0801355351660774e-06,49.7500003419231,1.599203165457998e-11,49.86535353376995,5.0801355351652135e-06,0.4500014165790471,0.6306141609783259,49.86995078229127,49.90805515761714,0.45,0.45,0.0,1.5269640434910616e-14,49.95402757880858
922.0,1e+21,49.809975562107105,1.5992031662831225e-11,0.0,49.867652158030616,5.0801355351660774e-06,49.75000034192294,1.5992031645364686e-11,49.86535353376995,5.0801355351652135e-06,0.450001416579047,0.6306141609783258,49.86995078229127,49.90805515761714,0.45,0.45,0.0,1.5269640434910616e-14,49.95402757880858
923.0,1e+21,49.80997556210703,1.59920316628595e-11,0.0,49.86765215803061,5.080135535181155e-06,49.750000341922785,1.599203163623433e-11,49.86535353376995,5.0801355351652135e-06,0.450001416579047,0.6306141609783258,49.86995078229127,49.90805515761714,0.45,0.45,0.0,1.5269640434910616e-14,49.95402757880858
924.0,1e+21,49.80997556210695,1.599203166288596e-11,0.0,49.86765215803061,5.080135535181158e-06,49.75000034192262,1.5992031627188924e-11,49.86535353376995,5.080135535165217e-06,0.45000141657904685,0.6306141609783256,49.86995078229127,49.90805515761714,0.45,0.45,0.0,1.5269640434910616e-14,49.95402757880857
925.0,1e+21,49.80997556210687,1.5992031662914237e-11,0.0,49.86765215803061,5.080135535181155e-06,49.750000341922465,1.5992031618228457e-11,49.86535353376995,5.080135535165217e-06,0.45000141657904713,0.630614160978326,49.86995078229127,49.90805515761714,0.45,0.45,0.0,1.5269640434910616e-14,49.95402757880858
926.0,1e+21,49.80997556210679,1.5992031662940694e-11,0.0,49.86765215803061,5.080135535181152e-06,49.75000034192231,1.5992031609352942e-11,49.86535353376995,5.080135535165217e-06,0.4500014165790474,0.6306141609783263,49.86995078229127,49.90805515761714,0.45,0.45,0.0,1.5269640434910616e-14,49.95402757880858
927.0,1e+21,49.809975562106715,1.5992031662968973e-11,0.0,49.86765215803061,5.080135535181152e-06,49.75000034192215,1.5992031600562364e-11,49.86535353376995,5.080135535165217e-06,0.45000141657904735,0.6306141609783263,49.86995078229127,49.90805515761714,0.45,0.45,0.0,1.5269640434910616e-14,49.95402757880858
928.0,1e+21,49.80997556210664,1.599203166299543e-11,0.0,49.86765215803061,5.080135535181155e-06,49.750000341922,1.5992031591856718e-11,49.86535353376995,5.080135535165217e-06,0.45000141657904713,0.630614160978326,49.86995078229127,49.90805515761714,0.45,0.45,0.0,1.5269640434910616e-14,49.95402757880858
929.0,1e+21,49.809975562106565,1.5992031663021887e-11,0.0,49.867652158030616,5.0801355351660774e-06,49.75000034192184,1.5992031583236013e-11,49.86535353376995,5.080135535165217e-06,0.4500014165790471,0.6306141609783259,49.86995078229127,49.90805515761714,0.45,0.45,0.0,1.5269640434910616e-14,49.95402757880858
930.0,1e+21,49.80997556210648,1.5992031663050163e-11,0.0,49.86765215803061,5.080135535181152e-06,49.75000034192169,1.5992031893762452e-11,49.86535353376995,5.080135535165217e-06,0.4500014165790473,0.6306141609783262,49.86995078229127,49.90805515761714,0.45,0.45,0.0,1.5269640434910616e-14,49.95402757880858
931.0,1e+21,49.80997556210641,1.5992031663076623e-11,0.0,49.86765215803061,5.080135535181152e-06,49.750000341921535,1.5992031885311774e-11,49.86535353376995,5.080135535165217e-06,0.45000141657904735,0.6306141609783263,49.86995078229127,49.90805515761714,0.45,0.45,0.0,1.5269640434910616e-14,49.95402757880857
932.0,1e+21,49.80997556210632,1.5992031663106715e-11,0.0,49.86765215803061,5.080135535181152e-06,49.75000034192138,1.5992031876946038e-11,49.86535353376995,5.080135535165217e-06,0.45000141657904735,0.6306141609783263,49.86995078229127,49.90805515761714,0.45,0.45,0.0,1.5269640434910616e-14,49.95402757880857
933.0,1e+21,49.80997556210624,1.5992031663133172e-11,0.0,49.86765215803061,5.080135535181152e-06,49.750000341921215,1.5992031549602594e-11,49.86535353376995,5.0801355351652135e-06,0.45000141657904735,0.6306141609783263,49.86995078229127,49.90805515761714,0.45,0.45,0.0,1.5269640434910616e-14,49.95402757880857
934.0,1e+21,49.80997556210617,1.599203166315781e-11,0.0,49.86765215803061,5.080135535166071e-06,49.75000034192106,1.599203154140658e-11,49.86535353376995,5.0801355351652135e-06,0.4500014165790476,0.6306141609783267,49.86995078229126,49.90805515761714,0.45,0.45,0.0,1.5269640434910616e-14,49.95402757880858
935.0,1e+21,49.80997556210608,1.5992031663186086e-11,0.0,49.867652158030616,5.0801355351509986e-06,49.7500003419209,1.5992031533295494e-11,49.86535353376995,5.08013553516521e-06,0.45000141657904735,0.6306141609783263,49.86995078229126,49.90805515761714,0.45,0.45,0.0,1.5269640434910616e-14,49.95402757880858
936.0,1e+21,49.80997556210601,1.5992031663212542e-11,0.0,49.867652158030616,5.0801355351509986e-06,49.750000341920746,1.5992031525269348e-11,49.86535353376995,5.08013553516521e-06,0.45000141657904713,0.630614160978326,49.86995078229126,49.90805515761714,0.45,0.45,0.0,1.5269640434910616e-14,49.95402757880857
937.0,1e+21,49.809975562105926,1.599203166324082e-11,0.0,49.867652158030616,5.0801355351509986e-06,49.75000034192058,1.5992031517328126e-11,49.86535353376995,5.08013553516521e-06,0.4500014165790473,0.6306141609783262,49.86995078229126,49.90805515761714,0.45,0.45,0.0,1.5269640434910616e-14,49.95402757880857
938.0,1e+21,49.809975562105855,1.5992031663267275e-11,0.0,49.86765215803061,5.080135535166071e-06,49.75000034192043,1.5992031828535205e-11,49.86535353376995,5.08013553516521e-06,0.4500014165790477,0.6306141609783268,49.86995078229126,49.90805515761714,0.45,0.45,0.0,1.5269640434910616e-14,49.95402757880857
939.0,1e+21,49.80997556210578,1.599203166329373e-11,0.0,49.86765215803061,5.080135535166064e-06,49.75000034192028,1.5992031820763995e-11,49.86535353376995,5.08013553516521e-06,0.4500014165790481,0.6306141609783272,49.86995078229126,49.90805515761714,0.45,0.45,0.0,1.5269640434910616e-14,49.95402757880857
940.0,1e+21,49.80997556210569,1.5992031663325643e-11,0.0,49.867652158030616,5.080135535166071e-06,49.750000341920114,1.599203149401404e-11,49.86535353376995,5.080135535165209e-06,0.4500014165790474,0.6306141609783263,49.86995078229127,49.90805515761714,0.45,0.45,0.0,1.5269640434910616e-14,49.95402757880858
941.0,1e+21,49.80997556210561,1.59920316633521e-11,0.0,49.867652158030616,5.0801355351660774e-06,49.750000341919964,1.5992031805476354e-11,49.86535353376995,5.080135535165209e-06,0.4500014165790469,0.6306141609783257,49.86995078229127,49.90805515761714,0.45,0.45,0.0,1.5269640434910616e-14,49.95402757880858
942.0,1e+21,49.809975562105535,1.5992031663378557e-11,0.0,49.867652158030616,5.080135535151001e-06,49.75000034191981,1.5992031797959915e-11,49.86535353376995,5.08013553516521e-06,0.45000141657904696,0.6306141609783257,49.86995078229126,49.90805515761714,0.45,0.45,0.0,1.5269640434910616e-14,49.95402757880857
943.0,1e+21,49.809975562105464,1.599203166340319e-11,0.0,49.86765215803061,5.0801355351660774e-06,49.75000034191965,1.5992031790528408e-11,49.86535353376995,5.08013553516521e-06,0.4500014165790471,0.6306141609783259,49.86995078229126,49.90805515761714,0.45,0.45,0.0,1.5269640434910616e-14,49.95402757880857
944.0,1e+21,49.809975562105386,1.5992031663429648e-11,0.0,49.86765215803061,5.080135535166082e-06,49.750000341919495,1.599203178318182e-11,49.86535353376995,5.080135535165217e-06,0.4500014165790468,0.6306141609783256,49.86995078229126,49.90805515761714,0.45,0.45,0.0,1.5269640434910616e-14,49.95402757880858
945.0,1e+21,49.8099755621053,1.5992031663461563e-11,0.0,49.86765215803061,5.080135535181155e-06,49.75000034191933,1.599203145685577e-11,49.86535353376995,5.080135535165217e-06,0.45000141657904713,0.630614160978326,49.86995078229127,49.90805515761714,0.45,0.45,0.0,1.5269640434910616e-14,49.95402757880857
946.0,1e+21,49.80997556210522,1.5992031663488016e-11,0.0,49.86765215803061,5.080135535181152e-06,49.75000034191918,1.5992031768743424e-11,49.86535353376995,5.080135535165217e-06,0.45000141657904746,0.6306141609783265,49.86995078229127,49.90805515761714,0.45,0.45,0.0,1.5269640434910616e-14,49.95402757880857
947.0,1e+21,49.809975562105144,1.5992031663516292e-11,0.0,49.86765215803061,5.080135535181152e-06,49.75000034191902,1.5992031442586923e-11,49.86535353376995,5.080135535165217e-06,0.4500014165790473,0.6306141609783262,49.86995078229127,49.90805515761714,0.45,0.45,0.0,1.5269640434910616e-14,49.95402757880857
948.0,1e+21,49.809975562105066,1.5992031663542746e-11,0.0,49.867652158030616,5.080135535166082e-06,49.75000034191886,1.599203143557988e-11,49.86535353376995,5.080135535165217e-06,0.45000141657904685,0.6306141609783256,49.86995078229127,49.90805515761714,0.45,0.45,0.0,1.5269640434910616e-14,49.95402757880857
949.0,1e+21,49.809975562104995,1.5992031663569203e-11,0.0,49.867652158030616,5.080135535166084e-06,49.7500003419187,1.5992031428657757e-11,49.86535353376995,5.080135535165217e-06,0.45000141657904663,0.6306141609783253,49.86995078229127,49.90805515761714,0.45,0.45,0.0,1.5269640434910616e-14,49.95402757880858
950.0,1e+21,49.8099755621049,1.5992031663599298e-11,0.0,49.867652158030616,5.08013553516608e-06,49.75000034191855,1.5992031740885665e-11,49.86535353376995,5.080135535165217e-06,0.45000141657904713,0.630614160978326,49.86995078229127,49.90805515761714,0.45,0.45,0.0,1.5269640434910616e-14,49.95402757880858
951.0,1e+21,49.80997556210483,1.599203166362575e-11,0.0,49.867652158030616,5.080135535166075e-06,49.75000034191839,1.599203141506824e-11,49.86535353376995,5.080135535165217e-06,0.45000141657904746,0.6306141609783265,49.86995078229127,49.90805515761714,0.45,0.45,0.0,1.5269640434910616e-14,49.95402757880857
952.0,1e+21,49.80997556210475,1.5992031663652208e-11,0.0,49.867652158030616,5.080135535166075e-06,49.75000034191823,1.599203140840086e-11,49.86535353376995,5.080135535165217e-06,0.4500014165790474,0.6306141609783263,49.86995078229127,49.90805515761714,0.45,0.45,0.0,1.5269640434910616e-14,49.95402757880857
953.0,1e+21,49.80997556210468,1.5992031663678662e-11,0.0,49.867652158030616,5.080135535166075e-06,49.750000341918074,1.59920314018184e-11,49.86535353376995,5.080135535165217e-06,0.4500014165790472,0.630614160978326,49.86995078229127,49.90805515761714,0.45,0.45,0.0,1.5269640434910616e-14,49.95402757880857
954.0,1e+21,49.809975562104604,1.5992031663705116e-11,0.0,49.867652158030616,5.080135535166075e-06,49.750000341917925,1.5992031714386552e-11,49.86535353376995,5.080135535165217e-06,0.45000141657904713,0.630614160978326,49.86995078229127,49.90805515761714,0.45,0.45,0.0,1.5269640434910616e-14,49.95402757880858
955.0,1e+21,49.80997556210452,1.5992031663735207e-11,0.0,49.86765215803061,5.080135535181152e-06,49.75000034191777,1.599203170797406e-11,49.86535353376995,5.080135535165217e-06,0.45000141657904724,0.6306141609783261,49.86995078229127,49.90805515761714,0.45,0.45,0.0,1.5269640434910616e-14,49.95402757880858
956.0,1e+21,49.80997556210444,1.599203166376166e-11,0.0,49.86765215803061,5.080135535181152e-06,49.75000034191761,1.5992031701646485e-11,49.86535353376995,5.080135535165217e-06,0.45000141657904724,0.6306141609783261,49.86995078229127,49.90805515761714,0.45,0.45,0.0,1.5269640434910616e-14,49.95402757880857
957.0,1e+21,49.809975562104356,1.5992031663789937e-11,0.0,49.86765215803061,5.080135535181152e-06,49.750000341917456,1.59920316954038e-11,49.86535353376995,5.0801355351652135e-06,0.4500014165790473,0.6306141609783262,49.86995078229127,49.90805515761714,0.45,0.45,0.0,1.5269640434910616e-14,49.95402757880857
958.0,1e+21,49.80997556210428,1.599203166381821e-11,0.0,49.86765215803061,5.080135535181152e-06,49.7500003419173,1.5992031689246052e-11,49.86535353376995,5.0801355351652135e-06,0.4500014165790473,0.6306141609783262,49.86995078229127,49.90805515761714,0.45,0.45,0.0,1.5269640434910616e-14,49.95402757880857
959.0,1e+21,49.8099755621042,1.5992031663842844e-11,0.0,49.86765215803061,5.080135535166075e-06,49.75000034191714,1.599203168317319e-11,49.86535353376995,5.0801355351652135e-06,0.45000141657904735,0.6306141609783263,49.86995078229126,49.90805515761714,0.45,0.45,0.0,1.5269640434910616e-14,49.95402757880857
960.0,1e+21,49.80997556210413,1.59920316638693e-11,0.0,49.867652158030616,5.080135535150964e-06,49.75000034191698,1.5992031677185235e-11,49.86535353376995,5.080135535165209e-06,0.45000141657904735,0.6306141609783263,49.86995078229126,49.90805515761714,0.45,0.45,0.0,1.5269640434910616e-14,49.95402757880858
961.0,1e+21,49.80997556210404,1.599203166389757e-11,0.0,49.867652158030616,5.080135535150926e-06,49.750000341916824,1.5992031671282193e-11,49.86535353376995,5.0801355351652e-06,0.45000141657904735,0.6306141609783263,49.86995078229126,49.90805515761714,0.45,0.45,0.0,1.5269640434910616e-14,49.95402757880858
962.0,1e+21,49.80997556210397,1.5992031663924028e-11,0.0,49.867652158030616,5.080135535150918e-06,49.75000034191667,1.5992031665464057e-11,49.86535353376995,5.080135535165186e-06,0.4500014165790473,0.6306141609783262,49.86995078229126,49.90805515761714,0.45,0.45,0.0,1.5269640434910616e-14,49.95402757880858
963.0,1e+21,49.809975562103894,1.599203166395048e-11,0.0,49.867652158030616,5.080135535150942e-06,49.75000034191651,1.5992031659730823e-11,49.86535353376995,5.080135535165177e-06,0.4500014165790473,0.6306141609783262,49.86995078229126,49.90805515761715,0.45,0.45,0.0,1.5269640434910616e-14,49.95402757880857
964.0,1e+21,49.809975562103816,1.5992031663978754e-11,0.0,49.86765215803061,5.080135535166075e-06,49.750000341916355,1.5992031654082488e-11,49.865353533769955,5.080135535165478e-06,0.45000141657904735,0.6306141609783263,49.86995078229126,49.90805515761715,0.45,0.45,0.0,1.5269640434910616e-14,49.95402757880857
965.0,1e+21,49.80997556210374,1.5992031664005204e-11,0.0,49.86765215803061,5.0801355351661325e-06,49.7500003419162,1.599203164851906e-11,49.86535353376995,5.080135535165197e-06,0.45000141657904735,0.6306141609783263,49.86995078229126,49.90805515761714,0.45,0.45,0.0,1.5269640434910616e-14,49.95402757880857
966.0,1e+21,49.809975562103666,1.5992031664031658e-11,0.0,49.86765215803061,5.080135535166121e-06,49.75000034191604,1.599203164304052e-11,49.86535353376995,5.080135535165209e-06,0.45000141657904735,0.6306141609783263,49.86995078229126,49.90805515761714,0.45,0.45,0.0,1.5269640434910616e-14,49.95402757880858
967.0,1e+21,49.809975562103574,1.5992031664061747e-11,0.0,49.86765215803061,5.080135535166071e-06,49.750000341915886,1.599203163764689e-11,49.86535353376995,5.08013553516521e-06,0.45000141657904735,0.6306141609783263,49.86995078229126,49.90805515761714,0.45,0.45,0.0,1.5269640434910616e-14,49.95402757880858
968.0,1e+21,49.8099755621035,1.5992031664088204e-11,0.0,49.86765215803061,5.080135535166016e-06,49.75000034191573,1.599203163233816e-11,49.86535353376995,5.080135535165203e-06,0.45000141657904735,0.6306141609783263,49.86995078229126,49.90805515761714,0.45,0.45,0.0,1.5269640434910616e-14,49.95402757880858
969.0,1e+21,49.80997556210342,1.5992031664118295e-11,0.0,49.86765215803061,5.080135535181069e-06,49.75000034191557,1.5992031627114316e-11,49.865353533769955,5.080135535165494e-06,0.45000141657904735,0.6306141609783263,49.86995078229127,49.90805515761715,0.45,0.45,0.0,1.5269640434910616e-14,49.95402757880858
970.0,1e+21,49.80997556210333,1.5992031664146565e-11,0.0,49.86765215803061,5.080135535181078e-06,49.75000034191542,1.5992031621975376e-11,49.86535353376995,5.080135535165181e-06,0.4500014165790474,0.6306141609783263,49.86995078229127,49.90805515761714,0.45,0.45,0.0,1.5269640434910616e-14,49.95402757880857
971.0,1e+21,49.80997556210327,1.5992031664171203e-11,0.0,49.86765215803061,5.0801355351810776e-06,49.75000034191527,1.5992031935989525e-11,49.86535353376995,5.08013553516517e-06,0.4500014165790474,0.6306141609783263,49.86995078229127,49.90805515761714,0.45,0.45,0.0,1.5269640434910616e-14,49.95402757880858
972.0,1e+21,49.80997556210319,1.5992031664197653e-11,0.0,49.86765215803061,5.0801355351810776e-06,49.750000341915104,1.5992031931020512e-11,49.86535353376995,5.080135535165164e-06,0.45000141657904746,0.6306141609783265,49.86995078229127,49.90805515761715,0.45,0.45,0.0,1.5269640434910616e-14,49.95402757880858
973.0,1e+21,49.80997556210312,1.5992031664224107e-11,0.0,49.867652158030616,5.080135535166001e-06,49.75000034191494,1.5992031607067917e-11,49.86535353376995,5.08013553516516e-06,0.4500014165790476,0.6306141609783267,49.86995078229127,49.90805515761715,0.45,0.45,0.0,1.5269640434910616e-14,49.95402757880858
974.0,1e+21,49.80997556210303,1.5992031664254195e-11,0.0,49.867652158030616,5.080135535166001e-06,49.750000341914784,1.5992031602268544e-11,49.86535353376995,5.080135535165154e-06,0.4500014165790478,0.6306141609783269,49.86995078229127,49.90805515761715,0.45,0.45,0.0,1.5269640434910616e-14,49.95402757880857
975.0,1e+21,49.80997556210295,1.5992031664282465e-11,0.0,49.867652158030616,5.080135535165998e-06,49.75000034191463,1.599203159755406e-11,49.86535353376995,5.080135535165152e-06,0.45000141657904813,0.6306141609783273,49.86995078229127,49.90805515761715,0.45,0.45,0.0,1.5269640434910616e-14,49.95402757880857
976.0,1e+21,49.80997556210287,1.59920316643071e-11,0.0,49.867652158030616,5.080135535150981e-06,49.75000034191447,1.599203159292448e-11,49.86535353376995,5.080135535165156e-06,0.45000141657904785,0.630614160978327,49.86995078229126,49.90805515761715,0.45,0.45,0.0,1.5269640434910616e-14,49.95402757880858
977.0,1e+21,49.8099755621028,1.5992031664333553e-11,0.0,49.86765215803061,5.0801355351661325e-06,49.750000341914316,1.599203158837978e-11,49.86535353376995,5.080135535165176e-06,0.450001416579047,0.6306141609783258,49.86995078229126,49.90805515761714,0.45,0.45,0.0,1.5269640434910616e-14,49.95402757880858
978.0,1e+21,49.80997556210272,1.5992031664360007e-11,0.0,49.86765215803061,5.0801355351660995e-06,49.75000034191416,1.5992031583919972e-11,49.86535353376995,5.080135535165182e-06,0.45000141657904696,0.6306141609783257,49.86995078229126,49.90805515761714,0.45,0.45,0.0,1.5269640434910616e-14,49.95402757880858
979.0,1e+21,49.80997556210264,1.5992031664390095e-11,0.0,49.867652158030616,5.08013553516603e-06,49.75000034191401,1.5992031898614412e-11,49.86535353376995,5.080135535165182e-06,0.4500014165790473,0.6306141609783262,49.86995078229127,49.90805515761714,0.45,0.45,0.0,1.5269640434910616e-14,49.95402757880858
980.0,1e+21,49.80997556210256,1.5992031664418368e-11,0.0,49.867652158030616,5.080135535165982e-06,49.750000341913854,1.5992031894324515e-11,49.86535353376995,5.080135535165178e-06,0.45000141657904735,0.6306141609783263,49.86995078229127,49.90805515761714,0.45,0.45,0.0,1.5269640434910616e-14,49.95402757880858
981.0,1e+21,49.80997556210248,1.5992031664443003e-11,0.0,49.86765215803061,5.0801355351660664e-06,49.75000034191369,1.599203157104985e-11,49.86535353376995,5.080135535165182e-06,0.45000141657904724,0.6306141609783261,49.86995078229126,49.90805515761714,0.45,0.45,0.0,1.5269640434910616e-14,49.95402757880858
982.0,1e+21,49.8099755621024,1.599203166447127e-11,0.0,49.86765215803061,5.08013553516613e-06,49.750000341913534,1.599203156692958e-11,49.86535353376995,5.080135535165195e-06,0.4500014165790474,0.6306141609783263,49.86995078229126,49.90805515761714,0.45,0.45,0.0,1.5269640434910616e-14,49.95402757880858
983.0,1e+21,49.80997556210232,1.5992031664497723e-11,0.0,49.86765215803061,5.080135535166082e-06,49.750000341913385,1.599203188196414e-11,49.86535353376995,5.080135535165194e-06,0.4500014165790473,0.6306141609783262,49.86995078229126,49.90805515761715,0.45,0.45,0.0,1.5269640434910616e-14,49.95402757880857
984.0,1e+21,49.809975562102245,1.599203166452781e-11,0.0,49.867652158030616,5.0801355351660275e-06,49.75000034191322,1.5992031878013773e-11,49.865353533769955,5.080135535165487e-06,0.45000141657904696,0.6306141609783257,49.86995078229127,49.90805515761715,0.45,0.45,0.0,1.5269640434910616e-14,49.95402757880857
985.0,1e+21,49.80997556210216,1.599203166455608e-11,0.0,49.867652158030616,5.0801355351660664e-06,49.750000341913065,1.599203187414829e-11,49.865353533769955,5.08013553516549e-06,0.4500014165790466,0.6306141609783252,49.86995078229127,49.90805515761715,0.45,0.45,0.0,1.5269640434910616e-14,49.95402757880857
986.0,1e+21,49.809975562102096,1.5992031664578896e-11,0.0,49.867652158030616,5.080135535151047e-06,49.7500003419129,1.5992031551297296e-11,49.86535353376995,5.080135535165207e-06,0.45000141657904685,0.6306141609783256,49.86995078229126,49.90805515761715,0.45,0.45,0.0,1.5269640434910616e-14,49.95402757880857
987.0,1e+21,49.80997556210201,1.5992031664607166e-11,0.0,49.867652158030616,5.080135535150922e-06,49.750000341912745,1.5992031547601428e-11,49.86535353376995,5.080135535165203e-06,0.45000141657904763,0.6306141609783267,49.86995078229126,49.90805515761714,0.45,0.45,0.0,1.5269640434910616e-14,49.95402757880858
988.0,1e+21,49.80997556210194,1.5992031664633616e-11,0.0,49.867652158030616,5.080135535150885e-06,49.750000341912596,1.5992031863061117e-11,49.86535353376995,5.080135535165189e-06,0.4500014165790475,0.6306141609783266,49.86995078229126,49.90805515761714,0.45,0.45,0.0,1.5269640434910616e-14,49.95402757880858
989.0,1e+21,49.809975562101855,1.5992031664663708e-11,0.0,49.867652158030616,5.080135535166003e-06,49.75000034191244,1.5992031859535133e-11,49.865353533769955,5.080135535165476e-06,0.450001416579047,0.6306141609783258,49.86995078229127,49.90805515761715,0.45,0.45,0.0,1.5269640434910616e-14,49.95402757880857
990.0,1e+21,49.809975562101776,1.5992031664691974e-11,0.0,49.867652158030616,5.080135535166116e-06,49.75000034191228,1.599203185609404e-11,49.865353533769955,5.080135535165478e-06,0.4500014165790466,0.6306141609783252,49.86995078229127,49.90805515761715,0.45,0.45,0.0,1.5269640434910616e-14,49.95402757880857
991.0,1e+21,49.8099755621017,1.5992031664718428e-11,0.0,49.86765215803061,5.08013553518121e-06,49.75000034191212,1.5992031533666688e-11,49.865353533769955,5.080135535165498e-06,0.450001416579047,0.6306141609783258,49.86995078229127,49.90805515761715,0.45,0.45,0.0,1.5269640434910616e-14,49.95402757880857
992.0,1e+21,49.80997556210162,1.5992031664746697e-11,0.0,49.86765215803061,5.080135535181066e-06,49.750000341911964,1.5992031530395186e-11,49.86535353376995,5.080135535165195e-06,0.4500014165790477,0.6306141609783268,49.86995078229127,49.90805515761714,0.45,0.45,0.0,1.5269640434910616e-14,49.95402757880858
993.0,1e+21,49.80997556210154,1.5992031664773148e-11,0.0,49.86765215803061,5.080135535181031e-06,49.75000034191181,1.5992031527208556e-11,49.86535353376995,5.080135535165182e-06,0.45000141657904763,0.6306141609783267,49.86995078229127,49.90805515761714,0.45,0.45,0.0,1.5269640434910616e-14,49.95402757880858
994.0,1e+21,49.80997556210146,1.5992031664799595e-11,0.0,49.86765215803061,5.0801355351659944e-06,49.75000034191166,1.599203184317836e-11,49.86535353376995,5.080135535165168e-06,0.45000141657904724,0.6306141609783261,49.86995078229126,49.90805515761715,0.45,0.45,0.0,1.5269640434910616e-14,49.95402757880858
995.0,1e+21,49.809975562101386,1.599203166482605e-11,0.0,49.86765215803061,5.080135535166071e-06,49.750000341911495,1.5992031521089914e-11,49.86535353376995,5.080135535165166e-06,0.450001416579047,0.6306141609783258,49.86995078229126,49.90805515761715,0.45,0.45,0.0,1.5269640434910616e-14,49.95402757880858
996.0,1e+21,49.80997556210131,1.5992031664852496e-11,0.0,49.86765215803061,5.0801355351661325e-06,49.75000034191134,1.5992031518157885e-11,49.86535353376995,5.080135535165182e-06,0.4500014165790473,0.6306141609783262,49.86995078229126,49.90805515761715,0.45,0.45,0.0,1.5269640434910616e-14,49.95402757880858
997.0,1e+21,49.80997556210123,1.5992031664880765e-11,0.0,49.86765215803061,5.080135535166118e-06,49.75000034191118,1.5992031834382736e-11,49.86535353376995,5.0801355351652e-06,0.4500014165790475,0.6306141609783266,49.86995078229126,49.90805515761714,0.45,0.45,0.0,1.5269640434910616e-14,49.95402757880857
998.0,1e+21,49.809975562101144,1.5992031664910854e-11,0.0,49.867652158030616,5.0801355351660605e-06,49.750000341911026,1.599203183162059e-11,49.865353533769955,5.0801355351655015e-06,0.45000141657904746,0.6306141609783265,49.86995078229127,49.90805515761715,0.45,0.45,0.0,1.5269640434910616e-14,49.95402757880857
999.0,1e+21,49.80997556210106,1.5992031664939124e-11,0.0,49.867652158030616,5.0801355351509325e-06,49.75000034191086,1.5992031509871025e-11,49.865353533769955,5.080135535165495e-06,0.45000141657904735,0.6306141609783263,49.86995078229126,49.90805515761715,0.45,0.45,0.0,1.5269640434910616e-14,49.95402757880858
1000.0,1e+21,49.80997556210099,1.5992031664963755e-11,0.0,49.86765215803061,5.080135535166009e-06,49.75000034191071,1.599203182635091e-11,49.86535353376995,5.080135535165186e-06,0.45000141657904735,0.6306141609783263,49.86995078229126,49.90805515761714,0.45,0.45,0.0,1.5269640434910616e-14,49.95402757880858
