time,inlet__H_link_R,inlet__H_link_L,inlet__H_down,inlet__q_C,VV_junc1__RBC_volume,VV_junc1__q_C,VV_junc1__q_C_d,PV1__H_link_R,PV1__H_link_L,PV1__H_down,PV1__q_C,PV2__H_link_R,PV2__H_link_L,PV2__H_down,PV2__q_C,V1__H_link_R,V1__H_link_L,V1__H_down,V1__RBC_volume,V1__q_C,V2__H_link_R,V2__H_link_L,V2__H_down,V2__RBC_volume,V2__q_C,VV_junc1__H_VV_out_alpha,VV_junc1__H_VV_out_beta,inlet__u_mmHg,VV_junc1__u_mmHg,VV_junc1__u_d_mmHg,PV1__u_mmHg,PV2__u_mmHg,V1__u_mmHg,V2__u_mmHg
0.0,-1.9984014885135946e-16,0.45,0.45000000994816686,3.3326531138933488e-18,5.0899981016906383e-17,2.7729721054424635e-18,2.7701283341496695e-18,0.45066594907900703,0.45005807512155366,0.45066415426369355,1.6625090353096748e-19,0.4506660141504298,0.45005807347727317,0.4506642190463343,1.662509035300436e-19,0.45,0.45066506738583584,0.4499375638693855,1.0692571610648219e-14,2.7707624254559425e-18,0.45,0.4506651323127141,0.4499375579201643,1.0692571622937236e-14,2.770762425425145e-18,0.4500546438778496,0.45005464222897756,49.93951943708114,49.87903887416441,49.828909384730174,49.827394419523806,49.82739441925245,49.82587945431751,49.82587945377477
1.0,1.759167118410856e-29,0.45,0.45000000994602224,3.3326535018768033e-18,5.089380221012525e-17,2.772972751893519e-18,2.7701292485072544e-18,0.4506690178801415,0.45000001386081256,0.45066901787819574,1.6625095889423767e-19,0.450669083045893,0.4500000069379692,0.45066908304450926,1.662509588934629e-19,0.45,0.45066901787914776,0.4500421337023095,1.0694836709910174e-14,2.7707633562746433e-18,0.45,0.4506690830451875,0.450042137898339,1.069483694151647e-14,2.7707633562488166e-18,0.4500000139235063,0.45000000688990327,49.939525134842114,49.879050269687475,49.82892550286141,49.82741068035539,49.827410680127834,49.825895857849396,49.82589585739426
2.0,-1.1423569755060895e-31,0.45,0.4500000099460097,3.332653834332475e-18,5.08938021675697e-17,2.7729733058251014e-18,2.770130032002693e-18,0.45066901767672196,0.45000001587220406,0.45066901767634154,1.662510063339585e-19,0.45066908331798056,0.45000000418928104,0.4506690833184802,1.6625100633331253e-19,0.45,0.45066901767653145,0.4501319852873585,1.0696777290657198e-14,2.770764153875259e-18,0.45,0.4506690833182301,0.45013199821053373,1.0696777711777814e-14,2.770764153853727e-18,0.450000015873454,0.450000004187408,49.93953001714556,49.879060034293886,49.82893931417824,49.82742461394906,49.82742461375933,49.82590991371991,49.82590991334046
3.0,9.1996587615478e-36,0.45,0.4500000099460114,3.3326541191606072e-18,5.0893802166112304e-17,2.7729737804005456e-18,2.7701307032547112e-18,0.4506690174768377,0.45000001787092947,0.4506690174764656,1.6625104697747274e-19,0.450669083520679,0.450000002164174,0.45066908352105417,1.6625104697693815e-19,0.45,0.4506690174766516,0.45020895323410753,1.0698439615412081e-14,2.770764837211734e-18,0.45,0.4506690835208666,0.4502089737006934,1.0698440200323403e-14,2.770764837193914e-18,0.4500000178728804,0.45000000216220887,49.93953420001108,49.87906840002455,49.828951146888215,49.827436551418394,49.82743655126138,49.8259219559486,49.825921955634556
4.0,1.1701497914140513e-41,0.45,0.4500000099460114,3.332654363183811e-18,5.0893802164955445e-17,2.7729741869875613e-18,2.770131278342104e-18,0.4506690173038598,0.4500000195999238,0.45066901730354,1.662510817983324e-19,0.45066908369570147,0.4500000004147249,0.4506690836960249,1.6625108179789404e-19,0.45,0.4506690173036999,0.45027488617289774,1.0699863610241578e-14,2.77076542265233e-18,0.45,0.45066908369586317,0.45027491315954904,1.0699864336723705e-14,2.7707654226377178e-18,0.4500000196012054,0.4500000004134258,49.93953778363269,49.879075567267414,49.82896128442546,49.827446778706864,49.82744677857811,49.82593227298828,49.82593227273078
5.0,-1.9121922842404703e-46,0.45,0.4500000099460113,3.332654572247742e-18,5.0893802163962806e-17,2.772974535326073e-18,2.770131771041277e-18,0.4506690171542529,0.4500000210953601,0.4506690171539753,1.662511116306827e-19,0.4506690838470643,0.4499999989017332,0.4506690838473453,1.6625111163032754e-19,0.45,0.4506690171541141,0.45033136721025424,1.0701083466474395e-14,2.770765924221473e-18,0.45,0.4506690838472047,0.4503313998328596,1.0701084315330882e-14,2.770765924209634e-18,0.45000002109615533,0.4499999989009218,49.93954085385718,49.87908170771612,49.82896996963795,49.82745554081254,49.82745554070823,49.825941111987134,49.825941111778505
6.0,-9.364735556706612e-51,0.45,0.4500000099460113,3.3326547513607717e-18,5.0893802163112235e-17,2.77297483376094e-18,2.770132193155419e-18,0.4506690170249874,0.45000002238746584,0.45066901702474643,1.6625113718919284e-19,0.4506690839778348,0.4499999975945843,0.45066908397807864,1.6625113718890956e-19,0.45,0.4506690170248669,0.4503797521040072,1.0702128465251156e-14,2.7707663539348446e-18,0.45,0.4506690839779567,0.45037978959868386,1.0702129419895401e-14,2.7707663539254033e-18,0.4500000223872607,0.4499999975947747,49.939543484235415,49.879086968472336,49.82897741059022,49.82746304764202,49.827463047558815,49.82594868469382,49.82594868452744
7.0,-3.049029149024556e-55,0.45,0.45000000994601136,3.3326549048136928e-18,5.08938021623838e-17,2.7729750894414004e-18,2.7701325547966026e-18,0.4506690169132181,0.45000002350467005,0.45066901691300976,1.6625115908613683e-19,0.45066908409089307,0.44999999646449607,0.4506690840911039,1.662511590859157e-19,0.45,0.45066901691311395,0.45042120192555396,1.0703023682950093e-14,2.7707667220865675e-18,0.45,0.45066908409099854,0.4504212436321716,1.0703024729048676e-14,2.770766722079199e-18,0.4500000235045137,0.44999999646463995,49.93954573778014,49.87909147556156,49.82898378553603,49.82746947902726,49.827469478962314,49.82595517251849,49.82595517238863
8.0,-1.0778875040144516e-59,0.45,0.4500000099460107,3.33265503628263e-18,5.089380216175504e-17,2.7729753084925477e-18,2.77013286462832e-18,0.4506690168165978,0.4500000244704696,0.45066901681641636,1.6625117784607897e-19,0.4506690841886258,0.4499999954875775,0.4506690841888094,1.6625117784591163e-19,0.45,0.45066901681650706,0.4504567110980329,1.070379059674502e-14,2.770767037496103e-18,0.45,0.4506690841887176,0.4504567564460646,1.0703791721909984e-14,2.7707670374905258e-18,0.45000002447076387,0.4499999954872706,49.93954766847737,49.87909533695583,49.828989247193874,49.82747498903883,49.827474988989685,49.825960730883786,49.82596073078551
9.0,-3.397964805416244e-64,0.45,0.4500000099460108,3.332655148917057e-18,5.0893802161220275e-17,2.7729754961619785e-18,2.7701331300729093e-18,0.4506690167330258,0.4500000253058018,0.45066901673287013,1.6625119391843308e-19,0.4506690842731443,0.44999999464278495,0.4506690842733017,1.6625119391831218e-19,0.45,0.45066901673294796,0.45048713134468166,1.0704447601832005e-14,2.7707673077194134e-18,0.45,0.450669084273223,0.45048717984100445,1.0704448795356252e-14,2.770767307715385e-18,0.45000002530566235,0.44999999464291507,49.93954932257895,49.87909864515884,49.82899392640341,49.82747970967478,49.82747970963928,49.82596549294614,49.825965492875156
10.0,2.7133681229854346e-69,0.45,0.4500000099460113,3.332655245415263e-18,5.089380216076512e-17,2.77297565694553e-18,2.7701333574894034e-18,0.45066901666078685,0.450000026027869,0.4506690166606527,1.6625120768823102e-19,0.4506690843461886,0.44999999391266765,0.45066908434632436,1.6625120768815033e-19,0.45,0.4506690166607198,0.45051319219956865,1.0705010454412473e-14,2.770767539230014e-18,0.45,0.4506690843462564,0.4505132434179432,1.07050117070409e-14,2.7707675392273245e-18,0.45000002602837225,0.44999999391215606,49.9395507397108,49.879101479422395,49.82899793526051,49.827483754023405,49.82748375399971,49.825969572786306,49.825969572738906
11.0,2.682117540171336e-71,0.45,0.45000000994600964,3.332655328089008e-18,5.089380216036203e-17,2.7729757946950178e-18,2.7701335523259094e-18,0.450669016598313,0.4500000266523298,0.45066901659819736,1.6625121948534936e-19,0.4506690844093757,0.4499999932810771,0.4506690844094927,1.6625121948530343e-19,0.45,0.45066901659825515,0.45053551856449553,1.0705492650879854e-14,2.7707677375740944e-18,0.45,0.45066908440943426,0.45053557213645684,1.0705493954612042e-14,2.770767737572563e-18,0.4500000266533288,0.44999999328007106,49.939551953822466,49.879103907645614,49.82900136980343,49.827487218973246,49.82748721895976,49.82597306814307,49.825973068116085
12.0,-4.030843284596378e-76,0.45,0.4500000099460106,3.332655398918747e-18,5.089380216003084e-17,2.7729759127102378e-18,2.7701337192497475e-18,0.45066901654422037,0.4500000271930333,0.45066901654411956,1.6625122959238878e-19,0.4506690844640548,0.4499999927345144,0.4506690844641566,1.6625122959237287e-19,0.45,0.45066901654416996,0.4505546456908368,1.070590575139169e-14,2.7707679075029995e-18,0.45,0.45066908446410575,0.4505547012978245,1.0705907099310951e-14,2.7707679075024695e-18,0.45000002719287147,0.44999999273467145,49.939552993998056,49.87910598799672,49.829004312306864,49.8274901875274,49.827490187522734,49.82597606274795,49.8259760627386
13.0,-1.8303948295468068e-80,0.45,0.45000000994601025,3.3326554596012156e-18,5.0893802159741377e-17,2.7729760138182615e-18,2.7701338622596023e-18,0.45066901649755153,0.45000002765952263,0.45066901649746405,1.6625123825146485e-19,0.45066908451123533,0.4499999922629071,0.4506690845113239,1.6625123825147494e-19,0.45,0.4506690164975078,0.4505710320818611,1.0706259658529569e-14,2.770768053087403e-18,0.45,0.4506690845112796,0.45057108944849794,1.0706261044656124e-14,2.7707680530877383e-18,0.45000002766016073,0.4499999922622631,49.93955388515514,49.87910777031079,49.829006833258894,49.827492730798014,49.82749273080097,49.82597862833715,49.82597862834305
14.0,7.161961247847036e-83,0.45,0.4500000099460098,3.332655511590303e-18,5.0893802159490876e-17,2.772976100441532e-18,2.770133984781839e-18,0.45066901645712143,0.45000002806362654,0.45066901645704704,1.6625124567004004e-19,0.4506690845521089,0.44999999185437145,0.4506690845521842,1.6625124567007254e-19,0.45,0.45066901645708424,0.45058507056633496,1.0706562856461206e-14,2.770768177815355e-18,0.45,0.45066908455214655,0.4505851294545002,1.0706564275625068e-14,2.770768177816439e-18,0.4500000280631438,0.44999999185485007,49.9395546486449,49.87910929729024,49.82900899305886,49.82749490971919,49.827494909728735,49.82598082637951,49.825980826398606
15.0,-2.671054738484421e-87,0.45,0.45000000994600947,3.332655556131269e-18,5.0893802159280744e-17,2.7729761746548775e-18,2.770134089751151e-18,0.450669016422229,0.4500000284124196,0.4506690164221634,1.662512520258065e-19,0.45066908458737165,0.44999999150186537,0.4506690845874388,1.6625125202585843e-19,0.45,0.45066901642219626,0.4505970975663841,1.0706822611105734e-14,2.7707682846743815e-18,0.45,0.45066908458740523,0.45059715777022513,1.0706824058836856e-14,2.770768284676113e-18,0.4500000284123253,0.4499999915019525,49.93955530275469,49.879110605509766,49.82901084343904,49.82749677648117,49.82749677649642,49.82598270952329,49.825982709553806
16.0,6.2486583219575275e-90,0.45,0.45000000994601186,3.3326555942912588e-18,5.089380215911062e-17,2.772976238236357e-18,2.7701341796824718e-18,0.4506690163919796,0.45000002871479033,0.4506690163919222,1.6625125747104045e-19,0.450669084617924,0.44999999119648165,0.4506690846179819,1.6625125747110918e-19,0.45,0.45066901639195095,0.45060740135721367,1.0707045148522577e-14,2.770768376224692e-18,0.45,0.45066908461795285,0.4506074626987173,1.070704662095606e-14,2.770768376226983e-18,0.4500000287148376,0.44999999119643164,49.93955586315617,49.87911172631266,49.829012428732206,49.82749837580924,49.82749837582943,49.82598432288628,49.82598432292665
17.0,-1.776569321683096e-94,0.45,0.45000000994601,3.3326556269843764e-18,5.0893802158944485e-17,2.772976292709034e-18,2.770134256730062e-18,0.45066901636590007,0.45000002897545316,0.4506690163658515,1.6625126213617982e-19,0.45066908464429684,0.4499999909328823,0.4506690846443461,1.662512621362631e-19,0.45,0.45066901636587575,0.45061622885183056,1.0707235801446662e-14,2.7707684546593304e-18,0.45,0.4506690846443215,0.45061629117709956,1.070723729524063e-14,2.7707684546621052e-18,0.45000002897623825,0.449999990932093,49.93955634327347,49.879112686547224,49.82901378691328,49.82749974601453,49.82749974603899,49.8259857051158,49.8259857051647
18.0,3.510040794860331e-99,0.45,0.45000000994600886,3.3326556549937907e-18,5.0893802158797646e-17,2.77297633937781e-18,2.7701343227396086e-18,0.45066901634333345,0.4500000292010192,0.4506690163432916,1.6625126613297884e-19,0.450669084667126,0.44999999070471225,0.45066908466716715,1.6625126613307468e-19,0.45,0.4506690163433125,0.45062379158118454,1.0707399138443968e-14,2.770768521857211e-18,0.45,0.4506690846671466,0.4506238547571243,1.0707400650708618e-14,2.770768521860404e-18,0.4500000292021193,0.4499999907036151,49.9395567546079,49.87911350921602,49.82901495051771,49.827500919920546,49.82750091994869,49.825986889323396,49.82598688937967
19.0,-2.9153712275395264e-101,0.45,0.45000000994600897,3.3326556789905227e-18,5.089380215869344e-17,2.772976379360727e-18,2.7701343792925003e-18,0.45066901632373985,0.45000002939687556,0.45066901632370326,1.662512695571887e-19,0.45066908468690003,0.4499999905070232,0.4506690846869378,1.6625126955729536e-19,0.45,0.4506690163237215,0.4506302707745748,1.0707539073636884e-14,2.770768579428192e-18,0.45,0.4506690846869189,0.45063033468610597,1.0707540601873739e-14,2.770768579431747e-18,0.45000002939688577,0.44999999050700584,49.939557107013755,49.8791142140277,49.82901594742192,49.827501925650516,49.82750192568184,49.8259879038791,49.82598790394175
20.0,-6.569104739014089e-104,0.45,0.45000000994601774,3.3326556995495e-18,5.0893802158634586e-17,2.7729764136157204e-18,2.7701344277436665e-18,0.45066901630682377,0.4500000295659866,0.4506690163067905,1.6625127249084874e-19,0.450669084703928,0.44999999033684696,0.45066908470395883,1.6625127249096477e-19,0.45,0.4506690163068071,0.45063582170075717,1.0707658960462128e-14,2.7707686287515952e-18,0.45,0.45066908470394346,0.45063588624838996,1.0707660502510712e-14,2.7707686287554633e-18,0.4500000295660189,0.4499999903368318,49.939557408934206,49.87911481786857,49.82901680151038,49.82750278730033,49.82750278733441,49.82598877309027,49.82598877315844
21.0,-2.6747750753924942e-106,0.45,0.45000000994601286,3.3326557171631907e-18,5.0893802158533205e-17,2.7729764429633314e-18,2.770134469253701e-18,0.45066901629219625,0.4500000297121637,0.45066901629216954,1.6625127500423151e-19,0.4506690847187288,0.4499999901888963,0.45066908471875583,1.6625127500435569e-19,0.45,0.45066901629218287,0.45064057735284746,1.0707761671255161e-14,2.7707686710089087e-18,0.45,0.4506690847187423,0.4506406424505409,1.0707763225247417e-14,2.7707686710130475e-18,0.45000002971210096,0.44999999018895687,49.93955766760142,49.87911533520298,49.82901753324181,49.82750352550987,49.82750352554634,49.82598951777793,49.825989517850864
22.0,-5.936379251494579e-109,0.45,0.4500000099460055,3.332655732253317e-18,5.089380215842281e-17,2.7729764681062243e-18,2.7701345048164716e-18,0.4506690162795887,0.4500000298381781,0.45066901627956607,1.6625127715751455e-19,0.4506690847315287,0.44999999006093416,0.45066908473155326,1.6625127715764575e-19,0.45,0.4506690162795774,0.45064465161433714,1.0707849665629106e-14,2.7707687072118915e-18,0.45,0.450669084731541,0.4506447171876923,1.070785122994949e-14,2.770768707216265e-18,0.4500000298383671,0.44999999006073843,49.939557889208636,49.879115778417386,49.82901816013594,49.82750415795395,49.827504157992486,49.82599015577197,49.82599015584904
23.0,2.6872634243183056e-111,0.45,0.4500000099460443,3.3326557451817586e-18,5.089380215860236e-17,2.7729764896473582e-18,2.7701345352848193e-18,0.45066901626849243,0.45000002994909566,0.4506690162684728,1.6625127900233639e-19,0.4506690847423098,0.4499999899531827,0.4506690847423304,1.6625127900247366e-19,0.45,0.4506690162684826,0.4506481422059557,1.0707925054119175e-14,2.77076873822874e-18,0.45,0.4506690847423201,0.4506482081906476,1.0707926627370806e-14,2.7707687382333155e-18,0.4500000299495602,0.4499999899527205,49.93955807907025,49.87911615814062,49.829018697226495,49.82750469979942,49.827504699839736,49.82599070237235,49.82599070245299
24.0,1.0301455242173584e-111,0.45,0.4500000099460208,3.3326557562581303e-18,5.089380215838727e-17,2.772976508102607e-18,2.7701345613884096e-18,0.4506690162591873,0.4500000300421287,0.45066901625916894,1.6625128058287735e-19,0.45066908475200107,0.44999998985633505,0.45066908475201733,1.6625128058301987e-19,0.45,0.45066901625917816,0.45065113273216223,1.0707989642384326e-14,2.7707687648022536e-18,0.45,0.4506690847520092,0.4506511990725385,1.0707991223358987e-14,2.770768764807004e-18,0.4500000300425662,0.4499999898559109,49.939558241733174,49.879116483466426,49.8290191573759,49.827505164022554,49.82750516406441,49.82599117066921,49.82599117075293
25.0,2.03278120337554e-115,0.45,0.4500000099460094,3.33265576574763e-18,5.089380215828137e-17,2.772976523913839e-18,2.7701345837522323e-18,0.4506690162510713,0.4500000301232372,0.4506690162510563,1.6625128193697992e-19,0.45066908476029904,0.4499999897733693,0.4506690847603143,1.6625128193712698e-19,0.45,0.4506690162510638,0.4506536948023648,1.0708044977016871e-14,2.7707687875686757e-18,0.45,0.45066908476030665,0.4506537614503145,1.07080465646699e-14,2.7707687875735776e-18,0.45000003012393963,0.4499999897726646,49.93955838109195,49.87911676218398,49.82901955160135,49.82750556173811,49.8275055617813,49.82599157187488,49.82599157196126
26.0,-8.404236895655652e-117,0.45,0.45000000994600464,3.332655773877574e-18,5.089380215821288e-17,2.7729765374598024e-18,2.770134602912001e-18,0.45066901624403954,0.45000003019352175,0.4506690162440268,1.6625128309708081e-19,0.45066908476745193,0.449999989701873,0.45066908476746503,1.662512830972318e-19,0.45,0.45066901624403316,0.4506558897953972,1.0708092383654061e-14,2.7707688070733625e-18,0.45,0.4506690847674585,0.4506559567093177,1.0708093977082114e-14,2.770768807078395e-18,0.4500000301943055,0.44999998970108757,49.93955850048487,49.8791170009698,49.829019889346306,49.827505902473135,49.82750590251748,49.82599191559998,49.82599191568867
27.0,-1.8652311348767676e-119,0.45,0.4500000099460274,3.3326557808427778e-18,5.089380215829809e-17,2.7729765490650985e-18,2.7701346193268377e-18,0.4506690162378537,0.45000003025538865,0.45066901623784034,1.662512840909794e-19,0.4506690847734977,0.44999998964149146,0.45066908477350576,1.6625128409113379e-19,0.45,0.45066901623784705,0.45065777031396553,1.0708132998389254e-14,2.770768823783702e-18,0.45,0.45066908477350176,0.4506578374578842,1.070813459681119e-14,2.7707688237888475e-18,0.4500000302563717,0.4499999896405281,49.939558602772905,49.87911720554587,49.8290201787041,49.827506194392626,49.827506194437966,49.825992210081154,49.82599221017183
28.0,8.443475714083382e-122,0.45,0.4500000099460133,3.3326557868102055e-18,5.0893802158199024e-17,2.772976559007918e-18,2.770134633390223e-18,0.4506690162325775,0.4500000303081034,0.45066901623256733,1.6625128494250044e-19,0.4506690847789414,0.44999998958704174,0.45066908477895035,1.6625128494265776e-19,0.45,0.4506690162325724,0.450659381439351,1.0708167794871528e-14,2.7707688381002588e-18,0.45,0.45066908477894585,0.4506594487821501,1.0708169397612e-14,2.770768838105502e-18,0.4500000303084097,0.4499999895867383,49.939558690408035,49.879117380816105,49.82902042661093,49.82750644449418,49.82750644454039,49.825992462377435,49.825992462469834
29.0,3.2367532847703356e-122,0.45,0.45000000994601386,3.3326557919227668e-18,5.0893802158180936e-17,2.772976567526374e-18,2.770134645438952e-18,0.45066901622799704,0.450000030353881,0.45066901622798866,1.6625128567203641e-19,0.45066908478355283,0.449999989540945,0.45066908478356055,1.6625128567219624e-19,0.45,0.4506690162279929,0.45066076175771264,1.0708197606470084e-14,2.7707688503658903e-18,0.45,0.4506690847835567,0.4506608292725064,1.0708199212945122e-14,2.7707688503712178e-18,0.45000003035360475,0.4499999895412234,49.93955876548894,49.87911753097792,49.829020639003765,49.82750665876732,49.82750665881426,49.825992678530895,49.82599267862477
30.0,6.387069674311616e-126,0.45,0.45000000994600986,3.3326557963028696e-18,5.089380215813785e-17,2.7729765748244215e-18,2.7701346557615034e-18,0.45066901622406685,0.45000003039316494,0.4506690162240597,1.6625128629705442e-19,0.450669084787558,0.4499999895009015,0.45066908478756523,1.6625128629721646e-19,0.45,0.45066901622406325,0.4506619443194809,1.0708223146995862e-14,2.7707688608742687e-18,0.45,0.4506690847875616,0.45066201198300154,1.0708224756700217e-14,2.77076886087967e-18,0.45000003039353925,0.4499999895005269,49.93955882981328,49.87911765962659,49.82902082096784,49.82750684234232,49.827506842389916,49.825992863716806,49.825992863812
31.0,-2.640640641766359e-127,0.45,0.4500000099460167,3.332655800055437e-18,5.0893802158162127e-17,2.7729765810768818e-18,2.7701346646051476e-18,0.45066901622062,0.45000003042762304,0.45066901622061345,1.6625128683252637e-19,0.45066908479096424,0.44999998946685965,0.45066908479097006,1.6625128683269032e-19,0.45,0.4506690162206168,0.45066295745361207,1.070824502828688e-14,2.7707688698771164e-18,0.45,0.4506690847909672,0.4506630252457433,1.0708246640783744e-14,2.770768869882581e-18,0.4500000304281901,0.4499999894663054,49.9395588849219,49.87911776984384,49.82902097686201,49.82750699961662,49.82750699966477,49.82599302237123,49.825993022467536
32.0,-5.860621504191108e-130,0.45,0.4500000099459866,3.332655803270392e-18,5.089380215799434e-17,2.77297658643358e-18,2.770134672181803e-18,0.45066901621780564,0.4500000304556882,0.45066901621780436,1.662512872912837e-19,0.45066908479405743,0.44999998943588515,0.45066908479406603,1.662512872914493e-19,0.45,0.45066901621780503,0.45066382543867334,1.0708263774703024e-14,2.7707688775901673e-18,0.45,0.4506690847940617,0.45066389334201595,1.0708265389614573e-14,2.7707688775956866e-18,0.45000003045610343,0.44999998943542485,49.93955893213537,49.87911786427075,49.829021110421934,49.827507134358946,49.827507134407576,49.82599315829596,49.825993158393224
33.0,2.6529696194012575e-132,0.45,0.45000000994601264,3.3326558060247994e-18,5.0893802158118234e-17,2.772976591022924e-18,2.770134678673092e-18,0.4506690162151218,0.45000003048256443,0.45066901621511796,1.6625128768432337e-19,0.45066908479653367,0.4499999894111665,0.45066908479653944,1.6625128768449037e-19,0.45,0.4506690162151199,0.4506645690820627,1.0708279835633741e-14,2.770768884198312e-18,0.45,0.45066908479653656,0.4506646370815673,1.0708281452633323e-14,2.7707688842038785e-18,0.450000030482816,0.4499999894109032,49.93955897258543,49.87911794517088,49.82902122484921,49.827507249799226,49.827507249848274,49.82599327474926,49.825993274847356
34.0,1.0169992098948645e-132,0.45,0.45000000994600947,3.3326558083846225e-18,5.089380215808136e-17,2.772976594954819e-18,2.7701346842344674e-18,0.4506690162129196,0.4500000305045808,0.4506690162129162,1.6625128802105792e-19,0.450669084798805,0.449999989388478,0.45066908479880907,1.6625128802122618e-19,0.45,0.4506690162129179,0.4506652061932818,1.0708293595722855e-14,2.7707688898598032e-18,0.45,0.4506690847988071,0.4506652742759529,1.0708295214528317e-14,2.7707688898654107e-18,0.4500000305051675,0.44999998938789965,49.939559007240796,49.87911801448162,49.82902132288414,49.82750734870205,49.82750734875147,49.825993374519975,49.8259933746188
35.0,2.00683964463434e-136,0.45,0.45000000994601197,3.332655810406363e-18,5.0893802158084886e-17,2.7729765983234053e-18,2.7701346889990852e-18,0.4506690162109465,0.4500000305243064,0.45066901621094346,1.6625128830954976e-19,0.4506690848007705,0.4499999893688361,0.4506690848007737,1.6625128830971905e-19,0.45,0.45066901621094496,0.4506657520269881,1.0708305384434304e-14,2.770768894710193e-18,0.45,0.4506690848007721,0.4506658201815798,1.0708307004801599e-14,2.7707688947158364e-18,0.4500000305236768,0.4499999893694527,49.93955903693122,49.87911807386245,49.82902140687396,49.827507433435436,49.82750743348516,49.82599345999691,49.825993460096356
36.0,-8.296985311859131e-138,0.45,0.4500000099460103,3.3326558121384495e-18,5.0893802158066847e-17,2.7729766012093763e-18,2.7701346930810787e-18,0.45066901620933814,0.4500000305403903,0.450669016209335,1.662512885567095e-19,0.4506690848024128,0.44999998935241026,0.45066908480241624,1.662512885568797e-19,0.45,0.45066901620933664,0.45066621965864934,1.0708315484167523e-14,2.7707688988656704e-18,0.45,0.4506690848024145,0.4506662878754341,1.0708317105885075e-14,2.770768898871344e-18,0.45000003054031545,0.44999998935249497,49.93955906236791,49.87911812473583,49.829021478830605,49.82750750602911,49.8275075060791,49.8259935332276,49.82599353332758
37.0,-1.841427785788018e-140,0.45,0.45000000994601214,3.3326558136223878e-18,5.089380215806969e-17,2.772976603681888e-18,2.7701346965782636e-18,0.45066901620790084,0.45000003055476095,0.4506690162078979,1.662512887684598e-19,0.45066908480384443,0.44999998933810215,0.4506690848038473,1.662512887686308e-19,0.45,0.45066901620789934,0.4506666202943283,1.0708324136946518e-14,2.7707689024258112e-18,0.45,0.4506690848038459,0.45066668856488046,1.0708325759831524e-14,2.770768902431511e-18,0.45000003055461907,0.44999998933824165,49.9395590841604,49.87911816832082,49.82902154047835,49.827507568222615,49.827507568272836,49.82599359596687,49.82599359606732
38.0,1.15087076899244e-142,0.45,0.45000000994601236,3.332655814893701e-18,5.089380215806466e-17,2.7729766058001265e-18,2.770134699574356e-18,0.4506690162066123,0.450000030567639,0.4506690162066099,1.6625128894986956e-19,0.45066908480514123,0.44999998932514323,0.4506690848051435,1.6625128895004123e-19,0.45,0.45066901620661104,0.4506669635246563,1.0708331549906171e-14,2.7707689054758383e-18,0.45,0.45066908480514234,0.45066703184171064,1.0708333173801109e-14,2.7707689054815614e-18,0.45000003056675336,0.4499999893260184,49.93955910283037,49.87911820566075,49.829021593292936,49.82750762150476,49.82750762155518,49.82599364971657,49.82599364981742
39.0,-5.101453459087657e-143,0.45,0.4500000099460117,3.332655815983015e-18,5.0893802158056696e-17,2.772976607615122e-18,2.7701347021415337e-18,0.4506690162055773,0.4500000305779785,0.4506690162055756,1.6625128910530903e-19,0.45066908480619117,0.44999998931464885,0.4506690848061931,1.6625128910548128e-19,0.45,0.4506690162055764,0.4506672576184251,1.0708337901633032e-14,2.7707689080892297e-18,0.45,0.4506690848061921,0.4506673259757134,1.0708339526401437e-14,2.770768908094972e-18,0.45000003057718174,0.4499999893154492,49.93955911882758,49.87911823765517,49.82902163854668,49.827507667159125,49.827507667209716,49.82599369577156,49.825993695872754
40.0,3.186523530420259e-143,0.45,0.45000000994599854,3.3326558169162168e-18,5.089380215797126e-17,2.7729766091700047e-18,2.7701347043408017e-18,0.4506690162047924,0.45000003058582466,0.45066901620479083,1.66251289238472e-19,0.4506690848071246,0.4499999893053147,0.45066908480712653,1.662512892386448e-19,0.45,0.4506690162047916,0.45066750956445517,1.070834334306907e-14,2.7707689103280882e-18,0.45,0.4506690848071256,0.4506675779565181,1.0708344968592244e-14,2.7707689103338475e-18,0.4500000305865051,0.44999998930461493,49.93955913253219,49.879118265064356,49.829021677314984,49.82750770627062,49.82750770632138,49.82599373522628,49.82599373532777
41.0,-5.543108157298254e-146,0.45,0.4500000099460187,3.332655817715648e-18,5.0893802158087746e-17,2.772976610502003e-18,2.770134706224814e-18,0.4506690162038905,0.45000003059484894,0.4506690162038886,1.662512893525467e-19,0.4506690848078263,0.4499999892983111,0.45066908480782736,1.6625128935271994e-19,0.45,0.45066901620388955,0.45066772539500666,1.0708348004496021e-14,2.7707689122460163e-18,0.45,0.4506690848078268,0.4506677938171217,1.0708349630671716e-14,2.770768912251791e-18,0.4500000305955143,0.44999998929766566,49.93955914427229,49.87911828854458,49.829021710526014,49.82750773977568,49.827507739826565,49.82599376902533,49.8259937691271
42.0,-1.2302339942335953e-148,0.45,0.45000000994601125,3.332655818400595e-18,5.089380215804211e-17,2.7729766116432493e-18,2.7701347078390234e-18,0.4506690162031951,0.4500000306017935,0.45066901620319383,1.662512894502851e-19,0.4506690848085996,0.4499999892905741,0.4506690848086009,1.6625128945045872e-19,0.45,0.45066901620319444,0.450667910316913,1.070835199836987e-14,2.7707689138892845e-18,0.45,0.4506690848086003,0.4506679787650231,1.070835362511017e-14,2.7707689138950715e-18,0.45000003060225013,0.44999998929012286,49.939559154331135,49.87911830866227,49.829021738981005,49.82750776848257,49.82750776853357,49.82599379798414,49.825993798086124
43.0,5.568988559976827e-151,0.45,0.4500000099460036,3.3326558189874223e-18,5.089380215797599e-17,2.7729766126210108e-18,2.770134709221994e-18,0.4506690162026418,0.45000003060730864,0.4506690162026417,1.6625128953402227e-19,0.4506690848092877,0.44999998928369844,0.45066908480928863,1.662512895341962e-19,0.45,0.45066901620264177,0.45066806874830634,1.0708355420111695e-14,2.7707689152971504e-18,0.45,0.45066908480928813,0.45066813721891735,1.0708357047340527e-14,2.770768915302949e-18,0.45000003060712485,0.4499999892840789,49.93955916294903,49.87911832589807,49.82902176335976,49.827507793077146,49.827507793128234,49.82599382279453,49.82599382289671
44.0,2.1348367218383605e-151,0.45,0.45000000994602185,3.332655819490184e-18,5.089380215787932e-17,2.772976613458702e-18,2.7701347104068674e-18,0.45066901620217076,0.4500000306120575,0.45066901620216815,1.662512896057649e-19,0.45066908480990375,0.4499999892775608,0.45066908480990314,1.6625128960593911e-19,0.45,0.4506690162021694,0.4506682044834518,1.070835835166836e-14,2.7707689165033526e-18,0.45,0.4506690848099035,0.4506682729734976,1.0708359979319345e-14,2.7707689165091605e-18,0.4500000306113096,0.44999998927818463,49.93955917033238,49.879118340664746,49.82902178424649,49.82750781414879,49.827507814199954,49.82599384405106,49.825993844153416
45.0,-8.762892021002486e-154,0.45,0.45000000994599415,3.332655819920898e-18,5.089380215801474e-17,2.7729766141763502e-18,2.7701347114218918e-18,0.450669016201733,0.4500000306163816,0.45066901620173394,1.6625128966722336e-19,0.4506690848101376,0.4499999892751842,0.45066908481013956,1.6625128966739787e-19,0.45,0.45066901620173344,0.4506683207665009,1.0708360863106054e-14,2.7707689175366503e-18,0.45,0.45066908481013856,0.4506683892733656,1.0708362491121822e-14,2.770768917542466e-18,0.4500000306179664,0.44999998927392265,49.93955917665766,49.87911835331532,49.82902180213917,49.82750783219984,49.8275078322511,49.825993862260546,49.82599386236304
46.0,3.068586575545215e-154,0.45,0.4500000099460171,3.332655820289975e-18,5.0893802158038275e-17,2.7729766147913e-18,2.770134712291715e-18,0.450669016201252,0.45000003062122895,0.45066901620125044,1.662512897198901e-19,0.45066908481054263,0.4499999892711579,0.45066908481054296,1.662512897200648e-19,0.45,0.4506690162012512,0.45066842041050104,1.0708363015179439e-14,2.770768918422131e-18,0.45,0.4506690848105428,0.4506684889318814,1.0708364643510614e-14,2.7707689184279545e-18,0.45000003062153393,0.4499999892707712,49.93955918207777,49.879118364155545,49.82902181747225,49.82750784766868,49.82750784771999,49.825993877865095,49.82599387796773
47.0,1.410540732446672e-156,0.45,0.45000000994601047,3.3326558206057454e-18,5.0893802158026905e-17,2.7729766153174306e-18,2.7701347130358823e-18,0.4506690162009158,0.45000003062457417,0.4506690162009154,1.6625128976494856e-19,0.45066908481090834,0.4499999892674957,0.45066908481090906,1.6625128976512343e-19,0.45,0.4506690162009156,0.4506685056615013,1.0708364856398492e-14,2.770768919179695e-18,0.45,0.45066908481090867,0.45066857419542955,1.0708366485002192e-14,2.7707689191855244e-18,0.4500000306243732,0.4499999892677308,49.93955918671504,49.879118373430074,49.8290218305903,49.82750786090287,49.82750786095423,49.825993891215425,49.82599389131815
48.0,-8.671858489060094e-157,0.45,0.45000000994601164,3.3326558208766625e-18,5.08938021580321e-17,2.7729766157688277e-18,2.7701347136743504e-18,0.45066901620059785,0.45000003062775756,0.45066901620059713,1.6625128980360698e-19,0.45066908481121226,0.4499999892644584,0.4506690848112128,1.6625128980378205e-19,0.45,0.4506690162005975,0.45066857880325273,1.0708366436086461e-14,2.770768919829656e-18,0.45,0.45066908481121254,0.45066864734805234,1.0708368064926297e-14,2.7707689198354907e-18,0.4500000306277787,0.44999998926441725,49.939559190693615,49.87911838138722,49.8290218418451,49.82750787225729,49.82750787230871,49.82599390266948,49.825993902772304
49.0,-8.521435502164323e-157,0.45,0.45000000994601164,3.3326558211092548e-18,5.089380215803102e-17,2.7729766161563687e-18,2.7701347142224982e-18,0.45066901620032945,0.45000003063044,0.4506690162003289,1.6625128983679668e-19,0.4506690848114826,0.4499999892617566,0.45066908481148304,1.6625128983697186e-19,0.45,0.4506690162003292,0.4506686415980511,1.0708367792304848e-14,2.7707689203876714e-18,0.45,0.4506690848114828,0.450668710152278,1.0708369421349445e-14,2.7707689203935108e-18,0.45000003063028887,0.44999998926188806,49.93955919410937,49.87911838821873,49.829021851507754,49.82750788200549,49.82750788205694,49.825993912503215,49.82599391260612
50.0,9.168397838710433e-158,0.45,0.45000000994601114,3.332655821308226e-18,5.0893802158027453e-17,2.772976616487891e-18,2.770134714691412e-18,0.45066901620012034,0.45000003063252747,0.45066901620012,1.6625128986518883e-19,0.4506690848117003,0.4499999892595808,0.4506690848117007,1.6625128986536414e-19,0.45,0.4506690162001202,0.4506686953158922,1.070836895248257e-14,2.7707689208650266e-18,0.45,0.4506690848117005,0.45066876387826577,1.0708370581704014e-14,2.77076892087087e-18,0.45000003063235716,0.44999998925975665,49.93955919703137,49.87911839406274,49.82902185977368,49.82750789034459,49.82750789039608,49.8259939209155,49.82599392101847
51.0,6.003130867762964e-157,0.45,0.4500000099460109,3.3326558214782803e-18,5.089380215802516e-17,2.7729766167712323e-18,2.7701347150921777e-18,0.4506690161999801,0.4500000306339261,0.45066901619998,1.662512898894547e-19,0.4506690848118465,0.44999998925812146,0.4506690848118467,1.662512898896301e-19,0.45,0.45066901619998007,0.4506687412267722,1.0708369944048546e-14,2.7707689212730063e-18,0.45,0.4506690848118466,0.4506688097961749,1.0708371573422382e-14,2.7707689212788535e-18,0.45000003063401667,0.4499999892580567,49.93955919952872,49.87911839905743,49.8290218668383,49.827507897471754,49.827507897523276,49.8259939281052,49.82599392820824
52.0,8.434515696235593e-160,0.45,0.4500000099460112,3.3326558216239075e-18,5.089380215802611e-17,2.772976617013874e-18,2.770134715435376e-18,0.4506690161998547,0.45000003063518185,0.4506690161998545,1.6625128991023494e-19,0.4506690848119689,0.4499999892568971,0.4506690848119691,1.6625128991041046e-19,0.45,0.4506690161998546,0.4506687805428449,1.0708370793182365e-14,2.7707689216223828e-18,0.45,0.450669084811969,0.4506688491183033,1.0708372422687547e-14,2.7707689216282326e-18,0.4500000306365448,0.44999998925554524,49.939559201667336,49.87911840333467,49.82902187288815,49.82750790357515,49.82750790362671,49.82599393426215,49.82599393436524
53.0,-5.185452986858467e-160,0.45,0.4500000099460112,3.332655821748959e-18,5.0893802158025604e-17,2.7729766172222323e-18,2.7701347157300842e-18,0.45066901619966654,0.45000003063706634,0.45066901619966615,1.6625128992807914e-19,0.45066908481215623,0.4499999892550205,0.4506690848121567,1.6625128992825473e-19,0.45,0.4506690161996663,0.4506688143039242,1.0708371522341395e-14,2.770768921922396e-18,0.45,0.4506690848121564,0.4506688828846174,1.0708373151960545e-14,2.770768921928248e-18,0.45000003063738014,0.44999998925470097,49.93955920350379,49.87911840700758,49.8290218780832,49.8275079088162,49.82750790886777,49.8259939395492,49.82599393965233
54.0,-5.095505563514908e-160,0.45,0.4500000099460112,3.3326558218563203e-18,5.089380215802509e-17,2.7729766174011158e-18,2.7701347159831017e-18,0.45066901619953864,0.45000003063834326,0.45066901619953836,1.6625128994339904e-19,0.45066908481228507,0.449999989253734,0.45066908481228535,1.6625128994357469e-19,0.45,0.4506690161995385,0.4506688432890128,1.0708372148350395e-14,2.770768922179968e-18,0.45,0.4506690848122852,0.4506689118742574,1.0708373778068399e-14,2.7707689221858224e-18,0.4500000306382156,0.44999998925385654,49.93955920508046,49.879118410160906,49.82902188254335,49.827507913315834,49.82750791336742,49.82599394408831,49.82599394419148
55.0,5.482365287374663e-161,0.45,0.4500000099460112,3.332655821948163e-18,5.089380215802462e-17,2.772976617554142e-18,2.770134716199546e-18,0.4506690161994625,0.4500000306391018,0.4506690161994624,1.6625128995650447e-19,0.4506690848123631,0.44999998925295687,0.45066908481236323,1.6625128995668016e-19,0.45,0.4506690161994624,0.45066886808432216,1.0708372683870157e-14,2.7707689224003082e-18,0.45,0.4506690848123632,0.45066893667350383,1.0708374313673486e-14,2.7707689224061646e-18,0.4500000306390514,0.44999998925301227,49.939559206429216,49.879118412858425,49.829021886358795,49.82750791716505,49.82750791721665,49.8259939479713,49.825993948074505
56.0,3.589651852369854e-160,0.45,0.4500000099460112,3.3326558220266572e-18,5.089380215802421e-17,2.7729766176849285e-18,2.7701347163845337e-18,0.45066901619942934,0.45000003063943134,0.45066901619942945,1.6625128996770524e-19,0.4506690848123982,0.44999998925260837,0.4506690848123982,1.6625128996788098e-19,0.45,0.45066901619942934,0.4506688892760638,1.0708373141561476e-14,2.770768922588626e-18,0.45,0.45066908481239815,0.45066895786863737,1.0708374771438183e-14,2.7707689225944843e-18,0.4500000306403076,0.4499999892517489,49.93955920758195,49.8791184151639,49.829021889619725,49.82750792045484,49.82750792050646,49.82599395128996,49.8259939513932
57.0,5.043530710857218e-163,0.45,0.4500000099460112,3.332655822093877e-18,5.0893802158023916e-17,2.7729766177969283e-18,2.770134716542949e-18,0.4506690161993479,0.4500000306402496,0.4506690161993477,1.662512899772971e-19,0.4506690848124796,0.4499999892517908,0.4506690848124798,1.6625128997747288e-19,0.45,0.4506690161993478,0.45066890742374927,1.0708373533508374e-14,2.7707689227498934e-18,0.45,0.4506690848124797,0.45066897601923145,1.070837516344828e-14,2.770768922755753e-18,0.4500000306411449,0.44999998925090634,49.93955920856911,49.87911841713822,49.82902189241225,49.82750792327208,49.827507923323715,49.825993954131924,49.82599395423519
58.0,-3.100710500852976e-163,0.45,0.4500000099460112,3.332655822151599e-18,5.089380215802367e-17,2.772976617893104e-18,2.770134716678982e-18,0.45066901619918337,0.45000003064189736,0.4506690161991829,1.6625128998553374e-19,0.45066908481264273,0.44999998925015594,0.4506690848126432,1.6625128998570958e-19,0.45,0.4506690161991832,0.45066892300733263,1.0708373870076618e-14,2.7707689228883747e-18,0.45,0.45066908481264295,0.4506689916053366,1.0708375500071701e-14,2.7707689228942357e-18,0.4500000306415626,0.4499999892504843,49.93955920941679,49.879118418833585,49.82902189481021,49.827507925691286,49.82750792574293,49.82599395657234,49.82599395667563
59.0,-3.046925244137138e-163,0.45,0.4500000099460112,3.3326558222011554e-18,5.0893802158023435e-17,2.772976617975674e-18,2.7701347167957714e-18,0.4506690161991114,0.45000003064261446,0.45066901619911115,1.6625128999260518e-19,0.45066908481271517,0.4499999892494341,0.4506690848127154,1.6625128999278104e-19,0.45,0.45066901619911137,0.4506689363863894,1.0708374159032409e-14,2.7707689230072666e-18,0.45,0.45066908481271534,0.45066900498659807,1.0708375789075417e-14,2.7707689230131287e-18,0.4500000306419805,0.4499999892500623,49.93955921014456,49.87911842028912,49.82902189686895,49.827507927768245,49.827507927819894,49.82599395866754,49.825993958770844
60.0,3.2782531553475866e-164,0.45,0.4500000099460112,3.3326558222435485e-18,5.0893802158023225e-17,2.772976618046309e-18,2.770134716895679e-18,0.4506690161990898,0.4500000306428278,0.4506690161990898,1.6625128999865445e-19,0.45066908481273815,0.44999998924920814,0.45066908481273815,1.6625128999883034e-19,0.45,0.4506690161990898,0.45066894783150757,1.0708374406219769e-14,2.7707689231089726e-18,0.45,0.45066908481273815,0.45066901643363083,1.0708376036304216e-14,2.770768923114836e-18,0.4500000306428185,0.44999998924922047,49.93955921076712,49.87911842153426,49.8290218986301,49.82750792954498,49.82750792959664,49.825993960459876,49.8259939605632
61.0,2.1464800126927766e-163,0.45,0.4500000099460112,3.3326558222797803e-18,5.089380215802305e-17,2.772976618106678e-18,2.7701347169810666e-18,0.45066901619907607,0.45000003064296407,0.4506690161990761,1.6625129000382456e-19,0.450669084812753,0.44999998924906104,0.4506690848127529,1.6625129000400047e-19,0.45,0.45066901619907607,0.45066895761327525,1.0708374617482724e-14,2.7707689231958976e-18,0.45,0.4506690848127529,0.4506690262170498,1.0708376247602887e-14,2.7707689232017612e-18,0.4500000306432371,0.44999998924879886,49.939559211299205,49.87911842259843,49.8290219001353,49.82750793106351,49.82750793111517,49.82599396199173,49.825993962095055
62.0,3.0158461905183803e-166,0.45,0.4500000099460112,3.332655822310808e-18,5.089380215802291e-17,2.7729766181583752e-18,2.7701347170541888e-18,0.4506690161990536,0.45000003064319066,0.45066901619905353,1.6625129000825204e-19,0.4506690848127751,0.4499999892488372,0.4506690848127752,1.66251290008428e-19,0.45,0.4506690161990536,0.4506689659899561,1.070837479839918e-14,2.7707689232703363e-18,0.45,0.4506690848127751,0.4506690345951436,1.0708376428549965e-14,2.7707689232762004e-18,0.4500000306436557,0.44999998924837775,49.93955921175487,49.87911842350974,49.82902190142429,49.82750793236391,49.827507932415585,49.82599396330354,49.82599396340687
63.0,-1.8541110360976494e-166,0.45,0.4500000099460112,3.332655822337452e-18,5.0893802158022775e-17,2.7729766182027683e-18,2.77013471711698e-18,0.4506690161990313,0.4500000306434125,0.4506690161990313,1.6625129001205394e-19,0.45066908481279677,0.44999998924862117,0.4506690848127969,1.6625129001222992e-19,0.45,0.45066901619903127,0.45066897318309235,1.0708374953753877e-14,2.7707689233342575e-18,0.45,0.45066908481279677,0.45066904178949785,1.0708376583931088e-14,2.7707689233401224e-18,0.45000003064449445,0.44999998924753665,49.93955921214615,49.879118424292294,49.82902190253116,49.82750793348057,49.82750793353226,49.82599396443,49.82599396453335
64.0,-1.821949427321621e-166,0.45,0.4500000099460112,3.332655822360326e-18,5.089380215802267e-17,2.7729766182408817e-18,2.7701347171708882e-18,0.4506690161989774,0.4500000306439525,0.45066901619897737,1.6625129001531803e-19,0.45066908481285095,0.4499999892480793,0.450669084812851,1.6625129001549404e-19,0.45,0.45066901619897737,0.4506689793586569,1.070837508713133e-14,2.770768923389136e-18,0.45,0.45066908481285095,0.4506690479661206,1.070837671733163e-14,2.7707689233950017e-18,0.45000003064491345,0.44999998924711576,49.939559212482074,49.87911842496415,49.82902190348144,49.82750793443927,49.82750793449097,49.82599396539711,49.82599396550047
65.0,1.9602750249594344e-167,0.45,0.4500000099460112,3.3326558223798944e-18,5.089380215802258e-17,2.7729766182734858e-18,2.7701347172170042e-18,0.45066901619891847,0.4500000306445429,0.45066901619891836,1.6625129001811032e-19,0.45066908481291046,0.44999998924748347,0.45066908481291057,1.662512900182863e-19,0.45,0.4506690161989184,0.45066898464154553,1.0708375201229067e-14,2.770768923436082e-18,0.45,0.4506690848129105,0.45066905324992773,1.0708376831449456e-14,2.7707689234419486e-18,0.4500000306444927,0.44999998924753487,49.93955921276944,49.879118425538884,49.829021904294365,49.8275079352594,49.82750793531109,49.82599396622442,49.82599396632781
66.0,1.283516239004518e-166,0.45,0.4500000099460112,3.3326558223966184e-18,5.089380215802249e-17,2.7729766183013513e-18,2.7701347172564184e-18,0.45066901619888106,0.4500000306449161,0.450669016198881,1.6625129002049679e-19,0.4506690848129483,0.4499999892471053,0.4506690848129484,1.6625129002067274e-19,0.45,0.45066901619888106,0.45066898915665404,1.0708375298744621e-14,2.770768923476205e-18,0.45,0.4506690848129484,0.450669057765835,1.0708376928982423e-14,2.770768923482072e-18,0.45000003064407196,0.44999998924795404,49.939559213015045,49.8791184260301,49.82902190498915,49.82750793596033,49.82750793601201,49.82599396693149,49.82599396703488
67.0,1.8033652943341895e-169,0.45,0.4500000099460112,3.3326558224109404e-18,5.089380215802242e-17,2.772976618325214e-18,2.7701347172901707e-18,0.450669016198881,0.45000003064491495,0.450669016198881,1.6625129002254044e-19,0.4506690848129482,0.4499999892471076,0.4506690848129482,1.6625129002271642e-19,0.45,0.450669016198881,0.4506689930231897,1.0708375382252652e-14,2.7707689235105652e-18,0.45,0.4506690848129482,0.45066906163306836,1.0708377012505524e-14,2.770768923516432e-18,0.4500000306444914,0.44999998924753337,49.939559213225365,49.87911842645074,49.829021905584135,49.82750793656057,49.827507936612264,49.825993967537016,49.8259939676404
68.0,-1.1086903254060783e-169,0.45,0.4500000099460112,3.332655822423239e-18,5.089380215802238e-17,2.772976618345705e-18,2.770134717319154e-18,0.4506690161988829,0.4500000306448963,0.4506690161988829,1.6625129002429535e-19,0.450669084812946,0.44999998924712925,0.45066908481294604,1.6625129002447135e-19,0.45,0.4506690161988829,0.45066899634342156,1.0708375453961831e-14,2.7707689235400705e-18,0.45,0.45066908481294604,0.4506690649539003,1.0708377084227642e-14,2.7707689235459373e-18,0.4500000306449109,0.4499999892471132,49.93955921340598,49.87911842681196,49.82902190609504,49.827507937076014,49.827507937127706,49.825993968056984,49.82599396816037
69.0,-1.0894588641800404e-169,0.45,0.4500000099460112,3.3326558224337973e-18,5.089380215802233e-17,2.772976618363298e-18,2.7701347173440374e-18,0.45066901619888505,0.45000003064487487,0.45066901619888505,1.6625129002580198e-19,0.450669084812944,0.4499999892471497,0.450669084812944,1.66251290025978e-19,0.45,0.45066901619888505,0.45066899919396336,1.0708375515526791e-14,2.7707689235654015e-18,0.45,0.450669084812944,0.4506690678049551,1.0708377145803668e-14,2.7707689235712686e-18,0.4500000306453303,0.44999998924669293,49.93955921356104,49.87911842712208,49.82902190653368,49.827507937518526,49.82750793757023,49.825993968503376,49.825993968606774
70.0,1.1721724929063584e-170,0.45,0.4500000099460112,3.3326558224428295e-18,5.089380215802229e-17,2.7729766183783476e-18,2.770134717365324e-18,0.45066901619888067,0.45000003064491884,0.45066901619888067,1.6625129002709086e-19,0.45066908481294865,0.44999998924710294,0.4506690848129487,1.6625129002726689e-19,0.45,0.45066901619888067,0.4506690016324635,1.07083755681926e-14,2.770768923587071e-18,0.45,0.45066908481294865,0.4506690702438937,1.0708377198478964e-14,2.7707689235929384e-18,0.45000003064532995,0.4499999892466925,49.939559213693684,49.879118427387375,49.82902190690892,49.82750793789708,49.82750793794879,49.82599396888525,49.825993968988655
71.0,7.674955862842834e-170,0.45,0.4500000099460112,3.3326558224505494e-18,5.089380215802225e-17,2.77297661839121e-18,2.7701347173835166e-18,0.450669016198863,0.4500000306450963,0.45066901619886296,1.662512900281924e-19,0.4506690848129666,0.4499999892469231,0.45066908481296664,1.6625129002836845e-19,0.45,0.450669016198863,0.45066900371657037,1.0708375613204329e-14,2.7707689236055914e-18,0.45,0.4506690848129666,0.45066907232837716,1.0708377243498899e-14,2.770768923611459e-18,0.45000003064574956,0.4499999892462722,49.93955921380706,49.87911842761412,49.82902190722962,49.82750793822062,49.827507938272326,49.82599396921163,49.825993969315036
72.0,1.0783462349742618e-172,0.45,0.4500000099460112,3.3326558224571604e-18,5.089380215802222e-17,2.7729766184022245e-18,2.770134717399096e-18,0.45066901619884087,0.45000003064531774,0.4506690161988408,1.6625129002913574e-19,0.4506690848129886,0.4499999892467025,0.4506690848129887,1.662512900293118e-19,0.45,0.45066901619884087,0.4506690055013062,1.0708375651750358e-14,2.7707689236214514e-18,0.45,0.4506690848129886,0.45066907411344065,1.0708377282052101e-14,2.7707689236273194e-18,0.4500000306457493,0.44999998924627194,49.93955921390413,49.87911842780827,49.82902190750424,49.82750793849769,49.827507938549395,49.82599396949112,49.825993969594535
73.0,-6.629561087319456e-173,0.45,0.4500000099460112,3.332655822462837e-18,5.0893802158022196e-17,2.772976618411683e-18,2.770134717412474e-18,0.4506690161988347,0.4500000306453783,0.4506690161988347,1.6625129002994578e-19,0.4506690848129946,0.4499999892466435,0.4506690848129946,1.6625129003012184e-19,0.45,0.4506690161988347,0.4506690070338739,1.0708375684850177e-14,2.7707689236350704e-18,0.45,0.4506690848129946,0.450669075646295,1.070837731515816e-14,2.7707689236409388e-18,0.45000003064574906,0.4499999892462717,49.9395592139875,49.87911842797501,49.82902190774008,49.827507938735614,49.82750793878732,49.82599396973113,49.82599396983455
74.0,-6.514564010070008e-173,0.45,0.4500000099460112,3.3326558224677106e-18,5.089380215802217e-17,2.7729766184198033e-18,2.77013471742396e-18,0.4506690161988181,0.45000003064554434,0.4506690161988181,1.6625129003064124e-19,0.4506690848130112,0.4499999892464769,0.4506690848130112,1.662512900308173e-19,0.45,0.4506690161988181,0.4506690083496377,1.0708375713267523e-14,2.7707689236467628e-18,0.45,0.45066908481301127,0.45066907696230835,1.0708377343580967e-14,2.7707689236526315e-18,0.4500000306453289,0.44999998924669143,49.939559214059074,49.87911842811815,49.82902190794255,49.827507938939874,49.82750793899158,49.82599396993718,49.82599397004061
75.0,7.00916114132418e-174,0.45,0.4500000099460112,3.33265582247188e-18,5.0893802158022147e-17,2.77297661842675e-18,2.7701347174337857e-18,0.45066901619879546,0.45000003064577143,0.45066901619879546,1.6625129003123616e-19,0.450669084813034,0.44999998924624834,0.4506690848130341,1.6625129003141219e-19,0.45,0.45066901619879546,0.4506690094752075,1.0708375737577116e-14,2.7707689236567653e-18,0.45,0.450669084813034,0.45066907808809603,1.0708377367895353e-14,2.770768923662634e-18,0.4500000306453289,0.449999989246691,49.93955921412031,49.8791184282406,49.829021908115756,49.82750793911461,49.82750793916631,49.82599397011346,49.82599397021688
76.0,4.589341817929228e-173,0.45,0.4500000099460112,3.3326558224754432e-18,5.089380215802213e-17,2.772976618432687e-18,2.7701347174421835e-18,0.45066901619877114,0.45000003064601496,0.4506690161987711,1.662512900317446e-19,0.45066908481305845,0.4499999892460035,0.45066908481305856,1.6625129003192066e-19,0.45,0.4506690161987711,0.45066901043719304,1.0708375758353672e-14,2.7707689236653145e-18,0.45,0.4506690848130585,0.4506690790502734,1.0708377388676154e-14,2.7707689236711828e-18,0.4500000306457485,0.44999998924627116,49.93955921417263,49.87911842834526,49.82902190826379,49.827507939263946,49.82750793931565,49.825993970264115,49.82599397036753
77.0,6.448114567444575e-176,0.45,0.4500000099460112,3.3326558224784947e-18,5.089380215802211e-17,2.7729766184377714e-18,2.7701347174493742e-18,0.4506690161987769,0.45000003064595606,0.4506690161987769,1.6625129003218003e-19,0.4506690848130527,0.449999989246063,0.4506690848130527,1.6625129003235608e-19,0.45,0.450669016198777,0.4506690112609918,1.0708375776145788e-14,2.770768923672635e-18,0.45,0.4506690848130527,0.45066907987424404,1.0708377406471963e-14,2.7707689236785036e-18,0.45000003064574834,0.449999989246271,49.93955921421745,49.879118428434886,49.829021908390544,49.827507939391836,49.82750793944354,49.82599397039312,49.82599397049654
78.0,-3.964234124110296e-176,0.45,0.4500000099460112,3.3326558224811147e-18,5.089380215802209e-17,2.7729766184421375e-18,2.7701347174555495e-18,0.45066901619881033,0.45000003064562094,0.45066901619881045,1.6625129003255395e-19,0.4506690848130192,0.44999998924639917,0.4506690848130191,1.6625129003273e-19,0.45,0.4506690161988104,0.45066901196839654,1.070837579142413e-14,2.7707689236789216e-18,0.45,0.45066908481301915,0.4506690805817951,1.0708377421753328e-14,2.77076892368479e-18,0.4500000306457482,0.4499999892462708,49.93955921425592,49.87911842851185,49.8290219084994,49.82750793950166,49.827507939553364,49.82599397050391,49.82599397060732
79.0,-3.895470094063532e-176,0.45,0.4500000099460112,3.332655822483364e-18,5.0893802158022085e-17,2.7729766184458858e-18,2.7701347174608512e-18,0.4506690161988102,0.45000003064562294,0.4506690161988102,1.6625129003287495e-19,0.45066908481301937,0.4499999892463966,0.4506690848130193,1.66251290033051e-19,0.45,0.4506690161988103,0.4506690125757322,1.070837580454114e-14,2.7707689236843188e-18,0.45,0.45066908481301937,0.4506690811892509,1.0708377434872935e-14,2.770768923690187e-18,0.4500000306457481,0.44999998924627077,49.939559214288956,49.879118428577925,49.82902190859286,49.82750793959594,49.82750793964765,49.82599397059902,49.825993970702434
80.0,4.191221019287653e-177,0.45,0.4500000099460112,3.332655822485289e-18,5.089380215802207e-17,2.7729766184490924e-18,2.7701347174653868e-18,0.45066901619879646,0.4500000306457615,0.4506690161987964,1.6625129003314954e-19,0.4506690848130332,0.44999998924625695,0.45066908481303325,1.6625129003332562e-19,0.45,0.45066901619879646,0.45066901309527974,1.0708375815762105e-14,2.770768923688936e-18,0.45,0.4506690848130332,0.4506690817088985,1.070837744609612e-14,2.7707689236948043e-18,0.45000003064616795,0.4499999892458507,49.93955921431722,49.87911842863445,49.82902190867281,49.827507939676586,49.82750793972831,49.825993970680386,49.825993970783806
81.0,2.744257908210565e-176,0.45,0.4500000099460112,3.332655822486934e-18,5.089380215802207e-17,2.7729766184518326e-18,2.7701347174692633e-18,0.450669016198789,0.45000003064583616,0.45066901619878896,1.6625129003338424e-19,0.45066908481304074,0.44999998924618156,0.4506690848130408,1.6625129003356032e-19,0.45,0.450669016198789,0.45066901353931993,1.0708375825352303e-14,2.770768923692882e-18,0.45,0.45066908481304074,0.45066908215302515,1.0708377455688217e-14,2.77076892369875e-18,0.45000003064616795,0.4499999892458507,49.93955921434139,49.87911842868276,49.82902190874114,49.82750793974552,49.827507939797236,49.82599397074992,49.82599397085334
82.0,3.8557357670875224e-179,0.45,0.4500000099460112,3.3326558224883427e-18,5.0893802158022067e-17,2.7729766184541792e-18,2.7701347174725824e-18,0.45066901619879973,0.45000003064572774,0.4506690161987998,1.6625129003358524e-19,0.4506690848130299,0.4499999892462908,0.45066908481302986,1.6625129003376132e-19,0.45,0.4506690161987998,0.4506690139195761,1.0708375833564962e-14,2.7707689236962607e-18,0.45,0.4506690848130299,0.45066908253335625,1.0708377463902446e-14,2.7707689237021294e-18,0.4500000306461679,0.44999998924585066,49.93955921436207,49.87911842872412,49.82902190879965,49.82750793980456,49.827507939856275,49.82599397080947,49.82599397091289
83.0,-2.3704664583058878e-179,0.45,0.4500000099460112,3.332655822489552e-18,5.0893802158022054e-17,2.7729766184561945e-18,2.7701347174754328e-18,0.45066901619878985,0.4500000306458274,0.45066901619878985,1.6625129003375785e-19,0.45066908481303963,0.449999989246192,0.45066908481303974,1.662512900339339e-19,0.45,0.45066901619878985,0.45066901424610617,1.070837584061722e-14,2.7707689236991623e-18,0.45,0.4506690848130397,0.4506690828599499,1.0708377470956118e-14,2.7707689237050314e-18,0.45000003064574784,0.4499999892462705,49.93955921437983,49.87911842875965,49.8290219088499,49.82750793985526,49.827507939906965,49.82599397086061,49.825993970964035
84.0,-2.3293480930276162e-179,0.45,0.4500000099460112,3.3326558224905903e-18,5.089380215802205e-17,2.7729766184579248e-18,2.77013471747788e-18,0.45066901619876903,0.4500000306460355,0.45066901619876903,1.66251290033906e-19,0.4506690848130605,0.44999998924598356,0.45066908481306056,1.6625129003408208e-19,0.45,0.450669016198769,0.4506690145264411,1.0708375846671745e-14,2.7707689237016533e-18,0.45,0.45066908481306056,0.45066908314034565,1.0708377477012048e-14,2.7707689237075228e-18,0.4500000306461677,0.4499999892458505,49.939559214395075,49.87911842879014,49.82902190889303,49.82750793989877,49.82750793995049,49.825993970904506,49.82599397100794
85.0,2.506196287737616e-180,0.45,0.4500000099460112,3.3326558224914785e-18,5.089380215802204e-17,2.772976618459405e-18,2.7701347174799738e-18,0.45066901619875527,0.45000003064617267,0.45066901619875527,1.6625129003403278e-19,0.4506690848130743,0.44999998924584556,0.4506690848130744,1.6625129003420883e-19,0.45,0.45066901619875527,0.45066901476625176,1.0708375851851056e-14,2.7707689237037845e-18,0.45,0.4506690848130744,0.45066908338021294,1.0708377482192643e-14,2.770768923709654e-18,0.45000003064574773,0.4499999892462704,49.93955921440812,49.879118428816234,49.829021908929946,49.827507939936005,49.82750793998772,49.82599397094206,49.8259939710455
86.0,1.6409654729496578e-179,0.45,0.4500000099460112,3.3326558224922377e-18,5.089380215802204e-17,2.77297661846067e-18,2.770134717481763e-18,0.4506690161987665,0.4500000306460597,0.45066901619876654,1.662512900341411e-19,0.4506690848130632,0.4499999892459582,0.45066908481306317,1.6625129003431716e-19,0.45,0.4506690161987665,0.4506690149712089,1.070837585627767e-14,2.770768923705606e-18,0.45,0.4506690848130632,0.4506690835852211,1.0708377486620308e-14,2.770768923711475e-18,0.45000003064574784,0.44999998924627027,49.93955921441927,49.87911842883854,49.82902190896149,49.82750793996782,49.82750794001954,49.82599397097416,49.82599397107759
87.0,2.3055884243517293e-182,0.45,0.4500000099460112,3.332655822492888e-18,5.089380215802204e-17,2.772976618461753e-18,2.770134717483295e-18,0.45066901619879923,0.4500000306457327,0.45066901619879923,1.6625129003423387e-19,0.4506690848130305,0.44999998924628587,0.4506690848130304,1.6625129003440994e-19,0.45,0.45066901619879923,0.4506690151467279,1.0708375860068536e-14,2.7707689237071657e-18,0.45,0.4506690848130305,0.4506690837607786,1.0708377490411862e-14,2.770768923713035e-18,0.45000003064616767,0.44999998924585044,49.93955921442882,49.87911842885763,49.82902190898849,49.82750793999507,49.827507940046786,49.825993971001644,49.82599397110508
88.0,-1.4174519097589496e-182,0.45,0.4500000099460112,3.3326558224934464e-18,5.089380215802204e-17,2.7729766184626837e-18,2.7701347174846106e-18,0.45066901619879146,0.45000003064581173,0.4506690161987914,1.6625129003431353e-19,0.4506690848130382,0.449999989246207,0.45066908481303825,1.662512900344896e-19,0.45,0.45066901619879146,0.4506690152974517,1.0708375863323799e-14,2.770768923708505e-18,0.45,0.4506690848130382,0.45066908391152755,1.07083774936677e-14,2.770768923714374e-18,0.45000003064616767,0.44999998924585044,49.93955921443702,49.87911842887404,49.829021909011686,49.82750794001847,49.827507940070184,49.82599397102525,49.825993971128675
89.0,-1.392864636994285e-182,0.45,0.4500000099460112,3.3326558224939256e-18,5.0893802158022036e-17,2.7729766184634822e-18,2.7701347174857404e-18,0.45066901619877275,0.45000003064599886,0.4506690161987727,1.6625129003438192e-19,0.4506690848130569,0.4499999892460196,0.450669084813057,1.66251290034558e-19,0.45,0.45066901619877275,0.45066901542685145,1.0708375866118487e-14,2.770768923709655e-18,0.45,0.4506690848130569,0.4506690840409533,1.0708377496463028e-14,2.7707689237155242e-18,0.4500000306461676,0.4499999892458504,49.93955921444406,49.87911842888811,49.8290219090316,49.82750794003855,49.82750794009027,49.82599397104552,49.82599397114895
90.0,1.4986133644022529e-183,0.45,0.4500000099460112,3.3326558224943354e-18,5.0893802158022024e-17,2.772976618464165e-18,2.7701347174867064e-18,0.45066901619875444,0.4500000306461815,0.4506690161987544,1.6625129003444045e-19,0.45066908481307527,0.44999998924583645,0.4506690848130753,1.6625129003461652e-19,0.45,0.45066901619875444,0.4506690155375445,1.0708375868509155e-14,2.770768923710639e-18,0.45,0.45066908481307527,0.45066908415167295,1.0708377498854346e-14,2.770768923716508e-18,0.4500000306461675,0.4499999892458503,49.93955921445008,49.87911842890015,49.82902190904863,49.827507940055746,49.82750794010746,49.82599397106285,49.825993971166284
91.0,9.812371043390824e-183,0.45,0.4500000099460112,3.332655822494686e-18,5.0893802158022024e-17,2.772976618464749e-18,2.7701347174875323e-18,0.4506690161987478,0.4500000306462471,0.45066901619874783,1.6625129003449045e-19,0.450669084813082,0.44999998924577045,0.45066908481308193,1.6625129003466653e-19,0.45,0.4506690161987478,0.4506690156321482,1.0708375870552359e-14,2.7707689237114798e-18,0.45,0.45066908481308193,0.4506690842463035,1.0708377500898154e-14,2.770768923717349e-18,0.4500000306461675,0.4499999892458503,49.93955921445522,49.879118428910445,49.82902190906319,49.82750794007043,49.827507940122146,49.82599397107767,49.8259939711811
92.0,1.3786572274695158e-185,0.45,0.4500000099460112,3.332655822494986e-18,5.089380215802203e-17,2.772976618465249e-18,2.77013471748824e-18,0.45066901619875416,0.4500000306461833,0.4506690161987542,1.6625129003453328e-19,0.45066908481307555,0.4499999892458347,0.4506690848130755,1.6625129003470933e-19,0.45,0.45066901619875416,0.450669015713161,1.0708375872302055e-14,2.7707689237121997e-18,0.45,0.4506690848130755,0.45066908432734254,1.0708377502648396e-14,2.7707689237180688e-18,0.4500000306457476,0.44999998924627027,49.93955921445963,49.87911842891926,49.829021909075664,49.82750794008301,49.82750794013472,49.825993971090355,49.82599397119379
93.0,-8.47584199911614e-186,0.45,0.4500000099460112,3.332655822495244e-18,5.0893802158022036e-17,2.7729766184656785e-18,2.7701347174888473e-18,0.45066901619876215,0.45000003064610405,0.45066901619876215,1.6625129003457004e-19,0.45066908481306756,0.44999998924591456,0.45066908481306756,1.6625129003474612e-19,0.45,0.4506690161987622,0.4506690157827287,1.0708375873804566e-14,2.770768923712818e-18,0.45,0.4506690848130675,0.4506690843969304,1.070837750415132e-14,2.7707689237186866e-18,0.4500000306461676,0.4499999892458504,49.93955921446342,49.87911842892682,49.829021909086364,49.82750794009381,49.82750794014552,49.825993971101255,49.825993971204674
94.0,-8.328819135266108e-186,0.45,0.4500000099460112,3.3326558224954648e-18,5.089380215802203e-17,2.772976618466047e-18,2.7701347174893684e-18,0.45066901619878086,0.4500000306459167,0.4506690161987809,1.662512900346016e-19,0.45066908481304885,0.44999998924610163,0.45066908481304885,1.6625129003477768e-19,0.45,0.4506690161987809,0.45066901584245705,1.0708375875094598e-14,2.7707689237133487e-18,0.45,0.4506690848130488,0.4506690844566722,1.0708377505441562e-14,2.7707689237192178e-18,0.45000003064616756,0.44999998924585033,49.93955921446666,49.879118428933324,49.82902190909555,49.82750794010308,49.827507940154796,49.825993971110606,49.82599397121404
95.0,8.961157699238917e-187,0.45,0.4500000099460112,3.332655822495654e-18,5.0893802158022024e-17,2.7729766184663623e-18,2.7701347174898145e-18,0.4506690161987992,0.45000003064573385,0.45066901619879923,1.662512900346286e-19,0.4506690848130306,0.44999998924628387,0.4506690848130306,1.6625129003480469e-19,0.45,0.4506690161987992,0.4506690158935538,1.070837587619821e-14,2.770768923713803e-18,0.45,0.4506690848130306,0.4506690845077765,1.070837750654525e-14,2.770768923719672e-18,0.4500000306465875,0.4499999892454303,49.93955921446944,49.87911842893888,49.82902190910342,49.827507940111005,49.82750794016273,49.825993971118606,49.82599397122204
96.0,5.8674376201324976e-186,0.45,0.4500000099460112,3.3326558224958157e-18,5.0893802158022024e-17,2.772976618466632e-18,2.7701347174901954e-18,0.4506690161988057,0.45000003064566807,0.4506690161988058,1.662512900346517e-19,0.450669084813024,0.44999998924634943,0.450669084813024,1.6625129003482778e-19,0.45,0.4506690161988057,0.4506690159372266,1.0708375877141455e-14,2.770768923714191e-18,0.45,0.450669084813024,0.4506690845514516,1.0708377507488511e-14,2.7707689237200602e-18,0.4500000306461675,0.4499999892458503,49.939559214471814,49.879118428943634,49.82902190911013,49.8275079401178,49.82750794016951,49.82599397112545,49.82599397122888
97.0,8.243864042591083e-189,0.45,0.4500000099460112,3.3326558224959544e-18,5.089380215802203e-17,2.7729766184668626e-18,2.770134717490522e-18,0.4506690161987767,0.4500000306459594,0.45066901619877664,1.6625129003467146e-19,0.450669084813053,0.44999998924605833,0.45066908481305307,1.6625129003484752e-19,0.45,0.45066901619877664,0.45066901597462733,1.0708375877949157e-14,2.770768923714523e-18,0.45,0.45066908481305307,0.4506690845888518,1.0708377508296331e-14,2.7707689237203922e-18,0.45000003064574773,0.44999998924627016,49.93955921447385,49.8791184289477,49.82902190911589,49.827507940123596,49.8275079401753,49.825993971131304,49.82599397123474
98.0,-5.068242322672768e-189,0.45,0.4500000099460112,3.3326558224960734e-18,5.0893802158022036e-17,2.772976618467061e-18,2.7701347174908025e-18,0.4506690161987432,0.4500000306462952,0.45066901619874306,1.6625129003468843e-19,0.45066908481308665,0.4499999892457223,0.4506690848130867,1.662512900348645e-19,0.45,0.4506690161987431,0.45066901600674,1.0708375878642638e-14,2.7707689237148086e-18,0.45,0.45066908481308665,0.4506690846209714,1.0708377508990116e-14,2.7707689237206773e-18,0.4500000306457478,0.4499999892462702,49.9395592144756,49.8791184289512,49.82902190912084,49.82750794012858,49.82750794018029,49.82599397113633,49.825993971239754
99.0,-4.980328048074092e-189,0.45,0.4500000099460112,3.3326558224961755e-18,5.089380215802203e-17,2.772976618467231e-18,2.7701347174910432e-18,0.45066901619874333,0.4500000306462929,0.4506690161987433,1.66251290034703e-19,0.4506690848130865,0.4499999892457245,0.45066908481308654,1.6625129003487905e-19,0.45,0.4506690161987433,0.45066901603430687,1.0708375879238017e-14,2.7707689237150535e-18,0.45,0.4506690848130865,0.45066908464855027,1.0708377509585756e-14,2.7707689237209226e-18,0.45000003064574773,0.44999998924627016,49.9395592144771,49.87911842895419,49.82902190912508,49.827507940132854,49.82750794018457,49.82599397114065,49.82599397124408
100.0,5.358443292850909e-190,0.45,0.4500000099460112,3.3326558224962625e-18,5.0893802158022024e-17,2.7729766184673764e-18,2.7701347174912493e-18,0.45066901619875716,0.45000003064615374,0.45066901619875716,1.6625129003471547e-19,0.4506690848130726,0.4499999892458637,0.4506690848130726,1.6625129003489155e-19,0.45,0.45066901619875716,0.4506690160578877,1.0708375879747334e-14,2.770768923715263e-18,0.45,0.4506690848130726,0.4506690846721441,1.0708377510095297e-14,2.770768923721132e-18,0.4500000306461675,0.4499999892458503,49.93955921447837,49.87911842895676,49.829021909128706,49.82750794013652,49.827507940188234,49.82599397114434,49.82599397124777
101.0,3.5085122723027282e-189,0.45,0.4500000099460112,3.3326558224963372e-18,5.089380215802202e-17,2.772976618467501e-18,2.770134717491425e-18,0.45066901619876465,0.4500000306460788,0.45066901619876465,1.6625129003472613e-19,0.4506690848130651,0.44999998924593876,0.45066908481306506,1.6625129003490221e-19,0.45,0.45066901619876465,0.45066901607804183,1.070837588018263e-14,2.7707689237154422e-18,0.45,0.45066908481306506,0.45066908469230854,1.0708377510530786e-14,2.7707689237213113e-18,0.45000003064616745,0.4499999892458502,49.93955921447947,49.87911842895895,49.829021909131804,49.827507940139654,49.82750794019137,49.8259939711475,49.82599397125093
102.0,4.929528021802621e-192,0.45,0.4500000099460112,3.3326558224964016e-18,5.0893802158022024e-17,2.7729766184676076e-18,2.7701347174915756e-18,0.4506690161987563,0.4500000306461624,0.4506690161987563,1.6625129003473526e-19,0.45066908481307344,0.44999998924585505,0.45066908481307344,1.6625129003491131e-19,0.45,0.4506690161987563,0.45066901609530274,1.070837588055541e-14,2.7707689237155955e-18,0.45,0.45066908481307344,0.4506690847095747,1.0708377510903709e-14,2.770768923721465e-18,0.45000003064574756,0.4499999892462702,49.93955921448042,49.87911842896083,49.82902190913446,49.82750794014233,49.82750794019404,49.8259939711502,49.82599397125364
103.0,-3.0306228270898193e-192,0.45,0.4500000099460112,3.3326558224964563e-18,5.0893802158022024e-17,2.7729766184676992e-18,2.770134717491705e-18,0.45066901619875427,0.4500000306461827,0.45066901619875427,1.6625129003474308e-19,0.45066908481307544,0.44999998924583484,0.45066908481307544,1.6625129003491914e-19,0.45,0.45066901619875427,0.45066901611012367,1.070837588087551e-14,2.7707689237157272e-18,0.45,0.4506690848130755,0.4506690847244025,1.0708377511223954e-14,2.7707689237215967e-18,0.4500000306457477,0.4499999892462701,49.93955921448122,49.87911842896245,49.82902190913674,49.827507940144635,49.82750794019634,49.82599397115253,49.825993971255954
104.0,-2.978053318675853e-192,0.45,0.4500000099460112,3.3326558224965036e-18,5.089380215802202e-17,2.772976618467778e-18,2.7701347174918163e-18,0.4506690161987521,0.45000003064620386,0.4506690161987521,1.6625129003474982e-19,0.45066908481307755,0.449999989245814,0.45066908481307755,1.6625129003492588e-19,0.45,0.45066901619875216,0.4506690161228474,1.0708375881150304e-14,2.7707689237158405e-18,0.45,0.45066908481307755,0.4506690847371333,1.0708377511498916e-14,2.7707689237217096e-18,0.4500000306457475,0.44999998924627016,49.93955921448192,49.879118428963835,49.8290219091387,49.82750794014661,49.827507940198316,49.82599397115452,49.82599397125795
105.0,3.2041523524501955e-193,0.45,0.4500000099460112,3.332655822496544e-18,5.089380215802201e-17,2.772976618467845e-18,2.770134717491911e-18,0.45066901619875666,0.45000003064615873,0.45066901619875666,1.6625129003475558e-19,0.45066908481307305,0.4499999892458595,0.450669084813073,1.6625129003493165e-19,0.45,0.45066901619875666,0.45066901613373195,1.0708375881385388e-14,2.770768923715937e-18,0.45,0.45066908481307305,0.45066908474802386,1.0708377511734122e-14,2.7707689237218062e-18,0.4500000306461674,0.44999998924585016,49.93955921448251,49.879118428965015,49.82902190914037,49.8275079401483,49.827507940200015,49.82599397115622,49.825993971259656
106.0,2.0979615228732555e-192,0.45,0.4500000099460112,3.3326558224965784e-18,5.089380215802201e-17,2.7729766184679022e-18,2.7701347174919923e-18,0.4506690161987745,0.4500000306459801,0.45066901619877453,1.6625129003476049e-19,0.45066908481305523,0.449999989246038,0.4506690848130552,1.6625129003493657e-19,0.45,0.45066901619877453,0.45066901614303534,1.0708375881586352e-14,2.77076892371602e-18,0.45,0.45066908481305523,0.4506690847573309,1.0708377511935099e-14,2.7707689237218887e-18,0.4500000306465874,0.44999998924543017,49.93955921448301,49.879118428966024,49.82902190914181,49.827507940149744,49.827507940201464,49.82599397115768,49.8259939712611
107.0,2.947676768101382e-195,0.45,0.4500000099460112,3.3326558224966076e-18,5.089380215802202e-17,2.7729766184679515e-18,2.7701347174920617e-18,0.450669016198775,0.4500000306459755,0.450669016198775,1.662512900347647e-19,0.45066908481305473,0.44999998924604245,0.4506690848130547,1.6625129003494078e-19,0.45,0.45066901619877503,0.45066901615100413,1.0708375881758469e-14,2.770768923716091e-18,0.45,0.45066908481305473,0.45066908476529927,1.070837751210719e-14,2.7707689237219595e-18,0.45000003064616745,0.4499999892458502,49.939559214483445,49.8791184289669,49.82902190914303,49.82750794015098,49.8275079402027,49.82599397115893,49.825993971262356
108.0,-1.8122011804739972e-195,0.45,0.4500000099460112,3.332655822496633e-18,5.0893802158022036e-17,2.7729766184679935e-18,2.7701347174921214e-18,0.4506690161987495,0.4500000306462316,0.45066901619874944,1.6625129003476834e-19,0.45066908481308016,0.4499999892457866,0.4506690848130802,1.6625129003494441e-19,0.45,0.45066901619874944,0.45066901615784727,1.0708375881906218e-14,2.7707689237161513e-18,0.45,0.4506690848130802,0.4506690847721416,1.0708377512255014e-14,2.7707689237220208e-18,0.4500000306461676,0.4499999892458504,49.939559214483815,49.87911842896764,49.82902190914408,49.827507940152046,49.827507940203766,49.825993971159996,49.825993971263436
109.0,-1.7807665445459697e-195,0.45,0.4500000099460112,3.3326558224966546e-18,5.0893802158022036e-17,2.7729766184680297e-18,2.7701347174921726e-18,0.45066901619876837,0.450000030646042,0.45066901619876837,1.6625129003477142e-19,0.4506690848130613,0.4499999892459759,0.45066908481306134,1.662512900349475e-19,0.45,0.45066901619876837,0.45066901616372207,1.070837588203314e-14,2.7707689237162033e-18,0.45,0.45066908481306134,0.45066908477801626,1.0708377512381851e-14,2.7707689237220728e-18,0.4500000306461676,0.4499999892458504,49.939559214484134,49.879118428968276,49.829021909144984,49.827507940152955,49.82750794020467,49.82599397116092,49.825993971264346
110.0,1.9159654654567936e-196,0.45,0.4500000099460112,3.3326558224966735e-18,5.0893802158022036e-17,2.772976618468061e-18,2.7701347174922165e-18,0.4506690161988004,0.45000003064572014,0.4506690161988005,1.6625129003477407e-19,0.45066908481302925,0.4499999892462974,0.4506690848130292,1.6625129003495014e-19,0.45,0.45066901619880045,0.45066901616874866,1.0708375882141767e-14,2.7707689237162484e-18,0.45,0.45066908481302925,0.4506690847830408,1.0708377512490304e-14,2.770768923722117e-18,0.4500000306461676,0.4499999892458504,49.93955921448441,49.87911842896882,49.82902190914576,49.82750794015373,49.82750794020545,49.82599397116171,49.825993971265135
111.0,1.2545039634611568e-195,0.45,0.4500000099460112,3.3326558224966893e-18,5.089380215802203e-17,2.7729766184680875e-18,2.770134717492254e-18,0.45066901619881455,0.4500000306455795,0.45066901619881455,1.6625129003477633e-19,0.4506690848130152,0.44999998924643797,0.45066908481301515,1.662512900349524e-19,0.45,0.45066901619881455,0.45066901617304705,1.0708375882234631e-14,2.7707689237162865e-18,0.45,0.45066908481301515,0.45066908478733264,1.070837751258297e-14,2.7707689237221552e-18,0.45000003064616756,0.44999998924585033,49.939559214484646,49.87911842896929,49.82902190914642,49.8275079401544,49.82750794020612,49.825993971162376,49.8259939712658
112.0,1.7626024825865944e-198,0.45,0.4500000099460112,3.3326558224967028e-18,5.089380215802203e-17,2.7729766184681102e-18,2.7701347174922862e-18,0.4506690161987752,0.4500000306459748,0.45066901619877514,1.6625129003477828e-19,0.45066908481305457,0.4499999892460428,0.4506690848130546,1.6625129003495436e-19,0.45,0.45066901619877514,0.4506690161767296,1.0708375882314085e-14,2.7707689237163193e-18,0.45,0.4506690848130546,0.45066908479100637,1.0708377512662397e-14,2.7707689237221883e-18,0.45000003064616756,0.44999998924585033,49.93955921448484,49.8791184289697,49.82902190914699,49.827507940154966,49.82750794020668,49.82599397116296,49.825993971266385
113.0,-1.0836297704741974e-198,0.45,0.4500000099460112,3.3326558224967147e-18,5.0893802158022024e-17,2.7729766184681295e-18,2.770134717492314e-18,0.45066901619874944,0.45000003064623156,0.45066901619874944,1.6625129003477996e-19,0.4506690848130803,0.44999998924578594,0.4506690848130803,1.6625129003495602e-19,0.45,0.4506690161987494,0.4506690161798877,1.0708375882382235e-14,2.7707689237163474e-18,0.45,0.4506690848130804,0.4506690847941654,1.070837751273068e-14,2.7707689237222165e-18,0.45000003064574756,0.4499999892462702,49.939559214485016,49.87911842897004,49.82902190914748,49.82750794015546,49.82750794020718,49.825993971163456,49.825993971266875
114.0,-1.0648330123202708e-198,0.45,0.4500000099460112,3.3326558224967247e-18,5.0893802158022024e-17,2.7729766184681464e-18,2.7701347174923375e-18,0.45066901619876826,0.45000003064604216,0.4506690161987683,1.6625129003478138e-19,0.45066908481306145,0.4499999892459754,0.4506690848130614,1.6625129003495744e-19,0.45,0.45066901619876826,0.45066901618259825,1.0708375882440819e-14,2.7707689237163717e-18,0.45,0.45066908481306145,0.45066908479687817,1.0708377512789229e-14,2.7707689237222403e-18,0.45000003064574756,0.4499999892462702,49.939559214485165,49.87911842897033,49.82902190914789,49.82750794015588,49.82750794020759,49.825993971163875,49.8259939712673
115.0,1.1456770031605956e-199,0.45,0.4500000099460112,3.3326558224967336e-18,5.0893802158022024e-17,2.7729766184681607e-18,2.7701347174923575e-18,0.45066901619880045,0.45000003064572025,0.4506690161988005,1.662512900347826e-19,0.4506690848130293,0.4499999892462974,0.4506690848130292,1.662512900349587e-19,0.45,0.45066901619880045,0.4506690161849178,1.0708375882490984e-14,2.770768923716392e-18,0.45,0.45066908481302925,0.4506690847991981,1.0708377512839265e-14,2.770768923722261e-18,0.4500000306461675,0.4499999892458503,49.93955921448529,49.87911842897058,49.829021909148246,49.827507940156245,49.82750794020796,49.82599397116424,49.82599397126767
116.0,7.501473107024604e-199,0.45,0.4500000099460112,3.332655822496741e-18,5.0893802158022024e-17,2.7729766184681726e-18,2.770134717492375e-18,0.4506690161988146,0.4500000306455794,0.4506690161988146,1.6625129003478365e-19,0.4506690848130151,0.4499999892464382,0.4506690848130151,1.6625129003495975e-19,0.45,0.4506690161988146,0.45066901618690275,1.0708375882533884e-14,2.7707689237164094e-18,0.45,0.4506690848130151,0.45066908480117834,1.0708377512882003e-14,2.770768923722279e-18,0.4500000306465875,0.4499999892454303,49.9395592144854,49.87911842897079,49.82902190914855,49.82750794015655,49.82750794020827,49.82599397116454,49.82599397126798
117.0,1.053971570167436e-201,0.45,0.4500000099460112,3.332655822496747e-18,5.089380215802202e-17,2.772976618468183e-18,2.7701347174923902e-18,0.4506690161987974,0.4500000306457521,0.45066901619879735,1.6625129003478454e-19,0.45066908481303236,0.4499999892462654,0.45066908481303236,1.6625129003496062e-19,0.45,0.4506690161987974,0.45066901618860483,1.0708375882570607e-14,2.7707689237164244e-18,0.45,0.45066908481303236,0.4506690848028719,1.0708377512918618e-14,2.770768923722294e-18,0.45000003064616745,0.4499999892458502,49.93955921448549,49.879118428970976,49.82902190914882,49.827507940156806,49.82750794020853,49.82599397116481,49.82599397126824
118.0,-6.479708169880881e-202,0.45,0.4500000099460112,3.3326558224967525e-18,5.0893802158022024e-17,2.7729766184681923e-18,2.7701347174924026e-18,0.45066901619879923,0.4500000306457326,0.4506690161987993,1.662512900347853e-19,0.4506690848130305,0.44999998924628526,0.4506690848130304,1.662512900349614e-19,0.45,0.45066901619879923,0.45066901619006494,1.0708375882602147e-14,2.770768923716438e-18,0.45,0.4506690848130305,0.4506690848043276,1.0708377512950052e-14,2.7707689237223066e-18,0.4500000306465875,0.4499999892454303,49.93955921448557,49.87911842897114,49.829021909149034,49.827507940157034,49.827507940208754,49.82599397116505,49.82599397126847
119.0,-6.367310457400199e-202,0.45,0.4500000099460112,3.332655822496757e-18,5.0893802158022024e-17,2.7729766184682e-18,2.7701347174924133e-18,0.45066901619880134,0.4500000306457117,0.4506690161988014,1.6625129003478598e-19,0.45066908481302836,0.44999998924630635,0.4506690848130283,1.6625129003496206e-19,0.45,0.45066901619880134,0.4506690161913196,1.0708375882629246e-14,2.770768923716449e-18,0.45,0.45066908481302836,0.4506690848055763,1.070837751297702e-14,2.7707689237223178e-18,0.4500000306461675,0.4499999892458503,49.93955921448564,49.879118428971275,49.829021909149226,49.82750794015723,49.827507940208946,49.82599397116524,49.825993971268666
120.0,6.850727840538542e-203,0.45,0.4500000099460112,3.332655822496761e-18,5.089380215802203e-17,2.7729766184682065e-18,2.7701347174924226e-18,0.45066901619879696,0.45000003064575683,0.4506690161987969,1.6625129003478656e-19,0.4506690848130328,0.44999998924626133,0.4506690848130328,1.6625129003496264e-19,0.45,0.4506690161987969,0.45066901619239313,1.0708375882652418e-14,2.7707689237164583e-18,0.45,0.4506690848130328,0.4506690848066443,1.0708377513000099e-14,2.7707689237223274e-18,0.45000003064616756,0.44999998924585033,49.93955921448569,49.879118428971395,49.82902190914939,49.8275079401574,49.82750794020912,49.8259939711654,49.825993971268836
121.0,4.48560549941868e-202,0.45,0.4500000099460112,3.3326558224967644e-18,5.089380215802203e-17,2.772976618468212e-18,2.7701347174924307e-18,0.45066901619877914,0.45000003064593525,0.4506690161987791,1.6625129003478704e-19,0.45066908481305057,0.4499999892460828,0.4506690848130506,1.6625129003496312e-19,0.45,0.45066901619877914,0.45066901619330996,1.0708375882672173e-14,2.7707689237164668e-18,0.45,0.45066908481305057,0.4506690848075578,1.0708377513019874e-14,2.7707689237223355e-18,0.45000003064616756,0.44999998924585033,49.93955921448575,49.87911842897149,49.82902190914954,49.827507940157545,49.82750794020926,49.82599397116555,49.82599397126898
122.0,-2.932817212299895e-205,0.45,0.4500000099460112,3.332655822496767e-18,5.089380215802202e-17,2.772976618468217e-18,2.770134717492438e-18,0.45066901619875227,0.4500000306462016,0.4506690161987523,1.6625129003478747e-19,0.4506690848130774,0.44999998924581597,0.4506690848130774,1.6625129003496353e-19,0.45,0.4506690161987523,0.45066901619409183,1.0708375882689023e-14,2.7707689237164733e-18,0.45,0.4506690848130774,0.4506690848083449,1.0708377513036912e-14,2.7707689237223424e-18,0.4500000306457475,0.44999998924627016,49.93955921448579,49.87911842897157,49.82902190914967,49.827507940157666,49.82750794020938,49.82599397116567,49.8259939712691
123.0,-9.417426051895708e-208,0.45,0.4500000099460112,3.33265582249677e-18,5.0893802158021765e-17,2.772976618468221e-18,2.7701347174924438e-18,0.4506690161987468,0.4500000306462589,0.45066901619874666,1.662512900347878e-19,0.45066908481308343,0.449999989245754,0.4506690848130835,1.6625129003496387e-19,0.45,0.4506690161987467,0.4506690161947612,1.0708375882703461e-14,2.7707689237164795e-18,0.45,0.4506690848130835,0.4506690848090212,1.0708377513051539e-14,2.7707689237223482e-18,0.4500000306457453,0.44999998924626794,49.939559214485826,49.87911842897165,49.829021909149766,49.82750794015777,49.82750794020948,49.82599397116578,49.825993971269206
124.0,4.713097473836237e-210,0.45,0.4500000099460109,3.332655822496772e-18,5.08938021580202e-17,2.772976618468225e-18,2.7701347174924488e-18,0.4506690161987405,0.4500000306463208,0.45066901619874045,1.6625129003478812e-19,0.4506690848130924,0.44999998924566426,0.45066908481309254,1.6625129003496418e-19,0.45,0.4506690161987405,0.4506690161953297,1.0708375882715728e-14,2.7707689237164845e-18,0.45,0.4506690848130925,0.450669084809604,1.0708377513064148e-14,2.7707689237223536e-18,0.4500000306457314,0.44999998924625406,49.939559214485854,49.879118428971715,49.82902190914986,49.82750794015786,49.82750794020957,49.82599397116587,49.82599397126929
125.0,-4.75707726849222e-210,0.45,0.45000000994601064,3.332655822496774e-18,5.089380215801909e-17,2.772976618468228e-18,2.770134717492453e-18,0.45066901619870503,0.45000003064667743,0.45066901619870486,1.6625129003478841e-19,0.45066908481312995,0.4499999892452878,0.4506690848131301,1.6625129003496444e-19,0.45,0.4506690161987049,0.45066901619581967,1.070837588272623e-14,2.7707689237164888e-18,0.45,0.45066908481313,0.45066908481010337,1.0708377513075005e-14,2.7707689237223582e-18,0.4500000306453019,0.449999989246664,49.93955921448589,49.879118428971765,49.82902190914993,49.82750794015795,49.82750794020965,49.82599397116594,49.82599397126938
126.0,-3.7404886222490055e-210,0.45,0.45000000994601114,3.3326558224967756e-18,5.08938021580218e-17,2.7729766184682308e-18,2.7701347174924565e-18,0.45066901619874705,0.45000003064625527,0.450669016198747,1.6625129003478863e-19,0.4506690848130831,0.44999998924575824,0.45066908481308315,1.6625129003496468e-19,0.45,0.45066901619874705,0.45066901619623906,1.0708375882735378e-14,2.7707689237164926e-18,0.45,0.4506690848130831,0.45066908481053247,1.0708377513084173e-14,2.770768923722362e-18,0.4500000306457456,0.4499999892462683,49.93955921448591,49.879118428971815,49.82902190914999,49.82750794015801,49.82750794020972,49.825993971166014,49.82599397126944
127.0,1.0230199531287927e-210,0.45,0.45000000994601197,3.332655822496777e-18,5.089380215802623e-17,2.772976618468233e-18,2.7701347174924596e-18,0.4506690161988061,0.45000003064566235,0.4506690161988063,1.662512900347888e-19,0.4506690848130161,0.4499999892464303,0.450669084813016,1.6625129003496488e-19,0.45,0.4506690161988062,0.4506690161965994,1.0708375882743289e-14,2.7707689237164957e-18,0.45,0.45066908481301604,0.4506690848108971,1.0708377513091908e-14,2.770768923722365e-18,0.4500000306462047,0.44999998924588747,49.93955921448593,49.87911842897186,49.82902190915005,49.82750794015806,49.82750794020977,49.82599397116606,49.8259939712695
128.0,2.7936049982040616e-210,0.45,0.45000000994601264,3.332655822496778e-18,5.089380215803032e-17,2.7729766184682346e-18,2.7701347174924623e-18,0.4506690161988218,0.45000003064550664,0.4506690161988219,1.6625129003478894e-19,0.45066908481299317,0.44999998924665846,0.4506690848129931,1.6625129003496502e-19,0.45,0.4506690161988219,0.45066901619691235,1.0708375882750084e-14,2.7707689237164984e-18,0.45,0.4506690848129931,0.45066908481120305,1.070837751309847e-14,2.770768923722368e-18,0.45000003064624083,0.4499999892459236,49.939559214485946,49.879118428971886,49.829021909150086,49.82750794015811,49.82750794020982,49.82599397116611,49.82599397126955
129.0,2.8182593158819962e-213,0.45,0.4500000099460117,3.332655822496779e-18,5.089380215802535e-17,2.7729766184682366e-18,2.770134717492465e-18,0.4506690161987651,0.4500000306460761,0.450669016198765,1.6625129003478909e-19,0.45066908481305873,0.4499999892460007,0.4506690848130588,1.6625129003496517e-19,0.45,0.45066901619876504,0.45066901619718236,1.0708375882755792e-14,2.770768923716501e-18,0.45,0.45066908481305873,0.45066908481146234,1.0708377513104208e-14,2.77076892372237e-18,0.4500000306461969,0.4499999892458797,49.93955921448596,49.879118428971914,49.829021909150136,49.82750794015814,49.82750794020986,49.82599397116616,49.82599397126959
130.0,-2.844557618931348e-213,0.45,0.4500000099460107,3.33265582249678e-18,5.089380215801889e-17,2.7729766184682377e-18,2.770134717492467e-18,0.4506690161987546,0.45000003064617905,0.4506690161987546,1.6625129003478923e-19,0.45066908481308066,0.4499999892457832,0.4506690848130806,1.6625129003496529e-19,0.45,0.45066901619875466,0.4506690161974098,1.070837588276068e-14,2.770768923716503e-18,0.45,0.45066908481308066,0.45066908481169055,1.0708377513109181e-14,2.770768923722372e-18,0.45000003064571986,0.4499999892462425,49.939559214485975,49.879118428971935,49.82902190915017,49.827507940158185,49.8275079402099,49.8259939711662,49.82599397126962
131.0,-2.2366749179299756e-213,0.45,0.4500000099460108,3.3326558224967806e-18,5.089380215801949e-17,2.772976618468239e-18,2.7701347174924684e-18,0.450669016198778,0.4500000306459446,0.4506690161987781,1.6625129003478933e-19,0.45066908481305623,0.449999989246028,0.4506690848130562,1.662512900349654e-19,0.45,0.450669016198778,0.4506690161976059,1.0708375882764962e-14,2.770768923716505e-18,0.45,0.45066908481305623,0.45066908481188656,1.0708377513113359e-14,2.770768923722374e-18,0.4500000306461451,0.44999998924582785,49.93955921448599,49.87911842897196,49.8290219091502,49.82750794015821,49.82750794020993,49.82599397116623,49.825993971269654
132.0,6.117283864664817e-214,0.45,0.4500000099460113,3.332655822496781e-18,5.0893802158022665e-17,2.77297661846824e-18,2.77013471749247e-18,0.4506690161988011,0.45000003064571426,0.4506690161988011,1.6625129003478942e-19,0.45066908481302753,0.44999998924631446,0.4506690848130275,1.6625129003496548e-19,0.45,0.45066901619880106,0.4506690161977749,1.0708375882768659e-14,2.770768923716506e-18,0.45,0.45066908481302753,0.45066908481205337,1.0708377513116901e-14,2.7707689237223755e-18,0.4500000306457532,0.4499999892462759,49.93955921448599,49.87911842897198,49.82902190915023,49.82750794015824,49.82750794020995,49.82599397116625,49.82599397126968
133.0,1.6704732618383882e-213,0.45,0.4500000099460115,3.3326558224967817e-18,5.0893802158023916e-17,2.7729766184682408e-18,2.770134717492471e-18,0.45066901619878974,0.4500000306458294,0.4506690161987897,1.662512900347895e-19,0.45066908481303664,0.44999998924622187,0.4506690848130367,1.6625129003496555e-19,0.45,0.4506690161987897,0.4506690161979211,1.0708375882771787e-14,2.7707689237165072e-18,0.45,0.4506690848130367,0.45066908481219414,1.0708377513119959e-14,2.7707689237223767e-18,0.45000003064576427,0.4499999892462869,49.939559214486,49.87911842897199,49.82902190915024,49.82750794015826,49.82750794020997,49.82599397116627,49.8259939712697
134.0,1.6852155977555118e-216,0.45,0.4500000099460112,3.332655822496782e-18,5.089380215802206e-17,2.7729766184682416e-18,2.7701347174924727e-18,0.45066901619878574,0.45000003064586835,0.45066901619878574,1.6625129003478955e-19,0.4506690848130439,0.4499999892461502,0.45066908481304385,1.6625129003496562e-19,0.45,0.45066901619878574,0.45066901619804567,1.0708375882774477e-14,2.7707689237165084e-18,0.45,0.45066908481304385,0.4506690848123141,1.0708377513122568e-14,2.770768923722378e-18,0.45000003064616784,0.4499999892458506,49.93955921448601,49.879118428972006,49.82902190915027,49.827507940158284,49.82750794021,49.82599397116629,49.825993971269725
135.0,-1.7009410174298206e-216,0.45,0.4500000099460112,3.332655822496782e-18,5.089380215802199e-17,2.7729766184682423e-18,2.7701347174924734e-18,0.45066901619880156,0.4500000306457086,0.4506690161988017,1.662512900347896e-19,0.4506690848130282,0.4499999892463085,0.45066908481302814,1.6625129003496567e-19,0.45,0.4506690161988016,0.45066901619815064,1.070837588277679e-14,2.7707689237165096e-18,0.45,0.4506690848130282,0.450669084812419,1.0708377513124807e-14,2.770768923722379e-18,0.4500000306461672,0.44999998924585,49.93955921448601,49.87911842897202,49.829021909150285,49.8275079401583,49.82750794021001,49.82599397116631,49.825993971269746
136.0,-1.3374494808063911e-216,0.45,0.4500000099460112,3.3326558224967825e-18,5.0893802158022e-17,2.772976618468243e-18,2.7701347174924742e-18,0.4506690161987777,0.4500000306459483,0.4506690161987777,1.6625129003478964e-19,0.450669084813052,0.4499999892460692,0.450669084813052,1.6625129003496572e-19,0.45,0.4506690161987777,0.45066901619824096,1.0708375882778685e-14,2.7707689237165103e-18,0.45,0.45066908481305207,0.4506690848125098,1.0708377513126815e-14,2.7707689237223798e-18,0.4500000306461673,0.44999998924585005,49.93955921448602,49.879118428972035,49.8290219091503,49.827507940158306,49.827507940210026,49.825993971166326,49.82599397126976
137.0,3.657911153361943e-217,0.45,0.4500000099460112,3.3326558224967833e-18,5.0893802158022036e-17,2.7729766184682435e-18,2.770134717492475e-18,0.450669016198752,0.4500000306462066,0.4506690161987519,1.662512900347897e-19,0.4506690848130776,0.4499999892458119,0.4506690848130777,1.6625129003496577e-19,0.45,0.45066901619875194,0.4506690161983175,1.0708375882780274e-14,2.770768923716511e-18,0.45,0.4506690848130777,0.4506690848125885,1.0708377513128567e-14,2.77076892372238e-18,0.4500000306461676,0.4499999892458504,49.939559214486025,49.87911842897204,49.82902190915031,49.82750794015832,49.82750794021004,49.82599397116634,49.82599397126977
138.0,9.988816787083074e-217,0.45,0.4500000099460112,3.3326558224967833e-18,5.089380215802205e-17,2.772976618468244e-18,2.7701347174924754e-18,0.45066901619876226,0.4500000306461027,0.45066901619876226,1.6625129003478971e-19,0.45066908481306733,0.4499999892459161,0.45066908481306733,1.662512900349658e-19,0.45,0.45066901619876226,0.45066901619838107,1.0708375882781664e-14,2.7707689237165115e-18,0.45,0.45066908481306733,0.45066908481265755,1.0708377513130032e-14,2.7707689237223806e-18,0.4500000306461677,0.4499999892458505,49.939559214486025,49.87911842897205,49.82902190915032,49.82750794015833,49.82750794021005,49.82599397116635,49.825993971269774
139.0,1.0076970543174012e-219,0.45,0.4500000099460112,3.3326558224967837e-18,5.089380215802203e-17,2.7729766184682443e-18,2.7701347174924757e-18,0.4506690161987723,0.45000003064600247,0.4506690161987723,1.6625129003478976e-19,0.4506690848130574,0.4499999892460154,0.4506690848130574,1.6625129003496582e-19,0.45,0.4506690161987723,0.45066901619843797,1.0708375882782923e-14,2.770768923716512e-18,0.45,0.4506690848130574,0.4506690848127132,1.0708377513131219e-14,2.7707689237223813e-18,0.4500000306457476,0.44999998924627027,49.939559214486025,49.879118428972056,49.82902190915033,49.82750794015834,49.827507940210054,49.825993971166355,49.82599397126978
140.0,-1.0171002779196576e-219,0.45,0.4500000099460112,3.332655822496784e-18,5.0893802158022024e-17,2.7729766184682443e-18,2.770134717492476e-18,0.4506690161987297,0.45000003064643107,0.4506690161987295,1.6625129003478979e-19,0.45066908481310003,0.44999998924558654,0.4506690848131002,1.6625129003496584e-19,0.45,0.4506690161987296,0.45066901619848604,1.0708375882783877e-14,2.7707689237165122e-18,0.45,0.45066908481310014,0.4506690848127618,1.0708377513132366e-14,2.7707689237223817e-18,0.45000003064574756,0.4499999892462702,49.93955921448603,49.879118428972056,49.829021909150335,49.82750794015835,49.82750794021006,49.82599397116636,49.82599397126979
141.0,-7.997456847076122e-220,0.45,0.4500000099460112,3.332655822496784e-18,5.0893802158022024e-17,2.7729766184682447e-18,2.7701347174924765e-18,0.4506690161987101,0.4500000306466265,0.45066901619870997,1.662512900347898e-19,0.4506690848131197,0.44999998924539125,0.45066908481311974,1.6625129003496586e-19,0.45,0.45066901619871,0.4506690161985209,1.0708375882784589e-14,2.7707689237165126e-18,0.45,0.45066908481311974,0.45066908481281037,1.0708377513133456e-14,2.770768923722382e-18,0.45000003064574756,0.4499999892462702,49.93955921448603,49.87911842897206,49.82902190915034,49.827507940158355,49.82750794021007,49.82599397116637,49.825993971269796
142.0,2.1872965685263395e-220,0.45,0.4500000099460112,3.332655822496784e-18,5.089380215802202e-17,2.7729766184682447e-18,2.770134717492477e-18,0.45066901619871824,0.4500000306465426,0.4506690161987183,1.6625129003478983e-19,0.4506690848131115,0.44999998924547535,0.45066908481311146,1.662512900349659e-19,0.45,0.45066901619871824,0.45066901619854743,1.0708375882785179e-14,2.770768923716513e-18,0.45,0.4506690848131115,0.4506690848128553,1.0708377513134407e-14,2.7707689237223825e-18,0.4500000306457475,0.44999998924627016,49.93955921448603,49.87911842897206,49.82902190915035,49.82750794015836,49.827507940210076,49.825993971166376,49.8259939712698
143.0,5.972945696601771e-220,0.45,0.4500000099460112,3.332655822496784e-18,5.089380215802201e-17,2.772976618468245e-18,2.7701347174924773e-18,0.45066901619875904,0.45000003064613303,0.4506690161987592,1.6625129003478983e-19,0.4506690848130707,0.44999998924588475,0.4506690848130706,1.6625129003496591e-19,0.45,0.4506690161987591,0.45066901619857036,1.0708375882785767e-14,2.7707689237165134e-18,0.45,0.45066908481307066,0.4506690848128931,1.0708377513135138e-14,2.770768923722383e-18,0.4500000306461674,0.44999998924585016,49.93955921448603,49.87911842897207,49.829021909150356,49.82750794015836,49.82750794021008,49.82599397116638,49.82599397126981
144.0,6.0256584061544574e-223,0.45,0.4500000099460112,3.332655822496784e-18,5.089380215802202e-17,2.772976618468245e-18,2.7701347174924773e-18,0.4506690161987703,0.45000003064602245,0.4506690161987703,1.6625129003478986e-19,0.4506690848130594,0.4499999892459952,0.4506690848130594,1.6625129003496594e-19,0.45,0.4506690161987703,0.4506690161985982,1.070837588278639e-14,2.7707689237165134e-18,0.45,0.4506690848130594,0.4506690848129178,1.0708377513135644e-14,2.770768923722383e-18,0.45000003064616745,0.4499999892458502,49.93955921448603,49.87911842897207,49.829021909150356,49.82750794015837,49.82750794021009,49.82599397116638,49.82599397126981
145.0,-6.081886230877299e-223,0.45,0.4500000099460112,3.3326558224967844e-18,5.089380215802203e-17,2.7729766184682454e-18,2.7701347174924777e-18,0.4506690161987399,0.45000003064632843,0.4506690161987397,1.6625129003478988e-19,0.45066908481308976,0.4499999892456895,0.4506690848130899,1.6625129003496594e-19,0.45,0.45066901619873984,0.4506690161986239,1.0708375882786867e-14,2.7707689237165134e-18,0.45,0.45066908481308987,0.4506690848129377,1.0708377513136137e-14,2.770768923722383e-18,0.4500000306457476,0.44999998924627027,49.93955921448604,49.87911842897208,49.82902190915036,49.82750794015838,49.82750794021009,49.82599397116638,49.82599397126981
146.0,-4.782185565788417e-223,0.45,0.4500000099460112,3.3326558224967844e-18,5.089380215802203e-17,2.772976618468246e-18,2.7701347174924777e-18,0.4506690161987412,0.45000003064631455,0.4506690161987411,1.6625129003478988e-19,0.4506690848130885,0.4499999892457034,0.45066908481308854,1.6625129003496596e-19,0.45,0.45066901619874117,0.45066901619864175,1.0708375882787258e-14,2.7707689237165138e-18,0.45,0.4506690848130886,0.4506690848129582,1.0708377513136578e-14,2.7707689237223833e-18,0.45000003064616756,0.44999998924585033,49.93955921448604,49.879118428972085,49.82902190915036,49.82750794015838,49.82750794021009,49.82599397116638,49.82599397126982
147.0,1.3079230408013174e-223,0.45,0.4500000099460112,3.3326558224967844e-18,5.0893802158022024e-17,2.772976618468246e-18,2.770134717492478e-18,0.45066901619876104,0.45000003064611444,0.4506690161987611,1.6625129003478988e-19,0.4506690848130688,0.4499999892459034,0.45066908481306867,1.6625129003496596e-19,0.45,0.45066901619876104,0.4506690161986556,1.0708375882787609e-14,2.7707689237165138e-18,0.45,0.4506690848130687,0.45066908481297685,1.070837751313694e-14,2.7707689237223833e-18,0.4500000306461675,0.4499999892458503,49.93955921448604,49.879118428972085,49.82902190915037,49.82750794015838,49.82750794021009,49.82599397116638,49.82599397126982
148.0,3.571602228272085e-223,0.45,0.4500000099460112,3.3326558224967844e-18,5.089380215802202e-17,2.772976618468246e-18,2.770134717492478e-18,0.45066901619878624,0.45000003064586164,0.45066901619878635,1.6625129003478988e-19,0.4506690848130435,0.449999989246156,0.4506690848130434,1.6625129003496598e-19,0.45,0.4506690161987863,0.4506690161986692,1.0708375882787959e-14,2.770768923716514e-18,0.45,0.45066908481304346,0.4506690848129913,1.0708377513137198e-14,2.7707689237223836e-18,0.45000003064658745,0.4499999892454302,49.93955921448604,49.879118428972085,49.82902190915037,49.82750794015838,49.8275079402101,49.82599397116639,49.825993971269824
149.0,3.603122493227063e-226,0.45,0.4500000099460112,3.3326558224967844e-18,5.089380215802202e-17,2.772976618468246e-18,2.7701347174924784e-18,0.45066901619876787,0.45000003064604693,0.45066901619876787,1.662512900347899e-19,0.4506690848130618,0.44999998924597084,0.45066908481306184,1.6625129003496598e-19,0.45,0.45066901619876787,0.4506690161986845,1.0708375882788241e-14,2.7707689237165146e-18,0.45,0.45066908481306184,0.45066908481300055,1.0708377513137435e-14,2.7707689237223836e-18,0.45000003064616745,0.4499999892458502,49.93955921448604,49.879118428972085,49.82902190915038,49.827507940158384,49.8275079402101,49.8259939711664,49.825993971269824
150.0,-3.6367446679917556e-226,0.45,0.4500000099460112,3.3326558224967844e-18,5.0893802158022024e-17,2.772976618468246e-18,2.7701347174924784e-18,0.45066901619875194,0.45000003064620664,0.45066901619875194,1.662512900347899e-19,0.45066908481307777,0.4499999892458114,0.4506690848130778,1.6625129003496596e-19,0.45,0.4506690161987519,0.45066901619869715,1.0708375882788478e-14,2.7707689237165146e-18,0.45,0.45066908481307777,0.45066908481300877,1.0708377513137646e-14,2.7707689237223836e-18,0.45000003064574756,0.4499999892462702,49.93955921448604,49.879118428972085,49.82902190915038,49.827507940158384,49.82750794021009,49.8259939711664,49.825993971269824
151.0,-2.859571389124698e-226,0.45,0.4500000099460112,3.3326558224967844e-18,5.0893802158022024e-17,2.7729766184682462e-18,2.7701347174924784e-18,0.4506690161987758,0.4500000306459671,0.45066901619877586,1.662512900347899e-19,0.4506690848130539,0.449999989246051,0.4506690848130539,1.6625129003496596e-19,0.45,0.4506690161987758,0.4506690161987083,1.070837588278877e-14,2.7707689237165146e-18,0.45,0.4506690848130539,0.4506690848130155,1.070837751313774e-14,2.7707689237223836e-18,0.45000003064574756,0.4499999892462702,49.93955921448604,49.879118428972085,49.82902190915038,49.827507940158384,49.82750794021009,49.8259939711664,49.825993971269824
152.0,7.820899576563851e-227,0.45,0.4500000099460112,3.3326558224967844e-18,5.0893802158022024e-17,2.7729766184682462e-18,2.7701347174924784e-18,0.4506690161988016,0.4500000306457089,0.4506690161988016,1.662512900347899e-19,0.45066908481302814,0.44999998924630896,0.4506690848130281,1.6625129003496598e-19,0.45,0.4506690161988017,0.4506690161987189,1.0708375882789054e-14,2.7707689237165146e-18,0.45,0.45066908481302814,0.45066908481302026,1.0708377513137785e-14,2.770768923722384e-18,0.4500000306461675,0.4499999892458503,49.93955921448604,49.879118428972085,49.82902190915038,49.827507940158384,49.8275079402101,49.8259939711664,49.82599397126983
153.0,2.135687000179613e-226,0.45,0.4500000099460112,3.3326558224967844e-18,5.089380215802202e-17,2.7729766184682462e-18,2.7701347174924784e-18,0.45066901619879135,0.4500000306458127,0.4506690161987913,1.6625129003478993e-19,0.4506690848130384,0.44999998924620477,0.4506690848130384,1.66251290034966e-19,0.45,0.45066901619879135,0.4506690161987299,1.0708375882789264e-14,2.7707689237165146e-18,0.45,0.4506690848130384,0.4506690848130226,1.0708377513137855e-14,2.770768923722384e-18,0.45000003064616745,0.4499999892458502,49.93955921448604,49.879118428972085,49.82902190915038,49.82750794015839,49.827507940210104,49.8259939711664,49.82599397126983
154.0,2.154534961344073e-229,0.45,0.4500000099460112,3.3326558224967844e-18,5.089380215802202e-17,2.772976618468246e-18,2.7701347174924784e-18,0.4506690161987569,0.45000003064615796,0.4506690161987568,1.6625129003478993e-19,0.45066908481307283,0.44999998924585977,0.45066908481307294,1.6625129003496598e-19,0.45,0.4506690161987568,0.4506690161987384,1.0708375882789379e-14,2.7707689237165146e-18,0.45,0.4506690848130729,0.45066908481302487,1.0708377513137981e-14,2.770768923722384e-18,0.4500000306457475,0.44999998924627016,49.93955921448604,49.879118428972085,49.82902190915038,49.82750794015839,49.8275079402101,49.8259939711664,49.82599397126983
155.0,-2.1746397874062244e-229,0.45,0.4500000099460112,3.3326558224967844e-18,5.0893802158022024e-17,2.772976618468246e-18,2.770134717492479e-18,0.4506690161987519,0.45000003064620653,0.4506690161987519,1.6625129003478993e-19,0.4506690848130778,0.4499999892458118,0.4506690848130778,1.6625129003496598e-19,0.45,0.4506690161987518,0.45066901619874056,1.0708375882789423e-14,2.770768923716515e-18,0.45,0.45066908481307777,0.4506690848130317,1.0708377513138143e-14,2.7707689237223836e-18,0.45000003064574756,0.4499999892462702,49.93955921448604,49.879118428972085,49.829021909150384,49.82750794015839,49.8275079402101,49.825993971166405,49.825993971269824
156.0,-1.7099187007684474e-229,0.45,0.4500000099460112,3.3326558224967844e-18,5.089380215802202e-17,2.772976618468246e-18,2.7701347174924784e-18,0.45066901619874855,0.4500000306462391,0.4506690161987486,1.6625129003478993e-19,0.4506690848130811,0.449999989245779,0.4506690848130811,1.6625129003496598e-19,0.45,0.4506690161987486,0.45066901619874106,1.0708375882789425e-14,2.7707689237165146e-18,0.45,0.45066908481308104,0.4506690848130396,1.070837751313832e-14,2.770768923722384e-18,0.4500000306457475,0.44999998924627016,49.93955921448604,49.879118428972085,49.82902190915038,49.82750794015839,49.8275079402101,49.8259939711664,49.82599397126983
157.0,4.676610800366198e-230,0.45,0.4500000099460112,3.3326558224967844e-18,5.089380215802202e-17,2.7729766184682462e-18,2.7701347174924784e-18,0.45066901619876026,0.4500000306461222,0.4506690161987603,1.6625129003478993e-19,0.45066908481306944,0.44999998924589546,0.4506690848130694,1.6625129003496598e-19,0.45,0.4506690161987603,0.4506690161987416,1.0708375882789455e-14,2.7707689237165146e-18,0.45,0.4506690848130694,0.45066908481304646,1.0708377513138442e-14,2.770768923722384e-18,0.4500000306457475,0.44999998924627016,49.93955921448604,49.879118428972085,49.82902190915038,49.82750794015839,49.8275079402101,49.8259939711664,49.82599397126983
158.0,1.2770624137881756e-229,0.45,0.4500000099460112,3.332655822496785e-18,5.0893802158022024e-17,2.7729766184682462e-18,2.7701347174924784e-18,0.45066901619880023,0.45000003064572225,0.4506690161988003,1.6625129003478993e-19,0.45066908481302953,0.4499999892462953,0.4506690848130295,1.66251290034966e-19,0.45,0.4506690161988003,0.4506690161987439,1.0708375882789586e-14,2.7707689237165146e-18,0.45,0.4506690848130295,0.45066908481305046,1.0708377513138438e-14,2.770768923722384e-18,0.4500000306461675,0.4499999892458503,49.939559214486046,49.879118428972085,49.82902190915038,49.82750794015839,49.827507940210104,49.8259939711664,49.82599397126983
159.0,1.2883328025581578e-232,0.45,0.4500000099460112,3.3326558224967844e-18,5.0893802158022024e-17,2.7729766184682462e-18,2.7701347174924784e-18,0.450669016198784,0.45000003064588656,0.4506690161987839,1.6625129003478993e-19,0.4506690848130458,0.44999998924613127,0.45066908481304585,1.66251290034966e-19,0.45,0.45066901619878397,0.45066901619875194,1.0708375882789729e-14,2.7707689237165146e-18,0.45,0.4506690848130458,0.4506690848130472,1.0708377513138405e-14,2.770768923722384e-18,0.4500000306461675,0.4499999892458503,49.93955921448604,49.879118428972085,49.82902190915038,49.82750794015839,49.827507940210104,49.8259939711664,49.82599397126983
160.0,-1.3003547503892746e-232,0.45,0.4500000099460112,3.3326558224967844e-18,5.0893802158022024e-17,2.7729766184682462e-18,2.770134717492479e-18,0.4506690161987278,0.45000003064645094,0.45066901619872757,1.6625129003478993e-19,0.45066908481310197,0.44999998924556683,0.4506690848131022,1.66251290034966e-19,0.45,0.4506690161987277,0.45066901619875754,1.0708375882789734e-14,2.7707689237165146e-18,0.45,0.4506690848131021,0.45066908481304574,1.0708377513138497e-14,2.770768923722384e-18,0.4500000306461675,0.4499999892458503,49.93955921448604,49.879118428972085,49.829021909150384,49.82750794015839,49.827507940210104,49.8259939711664,49.82599397126983
161.0,-1.0224686029384967e-232,0.45,0.4500000099460112,3.3326558224967844e-18,5.089380215802202e-17,2.7729766184682462e-18,2.770134717492479e-18,0.4506690161987337,0.45000003064639027,0.4506690161987336,1.6625129003478993e-19,0.4506690848130961,0.44999998924562734,0.4506690848130962,1.66251290034966e-19,0.45,0.4506690161987336,0.4506690161987571,1.0708375882789737e-14,2.770768923716515e-18,0.45,0.4506690848130961,0.4506690848130499,1.0708377513138576e-14,2.7707689237223844e-18,0.45000003064616745,0.4499999892458502,49.93955921448604,49.879118428972085,49.829021909150384,49.82750794015839,49.827507940210104,49.825993971166405,49.82599397126984
162.0,2.7964415556064325e-233,0.45,0.4500000099460112,3.332655822496785e-18,5.089380215802202e-17,2.7729766184682462e-18,2.770134717492479e-18,0.4506690161987618,0.45000003064610633,0.45066901619876193,1.6625129003478993e-19,0.45066908481306794,0.4499999892459112,0.4506690848130679,1.66251290034966e-19,0.45,0.4506690161987618,0.4506690161987544,1.0708375882789739e-14,2.7707689237165146e-18,0.45,0.4506690848130679,0.45066908481305584,1.0708377513138644e-14,2.770768923722384e-18,0.45000003064616745,0.4499999892458502,49.939559214486046,49.879118428972085,49.829021909150384,49.82750794015839,49.827507940210104,49.8259939711664,49.82599397126983
163.0,7.636364357582904e-233,0.45,0.4500000099460112,3.332655822496785e-18,5.0893802158022024e-17,2.7729766184682462e-18,2.770134717492479e-18,0.45066901619877237,0.4500000306460008,0.4506690161987725,1.6625129003478993e-19,0.4506690848130574,0.44999998924601675,0.4506690848130573,1.66251290034966e-19,0.45,0.4506690161987724,0.4506690161987534,1.070837588278974e-14,2.7707689237165146e-18,0.45,0.45066908481305734,0.45066908481305956,1.07083775131387e-14,2.770768923722384e-18,0.4500000306461675,0.4499999892458503,49.939559214486046,49.879118428972085,49.829021909150384,49.82750794015839,49.827507940210104,49.8259939711664,49.82599397126983
164.0,7.703757144474659e-236,0.45,0.4500000099460112,3.3326558224967844e-18,5.0893802158022024e-17,2.7729766184682462e-18,2.770134717492479e-18,0.4506690161987539,0.4500000306461872,0.4506690161987539,1.6625129003478995e-19,0.4506690848130759,0.4499999892458303,0.45066908481307594,1.66251290034966e-19,0.45,0.4506690161987539,0.4506690161987538,1.0708375882789709e-14,2.7707689237165146e-18,0.45,0.4506690848130759,0.4506690848130616,1.0708377513138784e-14,2.770768923722384e-18,0.45000003064574756,0.4499999892462702,49.93955921448604,49.879118428972085,49.829021909150384,49.8275079401584,49.827507940210104,49.8259939711664,49.82599397126983
165.0,-7.7756439786145265e-236,0.45,0.4500000099460112,3.3326558224967844e-18,5.0893802158022024e-17,2.7729766184682462e-18,2.770134717492479e-18,0.45066901619876604,0.4500000306460647,0.4506690161987661,1.6625129003478995e-19,0.4506690848130638,0.44999998924595286,0.4506690848130637,1.66251290034966e-19,0.45,0.45066901619876604,0.450669016198754,1.0708375882789735e-14,2.770768923716515e-18,0.45,0.4506690848130637,0.4506690848130637,1.0708377513138801e-14,2.7707689237223844e-18,0.45000003064574756,0.4499999892462702,49.93955921448604,49.879118428972085,49.829021909150384,49.8275079401584,49.827507940210104,49.825993971166405,49.82599397126984
166.0,-6.113986843498753e-236,0.45,0.4500000099460112,3.3326558224967844e-18,5.089380215802202e-17,2.7729766184682462e-18,2.770134717492479e-18,0.4506690161987869,0.4500000306458556,0.45066901619878696,1.6625129003478993e-19,0.45066908481304285,0.44999998924616225,0.45066908481304274,1.66251290034966e-19,0.45,0.45066901619878696,0.45066901619875704,1.0708375882789846e-14,2.770768923716515e-18,0.45,0.4506690848130428,0.4506690848130624,1.0708377513138729e-14,2.7707689237223844e-18,0.45000003064616745,0.4499999892458502,49.93955921448604,49.879118428972085,49.829021909150384,49.82750794015839,49.827507940210104,49.825993971166405,49.82599397126984
167.0,1.6721693781554306e-236,0.45,0.4500000099460112,3.3326558224967844e-18,5.089380215802202e-17,2.7729766184682462e-18,2.770134717492479e-18,0.4506690161987986,0.45000003064573946,0.4506690161987986,1.6625129003478993e-19,0.45066908481303114,0.44999998924627854,0.45066908481303114,1.66251290034966e-19,0.45,0.4506690161987986,0.4506690161987618,1.0708375882789975e-14,2.770768923716515e-18,0.45,0.45066908481303114,0.4506690848130592,1.0708377513138633e-14,2.7707689237223844e-18,0.45000003064616745,0.4499999892458502,49.93955921448604,49.879118428972085,49.829021909150384,49.82750794015839,49.827507940210104,49.825993971166405,49.82599397126984
168.0,4.5662655146813325e-236,0.45,0.4500000099460112,3.3326558224967844e-18,5.0893802158022024e-17,2.7729766184682462e-18,2.770134717492479e-18,0.4506690161987831,0.4500000306458961,0.450669016198783,1.6625129003478993e-19,0.4506690848130466,0.4499999892461218,0.45066908481304674,1.66251290034966e-19,0.45,0.4506690161987831,0.4506690161987672,1.0708375882790054e-14,2.770768923716515e-18,0.45,0.4506690848130467,0.45066908481305534,1.0708377513138582e-14,2.770768923722384e-18,0.4500000306461675,0.4499999892458503,49.93955921448604,49.879118428972085,49.829021909150384,49.82750794015839,49.827507940210104,49.825993971166405,49.82599397126983
169.0,4.60656392689951e-239,0.45,0.4500000099460112,3.332655822496785e-18,5.089380215802203e-17,2.7729766184682462e-18,2.770134717492479e-18,0.4506690161987539,0.4500000306461872,0.4506690161987539,1.6625129003478995e-19,0.4506690848130759,0.44999998924583035,0.4506690848130759,1.66251290034966e-19,0.45,0.4506690161987539,0.45066901619876737,1.0708375882789997e-14,2.770768923716515e-18,0.45,0.4506690848130759,0.45066908481305606,1.0708377513138663e-14,2.770768923722384e-18,0.4500000306457476,0.44999998924627027,49.939559214486046,49.879118428972085,49.829021909150384,49.8275079401584,49.827507940210104,49.825993971166405,49.82599397126983
170.0,-4.6495496143708855e-239,0.45,0.4500000099460112,3.332655822496785e-18,5.089380215802203e-17,2.7729766184682462e-18,2.770134717492479e-18,0.450669016198766,0.4500000306460648,0.45066901619876604,1.6625129003478995e-19,0.4506690848130638,0.4499999892459529,0.45066908481306367,1.66251290034966e-19,0.45,0.45066901619876604,0.4506690161987651,1.0708375882789982e-14,2.770768923716515e-18,0.45,0.4506690848130637,0.4506690848130588,1.0708377513138697e-14,2.7707689237223844e-18,0.4500000306457476,0.44999998924627027,49.939559214486046,49.879118428972085,49.829021909150384,49.8275079401584,49.827507940210104,49.825993971166405,49.82599397126984
171.0,-3.655939655756132e-239,0.45,0.4500000099460112,3.332655822496785e-18,5.089380215802203e-17,2.7729766184682462e-18,2.770134717492479e-18,0.4506690161987869,0.45000003064585564,0.45066901619878696,1.6625129003478993e-19,0.4506690848130428,0.4499999892461623,0.45066908481304274,1.66251290034966e-19,0.45,0.4506690161987869,0.4506690161987666,1.0708375882790059e-14,2.770768923716515e-18,0.45,0.4506690848130428,0.45066908481305823,1.0708377513138639e-14,2.7707689237223844e-18,0.45000003064616756,0.44999998924585033,49.939559214486046,49.879118428972085,49.829021909150384,49.82750794015839,49.827507940210104,49.825993971166405,49.82599397126984
172.0,9.99895893992644e-240,0.45,0.4500000099460112,3.332655822496785e-18,5.089380215802203e-17,2.7729766184682462e-18,2.770134717492479e-18,0.4506690161987986,0.45000003064573946,0.45066901619879857,1.6625129003478993e-19,0.4506690848130311,0.44999998924627854,0.4506690848130311,1.66251290034966e-19,0.45,0.45066901619879857,0.4506690161987702,1.0708375882790157e-14,2.770768923716515e-18,0.45,0.4506690848130311,0.4506690848130556,1.0708377513138555e-14,2.7707689237223844e-18,0.45000003064616756,0.44999998924585033,49.939559214486046,49.879118428972085,49.829021909150384,49.82750794015839,49.827507940210104,49.825993971166405,49.82599397126984
173.0,2.730459126124337e-239,0.45,0.4500000099460112,3.332655822496785e-18,5.089380215802203e-17,2.7729766184682462e-18,2.770134717492479e-18,0.4506690161987831,0.45000003064589605,0.45066901619878297,1.6625129003478993e-19,0.4506690848130466,0.4499999892461218,0.45066908481304674,1.66251290034966e-19,0.45,0.450669016198783,0.45066901619877436,1.070837588279021e-14,2.770768923716515e-18,0.45,0.4506690848130467,0.45066908481305223,1.0708377513138514e-14,2.770768923722384e-18,0.45000003064616756,0.44999998924585033,49.939559214486046,49.879118428972085,49.829021909150384,49.82750794015839,49.827507940210104,49.825993971166405,49.82599397126983
174.0,2.7545560970623744e-242,0.45,0.4500000099460112,3.332655822496785e-18,5.089380215802203e-17,2.7729766184682462e-18,2.770134717492479e-18,0.45066901619878325,0.4500000306458928,0.4506690161987833,1.6625129003478993e-19,0.4506690848130464,0.4499999892461251,0.4506690848130464,1.66251290034966e-19,0.45,0.4506690161987833,0.45066901619877464,1.070837588279022e-14,2.770768923716515e-18,0.45,0.4506690848130464,0.4506690848130522,1.0708377513138516e-14,2.7707689237223844e-18,0.45000003064616756,0.44999998924585033,49.939559214486046,49.879118428972085,49.829021909150384,49.82750794015839,49.827507940210104,49.825993971166405,49.82599397126984
175.0,-2.7802599599392765e-242,0.45,0.4500000099460112,3.332655822496785e-18,5.0893802158022024e-17,2.7729766184682462e-18,2.770134717492479e-18,0.45066901619881367,0.4500000306455869,0.45066901619881383,1.6625129003478993e-19,0.450669084813016,0.4499999892464312,0.4506690848130159,1.6625129003496603e-19,0.45,0.4506690161988138,0.45066901619877525,1.07083758827903e-14,2.770768923716515e-18,0.45,0.45066908481301593,0.4506690848130518,1.0708377513138443e-14,2.7707689237223844e-18,0.4500000306465875,0.4499999892454303,49.939559214486046,49.879118428972085,49.829021909150384,49.82750794015839,49.82750794021011,49.825993971166405,49.82599397126984
176.0,-2.186117685342369e-242,0.45,0.4500000099460112,3.332655822496785e-18,5.0893802158022024e-17,2.7729766184682462e-18,2.770134717492479e-18,0.45066901619881244,0.4500000306456008,0.4506690161988125,1.6625129003478993e-19,0.45066908481301726,0.4499999892464173,0.45066908481301726,1.6625129003496603e-19,0.45,0.45066901619881244,0.4506690161987795,1.0708375882790389e-14,2.770768923716515e-18,0.45,0.45066908481301726,0.450669084813048,1.0708377513138364e-14,2.7707689237223844e-18,0.4500000306465875,0.4499999892454303,49.939559214486046,49.879118428972085,49.829021909150384,49.82750794015839,49.82750794021011,49.825993971166405,49.82599397126984
177.0,5.979010331630896e-243,0.45,0.4500000099460112,3.3326558224967844e-18,5.0893802158022024e-17,2.7729766184682462e-18,2.770134717492479e-18,0.4506690161987926,0.4500000306458008,0.4506690161987925,1.6625129003478993e-19,0.45066908481303714,0.4499999892462171,0.45066908481303725,1.66251290034966e-19,0.45,0.45066901619879257,0.4506690161987844,1.070837588279045e-14,2.770768923716515e-18,0.45,0.45066908481303714,0.45066908481304363,1.0708377513138309e-14,2.7707689237223844e-18,0.4500000306461675,0.4499999892458503,49.93955921448604,49.879118428972085,49.829021909150384,49.82750794015839,49.827507940210104,49.825993971166405,49.82599397126984
178.0,1.632714307887083e-242,0.45,0.4500000099460112,3.3326558224967844e-18,5.0893802158022024e-17,2.7729766184682462e-18,2.770134717492479e-18,0.4506690161987674,0.4500000306460534,0.45066901619876726,1.6625129003478995e-19,0.4506690848130624,0.44999998924596424,0.4506690848130625,1.66251290034966e-19,0.45,0.4506690161987673,0.4506690161987869,1.0708375882790449e-14,2.770768923716515e-18,0.45,0.45066908481306245,0.45066908481304147,1.0708377513138315e-14,2.7707689237223844e-18,0.45000003064574756,0.4499999892462702,49.93955921448604,49.879118428972085,49.829021909150384,49.8275079401584,49.827507940210104,49.825993971166405,49.82599397126984
179.0,1.6471234117820557e-245,0.45,0.4500000099460112,3.332655822496785e-18,5.0893802158022024e-17,2.7729766184682462e-18,2.770134717492479e-18,0.4506690161987559,0.4500000306461672,0.4506690161987559,1.6625129003478995e-19,0.4506690848130739,0.4499999892458502,0.4506690848130739,1.6625129003496603e-19,0.45,0.4506690161987559,0.45066901619878413,1.0708375882790368e-14,2.770768923716515e-18,0.45,0.45066908481307394,0.45066908481304424,1.0708377513138404e-14,2.7707689237223844e-18,0.4500000306461675,0.4499999892458503,49.939559214486046,49.879118428972085,49.829021909150384,49.8275079401584,49.82750794021011,49.825993971166405,49.82599397126984
180.0,-1.6624933780582672e-245,0.45,0.4500000099460112,3.332655822496785e-18,5.089380215802202e-17,2.7729766184682462e-18,2.770134717492479e-18,0.4506690161987559,0.4500000306461673,0.4506690161987558,1.6625129003478995e-19,0.45066908481307394,0.44999998924585005,0.4506690848130739,1.66251290034966e-19,0.45,0.4506690161987558,0.45066901619878,1.070837588279028e-14,2.770768923716515e-18,0.45,0.45066908481307394,0.45066908481304835,1.0708377513138495e-14,2.7707689237223844e-18,0.4500000306457475,0.44999998924627016,49.939559214486046,49.879118428972085,49.829021909150384,49.8275079401584,49.827507940210104,49.825993971166405,49.82599397126984
181.0,-1.307218111941277e-245,0.45,0.4500000099460112,3.332655822496785e-18,5.089380215802202e-17,2.7729766184682462e-18,2.770134717492479e-18,0.4506690161987558,0.4500000306461672,0.45066901619875577,1.6625129003478995e-19,0.45066908481307394,0.44999998924585005,0.45066908481307394,1.66251290034966e-19,0.45,0.4506690161987558,0.4506690161987765,1.0708375882790204e-14,2.770768923716515e-18,0.45,0.450669084813074,0.450669084813052,1.0708377513138574e-14,2.770768923722384e-18,0.4500000306457475,0.44999998924627016,49.939559214486046,49.879118428972085,49.829021909150384,49.8275079401584,49.827507940210104,49.825993971166405,49.82599397126983
182.0,3.5752286573574694e-246,0.45,0.4500000099460112,3.3326558224967844e-18,5.089380215802202e-17,2.7729766184682462e-18,2.770134717492479e-18,0.4506690161987558,0.4500000306461672,0.45066901619875577,1.6625129003478995e-19,0.45066908481307394,0.44999998924585016,0.45066908481307394,1.6625129003496603e-19,0.45,0.4506690161987558,0.4506690161987734,1.070837588279014e-14,2.770768923716515e-18,0.45,0.450669084813074,0.4506690848130552,1.0708377513138642e-14,2.770768923722384e-18,0.45000003064616745,0.4499999892458502,49.93955921448604,49.879118428972085,49.829021909150384,49.8275079401584,49.82750794021011,49.825993971166405,49.82599397126983
183.0,9.763032105755149e-246,0.45,0.4500000099460112,3.3326558224967844e-18,5.089380215802202e-17,2.7729766184682462e-18,2.770134717492479e-18,0.4506690161987558,0.45000003064616717,0.4506690161987558,1.6625129003478995e-19,0.45066908481307394,0.44999998924585016,0.45066908481307394,1.66251290034966e-19,0.45,0.4506690161987558,0.45066901619877064,1.0708375882790084e-14,2.770768923716515e-18,0.45,0.45066908481307394,0.4506690848130578,1.07083775131387e-14,2.770768923722384e-18,0.4500000306457475,0.44999998924627016,49.93955921448604,49.879118428972085,49.829021909150384,49.8275079401584,49.827507940210104,49.825993971166405,49.82599397126983
184.0,9.849193256713153e-249,0.45,0.4500000099460112,3.332655822496785e-18,5.0893802158022024e-17,2.7729766184682462e-18,2.770134717492479e-18,0.45066901619878313,0.4500000306458929,0.45066901619878325,1.6625129003478993e-19,0.4506690848130465,0.44999998924612483,0.4506690848130465,1.66251290034966e-19,0.45,0.4506690161987832,0.4506690161987684,1.0708375882790092e-14,2.770768923716515e-18,0.45,0.45066908481304646,0.45066908481306045,1.0708377513138696e-14,2.7707689237223844e-18,0.4500000306461675,0.4499999892458503,49.939559214486046,49.879118428972085,49.829021909150384,49.82750794015839,49.827507940210104,49.825993971166405,49.82599397126984
185.0,-9.941100011920896e-249,0.45,0.4500000099460112,3.332655822496785e-18,5.0893802158022024e-17,2.7729766184682462e-18,2.770134717492479e-18,0.4506690161988137,0.4500000306455867,0.45066901619881383,1.6625129003478993e-19,0.4506690848130159,0.4499999892464315,0.4506690848130159,1.66251290034966e-19,0.45,0.4506690161988138,0.45066901619877037,1.0708375882790191e-14,2.770768923716515e-18,0.45,0.4506690848130159,0.4506690848130591,1.0708377513138598e-14,2.7707689237223844e-18,0.4500000306461675,0.4499999892458503,49.939559214486046,49.879118428972085,49.829021909150384,49.82750794015839,49.827507940210104,49.825993971166405,49.82599397126984
186.0,-7.816684360800612e-249,0.45,0.4500000099460112,3.332655822496785e-18,5.0893802158022024e-17,2.7729766184682462e-18,2.770134717492479e-18,0.45066901619881244,0.4500000306456006,0.4506690161988125,1.6625129003478993e-19,0.4506690848130172,0.4499999892464175,0.4506690848130172,1.66251290034966e-19,0.45,0.45066901619881244,0.4506690161987754,1.0708375882790296e-14,2.770768923716515e-18,0.45,0.4506690848130172,0.4506690848130543,1.0708377513138495e-14,2.7707689237223844e-18,0.4500000306461675,0.4499999892458503,49.939559214486046,49.879118428972085,49.829021909150384,49.82750794015839,49.827507940210104,49.825993971166405,49.82599397126984
187.0,2.137855471628235e-249,0.45,0.4500000099460112,3.332655822496785e-18,5.0893802158022024e-17,2.7729766184682462e-18,2.770134717492479e-18,0.45066901619879257,0.45000003064580085,0.4506690161987925,1.6625129003478993e-19,0.4506690848130372,0.449999989246217,0.45066908481303725,1.66251290034966e-19,0.45,0.45066901619879257,0.45066901619878086,1.070837588279037e-14,2.770768923716515e-18,0.45,0.45066908481303725,0.45066908481304885,1.0708377513138423e-14,2.7707689237223844e-18,0.4500000306461675,0.4499999892458503,49.939559214486046,49.879118428972085,49.829021909150384,49.82750794015839,49.827507940210104,49.825993971166405,49.82599397126984
188.0,5.837934746919918e-249,0.45,0.4500000099460112,3.3326558224967844e-18,5.089380215802202e-17,2.7729766184682462e-18,2.770134717492479e-18,0.45066901619876737,0.45000003064605343,0.45066901619876726,1.6625129003478995e-19,0.45066908481306245,0.449999989245964,0.4506690848130625,1.66251290034966e-19,0.45,0.4506690161987673,0.450669016198784,1.070837588279038e-14,2.770768923716515e-18,0.45,0.4506690848130625,0.45066908481304596,1.0708377513138413e-14,2.770768923722384e-18,0.4500000306457475,0.44999998924627016,49.93955921448604,49.879118428972085,49.829021909150384,49.8275079401584,49.827507940210104,49.825993971166405,49.82599397126983
189.0,5.889455951756423e-252,0.45,0.4500000099460112,3.332655822496785e-18,5.0893802158022024e-17,2.7729766184682462e-18,2.770134717492479e-18,0.45066901619878774,0.45000003064584804,0.45066901619878774,1.6625129003478993e-19,0.450669084813042,0.44999998924616963,0.450669084813042,1.66251290034966e-19,0.45,0.45066901619878774,0.4506690161987846,1.0708375882790442e-14,2.770768923716515e-18,0.45,0.45066908481304196,0.45066908481304513,1.0708377513138353e-14,2.7707689237223844e-18,0.4500000306461675,0.4499999892458503,49.939559214486046,49.879118428972085,49.829021909150384,49.82750794015839,49.827507940210104,49.825993971166405,49.82599397126984
190.0,-5.944412816989615e-252,0.45,0.4500000099460112,3.332655822496785e-18,5.0893802158022024e-17,2.7729766184682462e-18,2.770134717492479e-18,0.45066901619879135,0.4500000306458116,0.4506690161987914,1.6625129003478993e-19,0.45066908481303836,0.44999998924620643,0.45066908481303836,1.66251290034966e-19,0.45,0.45066901619879135,0.450669016198784,1.0708375882790449e-14,2.770768923716515e-18,0.45,0.4506690848130383,0.4506690848130451,1.0708377513138349e-14,2.7707689237223844e-18,0.4500000306461675,0.4499999892458503,49.939559214486046,49.879118428972085,49.829021909150384,49.82750794015839,49.827507940210104,49.825993971166405,49.82599397126984
191.0,-4.674090256107097e-252,0.45,0.4500000099460112,3.3326558224967844e-18,5.089380215802202e-17,2.7729766184682462e-18,2.770134717492479e-18,0.45066901619874655,0.4500000306462604,0.45066901619874655,1.6625129003478993e-19,0.45066908481308315,0.44999998924575757,0.4506690848130832,1.66251290034966e-19,0.45,0.45066901619874655,0.45066901619878047,1.0708375882790275e-14,2.770768923716515e-18,0.45,0.45066908481308315,0.4506690848130486,1.0708377513138522e-14,2.770768923722384e-18,0.45000003064616745,0.4499999892458502,49.93955921448604,49.879118428972085,49.829021909150384,49.82750794015839,49.827507940210104,49.825993971166405,49.82599397126983
192.0,1.2783590800996762e-252,0.45,0.4500000099460112,3.3326558224967844e-18,5.089380215802201e-17,2.7729766184682462e-18,2.770134717492479e-18,0.45066901619870925,0.4500000306466343,0.45066901619870914,1.6625129003478995e-19,0.45066908481312057,0.44999998924538337,0.45066908481312057,1.66251290034966e-19,0.45,0.4506690161987092,0.4506690161987743,1.070837588279006e-14,2.770768923716515e-18,0.45,0.45066908481312057,0.4506690848130549,1.0708377513138738e-14,2.770768923722384e-18,0.45000003064574745,0.4499999892462701,49.93955921448604,49.879118428972085,49.829021909150384,49.8275079401584,49.827507940210104,49.825993971166405,49.82599397126983
193.0,3.4908706373263377e-252,0.45,0.4500000099460112,3.3326558224967844e-18,5.0893802158022005e-17,2.7729766184682462e-18,2.770134717492479e-18,0.45066901619873506,0.45000003064637345,0.4506690161987352,1.6625129003478995e-19,0.4506690848130947,0.449999989245644,0.4506690848130946,1.66251290034966e-19,0.45,0.4506690161987351,0.450669016198766,1.0708375882789939e-14,2.770768923716515e-18,0.45,0.45066908481309464,0.450669084813063,1.0708377513138858e-14,2.770768923722384e-18,0.4500000306457474,0.44999998924627005,49.93955921448604,49.879118428972085,49.829021909150384,49.8275079401584,49.827507940210104,49.825993971166405,49.82599397126983
194.0,3.521678426200532e-255,0.45,0.4500000099460112,3.332655822496785e-18,5.089380215802202e-17,2.7729766184682462e-18,2.770134717492479e-18,0.45066901619876726,0.45000003064605176,0.45066901619876737,1.6625129003478995e-19,0.4506690848130625,0.4499999892459656,0.4506690848130624,1.66251290034966e-19,0.45,0.45066901619876737,0.4506690161987612,1.0708375882789903e-14,2.770768923716515e-18,0.45,0.45066908481306245,0.450669084813068,1.0708377513138896e-14,2.7707689237223844e-18,0.4500000306457475,0.44999998924627016,49.939559214486046,49.879118428972085,49.829021909150384,49.8275079401584,49.827507940210104,49.825993971166405,49.82599397126984
195.0,-3.5545406138539722e-255,0.45,0.4500000099460112,3.332655822496785e-18,5.089380215802203e-17,2.7729766184682462e-18,2.770134717492479e-18,0.4506690161987541,0.4500000306461866,0.45066901619875394,1.6625129003478995e-19,0.45066908481307566,0.4499999892458309,0.45066908481307577,1.6625129003496603e-19,0.45,0.45066901619875405,0.4506690161987631,1.0708375882789907e-14,2.770768923716515e-18,0.45,0.4506690848130757,0.45066908481306667,1.0708377513138893e-14,2.7707689237223844e-18,0.45000003064616756,0.44999998924585033,49.939559214486046,49.879118428972085,49.829021909150384,49.8275079401584,49.82750794021011,49.825993971166405,49.82599397126984
196.0,-2.7949343626786523e-255,0.45,0.4500000099460112,3.332655822496785e-18,5.089380215802203e-17,2.7729766184682462e-18,2.770134717492479e-18,0.4506690161987795,0.4500000306459309,0.45066901619877947,1.6625129003478995e-19,0.4506690848130502,0.44999998924608686,0.4506690848130502,1.66251290034966e-19,0.45,0.4506690161987795,0.4506690161987654,1.0708375882790016e-14,2.770768923716515e-18,0.45,0.4506690848130502,0.450669084813064,1.0708377513138782e-14,2.7707689237223844e-18,0.4500000306457476,0.44999998924627027,49.939559214486046,49.879118428972085,49.829021909150384,49.8275079401584,49.827507940210104,49.825993971166405,49.82599397126984
197.0,7.644117946042562e-256,0.45,0.4500000099460112,3.3326558224967844e-18,5.089380215802203e-17,2.7729766184682462e-18,2.770134717492479e-18,0.4506690161987993,0.4500000306457317,0.4506690161987994,1.6625129003478993e-19,0.45066908481303036,0.44999998924628637,0.4506690848130303,1.66251290034966e-19,0.45,0.45066901619879934,0.45066901619876815,1.0708375882790128e-14,2.770768923716515e-18,0.45,0.4506690848130303,0.45066908481306056,1.070837751313867e-14,2.770768923722384e-18,0.45000003064616756,0.44999998924585033,49.93955921448604,49.879118428972085,49.829021909150384,49.82750794015839,49.827507940210104,49.825993971166405,49.82599397126983
198.0,2.087412472872485e-255,0.45,0.4500000099460112,3.3326558224967844e-18,5.089380215802203e-17,2.7729766184682462e-18,2.770134717492479e-18,0.45066901619876903,0.45000003064603583,0.45066901619876903,1.6625129003478993e-19,0.4506690848130606,0.44999998924598233,0.45066908481306067,1.66251290034966e-19,0.45,0.450669016198769,0.45066901619877126,1.0708375882790141e-14,2.770768923716515e-18,0.45,0.4506690848130606,0.45066908481305684,1.0708377513138658e-14,2.770768923722384e-18,0.45000003064616756,0.44999998924585033,49.93955921448604,49.879118428972085,49.829021909150384,49.82750794015839,49.827507940210104,49.825993971166405,49.82599397126983
199.0,2.105834399504607e-258,0.45,0.4500000099460112,3.332655822496785e-18,5.089380215802203e-17,2.7729766184682462e-18,2.770134717492479e-18,0.4506690161987712,0.4500000306460132,0.45066901619877126,1.6625129003478993e-19,0.4506690848130585,0.4499999892460048,0.45066908481305845,1.66251290034966e-19,0.45,0.4506690161987712,0.4506690161987713,1.0708375882790133e-14,2.770768923716515e-18,0.45,0.45066908481305845,0.4506690848130577,1.0708377513138666e-14,2.7707689237223844e-18,0.45000003064616756,0.44999998924585033,49.939559214486046,49.879118428972085,49.829021909150384,49.82750794015839,49.827507940210104,49.825993971166405,49.82599397126984
200.0,-2.1254847811773757e-258,0.45,0.4500000099460112,3.3326558224967844e-18,5.0893802158022024e-17,2.7729766184682462e-18,2.770134717492479e-18,0.45066901619881744,0.45000003064554783,0.45066901619881766,1.6625129003478993e-19,0.45066908481301227,0.4499999892464699,0.45066908481301204,1.6625129003496603e-19,0.45,0.45066901619881755,0.450669016198771,1.0708375882790207e-14,2.770768923716515e-18,0.45,0.45066908481301216,0.4506690848130593,1.0708377513138593e-14,2.7707689237223844e-18,0.4500000306465875,0.4499999892454303,49.93955921448604,49.879118428972085,49.829021909150384,49.82750794015839,49.82750794021011,49.825993971166405,49.82599397126984
201.0,-1.67126813212078e-258,0.45,0.4500000099460112,3.3326558224967844e-18,5.0893802158022024e-17,2.7729766184682462e-18,2.770134717492479e-18,0.45066901619879235,0.45000003064580113,0.4506690161987924,1.6625129003478993e-19,0.4506690848130374,0.4499999892462164,0.45066908481303736,1.6625129003496603e-19,0.45,0.45066901619879235,0.4506690161987732,1.0708375882790201e-14,2.770768923716515e-18,0.45,0.45066908481303736,0.45066908481305706,1.07083775131386e-14,2.7707689237223844e-18,0.4500000306465875,0.4499999892454303,49.93955921448604,49.879118428972085,49.829021909150384,49.82750794015839,49.82750794021011,49.825993971166405,49.82599397126984
202.0,4.570901875902864e-259,0.45,0.4500000099460112,3.3326558224967844e-18,5.089380215802203e-17,2.7729766184682462e-18,2.770134717492479e-18,0.4506690161987469,0.4500000306462591,0.4506690161987467,1.6625129003478995e-19,0.45066908481308293,0.44999998924575835,0.4506690848130831,1.6625129003496603e-19,0.45,0.4506690161987468,0.450669016198775,1.0708375882790147e-14,2.770768923716515e-18,0.45,0.450669084813083,0.4506690848130549,1.0708377513138653e-14,2.7707689237223844e-18,0.45000003064616756,0.44999998924585033,49.93955921448604,49.879118428972085,49.829021909150384,49.8275079401584,49.82750794021011,49.825993971166405,49.82599397126984
203.0,1.248196018871695e-258,0.45,0.4500000099460112,3.3326558224967844e-18,5.089380215802203e-17,2.7729766184682462e-18,2.770134717492479e-18,0.45066901619873195,0.45000003064640776,0.45066901619873184,1.6625129003478995e-19,0.45066908481309786,0.4499999892456097,0.450669084813098,1.66251290034966e-19,0.45,0.45066901619873184,0.45066901619877336,1.0708375882790081e-14,2.770768923716515e-18,0.45,0.4506690848130979,0.45066908481305656,1.0708377513138721e-14,2.770768923722384e-18,0.4500000306457476,0.44999998924627027,49.93955921448604,49.879118428972085,49.829021909150384,49.8275079401584,49.827507940210104,49.825993971166405,49.82599397126983
204.0,1.259211654632459e-261,0.45,0.4500000099460112,3.332655822496785e-18,5.0893802158022024e-17,2.7729766184682462e-18,2.770134717492479e-18,0.45066901619878513,0.4500000306458731,0.45066901619878524,1.6625129003478993e-19,0.45066908481304463,0.4499999892461447,0.4506690848130445,1.66251290034966e-19,0.45,0.4506690161987852,0.4506690161987698,1.0708375882790119e-14,2.770768923716515e-18,0.45,0.4506690848130446,0.4506690848130601,1.0708377513138681e-14,2.7707689237223844e-18,0.4500000306461675,0.4499999892458503,49.939559214486046,49.879118428972085,49.829021909150384,49.82750794015839,49.827507940210104,49.825993971166405,49.82599397126984
205.0,-1.2709618614037732e-261,0.45,0.4500000099460112,3.332655822496785e-18,5.0893802158022024e-17,2.7729766184682462e-18,2.770134717492479e-18,0.4506690161988037,0.4500000306456892,0.4506690161988037,1.6625129003478993e-19,0.4506690848130261,0.4499999892463287,0.45066908481302603,1.6625129003496603e-19,0.45,0.4506690161988037,0.45066901619877114,1.0708375882790195e-14,2.770768923716515e-18,0.45,0.45066908481302603,0.4506690848130583,1.0708377513138606e-14,2.7707689237223844e-18,0.4500000306465875,0.4499999892454303,49.939559214486046,49.879118428972085,49.829021909150384,49.82750794015839,49.82750794021011,49.825993971166405,49.82599397126984
206.0,-9.993569819532702e-262,0.45,0.4500000099460112,3.332655822496785e-18,5.0893802158022024e-17,2.7729766184682462e-18,2.770134717492479e-18,0.45066901619878147,0.45000003064591226,0.4506690161987814,1.6625129003478993e-19,0.4506690848130483,0.44999998924610535,0.45066908481304835,1.6625129003496603e-19,0.45,0.4506690161987814,0.45066901619877314,1.070837588279019e-14,2.770768923716515e-18,0.45,0.45066908481304835,0.4506690848130563,1.070837751313861e-14,2.770768923722384e-18,0.4500000306465875,0.4499999892454303,49.939559214486046,49.879118428972085,49.829021909150384,49.82750794015839,49.82750794021011,49.825993971166405,49.82599397126983
207.0,2.7332314999091435e-262,0.45,0.4500000099460112,3.3326558224967844e-18,5.089380215802202e-17,2.7729766184682462e-18,2.770134717492479e-18,0.45066901619874983,0.4500000306462286,0.4506690161987497,1.6625129003478995e-19,0.45066908481307993,0.4499999892457886,0.45066908481308005,1.66251290034966e-19,0.45,0.4506690161987498,0.4506690161987739,1.0708375882790138e-14,2.770768923716515e-18,0.45,0.45066908481308005,0.4506690848130555,1.0708377513138663e-14,2.770768923722384e-18,0.4500000306457475,0.44999998924627016,49.93955921448604,49.879118428972085,49.829021909150384,49.8275079401584,49.827507940210104,49.825993971166405,49.82599397126983
208.0,7.46375391435729e-262,0.45,0.4500000099460112,3.3326558224967844e-18,5.089380215802201e-17,2.7729766184682462e-18,2.770134717492479e-18,0.4506690161987401,0.45000003064632466,0.45066901619874006,1.6625129003478995e-19,0.4506690848130897,0.44999998924569246,0.4506690848130897,1.66251290034966e-19,0.45,0.4506690161987401,0.45066901619877175,1.0708375882790073e-14,2.770768923716515e-18,0.45,0.4506690848130897,0.45066908481305756,1.0708377513138729e-14,2.770768923722384e-18,0.45000003064574745,0.4499999892462701,49.93955921448604,49.879118428972085,49.829021909150384,49.8275079401584,49.827507940210104,49.825993971166405,49.82599397126983
209.0,7.529623371785813e-265,0.45,0.4500000099460112,3.332655822496785e-18,5.089380215802202e-17,2.7729766184682462e-18,2.770134717492479e-18,0.4506690161987852,0.45000003064587296,0.45066901619878524,1.6625129003478993e-19,0.4506690848130446,0.44999998924614476,0.4506690848130445,1.6625129003496603e-19,0.45,0.4506690161987852,0.4506690161987692,1.0708375882790112e-14,2.770768923716515e-18,0.45,0.4506690848130446,0.4506690848130603,1.070837751313869e-14,2.7707689237223844e-18,0.45000003064658745,0.4499999892454302,49.939559214486046,49.879118428972085,49.829021909150384,49.82750794015839,49.82750794021011,49.825993971166405,49.82599397126984
210.0,-7.599885294158523e-265,0.45,0.4500000099460112,3.332655822496785e-18,5.0893802158022024e-17,2.7729766184682462e-18,2.770134717492479e-18,0.4506690161988036,0.45000003064568933,0.4506690161988036,1.6625129003478993e-19,0.4506690848130261,0.44999998924632867,0.4506690848130261,1.66251290034966e-19,0.45,0.45066901619880356,0.4506690161987712,1.070837588279019e-14,2.770768923716515e-18,0.45,0.45066908481302614,0.4506690848130587,1.0708377513138612e-14,2.7707689237223844e-18,0.4500000306461675,0.4499999892458503,49.939559214486046,49.879118428972085,49.829021909150384,49.82750794015839,49.827507940210104,49.825993971166405,49.82599397126984
211.0,-5.975787835500189e-265,0.45,0.4500000099460112,3.332655822496785e-18,5.0893802158022024e-17,2.7729766184682462e-18,2.770134717492479e-18,0.45066901619878136,0.4500000306459124,0.4506690161987813,1.6625129003478993e-19,0.45066908481304835,0.44999998924610535,0.4506690848130484,1.6625129003496603e-19,0.45,0.4506690161987813,0.4506690161987731,1.0708375882790185e-14,2.770768923716515e-18,0.45,0.4506690848130484,0.45066908481305656,1.0708377513138617e-14,2.7707689237223844e-18,0.4500000306465875,0.4499999892454303,49.939559214486046,49.879118428972085,49.829021909150384,49.82750794015839,49.82750794021011,49.825993971166405,49.82599397126984
212.0,1.6343720856223765e-265,0.45,0.4500000099460112,3.332655822496785e-18,5.089380215802202e-17,2.7729766184682462e-18,2.770134717492479e-18,0.4506690161987498,0.4500000306462287,0.4506690161987497,1.6625129003478995e-19,0.45066908481308,0.4499999892457887,0.45066908481308005,1.6625129003496603e-19,0.45,0.4506690161987497,0.4506690161987736,1.0708375882790135e-14,2.770768923716515e-18,0.45,0.45066908481308005,0.4506690848130557,1.0708377513138667e-14,2.7707689237223844e-18,0.45000003064616745,0.4499999892458502,49.939559214486046,49.879118428972085,49.829021909150384,49.8275079401584,49.82750794021011,49.825993971166405,49.82599397126984
213.0,4.463050807070648e-265,0.45,0.4500000099460112,3.332655822496785e-18,5.089380215802202e-17,2.7729766184682462e-18,2.770134717492479e-18,0.45066901619874006,0.4500000306463247,0.45066901619874006,1.6625129003478995e-19,0.4506690848130897,0.44999998924569257,0.4506690848130897,1.6625129003496603e-19,0.45,0.4506690161987401,0.45066901619877126,1.0708375882790068e-14,2.770768923716515e-18,0.45,0.4506690848130897,0.4506690848130576,1.0708377513138734e-14,2.770768923722384e-18,0.45000003064616745,0.4499999892458502,49.939559214486046,49.879118428972085,49.829021909150384,49.8275079401584,49.82750794021011,49.825993971166405,49.82599397126983
214.0,4.5024383241994104e-268,0.45,0.4500000099460112,3.3326558224967844e-18,5.0893802158022024e-17,2.7729766184682462e-18,2.770134717492479e-18,0.45066901619878513,0.45000003064587296,0.45066901619878524,1.6625129003478993e-19,0.4506690848130446,0.44999998924614476,0.4506690848130445,1.66251290034966e-19,0.45,0.4506690161987852,0.450669016198769,1.0708375882790108e-14,2.770768923716515e-18,0.45,0.4506690848130446,0.45066908481306045,1.0708377513138694e-14,2.7707689237223844e-18,0.4500000306461675,0.4499999892458503,49.93955921448604,49.879118428972085,49.829021909150384,49.82750794015839,49.827507940210104,49.825993971166405,49.82599397126984
215.0,-4.5444523740930924e-268,0.45,0.4500000099460112,3.3326558224967844e-18,5.0893802158022024e-17,2.7729766184682462e-18,2.770134717492479e-18,0.4506690161988036,0.4500000306456893,0.4506690161988036,1.6625129003478993e-19,0.4506690848130261,0.44999998924632867,0.45066908481302614,1.66251290034966e-19,0.45,0.4506690161988036,0.45066901619877114,1.0708375882790185e-14,2.770768923716515e-18,0.45,0.4506690848130261,0.45066908481305895,1.0708377513138615e-14,2.7707689237223844e-18,0.4500000306461675,0.4499999892458503,49.93955921448604,49.879118428972085,49.829021909150384,49.82750794015839,49.827507940210104,49.825993971166405,49.82599397126984
216.0,-3.573301722986352e-268,0.45,0.4500000099460112,3.3326558224967844e-18,5.0893802158022024e-17,2.7729766184682462e-18,2.770134717492479e-18,0.4506690161987814,0.4500000306459123,0.45066901619878136,1.6625129003478993e-19,0.45066908481304835,0.44999998924610535,0.4506690848130484,1.66251290034966e-19,0.45,0.45066901619878136,0.45066901619877314,1.0708375882790182e-14,2.770768923716515e-18,0.45,0.45066908481304835,0.45066908481305684,1.0708377513138618e-14,2.7707689237223844e-18,0.4500000306461675,0.4499999892458503,49.93955921448604,49.879118428972085,49.829021909150384,49.82750794015839,49.827507940210104,49.825993971166405,49.82599397126984
217.0,9.772945007955762e-269,0.45,0.4500000099460112,3.332655822496785e-18,5.089380215802202e-17,2.7729766184682462e-18,2.770134717492479e-18,0.4506690161987498,0.4500000306462286,0.4506690161987498,1.6625129003478995e-19,0.45066908481308,0.44999998924578866,0.45066908481308,1.66251290034966e-19,0.45,0.4506690161987498,0.45066901619877375,1.0708375882790131e-14,2.770768923716515e-18,0.45,0.45066908481308,0.4506690848130559,1.070837751313867e-14,2.7707689237223844e-18,0.4500000306457475,0.44999998924627016,49.939559214486046,49.879118428972085,49.829021909150384,49.8275079401584,49.827507940210104,49.825993971166405,49.82599397126984
218.0,2.668740520528649e-268,0.45,0.4500000099460112,3.332655822496785e-18,5.089380215802202e-17,2.7729766184682462e-18,2.770134717492479e-18,0.45066901619874006,0.45000003064632466,0.45066901619874006,1.6625129003478995e-19,0.4506690848130897,0.4499999892456925,0.45066908481308965,1.66251290034966e-19,0.45,0.4506690161987401,0.4506690161987716,1.0708375882790067e-14,2.770768923716515e-18,0.45,0.4506690848130897,0.45066908481305784,1.0708377513138735e-14,2.7707689237223844e-18,0.4500000306457475,0.44999998924627016,49.939559214486046,49.879118428972085,49.829021909150384,49.8275079401584,49.827507940210104,49.825993971166405,49.82599397126984
219.0,2.6922928096493057e-271,0.45,0.4500000099460112,3.332655822496785e-18,5.0893802158022024e-17,2.7729766184682462e-18,2.770134717492479e-18,0.45066901619875577,0.45000003064616745,0.4506690161987558,1.6625129003478995e-19,0.450669084813074,0.44999998924585,0.450669084813074,1.6625129003496603e-19,0.45,0.45066901619875577,0.4506690161987679,1.0708375882790018e-14,2.770768923716515e-18,0.45,0.450669084813074,0.4506690848130618,1.0708377513138784e-14,2.7707689237223844e-18,0.4500000306461675,0.4499999892458503,49.939559214486046,49.879118428972085,49.829021909150384,49.8275079401584,49.82750794021011,49.825993971166405,49.82599397126984
220.0,-2.717415668928699e-271,0.45,0.4500000099460112,3.332655822496785e-18,5.089380215802203e-17,2.7729766184682462e-18,2.770134717492479e-18,0.4506690161987559,0.4500000306461671,0.4506690161987559,1.6625129003478995e-19,0.4506690848130739,0.4499999892458504,0.45066908481307394,1.66251290034966e-19,0.45,0.4506690161987559,0.4506690161987661,1.070837588278998e-14,2.770768923716515e-18,0.45,0.45066908481307394,0.45066908481306356,1.0708377513138822e-14,2.7707689237223844e-18,0.4500000306457476,0.44999998924627027,49.939559214486046,49.879118428972085,49.829021909150384,49.8275079401584,49.827507940210104,49.825993971166405,49.82599397126984
221.0,-2.1367032356216137e-271,0.45,0.4500000099460112,3.332655822496785e-18,5.089380215802203e-17,2.7729766184682462e-18,2.770134717492479e-18,0.4506690161987559,0.45000003064616717,0.4506690161987558,1.6625129003478995e-19,0.4506690848130739,0.4499999892458504,0.45066908481307394,1.66251290034966e-19,0.45,0.4506690161987559,0.4506690161987645,1.0708375882789948e-14,2.770768923716515e-18,0.45,0.45066908481307394,0.45066908481306495,1.0708377513138853e-14,2.770768923722384e-18,0.4500000306457476,0.44999998924627027,49.939559214486046,49.879118428972085,49.829021909150384,49.8275079401584,49.827507940210104,49.825993971166405,49.82599397126983
222.0,5.8438622984793436e-272,0.45,0.4500000099460112,3.332655822496785e-18,5.089380215802203e-17,2.7729766184682462e-18,2.770134717492479e-18,0.4506690161987558,0.45000003064616734,0.45066901619875577,1.6625129003478993e-19,0.45066908481307394,0.4499999892458502,0.45066908481307394,1.66251290034966e-19,0.45,0.45066901619875577,0.450669016198763,1.070837588278992e-14,2.770768923716515e-18,0.45,0.45066908481307394,0.4506690848130661,1.0708377513138882e-14,2.770768923722384e-18,0.45000003064616756,0.44999998924585033,49.939559214486046,49.879118428972085,49.829021909150384,49.82750794015839,49.827507940210104,49.825993971166405,49.82599397126983
223.0,1.5958088477573156e-271,0.45,0.4500000099460112,3.332655822496785e-18,5.0893802158022024e-17,2.7729766184682462e-18,2.770134717492479e-18,0.45066901619875577,0.45000003064616734,0.45066901619875577,1.6625129003478993e-19,0.450669084813074,0.44999998924585005,0.45066908481307394,1.66251290034966e-19,0.45,0.45066901619875577,0.4506690161987616,1.0708375882789896e-14,2.770768923716515e-18,0.45,0.45066908481307394,0.45066908481306706,1.0708377513138905e-14,2.770768923722384e-18,0.4500000306461675,0.4499999892458503,49.939559214486046,49.879118428972085,49.829021909150384,49.82750794015839,49.827507940210104,49.825993971166405,49.82599397126983
224.0,1.4618464498623593e-282,0.45,0.45000000994601586,3.332655822496785e-18,5.0893802158035336e-17,2.7729766184682462e-18,2.770134717492479e-18,0.4506690161987458,0.45000003064628025,0.450669016198745,1.6625129003478995e-19,0.4506690848130613,0.44999998924597095,0.45066908481306167,1.66251290034966e-19,0.45,0.4506690161987454,0.4506690161987625,1.070837588278988e-14,2.770768923716515e-18,0.45,0.45066908481306145,0.4506690848130692,1.0708377513138915e-14,2.770768923722384e-18,0.45000003064586525,0.4499999892463879,49.939559214486046,49.879118428972085,49.829021909150384,49.8275079401584,49.827507940210104,49.825993971166405,49.82599397126983
225.0,3.9555785478678275e-305,0.45,0.45000000994601885,3.332655822496785e-18,5.089380215804713e-17,2.7729766184682462e-18,2.770134717492479e-18,0.4506690161987341,0.4500000306463746,0.45066901619873456,1.6625129003478995e-19,0.4506690848130577,0.4499999892460684,0.45066908481305423,1.66251290034966e-19,0.45,0.45066901619873423,0.4506690161987506,1.0708375882789597e-14,2.770768923716515e-18,0.45,0.45066908481305606,0.45066908481305656,1.0708377513138634e-14,2.770768923722384e-18,0.45000003064596955,0.4499999892464922,49.939559214486046,49.879118428972085,49.829021909150384,49.8275079401584,49.827507940210104,49.825993971166405,49.82599397126983
226.0,1.4456784845048928e-307,0.45,0.45000000994601635,3.3326558224967844e-18,5.089380215801841e-17,2.772976618468246e-18,2.770134717492479e-18,0.4506690161987737,0.4500000306459736,0.4506690161987747,1.6625129003478993e-19,0.4506690848130611,0.4499999892459889,0.45066908481306045,1.66251290034966e-19,0.45,0.4506690161987742,0.4506690161987409,1.070837588278947e-14,2.770768923716515e-18,0.45,0.4506690848130608,0.45066908481306406,1.0708377513138805e-14,2.770768923722384e-18,0.4500000306461356,0.44999998924581835,49.93955921448604,49.879118428972085,49.829021909150384,49.82750794015839,49.827507940210104,49.825993971166405,49.82599397126983
227.0,-4.820927639690312e-308,0.45,0.450000009946011,3.3326558224967844e-18,5.0893802158031644e-17,2.7729766184682462e-18,2.770134717492479e-18,0.45066901619869065,0.4500000306468268,0.45066901619869015,1.6625129003478995e-19,0.4506690848131215,0.4499999892453687,0.4506690848131219,1.66251290034966e-19,0.45,0.4506690161986904,0.4506690161987416,1.0708375882789303e-14,2.770768923716515e-18,0.45,0.45066908481312173,0.4506690848130681,1.0708377513139011e-14,2.7707689237223844e-18,0.4500000306458326,0.44999998924635526,49.93955921448604,49.879118428972085,49.829021909150384,49.8275079401584,49.827507940210104,49.825993971166405,49.82599397126984
228.0,-6.626861005129824e-308,0.45,0.4500000099460086,3.3326558224967844e-18,5.089380215802431e-17,2.7729766184682462e-18,2.770134717492479e-18,0.4506690161986914,0.4500000306468211,0.45066901619869076,1.6625129003478993e-19,0.4506690848131422,0.4499999892451597,0.4506690848131428,1.6625129003496598e-19,0.45,0.45066901619869104,0.4506690161987442,1.0708375882789341e-14,2.770768923716515e-18,0.45,0.4506690848131425,0.4506690848130672,1.070837751313899e-14,2.770768923722384e-18,0.45000003064576777,0.4499999892462904,49.93955921448604,49.879118428972085,49.829021909150384,49.82750794015839,49.8275079402101,49.825993971166405,49.82599397126983
229.0,-4.5354220247463e-309,0.45,0.45000000994600503,3.3326558224967844e-18,5.0893802157991985e-17,2.772976618468246e-18,2.7701347174924777e-18,0.4506690161986773,0.4500000306469554,0.4506690161986771,1.6625129003478986e-19,0.45066908481323187,0.44999998924426604,0.4506690848132322,1.6625129003496594e-19,0.45,0.45066901619867716,0.45066901619874417,1.0708375882789264e-14,2.770768923716514e-18,0.45,0.45066908481323203,0.4506690848130734,1.0708377513139216e-14,2.770768923722383e-18,0.4500000306459019,0.44999998924558465,49.93955921448604,49.879118428972085,49.82902190915036,49.82750794015837,49.82750794021009,49.82599397116639,49.82599397126981
230.0,4.2065018170702325e-308,0.45,0.45000000994599637,3.3326558224967844e-18,5.089380215793023e-17,2.7729766184682454e-18,2.7701347174924765e-18,0.45066901619854977,0.4500000306482284,0.45066901619854977,1.6625129003478979e-19,0.4506690848134991,0.44999998924159174,0.4506690848134996,1.6625129003496586e-19,0.45,0.45066901619854977,0.4506690161987369,1.0708375882788753e-14,2.770768923716513e-18,0.45,0.4506690848134993,0.4506690848130987,1.0708377513140161e-14,2.7707689237223817e-18,0.4500000306453559,0.44999998924503865,49.93955921448604,49.87911842897208,49.82902190915034,49.82750794015835,49.82750794021007,49.825993971166376,49.82599397126979
231.0,8.6446265432476e-311,0.45,0.45000000994598993,3.3326558224967844e-18,5.089380215789652e-17,2.772976618468246e-18,2.7701347174924757e-18,0.4506690161984109,0.4500000306496224,0.4506690161984105,1.6625129003478976e-19,0.4506690848137098,0.4499999892394846,0.4506690848137103,1.6625129003496586e-19,0.45,0.45066901619841065,0.45066901619870775,1.0708375882787793e-14,2.7707689237165126e-18,0.45,0.45066908481371004,0.4506690848131576,1.0708377513141818e-14,2.7707689237223817e-18,0.4500000306454778,0.44999998924432055,49.93955921448604,49.879118428972085,49.82902190915033,49.82750794015834,49.82750794021007,49.82599397116637,49.82599397126979
232.0,-2.8827377240035e-311,0.45,0.4500000099460177,3.332655822496785e-18,5.089380215805794e-17,2.7729766184682466e-18,2.77013471749248e-18,0.45066901619887995,0.4500000306449099,0.45066901619888106,1.6625129003479003e-19,0.4506690848128657,0.4499999892479606,0.4506690848128638,1.6625129003496608e-19,0.45,0.45066901619888056,0.45066901619866295,1.0708375882788077e-14,2.770768923716516e-18,0.45,0.45066908481286483,0.45066908481320045,1.0708377513141466e-14,2.770768923722385e-18,0.45000003064606514,0.4499999892465878,49.939559214486046,49.87911842897209,49.8290219091504,49.82750794015842,49.827507940210126,49.825993971166426,49.82599397126985
233.0,-3.962619569872e-311,0.45,0.45000000994602074,3.332655822496785e-18,5.0893802158077084e-17,2.7729766184682466e-18,2.7701347174924804e-18,0.45066901619894006,0.4500000306443145,0.4506690161989408,1.6625129003479005e-19,0.4506690848127613,0.44999998924899426,0.45066908481276,1.662512900349661e-19,0.45,0.45066901619894045,0.45066901619867095,1.0708375882788402e-14,2.7707689237165165e-18,0.45,0.4506690848127607,0.45066908481318824,1.0708377513141028e-14,2.7707689237223856e-18,0.4500000306462344,0.44999998924675705,49.939559214486046,49.87911842897209,49.829021909150406,49.827507940158426,49.82750794021013,49.82599397116643,49.82599397126986
234.0,-2.712015847583e-312,0.45,0.4500000099460121,3.3326558224967844e-18,5.089380215802792e-17,2.7729766184682462e-18,2.7701347174924792e-18,0.4506690161988057,0.450000030645672,0.4506690161988055,1.6625129003478995e-19,0.450669084813009,0.44999998924649204,0.45066908481300944,1.6625129003496603e-19,0.45,0.4506690161988056,0.45066901619870275,1.0708375882788724e-14,2.7707689237165153e-18,0.45,0.4506690848130092,0.4506690848131512,1.070837751314059e-14,2.7707689237223844e-18,0.45000003064621963,0.4499999892459024,49.93955921448604,49.879118428972085,49.82902190915039,49.8275079401584,49.82750794021011,49.82599397116641,49.82599397126984
235.0,2.51533364094e-311,0.45,0.45000000994600475,3.3326558224967844e-18,5.089380215798443e-17,2.7729766184682462e-18,2.7701347174924784e-18,0.4506690161986916,0.45000003064681837,0.450669016198691,1.6625129003478988e-19,0.4506690848132213,0.4499999892443603,0.4506690848132224,1.6625129003496598e-19,0.45,0.45066901619869126,0.45066901619872946,1.0708375882788999e-14,2.7707689237165146e-18,0.45,0.4506690848132218,0.45066908481311974,1.070837751314024e-14,2.7707689237223836e-18,0.4500000306462551,0.4499999892450979,49.93955921448604,49.879118428972085,49.82902190915038,49.82750794015838,49.8275079402101,49.8259939711664,49.825993971269824
236.0,5.169168678e-314,0.45,0.4500000099460098,3.3326558224967844e-18,5.089380215801088e-17,2.7729766184682462e-18,2.7701347174924792e-18,0.4506690161987511,0.45000003064620986,0.4506690161987514,1.6625129003478995e-19,0.45066908481309814,0.4499999892456172,0.45066908481309753,1.6625129003496603e-19,0.45,0.4506690161987512,0.45066901619872707,1.0708375882789128e-14,2.7707689237165153e-18,0.45,0.45066908481309786,0.45066908481311985,1.0708377513140097e-14,2.7707689237223844e-18,0.45000003064606897,0.44999998924575174,49.93955921448604,49.879118428972085,49.82902190915039,49.8275079401584,49.82750794021011,49.82599397116641,49.82599397126984
237.0,-1.723770989e-314,0.45,0.45000000994601197,3.3326558224967844e-18,5.0893802158026677e-17,2.7729766184682466e-18,2.7701347174924792e-18,0.45066901619870786,0.4500000306466493,0.4506690161987077,1.6625129003478995e-19,0.45066908481311324,0.44999998924545376,0.45066908481311346,1.66251290034966e-19,0.45,0.4506690161987078,0.45066901619872807,1.0708375882789054e-14,2.770768923716515e-18,0.45,0.4506690848131134,0.45066908481311907,1.0708377513140105e-14,2.770768923722384e-18,0.4500000306457887,0.44999998924631135,49.93955921448604,49.87911842897209,49.82902190915039,49.8275079401584,49.827507940210104,49.825993971166405,49.82599397126983
238.0,-2.3695006857e-314,0.45,0.4500000099460119,3.3326558224967844e-18,5.089380215802663e-17,2.7729766184682466e-18,2.770134717492479e-18,0.4506690161987397,0.4500000306463301,0.4506690161987396,1.6625129003478995e-19,0.4506690848130817,0.449999989245769,0.4506690848130819,1.66251290034966e-19,0.45,0.4506690161987397,0.4506690161987291,1.0708375882789145e-14,2.770768923716515e-18,0.45,0.4506690848130818,0.4506690848131156,1.0708377513139961e-14,2.7707689237223844e-18,0.45000003064578825,0.4499999892463109,49.93955921448604,49.87911842897209,49.829021909150384,49.8275079401584,49.827507940210104,49.825993971166405,49.82599397126984
239.0,-1.621687267e-315,0.45,0.45000000994601086,3.332655822496785e-18,5.089380215801837e-17,2.7729766184682466e-18,2.7701347174924792e-18,0.45066901619879823,0.4500000306457418,0.4506690161987983,1.6625129003478995e-19,0.45066908481303863,0.449999989246204,0.4506690848130385,1.6625129003496603e-19,0.45,0.4506690161987983,0.4506690161987323,1.0708375882789343e-14,2.7707689237165153e-18,0.45,0.45066908481303863,0.45066908481310924,1.0708377513139737e-14,2.7707689237223844e-18,0.4500000306461352,0.44999998924581797,49.939559214486046,49.87911842897209,49.82902190915039,49.8275079401584,49.82750794021011,49.82599397116641,49.82599397126984
240.0,1.5040765694e-314,0.45,0.4500000099460098,3.332655822496785e-18,5.089380215800952e-17,2.7729766184682466e-18,2.7701347174924792e-18,0.4506690161988349,0.4500000306453739,0.4506690161988351,1.6625129003478995e-19,0.45066908481301926,0.44999998924639967,0.45066908481301904,1.6625129003496603e-19,0.45,0.450669016198835,0.45066901619873967,1.0708375882789586e-14,2.7707689237165153e-18,0.45,0.4506690848130192,0.4506690848131,1.0708377513139502e-14,2.7707689237223844e-18,0.4500000306460569,0.4499999892457397,49.939559214486046,49.87911842897209,49.82902190915039,49.8275079401584,49.82750794021011,49.82599397116641,49.82599397126984
241.0,3.0905293e-317,0.45,0.4500000099460102,3.332655822496785e-18,5.089380215801147e-17,2.7729766184682466e-18,2.7701347174924792e-18,0.4506690161988104,0.45000003064562316,0.4506690161988103,1.6625129003478995e-19,0.4506690848130413,0.44999998924617507,0.45066908481304135,1.6625129003496603e-19,0.45,0.45066901619881033,0.450669016198753,1.070837588278982e-14,2.770768923716515e-18,0.45,0.45066908481304135,0.45066908481308837,1.0708377513139298e-14,2.7707689237223844e-18,0.4500000306460742,0.44999998924575696,49.939559214486046,49.87911842897209,49.82902190915039,49.8275079401584,49.82750794021011,49.825993971166405,49.82599397126984
242.0,-1.0305246e-317,0.45,0.45000000994601175,3.332655822496785e-18,5.0893802158026535e-17,2.7729766184682462e-18,2.770134717492479e-18,0.4506690161987879,0.45000003064584615,0.45066901619878796,1.6625129003478993e-19,0.4506690848130324,0.44999998924626566,0.4506690848130324,1.6625129003496603e-19,0.45,0.4506690161987879,0.45066901619876243,1.0708375882789964e-14,2.770768923716515e-18,0.45,0.4506690848130324,0.4506690848130808,1.0708377513139101e-14,2.770768923722384e-18,0.45000003064662736,0.44999998924547013,49.939559214486046,49.879118428972085,49.829021909150384,49.82750794015839,49.82750794021011,49.825993971166405,49.82599397126983
243.0,-1.4166023e-317,0.45,0.4500000099460118,3.332655822496785e-18,5.089380215802769e-17,2.7729766184682462e-18,2.770134717492479e-18,0.45066901619876637,0.45000003064606153,0.45066901619876637,1.6625129003478993e-19,0.45066908481305146,0.44999998924607504,0.45066908481305146,1.66251290034966e-19,0.45,0.45066901619876637,0.45066901619876565,1.070837588278999e-14,2.770768923716515e-18,0.45,0.45066908481305146,0.45066908481307605,1.0708377513139038e-14,2.770768923722384e-18,0.4500000306462176,0.44999998924590034,49.939559214486046,49.879118428972085,49.829021909150384,49.82750794015839,49.827507940210104,49.825993971166405,49.82599397126983
244.0,-9.6889e-319,0.45,0.4500000099460114,3.332655822496785e-18,5.0893802158023114e-17,2.7729766184682462e-18,2.770134717492479e-18,0.45066901619875516,0.450000030646174,0.45066901619875516,1.6625129003478995e-19,0.4506690848130723,0.44999998924586637,0.4506690848130723,1.66251290034966e-19,0.45,0.45066901619875516,0.4506690161987652,1.070837588278996e-14,2.770768923716515e-18,0.45,0.4506690848130723,0.4506690848130735,1.0708377513139033e-14,2.7707689237223844e-18,0.4500000306457572,0.4499999892462799,49.939559214486046,49.879118428972085,49.829021909150384,49.8275079401584,49.827507940210104,49.825993971166405,49.82599397126984
245.0,8.994297e-318,0.45,0.4500000099460113,3.332655822496785e-18,5.0893802158020994e-17,2.7729766184682462e-18,2.770134717492479e-18,0.4506690161987637,0.4500000306460884,0.4506690161987637,1.6625129003478995e-19,0.45066908481306867,0.44999998924590273,0.45066908481306867,1.66251290034966e-19,0.45,0.4506690161987637,0.4506690161987635,1.0708375882789942e-14,2.770768923716515e-18,0.45,0.45066908481306867,0.4506690848130727,1.0708377513139013e-14,2.7707689237223844e-18,0.45000003064573846,0.4499999892462611,49.939559214486046,49.879118428972085,49.829021909150384,49.8275079401584,49.827507940210104,49.825993971166405,49.82599397126984
246.0,2.1704e-320,0.45,0.4500000099460119,3.332655822496785e-18,5.08938021580259e-17,2.7729766184682462e-18,2.770134717492479e-18,0.450669016198797,0.4500000306457545,0.4506690161987971,1.6625129003478995e-19,0.4506690848130258,0.44999998924633317,0.4506690848130257,1.6625129003496603e-19,0.45,0.450669016198797,0.45066901619876465,1.0708375882790037e-14,2.770768923716515e-18,0.45,0.45066908481302576,0.45066908481307083,1.0708377513138879e-14,2.7707689237223844e-18,0.45000003064620175,0.4499999892458845,49.939559214486046,49.879118428972085,49.829021909150384,49.8275079401584,49.82750794021011,49.825993971166405,49.82599397126984
247.0,-6.62e-321,0.45,0.45000000994601114,3.332655822496785e-18,5.08938021580216e-17,2.7729766184682462e-18,2.770134717492479e-18,0.45066901619878796,0.45000003064584726,0.4506690161987879,1.6625129003478993e-19,0.4506690848130423,0.44999998924616497,0.4506690848130424,1.66251290034966e-19,0.45,0.4506690161987879,0.45066901619877164,1.0708375882790166e-14,2.770768923716515e-18,0.45,0.45066908481304235,0.4506690848130625,1.0708377513138727e-14,2.770768923722384e-18,0.45000003064616373,0.4499999892458465,49.939559214486046,49.879118428972085,49.829021909150384,49.82750794015839,49.827507940210104,49.825993971166405,49.82599397126983
248.0,-9.363e-321,0.45,0.450000009946011,3.332655822496785e-18,5.0893802158021136e-17,2.7729766184682462e-18,2.770134717492479e-18,0.45066901619874783,0.4500000306462492,0.4506690161987477,1.6625129003478993e-19,0.4506690848130832,0.44999998924575524,0.4506690848130834,1.66251290034966e-19,0.45,0.4506690161987477,0.4506690161987713,1.0708375882790071e-14,2.770768923716515e-18,0.45,0.4506690848130833,0.45066908481306206,1.0708377513138805e-14,2.770768923722384e-18,0.4500000306461597,0.44999998924584245,49.939559214486046,49.879118428972085,49.829021909150384,49.82750794015839,49.827507940210104,49.825993971166405,49.82599397126983
249.0,-4.3e-322,0.45,0.45000000994601125,3.3326558224967844e-18,5.089380215802243e-17,2.7729766184682462e-18,2.770134717492479e-18,0.4506690161987145,0.4500000306465815,0.45066901619871447,1.6625129003478995e-19,0.4506690848131145,0.44999998924544393,0.4506690848131145,1.66251290034966e-19,0.45,0.45066901619871447,0.45066901619876626,1.070837588278989e-14,2.770768923716515e-18,0.45,0.4506690848131145,0.4506690848130666,1.070837751313897e-14,2.770768923722384e-18,0.45000003064575117,0.4499999892462738,49.93955921448604,49.879118428972085,49.829021909150384,49.8275079401584,49.827507940210104,49.825993971166405,49.82599397126983
250.0,6.285e-321,0.45,0.4500000099460114,3.3326558224967844e-18,5.089380215802341e-17,2.7729766184682462e-18,2.770134717492479e-18,0.4506690161987259,0.4500000306464654,0.450669016198726,1.6625129003478995e-19,0.450669084813102,0.4499999892455709,0.4506690848131019,1.66251290034966e-19,0.45,0.4506690161987259,0.4506690161987591,1.0708375882789758e-14,2.770768923716515e-18,0.45,0.45066908481310197,0.45066908481307344,1.0708377513139088e-14,2.770768923722384e-18,0.45000003064575983,0.4499999892462825,49.93955921448604,49.879118428972085,49.829021909150384,49.8275079401584,49.827507940210104,49.825993971166405,49.82599397126983
251.0,2e-322,0.45,0.45000000994601125,3.3326558224967844e-18,5.0893802158022615e-17,2.7729766184682462e-18,2.7701347174924784e-18,0.45066901619878724,0.45000003064585054,0.4506690161987874,1.6625129003478993e-19,0.4506690848130426,0.4499999892461659,0.4506690848130424,1.66251290034966e-19,0.45,0.45066901619878735,0.4506690161987547,1.0708375882789795e-14,2.770768923716515e-18,0.45,0.4506690848130425,0.4506690848130772,1.0708377513139038e-14,2.770768923722384e-18,0.4500000306461727,0.4499999892458555,49.93955921448604,49.879118428972085,49.82902190915038,49.82750794015839,49.827507940210104,49.825993971166405,49.82599397126983
252.0,5e-323,0.45,0.45000000994601125,3.3326558224967844e-18,5.0893802158022085e-17,2.7729766184682462e-18,2.770134717492479e-18,0.4506690161987415,0.4500000306463123,0.4506690161987414,1.6625129003478995e-19,0.4506690848130877,0.4499999892457097,0.4506690848130879,1.6625129003496603e-19,0.45,0.45066901619874145,0.4506690161987591,1.0708375882789797e-14,2.770768923716515e-18,0.45,0.4506690848130878,0.4506690848130716,1.0708377513139025e-14,2.7707689237223844e-18,0.45000003064616806,0.44999998924585083,49.93955921448604,49.879118428972085,49.829021909150384,49.8275079401584,49.82750794021011,49.825993971166405,49.82599397126984
253.0,-1.3e-321,0.45,0.4500000099460109,3.3326558224967844e-18,5.089380215802008e-17,2.7729766184682462e-18,2.770134717492479e-18,0.45066901619872196,0.45000003064650795,0.4506690161987218,1.6625129003478995e-19,0.45066908481311135,0.44999998924547385,0.4506690848131115,1.6625129003496603e-19,0.45,0.45066901619872185,0.450669016198758,1.070837588278973e-14,2.770768923716515e-18,0.45,0.4506690848131114,0.4506690848130728,1.0708377513139101e-14,2.7707689237223844e-18,0.45000003064615035,0.4499999892458331,49.93955921448604,49.879118428972085,49.829021909150384,49.8275079401584,49.82750794021011,49.825993971166405,49.82599397126984
254.0,-2.91e-321,0.45,0.4500000099460105,3.3326558224967844e-18,5.089380215801794e-17,2.7729766184682462e-18,2.770134717492479e-18,0.4506690161987182,0.4500000306465435,0.4506690161987182,1.6625129003478995e-19,0.4506690848131201,0.4499999892453882,0.4506690848131201,1.66251290034966e-19,0.45,0.4506690161987182,0.4506690161987536,1.0708375882789623e-14,2.770768923716515e-18,0.45,0.4506690848131201,0.45066908481307805,1.0708377513139227e-14,2.7707689237223844e-18,0.4500000306457114,0.4499999892462341,49.93955921448604,49.879118428972085,49.829021909150384,49.8275079401584,49.827507940210104,49.825993971166405,49.82599397126984
255.0,-3.82e-321,0.45,0.4500000099460103,3.3326558224967844e-18,5.0893802158016995e-17,2.7729766184682462e-18,2.7701347174924784e-18,0.45066901619871996,0.4500000306465248,0.45066901619872,1.6625129003478995e-19,0.45066908481312085,0.4499999892453825,0.45066908481312073,1.66251290034966e-19,0.45,0.45066901619872,0.4506690161987481,1.0708375882789505e-14,2.770768923716515e-18,0.45,0.4506690848131208,0.4506690848130848,1.0708377513139366e-14,2.770768923722384e-18,0.4500000306457031,0.44999998924622575,49.93955921448604,49.879118428972085,49.82902190915038,49.8275079401584,49.827507940210104,49.825993971166405,49.82599397126983
256.0,-2.347e-321,0.45,0.45000000994601064,3.3326558224967844e-18,5.089380215801932e-17,2.7729766184682462e-18,2.770134717492479e-18,0.4506690161987391,0.4500000306463341,0.45066901619873917,1.6625129003478995e-19,0.45066908481309653,0.4499999892456245,0.4506690848130965,1.66251290034966e-19,0.45,0.4506690161987391,0.4506690161987433,1.0708375882789444e-14,2.770768923716515e-18,0.45,0.45066908481309653,0.4506690848130905,1.0708377513139439e-14,2.770768923722384e-18,0.45000003064572364,0.4499999892462463,49.93955921448604,49.879118428972085,49.829021909150384,49.8275079401584,49.827507940210104,49.825993971166405,49.82599397126983
257.0,1.304e-321,0.45,0.45000000994601147,3.3326558224967844e-18,5.0893802158023644e-17,2.7729766184682462e-18,2.770134717492479e-18,0.4506690161988173,0.45000003064555016,0.4506690161988175,1.6625129003478993e-19,0.450669084813009,0.4499999892465016,0.4506690848130089,1.6625129003496603e-19,0.45,0.45066901619881733,0.45066901619874344,1.0708375882789623e-14,2.770768923716515e-18,0.45,0.45066908481300894,0.4506690848130893,1.0708377513139243e-14,2.7707689237223844e-18,0.4500000306466018,0.4499999892454446,49.93955921448604,49.879118428972085,49.829021909150384,49.82750794015839,49.82750794021011,49.825993971166405,49.82599397126984
258.0,1.675e-321,0.45,0.4500000099460116,3.3326558224967844e-18,5.0893802158023996e-17,2.7729766184682462e-18,2.770134717492479e-18,0.4506690161988272,0.4500000306454523,0.4506690161988273,1.6625129003478993e-19,0.4506690848129983,0.44999998924660745,0.4506690848129982,1.6625129003496603e-19,0.45,0.4506690161988272,0.4506690161987508,1.0708375882789805e-14,2.770768923716515e-18,0.45,0.4506690848129983,0.4506690848130813,1.0708377513139049e-14,2.7707689237223844e-18,0.45000003064660493,0.4499999892454477,49.93955921448604,49.879118428972085,49.829021909150384,49.82750794015839,49.82750794021011,49.825993971166405,49.82599397126984
259.0,5.9e-322,0.45,0.4500000099460113,3.332655822496785e-18,5.089380215802248e-17,2.7729766184682462e-18,2.770134717492479e-18,0.45066901619879984,0.45000003064572824,0.4506690161987998,1.6625129003478995e-19,0.45066908481302886,0.44999998924629997,0.4506690848130289,1.6625129003496603e-19,0.45,0.4506690161987998,0.45066901619876065,1.0708375882789956e-14,2.770768923716515e-18,0.45,0.4506690848130289,0.45066908481307105,1.0708377513138888e-14,2.7707689237223844e-18,0.45000003064617156,0.4499999892458543,49.939559214486046,49.879118428972085,49.829021909150384,49.8275079401584,49.82750794021011,49.825993971166405,49.82599397126984
260.0,-1.43e-322,0.45,0.4500000099460112,3.332655822496785e-18,5.0893802158021204e-17,2.7729766184682462e-18,2.770134717492479e-18,0.45066901619876615,0.45000003064606575,0.45066901619876604,1.6625129003478995e-19,0.4506690848130651,0.4499999892459371,0.45066908481306517,1.66251290034966e-19,0.45,0.4506690161987661,0.4506690161987682,1.0708375882790045e-14,2.770768923716515e-18,0.45,0.45066908481306517,0.4506690848130631,1.0708377513138792e-14,2.770768923722384e-18,0.4500000306457403,0.44999998924626294,49.939559214486046,49.879118428972085,49.829021909150384,49.8275079401584,49.827507940210104,49.825993971166405,49.82599397126983
261.0,7.95e-322,0.45,0.4500000099460114,3.332655822496785e-18,5.089380215802216e-17,2.7729766184682466e-18,2.7701347174924792e-18,0.4506690161987679,0.4500000306460461,0.45066901619876787,1.6625129003478995e-19,0.4506690848130613,0.4499999892459776,0.4506690848130612,1.66251290034966e-19,0.45,0.45066901619876787,0.45066901619876926,1.0708375882790075e-14,2.770768923716515e-18,0.45,0.4506690848130612,0.45066908481306156,1.0708377513138756e-14,2.770768923722384e-18,0.4500000306457487,0.4499999892462714,49.939559214486046,49.87911842897209,49.82902190915039,49.8275079401584,49.827507940210104,49.825993971166405,49.82599397126983
262.0,-1.63e-322,0.45,0.45000000994601114,3.332655822496785e-18,5.0893802158022215e-17,2.7729766184682462e-18,2.770134717492479e-18,0.4506690161988037,0.4500000306456882,0.4506690161988037,1.6625129003478993e-19,0.45066908481302576,0.449999989246333,0.4506690848130257,1.6625129003496603e-19,0.45,0.45066901619880373,0.45066901619877064,1.0708375882790177e-14,2.770768923716515e-18,0.45,0.4506690848130257,0.45066908481306023,1.0708377513138642e-14,2.7707689237223844e-18,0.45000003064658917,0.44999998924543194,49.939559214486046,49.879118428972085,49.829021909150384,49.82750794015839,49.82750794021011,49.825993971166405,49.82599397126984
263.0,-1.84e-321,0.45,0.45000000994601075,3.332655822496785e-18,5.089380215802028e-17,2.7729766184682462e-18,2.770134717492479e-18,0.4506690161987915,0.45000003064581057,0.4506690161987915,1.6625129003478993e-19,0.4506690848130413,0.4499999892461767,0.4506690848130413,1.66251290034966e-19,0.45,0.4506690161987915,0.4506690161987728,1.0708375882790198e-14,2.770768923716515e-18,0.45,0.4506690848130413,0.45066908481305806,1.070837751313863e-14,2.7707689237223844e-18,0.45000003064615207,0.44999998924583484,49.939559214486046,49.879118428972085,49.829021909150384,49.82750794015839,49.827507940210104,49.825993971166405,49.82599397126984
264.0,-3.483e-321,0.45,0.4500000099460104,3.3326558224967844e-18,5.089380215801791e-17,2.772976618468246e-18,2.770134717492479e-18,0.45066901619876154,0.4500000306461112,0.45066901619876143,1.6625129003478993e-19,0.4506690848130755,0.44999998924583384,0.45066908481307555,1.66251290034966e-19,0.45,0.4506690161987615,0.45066901619877425,1.0708375882790165e-14,2.770768923716515e-18,0.45,0.45066908481307555,0.45066908481305684,1.0708377513138677e-14,2.770768923722384e-18,0.45000003064613114,0.4499999892458139,49.93955921448604,49.879118428972085,49.829021909150384,49.82750794015839,49.827507940210104,49.825993971166405,49.82599397126983
265.0,-4.37e-321,0.45,0.4500000099460102,3.3326558224967844e-18,5.0893802158016656e-17,2.7729766184682462e-18,2.7701347174924792e-18,0.4506690161987438,0.45000003064628835,0.4506690161987437,1.6625129003478993e-19,0.450669084813096,0.4499999892456296,0.45066908481309603,1.66251290034966e-19,0.45,0.4506690161987437,0.4506690161987736,1.0708375882790111e-14,2.770768923716515e-18,0.45,0.450669084813096,0.45066908481305834,1.0708377513138751e-14,2.770768923722384e-18,0.45000003064612004,0.4499999892458028,49.93955921448604,49.879118428972085,49.82902190915039,49.82750794015839,49.827507940210104,49.825993971166405,49.82599397126983
266.0,-2.727e-321,0.45,0.4500000099460106,3.3326558224967844e-18,5.0893802158019004e-17,2.7729766184682462e-18,2.770134717492479e-18,0.45066901619877275,0.45000003064599675,0.45066901619877286,1.6625129003478993e-19,0.45066908481306345,0.4499999892459563,0.45066908481306334,1.66251290034966e-19,0.45,0.4506690161987728,0.4506690161987709,1.0708375882790114e-14,2.770768923716515e-18,0.45,0.4506690848130634,0.4506690848130622,1.070837751313876e-14,2.770768923722384e-18,0.4500000306461408,0.4499999892458236,49.93955921448604,49.879118428972085,49.829021909150384,49.82750794015839,49.827507940210104,49.825993971166405,49.82599397126983
267.0,1.18e-321,0.45,0.4500000099460114,3.332655822496785e-18,5.089380215802333e-17,2.7729766184682462e-18,2.770134717492479e-18,0.4506690161987974,0.4500000306457518,0.4506690161987974,1.6625129003478993e-19,0.45066908481302953,0.44999998924629425,0.4506690848130295,1.6625129003496603e-19,0.45,0.4506690161987974,0.4506690161987735,1.0708375882790228e-14,2.770768923716515e-18,0.45,0.45066908481302953,0.45066908481305923,1.0708377513138633e-14,2.770768923722384e-18,0.45000003064659905,0.4499999892454418,49.939559214486046,49.879118428972085,49.829021909150384,49.82750794015839,49.82750794021011,49.825993971166405,49.82599397126983
268.0,1.9e-322,0.45,0.4500000099460112,3.332655822496785e-18,5.0893802158022104e-17,2.7729766184682462e-18,2.770134717492479e-18,0.45066901619876426,0.4500000306460841,0.45066901619876415,1.6625129003478995e-19,0.45066908481306467,0.4499999892459421,0.45066908481306467,1.6625129003496603e-19,0.45,0.4506690161987642,0.4506690161987732,1.070837588279015e-14,2.770768923716515e-18,0.45,0.4506690848130647,0.45066908481305906,1.0708377513138705e-14,2.770768923722384e-18,0.4500000306461682,0.449999989245851,49.939559214486046,49.879118428972085,49.829021909150384,49.8275079401584,49.82750794021011,49.825993971166405,49.82599397126983
269.0,-3.12e-321,0.45,0.45000000994601047,3.3326558224967844e-18,5.089380215801807e-17,2.7729766184682462e-18,2.770134717492479e-18,0.45066901619871985,0.45000003064652766,0.4506690161987198,1.6625129003478995e-19,0.45066908481311685,0.4499999892454203,0.45066908481311685,1.66251290034966e-19,0.45,0.45066901619871985,0.4506690161987701,1.0708375882789985e-14,2.770768923716515e-18,0.45,0.4506690848131169,0.45066908481306217,1.070837751313888e-14,2.770768923722384e-18,0.4500000306457126,0.44999998924623524,49.93955921448604,49.879118428972085,49.829021909150384,49.8275079401584,49.827507940210104,49.825993971166405,49.82599397126983
270.0,-6.12e-321,0.45,0.4500000099460098,3.3326558224967844e-18,5.0893802158013993e-17,2.772976618468246e-18,2.770134717492479e-18,0.45066901619871086,0.4500000306466164,0.4506690161987109,1.6625129003478995e-19,0.45066908481313406,0.44999998924524925,0.45066908481313406,1.66251290034966e-19,0.45,0.4506690161987109,0.4506690161987641,1.0708375882789832e-14,2.770768923716515e-18,0.45,0.45066908481313406,0.45066908481306883,1.0708377513139054e-14,2.770768923722384e-18,0.45000003064567656,0.4499999892461992,49.93955921448604,49.879118428972085,49.829021909150384,49.8275079401584,49.827507940210104,49.825993971166405,49.82599397126983
271.0,-4.585e-321,0.45,0.45000000994601014,3.3326558224967844e-18,5.089380215801537e-17,2.7729766184682462e-18,2.770134717492479e-18,0.4506690161987726,0.4500000306459968,0.4506690161987728,1.6625129003478995e-19,0.45066908481307005,0.4499999892458914,0.4506690848130699,1.66251290034966e-19,0.45,0.4506690161987727,0.4506690161987565,1.0708375882789802e-14,2.770768923716515e-18,0.45,0.45066908481306994,0.45066908481307777,1.0708377513139109e-14,2.770768923722384e-18,0.4500000306456887,0.4499999892462114,49.93955921448604,49.879118428972085,49.829021909150384,49.8275079401584,49.827507940210104,49.825993971166405,49.82599397126983
272.0,1.59e-321,0.45,0.4500000099460116,3.332655822496785e-18,5.089380215802448e-17,2.7729766184682462e-18,2.770134717492479e-18,0.45066901619880767,0.45000003064564853,0.4506690161988077,1.6625129003478993e-19,0.45066908481301726,0.4499999892464169,0.45066908481301726,1.6625129003496603e-19,0.45,0.45066901619880767,0.45066901619875843,1.0708375882789925e-14,2.770768923716515e-18,0.45,0.4506690848130173,0.45066908481307566,1.0708377513138965e-14,2.770768923722384e-18,0.45000003064660926,0.44999998924545204,49.939559214486046,49.879118428972085,49.829021909150384,49.82750794015839,49.82750794021011,49.825993971166405,49.82599397126983
273.0,6.97e-322,0.45,0.45000000994601136,3.332655822496785e-18,5.0893802158023404e-17,2.7729766184682462e-18,2.770134717492479e-18,0.45066901619881783,0.45000003064554794,0.45066901619881783,1.6625129003478993e-19,0.45066908481300944,0.4499999892464943,0.4506690848130095,1.6625129003496603e-19,0.45,0.45066901619881783,0.4506690161987651,1.070837588279009e-14,2.770768923716515e-18,0.45,0.4506690848130095,0.45066908481306867,1.0708377513138797e-14,2.770768923722384e-18,0.4500000306465997,0.4499999892454425,49.939559214486046,49.879118428972085,49.829021909150384,49.82750794015839,49.82750794021011,49.825993971166405,49.82599397126983
274.0,-3.24e-321,0.45,0.45000000994601047,3.3326558224967844e-18,5.089380215801817e-17,2.7729766184682462e-18,2.770134717492479e-18,0.45066901619880406,0.45000003064568594,0.450669016198804,1.6625129003478993e-19,0.45066908481303386,0.44999998924624957,0.45066908481303397,1.6625129003496603e-19,0.45,0.450669016198804,0.4506690161987731,1.0708375882790231e-14,2.770768923716515e-18,0.45,0.4506690848130339,0.45066908481306067,1.0708377513138667e-14,2.7707689237223844e-18,0.4500000306465534,0.4499999892453962,49.93955921448604,49.879118428972085,49.829021909150384,49.82750794015839,49.82750794021011,49.825993971166405,49.82599397126984
275.0,-6.22e-321,0.45,0.4500000099460098,3.3326558224967844e-18,5.089380215801481e-17,2.7729766184682462e-18,2.7701347174924784e-18,0.4506690161987673,0.45000003064605365,0.45066901619876726,1.6625129003478995e-19,0.450669084813078,0.4499999892458082,0.4506690848130781,1.66251290034966e-19,0.45,0.45066901619876726,0.45066901619877875,1.070837588279027e-14,2.770768923716515e-18,0.45,0.45066908481307805,0.45066908481305556,1.0708377513138644e-14,2.770768923722384e-18,0.4500000306456838,0.44999998924620643,49.93955921448604,49.879118428972085,49.82902190915038,49.8275079401584,49.827507940210104,49.825993971166405,49.82599397126983
276.0,-2.49e-321,0.45,0.45000000994601064,3.3326558224967844e-18,5.08938021580199e-17,2.7729766184682462e-18,2.770134717492479e-18,0.4506690161987584,0.4500000306461406,0.4506690161987585,1.6625129003478995e-19,0.4506690848130768,0.4499999892458231,0.4506690848130767,1.66251290034966e-19,0.45,0.45066901619875843,0.45066901619877553,1.0708375882790183e-14,2.770768923716515e-18,0.45,0.45066908481307677,0.45066908481305984,1.070837751313874e-14,2.7707689237223844e-18,0.45000003064572874,0.4499999892462514,49.93955921448604,49.879118428972085,49.829021909150384,49.8275079401584,49.827507940210104,49.825993971166405,49.82599397126984
277.0,1.507e-321,0.45,0.4500000099460115,3.332655822496785e-18,5.089380215802324e-17,2.7729766184682462e-18,2.7701347174924792e-18,0.4506690161988247,0.4500000306454763,0.4506690161988248,1.6625129003478993e-19,0.4506690848130019,0.44999998924657264,0.4506690848130018,1.6625129003496603e-19,0.45,0.4506690161988248,0.45066901619877303,1.0708375882790278e-14,2.770768923716515e-18,0.45,0.45066908481300183,0.4506690848130617,1.0708377513138628e-14,2.7707689237223844e-18,0.4500000306465982,0.449999989245441,49.939559214486046,49.879118428972085,49.82902190915039,49.82750794015839,49.82750794021011,49.825993971166405,49.82599397126984
278.0,-1.05e-321,0.45,0.45000000994601097,3.332655822496785e-18,5.089380215802119e-17,2.7729766184682462e-18,2.770134717492479e-18,0.4506690161987628,0.450000030646101,0.45066901619876254,1.6625129003478995e-19,0.45066908481306905,0.4499999892458953,0.45066908481306933,1.66251290034966e-19,0.45,0.4506690161987627,0.4506690161987819,1.0708375882790335e-14,2.770768923716515e-18,0.45,0.45066908481306917,0.450669084813052,1.0708377513138557e-14,2.770768923722384e-18,0.4500000306457402,0.44999998924626283,49.939559214486046,49.879118428972085,49.829021909150384,49.8275079401584,49.827507940210104,49.825993971166405,49.82599397126983
279.0,0.0,0.45,0.4500000099460112,3.3326558224967844e-18,5.089380215802202e-17,2.7729766184682462e-18,2.770134717492479e-18,0.4506690161987939,0.4500000306457853,0.45066901619879396,1.6625129003478993e-19,0.4506690848130358,0.44999998924623225,0.45066908481303575,1.6625129003496603e-19,0.45,0.45066901619879396,0.4506690161987805,1.0708375882790373e-14,2.770768923716515e-18,0.45,0.4506690848130358,0.4506690848130527,1.0708377513138505e-14,2.7707689237223844e-18,0.45000003064658745,0.4499999892454302,49.93955921448604,49.879118428972085,49.829021909150384,49.82750794015839,49.82750794021011,49.825993971166405,49.82599397126984
280.0,0.0,0.45,0.4500000099460112,3.332655822496785e-18,5.089380215802205e-17,2.7729766184682462e-18,2.770134717492479e-18,0.4506690161988037,0.4500000306456882,0.4506690161988037,1.6625129003478993e-19,0.4506690848130259,0.44999998924632995,0.4506690848130259,1.66251290034966e-19,0.45,0.45066901619880373,0.4506690161987811,1.0708375882790408e-14,2.770768923716515e-18,0.45,0.450669084813026,0.4506690848130516,1.0708377513138459e-14,2.7707689237223844e-18,0.4500000306461677,0.4499999892458505,49.939559214486046,49.879118428972085,49.829021909150384,49.82750794015839,49.827507940210104,49.825993971166405,49.82599397126984
281.0,5e-324,0.45,0.4500000099460112,3.332655822496785e-18,5.0893802158022024e-17,2.7729766184682462e-18,2.770134717492479e-18,0.4506690161987774,0.45000003064595195,0.45066901619877736,1.6625129003478993e-19,0.45066908481305223,0.44999998924606616,0.4506690848130523,1.6625129003496603e-19,0.45,0.4506690161987774,0.45066901619878236,1.0708375882790384e-14,2.770768923716515e-18,0.45,0.4506690848130523,0.45066908481304996,1.0708377513138473e-14,2.7707689237223844e-18,0.4500000306465875,0.4499999892454303,49.939559214486046,49.879118428972085,49.829021909150384,49.82750794015839,49.82750794021011,49.825993971166405,49.82599397126984
282.0,0.0,0.45,0.4500000099460112,3.332655822496785e-18,5.0893802158021987e-17,2.7729766184682462e-18,2.770134717492479e-18,0.45066901619873967,0.4500000306463302,0.45066901619873956,1.6625129003478995e-19,0.4506690848130901,0.44999998924568746,0.45066908481309015,1.6625129003496603e-19,0.45,0.4506690161987396,0.45066901619878175,1.07083758827903e-14,2.770768923716515e-18,0.45,0.45066908481309015,0.45066908481305024,1.0708377513138549e-14,2.7707689237223844e-18,0.45000003064616717,0.44999998924584994,49.939559214486046,49.879118428972085,49.829021909150384,49.8275079401584,49.82750794021011,49.825993971166405,49.82599397126984
283.0,0.0,0.45,0.4500000099460112,3.332655822496785e-18,5.0893802158021987e-17,2.7729766184682462e-18,2.770134717492479e-18,0.4506690161987149,0.45000003064657684,0.4506690161987149,1.6625129003478995e-19,0.45066908481311485,0.44999998924544043,0.4506690848131149,1.66251290034966e-19,0.45,0.4506690161987149,0.4506690161987767,1.0708375882790155e-14,2.770768923716515e-18,0.45,0.4506690848131149,0.450669084813055,1.0708377513138686e-14,2.770768923722384e-18,0.45000003064574723,0.4499999892462699,49.939559214486046,49.879118428972085,49.829021909150384,49.8275079401584,49.827507940210104,49.825993971166405,49.82599397126983
284.0,0.0,0.45,0.4500000099460112,3.332655822496785e-18,5.0893802158022024e-17,2.7729766184682462e-18,2.770134717492479e-18,0.45066901619878974,0.4500000306458264,0.45066901619878985,1.6625129003478993e-19,0.45066908481304,0.4499999892461912,0.4506690848130399,1.66251290034966e-19,0.45,0.4506690161987898,0.4506690161987719,1.0708375882790182e-14,2.770768923716515e-18,0.45,0.45066908481303997,0.45066908481305945,1.0708377513138655e-14,2.7707689237223844e-18,0.4500000306461675,0.4499999892458503,49.939559214486046,49.879118428972085,49.829021909150384,49.82750794015839,49.827507940210104,49.825993971166405,49.82599397126984
285.0,0.0,0.45,0.4500000099460112,3.332655822496785e-18,5.0893802158022036e-17,2.7729766184682462e-18,2.770134717492479e-18,0.45066901619881655,0.4500000306455589,0.4506690161988166,1.6625129003478993e-19,0.4506690848130132,0.4499999892464591,0.4506690848130131,1.6625129003496603e-19,0.45,0.4506690161988166,0.4506690161987726,1.0708375882790232e-14,2.770768923716515e-18,0.45,0.45066908481301315,0.45066908481305856,1.07083775131386e-14,2.7707689237223844e-18,0.4500000306465876,0.4499999892454304,49.939559214486046,49.879118428972085,49.829021909150384,49.82750794015839,49.82750794021011,49.825993971166405,49.82599397126984
286.0,0.0,0.45,0.4500000099460112,3.332655822496785e-18,5.089380215802203e-17,2.7729766184682462e-18,2.770134717492479e-18,0.45066901619878263,0.4500000306459001,0.4506690161987826,1.6625129003478993e-19,0.4506690848130471,0.44999998924611806,0.4506690848130471,1.66251290034966e-19,0.45,0.4506690161987826,0.45066901619877453,1.0708375882790209e-14,2.770768923716515e-18,0.45,0.4506690848130471,0.45066908481305634,1.0708377513138617e-14,2.7707689237223844e-18,0.45000003064616756,0.44999998924585033,49.939559214486046,49.879118428972085,49.829021909150384,49.82750794015839,49.827507940210104,49.825993971166405,49.82599397126984
287.0,0.0,0.45,0.4500000099460112,3.332655822496785e-18,5.089380215802202e-17,2.7729766184682462e-18,2.770134717492479e-18,0.4506690161987392,0.4500000306463353,0.4506690161987391,1.6625129003478995e-19,0.45066908481309054,0.4499999892456827,0.45066908481309065,1.66251290034966e-19,0.45,0.4506690161987391,0.4506690161987753,1.0708375882790147e-14,2.770768923716515e-18,0.45,0.4506690848130906,0.4506690848130554,1.0708377513138675e-14,2.7707689237223844e-18,0.4500000306457475,0.44999998924627016,49.939559214486046,49.879118428972085,49.829021909150384,49.8275079401584,49.827507940210104,49.825993971166405,49.82599397126984
288.0,0.0,0.45,0.4500000099460112,3.332655822496785e-18,5.089380215802202e-17,2.7729766184682462e-18,2.770134717492479e-18,0.45066901619873756,0.45000003064634986,0.45066901619873756,1.6625129003478995e-19,0.4506690848130922,0.4499999892456676,0.4506690848130922,1.66251290034966e-19,0.45,0.4506690161987375,0.45066901619877225,1.070837588279008e-14,2.770768923716515e-18,0.45,0.4506690848130922,0.4506690848130583,1.070837751313874e-14,2.7707689237223844e-18,0.4500000306457475,0.44999998924627016,49.939559214486046,49.879118428972085,49.829021909150384,49.8275079401584,49.827507940210104,49.825993971166405,49.82599397126984
289.0,0.0,0.45,0.4500000099460112,3.332655822496785e-18,5.0893802158022024e-17,2.7729766184682462e-18,2.770134717492479e-18,0.45066901619875555,0.45000003064616984,0.4506690161987556,1.6625129003478995e-19,0.45066908481307416,0.44999998924584816,0.4506690848130741,1.66251290034966e-19,0.45,0.45066901619875555,0.45066901619876804,1.070837588279002e-14,2.770768923716515e-18,0.45,0.45066908481307416,0.4506690848130625,1.0708377513138798e-14,2.7707689237223844e-18,0.45000003064574756,0.4499999892462702,49.939559214486046,49.879118428972085,49.829021909150384,49.8275079401584,49.827507940210104,49.825993971166405,49.82599397126984
290.0,0.0,0.45,0.4500000099460112,3.332655822496785e-18,5.0893802158022024e-17,2.7729766184682462e-18,2.770134717492479e-18,0.4506690161987585,0.4500000306461418,0.45066901619875843,1.6625129003478995e-19,0.4506690848130712,0.4499999892458767,0.4506690848130713,1.6625129003496603e-19,0.45,0.45066901619875843,0.4506690161987665,1.0708375882789993e-14,2.770768923716515e-18,0.45,0.4506690848130713,0.45066908481306395,1.0708377513138822e-14,2.7707689237223844e-18,0.4500000306461675,0.4499999892458503,49.939559214486046,49.879118428972085,49.829021909150384,49.8275079401584,49.82750794021011,49.825993971166405,49.82599397126984
291.0,0.0,0.45,0.4500000099460112,3.332655822496785e-18,5.0893802158022024e-17,2.7729766184682462e-18,2.770134717492479e-18,0.45066901619875904,0.45000003064613586,0.45066901619875904,1.6625129003478995e-19,0.45066908481307066,0.44999998924588247,0.4506690848130707,1.6625129003496603e-19,0.45,0.450669016198759,0.4506690161987658,1.0708375882789983e-14,2.770768923716515e-18,0.45,0.4506690848130707,0.45066908481306456,1.070837751313883e-14,2.770768923722384e-18,0.4500000306461675,0.4499999892458503,49.939559214486046,49.879118428972085,49.829021909150384,49.8275079401584,49.82750794021011,49.825993971166405,49.82599397126983
292.0,0.0,0.45,0.4500000099460112,3.332655822496785e-18,5.089380215802202e-17,2.7729766184682462e-18,2.770134717492479e-18,0.4506690161987507,0.45000003064621885,0.4506690161987507,1.6625129003478993e-19,0.45066908481307905,0.4499999892457989,0.4506690848130791,1.6625129003496603e-19,0.45,0.45066901619875066,0.450669016198765,1.0708375882789952e-14,2.770768923716515e-18,0.45,0.4506690848130791,0.4506690848130652,1.0708377513138858e-14,2.770768923722384e-18,0.45000003064658745,0.4499999892454302,49.939559214486046,49.879118428972085,49.829021909150384,49.82750794015839,49.82750794021011,49.825993971166405,49.82599397126983
293.0,0.0,0.45,0.4500000099460112,3.3326558224967844e-18,5.0893802158022005e-17,2.7729766184682462e-18,2.770134717492479e-18,0.45066901619872685,0.45000003064645794,0.4506690161987268,1.6625129003478993e-19,0.45066908481310297,0.44999998924555934,0.450669084813103,1.66251290034966e-19,0.45,0.4506690161987268,0.4506690161987631,1.0708375882789865e-14,2.770768923716515e-18,0.45,0.45066908481310297,0.45066908481306706,1.0708377513138943e-14,2.770768923722384e-18,0.45000003064616734,0.4499999892458501,49.93955921448604,49.879118428972085,49.829021909150384,49.82750794015839,49.827507940210104,49.825993971166405,49.82599397126983
294.0,0.0,0.45,0.4500000099460112,3.3326558224967844e-18,5.089380215802202e-17,2.7729766184682462e-18,2.770134717492479e-18,0.45066901619878996,0.4500000306458241,0.4506690161987901,1.6625129003478993e-19,0.4506690848130398,0.44999998924619344,0.4506690848130397,1.66251290034966e-19,0.45,0.45066901619879,0.4506690161987612,1.0708375882789947e-14,2.770768923716515e-18,0.45,0.4506690848130397,0.45066908481306894,1.0708377513138861e-14,2.7707689237223844e-18,0.45000003064616745,0.4499999892458502,49.93955921448604,49.879118428972085,49.829021909150384,49.82750794015839,49.827507940210104,49.825993971166405,49.82599397126984
295.0,0.0,0.45,0.4500000099460112,3.3326558224967844e-18,5.089380215802203e-17,2.7729766184682462e-18,2.770134717492479e-18,0.45066901619881383,0.45000003064558475,0.450669016198814,1.6625129003478993e-19,0.4506690848130158,0.44999998924643314,0.4506690848130157,1.6625129003496603e-19,0.45,0.45066901619881394,0.4506690161987626,1.070837588279002e-14,2.770768923716515e-18,0.45,0.45066908481301576,0.45066908481306744,1.0708377513138789e-14,2.7707689237223844e-18,0.45000003064658756,0.44999998924543033,49.93955921448604,49.879118428972085,49.829021909150384,49.82750794015839,49.82750794021011,49.825993971166405,49.82599397126984
296.0,0.0,0.45,0.4500000099460112,3.332655822496785e-18,5.089380215802203e-17,2.7729766184682462e-18,2.770134717492479e-18,0.45066901619877936,0.4500000306459319,0.45066901619877936,1.6625129003478993e-19,0.4506690848130503,0.4499999892460862,0.45066908481305035,1.66251290034966e-19,0.45,0.45066901619877936,0.4506690161987652,1.0708375882790004e-14,2.770768923716515e-18,0.45,0.4506690848130503,0.45066908481306467,1.0708377513138803e-14,2.7707689237223844e-18,0.45000003064616756,0.44999998924585033,49.939559214486046,49.879118428972085,49.829021909150384,49.82750794015839,49.827507940210104,49.825993971166405,49.82599397126984
297.0,0.0,0.45,0.4500000099460112,3.332655822496785e-18,5.0893802158022024e-17,2.7729766184682462e-18,2.770134717492479e-18,0.4506690161987443,0.45000003064628397,0.4506690161987442,1.6625129003478995e-19,0.4506690848130854,0.44999998924573414,0.4506690848130855,1.66251290034966e-19,0.45,0.4506690161987443,0.450669016198767,1.070837588278997e-14,2.770768923716515e-18,0.45,0.45066908481308543,0.45066908481306284,1.0708377513138836e-14,2.7707689237223844e-18,0.45000003064574756,0.4499999892462702,49.939559214486046,49.879118428972085,49.829021909150384,49.8275079401584,49.827507940210104,49.825993971166405,49.82599397126984
298.0,0.0,0.45,0.4500000099460112,3.332655822496785e-18,5.0893802158022024e-17,2.7729766184682462e-18,2.770134717492479e-18,0.45066901619876654,0.45000003064605937,0.4506690161987666,1.6625129003478995e-19,0.45066908481306317,0.44999998924595846,0.45066908481306317,1.66251290034966e-19,0.45,0.45066901619876654,0.45066901619876576,1.0708375882789986e-14,2.770768923716515e-18,0.45,0.45066908481306317,0.4506690848130641,1.0708377513138819e-14,2.770768923722384e-18,0.45000003064574756,0.4499999892462702,49.939559214486046,49.879118428972085,49.829021909150384,49.8275079401584,49.827507940210104,49.825993971166405,49.82599397126983
299.0,0.0,0.45,0.4500000099460112,3.3326558224967844e-18,5.0893802158022024e-17,2.7729766184682462e-18,2.770134717492479e-18,0.45066901619879857,0.45000003064574,0.45066901619879857,1.6625129003478993e-19,0.4506690848130312,0.4499999892462776,0.4506690848130312,1.66251290034966e-19,0.45,0.45066901619879857,0.4506690161987682,1.0708375882790114e-14,2.770768923716515e-18,0.45,0.45066908481303114,0.4506690848130617,1.0708377513138691e-14,2.7707689237223844e-18,0.4500000306461675,0.4499999892458503,49.93955921448604,49.879118428972085,49.829021909150384,49.82750794015839,49.827507940210104,49.825993971166405,49.82599397126984
300.0,0.0,0.45,0.4500000099460112,3.332655822496785e-18,5.089380215802202e-17,2.7729766184682462e-18,2.770134717492479e-18,0.4506690161987859,0.4500000306458683,0.4506690161987858,1.6625129003478993e-19,0.45066908481304385,0.4499999892461494,0.45066908481304396,1.6625129003496603e-19,0.45,0.45066901619878585,0.450669016198772,1.0708375882790176e-14,2.770768923716515e-18,0.45,0.45066908481304385,0.45066908481305795,1.070837751313863e-14,2.7707689237223844e-18,0.45000003064658745,0.4499999892454302,49.939559214486046,49.879118428972085,49.829021909150384,49.82750794015839,49.82750794021011,49.825993971166405,49.82599397126984
301.0,0.0,0.45,0.4500000099460112,3.332655822496785e-18,5.089380215802202e-17,2.7729766184682462e-18,2.770134717492479e-18,0.450669016198766,0.4500000306460669,0.4506690161987659,1.6625129003478995e-19,0.4506690848130637,0.449999989245951,0.4506690848130638,1.6625129003496603e-19,0.45,0.450669016198766,0.45066901619877336,1.0708375882790161e-14,2.770768923716515e-18,0.45,0.4506690848130638,0.45066908481305656,1.0708377513138644e-14,2.7707689237223844e-18,0.45000003064616745,0.4499999892458502,49.939559214486046,49.879118428972085,49.829021909150384,49.8275079401584,49.82750794021011,49.825993971166405,49.82599397126984
302.0,0.0,0.45,0.4500000099460112,3.332655822496785e-18,5.089380215802202e-17,2.7729766184682462e-18,2.770134717492479e-18,0.4506690161987502,0.4500000306462229,0.4506690161987502,1.6625129003478995e-19,0.45066908481307943,0.4499999892457952,0.45066908481307943,1.6625129003496603e-19,0.45,0.45066901619875027,0.4506690161987725,1.0708375882790106e-14,2.770768923716515e-18,0.45,0.45066908481307943,0.4506690848130574,1.0708377513138697e-14,2.7707689237223844e-18,0.45000003064616745,0.4499999892458502,49.939559214486046,49.879118428972085,49.829021909150384,49.8275079401584,49.82750794021011,49.825993971166405,49.82599397126984
303.0,0.0,0.45,0.4500000099460112,3.3326558224967844e-18,5.089380215802202e-17,2.7729766184682462e-18,2.770134717492479e-18,0.4506690161987501,0.4500000306462231,0.45066901619875016,1.6625129003478995e-19,0.45066908481307955,0.44999998924579493,0.4506690848130795,1.66251290034966e-19,0.45,0.45066901619875016,0.4506690161987696,1.0708375882790045e-14,2.770768923716515e-18,0.45,0.4506690848130795,0.45066908481306034,1.0708377513138757e-14,2.770768923722384e-18,0.4500000306457475,0.44999998924627016,49.93955921448604,49.879118428972085,49.829021909150384,49.8275079401584,49.827507940210104,49.825993971166405,49.82599397126983
304.0,0.0,0.45,0.4500000099460112,3.3326558224967844e-18,5.089380215802202e-17,2.7729766184682462e-18,2.770134717492479e-18,0.4506690161987942,0.4500000306457832,0.45066901619879424,1.6625129003478993e-19,0.4506690848130356,0.4499999892462345,0.4506690848130356,1.66251290034966e-19,0.45,0.4506690161987942,0.450669016198769,1.0708375882790125e-14,2.770768923716515e-18,0.45,0.4506690848130356,0.4506690848130608,1.0708377513138677e-14,2.7707689237223844e-18,0.45000003064616745,0.4499999892458502,49.93955921448604,49.879118428972085,49.829021909150384,49.82750794015839,49.827507940210104,49.825993971166405,49.82599397126984
305.0,0.0,0.45,0.4500000099460112,3.3326558224967844e-18,5.0893802158022024e-17,2.7729766184682462e-18,2.770134717492479e-18,0.4506690161988012,0.4500000306457137,0.45066901619880123,1.6625129003478993e-19,0.4506690848130286,0.449999989246304,0.4506690848130286,1.6625129003496603e-19,0.45,0.4506690161988012,0.45066901619877114,1.0708375882790183e-14,2.770768923716515e-18,0.45,0.4506690848130286,0.45066908481305856,1.0708377513138618e-14,2.7707689237223844e-18,0.4500000306465875,0.4499999892454303,49.93955921448604,49.879118428972085,49.829021909150384,49.82750794015839,49.82750794021011,49.825993971166405,49.82599397126984
306.0,0.0,0.45,0.4500000099460112,3.3326558224967844e-18,5.0893802158022024e-17,2.7729766184682462e-18,2.770134717492479e-18,0.45066901619877425,0.4500000306459836,0.4506690161987742,1.6625129003478993e-19,0.45066908481305545,0.4499999892460344,0.4506690848130555,1.6625129003496603e-19,0.45,0.45066901619877425,0.45066901619877303,1.070837588279017e-14,2.770768923716515e-18,0.45,0.45066908481305545,0.4506690848130567,1.0708377513138633e-14,2.7707689237223844e-18,0.4500000306465875,0.4499999892454303,49.93955921448604,49.879118428972085,49.829021909150384,49.82750794015839,49.82750794021011,49.825993971166405,49.82599397126984
307.0,0.0,0.45,0.4500000099460112,3.3326558224967844e-18,5.089380215802203e-17,2.7729766184682462e-18,2.770134717492479e-18,0.4506690161987447,0.4500000306462792,0.4506690161987446,1.6625129003478995e-19,0.450669084813085,0.44999998924573914,0.450669084813085,1.66251290034966e-19,0.45,0.45066901619874467,0.4506690161987733,1.0708375882790112e-14,2.770768923716515e-18,0.45,0.450669084813085,0.45066908481305645,1.070837751313869e-14,2.7707689237223844e-18,0.4500000306457476,0.44999998924627027,49.93955921448604,49.879118428972085,49.829021909150384,49.8275079401584,49.827507940210104,49.825993971166405,49.82599397126984
308.0,0.0,0.45,0.4500000099460112,3.3326558224967844e-18,5.089380215802203e-17,2.7729766184682462e-18,2.770134717492479e-18,0.45066901619874383,0.4500000306462867,0.45066901619874383,1.6625129003478995e-19,0.4506690848130858,0.4499999892457316,0.4506690848130858,1.66251290034966e-19,0.45,0.45066901619874383,0.4506690161987704,1.0708375882790051e-14,2.770768923716515e-18,0.45,0.4506690848130858,0.45066908481305934,1.0708377513138751e-14,2.770768923722384e-18,0.4500000306457476,0.44999998924627027,49.93955921448604,49.879118428972085,49.829021909150384,49.8275079401584,49.827507940210104,49.825993971166405,49.82599397126983
309.0,0.0,0.45,0.4500000099460112,3.332655822496785e-18,5.0893802158022024e-17,2.7729766184682462e-18,2.770134717492479e-18,0.45066901619875577,0.4500000306461676,0.4506690161987558,1.6625129003478995e-19,0.4506690848130739,0.44999998924585044,0.4506690848130739,1.66251290034966e-19,0.45,0.45066901619875577,0.45066901619876737,1.0708375882790007e-14,2.770768923716515e-18,0.45,0.45066908481307394,0.4506690848130623,1.0708377513138793e-14,2.7707689237223844e-18,0.45000003064574756,0.4499999892462702,49.939559214486046,49.879118428972085,49.829021909150384,49.8275079401584,49.827507940210104,49.825993971166405,49.82599397126984
310.0,0.0,0.45,0.4500000099460112,3.332655822496785e-18,5.0893802158022024e-17,2.7729766184682462e-18,2.770134717492479e-18,0.4506690161987559,0.4500000306461674,0.4506690161987559,1.6625129003478995e-19,0.45066908481307383,0.44999998924585066,0.4506690848130739,1.6625129003496603e-19,0.45,0.4506690161987559,0.4506690161987657,1.070837588278997e-14,2.770768923716515e-18,0.45,0.4506690848130739,0.4506690848130639,1.070837751313883e-14,2.7707689237223844e-18,0.4500000306461675,0.4499999892458503,49.939559214486046,49.879118428972085,49.829021909150384,49.8275079401584,49.82750794021011,49.825993971166405,49.82599397126984
311.0,0.0,0.45,0.4500000099460112,3.332655822496785e-18,5.0893802158022024e-17,2.7729766184682462e-18,2.770134717492479e-18,0.4506690161987558,0.4500000306461675,0.4506690161987558,1.6625129003478995e-19,0.4506690848130739,0.4499999892458506,0.4506690848130739,1.6625129003496603e-19,0.45,0.4506690161987558,0.45066901619876415,1.070837588278994e-14,2.770768923716515e-18,0.45,0.4506690848130739,0.4506690848130655,1.070837751313886e-14,2.770768923722384e-18,0.4500000306461675,0.4499999892458503,49.939559214486046,49.879118428972085,49.829021909150384,49.8275079401584,49.82750794021011,49.825993971166405,49.82599397126983
312.0,0.0,0.45,0.4500000099460112,3.332655822496785e-18,5.0893802158022024e-17,2.7729766184682462e-18,2.770134717492479e-18,0.45066901619875577,0.45000003064616767,0.45066901619875577,1.6625129003478993e-19,0.45066908481307394,0.44999998924585044,0.45066908481307394,1.6625129003496603e-19,0.45,0.45066901619875577,0.4506690161987627,1.0708375882789915e-14,2.770768923716515e-18,0.45,0.4506690848130739,0.450669084813067,1.0708377513138885e-14,2.770768923722384e-18,0.4500000306465875,0.4499999892454303,49.939559214486046,49.879118428972085,49.829021909150384,49.82750794015839,49.82750794021011,49.825993971166405,49.82599397126983
313.0,0.0,0.45,0.4500000099460112,3.3326558224967844e-18,5.089380215802202e-17,2.7729766184682462e-18,2.770134717492479e-18,0.45066901619875577,0.4500000306461676,0.45066901619875577,1.6625129003478993e-19,0.45066908481307394,0.4499999892458504,0.45066908481307394,1.66251290034966e-19,0.45,0.45066901619875577,0.45066901619876143,1.0708375882789895e-14,2.770768923716515e-18,0.45,0.45066908481307394,0.4506690848130683,1.0708377513138905e-14,2.770768923722384e-18,0.45000003064616745,0.4499999892458502,49.93955921448604,49.879118428972085,49.829021909150384,49.82750794015839,49.827507940210104,49.825993971166405,49.82599397126983
314.0,0.0,0.45,0.4500000099460112,3.3326558224967844e-18,5.0893802158022024e-17,2.7729766184682462e-18,2.770134717492479e-18,0.4506690161987944,0.450000030645781,0.4506690161987944,1.6625129003478993e-19,0.45066908481303536,0.4499999892462367,0.4506690848130353,1.66251290034966e-19,0.45,0.4506690161987944,0.45066901619876365,1.0708375882790012e-14,2.770768923716515e-18,0.45,0.4506690848130353,0.45066908481306606,1.0708377513138789e-14,2.7707689237223844e-18,0.4500000306461675,0.4499999892458503,49.93955921448604,49.879118428972085,49.829021909150384,49.82750794015839,49.827507940210104,49.825993971166405,49.82599397126984
315.0,0.0,0.45,0.4500000099460112,3.332655822496785e-18,5.0893802158022024e-17,2.7729766184682462e-18,2.770134717492479e-18,0.4506690161987986,0.4500000306457395,0.45066901619879857,1.6625129003478993e-19,0.45066908481303114,0.4499999892462782,0.45066908481303114,1.6625129003496603e-19,0.45,0.4506690161987986,0.45066901619876665,1.0708375882790075e-14,2.770768923716515e-18,0.45,0.4506690848130311,0.45066908481306306,1.0708377513138726e-14,2.7707689237223844e-18,0.4500000306465875,0.4499999892454303,49.939559214486046,49.879118428972085,49.829021909150384,49.82750794015839,49.82750794021011,49.825993971166405,49.82599397126984
316.0,0.0,0.45,0.4500000099460112,3.332655822496785e-18,5.0893802158022024e-17,2.7729766184682462e-18,2.770134717492479e-18,0.4506690161987711,0.45000003064601535,0.45066901619877103,1.6625129003478993e-19,0.4506690848130586,0.44999998924600265,0.4506690848130587,1.66251290034966e-19,0.45,0.4506690161987711,0.4506690161987683,1.0708375882790051e-14,2.770768923716515e-18,0.45,0.4506690848130587,0.4506690848130614,1.070837751313875e-14,2.7707689237223844e-18,0.4500000306461675,0.4499999892458503,49.939559214486046,49.879118428972085,49.829021909150384,49.82750794015839,49.827507940210104,49.825993971166405,49.82599397126984
317.0,0.0,0.45,0.4500000099460112,3.332655822496785e-18,5.089380215802202e-17,2.7729766184682462e-18,2.770134717492479e-18,0.45066901619874983,0.45000003064622773,0.45066901619874983,1.6625129003478995e-19,0.4506690848130798,0.44999998924579043,0.4506690848130799,1.66251290034966e-19,0.45,0.4506690161987499,0.4506690161987684,1.070837588279001e-14,2.770768923716515e-18,0.45,0.45066908481307993,0.4506690848130613,1.070837751313879e-14,2.7707689237223844e-18,0.4500000306457475,0.44999998924627016,49.939559214486046,49.879118428972085,49.829021909150384,49.8275079401584,49.827507940210104,49.825993971166405,49.82599397126984
318.0,0.0,0.45,0.4500000099460112,3.3326558224967844e-18,5.089380215802202e-17,2.7729766184682462e-18,2.770134717492479e-18,0.45066901619877286,0.45000003064599586,0.4506690161987729,1.6625129003478995e-19,0.45066908481305684,0.44999998924602197,0.4506690848130568,1.66251290034966e-19,0.45,0.45066901619877286,0.45066901619876676,1.0708375882790021e-14,2.770768923716515e-18,0.45,0.45066908481305684,0.450669084813063,1.070837751313878e-14,2.770768923722384e-18,0.4500000306457475,0.44999998924627016,49.93955921448604,49.879118428972085,49.829021909150384,49.8275079401584,49.827507940210104,49.825993971166405,49.82599397126983
319.0,0.0,0.45,0.4500000099460112,3.3326558224967844e-18,5.0893802158022024e-17,2.7729766184682462e-18,2.770134717492479e-18,0.45066901619876015,0.4500000306461245,0.45066901619876015,1.6625129003478995e-19,0.4506690848130695,0.44999998924589363,0.45066908481306955,1.66251290034966e-19,0.45,0.45066901619876015,0.4506690161987677,1.0708375882790021e-14,2.770768923716515e-18,0.45,0.45066908481306955,0.450669084813062,1.070837751313878e-14,2.7707689237223844e-18,0.45000003064574756,0.4499999892462702,49.93955921448604,49.879118428972085,49.829021909150384,49.8275079401584,49.827507940210104,49.825993971166405,49.82599397126984
320.0,0.0,0.45,0.4500000099460112,3.3326558224967844e-18,5.0893802158022024e-17,2.7729766184682462e-18,2.770134717492479e-18,0.45066901619874045,0.4500000306463224,0.4506690161987404,1.6625129003478995e-19,0.45066908481308915,0.449999989245696,0.45066908481308926,1.6625129003496603e-19,0.45,0.45066901619874045,0.45066901619876765,1.0708375882789983e-14,2.770768923716515e-18,0.45,0.45066908481308926,0.450669084813062,1.0708377513138817e-14,2.7707689237223844e-18,0.4500000306461675,0.4499999892458503,49.93955921448604,49.879118428972085,49.829021909150384,49.8275079401584,49.82750794021011,49.825993971166405,49.82599397126984
321.0,0.0,0.45,0.4500000099460112,3.3326558224967844e-18,5.089380215802202e-17,2.7729766184682462e-18,2.770134717492479e-18,0.4506690161987475,0.45000003064625105,0.4506690161987475,1.6625129003478995e-19,0.45066908481308215,0.4499999892457672,0.4506690848130822,1.6625129003496603e-19,0.45,0.4506690161987475,0.4506690161987655,1.070837588278995e-14,2.770768923716515e-18,0.45,0.4506690848130822,0.45066908481306417,1.0708377513138849e-14,2.770768923722384e-18,0.45000003064616745,0.4499999892458502,49.93955921448604,49.879118428972085,49.829021909150384,49.8275079401584,49.82750794021011,49.825993971166405,49.82599397126983
322.0,0.0,0.45,0.4500000099460112,3.332655822496785e-18,5.089380215802202e-17,2.7729766184682462e-18,2.770134717492479e-18,0.4506690161987614,0.4500000306461113,0.4506690161987614,1.6625129003478995e-19,0.4506690848130684,0.4499999892459066,0.4506690848130683,1.66251290034966e-19,0.45,0.4506690161987614,0.45066901619876293,1.0708375882789923e-14,2.770768923716515e-18,0.45,0.4506690848130684,0.4506690848130668,1.0708377513138877e-14,2.770768923722384e-18,0.4500000306457475,0.44999998924627016,49.939559214486046,49.879118428972085,49.829021909150384,49.8275079401584,49.827507940210104,49.825993971166405,49.82599397126983
323.0,0.0,0.45,0.4500000099460112,3.332655822496785e-18,5.0893802158022024e-17,2.7729766184682462e-18,2.770134717492479e-18,0.45066901619876215,0.4500000306461041,0.4506690161987621,1.6625129003478995e-19,0.4506690848130676,0.44999998924591395,0.45066908481306756,1.66251290034966e-19,0.45,0.45066901619876215,0.45066901619876165,1.07083758827899e-14,2.770768923716515e-18,0.45,0.4506690848130676,0.45066908481306805,1.07083775131389e-14,2.770768923722384e-18,0.45000003064574756,0.4499999892462702,49.939559214486046,49.879118428972085,49.829021909150384,49.8275079401584,49.827507940210104,49.825993971166405,49.82599397126983
324.0,0.0,0.45,0.4500000099460112,3.332655822496785e-18,5.0893802158022024e-17,2.7729766184682462e-18,2.770134717492479e-18,0.4506690161987934,0.4500000306457909,0.45066901619879346,1.6625129003478993e-19,0.45066908481303636,0.44999998924622686,0.4506690848130363,1.66251290034966e-19,0.45,0.4506690161987934,0.4506690161987622,1.0708375882789977e-14,2.770768923716515e-18,0.45,0.45066908481303636,0.45066908481306744,1.0708377513138825e-14,2.7707689237223844e-18,0.4500000306461675,0.4499999892458503,49.939559214486046,49.879118428972085,49.829021909150384,49.82750794015839,49.827507940210104,49.825993971166405,49.82599397126984
325.0,0.0,0.45,0.4500000099460112,3.332655822496785e-18,5.089380215802203e-17,2.7729766184682462e-18,2.770134717492479e-18,0.45066901619881317,0.45000003064559274,0.4506690161988133,1.6625129003478993e-19,0.4506690848130166,0.4499999892464248,0.45066908481301654,1.6625129003496603e-19,0.45,0.4506690161988132,0.4506690161987656,1.0708375882790087e-14,2.770768923716515e-18,0.45,0.4506690848130166,0.45066908481306406,1.0708377513138713e-14,2.7707689237223844e-18,0.45000003064658756,0.44999998924543033,49.939559214486046,49.879118428972085,49.829021909150384,49.82750794015839,49.82750794021011,49.825993971166405,49.82599397126984
326.0,0.0,0.45,0.4500000099460112,3.332655822496785e-18,5.089380215802203e-17,2.7729766184682462e-18,2.770134717492479e-18,0.4506690161988061,0.45000003064566413,0.45066901619880617,1.6625129003478993e-19,0.4506690848130236,0.4499999892463535,0.4506690848130236,1.66251290034966e-19,0.45,0.45066901619880617,0.4506690161987707,1.0708375882790183e-14,2.770768923716515e-18,0.45,0.45066908481302365,0.450669084813059,1.0708377513138618e-14,2.7707689237223844e-18,0.45000003064616756,0.44999998924585033,49.939559214486046,49.879118428972085,49.829021909150384,49.82750794015839,49.827507940210104,49.825993971166405,49.82599397126984
327.0,0.0,0.45,0.4500000099460112,3.3326558224967844e-18,5.0893802158022024e-17,2.7729766184682462e-18,2.770134717492479e-18,0.45066901619879224,0.450000030645804,0.4506690161987922,1.6625129003478995e-19,0.4506690848130375,0.44999998924621376,0.4506690848130375,1.66251290034966e-19,0.45,0.45066901619879224,0.45066901619877586,1.0708375882790264e-14,2.770768923716515e-18,0.45,0.4506690848130375,0.4506690848130539,1.0708377513138536e-14,2.7707689237223844e-18,0.45000003064574756,0.4499999892462702,49.93955921448604,49.879118428972085,49.829021909150384,49.8275079401584,49.827507940210104,49.825993971166405,49.82599397126984
328.0,0.0,0.45,0.4500000099460112,3.3326558224967844e-18,5.0893802158022024e-17,2.7729766184682462e-18,2.770134717492479e-18,0.4506690161987914,0.4500000306458113,0.45066901619879146,1.6625129003478993e-19,0.4506690848130383,0.44999998924620643,0.4506690848130383,1.66251290034966e-19,0.45,0.45066901619879146,0.4506690161987793,1.0708375882790333e-14,2.770768923716515e-18,0.45,0.4506690848130383,0.45066908481305046,1.0708377513138468e-14,2.770768923722384e-18,0.4500000306461675,0.4499999892458503,49.93955921448604,49.879118428972085,49.829021909150384,49.82750794015839,49.827507940210104,49.825993971166405,49.82599397126983
329.0,0.0,0.45,0.4500000099460112,3.3326558224967844e-18,5.089380215802202e-17,2.7729766184682462e-18,2.770134717492479e-18,0.4506690161987602,0.45000003064612437,0.45066901619876015,1.6625129003478995e-19,0.45066908481306955,0.4499999892458937,0.4506690848130696,1.66251290034966e-19,0.45,0.4506690161987602,0.4506690161987804,1.0708375882790296e-14,2.770768923716515e-18,0.45,0.45066908481306955,0.4506690848130493,1.0708377513138505e-14,2.7707689237223844e-18,0.4500000306457475,0.44999998924627016,49.93955921448604,49.879118428972085,49.829021909150384,49.8275079401584,49.827507940210104,49.825993971166405,49.82599397126984
330.0,0.0,0.45,0.4500000099460112,3.3326558224967844e-18,5.089380215802202e-17,2.7729766184682462e-18,2.770134717492479e-18,0.45066901619874045,0.45000003064632255,0.45066901619874034,1.6625129003478995e-19,0.45066908481308926,0.44999998924569573,0.45066908481308937,1.6625129003496603e-19,0.45,0.4506690161987404,0.4506690161987786,1.070837588279022e-14,2.770768923716515e-18,0.45,0.4506690848130893,0.4506690848130511,1.070837751313858e-14,2.7707689237223844e-18,0.45000003064616745,0.4499999892458502,49.93955921448604,49.879118428972085,49.829021909150384,49.8275079401584,49.82750794021011,49.825993971166405,49.82599397126984
331.0,0.0,0.45,0.4500000099460112,3.3326558224967844e-18,5.0893802158022024e-17,2.7729766184682462e-18,2.770134717492479e-18,0.4506690161987475,0.45000003064625116,0.4506690161987475,1.6625129003478995e-19,0.4506690848130822,0.44999998924576706,0.4506690848130822,1.6625129003496603e-19,0.45,0.45066901619874744,0.45066901619877475,1.0708375882790154e-14,2.770768923716515e-18,0.45,0.45066908481308227,0.45066908481305495,1.0708377513138647e-14,2.770768923722384e-18,0.4500000306461675,0.4499999892458503,49.93955921448604,49.879118428972085,49.829021909150384,49.8275079401584,49.82750794021011,49.825993971166405,49.82599397126983
332.0,0.0,0.45,0.4500000099460112,3.3326558224967844e-18,5.0893802158022024e-17,2.7729766184682462e-18,2.770134717492479e-18,0.4506690161987614,0.45000003064611127,0.45066901619876143,1.6625129003478993e-19,0.45066908481306833,0.4499999892459068,0.4506690848130682,1.6625129003496603e-19,0.45,0.4506690161987614,0.45066901619877076,1.0708375882790097e-14,2.770768923716515e-18,0.45,0.4506690848130683,0.450669084813059,1.0708377513138704e-14,2.770768923722384e-18,0.4500000306465875,0.4499999892454303,49.93955921448604,49.879118428972085,49.829021909150384,49.82750794015839,49.82750794021011,49.825993971166405,49.82599397126983
333.0,0.0,0.45,0.4500000099460112,3.3326558224967844e-18,5.0893802158022024e-17,2.7729766184682462e-18,2.770134717492479e-18,0.45066901619876215,0.450000030646104,0.45066901619876215,1.6625129003478993e-19,0.45066908481306756,0.449999989245914,0.4506690848130675,1.66251290034966e-19,0.45,0.45066901619876215,0.45066901619876826,1.070837588279005e-14,2.770768923716515e-18,0.45,0.45066908481306756,0.4506690848130615,1.070837751313875e-14,2.770768923722384e-18,0.4500000306461675,0.4499999892458503,49.93955921448604,49.879118428972085,49.829021909150384,49.82750794015839,49.827507940210104,49.825993971166405,49.82599397126983
334.0,0.0,0.45,0.4500000099460112,3.332655822496785e-18,5.0893802158022024e-17,2.7729766184682462e-18,2.770134717492479e-18,0.4506690161987944,0.450000030645781,0.45066901619879446,1.6625129003478993e-19,0.4506690848130353,0.44999998924623674,0.4506690848130353,1.66251290034966e-19,0.45,0.4506690161987944,0.4506690161987699,1.0708375882790146e-14,2.770768923716515e-18,0.45,0.45066908481303536,0.45066908481305973,1.0708377513138655e-14,2.7707689237223844e-18,0.4500000306461675,0.4499999892458503,49.939559214486046,49.879118428972085,49.829021909150384,49.82750794015839,49.827507940210104,49.825993971166405,49.82599397126984
335.0,0.0,0.45,0.4500000099460112,3.332655822496785e-18,5.089380215802203e-17,2.7729766184682462e-18,2.770134717492479e-18,0.45066901619879857,0.45000003064573957,0.4506690161987986,1.6625129003478993e-19,0.4506690848130312,0.44999998924627815,0.4506690848130312,1.6625129003496603e-19,0.45,0.45066901619879857,0.4506690161987719,1.070837588279019e-14,2.770768923716515e-18,0.45,0.4506690848130312,0.4506690848130577,1.0708377513138612e-14,2.7707689237223844e-18,0.45000003064658756,0.44999998924543033,49.939559214486046,49.879118428972085,49.829021909150384,49.82750794015839,49.82750794021011,49.825993971166405,49.82599397126984
336.0,0.0,0.45,0.4500000099460112,3.332655822496785e-18,5.089380215802203e-17,2.7729766184682462e-18,2.770134717492479e-18,0.4506690161987711,0.4500000306460154,0.45066901619877103,1.6625129003478995e-19,0.4506690848130587,0.44999998924600265,0.4506690848130587,1.66251290034966e-19,0.45,0.4506690161987711,0.4506690161987728,1.0708375882790149e-14,2.770768923716515e-18,0.45,0.4506690848130587,0.45066908481305684,1.0708377513138651e-14,2.7707689237223844e-18,0.4500000306457476,0.44999998924627027,49.939559214486046,49.879118428972085,49.829021909150384,49.8275079401584,49.827507940210104,49.825993971166405,49.82599397126984
337.0,0.0,0.45,0.4500000099460112,3.332655822496785e-18,5.089380215802203e-17,2.7729766184682462e-18,2.770134717492479e-18,0.45066901619874983,0.45000003064622773,0.4506690161987498,1.6625129003478995e-19,0.4506690848130798,0.44999998924579054,0.4506690848130799,1.66251290034966e-19,0.45,0.45066901619874983,0.45066901619877225,1.0708375882790095e-14,2.770768923716515e-18,0.45,0.4506690848130798,0.4506690848130574,1.0708377513138707e-14,2.770768923722384e-18,0.4500000306457476,0.44999998924627027,49.939559214486046,49.879118428972085,49.829021909150384,49.8275079401584,49.827507940210104,49.825993971166405,49.82599397126983
338.0,0.0,0.45,0.4500000099460112,3.332655822496785e-18,5.089380215802203e-17,2.7729766184682462e-18,2.770134717492479e-18,0.4506690161987728,0.4500000306459959,0.4506690161987729,1.6625129003478995e-19,0.45066908481305684,0.44999998924602214,0.4506690848130568,1.66251290034966e-19,0.45,0.4506690161987729,0.45066901619877014,1.0708375882790094e-14,2.770768923716515e-18,0.45,0.4506690848130568,0.4506690848130596,1.0708377513138708e-14,2.770768923722384e-18,0.4500000306457476,0.44999998924627027,49.939559214486046,49.879118428972085,49.829021909150384,49.8275079401584,49.827507940210104,49.825993971166405,49.82599397126983
339.0,0.0,0.45,0.4500000099460112,3.332655822496785e-18,5.089380215802203e-17,2.7729766184682462e-18,2.770134717492479e-18,0.4506690161987985,0.45000003064574007,0.4506690161987985,1.6625129003478993e-19,0.4506690848130312,0.44999998924627765,0.45066908481303114,1.66251290034966e-19,0.45,0.4506690161987985,0.45066901619877237,1.0708375882790206e-14,2.770768923716515e-18,0.45,0.4506690848130312,0.4506690848130574,1.0708377513138596e-14,2.7707689237223844e-18,0.45000003064616756,0.44999998924585033,49.939559214486046,49.879118428972085,49.829021909150384,49.82750794015839,49.827507940210104,49.825993971166405,49.82599397126984
340.0,0.0,0.45,0.4500000099460112,3.332655822496785e-18,5.0893802158022024e-17,2.7729766184682462e-18,2.770134717492479e-18,0.45066901619878585,0.45000003064586847,0.45066901619878574,1.6625129003478993e-19,0.4506690848130439,0.44999998924614937,0.4506690848130439,1.6625129003496603e-19,0.45,0.45066901619878574,0.45066901619877553,1.0708375882790253e-14,2.770768923716515e-18,0.45,0.4506690848130439,0.45066908481305423,1.0708377513138549e-14,2.7707689237223844e-18,0.4500000306465875,0.4499999892454303,49.939559214486046,49.879118428972085,49.829021909150384,49.82750794015839,49.82750794021011,49.825993971166405,49.82599397126984
341.0,0.0,0.45,0.4500000099460112,3.332655822496785e-18,5.089380215802203e-17,2.7729766184682462e-18,2.770134717492479e-18,0.450669016198766,0.4500000306460671,0.45066901619876587,1.6625129003478995e-19,0.4506690848130638,0.4499999892459511,0.4506690848130638,1.6625129003496603e-19,0.45,0.4506690161987659,0.4506690161987764,1.0708375882790228e-14,2.770768923716515e-18,0.45,0.4506690848130637,0.45066908481305334,1.0708377513138574e-14,2.7707689237223844e-18,0.45000003064616756,0.44999998924585033,49.939559214486046,49.879118428972085,49.829021909150384,49.8275079401584,49.82750794021011,49.825993971166405,49.82599397126984
342.0,0.0,0.45,0.4500000099460112,3.332655822496785e-18,5.089380215802203e-17,2.7729766184682462e-18,2.770134717492479e-18,0.45066901619875027,0.45000003064622296,0.45066901619875027,1.6625129003478995e-19,0.45066908481307943,0.44999998924579543,0.4506690848130794,1.66251290034966e-19,0.45,0.45066901619875027,0.45066901619877514,1.0708375882790163e-14,2.770768923716515e-18,0.45,0.4506690848130794,0.4506690848130546,1.0708377513138637e-14,2.7707689237223844e-18,0.4500000306457476,0.44999998924627027,49.939559214486046,49.879118428972085,49.829021909150384,49.8275079401584,49.827507940210104,49.825993971166405,49.82599397126984
343.0,0.0,0.45,0.4500000099460112,3.332655822496785e-18,5.0893802158022036e-17,2.7729766184682462e-18,2.770134717492479e-18,0.45066901619875016,0.45000003064622324,0.4506690161987502,1.6625129003478995e-19,0.45066908481307955,0.4499999892457952,0.4506690848130795,1.66251290034966e-19,0.45,0.4506690161987502,0.4506690161987719,1.0708375882790094e-14,2.770768923716515e-18,0.45,0.4506690848130795,0.45066908481305784,1.0708377513138707e-14,2.770768923722384e-18,0.4500000306457477,0.4499999892462703,49.939559214486046,49.879118428972085,49.829021909150384,49.8275079401584,49.827507940210104,49.825993971166405,49.82599397126983
344.0,0.0,0.45,0.4500000099460112,3.3326558224967844e-18,5.089380215802202e-17,2.7729766184682462e-18,2.770134717492479e-18,0.45066901619875577,0.4500000306461676,0.45066901619875577,1.6625129003478995e-19,0.4506690848130739,0.4499999892458505,0.4506690848130739,1.66251290034966e-19,0.45,0.45066901619875577,0.4506690161987691,1.0708375882790043e-14,2.770768923716515e-18,0.45,0.4506690848130739,0.4506690848130606,1.0708377513138757e-14,2.7707689237223844e-18,0.4500000306457475,0.44999998924627016,49.93955921448604,49.879118428972085,49.829021909150384,49.8275079401584,49.827507940210104,49.825993971166405,49.82599397126984
345.0,0.0,0.45,0.4500000099460112,3.3326558224967844e-18,5.089380215802201e-17,2.7729766184682462e-18,2.770134717492479e-18,0.4506690161987558,0.45000003064616745,0.4506690161987558,1.6625129003478995e-19,0.45066908481307383,0.4499999892458505,0.4506690848130739,1.6625129003496603e-19,0.45,0.45066901619875577,0.45066901619876726,1.0708375882790002e-14,2.770768923716515e-18,0.45,0.4506690848130739,0.45066908481306245,1.0708377513138798e-14,2.7707689237223844e-18,0.4500000306461674,0.44999998924585016,49.93955921448604,49.879118428972085,49.829021909150384,49.8275079401584,49.82750794021011,49.825993971166405,49.82599397126984
346.0,0.0,0.45,0.4500000099460112,3.3326558224967844e-18,5.089380215802202e-17,2.7729766184682462e-18,2.770134717492479e-18,0.4506690161987558,0.45000003064616745,0.45066901619875577,1.6625129003478995e-19,0.4506690848130739,0.4499999892458505,0.4506690848130739,1.6625129003496603e-19,0.45,0.45066901619875577,0.4506690161987655,1.0708375882789967e-14,2.770768923716515e-18,0.45,0.4506690848130739,0.45066908481306417,1.0708377513138833e-14,2.770768923722384e-18,0.45000003064616745,0.4499999892458502,49.93955921448604,49.879118428972085,49.829021909150384,49.8275079401584,49.82750794021011,49.825993971166405,49.82599397126983
347.0,0.0,0.45,0.4500000099460112,3.3326558224967844e-18,5.0893802158022024e-17,2.7729766184682462e-18,2.770134717492479e-18,0.4506690161987558,0.45000003064616756,0.45066901619875577,1.6625129003478993e-19,0.45066908481307394,0.44999998924585044,0.45066908481307394,1.66251290034966e-19,0.45,0.45066901619875577,0.45066901619876387,1.0708375882789937e-14,2.770768923716515e-18,0.45,0.4506690848130739,0.4506690848130658,1.0708377513138863e-14,2.770768923722384e-18,0.4500000306461675,0.4499999892458503,49.93955921448604,49.879118428972085,49.829021909150384,49.82750794015839,49.827507940210104,49.825993971166405,49.82599397126983
348.0,0.0,0.45,0.4500000099460112,3.3326558224967844e-18,5.089380215802202e-17,2.7729766184682462e-18,2.770134717492479e-18,0.45066901619875577,0.4500000306461676,0.4506690161987558,1.6625129003478993e-19,0.45066908481307394,0.44999998924585044,0.45066908481307394,1.6625129003496603e-19,0.45,0.45066901619875577,0.4506690161987625,1.0708375882789914e-14,2.770768923716515e-18,0.45,0.4506690848130739,0.45066908481306717,1.0708377513138887e-14,2.770768923722384e-18,0.45000003064658745,0.4499999892454302,49.93955921448604,49.879118428972085,49.829021909150384,49.82750794015839,49.82750794021011,49.825993971166405,49.82599397126983
349.0,0.0,0.45,0.4500000099460112,3.3326558224967844e-18,5.0893802158022024e-17,2.7729766184682462e-18,2.770134717492479e-18,0.45066901619875605,0.4500000306461669,0.45066901619875593,1.6625129003478995e-19,0.4506690848130737,0.44999998924585105,0.4506690848130738,1.66251290034966e-19,0.45,0.45066901619875593,0.45066901619876226,1.0708375882789895e-14,2.770768923716515e-18,0.45,0.4506690848130737,0.45066908481306744,1.0708377513138905e-14,2.770768923722384e-18,0.45000003064574756,0.4499999892462702,49.93955921448604,49.879118428972085,49.829021909150384,49.8275079401584,49.827507940210104,49.825993971166405,49.82599397126983
350.0,0.0,0.45,0.4500000099460118,3.3326558224967844e-18,5.0893802158025943e-17,2.7729766184682462e-18,2.770134717492479e-18,0.45066901619873934,0.450000030646338,0.450669016198739,1.6625129003478995e-19,0.4506690848130835,0.44999998924574935,0.4506690848130838,1.66251290034966e-19,0.45,0.4506690161987391,0.45066901619876637,1.0708375882789948e-14,2.770768923716515e-18,0.45,0.45066908481308365,0.4506690848130637,1.0708377513138846e-14,2.7707689237223844e-18,0.4500000306457822,0.44999998924630485,49.93955921448604,49.879118428972085,49.829021909150384,49.8275079401584,49.827507940210104,49.825993971166405,49.82599397126984
351.0,0.0,0.45,0.45000000994601086,3.3326558224967844e-18,5.0893802158018055e-17,2.7729766184682462e-18,2.770134717492479e-18,0.4506690161987663,0.45000003064606015,0.4506690161987664,1.6625129003478993e-19,0.4506690848130704,0.4499999892458864,0.45066908481307033,1.66251290034966e-19,0.45,0.45066901619876637,0.4506690161987621,1.0708375882789914e-14,2.770768923716515e-18,0.45,0.4506690848130704,0.4506690848130661,1.0708377513138869e-14,2.770768923722384e-18,0.4500000306461324,0.4499999892458152,49.93955921448604,49.879118428972085,49.829021909150384,49.82750794015839,49.827507940210104,49.825993971166405,49.82599397126983
352.0,0.0,0.45,0.45000000994601125,3.332655822496785e-18,5.0893802158022455e-17,2.7729766184682462e-18,2.770134717492479e-18,0.4506690161988001,0.45000003064572364,0.4506690161988002,1.6625129003478993e-19,0.4506690848130289,0.4499999892463013,0.45066908481302886,1.66251290034966e-19,0.45,0.4506690161988002,0.4506690161987655,1.0708375882790057e-14,2.770768923716515e-18,0.45,0.45066908481302886,0.45066908481306395,1.070837751313873e-14,2.7707689237223844e-18,0.45000003064617133,0.4499999892458541,49.939559214486046,49.879118428972085,49.829021909150384,49.82750794015839,49.827507940210104,49.825993971166405,49.82599397126984
353.0,0.0,0.45,0.4500000099460115,3.332655822496785e-18,5.0893802158024575e-17,2.7729766184682462e-18,2.770134717492479e-18,0.4506690161988115,0.45000003064560956,0.45066901619881156,1.6625129003478993e-19,0.4506690848130139,0.4499999892464532,0.4506690848130137,1.66251290034966e-19,0.45,0.45066901619881156,0.45066901619876787,1.070837588279012e-14,2.770768923716515e-18,0.45,0.45066908481301376,0.45066908481306284,1.0708377513138667e-14,2.7707689237223844e-18,0.45000003064619004,0.4499999892458728,49.939559214486046,49.879118428972085,49.829021909150384,49.82750794015839,49.827507940210104,49.825993971166405,49.82599397126984
354.0,0.0,0.45,0.4500000099460113,3.332655822496785e-18,5.0893802158022936e-17,2.7729766184682462e-18,2.770134717492479e-18,0.45066901619882616,0.450000030645463,0.4506690161988262,1.6625129003478993e-19,0.4506690848130021,0.44999998924657036,0.45066908481300194,1.66251290034966e-19,0.45,0.4506690161988262,0.45066901619877187,1.0708375882790207e-14,2.770768923716515e-18,0.45,0.450669084813002,0.45066908481306006,1.0708377513138571e-14,2.770768923722384e-18,0.45000003064617555,0.4499999892458583,49.939559214486046,49.879118428972085,49.829021909150384,49.82750794015839,49.827507940210104,49.825993971166405,49.82599397126983
355.0,0.0,0.45,0.450000009946011,3.3326558224967844e-18,5.0893802158020834e-17,2.7729766184682462e-18,2.770134717492479e-18,0.45066901619888344,0.4500000306448892,0.45066901619888355,1.6625129003478995e-19,0.45066908481294854,0.44999998924710616,0.4506690848129484,1.66251290034966e-19,0.45,0.45066901619888355,0.4506690161987803,1.0708375882790461e-14,2.770768923716515e-18,0.45,0.4506690848129485,0.45066908481305346,1.070837751313829e-14,2.770768923722384e-18,0.450000030645737,0.44999998924625967,49.93955921448604,49.879118428972085,49.829021909150384,49.8275079401584,49.827507940210104,49.825993971166405,49.82599397126983
356.0,0.0,0.45,0.45000000994601114,3.3326558224967844e-18,5.089380215802156e-17,2.7729766184682462e-18,2.770134717492479e-18,0.4506690161990227,0.45000003064349303,0.4506690161990231,1.6625129003478993e-19,0.45066908481280815,0.4499999892485137,0.45066908481280776,1.66251290034966e-19,0.45,0.45066901619902294,0.4506690161987961,1.0708375882791026e-14,2.770768923716515e-18,0.45,0.45066908481280793,0.4506690848130407,1.0708377513137678e-14,2.770768923722384e-18,0.4500000306461634,0.44999998924584617,49.93955921448604,49.879118428972085,49.829021909150384,49.82750794015839,49.827507940210104,49.825993971166405,49.82599397126983
357.0,0.0,0.45,0.4500000099460112,3.332655822496785e-18,5.089380215802202e-17,2.7729766184682462e-18,2.770134717492479e-18,0.45066901619873545,0.4500000306463791,0.4506690161987349,1.6625129003478995e-19,0.45066908481309426,0.44999998924563894,0.4506690848130948,1.66251290034966e-19,0.45,0.4506690161987352,0.4506690161988124,1.0708375882790947e-14,2.770768923716515e-18,0.45,0.4506690848130945,0.4506690848130121,1.0708377513137762e-14,2.7707689237223844e-18,0.4500000306457475,0.44999998924627016,49.939559214486046,49.879118428972085,49.829021909150384,49.8275079401584,49.827507940210104,49.825993971166405,49.82599397126984
358.0,0.0,0.45,0.4500000099460112,3.332655822496785e-18,5.089380215802201e-17,2.7729766184682462e-18,2.770134717492479e-18,0.4506690161986508,0.4500000306472253,0.45066901619865024,1.6625129003478995e-19,0.45066908481317886,0.44999998924479356,0.45066908481317935,1.6625129003496603e-19,0.45,0.4506690161986505,0.45066901619881106,1.0708375882790794e-14,2.770768923716515e-18,0.45,0.4506690848131791,0.4506690848130102,1.0708377513137929e-14,2.7707689237223844e-18,0.4500000306461674,0.44999998924585016,49.939559214486046,49.879118428972085,49.829021909150384,49.8275079401584,49.82750794021011,49.825993971166405,49.82599397126984
359.0,0.0,0.45,0.4500000099460112,3.3326558224967844e-18,5.089380215802202e-17,2.7729766184682462e-18,2.770134717492479e-18,0.45066901619872096,0.4500000306465159,0.45066901619872096,1.6625129003478995e-19,0.45066908481310874,0.44999998924550233,0.45066908481310874,1.6625129003496603e-19,0.45,0.45066901619872096,0.4506690161988002,1.0708375882790666e-14,2.770768923716515e-18,0.45,0.45066908481310874,0.45066908481302465,1.070837751313807e-14,2.7707689237223844e-18,0.45000003064616745,0.4499999892458502,49.93955921448604,49.879118428972085,49.829021909150384,49.8275079401584,49.82750794021011,49.825993971166405,49.82599397126984
360.0,0.0,0.45,0.4500000099460112,3.3326558224967844e-18,5.0893802158022024e-17,2.7729766184682462e-18,2.770134717492479e-18,0.45066901619879957,0.45000003064572514,0.45066901619879984,1.6625129003478993e-19,0.4506690848130302,0.44999998924629225,0.45066908481302986,1.66251290034966e-19,0.45,0.45066901619879973,0.45066901619878835,1.0708375882790527e-14,2.770768923716515e-18,0.45,0.45066908481303003,0.4506690848130406,1.070837751313822e-14,2.7707689237223844e-18,0.4500000306461675,0.4499999892458503,49.93955921448604,49.879118428972085,49.829021909150384,49.82750794015839,49.827507940210104,49.825993971166405,49.82599397126984
361.0,0.0,0.45,0.4500000099460112,3.332655822496785e-18,5.089380215802202e-17,2.7729766184682462e-18,2.770134717492479e-18,0.45066901619874017,0.45000003064632754,0.4506690161987399,1.6625129003478993e-19,0.4506690848130895,0.44999998924569046,0.45066908481308976,1.66251290034966e-19,0.45,0.45066901619874006,0.4506690161987844,1.070837588279034e-14,2.770768923716515e-18,0.45,0.45066908481308965,0.45066908481304335,1.070837751313842e-14,2.770768923722384e-18,0.45000003064616745,0.4499999892458502,49.939559214486046,49.879118428972085,49.829021909150384,49.82750794015839,49.827507940210104,49.825993971166405,49.82599397126983
362.0,0.0,0.45,0.4500000099460112,3.332655822496785e-18,5.0893802158022024e-17,2.7729766184682462e-18,2.770134717492479e-18,0.4506690161988027,0.45000003064569666,0.4506690161988028,1.6625129003478993e-19,0.45066908481302714,0.44999998924632073,0.450669084813027,1.66251290034966e-19,0.45,0.45066901619880273,0.4506690161987812,1.0708375882790403e-14,2.770768923716515e-18,0.45,0.4506690848130271,0.450669084813047,1.0708377513138363e-14,2.7707689237223844e-18,0.4500000306461675,0.4499999892458503,49.939559214486046,49.879118428972085,49.829021909150384,49.82750794015839,49.827507940210104,49.825993971166405,49.82599397126984
363.0,0.0,0.45,0.4500000099460112,3.3326558224967844e-18,5.089380215802203e-17,2.7729766184682462e-18,2.770134717492479e-18,0.45066901619880934,0.4500000306456287,0.45066901619880956,1.6625129003478993e-19,0.4506690848130204,0.4499999892463887,0.45066908481302026,1.66251290034966e-19,0.45,0.45066901619880945,0.45066901619878014,1.0708375882790389e-14,2.770768923716515e-18,0.45,0.45066908481302037,0.4506690848130486,1.0708377513138382e-14,2.7707689237223844e-18,0.45000003064616756,0.44999998924585033,49.93955921448604,49.879118428972085,49.829021909150384,49.82750794015839,49.827507940210104,49.825993971166405,49.82599397126984
364.0,0.0,0.45,0.4500000099460112,3.3326558224967844e-18,5.089380215802203e-17,2.7729766184682462e-18,2.770134717492479e-18,0.4506690161987701,0.45000003064602473,0.4506690161987701,1.6625129003478993e-19,0.4506690848130596,0.4499999892459931,0.4506690848130596,1.66251290034966e-19,0.45,0.45066901619877003,0.45066901619878047,1.0708375882790311e-14,2.770768923716515e-18,0.45,0.4506690848130597,0.45066908481304846,1.0708377513138462e-14,2.7707689237223844e-18,0.45000003064616756,0.44999998924585033,49.93955921448604,49.879118428972085,49.829021909150384,49.82750794015839,49.827507940210104,49.825993971166405,49.82599397126984
365.0,0.0,0.45,0.4500000099460112,3.332655822496785e-18,5.089380215802203e-17,2.7729766184682462e-18,2.770134717492479e-18,0.4506690161987424,0.4500000306463038,0.4506690161987423,1.6625129003478995e-19,0.45066908481308726,0.4499999892457143,0.4506690848130874,1.66251290034966e-19,0.45,0.45066901619874233,0.45066901619877975,1.0708375882790237e-14,2.770768923716515e-18,0.45,0.4506690848130874,0.4506690848130492,1.0708377513138538e-14,2.770768923722384e-18,0.4500000306457476,0.44999998924627027,49.939559214486046,49.879118428972085,49.829021909150384,49.8275079401584,49.827507940210104,49.825993971166405,49.82599397126983
366.0,0.0,0.45,0.4500000099460112,3.332655822496785e-18,5.0893802158022024e-17,2.7729766184682462e-18,2.770134717492479e-18,0.4506690161987839,0.45000003064588484,0.450669016198784,1.6625129003478995e-19,0.45066908481304585,0.4499999892461328,0.45066908481304574,1.66251290034966e-19,0.45,0.45066901619878397,0.45066901619877575,1.0708375882790234e-14,2.770768923716515e-18,0.45,0.45066908481304585,0.4506690848130535,1.070837751313854e-14,2.770768923722384e-18,0.45000003064574756,0.4499999892462702,49.939559214486046,49.879118428972085,49.829021909150384,49.8275079401584,49.827507940210104,49.825993971166405,49.82599397126983
367.0,0.0,0.45,0.4500000099460112,3.332655822496785e-18,5.0893802158022024e-17,2.7729766184682462e-18,2.770134717492479e-18,0.4506690161987531,0.4500000306461958,0.45066901619875305,1.6625129003478995e-19,0.45066908481307666,0.4499999892458221,0.4506690848130767,1.66251290034966e-19,0.45,0.45066901619875305,0.45066901619877514,1.070837588279017e-14,2.770768923716515e-18,0.45,0.45066908481307666,0.45066908481305334,1.0708377513138609e-14,2.7707689237223844e-18,0.45000003064574756,0.4499999892462702,49.939559214486046,49.879118428972085,49.829021909150384,49.8275079401584,49.827507940210104,49.825993971166405,49.82599397126984
368.0,0.0,0.45,0.4500000099460112,3.332655822496785e-18,5.0893802158022024e-17,2.7729766184682462e-18,2.770134717492479e-18,0.45066901619874356,0.4500000306462917,0.4506690161987435,1.6625129003478995e-19,0.45066908481308615,0.44999998924572626,0.45066908481308626,1.6625129003496603e-19,0.45,0.4506690161987435,0.45066901619877386,1.0708375882790127e-14,2.770768923716515e-18,0.45,0.4506690848130862,0.45066908481305445,1.0708377513138655e-14,2.7707689237223844e-18,0.4500000306461675,0.4499999892458503,49.939559214486046,49.879118428972085,49.829021909150384,49.8275079401584,49.82750794021011,49.825993971166405,49.82599397126984
369.0,0.0,0.45,0.4500000099460112,3.3326558224967844e-18,5.089380215802202e-17,2.7729766184682462e-18,2.770134717492479e-18,0.45066901619875294,0.4500000306461966,0.45066901619875294,1.6625129003478995e-19,0.45066908481307677,0.44999998924582124,0.45066908481307677,1.6625129003496603e-19,0.45,0.45066901619875294,0.4506690161987716,1.0708375882790097e-14,2.770768923716515e-18,0.45,0.4506690848130768,0.45066908481305706,1.0708377513138691e-14,2.770768923722384e-18,0.45000003064616745,0.4499999892458502,49.93955921448604,49.879118428972085,49.829021909150384,49.8275079401584,49.82750794021011,49.825993971166405,49.82599397126983
370.0,0.0,0.45,0.4500000099460112,3.3326558224967844e-18,5.089380215802202e-17,2.7729766184682462e-18,2.770134717492479e-18,0.45066901619875466,0.4500000306461784,0.4506690161987547,1.6625129003478993e-19,0.45066908481307505,0.4499999892458394,0.450669084813075,1.66251290034966e-19,0.45,0.4506690161987547,0.45066901619876887,1.070837588279004e-14,2.770768923716515e-18,0.45,0.45066908481307505,0.4506690848130601,1.0708377513138751e-14,2.770768923722384e-18,0.45000003064616745,0.4499999892458502,49.93955921448604,49.879118428972085,49.829021909150384,49.82750794015839,49.827507940210104,49.825993971166405,49.82599397126983
371.0,0.0,0.45,0.4500000099460112,3.332655822496785e-18,5.089380215802201e-17,2.7729766184682462e-18,2.770134717492479e-18,0.4506690161987222,0.45000003064650496,0.45066901619872207,1.6625129003478995e-19,0.4506690848131075,0.44999998924551315,0.4506690848131076,1.66251290034966e-19,0.45,0.4506690161987222,0.4506690161987663,1.0708375882789922e-14,2.770768923716515e-18,0.45,0.4506690848131075,0.4506690848130624,1.0708377513138874e-14,2.770768923722384e-18,0.45000003064574745,0.4499999892462701,49.939559214486046,49.879118428972085,49.829021909150384,49.8275079401584,49.827507940210104,49.825993971166405,49.82599397126983
372.0,0.0,0.45,0.4500000099460112,3.332655822496785e-18,5.089380215802203e-17,2.7729766184682462e-18,2.770134717492479e-18,0.4506690161988036,0.4500000306456865,0.45066901619880384,1.6625129003478993e-19,0.4506690848130261,0.4499999892463309,0.45066908481302587,1.66251290034966e-19,0.45,0.45066901619880373,0.45066901619876276,1.0708375882790007e-14,2.770768923716515e-18,0.45,0.45066908481302603,0.45066908481306706,1.0708377513138792e-14,2.7707689237223844e-18,0.45000003064616756,0.44999998924585033,49.939559214486046,49.879118428972085,49.829021909150384,49.82750794015839,49.827507940210104,49.825993971166405,49.82599397126984
373.0,0.0,0.45,0.4500000099460112,3.332655822496785e-18,5.089380215802203e-17,2.7729766184682462e-18,2.770134717492479e-18,0.45066901619882865,0.4500000306454364,0.4506690161988288,1.6625129003478993e-19,0.4506690848130011,0.44999998924658074,0.4506690848130009,1.6625129003496603e-19,0.45,0.45066901619882876,0.4506690161987654,1.0708375882790114e-14,2.770768923716515e-18,0.45,0.45066908481300105,0.45066908481306467,1.0708377513138685e-14,2.7707689237223844e-18,0.45000003064658756,0.44999998924543033,49.939559214486046,49.879118428972085,49.829021909150384,49.82750794015839,49.82750794021011,49.825993971166405,49.82599397126984
374.0,0.0,0.45,0.4500000099460112,3.332655822496785e-18,5.0893802158022024e-17,2.7729766184682462e-18,2.770134717492479e-18,0.45066901619880845,0.4500000306456412,0.45066901619880845,1.6625129003478993e-19,0.45066908481302137,0.4499999892463762,0.4506690848130213,1.66251290034966e-19,0.45,0.45066901619880845,0.45066901619877153,1.0708375882790206e-14,2.770768923716515e-18,0.45,0.4506690848130213,0.4506690848130583,1.0708377513138593e-14,2.7707689237223844e-18,0.4500000306461675,0.4499999892458503,49.939559214486046,49.879118428972085,49.829021909150384,49.82750794015839,49.827507940210104,49.825993971166405,49.82599397126984
375.0,0.0,0.45,0.4500000099460112,3.332655822496785e-18,5.0893802158022024e-17,2.7729766184682462e-18,2.770134717492479e-18,0.4506690161987829,0.45000003064589866,0.45066901619878275,1.6625129003478993e-19,0.45066908481304696,0.449999989246119,0.450669084813047,1.66251290034966e-19,0.45,0.4506690161987828,0.45066901619877753,1.0708375882790284e-14,2.770768923716515e-18,0.45,0.45066908481304696,0.45066908481305196,1.0708377513138514e-14,2.770768923722384e-18,0.4500000306461675,0.4499999892458503,49.939559214486046,49.879118428972085,49.829021909150384,49.82750794015839,49.827507940210104,49.825993971166405,49.82599397126983
376.0,0.0,0.45,0.4500000099460112,3.3326558224967844e-18,5.0893802158022024e-17,2.7729766184682462e-18,2.770134717492479e-18,0.4506690161987918,0.45000003064580674,0.45066901619879185,1.6625129003478993e-19,0.45066908481303797,0.4499999892462109,0.45066908481303797,1.66251290034966e-19,0.45,0.4506690161987918,0.45066901619877986,1.070837588279035e-14,2.770768923716515e-18,0.45,0.45066908481303797,0.45066908481304985,1.0708377513138448e-14,2.770768923722384e-18,0.4500000306461675,0.4499999892458503,49.93955921448604,49.879118428972085,49.829021909150384,49.82750794015839,49.827507940210104,49.825993971166405,49.82599397126983
377.0,0.0,0.45,0.4500000099460112,3.3326558224967844e-18,5.0893802158022024e-17,2.7729766184682462e-18,2.770134717492479e-18,0.450669016198797,0.45000003064575544,0.450669016198797,1.6625129003478993e-19,0.45066908481303275,0.449999989246262,0.45066908481303275,1.66251290034966e-19,0.45,0.450669016198797,0.450669016198783,1.0708375882790434e-14,2.770768923716515e-18,0.45,0.45066908481303275,0.45066908481304657,1.0708377513138366e-14,2.7707689237223844e-18,0.4500000306461675,0.4499999892458503,49.93955921448604,49.879118428972085,49.829021909150384,49.82750794015839,49.827507940210104,49.825993971166405,49.82599397126984
378.0,0.0,0.45,0.4500000099460112,3.3326558224967844e-18,5.0893802158022024e-17,2.7729766184682462e-18,2.770134717492479e-18,0.45066901619878186,0.45000003064590804,0.45066901619878175,1.6625129003478993e-19,0.45066908481304785,0.44999998924610957,0.45066908481304796,1.6625129003496603e-19,0.45,0.4506690161987818,0.45066901619878447,1.0708375882790433e-14,2.770768923716515e-18,0.45,0.4506690848130479,0.4506690848130451,1.0708377513138367e-14,2.7707689237223844e-18,0.4500000306465875,0.4499999892454303,49.93955921448604,49.879118428972085,49.829021909150384,49.82750794015839,49.82750794021011,49.825993971166405,49.82599397126984
379.0,0.0,0.45,0.4500000099460112,3.3326558224967844e-18,5.0893802158022024e-17,2.7729766184682462e-18,2.770134717492479e-18,0.45066901619876193,0.45000003064610694,0.4506690161987619,1.6625129003478995e-19,0.4506690848130678,0.44999998924591095,0.4506690848130678,1.6625129003496603e-19,0.45,0.45066901619876193,0.4506690161987835,1.0708375882790371e-14,2.770768923716515e-18,0.45,0.4506690848130678,0.450669084813046,1.070837751313843e-14,2.7707689237223844e-18,0.4500000306461675,0.4499999892458503,49.93955921448604,49.879118428972085,49.829021909150384,49.8275079401584,49.82750794021011,49.825993971166405,49.82599397126984
380.0,0.0,0.45,0.4500000099460112,3.3326558224967844e-18,5.0893802158022024e-17,2.7729766184682462e-18,2.770134717492479e-18,0.4506690161987486,0.45000003064623945,0.4506690161987486,1.6625129003478995e-19,0.45066908481308104,0.44999998924577866,0.45066908481308104,1.66251290034966e-19,0.45,0.45066901619874866,0.4506690161987806,1.0708375882790281e-14,2.770768923716515e-18,0.45,0.4506690848130811,0.45066908481304885,1.0708377513138522e-14,2.7707689237223844e-18,0.45000003064574756,0.4499999892462702,49.93955921448604,49.879118428972085,49.829021909150384,49.8275079401584,49.827507940210104,49.825993971166405,49.82599397126984
381.0,0.0,0.45,0.4500000099460112,3.332655822496785e-18,5.089380215802202e-17,2.7729766184682462e-18,2.770134717492479e-18,0.4506690161987532,0.4500000306461928,0.45066901619875327,1.6625129003478995e-19,0.4506690848130765,0.4499999892458251,0.45066908481307644,1.66251290034966e-19,0.45,0.45066901619875327,0.450669016198776,1.0708375882790198e-14,2.770768923716515e-18,0.45,0.4506690848130765,0.4506690848130532,1.0708377513138609e-14,2.770768923722384e-18,0.4500000306457475,0.44999998924627016,49.939559214486046,49.879118428972085,49.829021909150384,49.8275079401584,49.827507940210104,49.825993971166405,49.82599397126983
382.0,0.0,0.45,0.4500000099460112,3.332655822496785e-18,5.0893802158022024e-17,2.7729766184682462e-18,2.770134717492479e-18,0.4506690161988,0.4500000306457249,0.45066901619880007,1.6625129003478993e-19,0.45066908481302975,0.44999998924629253,0.4506690848130297,1.66251290034966e-19,0.45,0.45066901619880007,0.4506690161987759,1.0708375882790284e-14,2.770768923716515e-18,0.45,0.4506690848130297,0.4506690848130541,1.0708377513138522e-14,2.7707689237223844e-18,0.4500000306461675,0.4499999892458503,49.939559214486046,49.879118428972085,49.829021909150384,49.82750794015839,49.827507940210104,49.825993971166405,49.82599397126984
383.0,0.0,0.45,0.4500000099460112,3.332655822496785e-18,5.089380215802203e-17,2.7729766184682462e-18,2.770134717492479e-18,0.4506690161987973,0.45000003064575245,0.45066901619879735,1.6625129003478993e-19,0.4506690848130324,0.44999998924626505,0.4506690848130324,1.6625129003496603e-19,0.45,0.45066901619879735,0.4506690161987773,1.0708375882790305e-14,2.770768923716515e-18,0.45,0.4506690848130324,0.45066908481305296,1.07083775131385e-14,2.7707689237223844e-18,0.45000003064658756,0.44999998924543033,49.939559214486046,49.879118428972085,49.829021909150384,49.82750794015839,49.82750794021011,49.825993971166405,49.82599397126984
384.0,0.0,0.45,0.4500000099460112,3.332655822496785e-18,5.089380215802203e-17,2.7729766184682462e-18,2.770134717492479e-18,0.45066901619876726,0.45000003064605376,0.4506690161987672,1.6625129003478995e-19,0.45066908481306245,0.4499999892459641,0.4506690848130625,1.66251290034966e-19,0.45,0.45066901619876726,0.45066901619877814,1.0708375882790261e-14,2.770768923716515e-18,0.45,0.45066908481306245,0.4506690848130519,1.0708377513138543e-14,2.7707689237223844e-18,0.4500000306457476,0.44999998924627027,49.939559214486046,49.879118428972085,49.829021909150384,49.8275079401584,49.827507940210104,49.825993971166405,49.82599397126984
385.0,0.0,0.45,0.4500000099460112,3.332655822496785e-18,5.089380215802203e-17,2.7729766184682462e-18,2.770134717492479e-18,0.4506690161987411,0.450000030646315,0.45066901619874106,1.6625129003478995e-19,0.45066908481308854,0.44999998924570317,0.4506690848130886,1.66251290034966e-19,0.45,0.4506690161987411,0.4506690161987771,1.0708375882790187e-14,2.770768923716515e-18,0.45,0.4506690848130886,0.4506690848130526,1.0708377513138617e-14,2.7707689237223844e-18,0.4500000306457476,0.44999998924627027,49.939559214486046,49.879118428972085,49.829021909150384,49.8275079401584,49.827507940210104,49.825993971166405,49.82599397126984
386.0,0.0,0.45,0.4500000099460112,3.332655822496785e-18,5.089380215802203e-17,2.7729766184682462e-18,2.770134717492479e-18,0.45066901619875027,0.4500000306462224,0.45066901619875027,1.6625129003478995e-19,0.4506690848130795,0.4499999892457956,0.45066908481307943,1.66251290034966e-19,0.45,0.45066901619875027,0.45066901619877286,1.0708375882790114e-14,2.770768923716515e-18,0.45,0.45066908481307943,0.45066908481305684,1.070837751313869e-14,2.7707689237223844e-18,0.4500000306457476,0.44999998924627027,49.939559214486046,49.879118428972085,49.829021909150384,49.8275079401584,49.827507940210104,49.825993971166405,49.82599397126984
387.0,0.0,0.45,0.4500000099460112,3.3326558224967844e-18,5.089380215802203e-17,2.7729766184682462e-18,2.770134717492479e-18,0.4506690161987558,0.45000003064616745,0.4506690161987558,1.6625129003478995e-19,0.4506690848130739,0.4499999892458505,0.4506690848130739,1.6625129003496603e-19,0.45,0.4506690161987558,0.45066901619877,1.0708375882790062e-14,2.770768923716515e-18,0.45,0.4506690848130739,0.4506690848130598,1.0708377513138741e-14,2.7707689237223844e-18,0.45000003064616756,0.44999998924585033,49.93955921448604,49.879118428972085,49.829021909150384,49.8275079401584,49.82750794021011,49.825993971166405,49.82599397126984
388.0,0.0,0.45,0.4500000099460112,3.3326558224967844e-18,5.0893802158022024e-17,2.7729766184682462e-18,2.770134717492479e-18,0.4506690161987558,0.45000003064616734,0.4506690161987558,1.6625129003478995e-19,0.45066908481307383,0.4499999892458506,0.4506690848130739,1.6625129003496603e-19,0.45,0.4506690161987559,0.45066901619876787,1.070837588279002e-14,2.770768923716515e-18,0.45,0.4506690848130738,0.4506690848130618,1.0708377513138786e-14,2.770768923722384e-18,0.4500000306461675,0.4499999892458503,49.93955921448604,49.879118428972085,49.829021909150384,49.8275079401584,49.82750794021011,49.825993971166405,49.82599397126983
389.0,0.0,0.45,0.4500000099460112,3.3326558224967844e-18,5.089380215802202e-17,2.7729766184682462e-18,2.770134717492479e-18,0.4506690161987558,0.4500000306461674,0.4506690161987558,1.6625129003478993e-19,0.4506690848130739,0.44999998924585044,0.4506690848130739,1.6625129003496603e-19,0.45,0.4506690161987558,0.45066901619876604,1.0708375882789982e-14,2.770768923716515e-18,0.45,0.45066908481307383,0.45066908481306356,1.0708377513138823e-14,2.770768923722384e-18,0.45000003064658745,0.4499999892454302,49.93955921448604,49.879118428972085,49.829021909150384,49.82750794015839,49.82750794021011,49.825993971166405,49.82599397126983
390.0,0.0,0.45,0.4500000099460112,3.332655822496785e-18,5.089380215802201e-17,2.7729766184682462e-18,2.770134717492479e-18,0.45066901619875577,0.45000003064616745,0.4506690161987558,1.6625129003478993e-19,0.45066908481307394,0.4499999892458502,0.45066908481307394,1.6625129003496603e-19,0.45,0.4506690161987558,0.45066901619876437,1.0708375882789952e-14,2.770768923716515e-18,0.45,0.45066908481307394,0.450669084813065,1.0708377513138857e-14,2.770768923722384e-18,0.4500000306465874,0.44999998924543017,49.939559214486046,49.879118428972085,49.829021909150384,49.82750794015839,49.82750794021011,49.825993971166405,49.82599397126983
391.0,0.0,0.45,0.4500000099460112,3.332655822496785e-18,5.089380215802199e-17,2.7729766184682462e-18,2.770134717492479e-18,0.4506690161987558,0.4500000306461673,0.4506690161987558,1.6625129003478993e-19,0.45066908481307394,0.4499999892458501,0.45066908481307394,1.66251290034966e-19,0.45,0.4506690161987558,0.4506690161987629,1.0708375882789926e-14,2.770768923716515e-18,0.45,0.45066908481307394,0.4506690848130662,1.0708377513138887e-14,2.770768923722384e-18,0.4500000306461672,0.44999998924585,49.939559214486046,49.879118428972085,49.829021909150384,49.82750794015839,49.827507940210104,49.825993971166405,49.82599397126983
392.0,0.0,0.45,0.4500000099460112,3.3326558224967844e-18,5.0893802158022024e-17,2.7729766184682462e-18,2.770134717492479e-18,0.45066901619880073,0.450000030645717,0.4506690161988008,1.6625129003478993e-19,0.45066908481302903,0.4499999892463004,0.4506690848130289,1.66251290034966e-19,0.45,0.45066901619880073,0.45066901619876387,1.0708375882790027e-14,2.770768923716515e-18,0.45,0.45066908481302903,0.45066908481306633,1.0708377513138784e-14,2.7707689237223844e-18,0.4500000306461675,0.4499999892458503,49.93955921448604,49.879118428972085,49.829021909150384,49.82750794015839,49.827507940210104,49.825993971166405,49.82599397126984
393.0,0.0,0.45,0.4500000099460112,3.3326558224967844e-18,5.089380215802203e-17,2.7729766184682462e-18,2.770134717492479e-18,0.4506690161988133,0.45000003064559196,0.45066901619881333,1.6625129003478993e-19,0.45066908481301654,0.4499999892464255,0.45066908481301643,1.6625129003496603e-19,0.45,0.4506690161988133,0.4506690161987677,1.0708375882790131e-14,2.770768923716515e-18,0.45,0.4506690848130165,0.45066908481306284,1.070837751313868e-14,2.7707689237223844e-18,0.45000003064658756,0.44999998924543033,49.93955921448604,49.879118428972085,49.829021909150384,49.82750794015839,49.82750794021011,49.825993971166405,49.82599397126984
394.0,0.0,0.45,0.4500000099460112,3.3326558224967844e-18,5.089380215802203e-17,2.7729766184682462e-18,2.770134717492479e-18,0.4506690161988032,0.4500000306456944,0.4506690161988031,1.6625129003478993e-19,0.45066908481302664,0.44999998924632306,0.4506690848130267,1.66251290034966e-19,0.45,0.4506690161988032,0.4506690161987727,1.0708375882790221e-14,2.770768923716515e-18,0.45,0.4506690848130267,0.45066908481305756,1.0708377513138588e-14,2.7707689237223844e-18,0.45000003064616756,0.44999998924585033,49.93955921448604,49.879118428972085,49.829021909150384,49.82750794015839,49.827507940210104,49.825993971166405,49.82599397126984
395.0,0.0,0.45,0.4500000099460112,3.3326558224967844e-18,5.0893802158022024e-17,2.7729766184682462e-18,2.770134717492479e-18,0.45066901619879035,0.4500000306458231,0.4506690161987903,1.6625129003478993e-19,0.45066908481303947,0.44999998924619433,0.4506690848130395,1.66251290034966e-19,0.45,0.4506690161987903,0.45066901619877736,1.0708375882790297e-14,2.770768923716515e-18,0.45,0.4506690848130395,0.4506690848130526,1.0708377513138511e-14,2.7707689237223844e-18,0.4500000306461675,0.4499999892458503,49.93955921448604,49.879118428972085,49.829021909150384,49.82750794015839,49.827507940210104,49.825993971166405,49.82599397126984
396.0,0.0,0.45,0.4500000099460112,3.3326558224967844e-18,5.0893802158022024e-17,2.7729766184682462e-18,2.770134717492479e-18,0.4506690161987948,0.4500000306457771,0.4506690161987948,1.6625129003478993e-19,0.45066908481303497,0.44999998924624035,0.4506690848130349,1.66251290034966e-19,0.45,0.4506690161987948,0.45066901619878,1.0708375882790362e-14,2.770768923716515e-18,0.45,0.45066908481303497,0.45066908481305,1.0708377513138445e-14,2.7707689237223844e-18,0.4500000306461675,0.4499999892458503,49.93955921448604,49.879118428972085,49.829021909150384,49.82750794015839,49.827507940210104,49.825993971166405,49.82599397126984
397.0,0.0,0.45,0.4500000099460112,3.3326558224967844e-18,5.0893802158022024e-17,2.7729766184682462e-18,2.770134717492479e-18,0.45066901619879784,0.45000003064574756,0.45066901619879784,1.6625129003478993e-19,0.450669084813032,0.4499999892462699,0.450669084813032,1.6625129003496603e-19,0.45,0.45066901619879784,0.4506690161987823,1.0708375882790419e-14,2.770768923716515e-18,0.45,0.450669084813032,0.4506690848130477,1.0708377513138388e-14,2.7707689237223844e-18,0.4500000306465875,0.4499999892454303,49.93955921448604,49.879118428972085,49.829021909150384,49.82750794015839,49.82750794021011,49.825993971166405,49.82599397126984
398.0,0.0,0.45,0.4500000099460112,3.3326558224967844e-18,5.089380215802202e-17,2.7729766184682462e-18,2.770134717492479e-18,0.4506690161987979,0.45000003064574745,0.45066901619879784,1.6625129003478993e-19,0.450669084813032,0.44999998924626994,0.450669084813032,1.6625129003496603e-19,0.45,0.4506690161987979,0.45066901619878447,1.0708375882790466e-14,2.770768923716515e-18,0.45,0.450669084813032,0.4506690848130454,1.0708377513138339e-14,2.7707689237223844e-18,0.45000003064658745,0.4499999892454302,49.93955921448604,49.879118428972085,49.829021909150384,49.82750794015839,49.82750794021011,49.825993971166405,49.82599397126984
399.0,0.0,0.45,0.4500000099460112,3.3326558224967844e-18,5.089380215802202e-17,2.7729766184682462e-18,2.770134717492479e-18,0.45066901619879784,0.4500000306457475,0.45066901619879784,1.6625129003478993e-19,0.450669084813032,0.44999998924626994,0.450669084813032,1.6625129003496603e-19,0.45,0.45066901619879784,0.4506690161987864,1.0708375882790507e-14,2.770768923716515e-18,0.45,0.450669084813032,0.4506690848130435,1.0708377513138298e-14,2.7707689237223844e-18,0.45000003064658745,0.4499999892454302,49.93955921448604,49.879118428972085,49.829021909150384,49.82750794015839,49.82750794021011,49.825993971166405,49.82599397126984
400.0,0.0,0.45,0.4500000099460112,3.3326558224967844e-18,5.089380215802202e-17,2.7729766184682462e-18,2.770134717492479e-18,0.4506690161987978,0.4500000306457476,0.4506690161987978,1.6625129003478993e-19,0.450669084813032,0.4499999892462699,0.4506690848130319,1.66251290034966e-19,0.45,0.4506690161987978,0.450669016198788,1.0708375882790543e-14,2.770768923716515e-18,0.45,0.450669084813032,0.45066908481304185,1.0708377513138263e-14,2.7707689237223844e-18,0.45000003064616745,0.4499999892458502,49.93955921448604,49.879118428972085,49.829021909150384,49.82750794015839,49.827507940210104,49.825993971166405,49.82599397126984
401.0,0.0,0.45,0.4500000099460112,3.3326558224967844e-18,5.0893802158022024e-17,2.7729766184682462e-18,2.770134717492479e-18,0.4506690161987978,0.45000003064574756,0.4506690161987978,1.6625129003478993e-19,0.4506690848130319,0.4499999892462699,0.450669084813032,1.66251290034966e-19,0.45,0.4506690161987978,0.4506690161987893,1.0708375882790573e-14,2.770768923716515e-18,0.45,0.450669084813032,0.45066908481304047,1.0708377513138232e-14,2.7707689237223844e-18,0.4500000306461675,0.4499999892458503,49.93955921448604,49.879118428972085,49.829021909150384,49.82750794015839,49.827507940210104,49.825993971166405,49.82599397126984
402.0,0.0,0.45,0.45000000994602257,3.3326558224967844e-18,5.0893802158076745e-17,2.7729766184682462e-18,2.770134717492479e-18,0.4506690161987156,0.4500000306465727,0.45066901619871536,1.6625129003478995e-19,0.45066908481301876,0.44999998924640955,0.45066908481301826,1.66251290034966e-19,0.45,0.45066901619871547,0.4506690161987892,1.0708375882790389e-14,2.770768923716515e-18,0.45,0.4506690848130185,0.45066908481304246,1.0708377513138248e-14,2.7707689237223844e-18,0.4500000306462314,0.44999998924675405,49.93955921448604,49.879118428972085,49.829021909150384,49.8275079401584,49.827507940210104,49.825993971166405,49.82599397126984
403.0,0.0,0.45,0.45000000994598965,3.332655822496785e-18,5.089380215792882e-17,2.7729766184682462e-18,2.770134717492479e-18,0.45066901619882327,0.4500000306454738,0.45066901619882455,1.6625129003478993e-19,0.4506690848131641,0.44999998924491436,0.4506690848131664,1.66251290034966e-19,0.45,0.45066901619882394,0.4506690161987744,1.0708375882790302e-14,2.770768923716515e-18,0.45,0.4506690848131652,0.4506690848130322,1.0708377513138339e-14,2.7707689237223844e-18,0.4500000306453434,0.44999998924502616,49.939559214486046,49.879118428972085,49.829021909150384,49.82750794015839,49.827507940210104,49.825993971166405,49.82599397126984
404.0,0.0,0.45,0.4500000099460111,3.332655822496785e-18,5.089380215801971e-17,2.7729766184682462e-18,2.770134717492479e-18,0.4506690161987582,0.4500000306461464,0.450669016198758,1.6625129003478993e-19,0.4506690848130764,0.4499999892458287,0.4506690848130762,1.66251290034966e-19,0.45,0.4506690161987581,0.45066901619877836,1.0708375882790247e-14,2.770768923716515e-18,0.45,0.45066908481307627,0.450669084813045,1.0708377513138427e-14,2.770768923722384e-18,0.4500000306461471,0.44999998924582985,49.939559214486046,49.879118428972085,49.829021909150384,49.82750794015839,49.827507940210104,49.825993971166405,49.82599397126983
405.0,0.0,0.45,0.45000000994602174,3.3326558224967844e-18,5.089380215806857e-17,2.7729766184682462e-18,2.770134717492479e-18,0.45066901619869815,0.45000003064675376,0.4506690161986975,1.6625129003478995e-19,0.4506690848130524,0.44999998924607965,0.45066908481305146,1.66251290034966e-19,0.45,0.4506690161986978,0.4506690161987796,1.0708375882790138e-14,2.770768923716515e-18,0.45,0.45066908481305196,0.45066908481305334,1.0708377513138562e-14,2.770768923722384e-18,0.4500000306461591,0.4499999892466818,49.93955921448604,49.879118428972085,49.829021909150384,49.8275079401584,49.827507940210104,49.825993971166405,49.82599397126983
406.0,0.0,0.45,0.4500000099460112,3.3326558224967844e-18,5.0893802158022406e-17,2.7729766184682462e-18,2.770134717492479e-18,0.45066901619878813,0.4500000306458418,0.4506690161987883,1.6625129003478993e-19,0.45066908481304074,0.4499999892461829,0.4506690848130407,1.66251290034966e-19,0.45,0.45066901619878824,0.4506690161987697,1.0708375882790125e-14,2.770768923716515e-18,0.45,0.45066908481304074,0.4506690848130558,1.0708377513138585e-14,2.7707689237223844e-18,0.4500000306461709,0.44999998924585366,49.93955921448604,49.879118428972085,49.829021909150384,49.82750794015839,49.827507940210104,49.825993971166405,49.82599397126984
407.0,0.0,0.45,0.4500000099460112,3.3326558224967844e-18,5.0893802158020846e-17,2.7729766184682462e-18,2.770134717492479e-18,0.4506690161988323,0.4500000306454013,0.45066901619883243,1.6625129003478993e-19,0.450669084813,0.4499999892465938,0.4506690848129997,1.6625129003496603e-19,0.45,0.45066901619883243,0.45066901619876976,1.0708375882790226e-14,2.770768923716515e-18,0.45,0.45066908481299983,0.450669084813056,1.0708377513138497e-14,2.7707689237223844e-18,0.45000003064657706,0.44999998924541984,49.93955921448604,49.879118428972085,49.829021909150384,49.82750794015839,49.82750794021011,49.825993971166405,49.82599397126984
408.0,0.0,0.45,0.4500000099460112,3.332655822496785e-18,5.089380215802137e-17,2.7729766184682462e-18,2.770134717492479e-18,0.45066901619881844,0.4500000306455419,0.45066901619881844,1.6625129003478993e-19,0.45066908481301277,0.44999998924646306,0.4506690848130127,1.66251290034966e-19,0.45,0.45066901619881844,0.4506690161987758,1.0708375882790325e-14,2.770768923716515e-18,0.45,0.4506690848130127,0.4506690848130506,1.0708377513138408e-14,2.7707689237223844e-18,0.45000003064616173,0.4499999892458445,49.939559214486046,49.879118428972085,49.829021909150384,49.82750794015839,49.827507940210104,49.825993971166405,49.82599397126984
409.0,0.0,0.45,0.4500000099460112,3.332655822496785e-18,5.089380215802244e-17,2.7729766184682462e-18,2.770134717492479e-18,0.45066901619878125,0.45000003064591454,0.4506690161987812,1.6625129003478995e-19,0.45066908481304757,0.4499999892461109,0.4506690848130478,1.66251290034966e-19,0.45,0.45066901619878125,0.4506690161987825,1.0708375882790389e-14,2.770768923716515e-18,0.45,0.4506690848130477,0.4506690848130446,1.0708377513138356e-14,2.770768923722384e-18,0.4500000306457513,0.44999998924627393,49.939559214486046,49.879118428972085,49.829021909150384,49.8275079401584,49.827507940210104,49.825993971166405,49.82599397126983
410.0,0.0,0.45,0.4500000099460112,3.332655822496785e-18,5.089380215802253e-17,2.7729766184682462e-18,2.770134717492479e-18,0.45066901619875566,0.45000003064617,0.4506690161987556,1.6625129003478995e-19,0.450669084813073,0.4499999892458574,0.4506690848130731,1.66251290034966e-19,0.45,0.4506690161987556,0.45066901619878474,1.070837588279038e-14,2.770768923716515e-18,0.45,0.45066908481307305,0.45066908481304285,1.0708377513138372e-14,2.770768923722384e-18,0.450000030645752,0.44999998924627466,49.939559214486046,49.879118428972085,49.829021909150384,49.8275079401584,49.827507940210104,49.825993971166405,49.82599397126983
411.0,0.0,0.45,0.4500000099460112,3.332655822496785e-18,5.089380215802203e-17,2.7729766184682462e-18,2.770134717492479e-18,0.45066901619875577,0.45000003064616756,0.45066901619875577,1.6625129003478995e-19,0.45066908481307394,0.44999998924585044,0.4506690848130739,1.66251290034966e-19,0.45,0.45066901619875577,0.45066901619878086,1.0708375882790297e-14,2.770768923716515e-18,0.45,0.4506690848130739,0.4506690848130469,1.0708377513138462e-14,2.7707689237223844e-18,0.4500000306457476,0.44999998924627027,49.939559214486046,49.879118428972085,49.829021909150384,49.8275079401584,49.827507940210104,49.825993971166405,49.82599397126984
412.0,0.0,0.45,0.4500000099460112,3.332655822496785e-18,5.089380215802201e-17,2.7729766184682462e-18,2.770134717492479e-18,0.4506690161987558,0.4500000306461674,0.45066901619875577,1.6625129003478995e-19,0.45066908481307394,0.44999998924585033,0.4506690848130739,1.6625129003496603e-19,0.45,0.4506690161987558,0.45066901619877736,1.070837588279022e-14,2.770768923716515e-18,0.45,0.4506690848130739,0.45066908481305074,1.0708377513138546e-14,2.7707689237223844e-18,0.4500000306461674,0.44999998924585016,49.939559214486046,49.879118428972085,49.829021909150384,49.8275079401584,49.82750794021011,49.825993971166405,49.82599397126984
413.0,0.0,0.45,0.4500000099460112,3.332655822496785e-18,5.089380215802202e-17,2.7729766184682462e-18,2.770134717492479e-18,0.4506690161987558,0.45000003064616745,0.4506690161987558,1.6625129003478995e-19,0.45066908481307394,0.4499999892458504,0.4506690848130739,1.6625129003496603e-19,0.45,0.4506690161987558,0.45066901619877425,1.0708375882790152e-14,2.770768923716515e-18,0.45,0.45066908481307394,0.45066908481305407,1.0708377513138617e-14,2.7707689237223844e-18,0.45000003064616745,0.4499999892458502,49.939559214486046,49.879118428972085,49.829021909150384,49.8275079401584,49.82750794021011,49.825993971166405,49.82599397126984
414.0,0.0,0.45,0.4500000099460112,3.3326558224967844e-18,5.0893802158022024e-17,2.7729766184682462e-18,2.770134717492479e-18,0.4506690161987558,0.45000003064616756,0.4506690161987558,1.6625129003478995e-19,0.45066908481307394,0.44999998924585044,0.45066908481307394,1.66251290034966e-19,0.45,0.4506690161987558,0.45066901619877164,1.0708375882790095e-14,2.770768923716515e-18,0.45,0.45066908481307394,0.45066908481305695,1.070837751313868e-14,2.7707689237223844e-18,0.45000003064574756,0.4499999892462702,49.93955921448604,49.879118428972085,49.829021909150384,49.8275079401584,49.827507940210104,49.825993971166405,49.82599397126984
415.0,0.0,0.45,0.4500000099460112,3.3326558224967844e-18,5.0893802158022024e-17,2.7729766184682462e-18,2.770134717492479e-18,0.4506690161987558,0.45000003064616756,0.4506690161987558,1.6625129003478993e-19,0.45066908481307394,0.44999998924585044,0.45066908481307394,1.66251290034966e-19,0.45,0.4506690161987558,0.45066901619876937,1.0708375882790045e-14,2.770768923716515e-18,0.45,0.4506690848130739,0.45066908481305934,1.0708377513138734e-14,2.770768923722384e-18,0.4500000306461675,0.4499999892458503,49.93955921448604,49.879118428972085,49.829021909150384,49.82750794015839,49.827507940210104,49.825993971166405,49.82599397126983
416.0,0.0,0.45,0.4500000099460109,3.3326558224967844e-18,5.0893802158060154e-17,2.7729766184682462e-18,2.770134717492479e-18,0.45066901619872124,0.4500000306463428,0.4506690161987299,1.6625129003478995e-19,0.45066908481302254,0.44999998924639223,0.4506690848130235,1.66251290034966e-19,0.45,0.45066901619872407,0.450669016198771,1.0708375882790005e-14,2.770768923716515e-18,0.45,0.4506690848130246,0.45066908481306656,1.0708377513138776e-14,2.770768923722384e-18,0.4500000306460847,0.44999998924660733,49.93955921448604,49.879118428972085,49.829021909150384,49.8275079401584,49.827507940210104,49.825993971166405,49.82599397126983
417.0,0.0,0.45,0.4500000099460098,3.3326558224967844e-18,5.089380215801192e-17,2.7729766184682462e-18,2.770134717492479e-18,0.45066901619882094,0.45000003064551264,0.45066901619882127,1.6625129003478993e-19,0.4506690848130251,0.4499999892463307,0.45066908481302553,1.66251290034966e-19,0.45,0.45066901619882116,0.4506690161987622,1.0708375882790035e-14,2.770768923716515e-18,0.45,0.45066908481302526,0.450669084813066,1.0708377513138768e-14,2.770768923722384e-18,0.4500000306460782,0.44999998924576096,49.93955921448604,49.879118428972085,49.829021909150384,49.82750794015839,49.827507940210104,49.825993971166405,49.82599397126983
418.0,0.0,0.45,0.4500000099460112,3.3326558224967844e-18,5.089380215802192e-17,2.7729766184682462e-18,2.770134717492479e-18,0.45066901619875716,0.45000003064615546,0.45066901619875704,1.6625129003478993e-19,0.4506690848130728,0.44999998924586043,0.45066908481307283,1.66251290034966e-19,0.45,0.4506690161987571,0.4506690161987712,1.0708375882790087e-14,2.770768923716515e-18,0.45,0.45066908481307283,0.4506690848130589,1.0708377513138716e-14,2.7707689237223844e-18,0.45000003064616656,0.44999998924584933,49.93955921448604,49.879118428972085,49.829021909150384,49.82750794015839,49.827507940210104,49.825993971166405,49.82599397126984
419.0,0.0,0.45,0.4500000099460112,3.3326558224967844e-18,5.0893802158022936e-17,2.7729766184682462e-18,2.770134717492479e-18,0.4506690161987515,0.4500000306462068,0.4506690161987517,1.6625129003478993e-19,0.4506690848130756,0.44999998924583423,0.45066908481307555,1.66251290034966e-19,0.45,0.4506690161987516,0.4506690161987694,1.0708375882790012e-14,2.770768923716515e-18,0.45,0.4506690848130756,0.4506690848130623,1.0708377513138789e-14,2.7707689237223844e-18,0.45000003064617555,0.4499999892458583,49.93955921448604,49.879118428972085,49.829021909150384,49.82750794015839,49.827507940210104,49.825993971166405,49.82599397126984
420.0,0.0,0.45,0.4500000099460112,3.3326558224967844e-18,5.089380215802246e-17,2.7729766184682462e-18,2.770134717492479e-18,0.4506690161988182,0.4500000306455386,0.45066901619881855,1.6625129003478993e-19,0.4506690848130085,0.4499999892465079,0.45066908481300827,1.66251290034966e-19,0.45,0.4506690161988184,0.4506690161987667,1.0708375882790045e-14,2.770768923716515e-18,0.45,0.4506690848130084,0.4506690848130681,1.0708377513138743e-14,2.7707689237223844e-18,0.4500000306461714,0.44999998924585416,49.93955921448604,49.879118428972085,49.829021909150384,49.82750794015839,49.827507940210104,49.825993971166405,49.82599397126984
421.0,0.0,0.45,0.4500000099460112,3.3326558224967844e-18,5.089380215802166e-17,2.7729766184682462e-18,2.770134717492479e-18,0.4506690161989691,0.45000003064403,0.45066901619896943,1.6625129003478993e-19,0.45066908481285706,0.44999998924802503,0.4506690848128566,1.66251290034966e-19,0.45,0.45066901619896926,0.4506690161987742,1.070837588279043e-14,2.770768923716515e-18,0.45,0.45066908481285683,0.45066908481306617,1.0708377513138322e-14,2.770768923722384e-18,0.4500000306461643,0.44999998924584705,49.93955921448604,49.879118428972085,49.829021909150384,49.82750794015839,49.827507940210104,49.825993971166405,49.82599397126983
422.0,0.0,0.45,0.4500000099460112,3.332655822496785e-18,5.0893802158021715e-17,2.7729766184682462e-18,2.770134717492479e-18,0.4506690161992158,0.45000003064155997,0.4506690161992163,1.6625129003478995e-19,0.450669084812607,0.44999998925052903,0.45066908481260637,1.66251290034966e-19,0.45,0.45066901619921607,0.45066901619880306,1.0708375882791411e-14,2.770768923716515e-18,0.45,0.45066908481260665,0.45066908481304613,1.070837751313727e-14,2.770768923722384e-18,0.45000003064574484,0.4499999892462675,49.939559214486046,49.879118428972085,49.829021909150384,49.8275079401584,49.827507940210104,49.825993971166405,49.82599397126983
423.0,0.0,0.45,0.4500000099460112,3.332655822496785e-18,5.089380215802203e-17,2.7729766184682462e-18,2.770134717492479e-18,0.450669016198813,0.4500000306456075,0.45066901619881217,1.6625129003478993e-19,0.45066908481301643,0.4499999892464123,0.45066908481301726,1.66251290034966e-19,0.45,0.45066901619881256,0.4506690161988423,1.0708375882791734e-14,2.770768923716515e-18,0.45,0.4506690848130168,0.45066908481298223,1.0708377513136936e-14,2.770768923722384e-18,0.45000003064616756,0.44999998924585033,49.939559214486046,49.879118428972085,49.829021909150384,49.82750794015839,49.827507940210104,49.825993971166405,49.82599397126983
424.0,0.0,0.45,0.4500000099460112,3.332655822496785e-18,5.0893802158022036e-17,2.7729766184682462e-18,2.770134717492479e-18,0.4506690161985939,0.4500000306478008,0.4506690161985929,1.6625129003478993e-19,0.45066908481323903,0.4499999892441841,0.45066908481324,1.66251290034966e-19,0.45,0.4506690161985934,0.4506690161988471,1.0708375882791531e-14,2.770768923716515e-18,0.45,0.45066908481323953,0.45066908481296675,1.0708377513137159e-14,2.7707689237223844e-18,0.4500000306461676,0.4499999892458504,49.939559214486046,49.879118428972085,49.829021909150384,49.82750794015839,49.827507940210104,49.825993971166405,49.82599397126984
425.0,0.0,0.45,0.4500000099460112,3.332655822496785e-18,5.0893802158022036e-17,2.7729766184682462e-18,2.770134717492479e-18,0.4506690161986733,0.4500000306469939,0.4506690161986732,1.6625129003478993e-19,0.4506690848131579,0.44999998924500856,0.45066908481315804,1.66251290034966e-19,0.45,0.4506690161986732,0.4506690161988311,1.070837588279127e-14,2.770768923716515e-18,0.45,0.450669084813158,0.4506690848129895,1.0708377513137435e-14,2.7707689237223844e-18,0.4500000306461676,0.4499999892458504,49.939559214486046,49.879118428972085,49.829021909150384,49.82750794015839,49.827507940210104,49.825993971166405,49.82599397126984
426.0,0.0,0.45,0.4500000099460112,3.332655822496785e-18,5.089380215802203e-17,2.7729766184682462e-18,2.770134717492479e-18,0.45066901619883853,0.45000003064533084,0.4506690161988392,1.6625129003478995e-19,0.45066908481298995,0.4499999892466999,0.4506690848129893,1.66251290034966e-19,0.45,0.45066901619883887,0.45066901619881106,1.0708375882791058e-14,2.770768923716515e-18,0.45,0.4506690848129896,0.4506690848130197,1.070837751313766e-14,2.770768923722384e-18,0.4500000306457476,0.44999998924627027,49.939559214486046,49.879118428972085,49.829021909150384,49.8275079401584,49.827507940210104,49.825993971166405,49.82599397126983
427.0,0.0,0.45,0.4500000099460112,3.332655822496785e-18,5.089380215802202e-17,2.7729766184682462e-18,2.770134717492479e-18,0.4506690161988769,0.45000003064495564,0.45066901619887695,1.6625129003478995e-19,0.45066908481295187,0.4499999892470725,0.45066908481295176,1.66251290034966e-19,0.45,0.4506690161988769,0.45066901619880373,1.0708375882790994e-14,2.770768923716515e-18,0.45,0.4506690848129518,0.4506690848130267,1.0708377513137735e-14,2.770768923722384e-18,0.4500000306457475,0.44999998924627016,49.939559214486046,49.879118428972085,49.829021909150384,49.8275079401584,49.827507940210104,49.825993971166405,49.82599397126983
428.0,0.0,0.45,0.4500000099460112,3.332655822496785e-18,5.0893802158022024e-17,2.7729766184682462e-18,2.770134717492479e-18,0.45066901619875827,0.4500000306461449,0.4506690161987581,1.6625129003478995e-19,0.4506690848130715,0.4499999892458725,0.45066908481307166,1.66251290034966e-19,0.45,0.4506690161987582,0.450669016198807,1.0708375882790865e-14,2.770768923716515e-18,0.45,0.4506690848130716,0.45066908481301987,1.0708377513137872e-14,2.7707689237223844e-18,0.45000003064574756,0.4499999892462702,49.939559214486046,49.879118428972085,49.829021909150384,49.8275079401584,49.827507940210104,49.825993971166405,49.82599397126984
429.0,0.0,0.45,0.4500000099460112,3.332655822496785e-18,5.0893802158022024e-17,2.7729766184682462e-18,2.770134717492479e-18,0.4506690161987272,0.450000030646453,0.4506690161987272,1.6625129003478995e-19,0.4506690848131026,0.4499999892455644,0.4506690848131025,1.66251290034966e-19,0.45,0.45066901619872723,0.4506690161988032,1.0708375882790721e-14,2.770768923716515e-18,0.45,0.4506690848131026,0.4506690848130238,1.0708377513138027e-14,2.7707689237223844e-18,0.45000003064574756,0.4499999892462702,49.939559214486046,49.879118428972085,49.829021909150384,49.8275079401584,49.827507940210104,49.825993971166405,49.82599397126984
430.0,0.0,0.45,0.4500000099460112,3.332655822496785e-18,5.0893802158022024e-17,2.7729766184682462e-18,2.770134717492479e-18,0.4506690161987443,0.45000003064628197,0.4506690161987443,1.6625129003478995e-19,0.4506690848130855,0.4499999892457356,0.45066908481308543,1.66251290034966e-19,0.45,0.45066901619874433,0.45066901619879607,1.0708375882790606e-14,2.770768923716515e-18,0.45,0.4506690848130855,0.4506690848130312,1.070837751313815e-14,2.770768923722384e-18,0.45000003064574756,0.4499999892462702,49.939559214486046,49.879118428972085,49.829021909150384,49.8275079401584,49.827507940210104,49.825993971166405,49.82599397126983
431.0,0.0,0.45,0.4500000099460112,3.3326558224967844e-18,5.0893802158022024e-17,2.7729766184682462e-18,2.770134717492479e-18,0.4506690161987624,0.450000030646102,0.4506690161987624,1.6625129003478993e-19,0.4506690848130674,0.4499999892459158,0.45066908481306733,1.6625129003496603e-19,0.45,0.4506690161987624,0.45066901619878846,1.0708375882790482e-14,2.770768923716515e-18,0.45,0.45066908481306733,0.4506690848130391,1.0708377513138282e-14,2.770768923722384e-18,0.4500000306465875,0.4499999892454303,49.93955921448604,49.879118428972085,49.829021909150384,49.82750794015839,49.82750794021011,49.825993971166405,49.82599397126983
432.0,0.0,0.45,0.4500000099460112,3.3326558224967844e-18,5.0893802158022024e-17,2.7729766184682462e-18,2.770134717492479e-18,0.45066901619873445,0.45000003064638333,0.4506690161987343,1.6625129003478993e-19,0.45066908481309526,0.4499999892456348,0.45066908481309537,1.66251290034966e-19,0.45,0.45066901619873434,0.4506690161987832,1.0708375882790313e-14,2.770768923716515e-18,0.45,0.4506690848130953,0.4506690848130444,1.0708377513138459e-14,2.770768923722384e-18,0.4500000306461675,0.4499999892458503,49.93955921448604,49.879118428972085,49.829021909150384,49.82750794015839,49.827507940210104,49.825993971166405,49.82599397126983
433.0,0.0,0.45,0.4500000099460112,3.332655822496785e-18,5.0893802158022024e-17,2.7729766184682462e-18,2.770134717492479e-18,0.4506690161987956,0.45000003064576777,0.4506690161987957,1.6625129003478993e-19,0.4506690848130341,0.44999998924625045,0.45066908481303397,1.66251290034966e-19,0.45,0.4506690161987957,0.4506690161987793,1.0708375882790349e-14,2.770768923716515e-18,0.45,0.4506690848130341,0.45066908481304924,1.0708377513138426e-14,2.7707689237223844e-18,0.4500000306461675,0.4499999892458503,49.939559214486046,49.879118428972085,49.829021909150384,49.82750794015839,49.827507940210104,49.825993971166405,49.82599397126984
434.0,0.0,0.45,0.4500000099460112,3.332655822496785e-18,5.0893802158022024e-17,2.7729766184682462e-18,2.770134717492479e-18,0.45066901619881233,0.45000003064559957,0.4506690161988125,1.6625129003478993e-19,0.4506690848130174,0.4499999892464185,0.4506690848130172,1.66251290034966e-19,0.45,0.4506690161988125,0.45066901619877825,1.0708375882790355e-14,2.770768923716515e-18,0.45,0.4506690848130173,0.45066908481305096,1.0708377513138423e-14,2.7707689237223844e-18,0.4500000306461675,0.4499999892458503,49.939559214486046,49.879118428972085,49.829021909150384,49.82750794015839,49.827507940210104,49.825993971166405,49.82599397126984
435.0,0.0,0.45,0.4500000099460112,3.332655822496785e-18,5.0893802158022024e-17,2.7729766184682462e-18,2.770134717492479e-18,0.45066901619877564,0.4500000306459691,0.45066901619877564,1.6625129003478995e-19,0.45066908481305407,0.4499999892460488,0.45066908481305407,1.66251290034966e-19,0.45,0.45066901619877564,0.4506690161987788,1.0708375882790288e-14,2.770768923716515e-18,0.45,0.4506690848130541,0.45066908481305057,1.0708377513138494e-14,2.7707689237223844e-18,0.45000003064574756,0.4499999892462702,49.939559214486046,49.879118428972085,49.829021909150384,49.8275079401584,49.827507940210104,49.825993971166405,49.82599397126984
436.0,0.0,0.45,0.4500000099460112,3.3326558224967844e-18,5.0893802158022024e-17,2.7729766184682462e-18,2.770134717492479e-18,0.45066901619874317,0.45000003064629507,0.4506690161987431,1.6625129003478995e-19,0.45066908481308654,0.4499999892457227,0.4506690848130866,1.66251290034966e-19,0.45,0.45066901619874317,0.4506690161987787,1.0708375882790213e-14,2.770768923716515e-18,0.45,0.4506690848130866,0.4506690848130508,1.0708377513138568e-14,2.770768923722384e-18,0.45000003064574756,0.4499999892462702,49.93955921448604,49.879118428972085,49.829021909150384,49.8275079401584,49.827507940210104,49.825993971166405,49.82599397126983
437.0,0.0,0.45,0.4500000099460112,3.3326558224967844e-18,5.0893802158022024e-17,2.7729766184682462e-18,2.770134717492479e-18,0.45066901619877275,0.4500000306459964,0.45066901619877286,1.6625129003478995e-19,0.45066908481305695,0.4499999892460217,0.4506690848130568,1.66251290034966e-19,0.45,0.4506690161987728,0.45066901619877553,1.0708375882790201e-14,2.770768923716515e-18,0.45,0.4506690848130569,0.45066908481305445,1.070837751313858e-14,2.7707689237223844e-18,0.45000003064574756,0.4499999892462702,49.93955921448604,49.879118428972085,49.829021909150384,49.8275079401584,49.827507940210104,49.825993971166405,49.82599397126984
438.0,0.0,0.45,0.4500000099460112,3.332655822496785e-18,5.089380215802203e-17,2.7729766184682462e-18,2.770134717492479e-18,0.4506690161987574,0.45000003064615296,0.45066901619875727,1.6625129003478995e-19,0.4506690848130723,0.4499999892458649,0.45066908481307244,1.66251290034966e-19,0.45,0.4506690161987573,0.4506690161987765,1.0708375882790206e-14,2.770768923716515e-18,0.45,0.45066908481307233,0.4506690848130524,1.0708377513138576e-14,2.7707689237223844e-18,0.4500000306457476,0.44999998924627027,49.939559214486046,49.879118428972085,49.829021909150384,49.8275079401584,49.827507940210104,49.825993971166405,49.82599397126984
439.0,0.0,0.45,0.4500000099460112,3.332655822496785e-18,5.0893802158022024e-17,2.7729766184682462e-18,2.770134717492479e-18,0.45066901619872396,0.4500000306464881,0.4506690161987238,1.6625129003478995e-19,0.4506690848131057,0.44999998924552975,0.4506690848131059,1.66251290034966e-19,0.45,0.4506690161987239,0.45066901619877403,1.070837588279009e-14,2.770768923716515e-18,0.45,0.45066908481310575,0.4506690848130543,1.0708377513138694e-14,2.7707689237223844e-18,0.45000003064574756,0.4499999892462702,49.939559214486046,49.879118428972085,49.829021909150384,49.8275079401584,49.827507940210104,49.825993971166405,49.82599397126984
440.0,0.0,0.45,0.4500000099460112,3.332655822496785e-18,5.089380215802202e-17,2.7729766184682462e-18,2.770134717492479e-18,0.45066901619871225,0.4500000306466038,0.4506690161987122,1.6625129003478995e-19,0.45066908481311746,0.4499999892454143,0.4506690848131175,1.66251290034966e-19,0.45,0.4506690161987122,0.45066901619876737,1.0708375882789918e-14,2.770768923716515e-18,0.45,0.45066908481311746,0.4506690848130612,1.0708377513138869e-14,2.7707689237223844e-18,0.4500000306457475,0.44999998924627016,49.939559214486046,49.879118428972085,49.829021909150384,49.8275079401584,49.827507940210104,49.825993971166405,49.82599397126984
441.0,0.0,0.45,0.4500000099460112,3.3326558224967844e-18,5.089380215802202e-17,2.7729766184682462e-18,2.770134717492479e-18,0.4506690161987203,0.45000003064652105,0.45066901619872035,1.6625129003478995e-19,0.4506690848131094,0.4499999892454972,0.4506690848131093,1.66251290034966e-19,0.45,0.45066901619872035,0.4506690161987593,1.0708375882789756e-14,2.770768923716515e-18,0.45,0.45066908481310936,0.4506690848130697,1.0708377513139035e-14,2.7707689237223844e-18,0.4500000306457475,0.44999998924627016,49.93955921448604,49.879118428972085,49.829021909150384,49.8275079401584,49.827507940210104,49.825993971166405,49.82599397126984
442.0,0.0,0.45,0.4500000099460112,3.332655822496785e-18,5.089380215802202e-17,2.7729766184682462e-18,2.770134717492479e-18,0.4506690161987463,0.45000003064626065,0.4506690161987464,1.6625129003478995e-19,0.4506690848130834,0.4499999892457574,0.45066908481308326,1.66251290034966e-19,0.45,0.4506690161987464,0.45066901619875255,1.070837588278967e-14,2.770768923716515e-18,0.45,0.4506690848130833,0.4506690848130763,1.0708377513139123e-14,2.770768923722384e-18,0.4500000306457475,0.44999998924627016,49.939559214486046,49.879118428972085,49.829021909150384,49.8275079401584,49.827507940210104,49.825993971166405,49.82599397126983
443.0,0.0,0.45,0.4500000099460112,3.332655822496785e-18,5.089380215802203e-17,2.7729766184682462e-18,2.770134717492479e-18,0.45066901619875577,0.4500000306461682,0.4506690161987557,1.6625129003478995e-19,0.450669084813074,0.4499999892458497,0.450669084813074,1.6625129003496603e-19,0.45,0.4506690161987557,0.4506690161987516,1.0708375882789664e-14,2.770768923716515e-18,0.45,0.450669084813074,0.4506690848130778,1.070837751313913e-14,2.7707689237223844e-18,0.45000003064616756,0.44999998924585033,49.939559214486046,49.879118428972085,49.829021909150384,49.8275079401584,49.82750794021011,49.825993971166405,49.82599397126984
444.0,0.0,0.45,0.4500000099460112,3.332655822496785e-18,5.089380215802203e-17,2.7729766184682462e-18,2.770134717492479e-18,0.45066901619875865,0.45000003064613936,0.45066901619875865,1.6625129003478995e-19,0.45066908481307105,0.44999998924587853,0.4506690848130711,1.6625129003496603e-19,0.45,0.45066901619875865,0.4506690161987527,1.0708375882789691e-14,2.770768923716515e-18,0.45,0.45066908481307105,0.450669084813077,1.0708377513139104e-14,2.7707689237223844e-18,0.45000003064616756,0.44999998924585033,49.939559214486046,49.879118428972085,49.829021909150384,49.8275079401584,49.82750794021011,49.825993971166405,49.82599397126984
445.0,0.0,0.45,0.4500000099460112,3.3326558224967844e-18,5.0893802158022024e-17,2.7729766184682462e-18,2.770134717492479e-18,0.45066901619875877,0.4500000306461383,0.45066901619875877,1.6625129003478995e-19,0.450669084813071,0.4499999892458796,0.450669084813071,1.66251290034966e-19,0.45,0.4506690161987587,0.450669016198754,1.0708375882789724e-14,2.770768923716515e-18,0.45,0.450669084813071,0.4506690848130755,1.0708377513139073e-14,2.770768923722384e-18,0.45000003064574756,0.4499999892462702,49.93955921448604,49.879118428972085,49.829021909150384,49.8275079401584,49.827507940210104,49.825993971166405,49.82599397126983
446.0,0.0,0.45,0.4500000099460112,3.3326558224967844e-18,5.0893802158022024e-17,2.7729766184682462e-18,2.770134717492479e-18,0.4506690161987494,0.450000030646232,0.4506690161987494,1.6625129003478995e-19,0.4506690848130804,0.449999989245786,0.4506690848130803,1.66251290034966e-19,0.45,0.4506690161987494,0.4506690161987547,1.0708375882789726e-14,2.770768923716515e-18,0.45,0.4506690848130804,0.4506690848130743,1.0708377513139073e-14,2.770768923722384e-18,0.45000003064574756,0.4499999892462702,49.93955921448604,49.879118428972085,49.829021909150384,49.8275079401584,49.827507940210104,49.825993971166405,49.82599397126983
447.0,0.0,0.45,0.4500000099460112,3.3326558224967844e-18,5.0893802158022024e-17,2.7729766184682462e-18,2.770134717492479e-18,0.4506690161987239,0.45000003064648747,0.4506690161987238,1.6625129003478995e-19,0.4506690848131058,0.44999998924553075,0.4506690848131058,1.66251290034966e-19,0.45,0.45066901619872385,0.4506690161987542,1.0708375882789664e-14,2.770768923716515e-18,0.45,0.4506690848131058,0.45066908481307466,1.0708377513139136e-14,2.770768923722384e-18,0.45000003064574756,0.4499999892462702,49.93955921448604,49.879118428972085,49.829021909150384,49.8275079401584,49.827507940210104,49.825993971166405,49.82599397126983
448.0,0.0,0.45,0.4500000099460112,3.332655822496785e-18,5.0893802158022024e-17,2.7729766184682462e-18,2.770134717492479e-18,0.4506690161987955,0.4500000306457686,0.4506690161987957,1.6625129003478993e-19,0.45066908481303414,0.44999998924624984,0.450669084813034,1.66251290034966e-19,0.45,0.45066901619879557,0.45066901619875294,1.070837588278978e-14,2.770768923716515e-18,0.45,0.45066908481303414,0.4506690848130767,1.070837751313902e-14,2.7707689237223844e-18,0.4500000306461675,0.4499999892458503,49.939559214486046,49.879118428972085,49.829021909150384,49.82750794015839,49.827507940210104,49.825993971166405,49.82599397126984
449.0,0.0,0.45,0.4500000099460112,3.332655822496785e-18,5.0893802158022024e-17,2.7729766184682462e-18,2.770134717492479e-18,0.4506690161988153,0.4500000306455716,0.45066901619881544,1.6625129003478993e-19,0.4506690848130145,0.44999998924644674,0.4506690848130143,1.6625129003496603e-19,0.45,0.4506690161988153,0.4506690161987559,1.0708375882789882e-14,2.770768923716515e-18,0.45,0.45066908481301443,0.45066908481307405,1.0708377513138918e-14,2.7707689237223844e-18,0.4500000306465875,0.4499999892454303,49.939559214486046,49.879118428972085,49.829021909150384,49.82750794015839,49.82750794021011,49.825993971166405,49.82599397126984
450.0,0.0,0.45,0.4500000099460112,3.3326558224967844e-18,5.0893802158022024e-17,2.7729766184682462e-18,2.770134717492479e-18,0.45066901619877864,0.45000003064594,0.45066901619877864,1.6625129003478995e-19,0.4506690848130511,0.4499999892460781,0.4506690848130511,1.6625129003496603e-19,0.45,0.4506690161987786,0.45066901619876043,1.0708375882789906e-14,2.770768923716515e-18,0.45,0.4506690848130511,0.4506690848130693,1.0708377513138896e-14,2.7707689237223844e-18,0.4500000306461675,0.4499999892458503,49.93955921448604,49.879118428972085,49.829021909150384,49.8275079401584,49.82750794021011,49.825993971166405,49.82599397126984
451.0,0.0,0.45,0.4500000099460112,3.3326558224967844e-18,5.0893802158022024e-17,2.7729766184682462e-18,2.770134717492479e-18,0.4506690161987368,0.45000003064635963,0.45066901619873667,1.6625129003478995e-19,0.450669084813093,0.44999998924565826,0.4506690848130931,1.6625129003496603e-19,0.45,0.4506690161987367,0.4506690161987635,1.0708375882789885e-14,2.770768923716515e-18,0.45,0.45066908481309303,0.45066908481306595,1.0708377513138917e-14,2.7707689237223844e-18,0.4500000306461675,0.4499999892458503,49.93955921448604,49.879118428972085,49.829021909150384,49.8275079401584,49.82750794021011,49.825993971166405,49.82599397126984
452.0,0.0,0.45,0.4500000099460112,3.3326558224967844e-18,5.089380215802203e-17,2.7729766184682462e-18,2.770134717492479e-18,0.4506690161987409,0.4500000306463161,0.4506690161987409,1.6625129003478995e-19,0.4506690848130888,0.44999998924570184,0.4506690848130888,1.66251290034966e-19,0.45,0.4506690161987409,0.4506690161987616,1.0708375882789857e-14,2.770768923716515e-18,0.45,0.4506690848130888,0.4506690848130677,1.0708377513138946e-14,2.7707689237223844e-18,0.4500000306457476,0.44999998924627027,49.93955921448604,49.879118428972085,49.829021909150384,49.8275079401584,49.827507940210104,49.825993971166405,49.82599397126984
453.0,0.0,0.45,0.4500000099460112,3.332655822496785e-18,5.0893802158022024e-17,2.7729766184682462e-18,2.770134717492479e-18,0.4506690161987558,0.45000003064616756,0.4506690161987558,1.6625129003478995e-19,0.45066908481307394,0.44999998924585044,0.4506690848130739,1.66251290034966e-19,0.45,0.4506690161987558,0.4506690161987598,1.0708375882789841e-14,2.770768923716515e-18,0.45,0.4506690848130739,0.45066908481307,1.070837751313896e-14,2.7707689237223844e-18,0.45000003064574756,0.4499999892462702,49.939559214486046,49.879118428972085,49.829021909150384,49.8275079401584,49.827507940210104,49.825993971166405,49.82599397126984
454.0,0.0,0.45,0.4500000099460112,3.3326558224967844e-18,5.0893802158022024e-17,2.7729766184682462e-18,2.770134717492479e-18,0.45066901619875593,0.4500000306461673,0.4506690161987559,1.6625129003478995e-19,0.4506690848130738,0.4499999892458507,0.4506690848130738,1.6625129003496603e-19,0.45,0.45066901619875593,0.45066901619875926,1.070837588278983e-14,2.770768923716515e-18,0.45,0.4506690848130738,0.45066908481307055,1.0708377513138973e-14,2.7707689237223844e-18,0.4500000306461675,0.4499999892458503,49.93955921448604,49.879118428972085,49.829021909150384,49.8275079401584,49.82750794021011,49.825993971166405,49.82599397126984
455.0,0.0,0.45,0.4500000099460112,3.3326558224967844e-18,5.0893802158022024e-17,2.7729766184682462e-18,2.770134717492479e-18,0.4506690161987559,0.4500000306461674,0.4506690161987559,1.6625129003478993e-19,0.45066908481307383,0.44999998924585055,0.45066908481307383,1.6625129003496603e-19,0.45,0.4506690161987559,0.45066901619875865,1.0708375882789819e-14,2.770768923716515e-18,0.45,0.45066908481307383,0.45066908481307094,1.0708377513138984e-14,2.770768923722384e-18,0.4500000306465875,0.4499999892454303,49.93955921448604,49.879118428972085,49.829021909150384,49.82750794015839,49.82750794021011,49.825993971166405,49.82599397126983
456.0,0.0,0.45,0.4500000099460112,3.3326558224967844e-18,5.089380215802203e-17,2.7729766184682462e-18,2.770134717492479e-18,0.45066901619875577,0.4500000306461676,0.4506690161987558,1.6625129003478993e-19,0.45066908481307394,0.4499999892458503,0.45066908481307394,1.66251290034966e-19,0.45,0.45066901619875577,0.450669016198758,1.0708375882789811e-14,2.770768923716515e-18,0.45,0.45066908481307394,0.4506690848130713,1.0708377513138992e-14,2.770768923722384e-18,0.45000003064616756,0.44999998924585033,49.93955921448604,49.879118428972085,49.829021909150384,49.82750794015839,49.827507940210104,49.825993971166405,49.82599397126983
457.0,0.0,0.45,0.4500000099460112,3.3326558224967844e-18,5.089380215802203e-17,2.7729766184682462e-18,2.770134717492479e-18,0.45066901619875577,0.4500000306461676,0.4506690161987558,1.6625129003478993e-19,0.45066908481307394,0.4499999892458504,0.4506690848130739,1.6625129003496603e-19,0.45,0.45066901619875577,0.45066901619875743,1.0708375882789806e-14,2.770768923716515e-18,0.45,0.45066908481307394,0.4506690848130716,1.0708377513139e-14,2.770768923722384e-18,0.45000003064658756,0.44999998924543033,49.93955921448604,49.879118428972085,49.829021909150384,49.82750794015839,49.82750794021011,49.825993971166405,49.82599397126983
458.0,0.0,0.45,0.4500000099460112,3.3326558224967844e-18,5.089380215802202e-17,2.7729766184682462e-18,2.770134717492479e-18,0.45066901619875344,0.45000003064619937,0.4506690161987529,1.6625129003478995e-19,0.45066908481307627,0.44999998924581847,0.4506690848130768,1.66251290034966e-19,0.45,0.45066901619875316,0.4506690161987585,1.0708375882789808e-14,2.770768923716515e-18,0.45,0.45066908481307655,0.45066908481307155,1.0708377513138999e-14,2.770768923722384e-18,0.4500000306457475,0.44999998924627016,49.93955921448604,49.879118428972085,49.829021909150384,49.8275079401584,49.827507940210104,49.825993971166405,49.82599397126983
459.0,0.0,0.45,0.4500000099460112,3.3326558224967844e-18,5.089380215802202e-17,2.7729766184682462e-18,2.770134717492479e-18,0.45066901619879474,0.4500000306457722,0.4506690161987951,1.6625129003478993e-19,0.4506690848130351,0.44999998924624507,0.4506690848130347,1.66251290034966e-19,0.45,0.45066901619879496,0.45066901619875754,1.0708375882789895e-14,2.770768923716515e-18,0.45,0.45066908481303486,0.4506690848130712,1.070837751313891e-14,2.7707689237223844e-18,0.45000003064616745,0.4499999892458502,49.93955921448604,49.879118428972085,49.829021909150384,49.82750794015839,49.827507940210104,49.825993971166405,49.82599397126984
460.0,0.0,0.45,0.4500000099460112,3.332655822496785e-18,5.089380215802201e-17,2.7729766184682462e-18,2.770134717492479e-18,0.4506690161987317,0.4500000306464196,0.4506690161987309,1.6625129003478993e-19,0.45066908481309814,0.44999998924559836,0.4506690848130988,1.66251290034966e-19,0.45,0.4506690161987313,0.45066901619876304,1.070837588278998e-14,2.770768923716515e-18,0.45,0.4506690848130985,0.45066908481305956,1.0708377513138839e-14,2.770768923722384e-18,0.4500000306461674,0.44999998924585016,49.939559214486046,49.879118428972085,49.829021909150384,49.82750794015839,49.827507940210104,49.825993971166405,49.82599397126983
461.0,0.0,0.45,0.4500000099460112,3.332655822496785e-18,5.089380215802202e-17,2.7729766184682462e-18,2.770134717492479e-18,0.4506690161987815,0.45000003064590816,0.45066901619878164,1.6625129003478993e-19,0.45066908481304824,0.44999998924610946,0.45066908481304807,1.66251290034966e-19,0.45,0.4506690161987816,0.45066901619876387,1.0708375882790004e-14,2.770768923716515e-18,0.45,0.4506690848130482,0.45066908481306583,1.0708377513138822e-14,2.7707689237223844e-18,0.45000003064616745,0.4499999892458502,49.939559214486046,49.879118428972085,49.829021909150384,49.82750794015839,49.827507940210104,49.825993971166405,49.82599397126984
462.0,0.0,0.45,0.4500000099460112,3.332655822496785e-18,5.089380215802204e-17,2.7729766184682462e-18,2.770134717492479e-18,0.45066901619884425,0.4500000306452759,0.4506690161988447,1.6625129003478993e-19,0.4506690848129855,0.44999998924674134,0.45066908481298507,1.6625129003496603e-19,0.45,0.4506690161988445,0.45066901619876454,1.0708375882790067e-14,2.770768923716515e-18,0.45,0.4506690848129853,0.45066908481307066,1.0708377513138756e-14,2.7707689237223844e-18,0.45000003064658767,0.44999998924543044,49.939559214486046,49.879118428972085,49.829021909150384,49.82750794015839,49.82750794021011,49.825993971166405,49.82599397126984
463.0,0.0,0.45,0.4500000099460112,3.332655822496785e-18,5.0893802158022036e-17,2.7729766184682462e-18,2.770134717492479e-18,0.45066901619879574,0.45000003064576627,0.45066901619879585,1.6625129003478993e-19,0.450669084813034,0.44999998924625145,0.45066908481303386,1.66251290034966e-19,0.45,0.4506690161987958,0.45066901619876687,1.0708375882790045e-14,2.770768923716515e-18,0.45,0.4506690848130339,0.45066908481306606,1.0708377513138775e-14,2.7707689237223844e-18,0.4500000306461676,0.4499999892458504,49.939559214486046,49.879118428972085,49.829021909150384,49.82750794015839,49.827507940210104,49.825993971166405,49.82599397126984
464.0,0.0,0.45,0.4500000099460112,3.332655822496785e-18,5.0893802158022024e-17,2.7729766184682462e-18,2.770134717492479e-18,0.4506690161987333,0.4500000306463967,0.450669016198733,1.6625129003478993e-19,0.4506690848130964,0.4499999892456214,0.4506690848130967,1.66251290034966e-19,0.45,0.4506690161987331,0.4506690161987685,1.0708375882790007e-14,2.770768923716515e-18,0.45,0.45066908481309653,0.45066908481306023,1.0708377513138811e-14,2.770768923722384e-18,0.4500000306461675,0.4499999892458503,49.939559214486046,49.879118428972085,49.829021909150384,49.82750794015839,49.827507940210104,49.825993971166405,49.82599397126983
465.0,0.0,0.45,0.4500000099460112,3.3326558224967844e-18,5.089380215802202e-17,2.7729766184682462e-18,2.770134717492479e-18,0.4506690161987541,0.45000003064618477,0.4506690161987541,1.6625129003478993e-19,0.4506690848130756,0.449999989245833,0.45066908481307566,1.66251290034966e-19,0.45,0.4506690161987541,0.45066901619876676,1.0708375882790021e-14,2.770768923716515e-18,0.45,0.4506690848130756,0.4506690848130615,1.0708377513138795e-14,2.770768923722384e-18,0.45000003064616745,0.4499999892458502,49.93955921448604,49.879118428972085,49.829021909150384,49.82750794015839,49.827507940210104,49.825993971166405,49.82599397126983
466.0,0.0,0.45,0.4500000099460112,3.3326558224967844e-18,5.089380215802202e-17,2.7729766184682462e-18,2.770134717492479e-18,0.4506690161987995,0.4500000306457302,0.4506690161987995,1.6625129003478993e-19,0.45066908481303025,0.44999998924628715,0.45066908481303025,1.66251290034966e-19,0.45,0.4506690161987995,0.4506690161987712,1.0708375882790183e-14,2.770768923716515e-18,0.45,0.45066908481303025,0.450669084813059,1.070837751313863e-14,2.7707689237223844e-18,0.45000003064616745,0.4499999892458502,49.93955921448604,49.879118428972085,49.829021909150384,49.82750794015839,49.827507940210104,49.825993971166405,49.82599397126984
467.0,0.0,0.45,0.4500000099460112,3.332655822496785e-18,5.089380215802202e-17,2.7729766184682462e-18,2.770134717492479e-18,0.45066901619877126,0.4500000306460154,0.4506690161987711,1.6625129003478993e-19,0.45066908481305845,0.44999998924600226,0.4506690848130587,1.66251290034966e-19,0.45,0.4506690161987712,0.4506690161987744,1.0708375882790191e-14,2.770768923716515e-18,0.45,0.45066908481305856,0.4506690848130558,1.070837751313862e-14,2.7707689237223844e-18,0.45000003064616745,0.4499999892458502,49.939559214486046,49.879118428972085,49.829021909150384,49.82750794015839,49.827507940210104,49.825993971166405,49.82599397126984
468.0,0.0,0.45,0.4500000099460112,3.332655822496785e-18,5.089380215802202e-17,2.7729766184682462e-18,2.770134717492479e-18,0.4506690161987309,0.4500000306464185,0.45066901619873073,1.6625129003478995e-19,0.4506690848130988,0.4499999892455996,0.450669084813099,1.66251290034966e-19,0.45,0.4506690161987308,0.450669016198772,1.0708375882790054e-14,2.770768923716515e-18,0.45,0.45066908481309886,0.450669084813058,1.0708377513138757e-14,2.770768923722384e-18,0.4500000306457475,0.44999998924627016,49.939559214486046,49.879118428972085,49.829021909150384,49.8275079401584,49.827507940210104,49.825993971166405,49.82599397126983
469.0,0.0,0.45,0.4500000099460112,3.332655822496785e-18,5.089380215802202e-17,2.7729766184682462e-18,2.770134717492479e-18,0.45066901619870786,0.4500000306466467,0.45066901619870786,1.6625129003478995e-19,0.4506690848131218,0.4499999892453717,0.4506690848131218,1.66251290034966e-19,0.45,0.45066901619870786,0.45066901619876576,1.0708375882789874e-14,2.770768923716515e-18,0.45,0.4506690848131218,0.45066908481306395,1.0708377513138935e-14,2.770768923722384e-18,0.4500000306457475,0.44999998924627016,49.939559214486046,49.879118428972085,49.829021909150384,49.8275079401584,49.827507940210104,49.825993971166405,49.82599397126983
470.0,0.0,0.45,0.4500000099460112,3.3326558224967844e-18,5.089380215802202e-17,2.7729766184682462e-18,2.770134717492479e-18,0.4506690161987316,0.4500000306464069,0.4506690161987318,1.6625129003478995e-19,0.45066908481309803,0.4499999892456112,0.45066908481309786,1.66251290034966e-19,0.45,0.45066901619873173,0.45066901619875765,1.0708375882789754e-14,2.770768923716515e-18,0.45,0.450669084813098,0.4506690848130718,1.0708377513139057e-14,2.770768923722384e-18,0.4500000306457475,0.44999998924627016,49.93955921448604,49.879118428972085,49.829021909150384,49.8275079401584,49.827507940210104,49.825993971166405,49.82599397126983
471.0,0.0,0.45,0.4500000099460112,3.3326558224967844e-18,5.0893802158022024e-17,2.7729766184682462e-18,2.770134717492479e-18,0.45066901619875555,0.4500000306461698,0.45066901619875555,1.6625129003478995e-19,0.45066908481307416,0.44999998924584816,0.45066908481307416,1.66251290034966e-19,0.45,0.45066901619875555,0.45066901619875477,1.0708375882789732e-14,2.770768923716515e-18,0.45,0.45066908481307416,0.45066908481307544,1.0708377513139077e-14,2.7707689237223844e-18,0.45000003064574756,0.4499999892462702,49.93955921448604,49.879118428972085,49.829021909150384,49.8275079401584,49.827507940210104,49.825993971166405,49.82599397126984
472.0,0.0,0.45,0.4500000099460112,3.332655822496785e-18,5.0893802158022024e-17,2.7729766184682462e-18,2.770134717492479e-18,0.4506690161987585,0.4500000306461414,0.45066901619875843,1.6625129003478995e-19,0.4506690848130712,0.4499999892458765,0.4506690848130713,1.6625129003496603e-19,0.45,0.45066901619875843,0.45066901619875527,1.0708375882789748e-14,2.770768923716515e-18,0.45,0.4506690848130713,0.4506690848130751,1.0708377513139062e-14,2.7707689237223844e-18,0.4500000306461675,0.4499999892458503,49.939559214486046,49.879118428972085,49.829021909150384,49.8275079401584,49.82750794021011,49.825993971166405,49.82599397126984
473.0,0.0,0.45,0.4500000099460112,3.332655822496785e-18,5.0893802158022024e-17,2.7729766184682462e-18,2.770134717492479e-18,0.45066901619875904,0.45000003064613564,0.450669016198759,1.6625129003478995e-19,0.45066908481307066,0.44999998924588225,0.45066908481307066,1.66251290034966e-19,0.45,0.45066901619875904,0.4506690161987561,1.0708375882789772e-14,2.770768923716515e-18,0.45,0.45066908481307066,0.4506690848130738,1.0708377513139036e-14,2.770768923722384e-18,0.45000003064574756,0.4499999892462702,49.939559214486046,49.879118428972085,49.829021909150384,49.8275079401584,49.827507940210104,49.825993971166405,49.82599397126983
474.0,0.0,0.45,0.4500000099460112,3.332655822496785e-18,5.089380215802202e-17,2.7729766184682462e-18,2.770134717492479e-18,0.45066901619875066,0.4500000306462192,0.45066901619875066,1.6625129003478993e-19,0.45066908481307905,0.44999998924579876,0.450669084813079,1.66251290034966e-19,0.45,0.45066901619875066,0.4506690161987565,1.0708375882789772e-14,2.770768923716515e-18,0.45,0.45066908481307905,0.4506690848130727,1.0708377513139036e-14,2.770768923722384e-18,0.45000003064616745,0.4499999892458502,49.939559214486046,49.879118428972085,49.829021909150384,49.82750794015839,49.827507940210104,49.825993971166405,49.82599397126983
475.0,0.0,0.45,0.4500000099460112,3.332655822496785e-18,5.089380215802202e-17,2.7729766184682462e-18,2.770134717492479e-18,0.4506690161987268,0.4500000306464589,0.4506690161987267,1.6625129003478993e-19,0.45066908481310297,0.4499999892455593,0.45066908481310297,1.66251290034966e-19,0.45,0.45066901619872674,0.4506690161987559,1.0708375882789712e-14,2.770768923716515e-18,0.45,0.45066908481310297,0.4506690848130731,1.07083775131391e-14,2.770768923722384e-18,0.45000003064616745,0.4499999892458502,49.939559214486046,49.879118428972085,49.829021909150384,49.82750794015839,49.827507940210104,49.825993971166405,49.82599397126983
476.0,0.0,0.45,0.4500000099460112,3.332655822496785e-18,5.0893802158022024e-17,2.7729766184682462e-18,2.770134717492479e-18,0.4506690161987899,0.4500000306458253,0.45066901619879,1.6625129003478993e-19,0.4506690848130399,0.4499999892461923,0.4506690848130398,1.66251290034966e-19,0.45,0.4506690161987899,0.4506690161987544,1.0708375882789802e-14,2.770768923716515e-18,0.45,0.4506690848130398,0.4506690848130756,1.070837751313901e-14,2.7707689237223844e-18,0.4500000306461675,0.4499999892458503,49.939559214486046,49.879118428972085,49.829021909150384,49.82750794015839,49.827507940210104,49.825993971166405,49.82599397126984
477.0,0.0,0.45,0.4500000099460112,3.332655822496785e-18,5.089380215802203e-17,2.7729766184682462e-18,2.770134717492479e-18,0.4506690161988165,0.4500000306455589,0.4506690161988166,1.6625129003478993e-19,0.4506690848130133,0.4499999892464584,0.45066908481301315,1.66251290034966e-19,0.45,0.45066901619881655,0.450669016198757,1.0708375882789906e-14,2.770768923716515e-18,0.45,0.4506690848130132,0.45066908481307355,1.0708377513138902e-14,2.7707689237223844e-18,0.45000003064616756,0.44999998924585033,49.939559214486046,49.879118428972085,49.829021909150384,49.82750794015839,49.827507940210104,49.825993971166405,49.82599397126984
478.0,0.0,0.45,0.4500000099460112,3.332655822496785e-18,5.089380215802203e-17,2.7729766184682462e-18,2.770134717492479e-18,0.4506690161987825,0.4500000306459006,0.4506690161987825,1.6625129003478993e-19,0.4506690848130472,0.44999998924611706,0.45066908481304724,1.66251290034966e-19,0.45,0.4506690161987825,0.4506690161987614,1.0708375882789931e-14,2.770768923716515e-18,0.45,0.4506690848130472,0.4506690848130689,1.0708377513138877e-14,2.7707689237223844e-18,0.45000003064616756,0.44999998924585033,49.939559214486046,49.879118428972085,49.829021909150384,49.82750794015839,49.827507940210104,49.825993971166405,49.82599397126984
479.0,0.0,0.45,0.4500000099460112,3.332655822496785e-18,5.0893802158022024e-17,2.7729766184682462e-18,2.770134717492479e-18,0.45066901619873917,0.45000003064633576,0.45066901619873906,1.6625129003478993e-19,0.4506690848130905,0.44999998924568235,0.45066908481309065,1.66251290034966e-19,0.45,0.4506690161987391,0.4506690161987645,1.0708375882789909e-14,2.770768923716515e-18,0.45,0.45066908481309054,0.45066908481306545,1.0708377513138899e-14,2.7707689237223844e-18,0.4500000306461675,0.4499999892458503,49.939559214486046,49.879118428972085,49.829021909150384,49.82750794015839,49.827507940210104,49.825993971166405,49.82599397126984
480.0,0.0,0.45,0.4500000099460112,3.3326558224967844e-18,5.0893802158022024e-17,2.7729766184682462e-18,2.770134717492479e-18,0.45066901619873756,0.45000003064634964,0.45066901619873756,1.6625129003478995e-19,0.45066908481309204,0.4499999892456685,0.4506690848130921,1.66251290034966e-19,0.45,0.45066901619873756,0.4506690161987631,1.0708375882789876e-14,2.770768923716515e-18,0.45,0.4506690848130921,0.4506690848130668,1.070837751313893e-14,2.7707689237223844e-18,0.45000003064574756,0.4499999892462702,49.93955921448604,49.879118428972085,49.829021909150384,49.8275079401584,49.827507940210104,49.825993971166405,49.82599397126984
481.0,0.0,0.45,0.4500000099460112,3.3326558224967844e-18,5.0893802158022024e-17,2.7729766184682462e-18,2.770134717492479e-18,0.45066901619879324,0.45000003064579247,0.45066901619879324,1.6625129003478993e-19,0.4506690848130366,0.449999989246225,0.4506690848130365,1.66251290034966e-19,0.45,0.45066901619879324,0.45066901619876054,1.0708375882789939e-14,2.770768923716515e-18,0.45,0.4506690848130366,0.45066908481306933,1.0708377513138866e-14,2.7707689237223844e-18,0.4500000306461675,0.4499999892458503,49.93955921448604,49.879118428972085,49.829021909150384,49.82750794015839,49.827507940210104,49.825993971166405,49.82599397126984
482.0,0.0,0.45,0.4500000099460112,3.3326558224967844e-18,5.089380215802202e-17,2.7729766184682462e-18,2.770134717492479e-18,0.45066901619881594,0.4500000306455664,0.45066901619881594,1.6625129003478993e-19,0.4506690848130139,0.4499999892464508,0.45066908481301393,1.6625129003496603e-19,0.45,0.4506690161988159,0.45066901619876415,1.0708375882790067e-14,2.770768923716515e-18,0.45,0.450669084813014,0.4506690848130656,1.0708377513138738e-14,2.7707689237223844e-18,0.45000003064658745,0.4499999892454302,49.93955921448604,49.879118428972085,49.829021909150384,49.82750794015839,49.82750794021011,49.825993971166405,49.82599397126984
483.0,0.0,0.45,0.4500000099460112,3.3326558224967844e-18,5.089380215802202e-17,2.7729766184682462e-18,2.770134717492479e-18,0.4506690161988094,0.45000003064563227,0.4506690161988094,1.6625129003478993e-19,0.4506690848130204,0.44999998924638496,0.4506690848130205,1.66251290034966e-19,0.45,0.4506690161988094,0.45066901619877037,1.070837588279019e-14,2.770768923716515e-18,0.45,0.4506690848130205,0.45066908481305934,1.0708377513138615e-14,2.7707689237223844e-18,0.45000003064616745,0.4499999892458502,49.93955921448604,49.879118428972085,49.829021909150384,49.82750794015839,49.827507940210104,49.825993971166405,49.82599397126984
484.0,0.0,0.45,0.4500000099460112,3.3326558224967844e-18,5.089380215802202e-17,2.7729766184682462e-18,2.770134717492479e-18,0.450669016198787,0.45000003064585575,0.450669016198787,1.6625129003478993e-19,0.4506690848130427,0.4499999892461618,0.45066908481304274,1.66251290034966e-19,0.45,0.450669016198787,0.4506690161987763,1.0708375882790272e-14,2.770768923716515e-18,0.45,0.45066908481304274,0.4506690848130533,1.0708377513138533e-14,2.7707689237223844e-18,0.45000003064616745,0.4499999892458502,49.93955921448604,49.879118428972085,49.829021909150384,49.82750794015839,49.827507940210104,49.825993971166405,49.82599397126984
485.0,0.0,0.45,0.4500000099460112,3.332655822496785e-18,5.0893802158022024e-17,2.7729766184682462e-18,2.770134717492479e-18,0.4506690161987624,0.4500000306461024,0.4506690161987624,1.6625129003478993e-19,0.45066908481306733,0.44999998924591544,0.4506690848130674,1.66251290034966e-19,0.45,0.4506690161987624,0.4506690161987791,1.0708375882790281e-14,2.770768923716515e-18,0.45,0.4506690848130674,0.45066908481305035,1.0708377513138525e-14,2.770768923722384e-18,0.4500000306461675,0.4499999892458503,49.939559214486046,49.879118428972085,49.829021909150384,49.82750794015839,49.827507940210104,49.825993971166405,49.82599397126983
486.0,0.0,0.45,0.4500000099460112,3.332655822496785e-18,5.089380215802203e-17,2.7729766184682462e-18,2.770134717492479e-18,0.4506690161987568,0.4500000306461577,0.45066901619875677,1.6625129003478995e-19,0.4506690848130729,0.4499999892458603,0.45066908481307294,1.66251290034966e-19,0.45,0.4506690161987568,0.45066901619877864,1.0708375882790253e-14,2.770768923716515e-18,0.45,0.45066908481307294,0.4506690848130512,1.0708377513138554e-14,2.7707689237223844e-18,0.4500000306457476,0.44999998924627027,49.939559214486046,49.879118428972085,49.829021909150384,49.8275079401584,49.827507940210104,49.825993971166405,49.82599397126984
487.0,0.0,0.45,0.4500000099460112,3.332655822496785e-18,5.0893802158022036e-17,2.7729766184682462e-18,2.770134717492479e-18,0.4506690161987411,0.4500000306463148,0.45066901619874106,1.6625129003478995e-19,0.45066908481308854,0.44999998924570345,0.4506690848130886,1.66251290034966e-19,0.45,0.4506690161987411,0.4506690161987751,1.070837588279014e-14,2.770768923716515e-18,0.45,0.4506690848130886,0.45066908481305495,1.0708377513138667e-14,2.7707689237223844e-18,0.4500000306457477,0.4499999892462703,49.939559214486046,49.879118428972085,49.829021909150384,49.8275079401584,49.827507940210104,49.825993971166405,49.82599397126984
488.0,0.0,0.45,0.4500000099460112,3.332655822496785e-18,5.089380215802203e-17,2.7729766184682462e-18,2.770134717492479e-18,0.4506690161987207,0.4500000306465191,0.4506690161987207,1.6625129003478995e-19,0.45066908481310897,0.4499999892454993,0.450669084813109,1.66251290034966e-19,0.45,0.4506690161987207,0.45066901619876887,1.0708375882789964e-14,2.770768923716515e-18,0.45,0.45066908481310897,0.4506690848130609,1.0708377513138842e-14,2.770768923722384e-18,0.4500000306457476,0.44999998924627027,49.939559214486046,49.879118428972085,49.829021909150384,49.8275079401584,49.827507940210104,49.825993971166405,49.82599397126983
489.0,0.0,0.45,0.4500000099460112,3.332655822496785e-18,5.0893802158022024e-17,2.7729766184682462e-18,2.770134717492479e-18,0.45066901619871347,0.45000003064659116,0.45066901619871347,1.6625129003478993e-19,0.4506690848131162,0.4499999892454272,0.45066908481311624,1.66251290034966e-19,0.45,0.45066901619871347,0.45066901619876143,1.0708375882789794e-14,2.770768923716515e-18,0.45,0.4506690848131162,0.45066908481306794,1.0708377513139011e-14,2.770768923722384e-18,0.4500000306461675,0.4499999892458503,49.939559214486046,49.879118428972085,49.829021909150384,49.82750794015839,49.827507940210104,49.825993971166405,49.82599397126983
490.0,0.0,0.45,0.4500000099460112,3.332655822496785e-18,5.089380215802202e-17,2.7729766184682462e-18,2.770134717492479e-18,0.4506690161987373,0.4500000306463514,0.4506690161987374,1.6625129003478995e-19,0.4506690848130924,0.4499999892456666,0.4506690848130923,1.66251290034966e-19,0.45,0.4506690161987374,0.4506690161987543,1.0708375882789698e-14,2.770768923716515e-18,0.45,0.45066908481309237,0.45066908481307477,1.070837751313911e-14,2.770768923722384e-18,0.4500000306457475,0.44999998924627016,49.939559214486046,49.879118428972085,49.829021909150384,49.8275079401584,49.827507940210104,49.825993971166405,49.82599397126983
491.0,0.0,0.45,0.4500000099460112,3.3326558224967844e-18,5.0893802158022024e-17,2.7729766184682462e-18,2.770134717492479e-18,0.4506690161987944,0.4500000306457805,0.45066901619879446,1.6625129003478993e-19,0.45066908481303536,0.44999998924623696,0.4506690848130353,1.66251290034966e-19,0.45,0.4506690161987944,0.45066901619875555,1.0708375882789835e-14,2.770768923716515e-18,0.45,0.45066908481303536,0.4506690848130744,1.0708377513138973e-14,2.7707689237223844e-18,0.4500000306461675,0.4499999892458503,49.93955921448604,49.879118428972085,49.829021909150384,49.82750794015839,49.827507940210104,49.825993971166405,49.82599397126984
492.0,0.0,0.45,0.4500000099460112,3.3326558224967844e-18,5.089380215802203e-17,2.7729766184682462e-18,2.770134717492479e-18,0.4506690161987986,0.4500000306457394,0.45066901619879857,1.6625129003478993e-19,0.45066908481303114,0.44999998924627804,0.45066908481303114,1.6625129003496603e-19,0.45,0.45066901619879857,0.4506690161987596,1.0708375882789923e-14,2.770768923716515e-18,0.45,0.45066908481303114,0.45066908481307083,1.0708377513138883e-14,2.7707689237223844e-18,0.45000003064658756,0.44999998924543033,49.93955921448604,49.879118428972085,49.829021909150384,49.82750794015839,49.82750794021011,49.825993971166405,49.82599397126984
493.0,0.0,0.45,0.4500000099460112,3.3326558224967844e-18,5.0893802158022024e-17,2.7729766184682462e-18,2.770134717492479e-18,0.45066901619877103,0.45000003064601546,0.45066901619877103,1.6625129003478993e-19,0.4506690848130587,0.4499999892460022,0.4506690848130587,1.66251290034966e-19,0.45,0.450669016198771,0.45066901619876215,1.0708375882789922e-14,2.770768923716515e-18,0.45,0.4506690848130587,0.45066908481306805,1.0708377513138883e-14,2.7707689237223844e-18,0.4500000306461675,0.4499999892458503,49.93955921448604,49.879118428972085,49.829021909150384,49.82750794015839,49.827507940210104,49.825993971166405,49.82599397126984
494.0,0.0,0.45,0.4500000099460112,3.332655822496785e-18,5.089380215802202e-17,2.7729766184682462e-18,2.770134717492479e-18,0.4506690161987498,0.45000003064622773,0.4506690161987498,1.6625129003478995e-19,0.4506690848130799,0.44999998924579016,0.4506690848130799,1.66251290034966e-19,0.45,0.4506690161987498,0.45066901619876304,1.07083758827899e-14,2.770768923716515e-18,0.45,0.4506690848130799,0.4506690848130668,1.0708377513138904e-14,2.7707689237223844e-18,0.4500000306457475,0.44999998924627016,49.939559214486046,49.879118428972085,49.829021909150384,49.8275079401584,49.827507940210104,49.825993971166405,49.82599397126984
495.0,0.0,0.45,0.4500000099460112,3.332655822496785e-18,5.089380215802202e-17,2.7729766184682462e-18,2.770134717492479e-18,0.45066901619877286,0.45000003064599503,0.450669016198773,1.6625129003478995e-19,0.45066908481305684,0.4499999892460226,0.45066908481305673,1.66251290034966e-19,0.45,0.4506690161987729,0.45066901619876204,1.0708375882789928e-14,2.770768923716515e-18,0.45,0.4506690848130568,0.4506690848130678,1.0708377513138875e-14,2.7707689237223844e-18,0.4500000306457475,0.44999998924627016,49.939559214486046,49.879118428972085,49.829021909150384,49.8275079401584,49.827507940210104,49.825993971166405,49.82599397126984
496.0,0.0,0.45,0.4500000099460112,3.3326558224967844e-18,5.0893802158022024e-17,2.7729766184682462e-18,2.770134717492479e-18,0.45066901619875993,0.4500000306461271,0.45066901619875993,1.6625129003478995e-19,0.4506690848130698,0.44999998924589085,0.45066908481306983,1.6625129003496603e-19,0.45,0.4506690161987599,0.4506690161987634,1.0708375882789928e-14,2.770768923716515e-18,0.45,0.45066908481306983,0.4506690848130664,1.0708377513138875e-14,2.7707689237223844e-18,0.4500000306461675,0.4499999892458503,49.93955921448604,49.879118428972085,49.829021909150384,49.8275079401584,49.82750794021011,49.825993971166405,49.82599397126984
497.0,0.0,0.45,0.4500000099460112,3.3326558224967844e-18,5.089380215802203e-17,2.7729766184682462e-18,2.770134717492479e-18,0.4506690161987431,0.45000003064629657,0.450669016198743,1.6625129003478995e-19,0.4506690848130866,0.4499999892457216,0.4506690848130867,1.66251290034966e-19,0.45,0.45066901619874306,0.45066901619876437,1.0708375882789915e-14,2.770768923716515e-18,0.45,0.4506690848130867,0.4506690848130652,1.0708377513138888e-14,2.7707689237223844e-18,0.4500000306457476,0.44999998924627027,49.93955921448604,49.879118428972085,49.829021909150384,49.8275079401584,49.827507940210104,49.825993971166405,49.82599397126984
498.0,0.0,0.45,0.4500000099460112,3.3326558224967844e-18,5.089380215802203e-17,2.7729766184682462e-18,2.770134717492479e-18,0.4506690161987507,0.4500000306462191,0.45066901619875066,1.6625129003478995e-19,0.450669084813079,0.449999989245799,0.45066908481307905,1.66251290034966e-19,0.45,0.4506690161987507,0.45066901619876354,1.0708375882789917e-14,2.770768923716515e-18,0.45,0.45066908481307905,0.4506690848130659,1.0708377513138887e-14,2.770768923722384e-18,0.4500000306457476,0.44999998924627027,49.93955921448604,49.879118428972085,49.829021909150384,49.8275079401584,49.827507940210104,49.825993971166405,49.82599397126983
499.0,0.0,0.45,0.4500000099460112,3.3326558224967844e-18,5.089380215802203e-17,2.7729766184682462e-18,2.770134717492479e-18,0.4506690161987562,0.45000003064616273,0.4506690161987562,1.6625129003478993e-19,0.4506690848130735,0.44999998924585527,0.45066908481307344,1.66251290034966e-19,0.45,0.45066901619875627,0.45066901619876176,1.0708375882789896e-14,2.770768923716515e-18,0.45,0.4506690848130735,0.4506690848130674,1.070837751313891e-14,2.770768923722384e-18,0.45000003064616756,0.44999998924585033,49.93955921448604,49.879118428972085,49.829021909150384,49.82750794015839,49.827507940210104,49.825993971166405,49.82599397126983
500.0,0.0,0.45,0.4500000099460112,3.3326558224967844e-18,5.089380215802203e-17,2.7729766184682462e-18,2.770134717492479e-18,0.45066901619873306,0.4500000306463955,0.450669016198733,1.6625129003478993e-19,0.45066908481309664,0.4499999892456228,0.45066908481309664,1.66251290034966e-19,0.45,0.45066901619873306,0.4506690161987601,1.0708375882789817e-14,2.770768923716515e-18,0.45,0.45066908481309664,0.4506690848130687,1.070837751313899e-14,2.770768923722384e-18,0.45000003064616756,0.44999998924585033,49.93955921448604,49.879118428972085,49.829021909150384,49.82750794015839,49.827507940210104,49.825993971166405,49.82599397126983
501.0,0.0,0.45,0.4500000099460112,3.3326558224967844e-18,5.0893802158022024e-17,2.7729766184682462e-18,2.770134717492479e-18,0.45066901619879013,0.45000003064582306,0.4506690161987902,1.6625129003478993e-19,0.45066908481303963,0.44999998924619444,0.4506690848130395,1.66251290034966e-19,0.45,0.4506690161987902,0.45066901619875926,1.0708375882789907e-14,2.770768923716515e-18,0.45,0.45066908481303963,0.4506690848130707,1.07083775131389e-14,2.7707689237223844e-18,0.4500000306461675,0.4499999892458503,49.93955921448604,49.879118428972085,49.829021909150384,49.82750794015839,49.827507940210104,49.825993971166405,49.82599397126984
502.0,0.0,0.45,0.4500000099460112,3.3326558224967844e-18,5.0893802158022024e-17,2.7729766184682462e-18,2.770134717492479e-18,0.4506690161988139,0.4500000306455847,0.450669016198814,1.6625129003478993e-19,0.4506690848130159,0.4499999892464325,0.45066908481301576,1.6625129003496603e-19,0.45,0.450669016198814,0.4506690161987611,1.0708375882789985e-14,2.770768923716515e-18,0.45,0.4506690848130158,0.45066908481306966,1.0708377513138822e-14,2.7707689237223844e-18,0.4500000306465875,0.4499999892454303,49.93955921448604,49.879118428972085,49.829021909150384,49.82750794015839,49.82750794021011,49.825993971166405,49.82599397126984
503.0,0.0,0.45,0.4500000099460112,3.3326558224967844e-18,5.0893802158022024e-17,2.7729766184682462e-18,2.770134717492479e-18,0.45066901619877936,0.4500000306459323,0.4506690161987793,1.6625129003478993e-19,0.4506690848130504,0.4499999892460853,0.4506690848130504,1.66251290034966e-19,0.45,0.45066901619877936,0.450669016198764,1.0708375882789975e-14,2.770768923716515e-18,0.45,0.4506690848130504,0.45066908481306656,1.0708377513138831e-14,2.7707689237223844e-18,0.4500000306461675,0.4499999892458503,49.93955921448604,49.879118428972085,49.829021909150384,49.82750794015839,49.827507940210104,49.825993971166405,49.82599397126984
504.0,0.0,0.45,0.4500000099460112,3.3326558224967844e-18,5.089380215802203e-17,2.7729766184682462e-18,2.770134717492479e-18,0.4506690161987443,0.45000003064628413,0.45066901619874417,1.6625129003478995e-19,0.45066908481308543,0.449999989245734,0.45066908481308554,1.66251290034966e-19,0.45,0.4506690161987442,0.4506690161987659,1.0708375882789945e-14,2.770768923716515e-18,0.45,0.4506690848130855,0.4506690848130642,1.070837751313886e-14,2.7707689237223844e-18,0.4500000306457476,0.44999998924627027,49.93955921448604,49.879118428972085,49.829021909150384,49.8275079401584,49.827507940210104,49.825993971166405,49.82599397126984
505.0,0.0,0.45,0.4500000099460112,3.3326558224967844e-18,5.0893802158022024e-17,2.7729766184682462e-18,2.770134717492479e-18,0.4506690161987666,0.45000003064605837,0.4506690161987667,1.6625129003478995e-19,0.4506690848130631,0.44999998924595946,0.45066908481306306,1.66251290034966e-19,0.45,0.45066901619876665,0.4506690161987648,1.0708375882789964e-14,2.770768923716515e-18,0.45,0.4506690848130631,0.45066908481306545,1.0708377513138838e-14,2.770768923722384e-18,0.45000003064574756,0.4499999892462702,49.93955921448604,49.879118428972085,49.829021909150384,49.8275079401584,49.827507940210104,49.825993971166405,49.82599397126983
506.0,0.0,0.45,0.4500000099460112,3.3326558224967844e-18,5.089380215802202e-17,2.7729766184682462e-18,2.770134717492479e-18,0.45066901619879834,0.4500000306457422,0.45066901619879834,1.6625129003478993e-19,0.4506690848130315,0.44999998924627527,0.45066908481303136,1.66251290034966e-19,0.45,0.45066901619879834,0.4506690161987667,1.0708375882790083e-14,2.770768923716515e-18,0.45,0.4506690848130314,0.4506690848130631,1.070837751313872e-14,2.7707689237223844e-18,0.45000003064616745,0.4499999892458502,49.93955921448604,49.879118428972085,49.829021909150384,49.82750794015839,49.827507940210104,49.825993971166405,49.82599397126984
507.0,0.0,0.45,0.4500000099460112,3.3326558224967844e-18,5.089380215802202e-17,2.7729766184682462e-18,2.770134717492479e-18,0.45066901619878846,0.4500000306458427,0.4506690161987884,1.6625129003478993e-19,0.4506690848130413,0.44999998924617485,0.45066908481304135,1.6625129003496603e-19,0.45,0.4506690161987884,0.450669016198771,1.070837588279016e-14,2.770768923716515e-18,0.45,0.4506690848130413,0.45066908481305845,1.0708377513138642e-14,2.7707689237223844e-18,0.45000003064658745,0.4499999892454302,49.93955921448604,49.879118428972085,49.829021909150384,49.82750794015839,49.82750794021011,49.825993971166405,49.82599397126984
508.0,0.0,0.45,0.4500000099460112,3.332655822496785e-18,5.0893802158022024e-17,2.7729766184682462e-18,2.770134717492479e-18,0.45066901619876915,0.45000003064603544,0.4506690161987691,1.6625129003478995e-19,0.45066908481306056,0.4499999892459824,0.4506690848130606,1.6625129003496603e-19,0.45,0.4506690161987691,0.4506690161987735,1.0708375882790171e-14,2.770768923716515e-18,0.45,0.4506690848130606,0.450669084813056,1.0708377513138633e-14,2.7707689237223844e-18,0.4500000306461675,0.4499999892458503,49.939559214486046,49.879118428972085,49.829021909150384,49.8275079401584,49.82750794021011,49.825993971166405,49.82599397126984
509.0,0.0,0.45,0.4500000099460112,3.332655822496785e-18,5.089380215802203e-17,2.7729766184682462e-18,2.770134717492479e-18,0.4506690161987451,0.4500000306462746,0.4506690161987451,1.6625129003478995e-19,0.45066908481308454,0.4499999892457435,0.4506690848130846,1.66251290034966e-19,0.45,0.4506690161987451,0.4506690161987735,1.0708375882790116e-14,2.770768923716515e-18,0.45,0.45066908481308454,0.45066908481305623,1.0708377513138688e-14,2.7707689237223844e-18,0.4500000306457476,0.44999998924627027,49.939559214486046,49.879118428972085,49.829021909150384,49.8275079401584,49.827507940210104,49.825993971166405,49.82599397126984
510.0,0.0,0.45,0.4500000099460112,3.332655822496785e-18,5.089380215802203e-17,2.7729766184682462e-18,2.770134717492479e-18,0.45066901619872113,0.4500000306465142,0.45066901619872113,1.6625129003478995e-19,0.4506690848131085,0.4499999892455041,0.4506690848131085,1.66251290034966e-19,0.45,0.45066901619872113,0.45066901619877014,1.0708375882789991e-14,2.770768923716515e-18,0.45,0.4506690848131085,0.4506690848130595,1.0708377513138811e-14,2.770768923722384e-18,0.4500000306457476,0.44999998924627027,49.939559214486046,49.879118428972085,49.829021909150384,49.8275079401584,49.827507940210104,49.825993971166405,49.82599397126983
511.0,0.0,0.45,0.4500000099460112,3.3326558224967844e-18,5.0893802158022024e-17,2.7729766184682462e-18,2.770134717492479e-18,0.45066901619875144,0.4500000306462102,0.4506690161987515,1.6625129003478995e-19,0.45066908481307827,0.4499999892458078,0.4506690848130782,1.66251290034966e-19,0.45,0.45066901619875144,0.45066901619876365,1.0708375882789917e-14,2.770768923716515e-18,0.45,0.45066908481307827,0.45066908481306617,1.0708377513138887e-14,2.7707689237223844e-18,0.45000003064574756,0.4499999892462702,49.93955921448604,49.879118428972085,49.829021909150384,49.8275079401584,49.827507940210104,49.825993971166405,49.82599397126984
512.0,0.0,0.45,0.4500000099460112,3.3326558224967844e-18,5.0893802158022024e-17,2.7729766184682462e-18,2.770134717492479e-18,0.4506690161987712,0.45000003064601246,0.45066901619877126,1.6625129003478995e-19,0.4506690848130585,0.44999998924600526,0.45066908481305845,1.6625129003496603e-19,0.45,0.4506690161987712,0.45066901619876065,1.0708375882789893e-14,2.770768923716515e-18,0.45,0.45066908481305856,0.4506690848130693,1.070837751313891e-14,2.7707689237223844e-18,0.4500000306461675,0.4499999892458503,49.93955921448604,49.879118428972085,49.829021909150384,49.8275079401584,49.82750794021011,49.825993971166405,49.82599397126984
513.0,0.0,0.45,0.4500000099460112,3.3326558224967844e-18,5.089380215802202e-17,2.7729766184682462e-18,2.770134717492479e-18,0.45066901619876415,0.45000003064608407,0.45066901619876415,1.6625129003478995e-19,0.45066908481306556,0.44999998924593365,0.4506690848130656,1.66251290034966e-19,0.45,0.45066901619876415,0.45066901619876043,1.0708375882789874e-14,2.770768923716515e-18,0.45,0.4506690848130656,0.4506690848130694,1.0708377513138929e-14,2.7707689237223844e-18,0.4500000306457475,0.44999998924627016,49.93955921448604,49.879118428972085,49.829021909150384,49.8275079401584,49.827507940210104,49.825993971166405,49.82599397126984
514.0,0.0,0.45,0.4500000099460112,3.3326558224967844e-18,5.089380215802202e-17,2.7729766184682462e-18,2.770134717492479e-18,0.4506690161987502,0.45000003064622396,0.4506690161987502,1.6625129003478995e-19,0.45066908481307943,0.44999998924579393,0.45066908481307955,1.66251290034966e-19,0.45,0.45066901619875027,0.450669016198761,1.0708375882789857e-14,2.770768923716515e-18,0.45,0.4506690848130795,0.45066908481306867,1.0708377513138945e-14,2.7707689237223844e-18,0.4500000306457475,0.44999998924627016,49.93955921448604,49.879118428972085,49.829021909150384,49.8275079401584,49.827507940210104,49.825993971166405,49.82599397126984
515.0,0.0,0.45,0.4500000099460112,3.3326558224967844e-18,5.089380215802202e-17,2.7729766184682462e-18,2.770134717492479e-18,0.4506690161987495,0.45000003064623095,0.4506690161987495,1.6625129003478993e-19,0.45066908481308027,0.449999989245787,0.45066908481308027,1.66251290034966e-19,0.45,0.4506690161987495,0.4506690161987604,1.0708375882789844e-14,2.770768923716515e-18,0.45,0.4506690848130802,0.4506690848130692,1.0708377513138959e-14,2.770768923722384e-18,0.45000003064616745,0.4499999892458502,49.93955921448604,49.879118428972085,49.829021909150384,49.82750794015839,49.827507940210104,49.825993971166405,49.82599397126983
516.0,0.0,0.45,0.4500000099460112,3.3326558224967844e-18,5.089380215802202e-17,2.7729766184682462e-18,2.770134717492479e-18,0.45066901619875577,0.4500000306461675,0.45066901619875577,1.6625129003478995e-19,0.4506690848130739,0.4499999892458504,0.4506690848130739,1.66251290034966e-19,0.45,0.45066901619875577,0.45066901619875926,1.0708375882789832e-14,2.770768923716515e-18,0.45,0.4506690848130739,0.4506690848130705,1.0708377513138972e-14,2.7707689237223844e-18,0.4500000306457475,0.44999998924627016,49.93955921448604,49.879118428972085,49.829021909150384,49.8275079401584,49.827507940210104,49.825993971166405,49.82599397126984
517.0,0.0,0.45,0.4500000099460112,3.3326558224967844e-18,5.089380215802202e-17,2.7729766184682462e-18,2.770134717492479e-18,0.4506690161987558,0.4500000306461674,0.4506690161987558,1.6625129003478995e-19,0.45066908481307383,0.4499999892458505,0.4506690848130739,1.6625129003496603e-19,0.45,0.4506690161987558,0.4506690161987588,1.070837588278982e-14,2.770768923716515e-18,0.45,0.45066908481307383,0.450669084813071,1.0708377513138983e-14,2.7707689237223844e-18,0.45000003064616745,0.4499999892458502,49.93955921448604,49.879118428972085,49.829021909150384,49.8275079401584,49.82750794021011,49.825993971166405,49.82599397126984
518.0,0.0,0.45,0.4500000099460112,3.332655822496785e-18,5.0893802158022024e-17,2.7729766184682462e-18,2.770134717492479e-18,0.45066901619875577,0.45000003064616745,0.4506690161987558,1.6625129003478995e-19,0.45066908481307383,0.4499999892458505,0.4506690848130739,1.6625129003496603e-19,0.45,0.4506690161987558,0.4506690161987584,1.0708375882789811e-14,2.770768923716515e-18,0.45,0.4506690848130739,0.45066908481307144,1.070837751313899e-14,2.770768923722384e-18,0.4500000306461675,0.4499999892458503,49.939559214486046,49.879118428972085,49.829021909150384,49.8275079401584,49.82750794021011,49.825993971166405,49.82599397126983
519.0,0.0,0.45,0.4500000099460112,3.332655822496785e-18,5.089380215802203e-17,2.7729766184682462e-18,2.770134717492479e-18,0.45066901619875577,0.45000003064616756,0.45066901619875577,1.6625129003478995e-19,0.45066908481307394,0.4499999892458504,0.45066908481307394,1.6625129003496603e-19,0.45,0.45066901619875577,0.4506690161987579,1.0708375882789805e-14,2.770768923716515e-18,0.45,0.4506690848130739,0.4506690848130717,1.0708377513138999e-14,2.770768923722384e-18,0.45000003064616756,0.44999998924585033,49.939559214486046,49.879118428972085,49.829021909150384,49.8275079401584,49.82750794021011,49.825993971166405,49.82599397126983
520.0,0.0,0.45,0.4500000099460112,3.332655822496785e-18,5.0893802158022024e-17,2.7729766184682462e-18,2.770134717492479e-18,0.4506690161987558,0.4500000306461675,0.45066901619875577,1.6625129003478995e-19,0.45066908481307394,0.4499999892458504,0.45066908481307394,1.66251290034966e-19,0.45,0.45066901619875577,0.45066901619875754,1.0708375882789799e-14,2.770768923716515e-18,0.45,0.45066908481307394,0.45066908481307194,1.0708377513139005e-14,2.770768923722384e-18,0.45000003064574756,0.4499999892462702,49.939559214486046,49.879118428972085,49.829021909150384,49.8275079401584,49.827507940210104,49.825993971166405,49.82599397126983
521.0,0.0,0.45,0.4500000099460112,3.3326558224967844e-18,5.0893802158022024e-17,2.7729766184682462e-18,2.770134717492479e-18,0.4506690161987944,0.4500000306457804,0.45066901619879446,1.6625129003478993e-19,0.45066908481303536,0.449999989246237,0.4506690848130353,1.66251290034966e-19,0.45,0.45066901619879446,0.45066901619875993,1.070837588278993e-14,2.770768923716515e-18,0.45,0.45066908481303536,0.4506690848130699,1.0708377513138875e-14,2.7707689237223844e-18,0.4500000306461675,0.4499999892458503,49.93955921448604,49.879118428972085,49.829021909150384,49.82750794015839,49.827507940210104,49.825993971166405,49.82599397126984
522.0,0.0,0.45,0.4500000099460112,3.3326558224967844e-18,5.0893802158022024e-17,2.7729766184682462e-18,2.770134717492479e-18,0.45066901619879857,0.45000003064573957,0.45066901619879857,1.6625129003478993e-19,0.45066908481303125,0.4499999892462778,0.45066908481303125,1.6625129003496603e-19,0.45,0.45066901619879857,0.45066901619876315,1.0708375882790004e-14,2.770768923716515e-18,0.45,0.45066908481303125,0.4506690848130669,1.07083775131388e-14,2.7707689237223844e-18,0.4500000306465875,0.4499999892454303,49.93955921448604,49.879118428972085,49.829021909150384,49.82750794015839,49.82750794021011,49.825993971166405,49.82599397126984
523.0,0.0,0.45,0.4500000099460112,3.3326558224967844e-18,5.089380215802202e-17,2.7729766184682462e-18,2.770134717492479e-18,0.45066901619877103,0.4500000306460156,0.45066901619877103,1.6625129003478993e-19,0.4506690848130587,0.4499999892460021,0.45066908481305873,1.66251290034966e-19,0.45,0.45066901619877103,0.4506690161987653,1.0708375882789991e-14,2.770768923716515e-18,0.45,0.45066908481305873,0.45066908481306467,1.0708377513138812e-14,2.7707689237223844e-18,0.45000003064616745,0.4499999892458502,49.93955921448604,49.879118428972085,49.829021909150384,49.82750794015839,49.827507940210104,49.825993971166405,49.82599397126984
524.0,0.0,0.45,0.4500000099460112,3.3326558224967844e-18,5.089380215802202e-17,2.7729766184682462e-18,2.770134717492479e-18,0.4506690161987499,0.4500000306462277,0.45066901619874983,1.6625129003478995e-19,0.4506690848130798,0.44999998924579027,0.4506690848130798,1.66251290034966e-19,0.45,0.45066901619874983,0.45066901619876604,1.0708375882789958e-14,2.770768923716515e-18,0.45,0.4506690848130799,0.450669084813064,1.0708377513138844e-14,2.770768923722384e-18,0.4500000306457475,0.44999998924627016,49.93955921448604,49.879118428972085,49.829021909150384,49.8275079401584,49.827507940210104,49.825993971166405,49.82599397126983
525.0,0.0,0.45,0.4500000099460112,3.3326558224967844e-18,5.0893802158022024e-17,2.7729766184682462e-18,2.770134717492479e-18,0.450669016198773,0.450000030645995,0.45066901619877303,1.6625129003478993e-19,0.4506690848130568,0.44999998924602275,0.45066908481305673,1.66251290034966e-19,0.45,0.450669016198773,0.45066901619876476,1.0708375882789977e-14,2.770768923716515e-18,0.45,0.45066908481305673,0.45066908481306545,1.0708377513138823e-14,2.770768923722384e-18,0.4500000306461675,0.4499999892458503,49.93955921448604,49.879118428972085,49.829021909150384,49.82750794015839,49.827507940210104,49.825993971166405,49.82599397126983
526.0,0.0,0.45,0.4500000099460112,3.332655822496785e-18,5.0893802158022024e-17,2.7729766184682462e-18,2.770134717492479e-18,0.45066901619876015,0.45000003064612487,0.45066901619876004,1.6625129003478995e-19,0.45066908481306955,0.44999998924589296,0.45066908481306966,1.66251290034966e-19,0.45,0.4506690161987601,0.4506690161987659,1.0708375882789983e-14,2.770768923716515e-18,0.45,0.4506690848130696,0.4506690848130638,1.0708377513138816e-14,2.7707689237223844e-18,0.45000003064574756,0.4499999892462702,49.939559214486046,49.879118428972085,49.829021909150384,49.8275079401584,49.827507940210104,49.825993971166405,49.82599397126984
527.0,0.0,0.45,0.4500000099460112,3.332655822496785e-18,5.0893802158022024e-17,2.7729766184682462e-18,2.770134717492479e-18,0.4506690161987405,0.4500000306463222,0.45066901619874034,1.6625129003478995e-19,0.45066908481308915,0.4499999892456958,0.45066908481308926,1.6625129003496603e-19,0.45,0.45066901619874045,0.4506690161987661,1.070837588278995e-14,2.770768923716515e-18,0.45,0.45066908481308926,0.45066908481306317,1.0708377513138849e-14,2.7707689237223844e-18,0.4500000306461675,0.4499999892458503,49.939559214486046,49.879118428972085,49.829021909150384,49.8275079401584,49.82750794021011,49.825993971166405,49.82599397126984
528.0,0.0,0.45,0.4500000099460112,3.332655822496785e-18,5.089380215802202e-17,2.7729766184682462e-18,2.770134717492479e-18,0.4506690161987475,0.4500000306462507,0.45066901619874744,1.6625129003478995e-19,0.45066908481308215,0.44999998924576723,0.45066908481308215,1.6625129003496603e-19,0.45,0.4506690161987475,0.45066901619876415,1.0708375882789923e-14,2.770768923716515e-18,0.45,0.45066908481308215,0.45066908481306517,1.0708377513138877e-14,2.770768923722384e-18,0.45000003064616745,0.4499999892458502,49.939559214486046,49.879118428972085,49.829021909150384,49.8275079401584,49.82750794021011,49.825993971166405,49.82599397126983
529.0,0.0,0.45,0.4500000099460112,3.3326558224967844e-18,5.089380215802201e-17,2.7729766184682462e-18,2.770134717492479e-18,0.4506690161987613,0.45000003064611105,0.45066901619876143,1.6625129003478993e-19,0.45066908481306833,0.4499999892459067,0.4506690848130683,1.6625129003496603e-19,0.45,0.4506690161987614,0.4506690161987617,1.07083758827899e-14,2.770768923716515e-18,0.45,0.45066908481306833,0.45066908481306767,1.07083775131389e-14,2.770768923722384e-18,0.4500000306465874,0.44999998924543017,49.93955921448604,49.879118428972085,49.829021909150384,49.82750794015839,49.82750794021011,49.825993971166405,49.82599397126983
530.0,0.0,0.45,0.4500000099460112,3.3326558224967844e-18,5.0893802158022005e-17,2.7729766184682462e-18,2.770134717492479e-18,0.45066901619876215,0.45000003064610405,0.45066901619876215,1.6625129003478993e-19,0.4506690848130676,0.44999998924591356,0.4506690848130676,1.66251290034966e-19,0.45,0.4506690161987621,0.4506690161987605,1.070837588278988e-14,2.770768923716515e-18,0.45,0.4506690848130676,0.45066908481306855,1.0708377513138921e-14,2.770768923722384e-18,0.45000003064616734,0.4499999892458501,49.93955921448604,49.879118428972085,49.829021909150384,49.82750794015839,49.827507940210104,49.825993971166405,49.82599397126983
531.0,0.0,0.45,0.4500000099460112,3.332655822496785e-18,5.0893802158022024e-17,2.7729766184682462e-18,2.770134717492479e-18,0.45066901619879446,0.4500000306457804,0.4506690161987945,1.6625129003478993e-19,0.4506690848130353,0.4499999892462371,0.4506690848130353,1.66251290034966e-19,0.45,0.45066901619879446,0.4506690161987632,1.070837588279e-14,2.770768923716515e-18,0.45,0.4506690848130353,0.4506690848130665,1.0708377513138803e-14,2.7707689237223844e-18,0.4500000306461675,0.4499999892458503,49.939559214486046,49.879118428972085,49.829021909150384,49.82750794015839,49.827507940210104,49.825993971166405,49.82599397126984
532.0,0.0,0.45,0.4500000099460112,3.332655822496785e-18,5.0893802158022036e-17,2.7729766184682462e-18,2.770134717492479e-18,0.4506690161987985,0.4500000306457398,0.4506690161987986,1.6625129003478993e-19,0.4506690848130312,0.4499999892462778,0.4506690848130312,1.6625129003496603e-19,0.45,0.45066901619879857,0.4506690161987662,1.0708375882790065e-14,2.770768923716515e-18,0.45,0.45066908481303125,0.45066908481306406,1.0708377513138738e-14,2.7707689237223844e-18,0.4500000306465876,0.4499999892454304,49.939559214486046,49.879118428972085,49.829021909150384,49.82750794015839,49.82750794021011,49.825993971166405,49.82599397126984
533.0,0.0,0.45,0.4500000099460112,3.332655822496785e-18,5.0893802158022036e-17,2.7729766184682462e-18,2.770134717492479e-18,0.45066901619877103,0.45000003064601574,0.45066901619877103,1.6625129003478993e-19,0.4506690848130587,0.44999998924600215,0.45066908481305873,1.66251290034966e-19,0.45,0.45066901619877103,0.45066901619876787,1.0708375882790043e-14,2.770768923716515e-18,0.45,0.45066908481305873,0.45066908481306234,1.0708377513138759e-14,2.7707689237223844e-18,0.4500000306461676,0.4499999892458504,49.939559214486046,49.879118428972085,49.829021909150384,49.82750794015839,49.827507940210104,49.825993971166405,49.82599397126984
534.0,0.0,0.45,0.4500000099460112,3.332655822496785e-18,5.089380215802203e-17,2.7729766184682462e-18,2.770134717492479e-18,0.4506690161987499,0.45000003064622773,0.45066901619874983,1.6625129003478995e-19,0.4506690848130798,0.4499999892457903,0.4506690848130799,1.66251290034966e-19,0.45,0.4506690161987499,0.450669016198768,1.0708375882790004e-14,2.770768923716515e-18,0.45,0.4506690848130799,0.45066908481306195,1.0708377513138798e-14,2.770768923722384e-18,0.4500000306457476,0.44999998924627027,49.939559214486046,49.879118428972085,49.829021909150384,49.8275079401584,49.827507940210104,49.825993971166405,49.82599397126983
535.0,0.0,0.45,0.4500000099460112,3.332655822496785e-18,5.089380215802203e-17,2.7729766184682462e-18,2.770134717492479e-18,0.450669016198773,0.450000030645995,0.45066901619877303,1.6625129003478995e-19,0.45066908481305673,0.4499999892460228,0.45066908481305673,1.66251290034966e-19,0.45,0.450669016198773,0.4506690161987664,1.0708375882790015e-14,2.770768923716515e-18,0.45,0.4506690848130568,0.45066908481306367,1.0708377513138784e-14,2.770768923722384e-18,0.4500000306457476,0.44999998924627027,49.939559214486046,49.879118428972085,49.829021909150384,49.8275079401584,49.827507940210104,49.825993971166405,49.82599397126983
536.0,0.0,0.45,0.4500000099460112,3.332655822496785e-18,5.0893802158022024e-17,2.7729766184682462e-18,2.770134717492479e-18,0.45066901619876015,0.4500000306461249,0.45066901619876004,1.6625129003478995e-19,0.45066908481306955,0.449999989245893,0.4506690848130696,1.66251290034966e-19,0.45,0.4506690161987601,0.4506690161987675,1.0708375882790015e-14,2.770768923716515e-18,0.45,0.45066908481306955,0.45066908481306217,1.0708377513138782e-14,2.7707689237223844e-18,0.45000003064574756,0.4499999892462702,49.939559214486046,49.879118428972085,49.829021909150384,49.8275079401584,49.827507940210104,49.825993971166405,49.82599397126984
537.0,0.0,0.45,0.4500000099460112,3.332655822496785e-18,5.0893802158022024e-17,2.7729766184682462e-18,2.770134717492479e-18,0.4506690161987405,0.45000003064632227,0.45066901619874034,1.6625129003478995e-19,0.4506690848130892,0.44999998924569584,0.4506690848130893,1.6625129003496603e-19,0.45,0.45066901619874045,0.4506690161987674,1.0708375882789978e-14,2.770768923716515e-18,0.45,0.4506690848130892,0.4506690848130618,1.0708377513138819e-14,2.7707689237223844e-18,0.4500000306461675,0.4499999892458503,49.939559214486046,49.879118428972085,49.829021909150384,49.8275079401584,49.82750794021011,49.825993971166405,49.82599397126984
538.0,0.0,0.45,0.4500000099460112,3.3326558224967844e-18,5.0893802158022024e-17,2.7729766184682462e-18,2.770134717492479e-18,0.45066901619874755,0.45000003064625077,0.4506690161987475,1.6625129003478995e-19,0.4506690848130822,0.4499999892457673,0.4506690848130822,1.6625129003496603e-19,0.45,0.4506690161987475,0.4506690161987652,1.0708375882789947e-14,2.770768923716515e-18,0.45,0.45066908481308215,0.450669084813064,1.0708377513138852e-14,2.770768923722384e-18,0.4500000306461675,0.4499999892458503,49.93955921448604,49.879118428972085,49.829021909150384,49.8275079401584,49.82750794021011,49.825993971166405,49.82599397126983
539.0,0.0,0.45,0.4500000099460112,3.3326558224967844e-18,5.0893802158022024e-17,2.7729766184682462e-18,2.770134717492479e-18,0.4506690161987614,0.4500000306461111,0.45066901619876143,1.6625129003478993e-19,0.4506690848130684,0.44999998924590673,0.4506690848130683,1.6625129003496603e-19,0.45,0.4506690161987614,0.4506690161987626,1.070837588278992e-14,2.770768923716515e-18,0.45,0.4506690848130684,0.45066908481306667,1.070837751313888e-14,2.770768923722384e-18,0.4500000306465875,0.4499999892454303,49.93955921448604,49.879118428972085,49.829021909150384,49.82750794015839,49.82750794021011,49.825993971166405,49.82599397126983
540.0,0.0,0.45,0.4500000099460112,3.3326558224967844e-18,5.089380215802202e-17,2.7729766184682462e-18,2.770134717492479e-18,0.4506690161987621,0.4500000306461041,0.45066901619876215,1.6625129003478993e-19,0.4506690848130676,0.4499999892459136,0.45066908481306756,1.66251290034966e-19,0.45,0.4506690161987621,0.45066901619876126,1.07083758827899e-14,2.770768923716515e-18,0.45,0.4506690848130676,0.4506690848130678,1.0708377513138904e-14,2.770768923722384e-18,0.45000003064616745,0.4499999892458502,49.93955921448604,49.879118428972085,49.829021909150384,49.82750794015839,49.827507940210104,49.825993971166405,49.82599397126983
541.0,0.0,0.45,0.4500000099460112,3.3326558224967844e-18,5.0893802158022024e-17,2.7729766184682462e-18,2.770134717492479e-18,0.4506690161987944,0.4500000306457804,0.45066901619879446,1.6625129003478993e-19,0.45066908481303536,0.4499999892462371,0.45066908481303525,1.66251290034966e-19,0.45,0.45066901619879446,0.4506690161987639,1.0708375882790016e-14,2.770768923716515e-18,0.45,0.4506690848130353,0.4506690848130659,1.0708377513138789e-14,2.7707689237223844e-18,0.4500000306461675,0.4499999892458503,49.93955921448604,49.879118428972085,49.829021909150384,49.82750794015839,49.827507940210104,49.825993971166405,49.82599397126984
542.0,0.0,0.45,0.4500000099460112,3.3326558224967844e-18,5.0893802158022024e-17,2.7729766184682462e-18,2.770134717492479e-18,0.45066901619879846,0.45000003064573973,0.45066901619879857,1.6625129003478993e-19,0.4506690848130313,0.44999998924627777,0.45066908481303125,1.6625129003496603e-19,0.45,0.4506690161987985,0.45066901619876687,1.0708375882790078e-14,2.770768923716515e-18,0.45,0.45066908481303125,0.45066908481306356,1.0708377513138726e-14,2.7707689237223844e-18,0.4500000306465875,0.4499999892454303,49.93955921448604,49.879118428972085,49.829021909150384,49.82750794015839,49.82750794021011,49.825993971166405,49.82599397126984
543.0,0.0,0.45,0.4500000099460112,3.332655822496785e-18,5.089380215802203e-17,2.7729766184682462e-18,2.770134717492479e-18,0.450669016198771,0.45000003064601574,0.450669016198771,1.6625129003478993e-19,0.4506690848130588,0.4499999892460021,0.4506690848130588,1.66251290034966e-19,0.45,0.450669016198771,0.4506690161987684,1.0708375882790054e-14,2.770768923716515e-18,0.45,0.4506690848130588,0.45066908481306184,1.070837751313875e-14,2.7707689237223844e-18,0.45000003064616756,0.44999998924585033,49.939559214486046,49.879118428972085,49.829021909150384,49.82750794015839,49.827507940210104,49.825993971166405,49.82599397126984
544.0,0.0,0.45,0.4500000099460112,3.332655822496785e-18,5.089380215802203e-17,2.7729766184682462e-18,2.770134717492479e-18,0.4506690161987499,0.4500000306462277,0.45066901619874983,1.6625129003478995e-19,0.4506690848130799,0.4499999892457904,0.45066908481307993,1.66251290034966e-19,0.45,0.45066901619874983,0.4506690161987685,1.0708375882790012e-14,2.770768923716515e-18,0.45,0.4506690848130799,0.4506690848130615,1.0708377513138789e-14,2.770768923722384e-18,0.4500000306457476,0.44999998924627027,49.939559214486046,49.879118428972085,49.829021909150384,49.8275079401584,49.827507940210104,49.825993971166405,49.82599397126983
545.0,0.0,0.45,0.4500000099460112,3.332655822496785e-18,5.0893802158022024e-17,2.7729766184682462e-18,2.770134717492479e-18,0.4506690161987729,0.4500000306459949,0.45066901619877303,1.6625129003478995e-19,0.4506690848130568,0.4499999892460228,0.45066908481305673,1.66251290034966e-19,0.45,0.450669016198773,0.4506690161987668,1.0708375882790023e-14,2.770768923716515e-18,0.45,0.45066908481305673,0.45066908481306334,1.0708377513138776e-14,2.770768923722384e-18,0.45000003064574756,0.4499999892462702,49.939559214486046,49.879118428972085,49.829021909150384,49.8275079401584,49.827507940210104,49.825993971166405,49.82599397126983
546.0,0.0,0.45,0.4500000099460112,3.332655822496785e-18,5.0893802158022024e-17,2.7729766184682462e-18,2.770134717492479e-18,0.45066901619876015,0.45000003064612487,0.45066901619876004,1.6625129003478995e-19,0.4506690848130696,0.44999998924589296,0.4506690848130696,1.66251290034966e-19,0.45,0.4506690161987601,0.45066901619876776,1.0708375882790023e-14,2.770768923716515e-18,0.45,0.4506690848130696,0.45066908481306195,1.0708377513138776e-14,2.7707689237223844e-18,0.45000003064574756,0.4499999892462702,49.939559214486046,49.879118428972085,49.829021909150384,49.8275079401584,49.827507940210104,49.825993971166405,49.82599397126984
547.0,0.0,0.45,0.4500000099460112,3.332655822496785e-18,5.0893802158022024e-17,2.7729766184682462e-18,2.770134717492479e-18,0.4506690161987405,0.45000003064632227,0.45066901619874034,1.6625129003478995e-19,0.4506690848130892,0.4499999892456958,0.4506690848130893,1.6625129003496603e-19,0.45,0.45066901619874045,0.45066901619876765,1.0708375882789985e-14,2.770768923716515e-18,0.45,0.45066908481308926,0.4506690848130616,1.0708377513138814e-14,2.7707689237223844e-18,0.4500000306461675,0.4499999892458503,49.939559214486046,49.879118428972085,49.829021909150384,49.8275079401584,49.82750794021011,49.825993971166405,49.82599397126984
548.0,0.0,0.45,0.4500000099460112,3.3326558224967844e-18,5.0893802158022024e-17,2.7729766184682462e-18,2.770134717492479e-18,0.4506690161987475,0.45000003064625077,0.45066901619874744,1.6625129003478995e-19,0.45066908481308215,0.44999998924576723,0.4506690848130822,1.6625129003496603e-19,0.45,0.4506690161987475,0.4506690161987655,1.0708375882789952e-14,2.770768923716515e-18,0.45,0.4506690848130822,0.45066908481306384,1.0708377513138847e-14,2.770768923722384e-18,0.4500000306461675,0.4499999892458503,49.93955921448604,49.879118428972085,49.829021909150384,49.8275079401584,49.82750794021011,49.825993971166405,49.82599397126983
549.0,0.0,0.45,0.4500000099460112,3.3326558224967844e-18,5.0893802158022024e-17,2.7729766184682462e-18,2.770134717492479e-18,0.4506690161987613,0.4500000306461111,0.45066901619876143,1.6625129003478993e-19,0.45066908481306833,0.4499999892459067,0.45066908481306833,1.6625129003496603e-19,0.45,0.4506690161987614,0.4506690161987628,1.0708375882789925e-14,2.770768923716515e-18,0.45,0.45066908481306833,0.45066908481306656,1.0708377513138875e-14,2.770768923722384e-18,0.4500000306465875,0.4499999892454303,49.93955921448604,49.879118428972085,49.829021909150384,49.82750794015839,49.82750794021011,49.825993971166405,49.82599397126983
550.0,0.0,0.45,0.4500000099460112,3.332655822496785e-18,5.089380215802201e-17,2.7729766184682462e-18,2.770134717492479e-18,0.4506690161987621,0.4500000306461041,0.45066901619876215,1.6625129003478993e-19,0.4506690848130676,0.44999998924591356,0.45066908481306767,1.66251290034966e-19,0.45,0.4506690161987621,0.4506690161987615,1.0708375882789903e-14,2.770768923716515e-18,0.45,0.4506690848130676,0.4506690848130676,1.07083775131389e-14,2.770768923722384e-18,0.4500000306461674,0.44999998924585016,49.939559214486046,49.879118428972085,49.829021909150384,49.82750794015839,49.827507940210104,49.825993971166405,49.82599397126983
551.0,0.0,0.45,0.4500000099460112,3.332655822496785e-18,5.0893802158022024e-17,2.7729766184682462e-18,2.770134717492479e-18,0.45066901619879446,0.45000003064578037,0.4506690161987945,1.6625129003478993e-19,0.4506690848130353,0.4499999892462371,0.4506690848130353,1.66251290034966e-19,0.45,0.45066901619879446,0.45066901619876404,1.070837588279002e-14,2.770768923716515e-18,0.45,0.4506690848130353,0.4506690848130658,1.0708377513138786e-14,2.7707689237223844e-18,0.4500000306461675,0.4499999892458503,49.939559214486046,49.879118428972085,49.829021909150384,49.82750794015839,49.827507940210104,49.825993971166405,49.82599397126984
552.0,0.0,0.45,0.4500000099460112,3.332655822496785e-18,5.0893802158022036e-17,2.7729766184682462e-18,2.770134717492479e-18,0.4506690161987985,0.45000003064573973,0.45066901619879857,1.6625129003478993e-19,0.4506690848130312,0.44999998924627777,0.4506690848130312,1.6625129003496603e-19,0.45,0.45066901619879857,0.4506690161987669,1.0708375882790081e-14,2.770768923716515e-18,0.45,0.45066908481303125,0.45066908481306345,1.0708377513138722e-14,2.7707689237223844e-18,0.4500000306465876,0.4499999892454304,49.939559214486046,49.879118428972085,49.829021909150384,49.82750794015839,49.82750794021011,49.825993971166405,49.82599397126984
553.0,0.0,0.45,0.4500000099460112,3.3326558224967844e-18,5.089380215802203e-17,2.7729766184682462e-18,2.770134717492479e-18,0.45066901619877103,0.45000003064601574,0.45066901619877103,1.6625129003478993e-19,0.45066908481305873,0.44999998924600204,0.45066908481305873,1.66251290034966e-19,0.45,0.45066901619877103,0.45066901619876854,1.0708375882790056e-14,2.770768923716515e-18,0.45,0.45066908481305873,0.4506690848130617,1.0708377513138746e-14,2.7707689237223844e-18,0.45000003064616756,0.44999998924585033,49.93955921448604,49.879118428972085,49.829021909150384,49.82750794015839,49.827507940210104,49.825993971166405,49.82599397126984
554.0,0.0,0.45,0.4500000099460112,3.3326558224967844e-18,5.089380215802202e-17,2.7729766184682462e-18,2.770134717492479e-18,0.4506690161987499,0.4500000306462277,0.45066901619874983,1.6625129003478995e-19,0.4506690848130799,0.44999998924579027,0.4506690848130799,1.66251290034966e-19,0.45,0.45066901619874983,0.4506690161987686,1.0708375882790015e-14,2.770768923716515e-18,0.45,0.4506690848130799,0.4506690848130614,1.0708377513138787e-14,2.770768923722384e-18,0.4500000306457475,0.44999998924627016,49.93955921448604,49.879118428972085,49.829021909150384,49.8275079401584,49.827507940210104,49.825993971166405,49.82599397126983
555.0,0.0,0.45,0.4500000099460112,3.3326558224967844e-18,5.089380215802202e-17,2.7729766184682462e-18,2.770134717492479e-18,0.450669016198773,0.4500000306459949,0.45066901619877303,1.6625129003478995e-19,0.45066908481305684,0.4499999892460227,0.45066908481305673,1.66251290034966e-19,0.45,0.450669016198773,0.4506690161987669,1.0708375882790026e-14,2.770768923716515e-18,0.45,0.4506690848130568,0.4506690848130632,1.0708377513138775e-14,2.770768923722384e-18,0.4500000306457475,0.44999998924627016,49.93955921448604,49.879118428972085,49.829021909150384,49.8275079401584,49.827507940210104,49.825993971166405,49.82599397126983
556.0,0.0,0.45,0.4500000099460112,3.332655822496785e-18,5.089380215802203e-17,2.7729766184682462e-18,2.770134717492479e-18,0.45066901619876015,0.4500000306461249,0.45066901619876004,1.6625129003478995e-19,0.4506690848130696,0.449999989245893,0.4506690848130696,1.66251290034966e-19,0.45,0.4506690161987601,0.45066901619876787,1.0708375882790024e-14,2.770768923716515e-18,0.45,0.4506690848130696,0.45066908481306184,1.0708377513138775e-14,2.7707689237223844e-18,0.4500000306457476,0.44999998924627027,49.939559214486046,49.879118428972085,49.829021909150384,49.8275079401584,49.827507940210104,49.825993971166405,49.82599397126984
557.0,0.0,0.45,0.4500000099460112,3.332655822496785e-18,5.089380215802203e-17,2.7729766184682462e-18,2.770134717492479e-18,0.4506690161987405,0.4500000306463223,0.45066901619874034,1.6625129003478995e-19,0.45066908481308915,0.4499999892456959,0.45066908481308926,1.6625129003496603e-19,0.45,0.45066901619874045,0.45066901619876776,1.0708375882789986e-14,2.770768923716515e-18,0.45,0.4506690848130892,0.45066908481306145,1.0708377513138814e-14,2.7707689237223844e-18,0.45000003064616756,0.44999998924585033,49.939559214486046,49.879118428972085,49.829021909150384,49.8275079401584,49.82750794021011,49.825993971166405,49.82599397126984
558.0,0.0,0.45,0.4500000099460112,3.332655822496785e-18,5.089380215802203e-17,2.7729766184682462e-18,2.770134717492479e-18,0.4506690161987475,0.45000003064625077,0.45066901619874744,1.6625129003478995e-19,0.45066908481308215,0.44999998924576734,0.45066908481308215,1.6625129003496603e-19,0.45,0.4506690161987475,0.45066901619876554,1.0708375882789953e-14,2.770768923716515e-18,0.45,0.4506690848130822,0.4506690848130637,1.0708377513138847e-14,2.770768923722384e-18,0.45000003064616756,0.44999998924585033,49.939559214486046,49.879118428972085,49.829021909150384,49.8275079401584,49.82750794021011,49.825993971166405,49.82599397126983
559.0,0.0,0.45,0.4500000099460112,3.332655822496785e-18,5.0893802158022024e-17,2.7729766184682462e-18,2.770134717492479e-18,0.4506690161987613,0.4500000306461111,0.4506690161987614,1.6625129003478993e-19,0.45066908481306833,0.4499999892459068,0.4506690848130683,1.6625129003496603e-19,0.45,0.4506690161987614,0.4506690161987629,1.0708375882789926e-14,2.770768923716515e-18,0.45,0.45066908481306833,0.45066908481306645,1.0708377513138875e-14,2.770768923722384e-18,0.4500000306465875,0.4499999892454303,49.939559214486046,49.879118428972085,49.829021909150384,49.82750794015839,49.82750794021011,49.825993971166405,49.82599397126983
560.0,0.0,0.45,0.4500000099460112,3.332655822496785e-18,5.0893802158022036e-17,2.7729766184682462e-18,2.770134717492479e-18,0.4506690161987621,0.4500000306461043,0.4506690161987621,1.6625129003478995e-19,0.4506690848130676,0.4499999892459138,0.4506690848130676,1.66251290034966e-19,0.45,0.4506690161987621,0.45066901619876154,1.0708375882789903e-14,2.770768923716515e-18,0.45,0.4506690848130676,0.45066908481306756,1.07083775131389e-14,2.770768923722384e-18,0.4500000306457477,0.4499999892462703,49.939559214486046,49.879118428972085,49.829021909150384,49.8275079401584,49.827507940210104,49.825993971166405,49.82599397126983
561.0,0.0,0.45,0.4500000099460112,3.332655822496785e-18,5.089380215802203e-17,2.7729766184682462e-18,2.770134717492479e-18,0.45066901619879346,0.4500000306457903,0.4506690161987935,1.6625129003478993e-19,0.45066908481303636,0.44999998924622725,0.45066908481303625,1.66251290034966e-19,0.45,0.45066901619879346,0.4506690161987624,1.0708375882789978e-14,2.770768923716515e-18,0.45,0.4506690848130363,0.4506690848130674,1.0708377513138823e-14,2.7707689237223844e-18,0.45000003064616756,0.44999998924585033,49.939559214486046,49.879118428972085,49.829021909150384,49.82750794015839,49.827507940210104,49.825993971166405,49.82599397126984
562.0,0.0,0.45,0.4500000099460112,3.332655822496785e-18,5.0893802158022024e-17,2.7729766184682462e-18,2.770134717492479e-18,0.45066901619881317,0.4500000306455926,0.4506690161988133,1.6625129003478993e-19,0.45066908481301665,0.44999998924642465,0.45066908481301654,1.6625129003496603e-19,0.45,0.4506690161988132,0.45066901619876587,1.070837588279009e-14,2.770768923716515e-18,0.45,0.4506690848130166,0.4506690848130644,1.0708377513138713e-14,2.7707689237223844e-18,0.4500000306465875,0.4499999892454303,49.939559214486046,49.879118428972085,49.829021909150384,49.82750794015839,49.82750794021011,49.825993971166405,49.82599397126984
563.0,0.0,0.45,0.4500000099460112,3.332655822496785e-18,5.0893802158022024e-17,2.7729766184682462e-18,2.770134717492479e-18,0.4506690161988061,0.4500000306456642,0.4506690161988061,1.6625129003478993e-19,0.45066908481302365,0.4499999892463531,0.45066908481302365,1.6625129003496603e-19,0.45,0.4506690161988061,0.45066901619877087,1.0708375882790185e-14,2.770768923716515e-18,0.45,0.45066908481302365,0.45066908481305923,1.0708377513138617e-14,2.7707689237223844e-18,0.4500000306465875,0.4499999892454303,49.939559214486046,49.879118428972085,49.829021909150384,49.82750794015839,49.82750794021011,49.825993971166405,49.82599397126984
564.0,0.0,0.45,0.4500000099460112,3.332655822496785e-18,5.0893802158022024e-17,2.7729766184682462e-18,2.770134717492479e-18,0.45066901619879224,0.45000003064580407,0.4506690161987922,1.6625129003478993e-19,0.45066908481303747,0.4499999892462135,0.4506690848130376,1.66251290034966e-19,0.45,0.4506690161987922,0.4506690161987758,1.0708375882790266e-14,2.770768923716515e-18,0.45,0.4506690848130375,0.45066908481305396,1.0708377513138535e-14,2.7707689237223844e-18,0.4500000306461675,0.4499999892458503,49.939559214486046,49.879118428972085,49.829021909150384,49.82750794015839,49.827507940210104,49.825993971166405,49.82599397126984
565.0,0.0,0.45,0.4500000099460112,3.332655822496785e-18,5.0893802158022024e-17,2.7729766184682462e-18,2.770134717492479e-18,0.45066901619879146,0.450000030645811,0.45066901619879146,1.6625129003478995e-19,0.45066908481303825,0.44999998924620654,0.4506690848130383,1.66251290034966e-19,0.45,0.45066901619879146,0.45066901619877914,1.0708375882790335e-14,2.770768923716515e-18,0.45,0.4506690848130383,0.4506690848130506,1.0708377513138465e-14,2.770768923722384e-18,0.45000003064574756,0.4499999892462702,49.939559214486046,49.879118428972085,49.829021909150384,49.8275079401584,49.827507940210104,49.825993971166405,49.82599397126983
566.0,0.0,0.45,0.4500000099460112,3.332655822496785e-18,5.089380215802203e-17,2.7729766184682462e-18,2.770134717492479e-18,0.45066901619879857,0.45000003064573996,0.45066901619879857,1.6625129003478993e-19,0.4506690848130312,0.44999998924627754,0.4506690848130312,1.66251290034966e-19,0.45,0.45066901619879857,0.45066901619878236,1.070837588279042e-14,2.770768923716515e-18,0.45,0.4506690848130312,0.45066908481304735,1.070837751313838e-14,2.7707689237223844e-18,0.45000003064616756,0.44999998924585033,49.939559214486046,49.879118428972085,49.829021909150384,49.82750794015839,49.827507940210104,49.825993971166405,49.82599397126984
567.0,0.0,0.45,0.4500000099460112,3.332655822496785e-18,5.089380215802203e-17,2.7729766184682462e-18,2.770134717492479e-18,0.45066901619878574,0.4500000306458688,0.45066901619878574,1.6625129003478993e-19,0.450669084813044,0.44999998924614876,0.450669084813044,1.6625129003496603e-19,0.45,0.45066901619878574,0.45066901619878424,1.0708375882790438e-14,2.770768923716515e-18,0.45,0.450669084813044,0.45066908481304524,1.0708377513138364e-14,2.7707689237223844e-18,0.45000003064658756,0.44999998924543033,49.939559214486046,49.879118428972085,49.829021909150384,49.82750794015839,49.82750794021011,49.825993971166405,49.82599397126984
568.0,0.0,0.45,0.4500000099460112,3.332655822496785e-18,5.0893802158022024e-17,2.7729766184682462e-18,2.770134717492479e-18,0.4506690161987659,0.45000003064606725,0.45066901619876587,1.6625129003478995e-19,0.4506690848130638,0.44999998924595047,0.45066908481306384,1.6625129003496603e-19,0.45,0.45066901619876587,0.4506690161987838,1.0708375882790385e-14,2.770768923716515e-18,0.45,0.45066908481306384,0.4506690848130457,1.0708377513138416e-14,2.7707689237223844e-18,0.4500000306461675,0.4499999892458503,49.939559214486046,49.879118428972085,49.829021909150384,49.8275079401584,49.82750794021011,49.825993971166405,49.82599397126984
569.0,0.0,0.45,0.4500000099460112,3.332655822496785e-18,5.089380215802202e-17,2.7729766184682462e-18,2.770134717492479e-18,0.4506690161987503,0.4500000306462228,0.4506690161987503,1.6625129003478995e-19,0.4506690848130794,0.4499999892457951,0.4506690848130794,1.6625129003496603e-19,0.45,0.4506690161987503,0.4506690161987813,1.0708375882790299e-14,2.770768923716515e-18,0.45,0.45066908481307943,0.4506690848130482,1.0708377513138503e-14,2.7707689237223844e-18,0.45000003064616745,0.4499999892458502,49.939559214486046,49.879118428972085,49.829021909150384,49.8275079401584,49.82750794021011,49.825993971166405,49.82599397126984
570.0,0.0,0.45,0.4500000099460112,3.332655822496785e-18,5.089380215802202e-17,2.7729766184682462e-18,2.770134717492479e-18,0.45066901619875027,0.45000003064622274,0.45066901619875027,1.6625129003478995e-19,0.4506690848130795,0.44999998924579515,0.45066908481307943,1.66251290034966e-19,0.45,0.4506690161987502,0.45066901619877703,1.070837588279021e-14,2.770768923716515e-18,0.45,0.4506690848130795,0.4506690848130522,1.0708377513138593e-14,2.770768923722384e-18,0.4500000306457475,0.44999998924627016,49.939559214486046,49.879118428972085,49.829021909150384,49.8275079401584,49.827507940210104,49.825993971166405,49.82599397126983
571.0,0.0,0.45,0.4500000099460112,3.3326558224967844e-18,5.0893802158022024e-17,2.7729766184682462e-18,2.770134717492479e-18,0.45066901619879424,0.4500000306457826,0.4506690161987943,1.6625129003478993e-19,0.4506690848130355,0.44999998924623485,0.45066908481303547,1.66251290034966e-19,0.45,0.45066901619879424,0.4506690161987756,1.0708375882790267e-14,2.770768923716515e-18,0.45,0.4506690848130355,0.4506690848130542,1.0708377513138536e-14,2.7707689237223844e-18,0.4500000306461675,0.4499999892458503,49.93955921448604,49.879118428972085,49.829021909150384,49.82750794015839,49.827507940210104,49.825993971166405,49.82599397126984
572.0,0.0,0.45,0.4500000099460112,3.3326558224967844e-18,5.0893802158022024e-17,2.7729766184682462e-18,2.770134717492479e-18,0.45066901619880123,0.45000003064571376,0.4506690161988012,1.6625129003478993e-19,0.4506690848130286,0.4499999892463037,0.4506690848130286,1.6625129003496603e-19,0.45,0.45066901619880123,0.4506690161987769,1.0708375882790307e-14,2.770768923716515e-18,0.45,0.4506690848130286,0.45066908481305323,1.0708377513138498e-14,2.7707689237223844e-18,0.4500000306465875,0.4499999892454303,49.93955921448604,49.879118428972085,49.829021909150384,49.82750794015839,49.82750794021011,49.825993971166405,49.82599397126984
573.0,0.0,0.45,0.4500000099460112,3.3326558224967844e-18,5.089380215802203e-17,2.7729766184682462e-18,2.770134717492479e-18,0.4506690161987743,0.45000003064598393,0.4506690161987742,1.6625129003478995e-19,0.4506690848130555,0.44999998924603385,0.45066908481305556,1.66251290034966e-19,0.45,0.45066901619877425,0.45066901619877797,1.0708375882790273e-14,2.770768923716515e-18,0.45,0.45066908481305556,0.450669084813052,1.0708377513138532e-14,2.7707689237223844e-18,0.4500000306457476,0.44999998924627027,49.93955921448604,49.879118428972085,49.829021909150384,49.8275079401584,49.827507940210104,49.825993971166405,49.82599397126984
574.0,0.0,0.45,0.4500000099460112,3.3326558224967844e-18,5.089380215802203e-17,2.7729766184682462e-18,2.770134717492479e-18,0.4506690161987447,0.45000003064627936,0.45066901619874467,1.6625129003478995e-19,0.45066908481308504,0.44999998924573875,0.4506690848130851,1.66251290034966e-19,0.45,0.4506690161987447,0.4506690161987775,1.0708375882790202e-14,2.770768923716515e-18,0.45,0.45066908481308504,0.45066908481305223,1.0708377513138603e-14,2.7707689237223844e-18,0.4500000306457476,0.44999998924627027,49.93955921448604,49.879118428972085,49.829021909150384,49.8275079401584,49.827507940210104,49.825993971166405,49.82599397126984
575.0,0.0,0.45,0.4500000099460112,3.3326558224967844e-18,5.089380215802203e-17,2.7729766184682462e-18,2.770134717492479e-18,0.4506690161987439,0.4500000306462863,0.4506690161987439,1.6625129003478995e-19,0.4506690848130858,0.4499999892457318,0.45066908481308576,1.66251290034966e-19,0.45,0.4506690161987439,0.4506690161987741,1.0708375882790127e-14,2.770768923716515e-18,0.45,0.4506690848130858,0.45066908481305556,1.0708377513138677e-14,2.770768923722384e-18,0.4500000306457476,0.44999998924627027,49.93955921448604,49.879118428972085,49.829021909150384,49.8275079401584,49.827507940210104,49.825993971166405,49.82599397126983
576.0,0.0,0.45,0.4500000099460112,3.3326558224967844e-18,5.0893802158022024e-17,2.7729766184682462e-18,2.770134717492479e-18,0.45066901619879424,0.45000003064578264,0.4506690161987943,1.6625129003478993e-19,0.4506690848130355,0.44999998924623485,0.4506690848130355,1.66251290034966e-19,0.45,0.45066901619879424,0.45066901619877225,1.0708375882790195e-14,2.770768923716515e-18,0.45,0.45066908481303547,0.45066908481305756,1.0708377513138609e-14,2.7707689237223844e-18,0.4500000306461675,0.4499999892458503,49.93955921448604,49.879118428972085,49.829021909150384,49.82750794015839,49.827507940210104,49.825993971166405,49.82599397126984
577.0,0.0,0.45,0.4500000099460112,3.3326558224967844e-18,5.089380215802203e-17,2.7729766184682462e-18,2.770134717492479e-18,0.45066901619880123,0.45000003064571364,0.45066901619880123,1.6625129003478993e-19,0.45066908481302853,0.44999998924630374,0.45066908481302864,1.6625129003496603e-19,0.45,0.45066901619880123,0.45066901619877375,1.0708375882790243e-14,2.770768923716515e-18,0.45,0.45066908481302853,0.45066908481305595,1.070837751313856e-14,2.7707689237223844e-18,0.45000003064658756,0.44999998924543033,49.93955921448604,49.879118428972085,49.829021909150384,49.82750794015839,49.82750794021011,49.825993971166405,49.82599397126984
578.0,0.0,0.45,0.4500000099460112,3.332655822496785e-18,5.089380215802203e-17,2.7729766184682462e-18,2.770134717492479e-18,0.45066901619877425,0.4500000306459839,0.4506690161987742,1.6625129003478993e-19,0.45066908481305545,0.4499999892460339,0.45066908481305556,1.6625129003496603e-19,0.45,0.4506690161987742,0.45066901619877525,1.070837588279022e-14,2.770768923716515e-18,0.45,0.4506690848130555,0.4506690848130543,1.0708377513138584e-14,2.770768923722384e-18,0.45000003064658756,0.44999998924543033,49.939559214486046,49.879118428972085,49.829021909150384,49.82750794015839,49.82750794021011,49.825993971166405,49.82599397126983
579.0,0.0,0.45,0.4500000099460112,3.332655822496785e-18,5.089380215802203e-17,2.7729766184682462e-18,2.770134717492479e-18,0.45066901619874467,0.45000003064627936,0.45066901619874467,1.6625129003478995e-19,0.450669084813085,0.44999998924573875,0.45066908481308504,1.6625129003496603e-19,0.45,0.4506690161987446,0.45066901619877514,1.0708375882790158e-14,2.770768923716515e-18,0.45,0.45066908481308504,0.4506690848130541,1.0708377513138647e-14,2.770768923722384e-18,0.45000003064616756,0.44999998924585033,49.939559214486046,49.879118428972085,49.829021909150384,49.8275079401584,49.82750794021011,49.825993971166405,49.82599397126983
580.0,0.0,0.45,0.4500000099460112,3.332655822496785e-18,5.089380215802203e-17,2.7729766184682462e-18,2.770134717492479e-18,0.45066901619874383,0.45000003064628635,0.4506690161987439,1.6625129003478995e-19,0.4506690848130858,0.44999998924573187,0.45066908481308576,1.66251290034966e-19,0.45,0.45066901619874383,0.4506690161987718,1.0708375882790092e-14,2.770768923716515e-18,0.45,0.4506690848130858,0.4506690848130571,1.0708377513138716e-14,2.770768923722384e-18,0.4500000306457476,0.44999998924627027,49.939559214486046,49.879118428972085,49.829021909150384,49.8275079401584,49.827507940210104,49.825993971166405,49.82599397126983
581.0,0.0,0.45,0.4500000099460112,3.3326558224967844e-18,5.089380215802202e-17,2.7729766184682462e-18,2.770134717492479e-18,0.45066901619875577,0.45000003064616756,0.45066901619875577,1.6625129003478995e-19,0.45066908481307394,0.44999998924585033,0.45066908481307394,1.66251290034966e-19,0.45,0.45066901619875577,0.450669016198769,1.0708375882790041e-14,2.770768923716515e-18,0.45,0.45066908481307394,0.4506690848130609,1.0708377513138763e-14,2.7707689237223844e-18,0.4500000306457475,0.44999998924627016,49.93955921448604,49.879118428972085,49.829021909150384,49.8275079401584,49.827507940210104,49.825993971166405,49.82599397126984
582.0,0.0,0.45,0.4500000099460112,3.3326558224967844e-18,5.089380215802201e-17,2.7729766184682462e-18,2.770134717492479e-18,0.4506690161987558,0.4500000306461673,0.4506690161987558,1.6625129003478995e-19,0.45066908481307383,0.4499999892458505,0.4506690848130739,1.6625129003496603e-19,0.45,0.4506690161987559,0.4506690161987674,1.070837588279e-14,2.770768923716515e-18,0.45,0.4506690848130739,0.45066908481306295,1.0708377513138805e-14,2.7707689237223844e-18,0.4500000306461674,0.44999998924585016,49.93955921448604,49.879118428972085,49.829021909150384,49.8275079401584,49.82750794021011,49.825993971166405,49.82599397126984
583.0,0.0,0.45,0.4500000099460112,3.3326558224967844e-18,5.089380215802202e-17,2.7729766184682462e-18,2.770134717492479e-18,0.4506690161987558,0.45000003064616734,0.4506690161987558,1.6625129003478995e-19,0.4506690848130739,0.4499999892458504,0.45066908481307394,1.6625129003496603e-19,0.45,0.4506690161987558,0.4506690161987656,1.0708375882789966e-14,2.770768923716515e-18,0.45,0.4506690848130739,0.45066908481306445,1.0708377513138839e-14,2.7707689237223844e-18,0.45000003064616745,0.4499999892458502,49.93955921448604,49.879118428972085,49.829021909150384,49.8275079401584,49.82750794021011,49.825993971166405,49.82599397126984
584.0,0.0,0.45,0.4500000099460112,3.332655822496785e-18,5.0893802158022024e-17,2.7729766184682462e-18,2.770134717492479e-18,0.4506690161987558,0.4500000306461675,0.45066901619875577,1.6625129003478993e-19,0.45066908481307394,0.44999998924585033,0.45066908481307394,1.66251290034966e-19,0.45,0.45066901619875577,0.4506690161987638,1.0708375882789937e-14,2.770768923716515e-18,0.45,0.45066908481307394,0.4506690848130656,1.0708377513138868e-14,2.7707689237223844e-18,0.4500000306461675,0.4499999892458503,49.939559214486046,49.879118428972085,49.829021909150384,49.82750794015839,49.827507940210104,49.825993971166405,49.82599397126984
585.0,0.0,0.45,0.4500000099460112,3.332655822496785e-18,5.0893802158022024e-17,2.7729766184682462e-18,2.770134717492479e-18,0.4506690161987558,0.45000003064616756,0.4506690161987558,1.6625129003478993e-19,0.45066908481307394,0.44999998924585033,0.45066908481307394,1.6625129003496603e-19,0.45,0.4506690161987558,0.4506690161987625,1.0708375882789912e-14,2.770768923716515e-18,0.45,0.45066908481307394,0.4506690848130666,1.0708377513138894e-14,2.770768923722384e-18,0.4500000306465875,0.4499999892454303,49.939559214486046,49.879118428972085,49.829021909150384,49.82750794015839,49.82750794021011,49.825993971166405,49.82599397126983
586.0,0.0,0.45,0.4500000099460112,3.3326558224967844e-18,5.0893802158022024e-17,2.7729766184682462e-18,2.770134717492479e-18,0.4506690161987944,0.4500000306457804,0.4506690161987945,1.6625129003478993e-19,0.4506690848130353,0.4499999892462371,0.45066908481303525,1.6625129003496603e-19,0.45,0.45066901619879446,0.4506690161987645,1.0708375882790027e-14,2.770768923716515e-18,0.45,0.4506690848130353,0.4506690848130655,1.0708377513138781e-14,2.7707689237223844e-18,0.4500000306465875,0.4499999892454303,49.93955921448604,49.879118428972085,49.829021909150384,49.82750794015839,49.82750794021011,49.825993971166405,49.82599397126984
587.0,0.0,0.45,0.4500000099460112,3.3326558224967844e-18,5.0893802158022024e-17,2.7729766184682462e-18,2.770134717492479e-18,0.4506690161987985,0.4500000306457396,0.45066901619879857,1.6625129003478993e-19,0.4506690848130312,0.4499999892462778,0.45066908481303114,1.66251290034966e-19,0.45,0.45066901619879857,0.4506690161987672,1.0708375882790089e-14,2.770768923716515e-18,0.45,0.4506690848130312,0.4506690848130632,1.0708377513138718e-14,2.7707689237223844e-18,0.4500000306461675,0.4499999892458503,49.93955921448604,49.879118428972085,49.829021909150384,49.82750794015839,49.827507940210104,49.825993971166405,49.82599397126984
588.0,0.0,0.45,0.4500000099460112,3.3326558224967844e-18,5.089380215802203e-17,2.7729766184682462e-18,2.770134717492479e-18,0.45066901619877103,0.4500000306460157,0.450669016198771,1.6625129003478993e-19,0.45066908481305873,0.44999998924600215,0.45066908481305873,1.6625129003496603e-19,0.45,0.450669016198771,0.45066901619876876,1.0708375882790062e-14,2.770768923716515e-18,0.45,0.45066908481305873,0.45066908481306156,1.0708377513138743e-14,2.7707689237223844e-18,0.45000003064658756,0.44999998924543033,49.93955921448604,49.879118428972085,49.829021909150384,49.82750794015839,49.82750794021011,49.825993971166405,49.82599397126984
589.0,0.0,0.45,0.4500000099460112,3.3326558224967844e-18,5.089380215802203e-17,2.7729766184682462e-18,2.770134717492479e-18,0.45066901619874983,0.4500000306462278,0.4506690161987498,1.6625129003478995e-19,0.4506690848130799,0.4499999892457903,0.45066908481307993,1.6625129003496603e-19,0.45,0.45066901619874983,0.4506690161987688,1.0708375882790021e-14,2.770768923716515e-18,0.45,0.45066908481307993,0.4506690848130612,1.0708377513138784e-14,2.7707689237223844e-18,0.45000003064616756,0.44999998924585033,49.93955921448604,49.879118428972085,49.829021909150384,49.8275079401584,49.82750794021011,49.825993971166405,49.82599397126984
590.0,0.0,0.45,0.4500000099460112,3.332655822496785e-18,5.0893802158022036e-17,2.7729766184682462e-18,2.770134717492479e-18,0.4506690161987729,0.4500000306459951,0.450669016198773,1.6625129003478995e-19,0.45066908481305684,0.44999998924602286,0.45066908481305673,1.66251290034966e-19,0.45,0.450669016198773,0.45066901619876704,1.070837588279003e-14,2.770768923716515e-18,0.45,0.4506690848130568,0.450669084813063,1.0708377513138771e-14,2.770768923722384e-18,0.4500000306457477,0.4499999892462703,49.939559214486046,49.879118428972085,49.829021909150384,49.8275079401584,49.827507940210104,49.825993971166405,49.82599397126983
591.0,0.0,0.45,0.4500000099460112,3.332655822496785e-18,5.089380215802203e-17,2.7729766184682462e-18,2.770134717492479e-18,0.4506690161987601,0.4500000306461249,0.45066901619876004,1.6625129003478995e-19,0.45066908481306955,0.449999989245893,0.4506690848130696,1.66251290034966e-19,0.45,0.4506690161987601,0.4506690161987681,1.070837588279003e-14,2.770768923716515e-18,0.45,0.4506690848130696,0.4506690848130618,1.0708377513138773e-14,2.7707689237223844e-18,0.4500000306457476,0.44999998924627027,49.939559214486046,49.879118428972085,49.829021909150384,49.8275079401584,49.827507940210104,49.825993971166405,49.82599397126984
592.0,0.0,0.45,0.4500000099460112,3.332655822496785e-18,5.0893802158022024e-17,2.7729766184682462e-18,2.770134717492479e-18,0.4506690161987405,0.45000003064632227,0.4506690161987404,1.6625129003478995e-19,0.45066908481308915,0.44999998924569584,0.45066908481308926,1.66251290034966e-19,0.45,0.45066901619874045,0.4506690161987681,1.0708375882789991e-14,2.770768923716515e-18,0.45,0.45066908481308926,0.45066908481306156,1.0708377513138812e-14,2.7707689237223844e-18,0.45000003064574756,0.4499999892462702,49.939559214486046,49.879118428972085,49.829021909150384,49.8275079401584,49.827507940210104,49.825993971166405,49.82599397126984
593.0,0.0,0.45,0.4500000099460112,3.332655822496785e-18,5.0893802158022024e-17,2.7729766184682462e-18,2.770134717492479e-18,0.45066901619874755,0.4500000306462507,0.4506690161987475,1.6625129003478995e-19,0.45066908481308215,0.4499999892457673,0.4506690848130822,1.66251290034966e-19,0.45,0.4506690161987475,0.45066901619876587,1.0708375882789956e-14,2.770768923716515e-18,0.45,0.45066908481308215,0.4506690848130638,1.0708377513138846e-14,2.7707689237223844e-18,0.45000003064574756,0.4499999892462702,49.939559214486046,49.879118428972085,49.829021909150384,49.8275079401584,49.827507940210104,49.825993971166405,49.82599397126984
594.0,0.0,0.45,0.4500000099460112,3.332655822496785e-18,5.0893802158022024e-17,2.7729766184682462e-18,2.770134717492479e-18,0.4506690161987614,0.4500000306461111,0.45066901619876143,1.6625129003478993e-19,0.4506690848130684,0.44999998924590673,0.45066908481306833,1.66251290034966e-19,0.45,0.4506690161987614,0.45066901619876326,1.0708375882789928e-14,2.770768923716515e-18,0.45,0.45066908481306833,0.4506690848130665,1.0708377513138874e-14,2.7707689237223844e-18,0.4500000306461675,0.4499999892458503,49.939559214486046,49.879118428972085,49.829021909150384,49.82750794015839,49.827507940210104,49.825993971166405,49.82599397126984
595.0,0.0,0.45,0.4500000099460112,3.332655822496785e-18,5.0893802158022024e-17,2.7729766184682462e-18,2.770134717492479e-18,0.4506690161987621,0.45000003064610417,0.4506690161987621,1.6625129003478995e-19,0.4506690848130676,0.4499999892459137,0.4506690848130676,1.66251290034966e-19,0.45,0.4506690161987621,0.45066901619876204,1.0708375882789903e-14,2.770768923716515e-18,0.45,0.45066908481306756,0.4506690848130677,1.0708377513138899e-14,2.7707689237223844e-18,0.45000003064574756,0.4499999892462702,49.939559214486046,49.879118428972085,49.829021909150384,49.8275079401584,49.827507940210104,49.825993971166405,49.82599397126984
596.0,0.0,0.45,0.4500000099460112,3.3326558224967844e-18,5.0893802158022024e-17,2.7729766184682462e-18,2.770134717492479e-18,0.4506690161987944,0.45000003064578037,0.4506690161987945,1.6625129003478993e-19,0.4506690848130353,0.4499999892462371,0.4506690848130353,1.66251290034966e-19,0.45,0.45066901619879446,0.45066901619876415,1.070837588279002e-14,2.770768923716515e-18,0.45,0.4506690848130353,0.4506690848130656,1.0708377513138784e-14,2.7707689237223844e-18,0.4500000306461675,0.4499999892458503,49.93955921448604,49.879118428972085,49.829021909150384,49.82750794015839,49.827507940210104,49.825993971166405,49.82599397126984
597.0,0.0,0.45,0.4500000099460112,3.332655822496785e-18,5.0893802158022024e-17,2.7729766184682462e-18,2.770134717492479e-18,0.45066901619879846,0.4500000306457396,0.4506690161987986,1.6625129003478993e-19,0.45066908481303125,0.4499999892462777,0.45066908481303125,1.66251290034966e-19,0.45,0.4506690161987985,0.45066901619876665,1.0708375882790081e-14,2.770768923716515e-18,0.45,0.45066908481303125,0.45066908481306317,1.0708377513138721e-14,2.7707689237223844e-18,0.4500000306461675,0.4499999892458503,49.939559214486046,49.879118428972085,49.829021909150384,49.82750794015839,49.827507940210104,49.825993971166405,49.82599397126984
598.0,0.0,0.45,0.4500000099460112,3.332655822496785e-18,5.0893802158022024e-17,2.7729766184682462e-18,2.770134717492479e-18,0.450669016198771,0.4500000306460157,0.45066901619877103,1.6625129003478993e-19,0.45066908481305873,0.4499999892460021,0.45066908481305873,1.66251290034966e-19,0.45,0.450669016198771,0.4506690161987683,1.0708375882790056e-14,2.770768923716515e-18,0.45,0.45066908481305873,0.45066908481306156,1.0708377513138745e-14,2.7707689237223844e-18,0.4500000306461675,0.4499999892458503,49.939559214486046,49.879118428972085,49.829021909150384,49.82750794015839,49.827507940210104,49.825993971166405,49.82599397126984
599.0,0.0,0.45,0.4500000099460112,3.3326558224967844e-18,5.0893802158022024e-17,2.7729766184682462e-18,2.770134717492479e-18,0.45066901619874983,0.4500000306462277,0.45066901619874983,1.6625129003478995e-19,0.4506690848130798,0.4499999892457903,0.4506690848130799,1.66251290034966e-19,0.45,0.4506690161987498,0.45066901619876854,1.0708375882790015e-14,2.770768923716515e-18,0.45,0.4506690848130799,0.45066908481306134,1.0708377513138786e-14,2.7707689237223844e-18,0.45000003064574756,0.4499999892462702,49.93955921448604,49.879118428972085,49.829021909150384,49.8275079401584,49.827507940210104,49.825993971166405,49.82599397126984
600.0,0.0,0.45,0.4500000099460112,3.3326558224967844e-18,5.0893802158022024e-17,2.7729766184682462e-18,2.770134717492479e-18,0.4506690161987729,0.4500000306459949,0.45066901619877303,1.6625129003478995e-19,0.4506690848130568,0.4499999892460228,0.4506690848130567,1.66251290034966e-19,0.45,0.4506690161987729,0.4506690161987668,1.0708375882790026e-14,2.770768923716515e-18,0.45,0.45066908481305673,0.4506690848130631,1.0708377513138773e-14,2.7707689237223844e-18,0.45000003064574756,0.4499999892462702,49.93955921448604,49.879118428972085,49.829021909150384,49.8275079401584,49.827507940210104,49.825993971166405,49.82599397126984
601.0,0.0,0.45,0.4500000099460112,3.3326558224967844e-18,5.089380215802203e-17,2.7729766184682462e-18,2.770134717492479e-18,0.45066901619875993,0.4500000306461271,0.4506690161987599,1.6625129003478995e-19,0.45066908481306983,0.44999998924589085,0.45066908481306983,1.66251290034966e-19,0.45,0.45066901619875993,0.45066901619876726,1.0708375882790013e-14,2.770768923716515e-18,0.45,0.45066908481306983,0.45066908481306234,1.0708377513138787e-14,2.7707689237223844e-18,0.4500000306457476,0.44999998924627027,49.93955921448604,49.879118428972085,49.829021909150384,49.8275079401584,49.827507940210104,49.825993971166405,49.82599397126984
602.0,0.0,0.45,0.4500000099460112,3.3326558224967844e-18,5.089380215802203e-17,2.7729766184682462e-18,2.770134717492479e-18,0.4506690161987431,0.4500000306462965,0.450669016198743,1.6625129003478995e-19,0.45066908481308665,0.4499999892457216,0.4506690848130867,1.6625129003496603e-19,0.45,0.4506690161987431,0.4506690161987676,1.0708375882789988e-14,2.770768923716515e-18,0.45,0.45066908481308665,0.4506690848130618,1.0708377513138812e-14,2.7707689237223844e-18,0.45000003064616756,0.44999998924585033,49.93955921448604,49.879118428972085,49.829021909150384,49.8275079401584,49.82750794021011,49.825993971166405,49.82599397126984
603.0,0.0,0.45,0.4500000099460112,3.3326558224967844e-18,5.089380215802203e-17,2.7729766184682462e-18,2.770134717492479e-18,0.4506690161987507,0.4500000306462191,0.45066901619875066,1.6625129003478995e-19,0.45066908481307905,0.449999989245799,0.45066908481307905,1.66251290034966e-19,0.45,0.45066901619875077,0.45066901619876626,1.0708375882789978e-14,2.770768923716515e-18,0.45,0.450669084813079,0.45066908481306295,1.0708377513138822e-14,2.770768923722384e-18,0.4500000306457476,0.44999998924627027,49.93955921448604,49.879118428972085,49.829021909150384,49.8275079401584,49.827507940210104,49.825993971166405,49.82599397126983
604.0,0.0,0.45,0.4500000099460112,3.3326558224967844e-18,5.0893802158022024e-17,2.7729766184682462e-18,2.770134717492479e-18,0.45066901619875627,0.45000003064616273,0.45066901619875627,1.6625129003478993e-19,0.4506690848130735,0.4499999892458552,0.45066908481307344,1.66251290034966e-19,0.45,0.45066901619875627,0.45066901619876415,1.0708375882789948e-14,2.770768923716515e-18,0.45,0.4506690848130735,0.4506690848130649,1.0708377513138855e-14,2.770768923722384e-18,0.4500000306461675,0.4499999892458503,49.93955921448604,49.879118428972085,49.829021909150384,49.82750794015839,49.827507940210104,49.825993971166405,49.82599397126983
605.0,0.0,0.45,0.4500000099460112,3.3326558224967844e-18,5.089380215802203e-17,2.7729766184682462e-18,2.770134717492479e-18,0.45066901619873306,0.4500000306463955,0.450669016198733,1.6625129003478993e-19,0.45066908481309664,0.4499999892456228,0.45066908481309664,1.66251290034966e-19,0.45,0.45066901619873306,0.4506690161987622,1.0708375882789863e-14,2.770768923716515e-18,0.45,0.45066908481309664,0.4506690848130665,1.0708377513138943e-14,2.770768923722384e-18,0.45000003064616756,0.44999998924585033,49.93955921448604,49.879118428972085,49.829021909150384,49.82750794015839,49.827507940210104,49.825993971166405,49.82599397126983
606.0,0.0,0.45,0.4500000099460112,3.3326558224967844e-18,5.0893802158022024e-17,2.7729766184682462e-18,2.770134717492479e-18,0.45066901619879013,0.45000003064582306,0.4506690161987902,1.6625129003478993e-19,0.4506690848130397,0.44999998924619444,0.4506690848130396,1.66251290034966e-19,0.45,0.4506690161987902,0.450669016198761,1.0708375882789945e-14,2.770768923716515e-18,0.45,0.45066908481303963,0.4506690848130688,1.0708377513138861e-14,2.7707689237223844e-18,0.4500000306461675,0.4499999892458503,49.93955921448604,49.879118428972085,49.829021909150384,49.82750794015839,49.827507940210104,49.825993971166405,49.82599397126984
607.0,0.0,0.45,0.4500000099460112,3.3326558224967844e-18,5.089380215802202e-17,2.7729766184682462e-18,2.770134717492479e-18,0.45066901619881394,0.4500000306455847,0.45066901619881405,1.6625129003478993e-19,0.4506690848130159,0.4499999892464325,0.4506690848130158,1.6625129003496603e-19,0.45,0.450669016198814,0.4506690161987625,1.0708375882790018e-14,2.770768923716515e-18,0.45,0.4506690848130158,0.450669084813068,1.0708377513138789e-14,2.7707689237223844e-18,0.45000003064658745,0.4499999892454302,49.93955921448604,49.879118428972085,49.829021909150384,49.82750794015839,49.82750794021011,49.825993971166405,49.82599397126984
608.0,0.0,0.45,0.4500000099460112,3.3326558224967844e-18,5.089380215802202e-17,2.7729766184682462e-18,2.770134717492479e-18,0.45066901619877936,0.45000003064593225,0.45066901619877936,1.6625129003478993e-19,0.4506690848130504,0.44999998924608525,0.4506690848130504,1.6625129003496603e-19,0.45,0.45066901619877936,0.45066901619876515,1.0708375882790004e-14,2.770768923716515e-18,0.45,0.4506690848130504,0.45066908481306517,1.0708377513138803e-14,2.7707689237223844e-18,0.45000003064658745,0.4499999892454302,49.93955921448604,49.879118428972085,49.829021909150384,49.82750794015839,49.82750794021011,49.825993971166405,49.82599397126984
609.0,0.0,0.45,0.4500000099460112,3.3326558224967844e-18,5.089380215802202e-17,2.7729766184682462e-18,2.770134717492479e-18,0.4506690161987443,0.4500000306462841,0.4506690161987442,1.6625129003478995e-19,0.4506690848130854,0.4499999892457339,0.4506690848130855,1.6625129003496603e-19,0.45,0.4506690161987443,0.45066901619876687,1.070837588278997e-14,2.770768923716515e-18,0.45,0.4506690848130855,0.45066908481306306,1.0708377513138834e-14,2.7707689237223844e-18,0.45000003064616745,0.4499999892458502,49.93955921448604,49.879118428972085,49.829021909150384,49.8275079401584,49.82750794021011,49.825993971166405,49.82599397126984
610.0,0.0,0.45,0.4500000099460112,3.3326558224967844e-18,5.0893802158022024e-17,2.7729766184682462e-18,2.770134717492479e-18,0.4506690161987666,0.45000003064605837,0.45066901619876665,1.6625129003478993e-19,0.4506690848130631,0.44999998924595946,0.450669084813063,1.66251290034966e-19,0.45,0.45066901619876665,0.45066901619876554,1.0708375882789988e-14,2.770768923716515e-18,0.45,0.45066908481306306,0.45066908481306445,1.0708377513138816e-14,2.7707689237223844e-18,0.4500000306461675,0.4499999892458503,49.93955921448604,49.879118428972085,49.829021909150384,49.82750794015839,49.827507940210104,49.825993971166405,49.82599397126984
611.0,0.0,0.45,0.4500000099460112,3.332655822496785e-18,5.089380215802203e-17,2.7729766184682462e-18,2.770134717492479e-18,0.45066901619879857,0.45000003064574,0.4506690161987986,1.6625129003478993e-19,0.45066908481303125,0.4499999892462775,0.45066908481303125,1.66251290034966e-19,0.45,0.45066901619879857,0.45066901619876815,1.0708375882790116e-14,2.770768923716515e-18,0.45,0.45066908481303125,0.45066908481306167,1.0708377513138688e-14,2.7707689237223844e-18,0.45000003064616756,0.44999998924585033,49.939559214486046,49.879118428972085,49.829021909150384,49.82750794015839,49.827507940210104,49.825993971166405,49.82599397126984
612.0,0.0,0.45,0.4500000099460112,3.332655822496785e-18,5.089380215802203e-17,2.7729766184682462e-18,2.770134717492479e-18,0.4506690161987859,0.45000003064586847,0.45066901619878585,1.6625129003478993e-19,0.4506690848130439,0.44999998924614915,0.450669084813044,1.6625129003496603e-19,0.45,0.45066901619878585,0.4506690161987721,1.0708375882790177e-14,2.770768923716515e-18,0.45,0.45066908481304396,0.4506690848130575,1.0708377513138628e-14,2.7707689237223844e-18,0.45000003064658756,0.44999998924543033,49.939559214486046,49.879118428972085,49.829021909150384,49.82750794015839,49.82750794021011,49.825993971166405,49.82599397126984
613.0,0.0,0.45,0.4500000099460112,3.332655822496785e-18,5.0893802158022024e-17,2.7729766184682462e-18,2.770134717492479e-18,0.450669016198766,0.45000003064606714,0.4506690161987659,1.6625129003478995e-19,0.4506690848130638,0.4499999892459507,0.45066908481306384,1.6625129003496603e-19,0.45,0.4506690161987659,0.45066901619877353,1.0708375882790161e-14,2.770768923716515e-18,0.45,0.45066908481306384,0.4506690848130562,1.0708377513138642e-14,2.7707689237223844e-18,0.4500000306461675,0.4499999892458503,49.939559214486046,49.879118428972085,49.829021909150384,49.8275079401584,49.82750794021011,49.825993971166405,49.82599397126984
614.0,0.0,0.45,0.4500000099460112,3.3326558224967844e-18,5.089380215802202e-17,2.7729766184682462e-18,2.770134717492479e-18,0.45066901619875027,0.4500000306462229,0.45066901619875027,1.6625129003478995e-19,0.45066908481307943,0.44999998924579504,0.4506690848130795,1.66251290034966e-19,0.45,0.45066901619875027,0.45066901619877264,1.0708375882790106e-14,2.770768923716515e-18,0.45,0.45066908481307943,0.4506690848130572,1.0708377513138696e-14,2.7707689237223844e-18,0.4500000306457475,0.44999998924627016,49.93955921448604,49.879118428972085,49.829021909150384,49.8275079401584,49.827507940210104,49.825993971166405,49.82599397126984
615.0,0.0,0.45,0.4500000099460112,3.3326558224967844e-18,5.089380215802202e-17,2.7729766184682462e-18,2.770134717492479e-18,0.4506690161987502,0.4500000306462229,0.45066901619875027,1.6625129003478995e-19,0.45066908481307955,0.44999998924579504,0.4506690848130795,1.66251290034966e-19,0.45,0.4506690161987502,0.45066901619876976,1.0708375882790045e-14,2.770768923716515e-18,0.45,0.4506690848130795,0.45066908481306,1.0708377513138759e-14,2.770768923722384e-18,0.4500000306457475,0.44999998924627016,49.93955921448604,49.879118428972085,49.829021909150384,49.8275079401584,49.827507940210104,49.825993971166405,49.82599397126983
616.0,0.0,0.45,0.4500000099460112,3.332655822496785e-18,5.0893802158022024e-17,2.7729766184682462e-18,2.770134717492479e-18,0.4506690161987942,0.45000003064578264,0.45066901619879424,1.6625129003478993e-19,0.4506690848130355,0.4499999892462349,0.45066908481303547,1.66251290034966e-19,0.45,0.45066901619879424,0.45066901619876903,1.0708375882790125e-14,2.770768923716515e-18,0.45,0.4506690848130355,0.4506690848130607,1.0708377513138678e-14,2.7707689237223844e-18,0.4500000306461675,0.4499999892458503,49.939559214486046,49.879118428972085,49.829021909150384,49.82750794015839,49.827507940210104,49.825993971166405,49.82599397126984
617.0,0.0,0.45,0.4500000099460112,3.332655822496785e-18,5.0893802158022024e-17,2.7729766184682462e-18,2.770134717492479e-18,0.4506690161988011,0.45000003064571376,0.4506690161988012,1.6625129003478993e-19,0.4506690848130286,0.4499999892463037,0.4506690848130286,1.6625129003496603e-19,0.45,0.4506690161988012,0.4506690161987711,1.0708375882790183e-14,2.770768923716515e-18,0.45,0.4506690848130286,0.4506690848130587,1.070837751313862e-14,2.7707689237223844e-18,0.4500000306465875,0.4499999892454303,49.939559214486046,49.879118428972085,49.829021909150384,49.82750794015839,49.82750794021011,49.825993971166405,49.82599397126984
618.0,0.0,0.45,0.4500000099460112,3.332655822496785e-18,5.0893802158022024e-17,2.7729766184682462e-18,2.770134717492479e-18,0.4506690161987742,0.4500000306459839,0.4506690161987742,1.6625129003478993e-19,0.4506690848130555,0.4499999892460338,0.45066908481305556,1.6625129003496603e-19,0.45,0.45066901619877425,0.450669016198773,1.070837588279017e-14,2.770768923716515e-18,0.45,0.4506690848130555,0.4506690848130567,1.0708377513138634e-14,2.770768923722384e-18,0.4500000306465875,0.4499999892454303,49.939559214486046,49.879118428972085,49.829021909150384,49.82750794015839,49.82750794021011,49.825993971166405,49.82599397126983
619.0,0.0,0.45,0.4500000099460112,3.332655822496785e-18,5.0893802158022024e-17,2.7729766184682462e-18,2.770134717492479e-18,0.4506690161987447,0.45000003064627925,0.45066901619874467,1.6625129003478995e-19,0.450669084813085,0.4499999892457387,0.4506690848130851,1.6625129003496603e-19,0.45,0.4506690161987447,0.4506690161987732,1.0708375882790112e-14,2.770768923716515e-18,0.45,0.45066908481308504,0.45066908481305623,1.0708377513138691e-14,2.770768923722384e-18,0.4500000306461675,0.4499999892458503,49.939559214486046,49.879118428972085,49.829021909150384,49.8275079401584,49.82750794021011,49.825993971166405,49.82599397126983
620.0,0.0,0.45,0.4500000099460112,3.332655822496785e-18,5.0893802158022024e-17,2.7729766184682462e-18,2.770134717492479e-18,0.4506690161987439,0.4500000306462862,0.45066901619874394,1.6625129003478995e-19,0.4506690848130858,0.44999998924573176,0.4506690848130858,1.66251290034966e-19,0.45,0.45066901619874394,0.4506690161987703,1.0708375882790053e-14,2.770768923716515e-18,0.45,0.4506690848130858,0.450669084813059,1.0708377513138754e-14,2.770768923722384e-18,0.45000003064574756,0.4499999892462702,49.939559214486046,49.879118428972085,49.829021909150384,49.8275079401584,49.827507940210104,49.825993971166405,49.82599397126983
621.0,0.0,0.45,0.4500000099460112,3.332655822496785e-18,5.0893802158022024e-17,2.7729766184682462e-18,2.770134717492479e-18,0.4506690161987558,0.45000003064616756,0.4506690161987558,1.6625129003478995e-19,0.45066908481307394,0.44999998924585033,0.45066908481307394,1.66251290034966e-19,0.45,0.45066901619875577,0.4506690161987674,1.0708375882790008e-14,2.770768923716515e-18,0.45,0.45066908481307394,0.4506690848130624,1.0708377513138797e-14,2.7707689237223844e-18,0.45000003064574756,0.4499999892462702,49.939559214486046,49.879118428972085,49.829021909150384,49.8275079401584,49.827507940210104,49.825993971166405,49.82599397126984
622.0,0.0,0.45,0.4500000099460112,3.332655822496785e-18,5.0893802158022024e-17,2.7729766184682462e-18,2.770134717492479e-18,0.45066901619875593,0.45000003064616734,0.4506690161987558,1.6625129003478995e-19,0.45066908481307383,0.44999998924585055,0.45066908481307394,1.6625129003496603e-19,0.45,0.4506690161987558,0.4506690161987659,1.0708375882789972e-14,2.770768923716515e-18,0.45,0.45066908481307383,0.45066908481306406,1.0708377513138833e-14,2.7707689237223844e-18,0.4500000306461675,0.4499999892458503,49.939559214486046,49.879118428972085,49.829021909150384,49.8275079401584,49.82750794021011,49.825993971166405,49.82599397126984
623.0,0.0,0.45,0.4500000099460112,3.3326558224967844e-18,5.089380215802203e-17,2.7729766184682462e-18,2.770134717492479e-18,0.4506690161987559,0.45000003064616745,0.4506690161987558,1.6625129003478995e-19,0.45066908481307383,0.4499999892458505,0.4506690848130739,1.6625129003496603e-19,0.45,0.4506690161987558,0.4506690161987643,1.0708375882789942e-14,2.770768923716515e-18,0.45,0.45066908481307383,0.4506690848130654,1.0708377513138863e-14,2.7707689237223844e-18,0.45000003064616756,0.44999998924585033,49.93955921448604,49.879118428972085,49.829021909150384,49.8275079401584,49.82750794021011,49.825993971166405,49.82599397126984
624.0,0.0,0.45,0.4500000099460112,3.3326558224967844e-18,5.089380215802203e-17,2.7729766184682462e-18,2.770134717492479e-18,0.45066901619875577,0.45000003064616756,0.45066901619875577,1.6625129003478993e-19,0.4506690848130739,0.4499999892458504,0.4506690848130739,1.66251290034966e-19,0.45,0.45066901619875577,0.4506690161987628,1.0708375882789915e-14,2.770768923716515e-18,0.45,0.4506690848130739,0.4506690848130665,1.070837751313889e-14,2.7707689237223844e-18,0.45000003064616756,0.44999998924585033,49.93955921448604,49.879118428972085,49.829021909150384,49.82750794015839,49.827507940210104,49.825993971166405,49.82599397126984
625.0,0.0,0.45,0.4500000099460112,3.3326558224967844e-18,5.0893802158022024e-17,2.7729766184682462e-18,2.770134717492479e-18,0.45066901619875577,0.45000003064616756,0.45066901619875577,1.6625129003478993e-19,0.4506690848130739,0.4499999892458504,0.4506690848130739,1.6625129003496603e-19,0.45,0.45066901619875577,0.4506690161987616,1.0708375882789895e-14,2.770768923716515e-18,0.45,0.45066908481307394,0.45066908481306744,1.0708377513138912e-14,2.770768923722384e-18,0.4500000306465875,0.4499999892454303,49.93955921448604,49.879118428972085,49.829021909150384,49.82750794015839,49.82750794021011,49.825993971166405,49.82599397126983
626.0,0.0,0.45,0.45000000994602696,3.332655822496785e-18,5.0893802158119676e-17,2.7729766184682462e-18,2.770134717492479e-18,0.4506690161986955,0.4500000306467708,0.4506690161986954,1.6625129003478993e-19,0.4506690848129414,0.4499999892471865,0.4506690848129406,1.66251290034966e-19,0.45,0.4506690161986955,0.4506690161987633,1.0708375882789786e-14,2.770768923716515e-18,0.45,0.450669084812941,0.4506690848130724,1.0708377513138724e-14,2.770768923722384e-18,0.4500000306470309,0.4499999892467137,49.939559214486046,49.879118428972085,49.829021909150384,49.82750794015839,49.827507940210104,49.825993971166405,49.82599397126983
627.0,0.0,0.45,0.45000000994597555,3.3326558224967852e-18,5.0893802157839224e-17,2.7729766184682462e-18,2.7701347174924792e-18,0.45066901619898764,0.45000003064377414,0.4506690161989927,1.6625129003478995e-19,0.45066908481319123,0.44999998924458856,0.45066908481319723,1.6625129003496603e-19,0.45,0.4506690161989902,0.4506690161987403,1.0708375882789922e-14,2.7707689237165153e-18,0.45,0.4506690848131943,0.45066908481304097,1.0708377513138588e-14,2.7707689237223844e-18,0.4500000306445512,0.44999998924423396,49.93955921448605,49.879118428972085,49.82902190915039,49.8275079401584,49.82750794021011,49.82599397116641,49.82599397126984
628.0,0.0,0.45,0.45000000994603206,3.332655822496785e-18,5.089380215814321e-17,2.772976618468246e-18,2.7701347174924784e-18,0.45066901619865335,0.4500000306472623,0.45066901619864863,1.6625129003478993e-19,0.45066908481294254,0.4499999892472407,0.4506690848129374,1.6625129003496598e-19,0.45,0.45066901619865096,0.45066901619878086,1.0708375882790076e-14,2.7707689237165146e-18,0.45,0.45066908481294,0.450669084813065,1.0708377513138574e-14,2.770768923722384e-18,0.4500000306468191,0.44999998924734175,49.939559214486046,49.879118428972085,49.82902190915038,49.82750794015839,49.8275079402101,49.8259939711664,49.82599397126983
629.0,0.0,0.45,0.4500000099460673,3.3326558224967575e-18,5.089380215829832e-17,2.772976618468237e-18,2.7701347174924657e-18,0.4506690161985959,0.4500000306477634,0.4506690161985961,1.662512900347892e-19,0.4506690848129043,0.449999989247547,0.45066908481290435,1.6625129003496526e-19,0.45,0.45066901619859606,0.450669016198754,1.0708375882789363e-14,2.7707689237165026e-18,0.45,0.4506690848129043,0.45066908481304196,1.0708377513137987e-14,2.7707689237223717e-18,0.45000003064819066,0.4499999892487131,49.93955921448565,49.87911842897192,49.82902190915015,49.82750794015818,49.82750794020989,49.82599397116619,49.82599397126961
630.0,0.0,0.45,0.45000000994553935,3.3326558224969493e-18,5.089380215618031e-17,2.7729766184683633e-18,2.7701347174925324e-18,0.4506690162001931,0.4500000306317324,0.4506690162001973,1.6625129003479308e-19,0.45066908481442697,0.44999998923225565,0.450669084814431,1.6625129003496916e-19,0.45,0.45066901620019517,0.4506690161987101,1.0708375882791903e-14,2.770768923716567e-18,0.45,0.450669084814429,0.45066908481300066,1.0708377513140389e-14,2.7707689237224356e-18,0.45000003062988325,0.44999998922956597,49.93955921448846,49.87911842897415,49.82902190915133,49.82750794015932,49.827507940211035,49.82599397116732,49.82599397127074
631.0,0.0,0.45,0.45000000994528655,3.332655822497018e-18,5.089380215587068e-17,2.7729766184683332e-18,2.770134717492539e-18,0.4506690162006916,0.450000030626851,0.45066901620068883,1.6625129003479347e-19,0.4506690848149183,0.4499999892274458,0.45066908481491563,1.6625129003496957e-19,0.45,0.4506690162006902,0.45066901619895944,1.0708375882798356e-14,2.7707689237165727e-18,0.45,0.45066908481491696,0.4506690848132379,1.0708377513146576e-14,2.770768923722442e-18,0.45000003062756544,0.4499999892264082,49.939559214489464,49.87911842897363,49.82902190915144,49.827507940159435,49.827507940211156,49.82599397116742,49.825993971270854
632.0,0.0,0.45,0.45000000994638273,3.332655822496667e-18,5.0893802159064916e-17,2.7729766184682046e-18,2.7701347174924526e-18,0.4506690161978411,0.4500000306553926,0.4506690161978359,1.6625129003478841e-19,0.45066908481218254,0.44999998925483975,0.45066908481217755,1.6625129003496447e-19,0.45,0.45066901619783856,0.4506690161992002,1.0708375882797365e-14,2.7707689237164895e-18,0.45,0.45066908481218004,0.45066908481346846,1.070837751314564e-14,2.770768923722359e-18,0.45000003065496874,0.4499999892554914,49.93955921448431,49.87911842897136,49.82902190914992,49.82750794015795,49.82750794020966,49.82599397116596,49.82599397126939
633.0,0.0,0.45,0.45000000994576317,3.3326558224968653e-18,5.089380215733984e-17,2.772976618468277e-18,2.7701347174925008e-18,0.4506690161993176,0.4500000306404704,0.45066901619932287,1.6625129003479125e-19,0.45066908481368706,0.44999998923964424,0.450669084813692,1.662512900349673e-19,0.45,0.45066901619932026,0.450669016198991,1.0708375882796056e-14,2.770768923716536e-18,0.45,0.45066908481368956,0.45066908481327494,1.0708377513144715e-14,2.7707689237224052e-18,0.4500000306397157,0.4499999892402384,49.939559214487225,49.87911842897263,49.82902190915077,49.82750794015878,49.82750794021049,49.825993971166774,49.82599397127021
634.0,0.0,0.45,0.4500000099460093,3.332655822496786e-18,5.089380215801144e-17,2.7729766184682477e-18,2.7701347174924807e-18,0.4506690161987748,0.4500000306459684,0.4506690161987754,1.6625129003479007e-19,0.4506690848130734,0.4499999892458607,0.4506690848130731,1.6625129003496613e-19,0.45,0.4506690161987751,0.450669016199007,1.0708375882795224e-14,2.7707689237165176e-18,0.45,0.4506690848130733,0.4506690848133009,1.070837751314395e-14,2.770768923722386e-18,0.45000003064565397,0.4499999892461766,49.93955921448606,49.87911842897211,49.82902190915041,49.82750794015843,49.82750794021014,49.825993971166454,49.82599397126987
635.0,0.0,0.45,0.45000000994600853,3.3326558224967852e-18,5.0893802158006185e-17,2.7729766184682474e-18,2.7701347174924804e-18,0.45066901619878835,0.45000003064584865,0.4506690161987879,1.6625129003479005e-19,0.45066908481306855,0.44999998924589696,0.450669084813069,1.6625129003496613e-19,0.45,0.45066901619878813,0.4506690161989759,1.0708375882794582e-14,2.7707689237165165e-18,0.45,0.4506690848130688,0.45066908481326484,1.0708377513143154e-14,2.770768923722386e-18,0.45000003064602745,0.4499999892457102,49.93955921448605,49.879118428972106,49.829021909150406,49.827507940158426,49.82750794021014,49.82599397116643,49.82599397126987
636.0,0.0,0.45,0.45000000994601247,3.3326558224967856e-18,5.0893802158028766e-17,2.7729766184682474e-18,2.7701347174924807e-18,0.45066901619880567,0.4500000306456662,0.45066901619880584,1.6625129003479003e-19,0.45066908481301277,0.44999998924646667,0.4506690848130125,1.6625129003496613e-19,0.45,0.4506690161988058,0.4506690161989487,1.0708375882794028e-14,2.770768923716517e-18,0.45,0.45066908481301265,0.45066908481323714,1.0708377513142443e-14,2.7707689237223856e-18,0.4500000306466471,0.4499999892454899,49.93955921448605,49.879118428972106,49.82902190915041,49.82750794015842,49.82750794021014,49.82599397116644,49.82599397126986
637.0,0.0,0.45,0.45000000994601147,3.3326558224967852e-18,5.0893802158023774e-17,2.772976618468247e-18,2.7701347174924804e-18,0.45066901619879945,0.450000030645731,0.45066901619879945,1.6625129003479003e-19,0.4506690848130273,0.4499999892463168,0.4506690848130273,1.662512900349661e-19,0.45,0.45066901619879945,0.45066901619892785,1.0708375882793558e-14,2.7707689237165165e-18,0.45,0.4506690848130273,0.45066908481320633,1.0708377513141813e-14,2.7707689237223856e-18,0.450000030646183,0.44999998924586576,49.93955921448605,49.8791184289721,49.829021909150406,49.82750794015842,49.82750794021013,49.82599397116643,49.82599397126986
638.0,0.0,0.45,0.4500000099460106,3.3326558224967852e-18,5.0893802158018424e-17,2.772976618468247e-18,2.77013471749248e-18,0.45066901619879396,0.45000003064578675,0.4506690161987939,1.6625129003479e-19,0.45066908481304196,0.4499999892461688,0.450669084813042,1.6625129003496608e-19,0.45,0.45066901619879396,0.45066901619891014,1.0708375882793154e-14,2.770768923716516e-18,0.45,0.45066908481304196,0.45066908481317963,1.0708377513141275e-14,2.770768923722385e-18,0.4500000306461357,0.44999998924581847,49.93955921448605,49.8791184289721,49.8290219091504,49.82750794015841,49.827507940210126,49.825993971166426,49.82599397126985
639.0,0.0,0.45,0.4500000099460112,3.3326558224967852e-18,5.089380215802201e-17,2.772976618468247e-18,2.7701347174924796e-18,0.450669016198757,0.4500000306461572,0.4506690161987569,1.6625129003479e-19,0.4506690848130728,0.44999998924586054,0.45066908481307283,1.6625129003496608e-19,0.45,0.45066901619875693,0.45066901619889277,1.0708375882792716e-14,2.7707689237165157e-18,0.45,0.4506690848130728,0.45066908481316037,1.0708377513140909e-14,2.770768923722385e-18,0.4500000306461674,0.44999998924585016,49.93955921448605,49.8791184289721,49.8290219091504,49.82750794015841,49.827507940210126,49.82599397116642,49.82599397126985
640.0,0.0,0.45,0.4500000099460112,3.3326558224967852e-18,5.089380215802214e-17,2.772976618468247e-18,2.7701347174924796e-18,0.4506690161987374,0.45000003064635324,0.4506690161987373,1.6625129003479e-19,0.45066908481309204,0.4499999892456671,0.45066908481309215,1.6625129003496606e-19,0.45,0.4506690161987373,0.450669016198874,1.0708375882792277e-14,2.7707689237165157e-18,0.45,0.4506690848130921,0.4506690848131471,1.0708377513140655e-14,2.770768923722385e-18,0.4500000306457486,0.44999998924627127,49.93955921448605,49.8791184289721,49.8290219091504,49.82750794015841,49.82750794021012,49.82599397116642,49.82599397126985
641.0,0.0,0.45,0.4500000099460112,3.332655822496785e-18,5.089380215802208e-17,2.772976618468247e-18,2.7701347174924792e-18,0.4506690161987458,0.450000030646268,0.4506690161987458,1.6625129003479e-19,0.4506690848130838,0.44999998924575113,0.4506690848130839,1.6625129003496606e-19,0.45,0.4506690161987457,0.4506690161988554,1.0708375882791894e-14,2.7707689237165157e-18,0.45,0.4506690848130838,0.4506690848131382,1.0708377513140447e-14,2.770768923722385e-18,0.45000003064574806,0.4499999892462707,49.939559214486046,49.8791184289721,49.82902190915039,49.82750794015841,49.82750794021012,49.82599397116642,49.82599397126985
642.0,0.0,0.45,0.4500000099460112,3.332655822496785e-18,5.089380215802197e-17,2.7729766184682466e-18,2.7701347174924792e-18,0.45066901619876876,0.45000003064603655,0.45066901619876887,1.6625129003478998e-19,0.45066908481306106,0.4499999892459803,0.450669084813061,1.6625129003496606e-19,0.45,0.4506690161987688,0.4506690161988392,1.0708375882791592e-14,2.7707689237165157e-18,0.45,0.450669084813061,0.450669084813131,1.070837751314024e-14,2.7707689237223848e-18,0.450000030646167,0.4499999892458498,49.939559214486046,49.87911842897209,49.82902190915039,49.827507940158405,49.82750794021012,49.82599397116642,49.825993971269845
643.0,0.0,0.45,0.4500000099460112,3.332655822496785e-18,5.089380215802197e-17,2.7729766184682466e-18,2.7701347174924796e-18,0.450669016198793,0.45000003064579425,0.4506690161987931,1.6625129003478998e-19,0.45066908481303686,0.44999998924622236,0.45066908481303675,1.6625129003496606e-19,0.45,0.45066901619879307,0.4506690161988274,1.0708375882791401e-14,2.7707689237165157e-18,0.45,0.4506690848130368,0.45066908481312273,1.0708377513139999e-14,2.7707689237223848e-18,0.450000030646167,0.4499999892458498,49.939559214486046,49.87911842897209,49.8290219091504,49.827507940158405,49.82750794021012,49.82599397116642,49.825993971269845
644.0,0.0,0.45,0.4500000099460112,3.332655822496785e-18,5.0893802158022036e-17,2.7729766184682466e-18,2.7701347174924796e-18,0.45066901619878863,0.45000003064584015,0.4506690161987885,1.6625129003478998e-19,0.4506690848130411,0.4499999892461782,0.45066908481304113,1.6625129003496606e-19,0.45,0.45066901619878863,0.45066901619882477,1.0708375882791308e-14,2.7707689237165157e-18,0.45,0.4506690848130411,0.45066908481310786,1.0708377513139718e-14,2.7707689237223848e-18,0.4500000306461676,0.4499999892458504,49.939559214486046,49.87911842897209,49.8290219091504,49.827507940158405,49.82750794021012,49.82599397116642,49.825993971269845
645.0,0.0,0.45,0.4500000099460112,3.332655822496785e-18,5.0893802158022024e-17,2.7729766184682466e-18,2.7701347174924792e-18,0.45066901619875216,0.4500000306462046,0.4506690161987521,1.6625129003478998e-19,0.4506690848130776,0.44999998924581286,0.45066908481307766,1.6625129003496603e-19,0.45,0.4506690161987521,0.450669016198819,1.0708375882791116e-14,2.7707689237165153e-18,0.45,0.4506690848130776,0.450669084813099,1.0708377513139592e-14,2.7707689237223848e-18,0.45000003064574756,0.4499999892462702,49.939559214486046,49.87911842897209,49.82902190915039,49.827507940158405,49.82750794021011,49.82599397116641,49.825993971269845
646.0,0.0,0.45,0.4500000099460112,3.3326558224967844e-18,5.0893802158022024e-17,2.7729766184682462e-18,2.7701347174924792e-18,0.4506690161987562,0.45000003064616323,0.4506690161987562,1.6625129003478998e-19,0.4506690848130736,0.4499999892458543,0.45066908481307355,1.6625129003496603e-19,0.45,0.4506690161987562,0.45066901619880984,1.0708375882790922e-14,2.7707689237165153e-18,0.45,0.4506690848130736,0.45066908481309553,1.0708377513139513e-14,2.7707689237223848e-18,0.45000003064574756,0.4499999892462702,49.93955921448604,49.879118428972085,49.82902190915039,49.827507940158405,49.82750794021011,49.82599397116641,49.825993971269845
647.0,0.0,0.45,0.4500000099460112,3.332655822496785e-18,5.0893802158022024e-17,2.7729766184682462e-18,2.7701347174924792e-18,0.45066901619875455,0.45000003064618027,0.45066901619875455,1.6625129003478995e-19,0.45066908481307516,0.4499999892458373,0.4506690848130752,1.6625129003496603e-19,0.45,0.45066901619875455,0.4506690161988023,1.0708375882790758e-14,2.7707689237165153e-18,0.45,0.45066908481307516,0.4506690848130922,1.0708377513139445e-14,2.7707689237223844e-18,0.4500000306461675,0.4499999892458503,49.939559214486046,49.879118428972085,49.82902190915039,49.8275079401584,49.82750794021011,49.82599397116641,49.82599397126984
648.0,0.0,0.45,0.4500000099460112,3.332655822496785e-18,5.089380215802202e-17,2.7729766184682466e-18,2.7701347174924792e-18,0.4506690161987522,0.45000003064620336,0.4506690161987522,1.6625129003478995e-19,0.4506690848130775,0.4499999892458142,0.4506690848130775,1.6625129003496603e-19,0.45,0.4506690161987522,0.45066901619879485,1.070837588279059e-14,2.7707689237165153e-18,0.45,0.4506690848130775,0.45066908481309037,1.0708377513139409e-14,2.7707689237223844e-18,0.45000003064616745,0.4499999892458502,49.939559214486046,49.87911842897209,49.82902190915039,49.8275079401584,49.82750794021011,49.82599397116641,49.82599397126984
649.0,0.0,0.45,0.4500000099460112,3.3326558224967844e-18,5.0893802158022024e-17,2.7729766184682466e-18,2.7701347174924792e-18,0.450669016198756,0.4500000306461653,0.45066901619875605,1.6625129003478995e-19,0.4506690848130738,0.4499999892458523,0.4506690848130737,1.6625129003496603e-19,0.45,0.450669016198756,0.4506690161987883,1.0708375882790456e-14,2.7707689237165153e-18,0.45,0.4506690848130738,0.450669084813089,1.0708377513139371e-14,2.7707689237223844e-18,0.4500000306461675,0.4499999892458503,49.93955921448604,49.87911842897209,49.82902190915039,49.8275079401584,49.82750794021011,49.82599397116641,49.82599397126984
650.0,0.0,0.45,0.4500000099460112,3.3326558224967844e-18,5.0893802158022024e-17,2.7729766184682466e-18,2.7701347174924792e-18,0.4506690161987726,0.4500000306459987,0.4506690161987727,1.6625129003478995e-19,0.4506690848130572,0.4499999892460192,0.45066908481305706,1.6625129003496603e-19,0.45,0.4506690161987726,0.45066901619878336,1.0708375882790387e-14,2.7707689237165153e-18,0.45,0.4506690848130571,0.45066908481308704,1.0708377513139295e-14,2.7707689237223844e-18,0.4500000306461675,0.4499999892458503,49.93955921448604,49.87911842897209,49.82902190915039,49.8275079401584,49.82750794021011,49.82599397116641,49.82599397126984
651.0,0.0,0.45,0.4500000099460112,3.3326558224967844e-18,5.0893802158022024e-17,2.7729766184682466e-18,2.770134717492479e-18,0.45066901619878075,0.4500000306459177,0.4506690161987808,1.6625129003478995e-19,0.45066908481304896,0.44999998924610024,0.45066908481304896,1.6625129003496603e-19,0.45,0.45066901619878075,0.4506690161987819,1.0708375882790373e-14,2.770768923716515e-18,0.45,0.4506690848130489,0.4506690848130827,1.0708377513139183e-14,2.7707689237223844e-18,0.4500000306461675,0.4499999892458503,49.93955921448604,49.87911842897209,49.829021909150384,49.8275079401584,49.82750794021011,49.825993971166405,49.82599397126984
652.0,0.0,0.45,0.4500000099460112,3.332655822496785e-18,5.089380215802202e-17,2.7729766184682466e-18,2.7701347174924792e-18,0.4506690161987443,0.45000003064628463,0.45066901619874417,1.6625129003478995e-19,0.45066908481308554,0.4499999892457328,0.4506690848130856,1.66251290034966e-19,0.45,0.4506690161987442,0.4506690161987815,1.0708375882790284e-14,2.7707689237165153e-18,0.45,0.4506690848130856,0.45066908481307827,1.0708377513139164e-14,2.770768923722384e-18,0.4500000306457475,0.44999998924627016,49.939559214486046,49.87911842897209,49.82902190915039,49.8275079401584,49.827507940210104,49.82599397116641,49.82599397126983
653.0,0.0,0.45,0.4500000099460112,3.332655822496785e-18,5.0893802158022024e-17,2.7729766184682466e-18,2.7701347174924792e-18,0.4506690161987427,0.45000003064629984,0.4506690161987426,1.6625129003478995e-19,0.4506690848130871,0.4499999892457176,0.45066908481308715,1.66251290034966e-19,0.45,0.45066901619874267,0.45066901619877814,1.0708375882790209e-14,2.7707689237165153e-18,0.45,0.45066908481308715,0.4506690848130774,1.0708377513139147e-14,2.770768923722384e-18,0.45000003064574756,0.4499999892462702,49.939559214486046,49.87911842897209,49.82902190915039,49.8275079401584,49.827507940210104,49.82599397116641,49.82599397126983
654.0,0.0,0.45,0.4500000099460112,3.332655822496785e-18,5.089380215802203e-17,2.7729766184682466e-18,2.7701347174924792e-18,0.45066901619875616,0.45000003064616406,0.45066901619875616,1.6625129003478995e-19,0.45066908481307366,0.4499999892458536,0.4506690848130736,1.66251290034966e-19,0.45,0.45066901619875616,0.45066901619877375,1.0708375882790144e-14,2.7707689237165153e-18,0.45,0.45066908481307366,0.450669084813078,1.0708377513139133e-14,2.770768923722384e-18,0.4500000306457476,0.44999998924627027,49.939559214486046,49.87911842897209,49.82902190915039,49.8275079401584,49.827507940210104,49.82599397116641,49.82599397126983
655.0,0.0,0.45,0.4500000099460112,3.3326558224967844e-18,5.089380215802203e-17,2.7729766184682466e-18,2.770134717492479e-18,0.4506690161987647,0.450000030646078,0.4506690161987647,1.6625129003478993e-19,0.45066908481306506,0.4499999892459398,0.45066908481306506,1.66251290034966e-19,0.45,0.4506690161987647,0.45066901619877037,1.0708375882790089e-14,2.770768923716515e-18,0.45,0.45066908481306506,0.4506690848130782,1.070837751313912e-14,2.770768923722384e-18,0.45000003064616756,0.44999998924585033,49.93955921448604,49.87911842897209,49.829021909150384,49.82750794015839,49.827507940210104,49.825993971166405,49.82599397126983
656.0,0.0,0.45,0.4500000099460112,3.3326558224967844e-18,5.0893802158022024e-17,2.7729766184682462e-18,2.7701347174924792e-18,0.4506690161987723,0.4500000306460021,0.4506690161987723,1.6625129003478993e-19,0.4506690848130574,0.4499999892460158,0.4506690848130574,1.66251290034966e-19,0.45,0.45066901619877237,0.4506690161987688,1.0708375882790071e-14,2.770768923716515e-18,0.45,0.4506690848130574,0.4506690848130771,1.070837751313908e-14,2.770768923722384e-18,0.4500000306461675,0.4499999892458503,49.93955921448604,49.879118428972085,49.82902190915039,49.82750794015839,49.827507940210104,49.825993971166405,49.82599397126983
657.0,0.0,0.45,0.4500000099460112,3.3326558224967844e-18,5.0893802158022024e-17,2.7729766184682466e-18,2.770134717492479e-18,0.45066901619881067,0.45000003064561744,0.45066901619881083,1.6625129003478993e-19,0.450669084813019,0.4499999892464008,0.4506690848130189,1.6625129003496603e-19,0.45,0.4506690161988107,0.4506690161987693,1.0708375882790166e-14,2.770768923716515e-18,0.45,0.450669084813019,0.45066908481307427,1.0708377513138934e-14,2.770768923722384e-18,0.4500000306465875,0.4499999892454303,49.93955921448604,49.87911842897209,49.829021909150384,49.82750794015839,49.82750794021011,49.825993971166405,49.82599397126983
658.0,0.0,0.45,0.4500000099460112,3.3326558224967844e-18,5.0893802158022024e-17,2.7729766184682466e-18,2.770134717492479e-18,0.45066901619881455,0.45000003064557914,0.45066901619881466,1.6625129003478993e-19,0.45066908481301504,0.4499999892464391,0.45066908481301504,1.6625129003496603e-19,0.45,0.4506690161988146,0.4506690161987738,1.0708375882790273e-14,2.770768923716515e-18,0.45,0.4506690848130151,0.4506690848130678,1.0708377513138786e-14,2.770768923722384e-18,0.4500000306465875,0.4499999892454303,49.93955921448604,49.87911842897209,49.829021909150384,49.82750794015839,49.82750794021011,49.825993971166405,49.82599397126983
659.0,0.0,0.45,0.4500000099460112,3.3326558224967844e-18,5.0893802158022024e-17,2.7729766184682462e-18,2.770134717492479e-18,0.4506690161987973,0.4500000306457533,0.45066901619879723,1.6625129003478993e-19,0.45066908481303236,0.4499999892462647,0.4506690848130325,1.66251290034966e-19,0.45,0.45066901619879723,0.4506690161987794,1.0708375882790355e-14,2.770768923716515e-18,0.45,0.4506690848130324,0.4506690848130605,1.0708377513138666e-14,2.770768923722384e-18,0.4500000306461675,0.4499999892458503,49.93955921448604,49.879118428972085,49.829021909150384,49.82750794015839,49.827507940210104,49.825993971166405,49.82599397126983
660.0,0.0,0.45,0.4500000099460112,3.3326558224967844e-18,5.089380215802202e-17,2.7729766184682462e-18,2.770134717492479e-18,0.45066901619877203,0.4500000306460062,0.450669016198772,1.6625129003478993e-19,0.4506690848130576,0.4499999892460116,0.45066908481305773,1.66251290034966e-19,0.45,0.45066901619877203,0.4506690161987832,1.0708375882790382e-14,2.770768923716515e-18,0.45,0.45066908481305773,0.4506690848130553,1.0708377513138607e-14,2.770768923722384e-18,0.45000003064616745,0.4499999892458502,49.93955921448604,49.879118428972085,49.829021909150384,49.82750794015839,49.827507940210104,49.825993971166405,49.82599397126983
661.0,0.0,0.45,0.4500000099460112,3.332655822496785e-18,5.0893802158022024e-17,2.7729766184682462e-18,2.770134717492479e-18,0.45066901619877464,0.45000003064597904,0.45066901619877464,1.6625129003478995e-19,0.45066908481305507,0.4499999892460388,0.45066908481305507,1.66251290034966e-19,0.45,0.45066901619877464,0.45066901619878297,1.0708375882790382e-14,2.770768923716515e-18,0.45,0.4506690848130551,0.4506690848130543,1.070837751313858e-14,2.7707689237223844e-18,0.45000003064574756,0.4499999892462702,49.939559214486046,49.879118428972085,49.829021909150384,49.8275079401584,49.827507940210104,49.825993971166405,49.82599397126984
662.0,0.0,0.45,0.4500000099460112,3.332655822496785e-18,5.089380215802203e-17,2.7729766184682462e-18,2.770134717492479e-18,0.4506690161988028,0.4500000306456967,0.4506690161988029,1.6625129003478993e-19,0.4506690848130269,0.4499999892463214,0.4506690848130268,1.6625129003496603e-19,0.45,0.4506690161988028,0.45066901619878275,1.0708375882790439e-14,2.770768923716515e-18,0.45,0.45066908481302687,0.45066908481305334,1.0708377513138502e-14,2.7707689237223844e-18,0.45000003064658756,0.44999998924543033,49.939559214486046,49.879118428972085,49.829021909150384,49.82750794015839,49.82750794021011,49.825993971166405,49.82599397126984
663.0,0.0,0.45,0.4500000099460112,3.332655822496785e-18,5.0893802158022024e-17,2.7729766184682462e-18,2.770134717492479e-18,0.45066901619878375,0.45000003064588784,0.4506690161987838,1.6625129003478993e-19,0.45066908481304596,0.44999998924613005,0.4506690848130459,1.6625129003496603e-19,0.45,0.45066901619878375,0.45066901619878236,1.0708375882790389e-14,2.770768923716515e-18,0.45,0.45066908481304596,0.45066908481305284,1.0708377513138532e-14,2.7707689237223844e-18,0.4500000306465875,0.4499999892454303,49.939559214486046,49.879118428972085,49.829021909150384,49.82750794015839,49.82750794021011,49.825993971166405,49.82599397126984
664.0,0.0,0.45,0.4500000099460112,3.332655822496785e-18,5.0893802158022024e-17,2.7729766184682462e-18,2.770134717492479e-18,0.45066901619875543,0.4500000306461721,0.45066901619875543,1.6625129003478995e-19,0.4506690848130743,0.4499999892458455,0.4506690848130743,1.6625129003496603e-19,0.45,0.4506690161987554,0.4506690161987811,1.0708375882790302e-14,2.770768923716515e-18,0.45,0.4506690848130743,0.45066908481305334,1.0708377513138603e-14,2.7707689237223844e-18,0.4500000306461675,0.4499999892458503,49.939559214486046,49.879118428972085,49.829021909150384,49.8275079401584,49.82750794021011,49.825993971166405,49.82599397126984
665.0,0.0,0.45,0.4500000099460112,3.332655822496785e-18,5.0893802158022024e-17,2.7729766184682462e-18,2.770134717492479e-18,0.45066901619875566,0.4500000306461692,0.45066901619875566,1.6625129003478995e-19,0.4506690848130741,0.4499999892458484,0.4506690848130741,1.66251290034966e-19,0.45,0.45066901619875566,0.4506690161987784,1.0708375882790245e-14,2.770768923716515e-18,0.45,0.45066908481307405,0.4506690848130554,1.0708377513138644e-14,2.7707689237223844e-18,0.45000003064574756,0.4499999892462702,49.939559214486046,49.879118428972085,49.829021909150384,49.8275079401584,49.827507940210104,49.825993971166405,49.82599397126984
666.0,0.0,0.45,0.4500000099460112,3.332655822496785e-18,5.089380215802203e-17,2.7729766184682462e-18,2.770134717492479e-18,0.450669016198799,0.45000003064573413,0.45066901619879907,1.6625129003478993e-19,0.4506690848130307,0.44999998924628404,0.4506690848130306,1.66251290034966e-19,0.45,0.45066901619879907,0.4506690161987765,1.0708375882790296e-14,2.770768923716515e-18,0.45,0.4506690848130306,0.45066908481305673,1.0708377513138579e-14,2.7707689237223844e-18,0.45000003064616756,0.44999998924585033,49.939559214486046,49.879118428972085,49.829021909150384,49.82750794015839,49.827507940210104,49.825993971166405,49.82599397126984
667.0,0.0,0.45,0.4500000099460112,3.332655822496785e-18,5.0893802158022024e-17,2.7729766184682462e-18,2.770134717492479e-18,0.45066901619879257,0.4500000306458008,0.4506690161987925,1.6625129003478993e-19,0.4506690848130371,0.44999998924621726,0.4506690848130372,1.6625129003496603e-19,0.45,0.45066901619879257,0.45066901619878025,1.0708375882790363e-14,2.770768923716515e-18,0.45,0.45066908481303714,0.45066908481305235,1.07083775131385e-14,2.7707689237223844e-18,0.4500000306465875,0.4499999892454303,49.939559214486046,49.879118428972085,49.829021909150384,49.82750794015839,49.82750794021011,49.825993971166405,49.82599397126984
668.0,0.0,0.45,0.4500000099460112,3.332655822496785e-18,5.0893802158022024e-17,2.7729766184682462e-18,2.770134717492479e-18,0.4506690161987743,0.450000030645984,0.4506690161987742,1.6625129003478993e-19,0.4506690848130554,0.4499999892460339,0.4506690848130555,1.6625129003496603e-19,0.45,0.45066901619877425,0.45066901619878136,1.0708375882790346e-14,2.770768923716515e-18,0.45,0.45066908481305545,0.4506690848130508,1.0708377513138508e-14,2.770768923722384e-18,0.4500000306465875,0.4499999892454303,49.939559214486046,49.879118428972085,49.829021909150384,49.82750794015839,49.82750794021011,49.825993971166405,49.82599397126983
669.0,0.0,0.45,0.4500000099460112,3.332655822496785e-18,5.089380215802203e-17,2.7729766184682462e-18,2.770134717492479e-18,0.4506690161987555,0.45000003064617095,0.4506690161987555,1.6625129003478995e-19,0.45066908481307427,0.4499999892458468,0.45066908481307427,1.6625129003496603e-19,0.45,0.4506690161987555,0.45066901619878014,1.070837588279028e-14,2.770768923716515e-18,0.45,0.45066908481307427,0.4506690848130516,1.0708377513138568e-14,2.770768923722384e-18,0.45000003064616756,0.44999998924585033,49.939559214486046,49.879118428972085,49.829021909150384,49.8275079401584,49.82750794021011,49.825993971166405,49.82599397126983
670.0,0.0,0.45,0.4500000099460112,3.332655822496785e-18,5.089380215802203e-17,2.7729766184682462e-18,2.770134717492479e-18,0.4506690161987476,0.4500000306462488,0.45066901619874766,1.6625129003478995e-19,0.45066908481308215,0.4499999892457688,0.4506690848130821,1.6625129003496603e-19,0.45,0.4506690161987476,0.4506690161987771,1.0708375882790195e-14,2.770768923716515e-18,0.45,0.4506690848130821,0.4506690848130544,1.0708377513138647e-14,2.770768923722384e-18,0.45000003064616756,0.44999998924585033,49.939559214486046,49.879118428972085,49.829021909150384,49.8275079401584,49.82750794021011,49.825993971166405,49.82599397126983
671.0,0.0,0.45,0.4500000099460112,3.332655822496785e-18,5.089380215802203e-17,2.7729766184682462e-18,2.770134717492479e-18,0.450669016198776,0.450000030645965,0.4506690161987761,1.6625129003478995e-19,0.45066908481305373,0.44999998924605283,0.4506690848130537,1.6625129003496603e-19,0.45,0.45066901619877603,0.45066901619877464,1.0708375882790202e-14,2.770768923716515e-18,0.45,0.45066908481305373,0.45066908481305673,1.0708377513138634e-14,2.770768923722384e-18,0.45000003064616756,0.44999998924585033,49.939559214486046,49.879118428972085,49.829021909150384,49.8275079401584,49.82750794021011,49.825993971166405,49.82599397126983
672.0,0.0,0.45,0.4500000099460112,3.332655822496785e-18,5.0893802158022024e-17,2.7729766184682462e-18,2.770134717492479e-18,0.4506690161987976,0.4500000306457498,0.45066901619879757,1.6625129003478993e-19,0.45066908481303214,0.44999998924626833,0.45066908481303214,1.66251290034966e-19,0.45,0.4506690161987976,0.4506690161987762,1.0708375882790286e-14,2.770768923716515e-18,0.45,0.4506690848130321,0.45066908481305507,1.0708377513138546e-14,2.7707689237223844e-18,0.4500000306461675,0.4499999892458503,49.939559214486046,49.879118428972085,49.829021909150384,49.82750794015839,49.827507940210104,49.825993971166405,49.82599397126984
673.0,0.0,0.45,0.4500000099460112,3.332655822496785e-18,5.0893802158022024e-17,2.7729766184682462e-18,2.770134717492479e-18,0.45066901619876026,0.45000003064612415,0.45066901619876015,1.6625129003478993e-19,0.4506690848130695,0.4499999892458935,0.4506690848130696,1.66251290034966e-19,0.45,0.4506690161987602,0.4506690161987752,1.0708375882790185e-14,2.770768923716515e-18,0.45,0.4506690848130695,0.4506690848130558,1.0708377513138642e-14,2.7707689237223844e-18,0.4500000306461675,0.4499999892458503,49.939559214486046,49.879118428972085,49.829021909150384,49.82750794015839,49.827507940210104,49.825993971166405,49.82599397126984
674.0,0.0,0.45,0.4500000099460112,3.332655822496785e-18,5.0893802158022024e-17,2.7729766184682462e-18,2.770134717492479e-18,0.45066901619871313,0.4500000306465952,0.450669016198713,1.6625129003478995e-19,0.4506690848131166,0.44999998924542195,0.45066908481311674,1.66251290034966e-19,0.45,0.4506690161987131,0.4506690161987715,1.0708375882790002e-14,2.770768923716515e-18,0.45,0.4506690848131167,0.45066908481305923,1.0708377513138822e-14,2.7707689237223844e-18,0.45000003064574756,0.4499999892462702,49.939559214486046,49.879118428972085,49.829021909150384,49.8275079401584,49.827507940210104,49.825993971166405,49.82599397126984
675.0,0.0,0.45,0.4500000099460112,3.332655822496785e-18,5.0893802158022024e-17,2.7729766184682462e-18,2.770134717492479e-18,0.45066901619870553,0.45000003064667005,0.45066901619870553,1.6625129003478995e-19,0.45066908481312423,0.44999998924534695,0.45066908481312423,1.66251290034966e-19,0.45,0.4506690161987055,0.45066901619876465,1.0708375882789835e-14,2.770768923716515e-18,0.45,0.4506690848131243,0.45066908481306595,1.0708377513138986e-14,2.770768923722384e-18,0.45000003064574756,0.4499999892462702,49.939559214486046,49.879118428972085,49.829021909150384,49.8275079401584,49.827507940210104,49.825993971166405,49.82599397126983
676.0,0.0,0.45,0.4500000099460112,3.332655822496785e-18,5.089380215802202e-17,2.7729766184682462e-18,2.770134717492479e-18,0.45066901619875516,0.4500000306461724,0.45066901619875527,1.6625129003478995e-19,0.4506690848130746,0.4499999892458452,0.4506690848130745,1.66251290034966e-19,0.45,0.4506690161987552,0.4506690161987569,1.0708375882789773e-14,2.770768923716515e-18,0.45,0.45066908481307455,0.45066908481307366,1.0708377513139043e-14,2.770768923722384e-18,0.4500000306457475,0.44999998924627016,49.939559214486046,49.879118428972085,49.829021909150384,49.8275079401584,49.827507940210104,49.825993971166405,49.82599397126983
677.0,0.0,0.45,0.4500000099460112,3.332655822496785e-18,5.0893802158022024e-17,2.7729766184682462e-18,2.770134717492479e-18,0.4506690161987572,0.45000003064615407,0.4506690161987572,1.6625129003478995e-19,0.4506690848130725,0.4499999892458637,0.4506690848130725,1.6625129003496603e-19,0.45,0.45066901619875727,0.45066901619875627,1.070837588278977e-14,2.770768923716515e-18,0.45,0.45066908481307255,0.45066908481307405,1.0708377513139046e-14,2.7707689237223844e-18,0.4500000306461675,0.4499999892458503,49.939559214486046,49.879118428972085,49.829021909150384,49.8275079401584,49.82750794021011,49.825993971166405,49.82599397126984
678.0,0.0,0.45,0.4500000099460112,3.332655822496785e-18,5.089380215802203e-17,2.7729766184682462e-18,2.770134717492479e-18,0.45066901619875954,0.45000003064613087,0.4506690161987595,1.6625129003478995e-19,0.45066908481307016,0.4499999892458869,0.4506690848130702,1.6625129003496603e-19,0.45,0.45066901619875954,0.450669016198757,1.070837588278979e-14,2.770768923716515e-18,0.45,0.45066908481307016,0.4506690848130732,1.0708377513139024e-14,2.7707689237223844e-18,0.45000003064616756,0.44999998924585033,49.939559214486046,49.879118428972085,49.829021909150384,49.8275079401584,49.82750794021011,49.825993971166405,49.82599397126984
679.0,0.0,0.45,0.4500000099460112,3.3326558224967844e-18,5.089380215802203e-17,2.7729766184682462e-18,2.770134717492479e-18,0.4506690161987556,0.4500000306461695,0.4506690161987556,1.6625129003478993e-19,0.45066908481307416,0.4499999892458482,0.45066908481307416,1.6625129003496603e-19,0.45,0.45066901619875566,0.45066901619875793,1.07083758827898e-14,2.770768923716515e-18,0.45,0.4506690848130741,0.4506690848130722,1.0708377513139013e-14,2.770768923722384e-18,0.45000003064658756,0.44999998924543033,49.93955921448604,49.879118428972085,49.829021909150384,49.82750794015839,49.82750794021011,49.825993971166405,49.82599397126983
680.0,0.0,0.45,0.4500000099460112,3.332655822496785e-18,5.089380215802203e-17,2.7729766184682462e-18,2.770134717492479e-18,0.4506690161987389,0.4500000306463365,0.4506690161987389,1.6625129003478993e-19,0.45066908481309087,0.449999989245681,0.45066908481309087,1.66251290034966e-19,0.45,0.4506690161987389,0.45066901619875804,1.0708375882789762e-14,2.770768923716515e-18,0.45,0.45066908481309087,0.4506690848130721,1.0708377513139047e-14,2.770768923722384e-18,0.45000003064616756,0.44999998924585033,49.939559214486046,49.879118428972085,49.829021909150384,49.82750794015839,49.827507940210104,49.825993971166405,49.82599397126983
681.0,0.0,0.45,0.4500000099460112,3.332655822496785e-18,5.0893802158022024e-17,2.7729766184682462e-18,2.770134717492479e-18,0.4506690161987478,0.4500000306462476,0.4506690161987478,1.6625129003478993e-19,0.450669084813082,0.44999998924577,0.450669084813082,1.66251290034966e-19,0.45,0.4506690161987478,0.45066901619875527,1.0708375882789723e-14,2.770768923716515e-18,0.45,0.450669084813082,0.4506690848130748,1.0708377513139087e-14,2.770768923722384e-18,0.4500000306461675,0.4499999892458503,49.939559214486046,49.879118428972085,49.829021909150384,49.82750794015839,49.827507940210104,49.825993971166405,49.82599397126983
682.0,0.0,0.45,0.4500000099460112,3.332655822496785e-18,5.0893802158022024e-17,2.7729766184682462e-18,2.770134717492479e-18,0.450669016198821,0.4500000306455132,0.45066901619882116,1.6625129003478993e-19,0.4506690848130087,0.44999998924650525,0.45066908481300855,1.6625129003496603e-19,0.45,0.45066901619882105,0.4506690161987545,1.070837588278987e-14,2.770768923716515e-18,0.45,0.4506690848130086,0.4506690848130756,1.0708377513138939e-14,2.7707689237223844e-18,0.4500000306465875,0.4499999892454303,49.939559214486046,49.879118428972085,49.829021909150384,49.82750794015839,49.82750794021011,49.825993971166405,49.82599397126984
683.0,0.0,0.45,0.4500000099460112,3.332655822496785e-18,5.0893802158022024e-17,2.7729766184682462e-18,2.770134717492479e-18,0.4506690161988242,0.4500000306454828,0.45066901619882427,1.6625129003478993e-19,0.45066908481300555,0.44999998924653567,0.4506690848130055,1.6625129003496603e-19,0.45,0.4506690161988242,0.45066901619876004,1.0708375882789997e-14,2.770768923716515e-18,0.45,0.4506690848130055,0.45066908481307005,1.0708377513138811e-14,2.7707689237223844e-18,0.4500000306465875,0.4499999892454303,49.939559214486046,49.879118428972085,49.829021909150384,49.82750794015839,49.82750794021011,49.825993971166405,49.82599397126984
684.0,0.0,0.45,0.4500000099460112,3.332655822496785e-18,5.0893802158022024e-17,2.7729766184682462e-18,2.770134717492479e-18,0.45066901619879723,0.45000003064575456,0.4506690161987972,1.6625129003478993e-19,0.45066908481303253,0.4499999892462635,0.4506690848130326,1.66251290034966e-19,0.45,0.4506690161987972,0.45066901619876787,1.0708375882790105e-14,2.770768923716515e-18,0.45,0.4506690848130326,0.45066908481306217,1.07083775131387e-14,2.7707689237223844e-18,0.4500000306461675,0.4499999892458503,49.939559214486046,49.879118428972085,49.829021909150384,49.82750794015839,49.827507940210104,49.825993971166405,49.82599397126984
685.0,0.0,0.45,0.4500000099460112,3.332655822496785e-18,5.0893802158022024e-17,2.7729766184682462e-18,2.770134717492479e-18,0.45066901619878,0.4500000306459268,0.4506690161987799,1.6625129003478993e-19,0.45066908481304974,0.449999989246091,0.45066908481304985,1.66251290034966e-19,0.45,0.45066901619877997,0.450669016198774,1.0708375882790198e-14,2.770768923716515e-18,0.45,0.4506690848130498,0.450669084813056,1.0708377513138607e-14,2.770768923722384e-18,0.4500000306461675,0.4499999892458503,49.939559214486046,49.879118428972085,49.829021909150384,49.82750794015839,49.827507940210104,49.825993971166405,49.82599397126983
686.0,0.0,0.45,0.4500000099460112,3.332655822496785e-18,5.0893802158022024e-17,2.7729766184682462e-18,2.770134717492479e-18,0.4506690161987977,0.4500000306457482,0.45066901619879773,1.6625129003478993e-19,0.4506690848130321,0.44999998924626994,0.45066908481303203,1.66251290034966e-19,0.45,0.4506690161987977,0.4506690161987758,1.0708375882790278e-14,2.770768923716515e-18,0.45,0.45066908481303203,0.4506690848130541,1.0708377513138527e-14,2.7707689237223844e-18,0.4500000306461675,0.4499999892458503,49.939559214486046,49.879118428972085,49.829021909150384,49.82750794015839,49.827507940210104,49.825993971166405,49.82599397126984
687.0,0.0,0.45,0.4500000099460112,3.332655822496785e-18,5.0893802158022024e-17,2.7729766184682462e-18,2.770134717492479e-18,0.45066901619879784,0.4500000306457478,0.4506690161987978,1.6625129003478993e-19,0.45066908481303186,0.4499999892462704,0.4506690848130319,1.6625129003496603e-19,0.45,0.4506690161987978,0.45066901619877897,1.0708375882790346e-14,2.770768923716515e-18,0.45,0.45066908481303186,0.4506690848130509,1.0708377513138459e-14,2.7707689237223844e-18,0.4500000306465875,0.4499999892454303,49.939559214486046,49.879118428972085,49.829021909150384,49.82750794015839,49.82750794021011,49.825993971166405,49.82599397126984
688.0,0.0,0.45,0.4500000099460112,3.332655822496785e-18,5.089380215802203e-17,2.7729766184682462e-18,2.770134717492479e-18,0.45066901619879784,0.4500000306457478,0.45066901619879773,1.6625129003478993e-19,0.4506690848130318,0.4499999892462704,0.4506690848130319,1.6625129003496603e-19,0.45,0.4506690161987978,0.45066901619878164,1.0708375882790404e-14,2.770768923716515e-18,0.45,0.45066908481303186,0.4506690848130482,1.0708377513138399e-14,2.7707689237223844e-18,0.45000003064658756,0.44999998924543033,49.939559214486046,49.879118428972085,49.829021909150384,49.82750794015839,49.82750794021011,49.825993971166405,49.82599397126984
689.0,0.0,0.45,0.4500000099460112,3.332655822496785e-18,5.089380215802203e-17,2.7729766184682462e-18,2.770134717492479e-18,0.4506690161987978,0.4500000306457479,0.45066901619879773,1.6625129003478993e-19,0.4506690848130319,0.4499999892462702,0.4506690848130319,1.6625129003496603e-19,0.45,0.45066901619879773,0.45066901619878397,1.0708375882790455e-14,2.770768923716515e-18,0.45,0.4506690848130319,0.45066908481304585,1.070837751313835e-14,2.7707689237223844e-18,0.45000003064658756,0.44999998924543033,49.939559214486046,49.879118428972085,49.829021909150384,49.82750794015839,49.82750794021011,49.825993971166405,49.82599397126984
690.0,0.0,0.45,0.4500000099460112,3.3326558224967844e-18,5.089380215802203e-17,2.7729766184682462e-18,2.770134717492479e-18,0.45066901619879773,0.45000003064574795,0.45066901619879773,1.6625129003478993e-19,0.450669084813032,0.4499999892462701,0.4506690848130319,1.66251290034966e-19,0.45,0.45066901619879773,0.45066901619878597,1.0708375882790497e-14,2.770768923716515e-18,0.45,0.450669084813032,0.45066908481304385,1.0708377513138306e-14,2.7707689237223844e-18,0.45000003064616756,0.44999998924585033,49.93955921448604,49.879118428972085,49.829021909150384,49.82750794015839,49.827507940210104,49.825993971166405,49.82599397126984
691.0,0.0,0.45,0.4500000099460129,3.332655822496785e-18,5.089380215801285e-17,2.7729766184682462e-18,2.770134717492479e-18,0.45066901619880756,0.45000003064565863,0.45066901619880717,1.6625129003478995e-19,0.4506690848130377,0.4499999892461985,0.45066908481303847,1.6625129003496603e-19,0.45,0.4506690161988074,0.45066901619878574,1.0708375882790513e-14,2.7707689237165153e-18,0.45,0.45066908481303797,0.45066908481304263,1.0708377513138292e-14,2.770768923722384e-18,0.4500000306460864,0.44999998924576917,49.939559214486046,49.879118428972085,49.829021909150384,49.8275079401584,49.82750794021011,49.82599397116641,49.82599397126983
692.0,0.0,0.45,0.45000000994601114,3.3326558224967844e-18,5.089380215802252e-17,2.7729766184682466e-18,2.770134717492479e-18,0.4506690161987513,0.4500000306462069,0.45066901619875166,1.6625129003478993e-19,0.45066908481307744,0.4499999892458208,0.45066908481307705,1.66251290034966e-19,0.45,0.4506690161987515,0.4506690161987873,1.0708375882790423e-14,2.770768923716515e-18,0.45,0.4506690848130772,0.4506690848130434,1.0708377513138394e-14,2.770768923722384e-18,0.4500000306461719,0.44999998924585466,49.93955921448604,49.87911842897209,49.829021909150384,49.82750794015839,49.827507940210104,49.825993971166405,49.82599397126983
693.0,0.0,0.45,0.4500000099460112,3.3326558224967844e-18,5.0893802158021796e-17,2.7729766184682462e-18,2.770134717492479e-18,0.45066901619878363,0.4500000306458892,0.45066901619878363,1.6625129003478995e-19,0.45066908481304646,0.4499999892461246,0.45066908481304646,1.66251290034966e-19,0.45,0.45066901619878363,0.45066901619878047,1.0708375882790341e-14,2.770768923716515e-18,0.45,0.45066908481304646,0.45066908481305024,1.0708377513138472e-14,2.7707689237223844e-18,0.45000003064574556,0.4499999892462682,49.93955921448604,49.879118428972085,49.829021909150384,49.8275079401584,49.827507940210104,49.825993971166405,49.82599397126984
694.0,0.0,0.45,0.45000000994611544,3.332655822496782e-18,5.0893802158671096e-17,2.7729766184682323e-18,2.7701347174924626e-18,0.45066901619818095,0.4500000306519229,0.45066901619818056,1.6625129003478897e-19,0.4506690848125024,0.44999998925156987,0.4506690848125021,1.6625129003496502e-19,0.45,0.4506690161981808,0.4506690161986998,1.0708375882787307e-14,2.7707689237164995e-18,0.45,0.45066908481250223,0.45066908481297285,1.0708377513135627e-14,2.7707689237223682e-18,0.45000003065148664,0.4499999892520093,49.93955921448601,49.87911842897184,49.82902190915009,49.827507940158114,49.82750794020982,49.825993971166135,49.825993971269554
695.0,0.0,0.45,0.45000000994606787,3.3326558224968103e-18,5.08938021582896e-17,2.772976618468264e-18,2.770134717492484e-18,0.4506690161985223,0.45000003064850097,0.45066901619852245,1.662512900347902e-19,0.45066908481283346,0.44999998924825063,0.45066908481283374,1.6625129003496627e-19,0.45,0.4506690161985224,0.45066901619868516,1.0708375882787729e-14,2.7707689237165203e-18,0.45,0.4506690848128336,0.4506690848129599,1.0708377513136064e-14,2.7707689237223886e-18,0.4500000306485334,0.44999998924821616,49.939559214486415,49.879118428972404,49.82902190915047,49.827507940158476,49.82750794021019,49.8259939711665,49.82599397126992
696.0,0.0,0.45,0.4500000099459841,3.3326558224968465e-18,5.0893802157628e-17,2.77297661846831e-18,2.7701347174925223e-18,0.4506690161991357,0.45000003064235927,0.45066901619913624,1.6625129003479248e-19,0.45066908481338874,0.4499999892426951,0.4506690848133892,1.6625129003496856e-19,0.45,0.45066901619913596,0.4506690161987249,1.0708375882789907e-14,2.770768923716557e-18,0.45,0.45066908481338896,0.4506690848130008,1.0708377513138148e-14,2.770768923722426e-18,0.45000003064268357,0.44999998924236634,49.93955921448695,49.879118428973214,49.82902190915115,49.827507940159144,49.82750794021086,49.825993971167144,49.82599397127058
697.0,0.0,0.45,0.4500000099460175,3.3326558224968634e-18,5.089380215767986e-17,2.7729766184683325e-18,2.7701347174925505e-18,0.45066901619910765,0.4500000306426566,0.45066901619910693,1.6625129003479414e-19,0.45066908481333007,0.44999998924330176,0.4506690848133292,1.6625129003497025e-19,0.45,0.45066901619910726,0.4506690161987879,1.07083758827912e-14,2.770768923716584e-18,0.45,0.4506690848133296,0.4506690848130629,1.0708377513139363e-14,2.7707689237224534e-18,0.4500000306435621,0.44999998924240486,49.939559214487204,49.87911842897361,49.82902190915164,49.827507940159634,49.827507940211355,49.82599397116762,49.82599397127105
698.0,0.0,0.45,0.45000000994632144,3.332655822496833e-18,5.0893802159438744e-17,2.7729766184682928e-18,2.7701347174925405e-18,0.4506690161975246,0.45000003065855165,0.4506690161975195,1.6625129003479357e-19,0.45066908481181933,0.44999998925846924,0.45066908481181445,1.6625129003496964e-19,0.45,0.450669016197522,0.45066901619884275,1.0708375882788965e-14,2.7707689237165746e-18,0.45,0.45066908481181694,0.4506690848131137,1.0708377513137198e-14,2.7707689237224437e-18,0.45000003065869404,0.4499999892583768,49.93955921448675,49.879118428972916,49.82902190915147,49.827507940159464,49.82750794021118,49.825993971167456,49.82599397127088
699.0,0.0,0.45,0.4500000099461049,3.332655822496774e-18,5.0893802158483834e-17,2.7729766184682512e-18,2.770134717492483e-18,0.45066901619829663,0.45000003065074057,0.4506690161982979,1.662512900347902e-19,0.4506690848126131,0.44999998925044055,0.4506690848126143,1.6625129003496625e-19,0.45,0.45066901619829725,0.4506690161987229,1.0708375882788054e-14,2.770768923716519e-18,0.45,0.4506690848126137,0.4506690848130031,1.070837751313652e-14,2.7707689237223883e-18,0.45000003064983085,0.4499999892503535,49.93955921448589,49.87911842897218,49.829021909150455,49.827507940158476,49.82750794021018,49.825993971166476,49.82599397126991
700.0,0.0,0.45,0.450000009946161,3.3326558224967513e-18,5.089380215917316e-17,2.7729766184682285e-18,2.770134717492449e-18,0.4506690161976005,0.45000003065770533,0.4506690161976017,1.662512900347882e-19,0.450669084811881,0.44999998925776513,0.45066908481188195,1.6625129003496425e-19,0.45,0.4506690161976011,0.45066901619861005,1.0708375882784111e-14,2.7707689237164864e-18,0.45,0.4506690848118815,0.45066908481289375,1.0708377513132573e-14,2.7707689237223555e-18,0.45000003065592586,0.4499999892564485,49.939559214485556,49.87911842897177,49.829021909149866,49.827507940157886,49.82750794020959,49.8259939711659,49.82599397126933
701.0,0.0,0.45,0.45000000994646133,3.332655822496752e-18,5.089380216138052e-17,2.772976618468215e-18,2.7701347174924322e-18,0.4506690161955714,0.45000003067806144,0.45066901619556815,1.6625129003478719e-19,0.4506690848098133,0.4499999892785067,0.45066908480980994,1.6625129003496326e-19,0.45,0.45066901619556976,0.45066901619843225,1.0708375882775878e-14,2.77076892371647e-18,0.45,0.4506690848098116,0.4506690848127133,1.07083775131242e-14,2.770768923722339e-18,0.45000003067586314,0.4499999892755459,49.93955921448556,49.879118428971545,49.82902190914956,49.82750794015759,49.8275079402093,49.82599397116561,49.82599397126904
702.0,0.0,0.45,0.45000000994681494,3.3326558224967633e-18,5.089380216406893e-17,2.7729766184682077e-18,2.7701347174924203e-18,0.4506690161931513,0.45000003070231054,0.4506690161931447,1.662512900347865e-19,0.45066908480738793,0.449999989302807,0.45066908480738144,1.662512900349626e-19,0.45,0.450669016193148,0.45066901619808375,1.0708375882763111e-14,2.7707689237164587e-18,0.45,0.4506690848073847,0.45066908481235896,1.0708377513111297e-14,2.7707689237223278e-18,0.4500000306996339,0.44999998929931667,49.939559214485726,49.87911842897141,49.829021909149354,49.82750794015739,49.8275079402091,49.82599397116541,49.82599397126884
703.0,0.0,0.45,0.450000009947031,3.3326558224967706e-18,5.089380216620145e-17,2.7729766184682034e-18,2.7701347174924026e-18,0.45066901619128225,0.450000030720954,0.4506690161912788,1.6625129003478543e-19,0.4506690848055829,0.4499999893208077,0.4506690848055797,1.662512900349615e-19,0.45,0.4506690161912805,0.45066901619745875,1.0708375882745562e-14,2.770768923716441e-18,0.45,0.4506690848055813,0.45066908481172796,1.0708377513093754e-14,2.77076892372231e-18,0.45000003071848954,0.4499999893181723,49.93955921448584,49.87911842897134,49.829021909149034,49.82750794015707,49.82750794020878,49.8259939711651,49.82599397126853
704.0,0.0,0.45,0.45000000994598055,3.3326558224967625e-18,5.089380215822632e-17,2.772976618468218e-18,2.770134717492454e-18,0.45066901619837846,0.45000003064975674,0.4506690161983907,1.6625129003478849e-19,0.4506690848126953,0.44999998924945306,0.45066908481270757,1.6625129003496454e-19,0.45,0.4506690161983846,0.45066901619677663,1.0708375882746198e-14,2.7707689237164907e-18,0.45,0.4506690848127014,0.4506690848110536,1.0708377513094598e-14,2.7707689237223598e-18,0.45000003064755395,0.4499999892480766,49.93955921448572,49.879118428971594,49.82902190914995,49.827507940157965,49.82750794020968,49.82599397116598,49.825993971269405
705.0,0.0,0.45,0.45000000994561445,3.3326558224967556e-18,5.0893802155375894e-17,2.772976618468222e-18,2.7701347174924723e-18,0.45066901620100747,0.45000003062348726,0.45066901620101835,1.6625129003478957e-19,0.4506690848152943,0.44999998922348583,0.45066908481530504,1.6625129003496562e-19,0.45,0.45066901620101296,0.45066901619670363,1.0708375882750314e-14,2.770768923716508e-18,0.45,0.45066908481529966,0.4506690848109853,1.070837751309875e-14,2.7707689237223775e-18,0.4500000306223506,0.44999998922287326,49.93955921448562,49.879118428971665,49.82902190915026,49.82750794015829,49.82750794021,49.825993971166284,49.82599397126972
706.0,0.0,0.45,0.45000000994569733,3.332655822496762e-18,5.089380215604004e-17,2.7729766184682273e-18,2.7701347174924673e-18,0.4506690162006246,0.45000003062745003,0.45066901620062655,1.6625129003478923e-19,0.4506690848148715,0.4499999892278465,0.45066908481487333,1.662512900349653e-19,0.45,0.4506690162006256,0.4506690161970445,1.070837588275684e-14,2.770768923716503e-18,0.45,0.45066908481487244,0.45066908481132606,1.0708377513105182e-14,2.7707689237223725e-18,0.45000003062864297,0.4499999892283257,49.93955921448571,49.87911842897175,49.82902190915018,49.827507940158185,49.827507940209905,49.8259939711662,49.825993971269625
707.0,0.0,0.45,0.4500000099457176,3.3326558224967937e-18,5.0893802156349133e-17,2.7729766184682527e-18,2.7701347174924665e-18,0.45066901620067634,0.4500000306269903,0.45066901620067445,1.6625129003478918e-19,0.4506690848148962,0.44999998922765483,0.45066908481489437,1.6625129003496526e-19,0.45,0.4506690162006754,0.4506690161975723,1.0708375882768338e-14,2.7707689237165026e-18,0.45,0.45066908481489526,0.45066908481184953,1.0708377513116525e-14,2.7707689237223717e-18,0.45000003063137595,0.44999998923105866,49.93955921448618,49.879118428972205,49.829021909150164,49.82750794015817,49.82750794020989,49.82599397116619,49.82599397126961
708.0,0.0,0.45,0.45000000994516365,3.332655822496862e-18,5.089380215243351e-17,2.772976618468316e-18,2.7701347174924973e-18,0.45066901620460914,0.45000003058745336,0.4506690162046212,1.6625129003479104e-19,0.45066908481883766,0.4499999891880307,0.4506690848188498,1.6625129003496712e-19,0.45,0.45066901620461514,0.45066901619805994,1.0708375882787369e-14,2.770768923716533e-18,0.45,0.4506690848188437,0.4506690848123296,1.0708377513135406e-14,2.770768923722402e-18,0.45000003059675425,0.44999998919643697,49.93955921448718,49.879118428973314,49.82902190915071,49.82750794015872,49.82750794021043,49.825993971166724,49.82599397127015
709.0,0.0,0.45,0.4500000099476467,3.3326558224968364e-18,5.089380216536242e-17,2.7729766184682554e-18,2.7701347174924896e-18,0.45066901619227556,0.45000003071125894,0.4506690161922563,1.6625129003479056e-19,0.4506690848065971,0.4499999893109058,0.450669084806578,1.662512900349666e-19,0.45,0.45066901619226596,0.4506690161980826,1.0708375882761217e-14,2.770768923716525e-18,0.45,0.45066908480658757,0.45066908481235235,1.070837751310947e-14,2.7707689237223937e-18,0.45000003071065087,0.4499999893111735,49.939559214486806,49.879118428972255,49.82902190915057,49.827507940158576,49.82750794021028,49.825993971166575,49.82599397127
710.0,0.0,0.45,0.4500000099482542,3.3326558224968495e-18,5.089380216766074e-17,2.772976618468269e-18,2.7701347174925073e-18,0.45066901619045835,0.45000003072946476,0.45066901619043687,1.662512900347916e-19,0.4506690848047699,0.44999998932921337,0.4506690848047484,1.6625129003496767e-19,0.45,0.45066901619044764,0.4506690161982097,1.0708375882760033e-14,2.770768923716542e-18,0.45,0.45066908480475915,0.45066908481248147,1.070837751310831e-14,2.7707689237224106e-18,0.45000003073139244,0.4499999893310752,49.939559214487,49.87911842897249,49.82902190915089,49.82750794015888,49.8275079402106,49.82599397116688,49.8259939712703
711.0,0.0,0.45,0.45000000994868056,3.3326558224969316e-18,5.089380216751175e-17,2.7729766184683417e-18,2.770134717492552e-18,0.4506690161915057,0.4500000307188533,0.4506690161914934,1.6625129003479422e-19,0.4506690848057586,0.44999998931918855,0.45066908480574625,1.662512900349703e-19,0.45,0.4506690161914995,0.45066901619811445,1.0708375882760234e-14,2.7707689237165847e-18,0.45,0.45066908480575246,0.45066908481238704,1.0708377513108399e-14,2.7707689237224537e-18,0.4500000307300751,0.4499999893297579,49.939559214488206,49.879118428973776,49.82902190915167,49.827507940159656,49.82750794021137,49.825993971167634,49.82599397127106
712.0,0.0,0.45,0.45000000995153,3.332655822497088e-18,5.08938021782933e-17,2.7729766184684245e-18,2.7701347174926094e-18,0.4506690161827852,0.450000030806229,0.4506690161827615,1.6625129003479759e-19,0.4506690847970071,0.4499999894068745,0.45066908479698337,1.6625129003497366e-19,0.45,0.4506690161827734,0.45066901619737926,1.0708375882725516e-14,2.7707689237166394e-18,0.45,0.45066908479699525,0.45066908481165,1.0708377513073567e-14,2.7707689237225084e-18,0.450000030825405,0.4499999894250877,49.939559214490494,49.87911842897523,49.82902190915269,49.82750794016064,49.82750794021236,49.8259939711686,49.82599397127203
713.0,0.0,0.45,0.4500000099594065,3.3326558224973256e-18,5.089380221338322e-17,2.772976618468468e-18,2.770134717492666e-18,0.45066901615166494,0.4500000311183967,0.4506690161515769,1.6625129003480084e-19,0.4506690847659591,0.44999998971831445,0.4506690847658714,1.662512900349769e-19,0.45,0.45066901615162097,0.4506690161955864,1.0708375882619577e-14,2.7707689237166914e-18,0.45,0.45066908476591533,0.45066908480985124,1.0708377512967653e-14,2.77076892372256e-18,0.45000003113524806,0.4499999897357706,49.93955921449399,49.87911842897601,49.82902190915368,49.827507940161595,49.82750794021331,49.82599397116951,49.825993971272936
714.0,0.0,0.45,0.45000000994506273,3.3326558224967147e-18,5.089380215490896e-17,2.7729766184681788e-18,2.770134717492391e-18,0.45066901620125077,0.4500000306197389,0.4506690162013493,1.6625129003478466e-19,0.4506690848154799,0.44999998922031437,0.45066908481557827,1.6625129003496076e-19,0.45,0.4506690162013,0.45066901619049293,1.0708375882616669e-14,2.7707689237164267e-18,0.45,0.45066908481552903,0.4506690848047578,1.0708377512964675e-14,2.770768923722296e-18,0.450000030619062,0.4499999892179048,49.939559214485016,49.8791184289709,49.829021909148835,49.82750794015684,49.82750794020856,49.82599397116485,49.825993971268275
715.0,0.0,0.45,0.45000000994042194,3.33265582249653e-18,5.089380213527059e-17,2.7729766184681006e-18,2.7701347174923167e-18,0.45066901621812694,0.4500000304508698,0.45066901621823263,1.662512900347803e-19,0.45066908483233037,0.44999998905170324,0.45066908483243584,1.6625129003495638e-19,0.45,0.4506690162181798,0.4506690161898946,1.070837588264018e-14,2.7707689237163555e-18,0.45,0.4506690848323831,0.4506690848041542,1.0708377512988097e-14,2.770768923722225e-18,0.45000003044500075,0.4499999890446833,49.9395592144823,49.87911842896953,49.82902190914752,49.82750794015557,49.82750794020728,49.8259939711636,49.82599397126703
716.0,0.0,0.45,0.45000000994405026,3.332655822496682e-18,5.089380214975326e-17,2.7729766184681738e-18,2.770134717492391e-18,0.4506690162058503,0.4500000305752007,0.45066901620585176,1.6625129003478468e-19,0.4506690848200735,0.449999989175833,0.450669084820075,1.6625129003496076e-19,0.45,0.45066901620585104,0.4506690161921396,1.070837588266212e-14,2.770768923716428e-18,0.45,0.4506690848200743,0.45066908480638984,1.0708377513009976e-14,2.770768923722297e-18,0.4500000305730556,0.4499999891727383,49.93955921448453,49.87911842897081,49.829021909148835,49.82750794015685,49.82750794020856,49.82599397116487,49.825993971268296
717.0,0.0,0.45,0.4500000099487298,3.332655822496875e-18,5.089380216899147e-17,2.772976618468265e-18,2.770134717492483e-18,0.45066901618938976,0.4500000307409224,0.4506690161893168,1.6625129003479012e-19,0.4506690848036386,0.44999998934129576,0.4506690848035658,1.6625129003496618e-19,0.45,0.4506690161893533,0.4506690161946547,1.0708375882680844e-14,2.770768923716517e-18,0.45,0.45066908480360224,0.4506690848088945,1.070837751302867e-14,2.770768923722386e-18,0.45000003074273875,0.4499999893432614,49.939559214487375,49.879118428972426,49.829021909150455,49.82750794015845,49.827507940210154,49.82599397116644,49.82599397126987
718.0,0.0,0.45,0.45000000994724243,3.3326558224968118e-18,5.0893802163619744e-17,2.77297661846824e-18,2.770134717492461e-18,0.4506690161937142,0.45000003069622535,0.45066901619373795,1.6625129003478885e-19,0.4506690848079548,0.44999998929668356,0.45066908480797857,1.662512900349649e-19,0.45,0.45066901619372607,0.45066901619486666,1.0708375882694706e-14,2.770768923716496e-18,0.45,0.45066908480796664,0.4506690848090981,1.0708377513042537e-14,2.7707689237223648e-18,0.45000003069524236,0.4499999892957648,49.939559214486444,49.87911842897198,49.82902190915007,49.82750794015807,49.82750794020978,49.82599397116607,49.82599397126949
719.0,0.0,0.45,0.45000000994599415,3.332655822496771e-18,5.089380215792331e-17,2.7729766184682223e-18,2.7701347174924453e-18,0.45066901619885963,0.45000003064515387,0.450669016198858,1.662512900347879e-19,0.4506690848131812,0.4499999892448008,0.4506690848131797,1.6625129003496399e-19,0.45,0.4506690161988588,0.4506690161949517,1.0708375882707836e-14,2.770768923716481e-18,0.45,0.45066908481318046,0.45066908480921664,1.0708377513055927e-14,2.77076892372235e-18,0.4500000306452947,0.44999998924497747,49.93955921448585,49.87911842897167,49.829021909149795,49.827507940157794,49.827507940209514,49.82599397116581,49.82599397126924
720.0,0.0,0.45,0.45000000994596767,3.332655822496774e-18,5.0893802157583503e-17,2.7729766184682258e-18,2.77013471749245e-18,0.45066901619927885,0.45000003064124694,0.45066901619925825,1.662512900347882e-19,0.45066908481359025,0.449999989240996,0.4506690848135697,1.6625129003496425e-19,0.45,0.4506690161992685,0.450669016195456,1.0708375882719702e-14,2.7707689237164857e-18,0.45,0.45066908481358003,0.4506690848097352,1.0708377513067834e-14,2.770768923722355e-18,0.45000003064187016,0.4499999892423928,49.93955921448589,49.87911842897173,49.82902190914988,49.827507940157886,49.82750794020959,49.825993971165886,49.82599397126932
721.0,0.0,0.45,0.4500000099460011,3.3326558224967752e-18,5.089380215786299e-17,2.772976618468229e-18,2.770134717492454e-18,0.45066901619901073,0.45000003064373895,0.45066901619900274,1.6625129003478844e-19,0.4506690848132637,0.4499999892440745,0.45066908481325557,1.6625129003496452e-19,0.45,0.45066901619900673,0.450669016195959,1.0708375882729973e-14,2.7707689237164903e-18,0.45,0.4506690848132596,0.45066908481023676,1.0708377513077994e-14,2.7707689237223594e-18,0.4500000306447613,0.44999998924444407,49.939559214485904,49.87911842897178,49.82902190914995,49.82750794015796,49.82750794020967,49.82599397116597,49.8259939712694
722.0,0.0,0.45,0.4500000099460399,3.332655822496776e-18,5.089380215820252e-17,2.772976618468231e-18,2.770134717492458e-18,0.450669016198674,0.45000003064684235,0.45066901619868355,1.6625129003478868e-19,0.45066908481289597,0.44999998924748774,0.45066908481290535,1.6625129003496476e-19,0.45,0.4506690161986787,0.45066901619640737,1.0708375882738917e-14,2.770768923716494e-18,0.45,0.45066908481290063,0.4506690848106804,1.0708377513086808e-14,2.7707689237223632e-18,0.45000003064776345,0.4499999892474462,49.93955921448592,49.87911842897182,49.82902190915002,49.82750794015802,49.82750794020974,49.82599397116604,49.82599397126946
723.0,0.0,0.45,0.4500000099460296,3.3326558224967787e-18,5.089380215804284e-17,2.7729766184682335e-18,2.7701347174924615e-18,0.4506690161988872,0.4500000306447695,0.45066901619889277,1.6625129003478887e-19,0.45066908481318146,0.44999998924468704,0.4506690848131873,1.6625129003496495e-19,0.45,0.45066901619889,0.4506690161967477,1.0708375882746806e-14,2.770768923716497e-18,0.45,0.4506690848131844,0.45066908481102536,1.0708377513094674e-14,2.7707689237223663e-18,0.4500000306463516,0.44999998924603435,49.93955921448595,49.879118428971864,49.82902190915008,49.827507940158085,49.8275079402098,49.825993971166085,49.82599397126952
724.0,0.0,0.45,0.4500000099460112,3.332655822496778e-18,5.08938021580289e-17,2.7729766184682358e-18,2.7701347174924638e-18,0.45066901619878336,0.45000003064589933,0.4506690161987829,1.6625129003478902e-19,0.4506690848130124,0.4499999892464748,0.45066908481301177,1.662512900349651e-19,0.45,0.45066901619878313,0.4506690161970599,1.0708375882753176e-14,2.7707689237164995e-18,0.45,0.4506690848130121,0.45066908481131657,1.0708377513100985e-14,2.770768923722369e-18,0.4500000306462283,0.44999998924591106,49.939559214485946,49.87911842897191,49.829021909150114,49.82750794015813,49.82750794020984,49.825993971166135,49.82599397126957
725.0,0.0,0.45,0.45000000994600864,3.3326558224967783e-18,5.0893802158055316e-17,2.7729766184682373e-18,2.770134717492466e-18,0.45066901619871813,0.4500000306465577,0.4506690161987173,1.6625129003478914e-19,0.45066908481292145,0.4499999892473912,0.45066908481292034,1.6625129003496521e-19,0.45,0.4506690161987177,0.45066901619731775,1.0708375882758555e-14,2.770768923716502e-18,0.45,0.45066908481292095,0.45066908481156526,1.0708377513106292e-14,2.770768923722371e-18,0.4500000306464619,0.44999998924614465,49.93955921448595,49.87911842897193,49.82902190915016,49.827507940158156,49.82750794020988,49.82599397116618,49.825993971269604
726.0,0.0,0.45,0.45000000994601136,3.33265582249678e-18,5.089380215804079e-17,2.772976618468239e-18,2.770134717492468e-18,0.45066901619876226,0.4500000306461055,0.4506690161987621,1.6625129003478926e-19,0.45066908481298545,0.44999998924673784,0.45066908481298523,1.6625129003496533e-19,0.45,0.45066901619876215,0.4506690161975243,1.0708375882763151e-14,2.7707689237165038e-18,0.45,0.45066908481298534,0.4506690848117732,1.0708377513110825e-14,2.770768923722373e-18,0.4500000306463334,0.4499999892460162,49.939559214485975,49.87911842897196,49.82902190915019,49.82750794015819,49.82750794020991,49.82599397116621,49.82599397126963
727.0,0.0,0.45,0.45000000994601486,3.332655822496781e-18,5.089380215802096e-17,2.7729766184682396e-18,2.7701347174924696e-18,0.45066901619882016,0.45000003064551586,0.4506690161988207,1.6625129003478935e-19,0.450669084813069,0.4499999892458893,0.45066908481306966,1.6625129003496543e-19,0.45,0.45066901619882044,0.4506690161976975,1.0708375882767067e-14,2.7707689237165053e-18,0.45,0.4506690848130694,0.45066908481194945,1.0708377513114687e-14,2.7707689237223744e-18,0.45000003064615807,0.44999998924584084,49.93955921448599,49.87911842897197,49.82902190915022,49.82750794015822,49.827507940209934,49.825993971166234,49.82599397126966
728.0,0.0,0.45,0.4500000099460146,3.3326558224967814e-18,5.089380215803144e-17,2.7729766184682404e-18,2.7701347174924707e-18,0.45066901619879635,0.4500000306457619,0.45066901619879635,1.6625129003478945e-19,0.45066908481303697,0.44999998924622014,0.45066908481303697,1.6625129003496553e-19,0.45,0.45066901619879635,0.45066901619785515,1.0708375882770404e-14,2.7707689237165065e-18,0.45,0.45066908481303697,0.45066908481210294,1.0708377513117983e-14,2.770768923722376e-18,0.45000003064625077,0.44999998924593354,49.939559214485996,49.879118428971985,49.829021909150235,49.82750794015825,49.82750794020996,49.825993971166255,49.82599397126969
729.0,0.0,0.45,0.4500000099460111,3.3326558224967817e-18,5.089380215802172e-17,2.772976618468241e-18,2.770134717492472e-18,0.45066901619879773,0.45000003064574745,0.4506690161987978,1.662512900347895e-19,0.4506690848130332,0.4499999892462563,0.4506690848130333,1.6625129003496558e-19,0.45,0.4506690161987978,0.45066901619799127,1.0708375882773333e-14,2.770768923716508e-18,0.45,0.45066908481303325,0.45066908481223433,1.070837751312082e-14,2.770768923722377e-18,0.45000003064658484,0.4499999892454276,49.939559214486,49.879118428972,49.829021909150256,49.82750794015826,49.82750794020998,49.825993971166284,49.82599397126971
730.0,0.0,0.45,0.4500000099460104,3.332655822496782e-18,5.089380215801769e-17,2.772976618468242e-18,2.770134717492473e-18,0.45066901619878724,0.4500000306458519,0.45066901619878735,1.6625129003478957e-19,0.45066908481305284,0.4499999892460583,0.450669084813053,1.6625129003496562e-19,0.45,0.4506690161987873,0.45066901619810573,1.0708375882775782e-14,2.770768923716509e-18,0.45,0.4506690848130529,0.4506690848123491,1.0708377513123333e-14,2.770768923722378e-18,0.45000003064570926,0.4499999892462319,49.93955921448601,49.87911842897201,49.82902190915028,49.82750794015829,49.82750794021,49.825993971166305,49.825993971269725
731.0,0.0,0.45,0.4500000099460111,3.332655822496782e-18,5.089380215802101e-17,2.7729766184682427e-18,2.770134717492474e-18,0.4506690161987637,0.4500000306460885,0.4506690161987637,1.6625129003478962e-19,0.4506690848130691,0.4499999892458972,0.4506690848130692,1.6625129003496567e-19,0.45,0.45066901619876376,0.4506690161982024,1.0708375882777817e-14,2.77076892371651e-18,0.45,0.4506690848130691,0.45066908481244977,1.0708377513125547e-14,2.7707689237223786e-18,0.4500000306457386,0.4499999892462613,49.93955921448601,49.87911842897203,49.82902190915029,49.827507940158306,49.82750794021001,49.82599397116632,49.82599397126974
732.0,0.0,0.45,0.4500000099460115,3.3326558224967825e-18,5.0893802158023164e-17,2.772976618468243e-18,2.7701347174924746e-18,0.45066901619874794,0.45000003064624744,0.45066901619874783,1.6625129003478967e-19,0.4506690848130802,0.4499999892457883,0.45066908481308016,1.6625129003496574e-19,0.45,0.45066901619874794,0.45066901619828315,1.0708375882779528e-14,2.7707689237165103e-18,0.45,0.45066908481308016,0.4506690848125382,1.0708377513127483e-14,2.7707689237223798e-18,0.45000003064617755,0.4499999892458603,49.93955921448602,49.879118428972035,49.829021909150306,49.82750794015831,49.82750794021003,49.825993971166326,49.82599397126976
733.0,0.0,0.45,0.45000000994601014,3.3326558224967833e-18,5.089380215801563e-17,2.7729766184682435e-18,2.770134717492475e-18,0.4506690161987606,0.4500000306461191,0.45066901619876065,1.6625129003478971e-19,0.4506690848130843,0.449999989245747,0.45066908481308426,1.662512900349658e-19,0.45,0.45066901619876065,0.45066901619835,1.0708375882780998e-14,2.770768923716511e-18,0.45,0.45066908481308426,0.45066908481261597,1.0708377513129163e-14,2.7707689237223806e-18,0.450000030646111,0.44999998924579376,49.939559214486025,49.87911842897204,49.82902190915031,49.82750794015833,49.82750794021005,49.82599397116634,49.825993971269774
734.0,0.0,0.45,0.4500000099460108,3.3326558224967837e-18,5.0893802158020286e-17,2.772976618468244e-18,2.7701347174924754e-18,0.4506690161987574,0.4500000306461522,0.4506690161987574,1.6625129003478974e-19,0.45066908481307577,0.44999998924583146,0.4506690848130758,1.662512900349658e-19,0.45,0.4506690161987574,0.45066901619840927,1.0708375882782276e-14,2.770768923716512e-18,0.45,0.4506690848130758,0.45066908481268153,1.0708377513130575e-14,2.770768923722381e-18,0.4500000306457322,0.44999998924625484,49.939559214486025,49.87911842897205,49.82902190915032,49.827507940158334,49.82750794021005,49.825993971166355,49.825993971269774
735.0,0.0,0.45,0.45000000994601114,3.3326558224967837e-18,5.089380215802241e-17,2.7729766184682443e-18,2.770134717492476e-18,0.4506690161987517,0.4500000306462088,0.4506690161987517,1.6625129003478979e-19,0.4506690848130759,0.4499999892458304,0.45066908481307594,1.6625129003496584e-19,0.45,0.4506690161987517,0.450669016198459,1.070837588278334e-14,2.7707689237165122e-18,0.45,0.4506690848130759,0.4506690848127386,1.0708377513131814e-14,2.7707689237223813e-18,0.450000030645751,0.44999998924627366,49.939559214486025,49.879118428972056,49.829021909150335,49.82750794015835,49.82750794021006,49.82599397116636,49.82599397126978
736.0,0.0,0.45,0.4500000099460109,3.3326558224967837e-18,5.089380215802068e-17,2.7729766184682447e-18,2.7701347174924765e-18,0.4506690161987541,0.4500000306461845,0.45066901619875405,1.662512900347898e-19,0.4506690848130771,0.4499999892458184,0.4506690848130771,1.6625129003496586e-19,0.45,0.4506690161987541,0.4506690161985007,1.0708375882784243e-14,2.7707689237165126e-18,0.45,0.4506690848130771,0.4506690848127879,1.0708377513132879e-14,2.770768923722382e-18,0.4500000306457357,0.44999998924625834,49.939559214486025,49.87911842897206,49.82902190915034,49.827507940158355,49.82750794021007,49.82599397116637,49.825993971269796
737.0,0.0,0.45,0.45000000994601047,3.332655822496784e-18,5.0893802158017907e-17,2.7729766184682447e-18,2.770134717492477e-18,0.4506690161987679,0.4500000306460454,0.450669016198768,1.6625129003478983e-19,0.45066908481306933,0.44999998924589607,0.45066908481306933,1.662512900349659e-19,0.45,0.4506690161987679,0.4506690161985366,1.0708375882785048e-14,2.770768923716513e-18,0.45,0.4506690848130694,0.4506690848128297,1.070837751313376e-14,2.7707689237223825e-18,0.45000003064571115,0.4499999892462338,49.93955921448603,49.87911842897206,49.82902190915035,49.82750794015836,49.827507940210076,49.825993971166376,49.8259939712698
738.0,0.0,0.45,0.4500000099460102,3.3326558224967844e-18,5.0893802158016896e-17,2.772976618468245e-18,2.770134717492477e-18,0.45066901619879673,0.4500000306457574,0.4506690161987968,1.6625129003478983e-19,0.45066908481304263,0.44999998924616397,0.4506690848130425,1.662512900349659e-19,0.45,0.45066901619879673,0.4506690161985689,1.0708375882785812e-14,2.770768923716513e-18,0.45,0.45066908481304263,0.4506690848128641,1.0708377513134452e-14,2.7707689237223825e-18,0.4500000306457022,0.44999998924622486,49.93955921448604,49.87911842897207,49.82902190915035,49.82750794015836,49.827507940210076,49.825993971166376,49.8259939712698
739.0,0.0,0.45,0.45000000994601136,3.332655822496784e-18,5.089380215802329e-17,2.7729766184682454e-18,2.7701347174924773e-18,0.45066901619879574,0.4500000306457689,0.4506690161987957,1.6625129003478983e-19,0.45066908481303153,0.4499999892462741,0.45066908481303153,1.6625129003496594e-19,0.45,0.45066901619879574,0.4506690161986038,1.0708375882786558e-14,2.7707689237165134e-18,0.45,0.45066908481303153,0.4506690848128876,1.070837751313493e-14,2.770768923722383e-18,0.45000003064659866,0.44999998924544143,49.93955921448603,49.87911842897208,49.829021909150356,49.82750794015836,49.82750794021009,49.82599397116638,49.82599397126981
740.0,0.0,0.45,0.4500000099460119,3.332655822496784e-18,5.0893802158026066e-17,2.7729766184682454e-18,2.7701347174924777e-18,0.4506690161987752,0.45000003064597477,0.4506690161987751,1.6625129003478986e-19,0.45066908481304685,0.4499999892461198,0.45066908481304696,1.6625129003496594e-19,0.45,0.4506690161987752,0.4506690161986306,1.0708375882787091e-14,2.7707689237165138e-18,0.45,0.4506690848130469,0.45066908481290946,1.0708377513135433e-14,2.770768923722383e-18,0.45000003064620325,0.449999989245886,49.93955921448603,49.87911842897208,49.82902190915036,49.82750794015837,49.82750794021009,49.82599397116638,49.82599397126981
741.0,0.0,0.45,0.45000000994601186,3.332655822496784e-18,5.089380215802558e-17,2.7729766184682454e-18,2.770134717492478e-18,0.4506690161987563,0.4500000306461631,0.45066901619875627,1.6625129003478988e-19,0.45066908481306656,0.4499999892459228,0.45066908481306667,1.6625129003496594e-19,0.45,0.4506690161987563,0.45066901619865035,1.0708375882787478e-14,2.7707689237165138e-18,0.45,0.4506690848130666,0.45066908481293033,1.0708377513135928e-14,2.770768923722383e-18,0.450000030645779,0.44999998924630163,49.93955921448603,49.87911842897208,49.82902190915037,49.82750794015838,49.82750794021009,49.82599397116638,49.82599397126981
742.0,0.0,0.45,0.45000000994601147,3.3326558224967844e-18,5.089380215802348e-17,2.7729766184682454e-18,2.770134717492478e-18,0.45066901619875543,0.4500000306461708,0.4506690161987555,1.6625129003478988e-19,0.450669084813071,0.4499999892458795,0.450669084813071,1.6625129003496596e-19,0.45,0.45066901619875543,0.45066901619866534,1.0708375882787801e-14,2.770768923716514e-18,0.45,0.450669084813071,0.45066908481294976,1.070837751313636e-14,2.770768923722383e-18,0.4500000306461804,0.44999998924586315,49.93955921448604,49.87911842897208,49.82902190915037,49.82750794015838,49.82750794021009,49.82599397116639,49.82599397126981
743.0,0.0,0.45,0.45000000994601097,3.3326558224967844e-18,5.0893802158021413e-17,2.772976618468246e-18,2.770134717492478e-18,0.45066901619878896,0.45000003064583444,0.450669016198789,1.6625129003478988e-19,0.4506690848130405,0.449999989246186,0.4506690848130404,1.6625129003496596e-19,0.45,0.45066901619878896,0.45066901619867783,1.0708375882788144e-14,2.770768923716514e-18,0.45,0.45066908481304047,0.4506690848129673,1.0708377513136673e-14,2.7707689237223833e-18,0.4500000306461621,0.4499999892458449,49.93955921448604,49.879118428972085,49.82902190915037,49.82750794015838,49.82750794021009,49.82599397116639,49.82599397126982
744.0,0.0,0.45,0.4500000099460112,3.3326558224967844e-18,5.0893802158021537e-17,2.772976618468246e-18,2.770134717492478e-18,0.45066901619879735,0.4500000306457517,0.45066901619879735,1.6625129003478988e-19,0.45066908481303286,0.4499999892462606,0.45066908481303286,1.6625129003496598e-19,0.45,0.45066901619879735,0.45066901619869554,1.0708375882788544e-14,2.770768923716514e-18,0.45,0.45066908481303286,0.45066908481297646,1.070837751313685e-14,2.7707689237223833e-18,0.45000003064658317,0.44999998924542595,49.93955921448604,49.879118428972085,49.82902190915037,49.82750794015838,49.8275079402101,49.82599397116639,49.82599397126982
745.0,0.0,0.45,0.4500000099460117,3.332655822496784e-18,5.089380215802397e-17,2.772976618468246e-18,2.7701347174924784e-18,0.4506690161987805,0.45000003064592126,0.45066901619878047,1.662512900347899e-19,0.4506690848130461,0.44999998924612783,0.45066908481304613,1.6625129003496598e-19,0.45,0.45066901619878047,0.4506690161987095,1.0708375882788811e-14,2.770768923716514e-18,0.45,0.45066908481304613,0.4506690848129851,1.0708377513137063e-14,2.7707689237223836e-18,0.4500000306461847,0.4499999892458675,49.93955921448603,49.879118428972085,49.82902190915038,49.827507940158384,49.8275079402101,49.82599397116639,49.825993971269824
746.0,0.0,0.45,0.45000000994601214,3.332655822496784e-18,5.089380215802652e-17,2.772976618468246e-18,2.7701347174924784e-18,0.4506690161987584,0.4500000306461426,0.4506690161987583,1.662512900347899e-19,0.4506690848130637,0.4499999892459514,0.4506690848130638,1.6625129003496598e-19,0.45,0.4506690161987583,0.45066901619871924,1.0708375882788969e-14,2.770768923716514e-18,0.45,0.4506690848130638,0.4506690848129944,1.0708377513137298e-14,2.7707689237223836e-18,0.45000003064620725,0.44999998924589,49.93955921448603,49.879118428972085,49.82902190915038,49.827507940158384,49.8275079402101,49.82599397116639,49.825993971269824
747.0,0.0,0.45,0.45000000994601225,3.3326558224967844e-18,5.089380215802699e-17,2.7729766184682462e-18,2.7701347174924784e-18,0.45066901619874433,0.4500000306462826,0.4506690161987443,1.662512900347899e-19,0.4506690848130766,0.44999998924582335,0.4506690848130766,1.6625129003496598e-19,0.45,0.4506690161987443,0.4506690161987253,1.0708375882789063e-14,2.7707689237165146e-18,0.45,0.45066908481307666,0.45066908481300433,1.0708377513137534e-14,2.770768923722384e-18,0.4500000306462114,0.4499999892458942,49.93955921448604,49.879118428972085,49.82902190915038,49.827507940158384,49.8275079402101,49.8259939711664,49.82599397126983
748.0,0.0,0.45,0.45000000994601175,3.3326558224967844e-18,5.089380215802319e-17,2.772976618468246e-18,2.770134717492479e-18,0.4506690161987517,0.4500000306462079,0.45066901619875177,1.662512900347899e-19,0.45066908481307544,0.4499999892458358,0.4506690848130754,1.6625129003496598e-19,0.45,0.45066901619875177,0.45066901619872834,1.0708375882789144e-14,2.770768923716515e-18,0.45,0.4506690848130754,0.4506690848130148,1.0708377513137749e-14,2.7707689237223836e-18,0.4500000306461778,0.44999998924586054,49.93955921448604,49.879118428972085,49.829021909150384,49.827507940158384,49.8275079402101,49.825993971166405,49.825993971269824
749.0,0.0,0.45,0.4500000099460113,3.332655822496785e-18,5.089380215802321e-17,2.7729766184682462e-18,2.7701347174924784e-18,0.45066901619879934,0.45000003064573096,0.4506690161987994,1.662512900347899e-19,0.45066908481302803,0.4499999892463102,0.450669084813028,1.66251290034966e-19,0.45,0.45066901619879934,0.45066901619873195,1.0708375882789333e-14,2.7707689237165146e-18,0.45,0.450669084813028,0.45066908481302154,1.0708377513137815e-14,2.7707689237223836e-18,0.450000030646598,0.44999998924544077,49.939559214486046,49.879118428972085,49.82902190915038,49.827507940158384,49.827507940210104,49.8259939711664,49.825993971269824
750.0,0.0,0.45,0.4500000099460109,3.332655822496785e-18,5.0893802158021604e-17,2.7729766184682462e-18,2.7701347174924784e-18,0.4506690161988166,0.45000003064555866,0.4506690161988166,1.662512900347899e-19,0.45066908481301354,0.4499999892464544,0.4506690848130135,1.66251290034966e-19,0.45,0.4506690161988166,0.45066901619874034,1.0708375882789556e-14,2.7707689237165146e-18,0.45,0.45066908481301354,0.45066908481302353,1.0708377513137834e-14,2.7707689237223836e-18,0.4500000306465838,0.44999998924542656,49.939559214486046,49.879118428972085,49.82902190915038,49.827507940158384,49.827507940210104,49.8259939711664,49.825993971269824
751.0,0.0,0.45,0.4500000099460107,3.332655822496785e-18,5.089380215801933e-17,2.772976618468246e-18,2.770134717492479e-18,0.4506690161988079,0.45000003064564703,0.45066901619880784,1.6625129003478993e-19,0.450669084813026,0.44999998924632867,0.45066908481302603,1.66251290034966e-19,0.45,0.4506690161988079,0.4506690161987506,1.0708375882789756e-14,2.7707689237165146e-18,0.45,0.45066908481302603,0.45066908481302326,1.0708377513137852e-14,2.7707689237223836e-18,0.4500000306461437,0.44999998924582646,49.939559214486046,49.879118428972085,49.829021909150384,49.82750794015839,49.827507940210104,49.8259939711664,49.825993971269824
752.0,0.0,0.45,0.45000000994601075,3.3326558224967844e-18,5.0893802158018887e-17,2.772976618468246e-18,2.770134717492479e-18,0.4506690161987844,0.4500000306458828,0.4506690161987843,1.6625129003478993e-19,0.45066908481305,0.449999989246088,0.4506690848130501,1.66251290034966e-19,0.45,0.4506690161987844,0.4506690161987597,1.0708375882789898e-14,2.770768923716515e-18,0.45,0.45066908481305007,0.45066908481302326,1.0708377513137896e-14,2.770768923722384e-18,0.45000003064613975,0.4499999892458225,49.93955921448604,49.879118428972085,49.829021909150384,49.82750794015839,49.827507940210104,49.825993971166405,49.82599397126983
753.0,0.0,0.45,0.4500000099460113,3.3326558224967844e-18,5.089380215802277e-17,2.7729766184682462e-18,2.770134717492479e-18,0.4506690161987574,0.45000003064615257,0.4506690161987573,1.6625129003478993e-19,0.45066908481307016,0.44999998924588697,0.4506690848130702,1.66251290034966e-19,0.45,0.4506690161987574,0.4506690161987644,1.0708375882789944e-14,2.770768923716515e-18,0.45,0.4506690848130702,0.4506690848130258,1.0708377513137995e-14,2.770768923722384e-18,0.4500000306461741,0.4499999892458569,49.93955921448604,49.879118428972085,49.829021909150384,49.82750794015839,49.827507940210104,49.825993971166405,49.82599397126983
754.0,0.0,0.45,0.45000000994601064,3.332655822496785e-18,5.089380215801897e-17,2.7729766184682462e-18,2.7701347174924784e-18,0.4506690161987596,0.4500000306461288,0.45066901619875965,1.6625129003478993e-19,0.4506690848130761,0.44999998924582896,0.4506690848130761,1.66251290034966e-19,0.45,0.45066901619875965,0.4506690161987616,1.0708375882789888e-14,2.7707689237165146e-18,0.45,0.4506690848130761,0.45066908481303414,1.0708377513138192e-14,2.770768923722384e-18,0.4500000306461405,0.4499999892458233,49.939559214486046,49.879118428972085,49.82902190915038,49.82750794015839,49.827507940210104,49.8259939711664,49.82599397126983
755.0,0.0,0.45,0.4500000099460107,3.332655822496785e-18,5.0893802158018967e-17,2.7729766184682462e-18,2.770134717492479e-18,0.45066901619877775,0.4500000306459474,0.4506690161987778,1.6625129003478993e-19,0.4506690848130583,0.44999998924600787,0.45066908481305823,1.66251290034966e-19,0.45,0.45066901619877775,0.45066901619876204,1.0708375882789937e-14,2.770768923716515e-18,0.45,0.45066908481305823,0.45066908481303897,1.0708377513138259e-14,2.770768923722384e-18,0.45000003064614047,0.44999998924582324,49.939559214486046,49.879118428972085,49.829021909150384,49.82750794015839,49.827507940210104,49.825993971166405,49.82599397126983
756.0,0.0,0.45,0.4500000099460113,3.3326558224967844e-18,5.089380215802245e-17,2.7729766184682462e-18,2.770134717492479e-18,0.45066901619879374,0.4500000306457876,0.4506690161987938,1.6625129003478993e-19,0.4506690848130357,0.44999998924623325,0.45066908481303564,1.66251290034966e-19,0.45,0.4506690161987938,0.4506690161987652,1.0708375882790041e-14,2.770768923716515e-18,0.45,0.45066908481303564,0.45066908481304047,1.0708377513138243e-14,2.770768923722384e-18,0.4500000306461713,0.44999998924585405,49.93955921448604,49.879118428972085,49.829021909150384,49.82750794015839,49.827507940210104,49.825993971166405,49.82599397126983
757.0,0.0,0.45,0.4500000099460121,3.3326558224967844e-18,5.0893802158026677e-17,2.7729766184682462e-18,2.770134717492479e-18,0.45066901619879257,0.4500000306458002,0.45066901619879257,1.6625129003478993e-19,0.45066908481302925,0.4499999892462966,0.45066908481302925,1.66251290034966e-19,0.45,0.45066901619879257,0.4506690161987695,1.070837588279013e-14,2.770768923716515e-18,0.45,0.45066908481302925,0.45066908481303986,1.0708377513138214e-14,2.7707689237223844e-18,0.45000003064620864,0.4499999892458914,49.93955921448604,49.879118428972085,49.829021909150384,49.82750794015839,49.827507940210104,49.825993971166405,49.82599397126984
758.0,0.0,0.45,0.4500000099460125,3.3326558224967844e-18,5.089380215802892e-17,2.7729766184682462e-18,2.770134717492479e-18,0.4506690161987591,0.450000030646136,0.450669016198759,1.6625129003478993e-19,0.45066908481305984,0.44999998924598955,0.45066908481305995,1.66251290034966e-19,0.45,0.45066901619875904,0.4506690161987732,1.070837588279014e-14,2.770768923716515e-18,0.45,0.4506690848130599,0.4506690848130381,1.0708377513138244e-14,2.770768923722384e-18,0.45000003064622845,0.4499999892459112,49.93955921448604,49.879118428972085,49.829021909150384,49.82750794015839,49.827507940210104,49.825993971166405,49.82599397126983
759.0,0.0,0.45,0.45000000994601064,3.332655822496785e-18,5.089380215801903e-17,2.7729766184682462e-18,2.770134717492479e-18,0.4506690161987587,0.45000003064613836,0.4506690161987587,1.6625129003478995e-19,0.4506690848130765,0.4499999892458249,0.4506690848130765,1.66251290034966e-19,0.45,0.4506690161987587,0.45066901619877037,1.0708375882790076e-14,2.770768923716515e-18,0.45,0.4506690848130765,0.4506690848130425,1.0708377513138374e-14,2.770768923722384e-18,0.4500000306457211,0.44999998924624374,49.939559214486046,49.879118428972085,49.829021909150384,49.8275079401584,49.827507940210104,49.825993971166405,49.82599397126983
760.0,0.0,0.45,0.4500000099460101,3.332655822496785e-18,5.089380215801606e-17,2.7729766184682462e-18,2.770134717492479e-18,0.450669016198764,0.45000003064608535,0.450669016198764,1.6625129003478995e-19,0.45066908481307605,0.44999998924582935,0.45066908481307605,1.66251290034966e-19,0.45,0.450669016198764,0.4506690161987688,1.0708375882790056e-14,2.770768923716515e-18,0.45,0.45066908481307605,0.4506690848130467,1.0708377513138462e-14,2.7707689237223844e-18,0.4500000306456948,0.4499999892462175,49.939559214486046,49.879118428972085,49.829021909150384,49.8275079401584,49.827507940210104,49.825993971166405,49.82599397126984
761.0,0.0,0.45,0.45000000994601047,3.332655822496785e-18,5.089380215801817e-17,2.7729766184682462e-18,2.770134717492479e-18,0.45066901619876165,0.45000003064610883,0.45066901619876165,1.6625129003478995e-19,0.4506690848130749,0.44999998924584067,0.4506690848130749,1.66251290034966e-19,0.45,0.45066901619876165,0.45066901619876837,1.0708375882790041e-14,2.770768923716515e-18,0.45,0.4506690848130749,0.45066908481304996,1.0708377513138533e-14,2.770768923722384e-18,0.4500000306457135,0.44999998924623613,49.939559214486046,49.879118428972085,49.829021909150384,49.8275079401584,49.827507940210104,49.825993971166405,49.82599397126983
762.0,0.0,0.45,0.450000009946011,3.332655822496785e-18,5.089380215802103e-17,2.7729766184682462e-18,2.770134717492479e-18,0.4506690161987484,0.45000003064624244,0.45066901619874833,1.6625129003478995e-19,0.4506690848130831,0.4499999892457576,0.45066908481308315,1.66251290034966e-19,0.45,0.45066901619874833,0.4506690161987677,1.070837588279e-14,2.770768923716515e-18,0.45,0.4506690848130831,0.4506690848130531,1.0708377513138625e-14,2.770768923722384e-18,0.4500000306457388,0.44999998924626144,49.939559214486046,49.879118428972085,49.829021909150384,49.8275079401584,49.827507940210104,49.825993971166405,49.82599397126983
763.0,0.0,0.45,0.4500000099460108,3.332655822496785e-18,5.089380215802029e-17,2.7729766184682462e-18,2.770134717492479e-18,0.4506690161987207,0.4500000306465198,0.45066901619872063,1.6625129003478995e-19,0.4506690848131109,0.449999989245479,0.450669084813111,1.66251290034966e-19,0.45,0.4506690161987207,0.45066901619876554,1.0708375882789895e-14,2.770768923716515e-18,0.45,0.45066908481311097,0.4506690848130569,1.0708377513138771e-14,2.7707689237223844e-18,0.45000003064573224,0.4499999892462549,49.939559214486046,49.879118428972085,49.829021909150384,49.8275079401584,49.827507940210104,49.825993971166405,49.82599397126984
764.0,0.0,0.45,0.45000000994601075,3.332655822496785e-18,5.089380215801986e-17,2.7729766184682462e-18,2.770134717492479e-18,0.45066901619876115,0.45000003064611227,0.45066901619876126,1.6625129003478995e-19,0.45066908481307255,0.44999998924586554,0.45066908481307244,1.66251290034966e-19,0.45,0.4506690161987612,0.4506690161987586,1.0708375882789827e-14,2.770768923716515e-18,0.45,0.4506690848130725,0.4506690848130663,1.0708377513138877e-14,2.7707689237223844e-18,0.4500000306457284,0.44999998924625106,49.939559214486046,49.879118428972085,49.829021909150384,49.8275079401584,49.827507940210104,49.825993971166405,49.82599397126984
765.0,0.0,0.45,0.45000000994601114,3.332655822496785e-18,5.089380215802162e-17,2.7729766184682462e-18,2.770134717492479e-18,0.45066901619879074,0.4500000306458162,0.4506690161987908,1.6625129003478995e-19,0.4506690848130403,0.4499999892461882,0.4506690848130402,1.66251290034966e-19,0.45,0.4506690161987908,0.4506690161987582,1.070837588278988e-14,2.770768923716515e-18,0.45,0.45066908481304024,0.45066908481306805,1.070837751313884e-14,2.7707689237223844e-18,0.450000030645744,0.44999998924626666,49.939559214486046,49.879118428972085,49.829021909150384,49.8275079401584,49.827507940210104,49.825993971166405,49.82599397126984
766.0,0.0,0.45,0.4500000099460115,3.3326558224967844e-18,5.089380215802387e-17,2.7729766184682462e-18,2.770134717492479e-18,0.4506690161987979,0.45000003064574623,0.4506690161987979,1.6625129003478993e-19,0.4506690848130288,0.449999989246302,0.45066908481302875,1.66251290034966e-19,0.45,0.45066901619879784,0.4506690161987624,1.0708375882789988e-14,2.770768923716515e-18,0.45,0.45066908481302875,0.4506690848130642,1.0708377513138737e-14,2.7707689237223844e-18,0.4500000306461838,0.4499999892458666,49.93955921448604,49.879118428972085,49.829021909150384,49.82750794015839,49.827507940210104,49.825993971166405,49.82599397126984
767.0,0.0,0.45,0.4500000099460118,3.3326558224967844e-18,5.089380215802543e-17,2.7729766184682462e-18,2.770134717492479e-18,0.450669016198786,0.4500000306458666,0.4506690161987859,1.6625129003478993e-19,0.4506690848130374,0.44999998924621387,0.4506690848130375,1.66251290034966e-19,0.45,0.45066901619878597,0.4506690161987679,1.0708375882790084e-14,2.770768923716515e-18,0.45,0.45066908481303747,0.45066908481305845,1.0708377513138637e-14,2.7707689237223844e-18,0.45000003064619765,0.4499999892458804,49.93955921448604,49.879118428972085,49.829021909150384,49.82750794015839,49.827507940210104,49.825993971166405,49.82599397126984
768.0,0.0,0.45,0.45000000994601175,3.3326558224967844e-18,5.089380215802511e-17,2.7729766184682462e-18,2.770134717492479e-18,0.4506690161987585,0.45000003064614147,0.45066901619875843,1.6625129003478993e-19,0.4506690848130657,0.4499999892459309,0.45066908481306583,1.66251290034966e-19,0.45,0.4506690161987585,0.45066901619877153,1.0708375882790103e-14,2.770768923716515e-18,0.45,0.4506690848130658,0.4506690848130544,1.070837751313861e-14,2.770768923722384e-18,0.4500000306461948,0.4499999892458776,49.93955921448604,49.879118428972085,49.829021909150384,49.82750794015839,49.827507940210104,49.825993971166405,49.82599397126983
769.0,0.0,0.45,0.4500000099460107,3.332655822496785e-18,5.089380215801956e-17,2.7729766184682462e-18,2.770134717492479e-18,0.4506690161987588,0.4500000306461369,0.4506690161987589,1.6625129003478995e-19,0.45066908481307527,0.44999998924583695,0.45066908481307527,1.66251290034966e-19,0.45,0.4506690161987588,0.4506690161987678,1.0708375882790021e-14,2.770768923716515e-18,0.45,0.45066908481307527,0.45066908481305845,1.0708377513138716e-14,2.7707689237223844e-18,0.45000003064572575,0.4499999892462484,49.939559214486046,49.879118428972085,49.829021909150384,49.8275079401584,49.827507940210104,49.825993971166405,49.82599397126984
770.0,0.0,0.45,0.4500000099460104,3.332655822496785e-18,5.089380215801801e-17,2.7729766184682462e-18,2.770134717492479e-18,0.45066901619877814,0.45000003064594346,0.4506690161987782,1.6625129003478995e-19,0.4506690848130587,0.4499999892460037,0.4506690848130586,1.66251290034966e-19,0.45,0.45066901619877814,0.4506690161987673,1.0708375882790053e-14,2.770768923716515e-18,0.45,0.4506690848130586,0.45066908481305984,1.0708377513138708e-14,2.7707689237223844e-18,0.4500000306457121,0.44999998924623474,49.939559214486046,49.879118428972085,49.829021909150384,49.8275079401584,49.827507940210104,49.825993971166405,49.82599397126984
771.0,0.0,0.45,0.45000000994601064,3.332655822496785e-18,5.08938021580192e-17,2.7729766184682462e-18,2.770134717492479e-18,0.4506690161987964,0.45000003064576133,0.4506690161987964,1.6625129003478993e-19,0.45066908481303836,0.4499999892462069,0.4506690848130383,1.66251290034966e-19,0.45,0.4506690161987964,0.4506690161987698,1.0708375882790146e-14,2.770768923716515e-18,0.45,0.4506690848130383,0.45066908481305845,1.0708377513138634e-14,2.7707689237223844e-18,0.4500000306461425,0.4499999892458253,49.939559214486046,49.879118428972085,49.829021909150384,49.82750794015839,49.827507940210104,49.825993971166405,49.82599397126984
772.0,0.0,0.45,0.4500000099460109,3.332655822496785e-18,5.089380215802078e-17,2.7729766184682462e-18,2.770134717492479e-18,0.4506690161987977,0.4500000306457497,0.4506690161987976,1.6625129003478993e-19,0.4506690848130343,0.4499999892462462,0.45066908481303436,1.66251290034966e-19,0.45,0.4506690161987977,0.45066901619877375,1.0708375882790232e-14,2.770768923716515e-18,0.45,0.4506690848130343,0.45066908481305545,1.0708377513138563e-14,2.770768923722384e-18,0.4500000306461565,0.4499999892458393,49.939559214486046,49.879118428972085,49.829021909150384,49.82750794015839,49.827507940210104,49.825993971166405,49.82599397126983
773.0,0.0,0.45,0.45000000994601086,3.332655822496785e-18,5.0893802158020397e-17,2.7729766184682462e-18,2.770134717492479e-18,0.450669016198766,0.45000003064606764,0.45066901619876587,1.6625129003478993e-19,0.4506690848130666,0.4499999892459212,0.4506690848130668,1.66251290034966e-19,0.45,0.4506690161987659,0.45066901619877753,1.0708375882790247e-14,2.770768923716515e-18,0.45,0.45066908481306667,0.4506690848130522,1.0708377513138563e-14,2.770768923722384e-18,0.4500000306461531,0.4499999892458359,49.939559214486046,49.879118428972085,49.829021909150384,49.82750794015839,49.827507940210104,49.825993971166405,49.82599397126983
774.0,0.0,0.45,0.45000000994601075,3.332655822496785e-18,5.0893802158019904e-17,2.7729766184682462e-18,2.770134717492479e-18,0.4506690161988015,0.4500000306457095,0.45066901619880156,1.6625129003478993e-19,0.45066908481303186,0.44999998924627144,0.4506690848130318,1.66251290034966e-19,0.45,0.45066901619880156,0.4506690161987779,1.0708375882790332e-14,2.770768923716515e-18,0.45,0.45066908481303186,0.45066908481305223,1.0708377513138486e-14,2.7707689237223844e-18,0.45000003064614874,0.4499999892458315,49.939559214486046,49.879118428972085,49.829021909150384,49.82750794015839,49.827507940210104,49.825993971166405,49.82599397126984
775.0,0.0,0.45,0.4500000099460107,3.332655822496785e-18,5.089380215801951e-17,2.7729766184682462e-18,2.770134717492479e-18,0.4506690161987996,0.45000003064572835,0.4506690161987997,1.6625129003478993e-19,0.45066908481303447,0.4499999892462458,0.4506690848130344,1.6625129003496603e-19,0.45,0.4506690161987997,0.45066901619877914,1.0708375882790354e-14,2.770768923716515e-18,0.45,0.4506690848130344,0.45066908481305157,1.0708377513138478e-14,2.7707689237223844e-18,0.45000003064656524,0.449999989245408,49.939559214486046,49.879118428972085,49.829021909150384,49.82750794015839,49.82750794021011,49.825993971166405,49.82599397126984
776.0,0.0,0.45,0.4500000099460107,3.332655822496785e-18,5.08938021580195e-17,2.7729766184682462e-18,2.770134717492479e-18,0.45066901619876987,0.4500000306460276,0.4506690161987698,1.6625129003478993e-19,0.4506690848130643,0.4499999892459463,0.45066908481306434,1.66251290034966e-19,0.45,0.4506690161987698,0.45066901619878014,1.0708375882790313e-14,2.770768923716515e-18,0.45,0.4506690848130643,0.450669084813051,1.0708377513138533e-14,2.7707689237223844e-18,0.4500000306461452,0.44999998924582796,49.939559214486046,49.879118428972085,49.829021909150384,49.82750794015839,49.827507940210104,49.825993971166405,49.82599397126984
777.0,0.0,0.45,0.4500000099460109,3.332655822496785e-18,5.089380215802055e-17,2.7729766184682462e-18,2.770134717492479e-18,0.45066901619874267,0.45000003064630023,0.45066901619874256,1.6625129003478993e-19,0.45066908481308965,0.4499999892456923,0.4506690848130897,1.66251290034966e-19,0.45,0.4506690161987426,0.45066901619877925,1.0708375882790237e-14,2.770768923716515e-18,0.45,0.45066908481308965,0.4506690848130521,1.0708377513138615e-14,2.770768923722384e-18,0.45000003064615446,0.44999998924583723,49.939559214486046,49.879118428972085,49.829021909150384,49.82750794015839,49.827507940210104,49.825993971166405,49.82599397126983
778.0,0.0,0.45,0.45000000994601147,3.3326558224967844e-18,5.089380215802331e-17,2.7729766184682462e-18,2.770134717492479e-18,0.45066901619874855,0.4500000306462392,0.45066901619874855,1.6625129003478993e-19,0.45066908481307877,0.44999998924580314,0.4506690848130787,1.66251290034966e-19,0.45,0.45066901619874855,0.4506690161987749,1.0708375882790157e-14,2.770768923716515e-18,0.45,0.4506690848130787,0.45066908481305645,1.070837751313869e-14,2.7707689237223844e-18,0.4500000306461789,0.44999998924586165,49.93955921448604,49.879118428972085,49.829021909150384,49.82750794015839,49.827507940210104,49.825993971166405,49.82599397126984
779.0,0.0,0.45,0.4500000099460117,3.3326558224967844e-18,5.089380215802461e-17,2.7729766184682462e-18,2.770134717492479e-18,0.45066901619879735,0.45000003064575117,0.4506690161987974,1.6625129003478993e-19,0.4506690848130277,0.44999998924631324,0.45066908481302764,1.6625129003496603e-19,0.45,0.4506690161987974,0.4506690161987741,1.0708375882790239e-14,2.770768923716515e-18,0.45,0.4506690848130277,0.4506690848130571,1.0708377513138582e-14,2.7707689237223844e-18,0.45000003064661037,0.44999998924545315,49.93955921448604,49.879118428972085,49.829021909150384,49.82750794015839,49.82750794021011,49.825993971166405,49.82599397126984
780.0,0.0,0.45,0.45000000994601136,3.3326558224967844e-18,5.089380215802316e-17,2.7729766184682462e-18,2.770134717492479e-18,0.45066901619879657,0.45000003064575994,0.45066901619879657,1.6625129003478993e-19,0.4506690848130311,0.44999998924627815,0.4506690848130311,1.6625129003496603e-19,0.45,0.4506690161987966,0.45066901619877536,1.0708375882790262e-14,2.770768923716515e-18,0.45,0.45066908481303114,0.4506690848130554,1.0708377513138547e-14,2.7707689237223844e-18,0.4500000306465975,0.44999998924544027,49.93955921448604,49.879118428972085,49.829021909150384,49.82750794015839,49.82750794021011,49.825993971166405,49.82599397126984
781.0,0.0,0.45,0.4500000099460109,3.332655822496785e-18,5.0893802158020723e-17,2.7729766184682462e-18,2.770134717492479e-18,0.4506690161987688,0.45000003064603805,0.4506690161987688,1.6625129003478995e-19,0.4506690848130631,0.449999989245957,0.45066908481306317,1.6625129003496603e-19,0.45,0.4506690161987688,0.4506690161987764,1.0708375882790228e-14,2.770768923716515e-18,0.45,0.45066908481306317,0.45066908481305384,1.0708377513138587e-14,2.7707689237223844e-18,0.450000030646156,0.4499999892458388,49.939559214486046,49.879118428972085,49.829021909150384,49.8275079401584,49.82750794021011,49.825993971166405,49.82599397126984
782.0,0.0,0.45,0.4500000099460106,3.332655822496785e-18,5.0893802158018887e-17,2.7729766184682462e-18,2.770134717492479e-18,0.45066901619874405,0.4500000306462858,0.450669016198744,1.6625129003478995e-19,0.45066908481309115,0.44999998924567747,0.4506690848130912,1.66251290034966e-19,0.45,0.450669016198744,0.45066901619877586,1.0708375882790165e-14,2.770768923716515e-18,0.45,0.45066908481309115,0.4506690848130544,1.0708377513138661e-14,2.7707689237223844e-18,0.4500000306457198,0.44999998924624246,49.939559214486046,49.879118428972085,49.829021909150384,49.8275079401584,49.827507940210104,49.825993971166405,49.82599397126984
783.0,0.0,0.45,0.4500000099460107,3.332655822496785e-18,5.089380215801923e-17,2.7729766184682462e-18,2.770134717492479e-18,0.45066901619875216,0.4500000306462032,0.4506690161987522,1.6625129003478995e-19,0.4506690848130824,0.4499999892457669,0.4506690848130823,1.66251290034966e-19,0.45,0.45066901619875216,0.4506690161987723,1.0708375882790103e-14,2.770768923716515e-18,0.45,0.4506690848130824,0.45066908481305884,1.0708377513138734e-14,2.7707689237223844e-18,0.45000003064572286,0.4499999892462455,49.939559214486046,49.879118428972085,49.829021909150384,49.8275079401584,49.827507940210104,49.825993971166405,49.82599397126984
784.0,0.0,0.45,0.4500000099460108,3.332655822496785e-18,5.089380215802e-17,2.7729766184682462e-18,2.770134717492479e-18,0.4506690161988016,0.4500000306457085,0.4506690161988017,1.6625129003478993e-19,0.4506690848130316,0.44999998924627427,0.45066908481303153,1.66251290034966e-19,0.45,0.4506690161988017,0.4506690161987717,1.0708375882790196e-14,2.770768923716515e-18,0.45,0.45066908481303153,0.4506690848130599,1.0708377513138651e-14,2.7707689237223844e-18,0.45000003064614963,0.4499999892458324,49.939559214486046,49.879118428972085,49.829021909150384,49.82750794015839,49.827507940210104,49.825993971166405,49.82599397126984
785.0,0.0,0.45,0.45000000994601114,3.332655822496785e-18,5.089380215802186e-17,2.7729766184682462e-18,2.770134717492479e-18,0.4506690161988008,0.4500000306457176,0.4506690161988008,1.6625129003478993e-19,0.45066908481302914,0.4499999892462973,0.4506690848130292,1.6625129003496603e-19,0.45,0.45066901619880084,0.4506690161987741,1.0708375882790248e-14,2.770768923716515e-18,0.45,0.4506690848130292,0.4506690848130575,1.0708377513138596e-14,2.770768923722384e-18,0.450000030646586,0.4499999892454288,49.939559214486046,49.879118428972085,49.829021909150384,49.82750794015839,49.82750794021011,49.825993971166405,49.82599397126983
786.0,0.0,0.45,0.4500000099460116,3.3326558224967844e-18,5.0893802158024076e-17,2.7729766184682462e-18,2.770134717492479e-18,0.45066901619876837,0.450000030646043,0.4506690161987683,1.6625129003478995e-19,0.45066908481305773,0.449999989246011,0.45066908481305784,1.6625129003496603e-19,0.45,0.45066901619876837,0.45066901619877653,1.0708375882790231e-14,2.770768923716515e-18,0.45,0.4506690848130578,0.45066908481305484,1.07083775131386e-14,2.770768923722384e-18,0.45000003064618566,0.4499999892458684,49.93955921448604,49.879118428972085,49.829021909150384,49.8275079401584,49.82750794021011,49.825993971166405,49.82599397126983
787.0,0.0,0.45,0.4500000099460119,3.3326558224967844e-18,5.0893802158025555e-17,2.7729766184682462e-18,2.770134717492479e-18,0.4506690161987299,0.4500000306464282,0.4506690161987298,1.6625129003478995e-19,0.4506690848130937,0.4499999892456519,0.45066908481309376,1.66251290034966e-19,0.45,0.45066901619872984,0.4506690161987764,1.0708375882790142e-14,2.770768923716515e-18,0.45,0.4506690848130937,0.45066908481305445,1.0708377513138664e-14,2.770768923722384e-18,0.45000003064577876,0.4499999892463014,49.93955921448604,49.879118428972085,49.829021909150384,49.8275079401584,49.827507940210104,49.825993971166405,49.82599397126983
788.0,0.0,0.45,0.4500000099460118,3.3326558224967844e-18,5.0893802158025167e-17,2.7729766184682462e-18,2.770134717492479e-18,0.4506690161987109,0.45000003064661653,0.4506690161987109,1.6625129003478995e-19,0.4506690848131133,0.4499999892454564,0.4506690848131133,1.66251290034966e-19,0.45,0.4506690161987109,0.4506690161987712,1.070837588278999e-14,2.770768923716515e-18,0.45,0.4506690848131133,0.4506690848130588,1.0708377513138797e-14,2.770768923722384e-18,0.4500000306457754,0.449999989246298,49.93955921448604,49.879118428972085,49.829021909150384,49.8275079401584,49.827507940210104,49.825993971166405,49.82599397126983
789.0,0.0,0.45,0.4500000099460107,3.332655822496785e-18,5.089380215801971e-17,2.7729766184682462e-18,2.770134717492479e-18,0.45066901619876054,0.45000003064611865,0.45066901619876065,1.6625129003478995e-19,0.4506690848130732,0.4499999892458585,0.4506690848130732,1.66251290034966e-19,0.45,0.45066901619876054,0.4506690161987635,1.0708375882789931e-14,2.770768923716515e-18,0.45,0.4506690848130732,0.45066908481306583,1.070837751313887e-14,2.7707689237223844e-18,0.45000003064572713,0.4499999892462498,49.939559214486046,49.879118428972085,49.829021909150384,49.8275079401584,49.827507940210104,49.825993971166405,49.82599397126984
790.0,0.0,0.45,0.45000000994601075,3.332655822496785e-18,5.089380215801991e-17,2.7729766184682462e-18,2.770134717492479e-18,0.4506690161987762,0.4500000306459622,0.4506690161987763,1.6625129003478995e-19,0.45066908481305723,0.4499999892460185,0.4506690848130572,1.6625129003496603e-19,0.45,0.4506690161987762,0.4506690161987616,1.0708375882789925e-14,2.770768923716515e-18,0.45,0.45066908481305723,0.4506690848130679,1.0708377513138882e-14,2.7707689237223844e-18,0.4500000306461488,0.44999998924583157,49.939559214486046,49.879118428972085,49.829021909150384,49.8275079401584,49.82750794021011,49.825993971166405,49.82599397126984
791.0,0.0,0.45,0.4500000099460114,3.332655822496785e-18,5.08938021580234e-17,2.7729766184682462e-18,2.770134717492479e-18,0.4506690161987626,0.45000003064609984,0.45066901619876254,1.6625129003478995e-19,0.4506690848130647,0.44999998924594203,0.4506690848130647,1.6625129003496603e-19,0.45,0.4506690161987626,0.4506690161987627,1.0708375882789917e-14,2.770768923716515e-18,0.45,0.4506690848130647,0.4506690848130672,1.0708377513138879e-14,2.770768923722384e-18,0.45000003064617966,0.44999998924586243,49.939559214486046,49.879118428972085,49.829021909150384,49.8275079401584,49.82750794021011,49.825993971166405,49.82599397126983
792.0,0.0,0.45,0.4500000099460121,3.3326558224967844e-18,5.0893802158026566e-17,2.7729766184682462e-18,2.770134717492479e-18,0.45066901619873606,0.4500000306463659,0.45066901619873595,1.6625129003478993e-19,0.45066908481308565,0.44999998924573165,0.4506690848130857,1.66251290034966e-19,0.45,0.45066901619873606,0.4506690161987636,1.0708375882789877e-14,2.770768923716515e-18,0.45,0.4506690848130857,0.45066908481306645,1.07083775131389e-14,2.770768923722384e-18,0.45000003064620764,0.4499999892458904,49.93955921448604,49.879118428972085,49.829021909150384,49.82750794015839,49.827507940210104,49.825993971166405,49.82599397126983
793.0,0.0,0.45,0.4500000099460121,3.3326558224967844e-18,5.0893802158025826e-17,2.7729766184682462e-18,2.770134717492479e-18,0.45066901619871313,0.4500000306465947,0.4506690161987131,1.6625129003478993e-19,0.4506690848131099,0.4499999892454896,0.45066908481310997,1.66251290034966e-19,0.45,0.45066901619871313,0.45066901619876115,1.0708375882789772e-14,2.770768923716515e-18,0.45,0.45066908481310997,0.4506690848130682,1.0708377513138988e-14,2.770768923722384e-18,0.45000003064620114,0.4499999892458839,49.93955921448604,49.879118428972085,49.829021909150384,49.82750794015839,49.827507940210104,49.825993971166405,49.82599397126983
794.0,0.0,0.45,0.45000000994601164,3.3326558224967844e-18,5.0893802158024544e-17,2.7729766184682462e-18,2.770134717492479e-18,0.4506690161988006,0.4500000306457169,0.45066901619880084,1.6625129003478993e-19,0.4506690848130246,0.4499999892463457,0.4506690848130245,1.66251290034966e-19,0.45,0.45066901619880073,0.4506690161987563,1.0708375882789865e-14,2.770768923716515e-18,0.45,0.4506690848130246,0.4506690848130713,1.0708377513138882e-14,2.7707689237223844e-18,0.45000003064618976,0.44999998924587253,49.93955921448604,49.879118428972085,49.829021909150384,49.82750794015839,49.827507940210104,49.825993971166405,49.82599397126984
795.0,0.0,0.45,0.4500000099460116,3.3326558224967844e-18,5.0893802158024335e-17,2.7729766184682462e-18,2.770134717492479e-18,0.4506690161988267,0.45000003064545674,0.4506690161988269,1.6625129003478993e-19,0.4506690848129989,0.44999998924660245,0.4506690848129988,1.66251290034966e-19,0.45,0.45066901619882677,0.4506690161987591,1.0708375882789985e-14,2.770768923716515e-18,0.45,0.45066908481299883,0.4506690848130677,1.0708377513138756e-14,2.7707689237223844e-18,0.45000003064618793,0.4499999892458707,49.93955921448604,49.879118428972085,49.829021909150384,49.82750794015839,49.827507940210104,49.825993971166405,49.82599397126984
796.0,0.0,0.45,0.45000000994601164,3.3326558224967844e-18,5.089380215802444e-17,2.7729766184682462e-18,2.770134717492479e-18,0.4506690161988067,0.4500000306456591,0.45066901619880667,1.6625129003478993e-19,0.45066908481301876,0.4499999892464018,0.4506690848130188,1.66251290034966e-19,0.45,0.45066901619880667,0.450669016198766,1.0708375882790087e-14,2.770768923716515e-18,0.45,0.45066908481301876,0.45066908481306084,1.0708377513138647e-14,2.7707689237223844e-18,0.4500000306461889,0.44999998924587165,49.93955921448604,49.879118428972085,49.829021909150384,49.82750794015839,49.827507940210104,49.825993971166405,49.82599397126984
797.0,0.0,0.45,0.45000000994601175,3.332655822496785e-18,5.089380215802457e-17,2.7729766184682462e-18,2.770134717492479e-18,0.45066901619878075,0.4500000306459194,0.45066901619878064,1.6625129003478993e-19,0.45066908481304446,0.4499999892461435,0.4506690848130446,1.66251290034966e-19,0.45,0.4506690161987807,0.45066901619877275,1.0708375882790176e-14,2.770768923716515e-18,0.45,0.45066908481304446,0.4506690848130541,1.0708377513138554e-14,2.770768923722384e-18,0.45000003064619,0.44999998924587276,49.939559214486046,49.879118428972085,49.829021909150384,49.82750794015839,49.827507940210104,49.825993971166405,49.82599397126983
798.0,0.0,0.45,0.45000000994601164,3.332655822496785e-18,5.089380215802442e-17,2.7729766184682462e-18,2.770134717492479e-18,0.45066901619878913,0.45000003064583344,0.4506690161987892,1.6625129003478993e-19,0.4506690848130363,0.44999998924622736,0.45066908481303625,1.66251290034966e-19,0.45,0.4506690161987892,0.4506690161987754,1.0708375882790251e-14,2.770768923716515e-18,0.45,0.45066908481303625,0.4506690848130512,1.0708377513138475e-14,2.770768923722384e-18,0.4500000306461887,0.4499999892458715,49.939559214486046,49.879118428972085,49.829021909150384,49.82750794015839,49.827507940210104,49.825993971166405,49.82599397126983
799.0,0.0,0.45,0.4500000099460107,3.332655822496785e-18,5.0893802158019626e-17,2.7729766184682462e-18,2.770134717492479e-18,0.45066901619875605,0.45000003064616595,0.45066901619875605,1.6625129003478995e-19,0.4506690848130779,0.4499999892458092,0.450669084813078,1.66251290034966e-19,0.45,0.45066901619875605,0.4506690161987755,1.070837588279018e-14,2.770768923716515e-18,0.45,0.450669084813078,0.4506690848130515,1.070837751313857e-14,2.7707689237223844e-18,0.45000003064572636,0.449999989246249,49.939559214486046,49.879118428972085,49.829021909150384,49.8275079401584,49.827507940210104,49.825993971166405,49.82599397126984
800.0,0.0,0.45,0.4500000099460108,3.332655822496785e-18,5.089380215801994e-17,2.7729766184682462e-18,2.770134717492479e-18,0.450669016198758,0.4500000306461464,0.450669016198758,1.6625129003478995e-19,0.45066908481307544,0.4499999892458341,0.4506690848130755,1.6625129003496603e-19,0.45,0.450669016198758,0.4506690161987747,1.0708375882790168e-14,2.770768923716515e-18,0.45,0.4506690848130755,0.45066908481305296,1.0708377513138593e-14,2.7707689237223844e-18,0.4500000306461491,0.44999998924583184,49.939559214486046,49.879118428972085,49.829021909150384,49.8275079401584,49.82750794021011,49.825993971166405,49.82599397126984
801.0,0.0,0.45,0.4500000099460114,3.332655822496785e-18,5.0893802158023275e-17,2.7729766184682462e-18,2.770134717492479e-18,0.45066901619878486,0.4500000306458766,0.4506690161987849,1.6625129003478993e-19,0.4506690848130427,0.4499999892461632,0.45066908481304263,1.6625129003496603e-19,0.45,0.4506690161987849,0.4506690161987741,1.0708375882790212e-14,2.770768923716515e-18,0.45,0.45066908481304263,0.45066908481305407,1.0708377513138546e-14,2.7707689237223844e-18,0.45000003064659855,0.4499999892454413,49.939559214486046,49.879118428972085,49.829021909150384,49.82750794015839,49.82750794021011,49.825993971166405,49.82599397126984
802.0,0.0,0.45,0.45000000994601197,3.332655822496785e-18,5.089380215802618e-17,2.7729766184682462e-18,2.770134717492479e-18,0.4506690161988085,0.45000003064563926,0.45066901619880856,1.6625129003478993e-19,0.4506690848130138,0.4499999892464525,0.45066908481301376,1.66251290034966e-19,0.45,0.45066901619880856,0.45066901619877503,1.0708375882790284e-14,2.770768923716515e-18,0.45,0.45066908481301376,0.4506690848130531,1.0708377513138464e-14,2.7707689237223844e-18,0.45000003064620425,0.449999989245887,49.939559214486046,49.879118428972085,49.829021909150384,49.82750794015839,49.827507940210104,49.825993971166405,49.82599397126984
803.0,0.0,0.45,0.45000000994601175,3.332655822496785e-18,5.089380215802522e-17,2.7729766184682462e-18,2.770134717492479e-18,0.45066901619880095,0.45000003064571686,0.45066901619880084,1.6625129003478993e-19,0.45066908481302304,0.44999998924635826,0.45066908481302315,1.66251290034966e-19,0.45,0.4506690161988009,0.450669016198779,1.0708375882790352e-14,2.770768923716515e-18,0.45,0.4506690848130231,0.45066908481304857,1.0708377513138385e-14,2.770768923722384e-18,0.45000003064619576,0.44999998924587853,49.939559214486046,49.879118428972085,49.829021909150384,49.82750794015839,49.827507940210104,49.825993971166405,49.82599397126983
804.0,0.0,0.45,0.4500000099460107,3.332655822496785e-18,5.0893802158019645e-17,2.7729766184682462e-18,2.770134717492479e-18,0.45066901619879907,0.4500000306457353,0.45066901619879907,1.6625129003478993e-19,0.45066908481303486,0.4499999892462404,0.45066908481303486,1.66251290034966e-19,0.45,0.45066901619879907,0.45066901619878363,1.0708375882790452e-14,2.770768923716515e-18,0.45,0.45066908481303486,0.4506690848130433,1.07083775131383e-14,2.7707689237223844e-18,0.45000003064614646,0.44999998924582923,49.939559214486046,49.879118428972085,49.829021909150384,49.82750794015839,49.827507940210104,49.825993971166405,49.82599397126984
805.0,0.0,0.45,0.4500000099460103,3.332655822496785e-18,5.089380215801778e-17,2.7729766184682462e-18,2.770134717492479e-18,0.45066901619878263,0.45000003064589916,0.4506690161987827,1.6625129003478993e-19,0.45066908481305457,0.4499999892460435,0.45066908481305457,1.66251290034966e-19,0.45,0.4506690161987827,0.45066901619878474,1.070837588279044e-14,2.770768923716515e-18,0.45,0.45066908481305457,0.45066908481304274,1.0708377513138334e-14,2.7707689237223844e-18,0.45000003064613,0.44999998924581275,49.939559214486046,49.879118428972085,49.829021909150384,49.82750794015839,49.827507940210104,49.825993971166405,49.82599397126984
806.0,0.0,0.45,0.4500000099460105,3.332655822496785e-18,5.0893802158018794e-17,2.7729766184682462e-18,2.770134717492479e-18,0.4506690161987625,0.4500000306461009,0.4506690161987625,1.6625129003478995e-19,0.4506690848130729,0.4499999892458604,0.4506690848130729,1.66251290034966e-19,0.45,0.45066901619876254,0.4506690161987833,1.0708375882790365e-14,2.770768923716515e-18,0.45,0.4506690848130729,0.4506690848130453,1.0708377513138432e-14,2.7707689237223844e-18,0.450000030645719,0.4499999892462416,49.939559214486046,49.879118428972085,49.829021909150384,49.8275079401584,49.827507940210104,49.825993971166405,49.82599397126984
807.0,0.0,0.45,0.4500000099460111,3.332655822496785e-18,5.089380215802137e-17,2.7729766184682462e-18,2.770134717492479e-18,0.45066901619875765,0.450000030646149,0.45066901619875765,1.6625129003478995e-19,0.45066908481307316,0.4499999892458581,0.45066908481307316,1.66251290034966e-19,0.45,0.45066901619875765,0.45066901619878025,1.070837588279029e-14,2.770768923716515e-18,0.45,0.45066908481307316,0.4506690848130493,1.0708377513138522e-14,2.770768923722384e-18,0.4500000306457418,0.44999998924626444,49.939559214486046,49.879118428972085,49.829021909150384,49.8275079401584,49.827507940210104,49.825993971166405,49.82599397126983
808.0,0.0,0.45,0.45000000994601164,3.332655822496785e-18,5.089380215802415e-17,2.7729766184682462e-18,2.770134717492479e-18,0.4506690161987872,0.45000003064585203,0.4506690161987873,1.6625129003478995e-19,0.45066908481303875,0.4499999892462038,0.45066908481303863,1.6625129003496603e-19,0.45,0.45066901619878724,0.4506690161987767,1.070837588279028e-14,2.770768923716515e-18,0.45,0.4506690848130387,0.45066908481305296,1.0708377513138532e-14,2.7707689237223844e-18,0.4500000306461863,0.4499999892458691,49.939559214486046,49.879118428972085,49.829021909150384,49.8275079401584,49.82750794021011,49.825993971166405,49.82599397126984
809.0,0.0,0.45,0.4500000099460117,3.3326558224967844e-18,5.089380215802464e-17,2.7729766184682462e-18,2.770134717492479e-18,0.45066901619879396,0.4500000306457865,0.4506690161987939,1.6625129003478993e-19,0.45066908481303103,0.44999998924627815,0.4506690848130311,1.66251290034966e-19,0.45,0.45066901619879396,0.45066901619878197,1.0708375882790403e-14,2.770768923716515e-18,0.45,0.4506690848130311,0.4506690848130481,1.0708377513138393e-14,2.7707689237223844e-18,0.45000003064619065,0.4499999892458734,49.93955921448604,49.879118428972085,49.829021909150384,49.82750794015839,49.827507940210104,49.825993971166405,49.82599397126984
810.0,0.0,0.45,0.4500000099460117,3.3326558224967844e-18,5.0893802158024717e-17,2.7729766184682462e-18,2.770134717492479e-18,0.4506690161987608,0.4500000306461185,0.45066901619876076,1.6625129003478993e-19,0.450669084813064,0.44999998924594736,0.4506690848130641,1.66251290034966e-19,0.45,0.4506690161987608,0.45066901619878236,1.0708375882790337e-14,2.770768923716515e-18,0.45,0.4506690848130641,0.4506690848130474,1.0708377513138443e-14,2.7707689237223844e-18,0.4500000306461913,0.4499999892458741,49.93955921448604,49.879118428972085,49.829021909150384,49.82750794015839,49.827507940210104,49.825993971166405,49.82599397126984
811.0,0.0,0.45,0.4500000099460117,3.3326558224967844e-18,5.08938021580247e-17,2.7729766184682462e-18,2.770134717492479e-18,0.4506690161987217,0.4500000306465096,0.45066901619872163,1.6625129003478995e-19,0.45066908481310325,0.44999998924555557,0.45066908481310336,1.66251290034966e-19,0.45,0.4506690161987217,0.4506690161987777,1.0708375882790152e-14,2.770768923716515e-18,0.45,0.4506690848131033,0.4506690848130513,1.0708377513138615e-14,2.7707689237223844e-18,0.4500000306457712,0.44999998924629386,49.93955921448604,49.879118428972085,49.829021909150384,49.8275079401584,49.827507940210104,49.825993971166405,49.82599397126984
812.0,0.0,0.45,0.4500000099460117,3.332655822496785e-18,5.089380215802459e-17,2.7729766184682462e-18,2.770134717492479e-18,0.4506690161987057,0.4500000306466679,0.45066901619870575,1.6625129003478995e-19,0.45066908481311946,0.44999998924539514,0.45066908481311946,1.66251290034966e-19,0.45,0.45066901619870575,0.45066901619876987,1.0708375882789947e-14,2.770768923716515e-18,0.45,0.45066908481311946,0.4506690848130584,1.0708377513138808e-14,2.7707689237223844e-18,0.4500000306457702,0.44999998924629286,49.939559214486046,49.879118428972085,49.829021909150384,49.8275079401584,49.827507940210104,49.825993971166405,49.82599397126984
813.0,0.0,0.45,0.4500000099460117,3.332655822496785e-18,5.0893802158024415e-17,2.7729766184682462e-18,2.770134717492479e-18,0.45066901619874217,0.4500000306463013,0.45066901619874233,1.6625129003478993e-19,0.4506690848130833,0.44999998924575857,0.45066908481308315,1.66251290034966e-19,0.45,0.4506690161987423,0.45066901619876065,1.0708375882789825e-14,2.770768923716515e-18,0.45,0.4506690848130832,0.4506690848130675,1.070837751313892e-14,2.7707689237223844e-18,0.45000003064618865,0.4499999892458714,49.939559214486046,49.879118428972085,49.829021909150384,49.82750794015839,49.827507940210104,49.825993971166405,49.82599397126984
814.0,0.0,0.45,0.4500000099460117,3.3326558224967844e-18,5.0893802158024624e-17,2.7729766184682462e-18,2.770134717492479e-18,0.4506690161987527,0.45000003064619876,0.45066901619875266,1.6625129003478995e-19,0.45066908481307244,0.4499999892458646,0.4506690848130725,1.66251290034966e-19,0.45,0.45066901619875266,0.4506690161987603,1.0708375882789844e-14,2.770768923716515e-18,0.45,0.4506690848130725,0.450669084813067,1.0708377513138893e-14,2.7707689237223844e-18,0.45000003064577054,0.4499999892462932,49.93955921448604,49.879118428972085,49.829021909150384,49.8275079401584,49.827507940210104,49.825993971166405,49.82599397126984
815.0,0.0,0.45,0.4500000099460117,3.3326558224967844e-18,5.0893802158024754e-17,2.7729766184682462e-18,2.770134717492479e-18,0.4506690161987346,0.45000003064638033,0.45066901619873456,1.6625129003478995e-19,0.4506690848130902,0.4499999892456862,0.4506690848130903,1.66251290034966e-19,0.45,0.4506690161987346,0.4506690161987582,1.070837588278976e-14,2.770768923716515e-18,0.45,0.45066908481309026,0.45066908481306867,1.0708377513138969e-14,2.770768923722384e-18,0.4500000306457717,0.44999998924629436,49.93955921448604,49.879118428972085,49.829021909150384,49.8275079401584,49.827507940210104,49.825993971166405,49.82599397126983
816.0,0.0,0.45,0.45000000994601164,3.332655822496785e-18,5.089380215802479e-17,2.7729766184682462e-18,2.770134717492479e-18,0.4506690161987153,0.4500000306465734,0.45066901619871524,1.6625129003478995e-19,0.4506690848131095,0.4499999892454936,0.4506690848131096,1.66251290034966e-19,0.45,0.4506690161987153,0.45066901619875377,1.0708375882789623e-14,2.770768923716515e-18,0.45,0.4506690848131095,0.450669084813073,1.07083775131391e-14,2.770768923722384e-18,0.45000003064577204,0.4499999892462947,49.939559214486046,49.879118428972085,49.829021909150384,49.8275079401584,49.827507940210104,49.825993971166405,49.82599397126983
817.0,0.0,0.45,0.45000000994601164,3.332655822496785e-18,5.089380215802482e-17,2.7729766184682462e-18,2.770134717492479e-18,0.4506690161987128,0.45000003064659727,0.4506690161987128,1.6625129003478995e-19,0.4506690848131124,0.4499999892454663,0.4506690848131123,1.66251290034966e-19,0.45,0.4506690161987128,0.4506690161987483,1.0708375882789497e-14,2.770768923716515e-18,0.45,0.45066908481311235,0.45066908481307855,1.070837751313922e-14,2.770768923722384e-18,0.4500000306457723,0.449999989246295,49.939559214486046,49.879118428972085,49.829021909150384,49.8275079401584,49.827507940210104,49.825993971166405,49.82599397126983
818.0,0.0,0.45,0.45000000994601164,3.3326558224967844e-18,5.0893802158024926e-17,2.7729766184682462e-18,2.770134717492479e-18,0.4506690161987452,0.4500000306462715,0.4506690161987454,1.6625129003478993e-19,0.4506690848130807,0.44999998924578355,0.4506690848130806,1.66251290034966e-19,0.45,0.45066901619874533,0.45066901619874294,1.070837588278945e-14,2.770768923716515e-18,0.45,0.4506690848130807,0.4506690848130837,1.0708377513139262e-14,2.7707689237223844e-18,0.45000003064619315,0.4499999892458759,49.93955921448604,49.879118428972085,49.829021909150384,49.82750794015839,49.827507940210104,49.825993971166405,49.82599397126984
819.0,0.0,0.45,0.4500000099460117,3.332655822496785e-18,5.089380215802459e-17,2.7729766184682462e-18,2.770134717492479e-18,0.4506690161987982,0.4500000306457424,0.4506690161987983,1.6625129003478993e-19,0.4506690848130269,0.44999998924632173,0.4506690848130268,1.66251290034966e-19,0.45,0.45066901619879823,0.45066901619874417,1.0708375882789597e-14,2.770768923716515e-18,0.45,0.45066908481302687,0.4506690848130819,1.0708377513139117e-14,2.7707689237223844e-18,0.45000003064619015,0.4499999892458729,49.939559214486046,49.879118428972085,49.829021909150384,49.82750794015839,49.827507940210104,49.825993971166405,49.82599397126984
820.0,0.0,0.45,0.45000000994601175,3.332655822496785e-18,5.089380215802484e-17,2.7729766184682462e-18,2.7701347174924792e-18,0.4506690161988136,0.4500000306455892,0.4506690161988136,1.6625129003478993e-19,0.4506690848130105,0.44999998924648527,0.4506690848130105,1.66251290034966e-19,0.45,0.4506690161988136,0.4506690161987506,1.070837588278977e-14,2.770768923716515e-18,0.45,0.45066908481301043,0.4506690848130751,1.0708377513138937e-14,2.770768923722384e-18,0.4500000306461924,0.44999998924587514,49.939559214486046,49.879118428972085,49.82902190915039,49.82750794015839,49.827507940210104,49.825993971166405,49.82599397126983
821.0,0.0,0.45,0.45000000994601175,3.332655822496785e-18,5.08938021580249e-17,2.7729766184682462e-18,2.770134717492479e-18,0.4506690161988031,0.4500000306456948,0.45066901619880306,1.6625129003478993e-19,0.45066908481302126,0.4499999892463766,0.4506690848130213,1.66251290034966e-19,0.45,0.4506690161988031,0.45066901619875877,1.0708375882789922e-14,2.770768923716515e-18,0.45,0.4506690848130213,0.45066908481306683,1.0708377513138776e-14,2.770768923722384e-18,0.45000003064619293,0.4499999892458757,49.939559214486046,49.879118428972085,49.829021909150384,49.82750794015839,49.827507940210104,49.825993971166405,49.82599397126983
822.0,0.0,0.45,0.4500000099460115,3.332655822496785e-18,5.089380215802382e-17,2.7729766184682462e-18,2.770134717492479e-18,0.45066901619878075,0.4500000306459191,0.45066901619878064,1.6625129003478995e-19,0.4506690848130464,0.4499999892461241,0.4506690848130465,1.66251290034966e-19,0.45,0.45066901619878075,0.4506690161987659,1.0708375882790026e-14,2.770768923716515e-18,0.45,0.4506690848130465,0.45066908481305973,1.0708377513138672e-14,2.770768923722384e-18,0.45000003064576344,0.4499999892462861,49.939559214486046,49.879118428972085,49.829021909150384,49.8275079401584,49.827507940210104,49.825993971166405,49.82599397126983
823.0,0.0,0.45,0.450000009946011,3.3326558224967844e-18,5.089380215802062e-17,2.7729766184682462e-18,2.770134717492479e-18,0.45066901619876043,0.45000003064612193,0.4506690161987604,1.6625129003478993e-19,0.4506690848130732,0.44999998924585627,0.45066908481307333,1.66251290034966e-19,0.45,0.45066901619876043,0.45066901619876915,1.0708375882790053e-14,2.770768923716515e-18,0.45,0.4506690848130733,0.45066908481305645,1.0708377513138661e-14,2.7707689237223844e-18,0.45000003064615507,0.44999998924583784,49.93955921448604,49.879118428972085,49.829021909150384,49.82750794015839,49.827507940210104,49.825993971166405,49.82599397126984
824.0,0.0,0.45,0.45000000994601175,3.3326558224967844e-18,5.089380215802472e-17,2.7729766184682462e-18,2.770134717492479e-18,0.45066901619875255,0.45000003064620003,0.4506690161987526,1.6625129003478995e-19,0.45066908481307233,0.44999998924586576,0.4506690848130724,1.66251290034966e-19,0.45,0.45066901619875255,0.45066901619876937,1.070837588279004e-14,2.770768923716515e-18,0.45,0.45066908481307233,0.4506690848130566,1.0708377513138666e-14,2.7707689237223844e-18,0.45000003064577143,0.4499999892462941,49.93955921448604,49.879118428972085,49.829021909150384,49.8275079401584,49.827507940210104,49.825993971166405,49.82599397126984
825.0,0.0,0.45,0.4500000099460115,3.332655822496785e-18,5.089380215802427e-17,2.7729766184682462e-18,2.770134717492479e-18,0.45066901619873473,0.45000003064637867,0.45066901619873473,1.6625129003478995e-19,0.45066908481309054,0.4499999892456838,0.4506690848130906,1.66251290034966e-19,0.45,0.4506690161987347,0.4506690161987663,1.0708375882789936e-14,2.770768923716515e-18,0.45,0.45066908481309054,0.4506690848130601,1.0708377513138781e-14,2.770768923722384e-18,0.45000003064576743,0.4499999892462901,49.939559214486046,49.879118428972085,49.829021909150384,49.8275079401584,49.827507940210104,49.825993971166405,49.82599397126983
826.0,0.0,0.45,0.4500000099460109,3.332655822496785e-18,5.089380215802119e-17,2.7729766184682462e-18,2.770134717492479e-18,0.45066901619871835,0.45000003064654215,0.4506690161987183,1.6625129003478993e-19,0.4506690848131127,0.4499999892454622,0.45066908481311274,1.66251290034966e-19,0.45,0.45066901619871835,0.45066901619876104,1.0708375882789784e-14,2.770768923716515e-18,0.45,0.4506690848131127,0.45066908481306595,1.0708377513138951e-14,2.770768923722384e-18,0.4500000306461601,0.4499999892458429,49.939559214486046,49.879118428972085,49.829021909150384,49.82750794015839,49.827507940210104,49.825993971166405,49.82599397126983
827.0,0.0,0.45,0.45000000994601064,3.332655822496785e-18,5.089380215801953e-17,2.7729766184682462e-18,2.770134717492479e-18,0.45066901619871746,0.45000003064655053,0.4506690161987174,1.6625129003478993e-19,0.45066908481311696,0.44999998924541995,0.45066908481311696,1.66251290034966e-19,0.45,0.45066901619871746,0.45066901619875493,1.0708375882789647e-14,2.770768923716515e-18,0.45,0.4506690848131169,0.4506690848130729,1.0708377513139106e-14,2.770768923722384e-18,0.4500000306461454,0.4499999892458282,49.939559214486046,49.879118428972085,49.829021909150384,49.82750794015839,49.827507940210104,49.825993971166405,49.82599397126983
828.0,0.0,0.45,0.45000000994601147,3.3326558224967844e-18,5.0893802158023336e-17,2.7729766184682462e-18,2.770134717492479e-18,0.45066901619874605,0.4500000306462638,0.4506690161987461,1.6625129003478993e-19,0.45066908481308154,0.4499999892457761,0.4506690848130814,1.66251290034966e-19,0.45,0.45066901619874605,0.4506690161987493,1.0708375882789587e-14,2.770768923716515e-18,0.45,0.45066908481308143,0.45066908481307966,1.0708377513139169e-14,2.770768923722384e-18,0.4500000306461791,0.4499999892458619,49.93955921448604,49.879118428972085,49.829021909150384,49.82750794015839,49.827507940210104,49.825993971166405,49.82599397126983
829.0,0.0,0.45,0.4500000099460117,3.3326558224967844e-18,5.089380215802463e-17,2.7729766184682462e-18,2.770134717492479e-18,0.4506690161987974,0.450000030645751,0.45066901619879746,1.6625129003478993e-19,0.45066908481302775,0.4499999892463131,0.45066908481302764,1.66251290034966e-19,0.45,0.4506690161987974,0.4506690161987515,1.0708375882789751e-14,2.770768923716515e-18,0.45,0.45066908481302775,0.45066908481307627,1.0708377513138997e-14,2.7707689237223844e-18,0.45000003064619054,0.4499999892458733,49.93955921448604,49.879118428972085,49.829021909150384,49.82750794015839,49.827507940210104,49.825993971166405,49.82599397126984
830.0,0.0,0.45,0.45000000994601175,3.3326558224967844e-18,5.0893802158024976e-17,2.7729766184682462e-18,2.770134717492479e-18,0.45066901619879496,0.4500000306457763,0.45066901619879496,1.6625129003478993e-19,0.4506690848130295,0.4499999892462947,0.4506690848130295,1.6625129003496603e-19,0.45,0.45066901619879496,0.4506690161987557,1.070837588278984e-14,2.770768923716515e-18,0.45,0.4506690848130295,0.4506690848130712,1.0708377513138898e-14,2.7707689237223844e-18,0.4500000306466136,0.44999998924545637,49.93955921448604,49.879118428972085,49.829021909150384,49.82750794015839,49.82750794021011,49.825993971166405,49.82599397126984
831.0,0.0,0.45,0.4500000099460117,3.3326558224967844e-18,5.0893802158024883e-17,2.7729766184682462e-18,2.770134717492479e-18,0.45066901619876515,0.4500000306460749,0.4506690161987651,1.6625129003478995e-19,0.45066908481305945,0.44999998924599394,0.4506690848130595,1.66251290034966e-19,0.45,0.45066901619876515,0.4506690161987594,1.0708375882789852e-14,2.770768923716515e-18,0.45,0.4506690848130595,0.4506690848130673,1.0708377513138872e-14,2.770768923722384e-18,0.4500000306457728,0.4499999892462955,49.93955921448604,49.879118428972085,49.829021909150384,49.8275079401584,49.827507940210104,49.825993971166405,49.82599397126983
832.0,0.0,0.45,0.4500000099460115,3.3326558224967844e-18,5.089380215802359e-17,2.7729766184682462e-18,2.770134717492479e-18,0.45066901619874006,0.4500000306463252,0.45066901619874,1.6625129003478995e-19,0.4506690848130872,0.4499999892457168,0.4506690848130872,1.66251290034966e-19,0.45,0.45066901619874006,0.4506690161987609,1.070837588278983e-14,2.770768923716515e-18,0.45,0.4506690848130872,0.4506690848130657,1.0708377513138893e-14,2.770768923722384e-18,0.4500000306457614,0.44999998924628404,49.93955921448604,49.879118428972085,49.829021909150384,49.8275079401584,49.827507940210104,49.825993971166405,49.82599397126983
833.0,0.0,0.45,0.450000009946011,3.332655822496785e-18,5.0893802158020335e-17,2.7729766184682462e-18,2.770134717492479e-18,0.4506690161987519,0.4500000306462057,0.45066901619875194,1.6625129003478995e-19,0.4506690848130821,0.4499999892457694,0.450669084813082,1.66251290034966e-19,0.45,0.4506690161987519,0.4506690161987587,1.070837588278981e-14,2.770768923716515e-18,0.45,0.45066908481308204,0.45066908481306767,1.0708377513138928e-14,2.770768923722384e-18,0.45000003064573263,0.4499999892462553,49.939559214486046,49.879118428972085,49.829021909150384,49.8275079401584,49.827507940210104,49.825993971166405,49.82599397126983
834.0,0.0,0.45,0.45000000994601175,3.3326558224967844e-18,5.089380215802483e-17,2.7729766184682462e-18,2.770134717492479e-18,0.4506690161987533,0.4500000306461925,0.45066901619875327,1.6625129003478995e-19,0.4506690848130714,0.4499999892458754,0.45066908481307144,1.66251290034966e-19,0.45,0.4506690161987533,0.450669016198758,1.0708375882789799e-14,2.770768923716515e-18,0.45,0.4506690848130714,0.4506690848130693,1.070837751313894e-14,2.7707689237223844e-18,0.4500000306457724,0.44999998924629503,49.93955921448604,49.879118428972085,49.829021909150384,49.8275079401584,49.827507940210104,49.825993971166405,49.82599397126984
835.0,0.0,0.45,0.4500000099460121,3.3326558224967844e-18,5.089380215802673e-17,2.7729766184682462e-18,2.770134717492479e-18,0.4506690161987515,0.4500000306462113,0.45066901619875144,1.6625129003478995e-19,0.45066908481306944,0.4499999892458945,0.45066908481306955,1.6625129003496603e-19,0.45,0.4506690161987515,0.45066901619875754,1.0708375882789783e-14,2.770768923716515e-18,0.45,0.45066908481306944,0.4506690848130698,1.0708377513138946e-14,2.7707689237223844e-18,0.45000003064620914,0.4499999892458919,49.93955921448604,49.879118428972085,49.829021909150384,49.8275079401584,49.82750794021011,49.825993971166405,49.82599397126984
836.0,0.0,0.45,0.45000000994601186,3.3326558224967844e-18,5.0893802158025586e-17,2.7729766184682462e-18,2.770134717492479e-18,0.4506690161987526,0.4500000306461995,0.4506690161987526,1.6625129003478995e-19,0.45066908481307066,0.44999998924588247,0.4506690848130707,1.6625129003496603e-19,0.45,0.4506690161987526,0.4506690161987568,1.0708375882789769e-14,2.770768923716515e-18,0.45,0.4506690848130707,0.4506690848130699,1.070837751313895e-14,2.7707689237223844e-18,0.450000030646199,0.44999998924588175,49.93955921448604,49.879118428972085,49.829021909150384,49.8275079401584,49.82750794021011,49.825993971166405,49.82599397126984
837.0,0.0,0.45,0.4500000099460114,3.332655822496785e-18,5.0893802158022843e-17,2.7729766184682462e-18,2.770134717492479e-18,0.4506690161987552,0.45000003064617317,0.4506690161987552,1.6625129003478995e-19,0.4506690848130734,0.4499999892458559,0.4506690848130734,1.6625129003496603e-19,0.45,0.4506690161987552,0.45066901619875616,1.0708375882789759e-14,2.770768923716515e-18,0.45,0.4506690848130734,0.45066908481307,1.0708377513138956e-14,2.7707689237223844e-18,0.4500000306461747,0.4499999892458575,49.939559214486046,49.879118428972085,49.829021909150384,49.8275079401584,49.82750794021011,49.825993971166405,49.82599397126984
838.0,0.0,0.45,0.4500000099460109,3.332655822496785e-18,5.089380215801996e-17,2.7729766184682462e-18,2.770134717492479e-18,0.45066901619875765,0.4500000306461485,0.4506690161987577,1.6625129003478993e-19,0.45066908481307577,0.44999998924583134,0.45066908481307577,1.66251290034966e-19,0.45,0.45066901619875765,0.450669016198756,1.0708375882789759e-14,2.770768923716515e-18,0.45,0.45066908481307577,0.4506690848130705,1.0708377513138969e-14,2.7707689237223844e-18,0.45000003064614924,0.449999989245832,49.939559214486046,49.879118428972085,49.829021909150384,49.82750794015839,49.827507940210104,49.825993971166405,49.82599397126984
839.0,0.0,0.45,0.45000000994601075,3.332655822496785e-18,5.089380215801981e-17,2.7729766184682462e-18,2.770134717492479e-18,0.45066901619875777,0.45000003064614774,0.45066901619875777,1.6625129003478995e-19,0.4506690848130759,0.4499999892458306,0.4506690848130759,1.66251290034966e-19,0.45,0.45066901619875777,0.450669016198756,1.0708375882789764e-14,2.770768923716515e-18,0.45,0.4506690848130759,0.4506690848130708,1.0708377513138984e-14,2.7707689237223844e-18,0.45000003064572797,0.4499999892462506,49.939559214486046,49.879118428972085,49.829021909150384,49.8275079401584,49.827507940210104,49.825993971166405,49.82599397126984
840.0,0.0,0.45,0.45000000994601064,3.332655822496785e-18,5.0893802158019565e-17,2.7729766184682462e-18,2.770134717492479e-18,0.450669016198758,0.45000003064614563,0.45066901619875793,1.6625129003478995e-19,0.4506690848130761,0.4499999892458285,0.4506690848130761,1.6625129003496603e-19,0.45,0.450669016198758,0.45066901619875627,1.0708375882789772e-14,2.770768923716515e-18,0.45,0.4506690848130761,0.4506690848130715,1.0708377513139002e-14,2.7707689237223844e-18,0.45000003064614574,0.4499999892458285,49.939559214486046,49.879118428972085,49.829021909150384,49.8275079401584,49.82750794021011,49.825993971166405,49.82599397126984
841.0,0.0,0.45,0.4500000099460107,3.332655822496785e-18,5.0893802158019614e-17,2.7729766184682462e-18,2.770134717492479e-18,0.45066901619875793,0.4500000306461462,0.4506690161987579,1.6625129003478995e-19,0.4506690848130761,0.44999998924582907,0.45066908481307605,1.66251290034966e-19,0.45,0.45066901619875793,0.4506690161987566,1.0708375882789778e-14,2.770768923716515e-18,0.45,0.45066908481307605,0.45066908481307233,1.0708377513139016e-14,2.7707689237223844e-18,0.45000003064572625,0.4499999892462489,49.939559214486046,49.879118428972085,49.829021909150384,49.8275079401584,49.827507940210104,49.825993971166405,49.82599397126984
842.0,0.0,0.45,0.45000000994601097,3.332655822496785e-18,5.089380215802079e-17,2.7729766184682462e-18,2.770134717492479e-18,0.4506690161987569,0.4500000306461566,0.4506690161987569,1.6625129003478995e-19,0.45066908481307505,0.44999998924583956,0.450669084813075,1.66251290034966e-19,0.45,0.4506690161987569,0.4506690161987569,1.070837588278978e-14,2.770768923716515e-18,0.45,0.45066908481307505,0.45066908481307305,1.0708377513139025e-14,2.7707689237223844e-18,0.4500000306457367,0.44999998924625934,49.939559214486046,49.879118428972085,49.829021909150384,49.8275079401584,49.827507940210104,49.825993971166405,49.82599397126984
843.0,0.0,0.45,0.4500000099460116,3.3326558224967844e-18,5.0893802158023934e-17,2.7729766184682462e-18,2.770134717492479e-18,0.45066901619875416,0.4500000306461843,0.45066901619875416,1.6625129003478995e-19,0.4506690848130722,0.4499999892458672,0.4506690848130722,1.66251290034966e-19,0.45,0.45066901619875416,0.45066901619875693,1.0708375882789775e-14,2.770768923716515e-18,0.45,0.4506690848130723,0.45066908481307333,1.0708377513139027e-14,2.7707689237223844e-18,0.45000003064576444,0.4499999892462871,49.93955921448604,49.879118428972085,49.829021909150384,49.8275079401584,49.827507940210104,49.825993971166405,49.82599397126984
844.0,0.0,0.45,0.4500000099460117,3.3326558224967844e-18,5.089380215802468e-17,2.7729766184682462e-18,2.770134717492479e-18,0.4506690161987963,0.45000003064576205,0.45066901619879635,1.6625129003478993e-19,0.45066908481302864,0.44999998924630324,0.45066908481302864,1.66251290034966e-19,0.45,0.4506690161987963,0.4506690161987615,1.0708375882789966e-14,2.770768923716515e-18,0.45,0.45066908481302864,0.45066908481306817,1.0708377513138823e-14,2.7707689237223844e-18,0.450000030646191,0.44999998924587375,49.93955921448604,49.879118428972085,49.829021909150384,49.82750794015839,49.827507940210104,49.825993971166405,49.82599397126984
845.0,0.0,0.45,0.45000000994601175,3.3326558224967844e-18,5.089380215802501e-17,2.7729766184682462e-18,2.770134717492479e-18,0.45066901619877286,0.45000003064599675,0.45066901619877286,1.6625129003478993e-19,0.45066908481305135,0.44999998924607554,0.4506690848130514,1.66251290034966e-19,0.45,0.45066901619877286,0.4506690161987628,1.0708375882789945e-14,2.770768923716515e-18,0.45,0.45066908481305135,0.450669084813066,1.0708377513138827e-14,2.770768923722384e-18,0.4500000306461939,0.4499999892458767,49.93955921448604,49.879118428972085,49.829021909150384,49.82750794015839,49.827507940210104,49.825993971166405,49.82599397126983
846.0,0.0,0.45,0.4500000099460117,3.332655822496785e-18,5.08938021580249e-17,2.7729766184682462e-18,2.770134717492479e-18,0.4506690161987245,0.4500000306464815,0.4506690161987244,1.6625129003478993e-19,0.45066908481310003,0.44999998924558837,0.4506690848131001,1.66251290034966e-19,0.45,0.45066901619872446,0.4506690161987606,1.0708375882789792e-14,2.770768923716515e-18,0.45,0.45066908481310003,0.45066908481306744,1.0708377513138964e-14,2.770768923722384e-18,0.45000003064619293,0.4499999892458757,49.939559214486046,49.879118428972085,49.829021909150384,49.82750794015839,49.827507940210104,49.825993971166405,49.82599397126983
847.0,0.0,0.45,0.4500000099460114,3.332655822496785e-18,5.089380215802364e-17,2.7729766184682462e-18,2.770134717492479e-18,0.45066901619870775,0.45000003064664856,0.4506690161987077,1.6625129003478995e-19,0.4506690848131195,0.44999998924539475,0.45066908481311946,1.66251290034966e-19,0.45,0.4506690161987077,0.45066901619875566,1.0708375882789649e-14,2.770768923716515e-18,0.45,0.45066908481311946,0.4506690848130718,1.07083775131391e-14,2.770768923722384e-18,0.45000003064576183,0.4499999892462845,49.939559214486046,49.879118428972085,49.829021909150384,49.8275079401584,49.827507940210104,49.825993971166405,49.82599397126983
848.0,0.0,0.45,0.4500000099460108,3.332655822496785e-18,5.089380215802051e-17,2.7729766184682462e-18,2.770134717492479e-18,0.45066901619877914,0.4500000306459305,0.4506690161987794,1.6625129003478995e-19,0.45066908481305457,0.44999998924604734,0.45066908481305434,1.66251290034966e-19,0.45,0.45066901619877925,0.45066901619874883,1.0708375882789657e-14,2.770768923716515e-18,0.45,0.45066908481305445,0.4506690848130783,1.0708377513139103e-14,2.770768923722384e-18,0.45000003064573413,0.4499999892462568,49.939559214486046,49.879118428972085,49.829021909150384,49.8275079401584,49.827507940210104,49.825993971166405,49.82599397126983
849.0,0.0,0.45,0.4500000099460108,3.332655822496785e-18,5.089380215801997e-17,2.7729766184682462e-18,2.770134717492479e-18,0.4506690161987551,0.450000030646176,0.45066901619875505,1.6625129003478995e-19,0.4506690848130782,0.44999998924580586,0.4506690848130783,1.66251290034966e-19,0.45,0.45066901619875505,0.45066901619875316,1.0708375882789694e-14,2.770768923716515e-18,0.45,0.45066908481307827,0.4506690848130753,1.0708377513139084e-14,2.7707689237223844e-18,0.4500000306457294,0.44999998924625206,49.939559214486046,49.879118428972085,49.829021909150384,49.8275079401584,49.827507940210104,49.825993971166405,49.82599397126984
850.0,0.0,0.45,0.4500000099460108,3.332655822496785e-18,5.0893802158020064e-17,2.7729766184682462e-18,2.770134717492479e-18,0.450669016198742,0.45000003064630784,0.4506690161987419,1.6625129003478995e-19,0.4506690848130907,0.44999998924568013,0.45066908481309087,1.66251290034966e-19,0.45,0.45066901619874195,0.4506690161987552,1.0708375882789709e-14,2.770768923716515e-18,0.45,0.45066908481309076,0.45066908481307427,1.0708377513139084e-14,2.7707689237223844e-18,0.45000003064573024,0.4499999892462529,49.939559214486046,49.879118428972085,49.829021909150384,49.8275079401584,49.827507940210104,49.825993971166405,49.82599397126984
851.0,0.0,0.45,0.45000000994601086,3.3326558224967844e-18,5.0893802158020273e-17,2.7729766184682462e-18,2.770134717492479e-18,0.4506690161987519,0.45000003064620725,0.4506690161987518,1.6625129003478993e-19,0.4506690848130809,0.44999998924578033,0.45066908481308093,1.66251290034966e-19,0.45,0.4506690161987519,0.4506690161987548,1.0708375882789721e-14,2.770768923716515e-18,0.45,0.4506690848130809,0.4506690848130753,1.0708377513139084e-14,2.770768923722384e-18,0.450000030646152,0.4499999892458348,49.93955921448604,49.879118428972085,49.829021909150384,49.82750794015839,49.827507940210104,49.825993971166405,49.82599397126983
852.0,0.0,0.45,0.45000000994601086,3.3326558224967844e-18,5.0893802158020736e-17,2.7729766184682462e-18,2.770134717492479e-18,0.4506690161987644,0.4500000306460793,0.45066901619876454,1.6625129003478993e-19,0.450669084813068,0.4499999892459108,0.45066908481306794,1.66251290034966e-19,0.45,0.45066901619876454,0.450669016198754,1.070837588278973e-14,2.770768923716515e-18,0.45,0.450669084813068,0.4506690848130767,1.070837751313908e-14,2.770768923722384e-18,0.4500000306461561,0.4499999892458389,49.93955921448604,49.879118428972085,49.829021909150384,49.82750794015839,49.827507940210104,49.825993971166405,49.82599397126983
853.0,0.0,0.45,0.45000000994601097,3.3326558224967844e-18,5.0893802158021604e-17,2.7729766184682462e-18,2.7701347174924784e-18,0.45066901619875965,0.4500000306461289,0.45066901619875965,1.6625129003478993e-19,0.4506690848130714,0.4499999892458758,0.4506690848130714,1.66251290034966e-19,0.45,0.45066901619875965,0.45066901619875493,1.0708375882789737e-14,2.7707689237165146e-18,0.45,0.4506690848130714,0.45066908481307655,1.0708377513139076e-14,2.770768923722384e-18,0.4500000306461638,0.44999998924584655,49.93955921448604,49.879118428972085,49.82902190915038,49.82750794015839,49.827507940210104,49.8259939711664,49.82599397126983
854.0,0.0,0.45,0.45000000994609585,3.332655822496785e-18,5.089380215827969e-17,2.772976618468245e-18,2.7701347174924784e-18,0.45066901619857697,0.450000030648261,0.45066901619855665,1.662512900347899e-19,0.45066908481288315,0.44999998924813533,0.45066908481285817,1.6625129003496596e-19,0.45,0.45066901619856686,0.450669016198781,1.0708375882789931e-14,2.770768923716514e-18,0.45,0.45066908481287077,0.450669084813098,1.0708377513139166e-14,2.7707689237223836e-18,0.45000003064802585,0.4499999892485485,49.939559214486046,49.87911842897207,49.82902190915038,49.827507940158384,49.82750794021009,49.82599397116639,49.825993971269824
855.0,0.0,0.45,0.450000009945929,3.332655822496785e-18,5.0893802157721246e-17,2.7729766184682474e-18,2.7701347174924796e-18,0.45066901619947114,0.45000003063875854,0.4506690161994882,1.6625129003478998e-19,0.4506690848128423,0.4499999892479187,0.4506690848128588,1.6625129003496606e-19,0.45,0.45066901619947963,0.45066901619868616,1.0708375882790368e-14,2.770768923716516e-18,0.45,0.45066908481285045,0.4506690848130257,1.0708377513138716e-14,2.7707689237223848e-18,0.450000030643508,0.4499999892431908,49.939559214486046,49.879118428972106,49.8290219091504,49.827507940158405,49.82750794021012,49.825993971166426,49.825993971269845
856.0,0.0,0.45,0.45000000994601125,3.332655822496785e-18,5.089380215802337e-17,2.7729766184682466e-18,2.770134717492479e-18,0.4506690161987674,0.4500000306460694,0.4506690161987662,1.6625129003478995e-19,0.4506690848130567,0.4499999892460023,0.450669084813058,1.6625129003496603e-19,0.45,0.4506690161987668,0.450669016198806,1.0708375882790832e-14,2.7707689237165153e-18,0.45,0.4506690848130573,0.4506690848130442,1.0708377513138295e-14,2.770768923722384e-18,0.4500000306461794,0.44999998924586215,49.939559214486046,49.87911842897209,49.829021909150384,49.8275079401584,49.82750794021011,49.82599397116641,49.82599397126983
857.0,0.0,0.45,0.45000000994601147,3.332655822496785e-18,5.089380215803848e-17,2.7729766184682466e-18,2.770134717492479e-18,0.45066901619851035,0.4500000306486308,0.45066901619850974,1.6625129003478995e-19,0.4506690848132735,0.44999998924380197,0.45066908481327694,1.6625129003496603e-19,0.45,0.45066901619850996,0.450669016198839,1.0708375882790728e-14,2.770768923716515e-18,0.45,0.45066908481327517,0.45066908481305024,1.0708377513138353e-14,2.770768923722384e-18,0.450000030646313,0.44999998924599577,49.939559214486046,49.87911842897209,49.829021909150384,49.8275079401584,49.82750794021011,49.825993971166405,49.82599397126983
858.0,0.0,0.45,0.4500000099460113,3.332655822496785e-18,5.089380215802849e-17,2.7729766184682462e-18,2.770134717492479e-18,0.45066901619867805,0.45000003064694005,0.4506690161986784,1.6625129003478995e-19,0.4506690848131311,0.4499999892452659,0.45066908481313195,1.66251290034966e-19,0.45,0.45066901619867816,0.45066901619880684,1.0708375882790595e-14,2.770768923716515e-18,0.45,0.4506690848131315,0.45066908481304874,1.0708377513138445e-14,2.770768923722384e-18,0.45000003064580474,0.4499999892463274,49.939559214486046,49.879118428972085,49.829021909150384,49.8275079401584,49.827507940210104,49.825993971166405,49.82599397126983
859.0,0.0,0.45,0.4500000099460111,3.332655822496785e-18,5.0893802158014536e-17,2.7729766184682462e-18,2.770134717492479e-18,0.45066901619896493,0.4500000306440649,0.4506690161989657,1.6625129003478995e-19,0.45066908481287726,0.4499999892478482,0.4506690848128752,1.66251290034966e-19,0.45,0.4506690161989653,0.4506690161987678,1.0708375882790649e-14,2.770768923716515e-18,0.45,0.45066908481287626,0.4506690848130423,1.0708377513138356e-14,2.770768923722384e-18,0.45000003064568134,0.449999989246204,49.939559214486046,49.879118428972085,49.829021909150384,49.8275079401584,49.827507940210104,49.825993971166405,49.82599397126983
860.0,0.0,0.45,0.45000000994601114,3.3326558224967844e-18,5.089380215801777e-17,2.7729766184682462e-18,2.770134717492479e-18,0.45066901619906535,0.45000003064307326,0.4506690161990653,1.6625129003478995e-19,0.45066908481275986,0.4499999892490028,0.4506690848127591,1.66251290034966e-19,0.45,0.4506690161990653,0.45066901619878025,1.07083758827911e-14,2.770768923716515e-18,0.45,0.45066908481275947,0.45066908481303375,1.0708377513137874e-14,2.7707689237223844e-18,0.45000003064571,0.44999998924623263,49.93955921448604,49.879118428972085,49.829021909150384,49.8275079401584,49.827507940210104,49.825993971166405,49.82599397126984
861.0,0.0,0.45,0.4500000099460112,3.332655822496785e-18,5.0893802158022036e-17,2.7729766184682462e-18,2.770134717492479e-18,0.4506690161987874,0.4500000306458574,0.450669016198787,1.6625129003478993e-19,0.4506690848130428,0.44999998924615475,0.4506690848130432,1.6625129003496603e-19,0.45,0.45066901619878724,0.45066901619881977,1.0708375882791203e-14,2.770768923716515e-18,0.45,0.450669084813043,0.4506690848130174,1.0708377513137746e-14,2.7707689237223844e-18,0.4500000306465876,0.4499999892454304,49.939559214486046,49.879118428972085,49.829021909150384,49.82750794015839,49.82750794021011,49.825993971166405,49.82599397126984
862.0,0.0,0.45,0.4500000099460112,3.332655822496785e-18,5.089380215802219e-17,2.7729766184682462e-18,2.770134717492479e-18,0.450669016198692,0.45000003064680844,0.4506690161986918,1.6625129003478993e-19,0.45066908481314366,0.4499999892451484,0.45066908481314394,1.6625129003496603e-19,0.45,0.45066901619869193,0.45066901619882566,1.0708375882791094e-14,2.770768923716515e-18,0.45,0.4506690848131438,0.45066908481301504,1.0708377513137831e-14,2.770768923722384e-18,0.45000003064658894,0.4499999892454317,49.939559214486046,49.879118428972085,49.829021909150384,49.82750794015839,49.82750794021011,49.825993971166405,49.82599397126983
863.0,0.0,0.45,0.4500000099460112,3.332655822496785e-18,5.0893802158022085e-17,2.7729766184682462e-18,2.770134717492479e-18,0.4506690161987281,0.4500000306464432,0.45066901619872823,1.6625129003478995e-19,0.4506690848131038,0.449999989245552,0.4506690848131038,1.6625129003496603e-19,0.45,0.4506690161987282,0.450669016198814,1.0708375882790938e-14,2.770768923716515e-18,0.45,0.4506690848131038,0.4506690848130228,1.070837751313797e-14,2.770768923722384e-18,0.45000003064616806,0.44999998924585083,49.939559214486046,49.879118428972085,49.829021909150384,49.8275079401584,49.82750794021011,49.825993971166405,49.82599397126983
864.0,0.0,0.45,0.4500000099460112,3.332655822496785e-18,5.0893802158021943e-17,2.7729766184682462e-18,2.770134717492479e-18,0.4506690161987907,0.4500000306458166,0.45066901619879085,1.6625129003478995e-19,0.4506690848130362,0.44999998924623075,0.450669084813036,1.6625129003496603e-19,0.45,0.45066901619879074,0.45066901619879857,1.0708375882790766e-14,2.770768923716515e-18,0.45,0.4506690848130361,0.45066908481303336,1.0708377513138125e-14,2.770768923722384e-18,0.4500000306461668,0.44999998924584955,49.939559214486046,49.879118428972085,49.829021909150384,49.8275079401584,49.82750794021011,49.825993971166405,49.82599397126983
865.0,0.0,0.45,0.4500000099460112,3.3326558224967844e-18,5.089380215802198e-17,2.7729766184682462e-18,2.770134717492479e-18,0.4506690161987744,0.45000003064598343,0.45066901619877425,1.6625129003478995e-19,0.4506690848130538,0.44999998924604984,0.4506690848130539,1.66251290034966e-19,0.45,0.4506690161987743,0.45066901619879335,1.0708375882790611e-14,2.770768923716515e-18,0.45,0.4506690848130538,0.45066908481303924,1.0708377513138266e-14,2.770768923722384e-18,0.4500000306457472,0.4499999892462698,49.93955921448604,49.879118428972085,49.829021909150384,49.8275079401584,49.827507940210104,49.825993971166405,49.82599397126983
866.0,0.0,0.45,0.4500000099460112,3.3326558224967844e-18,5.0893802158022024e-17,2.7729766184682462e-18,2.770134717492479e-18,0.4506690161987991,0.45000003064573346,0.4506690161987992,1.6625129003478993e-19,0.45066908481303053,0.44999998924628537,0.4506690848130305,1.6625129003496603e-19,0.45,0.4506690161987991,0.4506690161987915,1.0708375882790619e-14,2.770768923716515e-18,0.45,0.4506690848130305,0.45066908481304113,1.0708377513138244e-14,2.7707689237223844e-18,0.4500000306465875,0.4499999892454303,49.93955921448604,49.879118428972085,49.829021909150384,49.82750794015839,49.82750794021011,49.825993971166405,49.82599397126984
867.0,0.0,0.45,0.4500000099460112,3.3326558224967844e-18,5.0893802158022024e-17,2.7729766184682462e-18,2.770134717492479e-18,0.4506690161988009,0.4500000306457151,0.450669016198801,1.6625129003478993e-19,0.4506690848130288,0.44999998924630363,0.4506690848130287,1.6625129003496603e-19,0.45,0.45066901619880095,0.45066901619879085,1.0708375882790611e-14,2.770768923716515e-18,0.45,0.4506690848130287,0.4506690848130412,1.0708377513138244e-14,2.7707689237223844e-18,0.4500000306465875,0.4499999892454303,49.93955921448604,49.879118428972085,49.829021909150384,49.82750794015839,49.82750794021011,49.825993971166405,49.82599397126984
868.0,0.0,0.45,0.4500000099460112,3.3326558224967844e-18,5.0893802158022024e-17,2.7729766184682462e-18,2.770134717492479e-18,0.4506690161987711,0.4500000306460151,0.45066901619877103,1.6625129003478993e-19,0.4506690848130586,0.4499999892460032,0.4506690848130586,1.6625129003496603e-19,0.45,0.4506690161987711,0.4506690161987909,1.0708375882790546e-14,2.770768923716515e-18,0.45,0.4506690848130586,0.45066908481304097,1.07083775131383e-14,2.770768923722384e-18,0.4500000306465875,0.4499999892454303,49.93955921448604,49.879118428972085,49.829021909150384,49.82750794015839,49.82750794021011,49.825993971166405,49.82599397126983
869.0,0.0,0.45,0.4500000099460112,3.3326558224967844e-18,5.0893802158022024e-17,2.7729766184682462e-18,2.770134717492479e-18,0.45066901619873395,0.45000003064638805,0.4506690161987338,1.6625129003478995e-19,0.45066908481309575,0.44999998924563,0.45066908481309587,1.66251290034966e-19,0.45,0.4506690161987339,0.45066901619878913,1.0708375882790425e-14,2.770768923716515e-18,0.45,0.4506690848130958,0.4506690848130429,1.0708377513138415e-14,2.770768923722384e-18,0.45000003064574756,0.4499999892462702,49.93955921448604,49.879118428972085,49.829021909150384,49.8275079401584,49.827507940210104,49.825993971166405,49.82599397126983
870.0,0.0,0.45,0.4500000099460112,3.3326558224967844e-18,5.0893802158022024e-17,2.7729766184682462e-18,2.770134717492479e-18,0.4506690161987138,0.4500000306465884,0.45066901619871375,1.6625129003478995e-19,0.4506690848131159,0.44999998924543,0.4506690848131159,1.66251290034966e-19,0.45,0.4506690161987138,0.4506690161987828,1.0708375882790242e-14,2.770768923716515e-18,0.45,0.45066908481311596,0.45066908481304924,1.070837751313859e-14,2.770768923722384e-18,0.45000003064574756,0.4499999892462702,49.93955921448604,49.879118428972085,49.829021909150384,49.8275079401584,49.827507940210104,49.825993971166405,49.82599397126983
871.0,0.0,0.45,0.4500000099460112,3.3326558224967844e-18,5.0893802158022024e-17,2.7729766184682462e-18,2.770134717492479e-18,0.45066901619880073,0.4500000306457164,0.45066901619880084,1.6625129003478993e-19,0.4506690848130289,0.4499999892463021,0.4506690848130288,1.66251290034966e-19,0.45,0.4506690161988008,0.4506690161987763,1.0708375882790297e-14,2.770768923716515e-18,0.45,0.45066908481302886,0.4506690848130545,1.070837751313853e-14,2.7707689237223844e-18,0.4500000306461675,0.4499999892458503,49.93955921448604,49.879118428972085,49.829021909150384,49.82750794015839,49.827507940210104,49.825993971166405,49.82599397126984
872.0,0.0,0.45,0.4500000099460112,3.3326558224967844e-18,5.0893802158022024e-17,2.7729766184682462e-18,2.770134717492479e-18,0.4506690161988136,0.4500000306455882,0.4506690161988137,1.6625129003478993e-19,0.45066908481301604,0.4499999892464302,0.450669084813016,1.6625129003496603e-19,0.45,0.45066901619881367,0.4506690161987759,1.0708375882790318e-14,2.770768923716515e-18,0.45,0.450669084813016,0.4506690848130544,1.0708377513138505e-14,2.7707689237223844e-18,0.4500000306465875,0.4499999892454303,49.93955921448604,49.879118428972085,49.829021909150384,49.82750794015839,49.82750794021011,49.825993971166405,49.82599397126984
873.0,0.0,0.45,0.4500000099460112,3.3326558224967844e-18,5.0893802158022024e-17,2.7729766184682462e-18,2.770134717492479e-18,0.4506690161987745,0.4500000306459814,0.4506690161987744,1.6625129003478995e-19,0.4506690848130552,0.4499999892460367,0.45066908481305523,1.66251290034966e-19,0.45,0.4506690161987745,0.4506690161987779,1.0708375882790275e-14,2.770768923716515e-18,0.45,0.45066908481305523,0.45066908481305257,1.0708377513138546e-14,2.7707689237223844e-18,0.45000003064574756,0.4499999892462702,49.93955921448604,49.879118428972085,49.829021909150384,49.8275079401584,49.827507940210104,49.825993971166405,49.82599397126984
874.0,0.0,0.45,0.4500000099460112,3.3326558224967844e-18,5.0893802158022024e-17,2.7729766184682462e-18,2.770134717492479e-18,0.4506690161987345,0.4500000306463815,0.45066901619873445,1.6625129003478995e-19,0.45066908481309514,0.44999998924563633,0.45066908481309526,1.66251290034966e-19,0.45,0.4506690161987345,0.4506690161987785,1.07083758827902e-14,2.770768923716515e-18,0.45,0.45066908481309526,0.4506690848130522,1.0708377513138618e-14,2.7707689237223844e-18,0.45000003064574756,0.4499999892462702,49.93955921448604,49.879118428972085,49.829021909150384,49.8275079401584,49.827507940210104,49.825993971166405,49.82599397126984
875.0,0.0,0.45,0.4500000099460112,3.332655822496785e-18,5.0893802158022024e-17,2.7729766184682462e-18,2.770134717492479e-18,0.450669016198745,0.450000030646274,0.4506690161987451,1.6625129003478995e-19,0.45066908481308465,0.4499999892457439,0.4506690848130846,1.66251290034966e-19,0.45,0.45066901619874505,0.45066901619877403,1.0708375882790124e-14,2.770768923716515e-18,0.45,0.45066908481308465,0.45066908481305656,1.0708377513138691e-14,2.7707689237223844e-18,0.45000003064574756,0.4499999892462702,49.939559214486046,49.879118428972085,49.829021909150384,49.8275079401584,49.827507940210104,49.825993971166405,49.82599397126984
876.0,0.0,0.45,0.4500000099460112,3.332655822496785e-18,5.089380215802203e-17,2.7729766184682462e-18,2.770134717492479e-18,0.450669016198799,0.4500000306457344,0.45066901619879907,1.6625129003478993e-19,0.4506690848130306,0.4499999892462841,0.4506690848130306,1.6625129003496603e-19,0.45,0.450669016198799,0.45066901619877286,1.0708375882790217e-14,2.770768923716515e-18,0.45,0.4506690848130306,0.45066908481305745,1.0708377513138596e-14,2.7707689237223844e-18,0.45000003064658756,0.44999998924543033,49.939559214486046,49.879118428972085,49.829021909150384,49.82750794015839,49.82750794021011,49.825993971166405,49.82599397126984
877.0,0.0,0.45,0.4500000099460112,3.332655822496785e-18,5.0893802158022024e-17,2.7729766184682462e-18,2.770134717492479e-18,0.4506690161987982,0.45000003064574434,0.4506690161987982,1.6625129003478993e-19,0.4506690848130315,0.4499999892462741,0.45066908481303153,1.6625129003496603e-19,0.45,0.4506690161987981,0.4506690161987745,1.070837588279025e-14,2.770768923716515e-18,0.45,0.4506690848130315,0.4506690848130558,1.0708377513138562e-14,2.7707689237223844e-18,0.4500000306465875,0.4499999892454303,49.939559214486046,49.879118428972085,49.829021909150384,49.82750794015839,49.82750794021011,49.825993971166405,49.82599397126984
878.0,0.0,0.45,0.4500000099460112,3.332655822496785e-18,5.089380215802202e-17,2.7729766184682462e-18,2.770134717492479e-18,0.4506690161987686,0.45000003064604044,0.4506690161987686,1.6625129003478995e-19,0.45066908481306106,0.4499999892459776,0.45066908481306117,1.6625129003496603e-19,0.45,0.45066901619876854,0.45066901619877586,1.0708375882790215e-14,2.770768923716515e-18,0.45,0.4506690848130611,0.4506690848130544,1.0708377513138593e-14,2.7707689237223844e-18,0.45000003064616745,0.4499999892458502,49.939559214486046,49.879118428972085,49.829021909150384,49.8275079401584,49.82750794021011,49.825993971166405,49.82599397126984
879.0,0.0,0.45,0.4500000099460112,3.332655822496785e-18,5.089380215802202e-17,2.7729766184682462e-18,2.770134717492479e-18,0.4506690161987417,0.4500000306463091,0.4506690161987417,1.6625129003478995e-19,0.450669084813088,0.4499999892457086,0.45066908481308804,1.6625129003496603e-19,0.45,0.45066901619874167,0.4506690161987755,1.0708375882790147e-14,2.770768923716515e-18,0.45,0.45066908481308804,0.4506690848130549,1.070837751313866e-14,2.7707689237223844e-18,0.45000003064616745,0.4499999892458502,49.939559214486046,49.879118428972085,49.829021909150384,49.8275079401584,49.82750794021011,49.825993971166405,49.82599397126984
880.0,0.0,0.45,0.4500000099460112,3.332655822496785e-18,5.0893802158022024e-17,2.7729766184682462e-18,2.770134717492479e-18,0.45066901619874883,0.4500000306462367,0.4506690161987489,1.6625129003478995e-19,0.45066908481308093,0.4499999892457811,0.4506690848130809,1.66251290034966e-19,0.45,0.45066901619874883,0.4506690161987717,1.0708375882790081e-14,2.770768923716515e-18,0.45,0.45066908481308093,0.4506690848130588,1.0708377513138724e-14,2.770768923722384e-18,0.45000003064574756,0.4499999892462702,49.939559214486046,49.879118428972085,49.829021909150384,49.8275079401584,49.827507940210104,49.825993971166405,49.82599397126983
881.0,0.0,0.45,0.4500000099460112,3.332655822496785e-18,5.0893802158022024e-17,2.7729766184682462e-18,2.770134717492479e-18,0.4506690161987558,0.45000003064616756,0.4506690161987558,1.6625129003478995e-19,0.4506690848130739,0.4499999892458505,0.4506690848130739,1.66251290034966e-19,0.45,0.4506690161987558,0.4506690161987687,1.0708375882790034e-14,2.770768923716515e-18,0.45,0.4506690848130739,0.4506690848130611,1.070837751313877e-14,2.7707689237223844e-18,0.45000003064574756,0.4499999892462702,49.939559214486046,49.879118428972085,49.829021909150384,49.8275079401584,49.827507940210104,49.825993971166405,49.82599397126984
882.0,0.0,0.45,0.4500000099460112,3.332655822496785e-18,5.0893802158022024e-17,2.7729766184682462e-18,2.770134717492479e-18,0.4506690161987559,0.45000003064616734,0.4506690161987559,1.6625129003478995e-19,0.4506690848130738,0.4499999892458506,0.4506690848130739,1.6625129003496603e-19,0.45,0.4506690161987559,0.45066901619876676,1.0708375882789994e-14,2.770768923716515e-18,0.45,0.45066908481307383,0.4506690848130629,1.070837751313881e-14,2.7707689237223844e-18,0.4500000306461675,0.4499999892458503,49.939559214486046,49.879118428972085,49.829021909150384,49.8275079401584,49.82750794021011,49.825993971166405,49.82599397126984
883.0,0.0,0.45,0.4500000099460112,3.332655822496785e-18,5.0893802158022024e-17,2.7729766184682462e-18,2.770134717492479e-18,0.4506690161987559,0.4500000306461674,0.4506690161987558,1.6625129003478995e-19,0.4506690848130739,0.4499999892458505,0.45066908481307394,1.6625129003496603e-19,0.45,0.4506690161987558,0.45066901619876526,1.070837588278996e-14,2.770768923716515e-18,0.45,0.4506690848130739,0.45066908481306467,1.0708377513138842e-14,2.770768923722384e-18,0.4500000306461675,0.4499999892458503,49.939559214486046,49.879118428972085,49.829021909150384,49.8275079401584,49.82750794021011,49.825993971166405,49.82599397126983
884.0,0.0,0.45,0.4500000099460112,3.332655822496785e-18,5.0893802158022024e-17,2.7729766184682462e-18,2.770134717492479e-18,0.4506690161987558,0.45000003064616756,0.45066901619875577,1.6625129003478993e-19,0.45066908481307394,0.44999998924585033,0.45066908481307394,1.66251290034966e-19,0.45,0.4506690161987558,0.4506690161987641,1.0708375882789931e-14,2.770768923716515e-18,0.45,0.45066908481307394,0.4506690848130663,1.070837751313887e-14,2.770768923722384e-18,0.4500000306461675,0.4499999892458503,49.939559214486046,49.879118428972085,49.829021909150384,49.82750794015839,49.827507940210104,49.825993971166405,49.82599397126983
885.0,0.0,0.45,0.4500000099460112,3.3326558224967844e-18,5.089380215802203e-17,2.7729766184682462e-18,2.770134717492479e-18,0.4506690161987558,0.45000003064616756,0.45066901619875577,1.6625129003478993e-19,0.45066908481307394,0.4499999892458504,0.45066908481307394,1.6625129003496603e-19,0.45,0.4506690161987558,0.45066901619876304,1.0708375882789906e-14,2.770768923716515e-18,0.45,0.45066908481307394,0.4506690848130675,1.0708377513138893e-14,2.770768923722384e-18,0.45000003064658756,0.44999998924543033,49.93955921448604,49.879118428972085,49.829021909150384,49.82750794015839,49.82750794021011,49.825993971166405,49.82599397126983
886.0,0.0,0.45,0.4500000099460112,3.3326558224967844e-18,5.0893802158022024e-17,2.7729766184682462e-18,2.770134717492479e-18,0.45066901619875327,0.45000003064619787,0.450669016198753,1.6625129003478995e-19,0.45066908481307644,0.44999998924582,0.45066908481307677,1.6625129003496603e-19,0.45,0.45066901619875316,0.4506690161987636,1.0708375882789917e-14,2.770768923716515e-18,0.45,0.4506690848130766,0.45066908481306595,1.070837751313888e-14,2.7707689237223844e-18,0.4500000306461675,0.4499999892458503,49.93955921448604,49.879118428972085,49.829021909150384,49.8275079401584,49.82750794021011,49.825993971166405,49.82599397126984
887.0,0.0,0.45,0.4500000099460112,3.332655822496785e-18,5.0893802158022024e-17,2.7729766184682462e-18,2.770134717492479e-18,0.45066901619874544,0.4500000306462777,0.450669016198745,1.6625129003478995e-19,0.45066908481308426,0.44999998924574014,0.4506690848130847,1.66251290034966e-19,0.45,0.4506690161987453,0.4506690161987635,1.0708375882789898e-14,2.770768923716515e-18,0.45,0.4506690848130845,0.45066908481306606,1.0708377513138899e-14,2.770768923722384e-18,0.45000003064574756,0.4499999892462702,49.939559214486046,49.879118428972085,49.829021909150384,49.8275079401584,49.827507940210104,49.825993971166405,49.82599397126983
888.0,0.0,0.45,0.4500000099460112,3.332655822496785e-18,5.089380215802203e-17,2.7729766184682462e-18,2.770134717492479e-18,0.45066901619874894,0.4500000306462392,0.4506690161987487,1.6625129003478995e-19,0.45066908481308066,0.44999998924577944,0.4506690848130809,1.66251290034966e-19,0.45,0.4506690161987489,0.4506690161987622,1.0708375882789877e-14,2.770768923716515e-18,0.45,0.45066908481308077,0.4506690848130674,1.070837751313892e-14,2.770768923722384e-18,0.4500000306457476,0.44999998924627027,49.939559214486046,49.879118428972085,49.829021909150384,49.8275079401584,49.827507940210104,49.825993971166405,49.82599397126983
889.0,0.0,0.45,0.4500000099460112,3.332655822496785e-18,5.089380215802203e-17,2.7729766184682462e-18,2.770134717492479e-18,0.4506690161987641,0.45000003064607996,0.4506690161987644,1.6625129003478993e-19,0.4506690848130655,0.44999998924593887,0.4506690848130652,1.66251290034966e-19,0.45,0.4506690161987642,0.45066901619875993,1.070837588278986e-14,2.770768923716515e-18,0.45,0.4506690848130654,0.4506690848130696,1.0708377513138937e-14,2.770768923722384e-18,0.45000003064616756,0.44999998924585033,49.939559214486046,49.879118428972085,49.829021909150384,49.82750794015839,49.827507940210104,49.825993971166405,49.82599397126983
890.0,0.0,0.45,0.4500000099460128,3.332655822496783e-18,5.089380215800886e-17,2.7729766184682466e-18,2.770134717492479e-18,0.4506690161987884,0.4500000306458387,0.4506690161987886,1.6625129003478995e-19,0.45066908481306045,0.4499999892459863,0.45066908481306034,1.6625129003496603e-19,0.45,0.4506690161987885,0.45066901619875716,1.0708375882789858e-14,2.770768923716515e-18,0.45,0.45066908481306045,0.4506690848130706,1.0708377513138943e-14,2.7707689237223844e-18,0.4500000306460511,0.44999998924573387,49.939559214486025,49.87911842897209,49.829021909150384,49.8275079401584,49.82750794021011,49.825993971166405,49.82599397126984
891.0,0.0,0.45,0.45000000994609224,3.332655822496786e-18,5.089380215843502e-17,2.772976618468249e-18,2.7701347174924773e-18,0.45066901619838934,0.4500000306498428,0.4506690161983886,1.6625129003478986e-19,0.45066908481270546,0.4499999892495376,0.4506690848127052,1.6625129003496591e-19,0.45,0.45066901619838895,0.45066901619872335,1.0708375882788263e-14,2.7707689237165134e-18,0.45,0.4506690848127054,0.4506690848130254,1.0708377513137203e-14,2.770768923722383e-18,0.45000003064939925,0.4499999892499219,49.93955921448606,49.879118428972134,49.829021909150356,49.82750794015837,49.82750794021008,49.82599397116638,49.82599397126981
892.0,0.0,0.45,0.45000000994617023,3.3326558224967906e-18,5.089380215884497e-17,2.7729766184682554e-18,2.770134717492477e-18,0.4506690161980175,0.45000003065355393,0.45066901619801714,1.662512900347898e-19,0.45066908481233886,0.44999998925320817,0.45066908481233825,1.6625129003496586e-19,0.45,0.4506690161980173,0.4506690161986529,1.0708375882785943e-14,2.7707689237165134e-18,0.45,0.4506690848123386,0.45066908481295653,1.0708377513134926e-14,2.7707689237223825e-18,0.450000030653024,0.4499999892535467,49.93955921448613,49.879118428972255,49.82902190915035,49.827507940158355,49.82750794021007,49.82599397116638,49.8259939712698
893.0,0.0,0.45,0.45000000994607686,3.332655822496781e-18,5.0893802158507987e-17,2.7729766184682396e-18,2.7701347174924773e-18,0.45066901619831473,0.4500000306505801,0.4506690161983145,1.6625129003478983e-19,0.45066908481264073,0.4499999892501889,0.4506690848126402,1.662512900349659e-19,0.45,0.4506690161983146,0.45066901619866634,1.0708375882786869e-14,2.7707689237165138e-18,0.45,0.45066908481264045,0.4506690848129736,1.0708377513135941e-14,2.770768923722383e-18,0.4500000306500444,0.44999998925056706,49.93955921448599,49.87911842897197,49.829021909150356,49.82750794015836,49.827507940210076,49.82599397116638,49.82599397126981
894.0,0.0,0.45,0.45000000994602624,3.3326558224967583e-18,5.0893802158718606e-17,2.7729766184682015e-18,2.7701347174924765e-18,0.4506690161981354,0.45000003065239363,0.4506690161981338,1.662512900347898e-19,0.45066908481245277,0.44999998925208384,0.4506690848124512,1.6625129003496586e-19,0.45,0.4506690161981346,0.45066901619868266,1.0708375882786821e-14,2.770768923716513e-18,0.45,0.450669084812452,0.4506690848129937,1.0708377513135958e-14,2.770768923722382e-18,0.4500000306519067,0.44999998925242934,49.93955921448566,49.8791184289713,49.82902190915034,49.827507940158355,49.82750794021007,49.825993971166376,49.825993971269796
895.0,0.0,0.45,0.4500000099462326,3.332655822496722e-18,5.089380216077136e-17,2.772976618468141e-18,2.770134717492473e-18,0.45066901619633365,0.45000003067046684,0.4506690161963282,1.6625129003478962e-19,0.4506690848106169,0.44999998927049706,0.45066908481061146,1.6625129003496567e-19,0.45,0.45066901619633093,0.45066901619862104,1.0708375882781585e-14,2.7707689237165096e-18,0.45,0.4506690848106142,0.4506690848129341,1.0708377513130687e-14,2.7707689237223786e-18,0.450000030670057,0.44999998927057966,49.93955921448513,49.87911842897024,49.82902190915028,49.827507940158306,49.82750794021001,49.82599397116631,49.82599397126974
896.0,0.0,0.45,0.45000000994577755,3.3326558224968946e-18,5.0893802154522526e-17,2.7729766184684288e-18,2.7701347174925216e-18,0.45066901620183925,0.45000003061444954,0.4506690162018984,1.6625129003479246e-19,0.4506690848161989,0.4499999892137077,0.4506690848162588,1.6625129003496851e-19,0.45,0.45066901620186883,0.4506690161976607,1.0708375882772813e-14,2.7707689237165558e-18,0.45,0.4506690848162288,0.4506690848119607,1.0708377513121805e-14,2.7707689237224252e-18,0.4500000306148053,0.44999998921532774,49.93955921448766,49.87911842897531,49.82902190915114,49.82750794015914,49.82750794021084,49.82599397116712,49.82599397127056
897.0,0.0,0.45,0.45000000994598405,3.3326558224967482e-18,5.0893802158311474e-17,2.7729766184681857e-18,2.7701347174924842e-18,0.4506690161986143,0.4500000306476249,0.45066901619861155,1.6625129003479027e-19,0.4506690848129119,0.4499999892475121,0.4506690848129091,1.6625129003496632e-19,0.45,0.4506690161986129,0.450669016198195,1.0708375882777338e-14,2.77076892371652e-18,0.45,0.4506690848129105,0.4506690848125017,1.0708377513126325e-14,2.7707689237223894e-18,0.45000003064830685,0.4499999892488295,49.939559214485506,49.879118428971026,49.82902190915048,49.82750794015849,49.827507940210204,49.82599397116649,49.82599397126993
898.0,0.0,0.45,0.4500000099461053,3.332655822496886e-18,5.0893802157327844e-17,2.7729766184684157e-18,2.7701347174924426e-18,0.4506690161990424,0.45000003064309096,0.45066901619905636,1.662512900347878e-19,0.45066908481342044,0.4499999892421602,0.4506690848134353,1.6625129003496387e-19,0.45,0.4506690161990494,0.45066901619822486,1.0708375882778914e-14,2.77076892371648e-18,0.45,0.45066908481342793,0.4506690848125249,1.0708377513127945e-14,2.770768923722349e-18,0.45000003063960964,0.4499999892401323,49.93955921448754,49.879118428975076,49.829021909149745,49.82750794015777,49.82750794020948,49.825993971165786,49.82599397126922
899.0,0.0,0.45,0.45000000994606854,3.3326558224968407e-18,5.08938021576533e-17,2.7729766184683398e-18,2.7701347174924573e-18,0.45066901619889965,0.45000003064462035,0.45066901619890687,1.6625129003478865e-19,0.4506690848132515,0.44999998924395984,0.45066908481325907,1.6625129003496473e-19,0.45,0.45066901619890326,0.45066901619829836,1.0708375882780187e-14,2.7707689237164938e-18,0.45,0.4506690848132553,0.45066908481260265,1.0708377513129261e-14,2.770768923722363e-18,0.4500000306429073,0.44999998924259005,49.93955921448687,49.87911842897374,49.82902190915001,49.827507940158014,49.827507940209735,49.825993971166035,49.825993971269455
900.0,0.0,0.45,0.45000000994597733,3.3326558224967467e-18,5.089380215825523e-17,2.772976618468183e-18,2.770134717492487e-18,0.45066901619868693,0.4500000306469316,0.450669016198682,1.662512900347904e-19,0.45066908481298423,0.44999998924682977,0.45066908481297874,1.662512900349665e-19,0.45,0.45066901619868444,0.45066901619838134,1.0708375882781527e-14,2.7707689237165223e-18,0.45,0.45066908481298146,0.4506690848126949,1.0708377513130629e-14,2.7707689237223917e-18,0.4500000306482295,0.4499999892479123,49.93955921448549,49.879118428970976,49.829021909150526,49.82750794015853,49.82750794021025,49.82599397116653,49.825993971269966
901.0,0.0,0.45,0.4500000099459348,3.3326558224967394e-18,5.089380215810103e-17,2.7729766184681707e-18,2.77013471749249e-18,0.4506690161989053,0.45000003064474303,0.45066901619890065,1.6625129003479063e-19,0.4506690848131976,0.44999998924468854,0.4506690848131927,1.6625129003496668e-19,0.45,0.450669016198903,0.45066901619843985,1.0708375882783301e-14,2.7707689237165257e-18,0.45,0.4506690848131951,0.45066908481276163,1.0708377513132412e-14,2.7707689237223952e-18,0.45000003064644617,0.4499999892469688,49.93955921448538,49.879118428970756,49.829021909150576,49.8275079401586,49.8275079402103,49.82599397116659,49.82599397127003
902.0,0.0,0.45,0.450000009946011,3.3326558224967837e-18,5.0893802158003837e-17,2.7729766184682447e-18,2.7701347174924765e-18,0.45066901619877725,0.450000030645994,0.45066901619877453,1.662512900347898e-19,0.4506690848130959,0.44999998924567164,0.4506690848130932,1.662512900349659e-19,0.45,0.450669016198776,0.45066901619851896,1.0708375882784674e-14,2.7707689237165126e-18,0.45,0.4506690848130946,0.4506690848128293,1.0708377513133814e-14,2.770768923722382e-18,0.4500000306460067,0.44999998924568946,49.939559214486025,49.87911842897206,49.82902190915034,49.827507940158355,49.827507940210076,49.82599397116637,49.825993971269796
903.0,0.0,0.45,0.4500000099459952,3.3326558224967825e-18,5.089380215795913e-17,2.7729766184682447e-18,2.770134717492477e-18,0.45066901619881217,0.45000003064559624,0.45066901619881267,1.6625129003478983e-19,0.45066908481312684,0.44999998924531387,0.4506690848131273,1.662512900349659e-19,0.45,0.45066901619881244,0.4506690161985578,1.0708375882785611e-14,2.770768923716513e-18,0.45,0.45066908481312706,0.4506690848128834,1.0708377513135051e-14,2.7707689237223825e-18,0.45000003064519145,0.4499999892457141,49.93955921448602,49.87911842897206,49.82902190915035,49.82750794015836,49.827507940210076,49.825993971166376,49.8259939712698
904.0,0.0,0.45,0.45000000994600126,3.332655822496783e-18,5.0893802157998345e-17,2.7729766184682447e-18,2.7701347174924773e-18,0.4506690161987547,0.45000003064616495,0.4506690161987556,1.6625129003478983e-19,0.45066908481311285,0.44999998924544354,0.45066908481311396,1.6625129003496591e-19,0.45,0.45066901619875516,0.45066901619859195,1.0708375882786274e-14,2.7707689237165134e-18,0.45,0.4506690848131134,0.45066908481290024,1.0708377513135417e-14,2.7707689237223825e-18,0.4500000306459581,0.4499999892456409,49.939559214486025,49.87911842897206,49.829021909150356,49.82750794015836,49.82750794021008,49.82599397116638,49.8259939712698
905.0,0.0,0.45,0.45000000994599937,3.332655822496784e-18,5.089380215799681e-17,2.7729766184682447e-18,2.7701347174924773e-18,0.45066901619862093,0.4500000306475179,0.4506690161986209,1.6625129003478983e-19,0.45066908481325296,0.4499999892440482,0.45066908481325374,1.6625129003496591e-19,0.45,0.45066901619862093,0.4506690161986124,1.0708375882786536e-14,2.7707689237165134e-18,0.45,0.45066908481325335,0.4506690848129108,1.0708377513136028e-14,2.7707689237223825e-18,0.45000003064594457,0.44999998924562734,49.93955921448603,49.87911842897206,49.829021909150356,49.82750794015836,49.82750794021008,49.82599397116638,49.8259939712698
906.0,0.0,0.45,0.4500000099459599,3.3326558224967856e-18,5.089380215782986e-17,2.7729766184682447e-18,2.7701347174924773e-18,0.4506690161984269,0.4500000306494727,0.45066901619842586,1.6625129003478983e-19,0.45066908481374623,0.44999998923911533,0.45066908481374707,1.6625129003496591e-19,0.45,0.4506690161984264,0.4506690161986102,1.0708375882786279e-14,2.7707689237165134e-18,0.45,0.4506690848137466,0.45066908481294604,1.0708377513138003e-14,2.7707689237223825e-18,0.4500000306444684,0.4499999892441512,49.93955921448605,49.87911842897206,49.829021909150356,49.82750794015836,49.82750794021008,49.82599397116638,49.8259939712698
907.0,0.0,0.45,0.45000000994585954,3.332655822496786e-18,5.089380215739987e-17,2.7729766184682447e-18,2.770134717492477e-18,0.45066901619820804,0.4500000306516522,0.4506690161982076,1.6625129003478983e-19,0.4506690848147245,0.44999998922930684,0.45066908481472706,1.6625129003496591e-19,0.45,0.4506690161982079,0.4506690161985771,1.0708375882785408e-14,2.7707689237165134e-18,0.45,0.4506690848147258,0.4506690848130401,1.070837751314236e-14,2.770768923722382e-18,0.45000003064066646,0.44999998924034923,49.93955921448606,49.87911842897206,49.82902190915035,49.82750794015836,49.82750794021008,49.82599397116638,49.825993971269796
908.0,0.0,0.45,0.4500000099460379,3.3326558224967844e-18,5.0893802158122646e-17,2.7729766184682462e-18,2.7701347174924792e-18,0.45066901619885563,0.45000003064515276,0.45066901619885674,1.6625129003478993e-19,0.4506690848127997,0.4499999892486441,0.4506690848127963,1.66251290034966e-19,0.45,0.45066901619885613,0.45066901619857985,1.0708375882786051e-14,2.770768923716515e-18,0.45,0.450669084812798,0.4506690848132389,1.0708377513141933e-14,2.7707689237223844e-18,0.4500000306470572,0.44999998924673995,49.93955921448604,49.879118428972085,49.82902190915039,49.82750794015839,49.827507940210104,49.825993971166405,49.82599397126984
909.0,0.0,0.45,0.4500000099460674,3.332655822496784e-18,5.0893802158247644e-17,2.7729766184682466e-18,2.7701347174924796e-18,0.4506690161989594,0.4500000306441206,0.4506690161989601,1.6625129003478995e-19,0.4506690848124728,0.44999998925190177,0.45066908481247014,1.6625129003496603e-19,0.45,0.4506690161989597,0.4506690161986005,1.0708375882786586e-14,2.7707689237165153e-18,0.45,0.4506690848124715,0.4506690848132571,1.0708377513141528e-14,2.7707689237223848e-18,0.4500000306481624,0.4499999892478452,49.93955921448603,49.87911842897209,49.8290219091504,49.8275079401584,49.82750794021011,49.82599397116641,49.825993971269845
910.0,0.0,0.45,0.4500000099460233,3.3326558224967844e-18,5.089380215807412e-17,2.7729766184682462e-18,2.770134717492479e-18,0.45066901619879435,0.45000003064578536,0.4506690161987941,1.6625129003478995e-19,0.4506690848129421,0.44999998924716045,0.45066908481294266,1.66251290034966e-19,0.45,0.45066901619879424,0.4506690161986283,1.070837588278703e-14,2.770768923716515e-18,0.45,0.4506690848129424,0.45066908481318646,1.0708377513141154e-14,2.7707689237223844e-18,0.4500000306462082,0.44999998924673085,49.93955921448604,49.879118428972085,49.829021909150384,49.8275079401584,49.827507940210104,49.825993971166405,49.82599397126984
911.0,0.0,0.45,0.45000000994598055,3.332655822496785e-18,5.0893802157901346e-17,2.772976618468246e-18,2.7701347174924784e-18,0.45066901619863586,0.45000003064737654,0.45066901619863525,1.6625129003478993e-19,0.4506690848134057,0.4499999892425005,0.4506690848134079,1.6625129003496598e-19,0.45,0.4506690161986356,0.45066901619865246,1.0708375882787404e-14,2.7707689237165146e-18,0.45,0.4506690848134068,0.45066908481311874,1.0708377513140829e-14,2.770768923722384e-18,0.4500000306446805,0.4499999892452032,49.939559214486046,49.879118428972085,49.82902190915038,49.82750794015839,49.8275079402101,49.8259939711664,49.82599397126983
912.0,0.0,0.45,0.4500000099460128,3.332655822496785e-18,5.089380215802295e-17,2.7729766184682462e-18,2.770134717492479e-18,0.45066901619875366,0.450000030646179,0.4506690161987543,1.6625129003478993e-19,0.4506690848130771,0.4499999892458478,0.4506690848130752,1.66251290034966e-19,0.45,0.45066901619875405,0.45066901619866245,1.0708375882787727e-14,2.770768923716515e-18,0.45,0.45066908481307616,0.45066908481314405,1.0708377513140567e-14,2.770768923722384e-18,0.45000003064617566,0.44999998924585843,49.939559214486046,49.879118428972085,49.829021909150384,49.82750794015839,49.827507940210104,49.825993971166405,49.82599397126983
913.0,0.0,0.45,0.4500000099460113,3.332655822496785e-18,5.089380215802397e-17,2.7729766184682462e-18,2.770134717492479e-18,0.4506690161987549,0.45000003064617816,0.4506690161987548,1.6625129003478995e-19,0.45066908481307094,0.4499999892458753,0.4506690848130713,1.66251290034966e-19,0.45,0.4506690161987548,0.4506690161986744,1.0708375882787995e-14,2.7707689237165146e-18,0.45,0.45066908481307105,0.45066908481313456,1.0708377513140349e-14,2.7707689237223844e-18,0.45000003064576477,0.4499999892462874,49.939559214486046,49.879118428972085,49.829021909150384,49.8275079401584,49.827507940210104,49.8259939711664,49.82599397126984
914.0,0.0,0.45,0.4500000099460103,3.332655822496785e-18,5.0893802158020544e-17,2.7729766184682466e-18,2.770134717492479e-18,0.45066901619876093,0.4500000306461193,0.4506690161987607,1.6625129003478995e-19,0.45066908481307044,0.4499999892458747,0.4506690848130711,1.66251290034966e-19,0.45,0.4506690161987608,0.45066901619868655,1.0708375882788271e-14,2.7707689237165146e-18,0.45,0.4506690848130707,0.4506690848131253,1.0708377513140147e-14,2.7707689237223844e-18,0.45000003064573446,0.4499999892462571,49.939559214486046,49.87911842897209,49.829021909150384,49.8275079401584,49.827507940210104,49.8259939711664,49.82599397126984
915.0,0.0,0.45,0.4500000099460098,3.332655822496785e-18,5.089380215801574e-17,2.7729766184682462e-18,2.770134717492479e-18,0.4506690161987631,0.45000003064609545,0.450669016198763,1.6625129003478993e-19,0.4506690848130776,0.44999998924581114,0.4506690848130777,1.66251290034966e-19,0.45,0.45066901619876304,0.4506690161986979,1.0708375882788519e-14,2.770768923716515e-18,0.45,0.45066908481307766,0.4506690848131171,1.0708377513139986e-14,2.770768923722384e-18,0.45000003064611194,0.4499999892457947,49.939559214486046,49.879118428972085,49.829021909150384,49.82750794015839,49.827507940210104,49.825993971166405,49.82599397126983
916.0,0.0,0.45,0.45000000994600975,3.332655822496785e-18,5.0893802158012644e-17,2.7729766184682462e-18,2.770134717492479e-18,0.4506690161987525,0.45000003064619953,0.4506690161987525,1.6625129003478993e-19,0.45066908481309453,0.4499999892456498,0.45066908481309415,1.66251290034966e-19,0.45,0.4506690161987525,0.45066901619870753,1.0708375882788704e-14,2.770768923716515e-18,0.45,0.4506690848130943,0.450669084813111,1.0708377513139893e-14,2.770768923722384e-18,0.45000003064608457,0.44999998924576734,49.939559214486046,49.879118428972085,49.829021909150384,49.82750794015839,49.827507940210104,49.825993971166405,49.82599397126983
917.0,0.0,0.45,0.45000000994601025,3.3326558224967844e-18,5.0893802158014523e-17,2.7729766184682462e-18,2.770134717492479e-18,0.4506690161987219,0.45000003064650795,0.4506690161987218,1.6625129003478995e-19,0.45066908481312123,0.44999998924537593,0.45066908481312135,1.66251290034966e-19,0.45,0.45066901619872185,0.45066901619871447,1.0708375882788787e-14,2.770768923716515e-18,0.45,0.45066908481312123,0.4506690848131079,1.0708377513139887e-14,2.770768923722384e-18,0.4500000306456812,0.4499999892462039,49.93955921448604,49.879118428972085,49.829021909150384,49.8275079401584,49.827507940210104,49.825993971166405,49.82599397126983
918.0,0.0,0.45,0.4500000099460119,3.3326558224967844e-18,5.089380215802613e-17,2.7729766184682462e-18,2.770134717492479e-18,0.4506690161987585,0.45000003064613936,0.4506690161987586,1.6625129003478995e-19,0.450669084813064,0.4499999892459513,0.4506690848130639,1.66251290034966e-19,0.45,0.4506690161987586,0.45066901619871735,1.070837588278893e-14,2.770768923716515e-18,0.45,0.450669084813064,0.4506690848131076,1.0708377513139751e-14,2.7707689237223844e-18,0.45000003064578387,0.4499999892463065,49.93955921448604,49.879118428972085,49.829021909150384,49.8275079401584,49.827507940210104,49.825993971166405,49.82599397126984
919.0,0.0,0.45,0.4500000099460123,3.3326558224967844e-18,5.0893802158028526e-17,2.7729766184682462e-18,2.770134717492479e-18,0.45066901619876154,0.45000003064610916,0.4506690161987616,1.6625129003478995e-19,0.4506690848130567,0.4499999892460243,0.45066908481305656,1.6625129003496603e-19,0.45,0.4506690161987616,0.45066901619872124,1.070837588278902e-14,2.770768923716515e-18,0.45,0.4506690848130567,0.4506690848131042,1.070837751313966e-14,2.7707689237223844e-18,0.450000030646225,0.4499999892459078,49.93955921448604,49.879118428972085,49.829021909150384,49.8275079401584,49.82750794021011,49.825993971166405,49.82599397126984
920.0,0.0,0.45,0.4500000099460118,3.3326558224967844e-18,5.0893802158025573e-17,2.7729766184682462e-18,2.770134717492479e-18,0.45066901619875416,0.45000003064618366,0.45066901619875416,1.6625129003478995e-19,0.45066908481306917,0.4499999892458974,0.4506690848130692,1.6625129003496603e-19,0.45,0.45066901619875416,0.45066901619872557,1.0708375882789096e-14,2.770768923716515e-18,0.45,0.4506690848130692,0.45066908481309925,1.0708377513139579e-14,2.7707689237223844e-18,0.45000003064619887,0.44999998924588164,49.93955921448604,49.879118428972085,49.829021909150384,49.8275079401584,49.82750794021011,49.825993971166405,49.82599397126984
921.0,0.0,0.45,0.4500000099460111,3.3326558224967844e-18,5.089380215802114e-17,2.7729766184682462e-18,2.770134717492479e-18,0.45066901619875965,0.4500000306461292,0.4506690161987596,1.6625129003478993e-19,0.45066908481307155,0.4499999892458731,0.45066908481307166,1.66251290034966e-19,0.45,0.4506690161987596,0.45066901619872995,1.0708375882789199e-14,2.770768923716515e-18,0.45,0.4506690848130716,0.45066908481309437,1.070837751313948e-14,2.7707689237223844e-18,0.4500000306461597,0.44999998924584245,49.93955921448604,49.879118428972085,49.829021909150384,49.82750794015839,49.827507940210104,49.825993971166405,49.82599397126984
922.0,0.0,0.45,0.4500000099460106,3.332655822496785e-18,5.089380215801924e-17,2.7729766184682462e-18,2.770134717492479e-18,0.45066901619879884,0.4500000306457353,0.45066901619879896,1.6625129003478995e-19,0.4506690848130358,0.44999998924623336,0.4506690848130357,1.66251290034966e-19,0.45,0.4506690161987989,0.45066901619873406,1.0708375882789371e-14,2.7707689237165153e-18,0.45,0.45066908481303575,0.4506690848130909,1.0708377513139327e-14,2.7707689237223844e-18,0.4500000306457229,0.44999998924624557,49.939559214486046,49.879118428972085,49.829021909150384,49.8275079401584,49.827507940210104,49.82599397116641,49.82599397126984
923.0,0.0,0.45,0.45000000994601186,3.332655822496785e-18,5.089380215802514e-17,2.7729766184682462e-18,2.770134717492479e-18,0.4506690161987461,0.4500000306462656,0.45066901619874605,1.6625129003478995e-19,0.45066908481307805,0.44999998924580753,0.45066908481307816,1.66251290034966e-19,0.45,0.4506690161987461,0.4506690161987411,1.0708375882789418e-14,2.770768923716515e-18,0.45,0.4506690848130781,0.45066908481308426,1.0708377513139276e-14,2.7707689237223844e-18,0.45000003064577515,0.4499999892462978,49.939559214486046,49.879118428972085,49.829021909150384,49.8275079401584,49.827507940210104,49.825993971166405,49.82599397126984
924.0,0.0,0.45,0.4500000099460117,3.332655822496785e-18,5.0893802158024366e-17,2.7729766184682462e-18,2.770134717492479e-18,0.45066901619873884,0.45000003064633814,0.4506690161987388,1.6625129003478995e-19,0.45066908481308665,0.4499999892457214,0.45066908481308676,1.66251290034966e-19,0.45,0.45066901619873884,0.45066901619874394,1.0708375882789464e-14,2.7707689237165146e-18,0.45,0.4506690848130867,0.45066908481308177,1.0708377513139242e-14,2.7707689237223844e-18,0.45000003064576827,0.4499999892462909,49.939559214486046,49.879118428972085,49.829021909150384,49.8275079401584,49.827507940210104,49.8259939711664,49.82599397126984
925.0,0.0,0.45,0.4500000099460109,3.332655822496785e-18,5.0893802158020686e-17,2.7729766184682462e-18,2.770134717492479e-18,0.4506690161987538,0.4500000306461871,0.4506690161987538,1.6625129003478995e-19,0.4506690848130782,0.4499999892458074,0.4506690848130782,1.66251290034966e-19,0.45,0.4506690161987538,0.4506690161987446,1.070837588278951e-14,2.770768923716515e-18,0.45,0.4506690848130782,0.4506690848130815,1.0708377513139216e-14,2.7707689237223844e-18,0.45000003064573574,0.4499999892462584,49.939559214486046,49.879118428972085,49.829021909150384,49.8275079401584,49.827507940210104,49.825993971166405,49.82599397126984
926.0,0.0,0.45,0.45000000994601036,3.332655822496785e-18,5.089380215801787e-17,2.7729766184682462e-18,2.770134717492479e-18,0.45066901619876776,0.45000003064604654,0.45066901619876787,1.6625129003478995e-19,0.4506690848130692,0.4499999892458982,0.45066908481306917,1.66251290034966e-19,0.45,0.4506690161987678,0.4506690161987453,1.0708375882789551e-14,2.770768923716515e-18,0.45,0.45066908481306917,0.4506690848130816,1.0708377513139197e-14,2.7707689237223844e-18,0.4500000306457108,0.44999998924623347,49.939559214486046,49.879118428972085,49.829021909150384,49.8275079401584,49.827507940210104,49.825993971166405,49.82599397126984
927.0,0.0,0.45,0.45000000994601075,3.332655822496785e-18,5.08938021580196e-17,2.7729766184682462e-18,2.770134717492479e-18,0.4506690161987579,0.4500000306461476,0.45066901619875777,1.6625129003478995e-19,0.45066908481307616,0.44999998924582757,0.45066908481307616,1.66251290034966e-19,0.45,0.4506690161987579,0.45066901619874783,1.0708375882789586e-14,2.770768923716515e-18,0.45,0.4506690848130761,0.45066908481308016,1.0708377513139185e-14,2.770768923722384e-18,0.45000003064572613,0.4499999892462488,49.939559214486046,49.879118428972085,49.829021909150384,49.8275079401584,49.827507940210104,49.825993971166405,49.82599397126983
928.0,0.0,0.45,0.4500000099460108,3.332655822496785e-18,5.089380215802023e-17,2.7729766184682462e-18,2.770134717492479e-18,0.45066901619876026,0.4500000306461228,0.45066901619876026,1.6625129003478995e-19,0.45066908481307266,0.4499999892458635,0.4506690848130726,1.6625129003496603e-19,0.45,0.45066901619876026,0.4506690161987476,1.0708375882789587e-14,2.770768923716515e-18,0.45,0.45066908481307266,0.4506690848130816,1.0708377513139208e-14,2.7707689237223844e-18,0.4500000306461516,0.4499999892458344,49.939559214486046,49.879118428972085,49.829021909150384,49.8275079401584,49.82750794021011,49.825993971166405,49.82599397126984
929.0,0.0,0.45,0.45000000994601125,3.332655822496785e-18,5.089380215802247e-17,2.7729766184682462e-18,2.770134717492479e-18,0.45066901619877764,0.4500000306459484,0.4506690161987777,1.6625129003478995e-19,0.4506690848130513,0.44999998924607726,0.45066908481305124,1.6625129003496603e-19,0.45,0.4506690161987777,0.45066901619875044,1.0708375882789687e-14,2.770768923716515e-18,0.45,0.45066908481305135,0.45066908481307905,1.0708377513139107e-14,2.7707689237223844e-18,0.45000003064617144,0.4499999892458542,49.939559214486046,49.879118428972085,49.829021909150384,49.8275079401584,49.82750794021011,49.825993971166405,49.82599397126984
930.0,0.0,0.45,0.45000000994601164,3.3326558224967844e-18,5.0893802158024396e-17,2.7729766184682462e-18,2.770134717492479e-18,0.4506690161987938,0.4500000306457872,0.4506690161987938,1.6625129003478993e-19,0.4506690848130318,0.4499999892462723,0.45066908481303175,1.6625129003496603e-19,0.45,0.4506690161987938,0.4506690161987551,1.0708375882789824e-14,2.770768923716515e-18,0.45,0.45066908481303175,0.450669084813074,1.0708377513138958e-14,2.770768923722384e-18,0.4500000306466085,0.44999998924545126,49.93955921448604,49.879118428972085,49.829021909150384,49.82750794015839,49.82750794021011,49.825993971166405,49.82599397126983
931.0,0.0,0.45,0.45000000994601164,3.3326558224967844e-18,5.0893802158024107e-17,2.7729766184682462e-18,2.770134717492479e-18,0.4506690161987924,0.4500000306458021,0.45066901619879235,1.6625129003478993e-19,0.4506690848130337,0.4499999892462522,0.4506690848130337,1.66251290034966e-19,0.45,0.45066901619879235,0.45066901619876054,1.070837588278994e-14,2.770768923716515e-18,0.45,0.4506690848130337,0.450669084813068,1.0708377513138831e-14,2.770768923722384e-18,0.45000003064618593,0.4499999892458687,49.93955921448604,49.879118428972085,49.829021909150384,49.82750794015839,49.827507940210104,49.825993971166405,49.82599397126983
932.0,0.0,0.45,0.4500000099460108,3.332655822496785e-18,5.0893802158019786e-17,2.7729766184682462e-18,2.770134717492479e-18,0.45066901619875793,0.45000003064614813,0.4506690161987578,1.6625129003478993e-19,0.4506690848130758,0.4499999892458296,0.45066908481307594,1.66251290034966e-19,0.45,0.45066901619875793,0.45066901619876554,1.0708375882789974e-14,2.770768923716515e-18,0.45,0.4506690848130759,0.45066908481306256,1.0708377513138806e-14,2.770768923722384e-18,0.45000003064614774,0.4499999892458305,49.939559214486046,49.879118428972085,49.829021909150384,49.82750794015839,49.827507940210104,49.825993971166405,49.82599397126983
933.0,0.0,0.45,0.4500000099460108,3.332655822496785e-18,5.089380215802015e-17,2.7729766184682462e-18,2.770134717492479e-18,0.4506690161987597,0.45000003064612826,0.45066901619875976,1.6625129003478995e-19,0.4506690848130734,0.44999998924585677,0.4506690848130733,1.66251290034966e-19,0.45,0.4506690161987597,0.45066901619876354,1.0708375882789931e-14,2.770768923716515e-18,0.45,0.45066908481307333,0.45066908481306606,1.0708377513138872e-14,2.7707689237223844e-18,0.45000003064573096,0.4499999892462536,49.939559214486046,49.879118428972085,49.829021909150384,49.8275079401584,49.827507940210104,49.825993971166405,49.82599397126984
934.0,0.0,0.45,0.45000000994601125,3.3326558224967844e-18,5.089380215802234e-17,2.7729766184682462e-18,2.770134717492479e-18,0.45066901619877436,0.4500000306459813,0.4506690161987744,1.6625129003478995e-19,0.4506690848130549,0.4499999892460423,0.45066908481305473,1.66251290034966e-19,0.45,0.45066901619877436,0.45066901619876354,1.0708375882789963e-14,2.770768923716515e-18,0.45,0.4506690848130548,0.4506690848130664,1.0708377513138839e-14,2.7707689237223844e-18,0.45000003064575034,0.449999989246273,49.93955921448604,49.879118428972085,49.829021909150384,49.8275079401584,49.827507940210104,49.825993971166405,49.82599397126984
935.0,0.0,0.45,0.45000000994601164,3.3326558224967844e-18,5.089380215802435e-17,2.7729766184682462e-18,2.770134717492479e-18,0.45066901619879224,0.4500000306458027,0.45066901619879224,1.6625129003478993e-19,0.4506690848130334,0.449999989246256,0.45066908481303336,1.66251290034966e-19,0.45,0.45066901619879224,0.4506690161987654,1.0708375882790041e-14,2.770768923716515e-18,0.45,0.45066908481303336,0.45066908481306417,1.0708377513138746e-14,2.7707689237223844e-18,0.45000003064618804,0.4499999892458708,49.93955921448604,49.879118428972085,49.829021909150384,49.82750794015839,49.827507940210104,49.825993971166405,49.82599397126984
936.0,0.0,0.45,0.45000000994601164,3.3326558224967844e-18,5.0893802158024156e-17,2.7729766184682462e-18,2.770134717492479e-18,0.4506690161988038,0.45000003064568755,0.45066901619880373,1.6625129003478993e-19,0.45066908481302215,0.44999998924636775,0.45066908481302215,1.66251290034966e-19,0.45,0.4506690161988038,0.450669016198769,1.0708375882790142e-14,2.770768923716515e-18,0.45,0.45066908481302215,0.45066908481306,1.0708377513138633e-14,2.770768923722384e-18,0.4500000306461864,0.44999998924586915,49.93955921448604,49.879118428972085,49.829021909150384,49.82750794015839,49.827507940210104,49.825993971166405,49.82599397126983
937.0,0.0,0.45,0.4500000099460108,3.3326558224967844e-18,5.089380215801985e-17,2.7729766184682462e-18,2.770134717492479e-18,0.45066901619879984,0.45000003064572736,0.45066901619879984,1.6625129003478993e-19,0.4506690848130336,0.44999998924625284,0.4506690848130337,1.6625129003496603e-19,0.45,0.45066901619879984,0.45066901619877403,1.070837588279024e-14,2.770768923716515e-18,0.45,0.45066908481303364,0.45066908481305457,1.070837751313854e-14,2.7707689237223844e-18,0.45000003064656824,0.449999989245411,49.93955921448604,49.879118428972085,49.829021909150384,49.82750794015839,49.82750794021011,49.825993971166405,49.82599397126984
938.0,0.0,0.45,0.4500000099460108,3.332655822496785e-18,5.089380215802002e-17,2.7729766184682462e-18,2.770134717492479e-18,0.4506690161987973,0.45000003064575284,0.4506690161987973,1.6625129003478993e-19,0.450669084813036,0.4499999892462292,0.450669084813036,1.66251290034966e-19,0.45,0.4506690161987973,0.4506690161987788,1.0708375882790343e-14,2.770768923716515e-18,0.45,0.450669084813036,0.4506690848130504,1.0708377513138454e-14,2.7707689237223844e-18,0.4500000306461498,0.44999998924583257,49.939559214486046,49.879118428972085,49.829021909150384,49.82750794015839,49.827507940210104,49.825993971166405,49.82599397126984
939.0,0.0,0.45,0.4500000099460111,3.332655822496785e-18,5.0893802158021555e-17,2.7729766184682462e-18,2.770134717492479e-18,0.45066901619877936,0.45000003064593275,0.4506690161987793,1.6625129003478993e-19,0.45066908481305135,0.4499999892460764,0.4506690848130513,1.66251290034966e-19,0.45,0.4506690161987793,0.45066901619878086,1.0708375882790348e-14,2.770768923716515e-18,0.45,0.4506690848130513,0.45066908481304896,1.0708377513138456e-14,2.7707689237223844e-18,0.45000003064616334,0.4499999892458461,49.939559214486046,49.879118428972085,49.829021909150384,49.82750794015839,49.827507940210104,49.825993971166405,49.82599397126984
940.0,0.0,0.45,0.4500000099460116,3.3326558224967844e-18,5.0893802158023934e-17,2.7729766184682462e-18,2.770134717492479e-18,0.4506690161987576,0.4500000306461499,0.4506690161987576,1.6625129003478995e-19,0.4506690848130688,0.4499999892459018,0.4506690848130688,1.6625129003496603e-19,0.45,0.4506690161987576,0.45066901619878036,1.0708375882790286e-14,2.770768923716515e-18,0.45,0.4506690848130687,0.4506690848130497,1.070837751313851e-14,2.7707689237223844e-18,0.4500000306461844,0.44999998924586715,49.93955921448604,49.879118428972085,49.829021909150384,49.8275079401584,49.82750794021011,49.825993971166405,49.82599397126984
941.0,0.0,0.45,0.45000000994601214,3.3326558224967844e-18,5.089380215802662e-17,2.7729766184682462e-18,2.770134717492479e-18,0.4506690161987439,0.4500000306462871,0.4506690161987439,1.6625129003478995e-19,0.45066908481307766,0.4499999892458126,0.4506690848130777,1.6625129003496603e-19,0.45,0.4506690161987439,0.4506690161987776,1.0708375882790195e-14,2.770768923716515e-18,0.45,0.45066908481307766,0.4506690848130521,1.070837751313858e-14,2.7707689237223844e-18,0.45000003064620814,0.4499999892458909,49.93955921448604,49.879118428972085,49.829021909150384,49.8275079401584,49.82750794021011,49.825993971166405,49.82599397126984
942.0,0.0,0.45,0.4500000099460124,3.3326558224967844e-18,5.0893802158028347e-17,2.7729766184682462e-18,2.770134717492479e-18,0.45066901619875505,0.4500000306461739,0.4506690161987551,1.6625129003478995e-19,0.4506690848130634,0.4499999892459561,0.4506690848130634,1.66251290034966e-19,0.45,0.45066901619875505,0.4506690161987724,1.0708375882790108e-14,2.770768923716515e-18,0.45,0.4506690848130634,0.450669084813056,1.0708377513138634e-14,2.770768923722384e-18,0.45000003064580346,0.4499999892463261,49.93955921448604,49.879118428972085,49.829021909150384,49.8275079401584,49.827507940210104,49.825993971166405,49.82599397126983
943.0,0.0,0.45,0.45000000994601147,3.332655822496785e-18,5.0893802158023256e-17,2.7729766184682462e-18,2.770134717492479e-18,0.45066901619873845,0.45000003064634436,0.4506690161987382,1.6625129003478995e-19,0.45066908481308915,0.44999998924569545,0.4506690848130893,1.66251290034966e-19,0.45,0.45066901619873834,0.4506690161987746,1.0708375882790119e-14,2.770768923716515e-18,0.45,0.45066908481308926,0.45066908481305323,1.070837751313863e-14,2.7707689237223844e-18,0.45000003064575844,0.4499999892462811,49.939559214486046,49.879118428972085,49.829021909150384,49.8275079401584,49.827507940210104,49.825993971166405,49.82599397126984
944.0,0.0,0.45,0.4500000099460112,3.332655822496785e-18,5.0893802158022024e-17,2.7729766184682462e-18,2.770134717492479e-18,0.4506690161987142,0.45000003064658456,0.4506690161987141,1.6625129003478995e-19,0.45066908481311546,0.4499999892454339,0.4506690848131155,1.66251290034966e-19,0.45,0.45066901619871413,0.450669016198768,1.0708375882789928e-14,2.770768923716515e-18,0.45,0.4506690848131155,0.4506690848130597,1.0708377513138828e-14,2.770768923722384e-18,0.45000003064574756,0.4499999892462702,49.939559214486046,49.879118428972085,49.829021909150384,49.8275079401584,49.827507940210104,49.825993971166405,49.82599397126983
945.0,0.0,0.45,0.4500000099460112,3.3326558224967844e-18,5.089380215802194e-17,2.7729766184682462e-18,2.770134717492479e-18,0.4506690161987126,0.45000003064660216,0.45066901619871236,1.6625129003478995e-19,0.45066908481311724,0.4499999892454146,0.4506690848131174,1.66251290034966e-19,0.45,0.45066901619871247,0.4506690161987622,1.07083758827898e-14,2.770768923716515e-18,0.45,0.4506690848131173,0.4506690848130657,1.0708377513138962e-14,2.770768923722384e-18,0.4500000306457468,0.44999998924626944,49.93955921448604,49.879118428972085,49.829021909150384,49.8275079401584,49.827507940210104,49.825993971166405,49.82599397126983
946.0,0.0,0.45,0.4500000099460112,3.3326558224967844e-18,5.089380215802198e-17,2.7729766184682462e-18,2.770134717492479e-18,0.450669016198741,0.4500000306463156,0.450669016198741,1.6625129003478995e-19,0.45066908481308876,0.4499999892457016,0.45066908481308876,1.66251290034966e-19,0.45,0.450669016198741,0.45066901619875716,1.0708375882789753e-14,2.770768923716515e-18,0.45,0.45066908481308876,0.450669084813071,1.0708377513139014e-14,2.770768923722384e-18,0.4500000306457472,0.4499999892462698,49.93955921448604,49.879118428972085,49.829021909150384,49.8275079401584,49.827507940210104,49.825993971166405,49.82599397126983
947.0,0.0,0.45,0.4500000099460112,3.3326558224967844e-18,5.0893802158022054e-17,2.7729766184682462e-18,2.770134717492479e-18,0.4506690161987687,0.4500000306460368,0.4506690161987688,1.6625129003478995e-19,0.450669084813061,0.44999998924598145,0.45066908481306084,1.66251290034966e-19,0.45,0.45066901619876876,0.4506690161987543,1.0708375882789754e-14,2.770768923716515e-18,0.45,0.45066908481306095,0.450669084813074,1.0708377513139019e-14,2.770768923722384e-18,0.45000003064574784,0.4499999892462705,49.93955921448604,49.879118428972085,49.829021909150384,49.8275079401584,49.827507940210104,49.825993971166405,49.82599397126983
948.0,0.0,0.45,0.4500000099460112,3.3326558224967844e-18,5.0893802158022054e-17,2.7729766184682462e-18,2.770134717492479e-18,0.4506690161987648,0.4500000306460775,0.4506690161987648,1.6625129003478993e-19,0.45066908481306495,0.4499999892459407,0.4506690848130649,1.66251290034966e-19,0.45,0.4506690161987648,0.45066901619875516,1.0708375882789765e-14,2.770768923716515e-18,0.45,0.45066908481306495,0.45066908481307316,1.0708377513139011e-14,2.7707689237223844e-18,0.4500000306461678,0.44999998924585055,49.93955921448604,49.879118428972085,49.829021909150384,49.82750794015839,49.827507940210104,49.825993971166405,49.82599397126984
949.0,0.0,0.45,0.4500000099460112,3.3326558224967844e-18,5.0893802158022024e-17,2.7729766184682462e-18,2.770134717492479e-18,0.4506690161987558,0.4500000306461672,0.4506690161987558,1.6625129003478995e-19,0.4506690848130739,0.4499999892458506,0.4506690848130739,1.66251290034966e-19,0.45,0.4506690161987558,0.4506690161987568,1.0708375882789778e-14,2.770768923716515e-18,0.45,0.4506690848130739,0.4506690848130719,1.0708377513139002e-14,2.7707689237223844e-18,0.45000003064574756,0.4499999892462702,49.93955921448604,49.879118428972085,49.829021909150384,49.8275079401584,49.827507940210104,49.825993971166405,49.82599397126984
950.0,0.0,0.45,0.4500000099460112,3.3326558224967844e-18,5.0893802158022024e-17,2.7729766184682462e-18,2.770134717492479e-18,0.4506690161987529,0.45000003064619615,0.45066901619875294,1.6625129003478995e-19,0.45066908481307677,0.44999998924582163,0.45066908481307677,1.6625129003496603e-19,0.45,0.4506690161987529,0.4506690161987563,1.070837588278976e-14,2.770768923716515e-18,0.45,0.45066908481307677,0.4506690848130726,1.0708377513139022e-14,2.7707689237223844e-18,0.4500000306461675,0.4499999892458503,49.93955921448604,49.879118428972085,49.829021909150384,49.8275079401584,49.82750794021011,49.825993971166405,49.82599397126984
951.0,0.0,0.45,0.4500000099460112,3.3326558224967844e-18,5.0893802158022024e-17,2.7729766184682462e-18,2.770134717492479e-18,0.45066901619875294,0.45000003064619587,0.450669016198753,1.6625129003478995e-19,0.45066908481307677,0.4499999892458219,0.45066908481307677,1.6625129003496603e-19,0.45,0.45066901619875294,0.4506690161987552,1.0708375882789737e-14,2.770768923716515e-18,0.45,0.45066908481307677,0.45066908481307383,1.0708377513139047e-14,2.7707689237223844e-18,0.4500000306461675,0.4499999892458503,49.93955921448604,49.879118428972085,49.829021909150384,49.8275079401584,49.82750794021011,49.825993971166405,49.82599397126984
952.0,0.0,0.45,0.4500000099460112,3.3326558224967844e-18,5.0893802158022024e-17,2.7729766184682462e-18,2.770134717492479e-18,0.4506690161987626,0.4500000306460995,0.4506690161987626,1.6625129003478993e-19,0.4506690848130671,0.44999998924591844,0.45066908481306717,1.66251290034966e-19,0.45,0.4506690161987626,0.45066901619875444,1.0708375882789745e-14,2.770768923716515e-18,0.45,0.45066908481306717,0.4506690848130746,1.0708377513139043e-14,2.7707689237223844e-18,0.4500000306461675,0.4499999892458503,49.93955921448604,49.879118428972085,49.829021909150384,49.82750794015839,49.827507940210104,49.825993971166405,49.82599397126984
953.0,0.0,0.45,0.4500000099460112,3.3326558224967844e-18,5.0893802158022024e-17,2.7729766184682462e-18,2.770134717492479e-18,0.45066901619878846,0.4500000306458401,0.4506690161987885,1.6625129003478993e-19,0.45066908481304124,0.44999998924617807,0.4506690848130412,1.66251290034966e-19,0.45,0.4506690161987885,0.4506690161987551,1.0708375882789817e-14,2.770768923716515e-18,0.45,0.45066908481304124,0.45066908481307405,1.0708377513138973e-14,2.770768923722384e-18,0.4500000306461675,0.4499999892458503,49.93955921448604,49.879118428972085,49.829021909150384,49.82750794015839,49.827507940210104,49.825993971166405,49.82599397126983
954.0,0.0,0.45,0.4500000099460112,3.332655822496785e-18,5.0893802158022024e-17,2.7729766184682462e-18,2.770134717492479e-18,0.4506690161987977,0.4500000306457483,0.4506690161987977,1.6625129003478993e-19,0.4506690848130319,0.4499999892462701,0.4506690848130319,1.66251290034966e-19,0.45,0.45066901619879773,0.45066901619875993,1.0708375882789934e-14,2.770768923716515e-18,0.45,0.4506690848130319,0.4506690848130694,1.0708377513138857e-14,2.7707689237223844e-18,0.4500000306461675,0.4499999892458503,49.939559214486046,49.879118428972085,49.829021909150384,49.82750794015839,49.827507940210104,49.825993971166405,49.82599397126984
955.0,0.0,0.45,0.4500000099460112,3.332655822496785e-18,5.0893802158022024e-17,2.7729766184682462e-18,2.770134717492479e-18,0.4506690161988006,0.45000003064571936,0.4506690161988006,1.6625129003478993e-19,0.450669084813029,0.449999989246299,0.450669084813029,1.6625129003496603e-19,0.45,0.4506690161988006,0.45066901619876587,1.0708375882790067e-14,2.770768923716515e-18,0.45,0.450669084813029,0.4506690848130635,1.0708377513138727e-14,2.7707689237223844e-18,0.4500000306465875,0.4499999892454303,49.939559214486046,49.879118428972085,49.829021909150384,49.82750794015839,49.82750794021011,49.825993971166405,49.82599397126984
956.0,0.0,0.45,0.4500000099460112,3.332655822496785e-18,5.0893802158022024e-17,2.7729766184682462e-18,2.770134717492479e-18,0.4506690161988006,0.45000003064571964,0.4506690161988006,1.6625129003478993e-19,0.45066908481302903,0.44999998924629875,0.45066908481302903,1.6625129003496603e-19,0.45,0.4506690161988006,0.4506690161987714,1.0708375882790187e-14,2.770768923716515e-18,0.45,0.45066908481302903,0.450669084813058,1.0708377513138607e-14,2.7707689237223844e-18,0.4500000306465875,0.4499999892454303,49.939559214486046,49.879118428972085,49.829021909150384,49.82750794015839,49.82750794021011,49.825993971166405,49.82599397126984
957.0,0.0,0.45,0.4500000099460112,3.3326558224967844e-18,5.0893802158022024e-17,2.7729766184682462e-18,2.770134717492479e-18,0.450669016198791,0.450000030645816,0.450669016198791,1.6625129003478993e-19,0.4506690848130387,0.44999998924620227,0.4506690848130387,1.66251290034966e-19,0.45,0.450669016198791,0.4506690161987759,1.0708375882790264e-14,2.770768923716515e-18,0.45,0.4506690848130387,0.45066908481305357,1.070837751313853e-14,2.7707689237223844e-18,0.4500000306461675,0.4499999892458503,49.93955921448604,49.879118428972085,49.829021909150384,49.82750794015839,49.827507940210104,49.825993971166405,49.82599397126984
958.0,0.0,0.45,0.4500000099460112,3.332655822496785e-18,5.0893802158022024e-17,2.7729766184682462e-18,2.770134717492479e-18,0.4506690161987651,0.45000003064607536,0.45066901619876504,1.6625129003478995e-19,0.4506690848130646,0.44999998924594264,0.45066908481306467,1.66251290034966e-19,0.45,0.4506690161987651,0.4506690161987786,1.0708375882790264e-14,2.770768923716515e-18,0.45,0.45066908481306467,0.45066908481305096,1.0708377513138532e-14,2.7707689237223844e-18,0.45000003064574756,0.4499999892462702,49.939559214486046,49.879118428972085,49.829021909150384,49.8275079401584,49.827507940210104,49.825993971166405,49.82599397126984
959.0,0.0,0.45,0.4500000099460112,3.332655822496785e-18,5.089380215802203e-17,2.7729766184682462e-18,2.770134717492479e-18,0.45066901619879723,0.4500000306457519,0.4506690161987973,1.6625129003478993e-19,0.45066908481303236,0.4499999892462665,0.4506690848130323,1.66251290034966e-19,0.45,0.4506690161987973,0.4506690161987771,1.0708375882790303e-14,2.770768923716515e-18,0.45,0.4506690848130323,0.4506690848130524,1.0708377513138492e-14,2.7707689237223844e-18,0.45000003064616756,0.44999998924585033,49.939559214486046,49.879118428972085,49.829021909150384,49.82750794015839,49.827507940210104,49.825993971166405,49.82599397126984
960.0,0.0,0.45,0.4500000099460112,3.332655822496785e-18,5.0893802158022024e-17,2.7729766184682462e-18,2.770134717492479e-18,0.4506690161988132,0.45000003064559163,0.45066901619881333,1.6625129003478993e-19,0.4506690848130164,0.4499999892464269,0.45066908481301626,1.6625129003496603e-19,0.45,0.45066901619881333,0.45066901619877836,1.0708375882790368e-14,2.770768923716515e-18,0.45,0.4506690848130163,0.4506690848130511,1.0708377513138429e-14,2.7707689237223844e-18,0.4500000306465875,0.4499999892454303,49.939559214486046,49.879118428972085,49.829021909150384,49.82750794015839,49.82750794021011,49.825993971166405,49.82599397126984
961.0,0.0,0.45,0.4500000099460112,3.332655822496785e-18,5.0893802158022024e-17,2.7729766184682462e-18,2.770134717492479e-18,0.45066901619880456,0.4500000306456795,0.45066901619880456,1.6625129003478993e-19,0.4506690848130251,0.44999998924633894,0.45066908481302503,1.66251290034966e-19,0.45,0.4506690161988046,0.45066901619878186,1.0708375882790423e-14,2.770768923716515e-18,0.45,0.45066908481302503,0.4506690848130476,1.0708377513138374e-14,2.7707689237223844e-18,0.4500000306461675,0.4499999892458503,49.939559214486046,49.879118428972085,49.829021909150384,49.82750794015839,49.827507940210104,49.825993971166405,49.82599397126984
962.0,0.0,0.45,0.4500000099460112,3.332655822496785e-18,5.0893802158022024e-17,2.7729766184682462e-18,2.770134717492479e-18,0.4506690161987912,0.45000003064581473,0.45066901619879113,1.6625129003478993e-19,0.4506690848130385,0.4499999892462036,0.4506690848130385,1.66251290034966e-19,0.45,0.45066901619879113,0.45066901619878547,1.0708375882790469e-14,2.770768923716515e-18,0.45,0.4506690848130386,0.4506690848130441,1.0708377513138328e-14,2.7707689237223844e-18,0.4500000306461675,0.4499999892458503,49.939559214486046,49.879118428972085,49.829021909150384,49.82750794015839,49.827507940210104,49.825993971166405,49.82599397126984
963.0,0.0,0.45,0.4500000099460112,3.3326558224967844e-18,5.0893802158022024e-17,2.7729766184682462e-18,2.770134717492479e-18,0.4506690161987929,0.4500000306457964,0.4506690161987929,1.6625129003478993e-19,0.4506690848130368,0.4499999892462218,0.4506690848130368,1.66251290034966e-19,0.45,0.4506690161987929,0.45066901619878713,1.070837588279051e-14,2.770768923716515e-18,0.45,0.4506690848130368,0.4506690848130424,1.0708377513138289e-14,2.7707689237223844e-18,0.4500000306461675,0.4499999892458503,49.93955921448604,49.879118428972085,49.829021909150384,49.82750794015839,49.827507940210104,49.825993971166405,49.82599397126984
964.0,0.0,0.45,0.4500000099460112,3.3326558224967844e-18,5.0893802158022024e-17,2.7729766184682462e-18,2.770134717492479e-18,0.4506690161987979,0.45000003064574695,0.45066901619879784,1.6625129003478993e-19,0.45066908481303175,0.4499999892462714,0.45066908481303175,1.66251290034966e-19,0.45,0.4506690161987979,0.45066901619878996,1.0708375882790584e-14,2.770768923716515e-18,0.45,0.45066908481303175,0.4506690848130397,1.0708377513138214e-14,2.7707689237223844e-18,0.4500000306461675,0.4499999892458503,49.93955921448604,49.879118428972085,49.829021909150384,49.82750794015839,49.827507940210104,49.825993971166405,49.82599397126984
965.0,0.0,0.45,0.4500000099460112,3.332655822496785e-18,5.0893802158022024e-17,2.7729766184682462e-18,2.770134717492479e-18,0.45066901619878097,0.45000003064591687,0.45066901619878086,1.6625129003478993e-19,0.45066908481304874,0.44999998924610135,0.45066908481304874,1.6625129003496603e-19,0.45,0.4506690161987809,0.45066901619879024,1.0708375882790554e-14,2.770768923716515e-18,0.45,0.45066908481304874,0.4506690848130394,1.0708377513138244e-14,2.770768923722384e-18,0.4500000306465875,0.4499999892454303,49.939559214486046,49.879118428972085,49.829021909150384,49.82750794015839,49.82750794021011,49.825993971166405,49.82599397126983
966.0,0.0,0.45,0.4500000099460112,3.332655822496785e-18,5.089380215802203e-17,2.7729766184682462e-18,2.770134717492479e-18,0.45066901619876104,0.4500000306461157,0.450669016198761,1.6625129003478995e-19,0.45066908481306867,0.4499999892459023,0.4506690848130687,1.6625129003496603e-19,0.45,0.450669016198761,0.45066901619878763,1.0708375882790458e-14,2.770768923716515e-18,0.45,0.45066908481306867,0.45066908481304196,1.070837751313834e-14,2.770768923722384e-18,0.45000003064616756,0.44999998924585033,49.939559214486046,49.879118428972085,49.829021909150384,49.8275079401584,49.82750794021011,49.825993971166405,49.82599397126983
967.0,0.0,0.45,0.4500000099460112,3.332655822496785e-18,5.0893802158022036e-17,2.7729766184682462e-18,2.770134717492479e-18,0.4506690161987561,0.45000003064616395,0.45066901619875616,1.6625129003478995e-19,0.4506690848130736,0.449999989245854,0.4506690848130736,1.66251290034966e-19,0.45,0.4506690161987561,0.4506690161987836,1.0708375882790362e-14,2.770768923716515e-18,0.45,0.4506690848130736,0.450669084813046,1.0708377513138437e-14,2.770768923722384e-18,0.4500000306457477,0.4499999892462703,49.939559214486046,49.879118428972085,49.829021909150384,49.8275079401584,49.827507940210104,49.825993971166405,49.82599397126983
968.0,0.0,0.45,0.4500000099460112,3.332655822496785e-18,5.089380215802203e-17,2.7729766184682462e-18,2.770134717492479e-18,0.4506690161987842,0.45000003064588207,0.4506690161987843,1.6625129003478993e-19,0.4506690848130455,0.4499999892461362,0.4506690848130454,1.66251290034966e-19,0.45,0.45066901619878424,0.4506690161987793,1.0708375882790335e-14,2.770768923716515e-18,0.45,0.4506690848130454,0.45066908481305035,1.0708377513138464e-14,2.770768923722384e-18,0.45000003064616756,0.44999998924585033,49.939559214486046,49.879118428972085,49.829021909150384,49.82750794015839,49.827507940210104,49.825993971166405,49.82599397126983
969.0,0.0,0.45,0.4500000099460112,3.3326558224967844e-18,5.089380215802202e-17,2.7729766184682462e-18,2.770134717492479e-18,0.45066901619875627,0.4500000306461634,0.45066901619875627,1.6625129003478995e-19,0.4506690848130734,0.4499999892458544,0.45066908481307344,1.66251290034966e-19,0.45,0.45066901619875627,0.4506690161987807,1.0708375882790294e-14,2.770768923716515e-18,0.45,0.45066908481307344,0.45066908481304896,1.0708377513138505e-14,2.7707689237223844e-18,0.4500000306457475,0.44999998924627016,49.93955921448604,49.879118428972085,49.829021909150384,49.8275079401584,49.827507940210104,49.825993971166405,49.82599397126984
970.0,0.0,0.45,0.4500000099460112,3.3326558224967844e-18,5.089380215802201e-17,2.7729766184682462e-18,2.770134717492479e-18,0.45066901619873745,0.45000003064635224,0.45066901619873734,1.6625129003478995e-19,0.45066908481309226,0.44999998924566526,0.45066908481309237,1.6625129003496603e-19,0.45,0.4506690161987374,0.4506690161987785,1.0708375882790202e-14,2.770768923716515e-18,0.45,0.4506690848130923,0.4506690848130511,1.0708377513138596e-14,2.7707689237223844e-18,0.4500000306461674,0.44999998924585016,49.93955921448604,49.879118428972085,49.829021909150384,49.8275079401584,49.82750794021011,49.825993971166405,49.82599397126984
971.0,0.0,0.45,0.4500000099460112,3.3326558224967844e-18,5.089380215802202e-17,2.7729766184682462e-18,2.770134717492479e-18,0.4506690161987461,0.4500000306462642,0.4506690161987461,1.6625129003478995e-19,0.4506690848130836,0.4499999892457534,0.4506690848130836,1.66251290034966e-19,0.45,0.4506690161987461,0.4506690161987735,1.0708375882790116e-14,2.770768923716515e-18,0.45,0.4506690848130836,0.4506690848130562,1.0708377513138683e-14,2.7707689237223844e-18,0.4500000306457475,0.44999998924627016,49.93955921448604,49.879118428972085,49.829021909150384,49.8275079401584,49.827507940210104,49.825993971166405,49.82599397126984
972.0,0.0,0.45,0.4500000099460112,3.3326558224967844e-18,5.0893802158022024e-17,2.7729766184682462e-18,2.770134717492479e-18,0.45066901619876915,0.4500000306460329,0.4506690161987692,1.6625129003478993e-19,0.4506690848130606,0.4499999892459851,0.4506690848130605,1.66251290034966e-19,0.45,0.4506690161987692,0.4506690161987687,1.0708375882790068e-14,2.770768923716515e-18,0.45,0.45066908481306056,0.4506690848130609,1.070837751313873e-14,2.7707689237223844e-18,0.4500000306461675,0.4499999892458503,49.93955921448604,49.879118428972085,49.829021909150384,49.82750794015839,49.827507940210104,49.825993971166405,49.82599397126984
973.0,0.0,0.45,0.4500000099460112,3.3326558224967844e-18,5.0893802158022024e-17,2.7729766184682462e-18,2.770134717492479e-18,0.4506690161987933,0.4500000306457918,0.45066901619879335,1.6625129003478993e-19,0.45066908481303647,0.44999998924622653,0.45066908481303636,1.66251290034966e-19,0.45,0.4506690161987933,0.45066901619876737,1.0708375882790095e-14,2.770768923716515e-18,0.45,0.4506690848130364,0.4506690848130623,1.0708377513138705e-14,2.770768923722384e-18,0.4500000306461675,0.4499999892458503,49.93955921448604,49.879118428972085,49.829021909150384,49.82750794015839,49.827507940210104,49.825993971166405,49.82599397126983
974.0,0.0,0.45,0.4500000099460112,3.3326558224967844e-18,5.0893802158022024e-17,2.7729766184682462e-18,2.770134717492479e-18,0.4506690161987977,0.45000003064574823,0.4506690161987977,1.6625129003478993e-19,0.4506690848130319,0.4499999892462701,0.4506690848130319,1.66251290034966e-19,0.45,0.45066901619879773,0.4506690161987709,1.0708375882790172e-14,2.770768923716515e-18,0.45,0.4506690848130319,0.4506690848130588,1.0708377513138626e-14,2.7707689237223844e-18,0.4500000306461675,0.4499999892458503,49.93955921448604,49.879118428972085,49.829021909150384,49.82750794015839,49.827507940210104,49.825993971166405,49.82599397126984
975.0,0.0,0.45,0.4500000099460112,3.332655822496785e-18,5.0893802158022024e-17,2.7729766184682462e-18,2.770134717492479e-18,0.45066901619880056,0.4500000306457194,0.45066901619880056,1.6625129003478993e-19,0.450669084813029,0.44999998924629897,0.450669084813029,1.66251290034966e-19,0.45,0.4506690161988006,0.4506690161987753,1.070837588279027e-14,2.770768923716515e-18,0.45,0.45066908481302903,0.4506690848130544,1.070837751313853e-14,2.7707689237223844e-18,0.4500000306461675,0.4499999892458503,49.939559214486046,49.879118428972085,49.829021909150384,49.82750794015839,49.827507940210104,49.825993971166405,49.82599397126984
976.0,0.0,0.45,0.4500000099460112,3.332655822496785e-18,5.0893802158022024e-17,2.7729766184682462e-18,2.770134717492479e-18,0.45066901619880056,0.45000003064571964,0.45066901619880056,1.6625129003478993e-19,0.45066908481302903,0.44999998924629875,0.45066908481302903,1.6625129003496603e-19,0.45,0.45066901619880056,0.45066901619877947,1.0708375882790362e-14,2.770768923716515e-18,0.45,0.45066908481302903,0.4506690848130502,1.0708377513138437e-14,2.7707689237223844e-18,0.4500000306465875,0.4499999892454303,49.939559214486046,49.879118428972085,49.829021909150384,49.82750794015839,49.82750794021011,49.825993971166405,49.82599397126984
977.0,0.0,0.45,0.4500000099460112,3.332655822496785e-18,5.0893802158022024e-17,2.7729766184682462e-18,2.770134717492479e-18,0.45066901619879096,0.45000003064581595,0.45066901619879096,1.6625129003478993e-19,0.4506690848130387,0.4499999892462023,0.4506690848130387,1.6625129003496603e-19,0.45,0.45066901619879096,0.45066901619878275,1.0708375882790414e-14,2.770768923716515e-18,0.45,0.4506690848130387,0.4506690848130469,1.0708377513138386e-14,2.7707689237223844e-18,0.4500000306465875,0.4499999892454303,49.939559214486046,49.879118428972085,49.829021909150384,49.82750794015839,49.82750794021011,49.825993971166405,49.82599397126984
978.0,0.0,0.45,0.4500000099460112,3.332655822496785e-18,5.0893802158022024e-17,2.7729766184682462e-18,2.770134717492479e-18,0.4506690161987651,0.4500000306460753,0.45066901619876504,1.6625129003478995e-19,0.4506690848130646,0.44999998924594264,0.45066908481306467,1.66251290034966e-19,0.45,0.4506690161987651,0.45066901619878447,1.0708375882790393e-14,2.770768923716515e-18,0.45,0.4506690848130646,0.4506690848130452,1.0708377513138407e-14,2.7707689237223844e-18,0.45000003064574756,0.4499999892462702,49.939559214486046,49.879118428972085,49.829021909150384,49.8275079401584,49.827507940210104,49.825993971166405,49.82599397126984
979.0,0.0,0.45,0.4500000099460112,3.3326558224967844e-18,5.0893802158022024e-17,2.7729766184682462e-18,2.770134717492479e-18,0.4506690161987973,0.45000003064575184,0.45066901619879735,1.6625129003478993e-19,0.4506690848130324,0.4499999892462665,0.4506690848130323,1.66251290034966e-19,0.45,0.4506690161987973,0.4506690161987822,1.0708375882790415e-14,2.770768923716515e-18,0.45,0.45066908481303236,0.4506690848130475,1.0708377513138385e-14,2.7707689237223844e-18,0.4500000306461675,0.4499999892458503,49.93955921448604,49.879118428972085,49.829021909150384,49.82750794015839,49.827507940210104,49.825993971166405,49.82599397126984
980.0,0.0,0.45,0.4500000099460112,3.332655822496785e-18,5.0893802158022024e-17,2.7729766184682462e-18,2.770134717492479e-18,0.4506690161988133,0.45000003064559163,0.45066901619881333,1.6625129003478993e-19,0.4506690848130164,0.4499999892464269,0.45066908481301626,1.66251290034966e-19,0.45,0.4506690161988133,0.45066901619878275,1.0708375882790463e-14,2.770768923716515e-18,0.45,0.4506690848130163,0.4506690848130469,1.0708377513138337e-14,2.7707689237223844e-18,0.4500000306461675,0.4499999892458503,49.939559214486046,49.879118428972085,49.829021909150384,49.82750794015839,49.827507940210104,49.825993971166405,49.82599397126984
981.0,0.0,0.45,0.4500000099460112,3.332655822496785e-18,5.0893802158022024e-17,2.7729766184682462e-18,2.770134717492479e-18,0.4506690161988046,0.4500000306456795,0.45066901619880456,1.6625129003478993e-19,0.45066908481302503,0.44999998924633894,0.45066908481302503,1.66251290034966e-19,0.45,0.45066901619880456,0.4506690161987857,1.0708375882790504e-14,2.770768923716515e-18,0.45,0.4506690848130251,0.450669084813044,1.0708377513138296e-14,2.7707689237223844e-18,0.4500000306461675,0.4499999892458503,49.939559214486046,49.879118428972085,49.829021909150384,49.82750794015839,49.827507940210104,49.825993971166405,49.82599397126984
982.0,0.0,0.45,0.4500000099460112,3.332655822496785e-18,5.089380215802203e-17,2.7729766184682462e-18,2.770134717492479e-18,0.4506690161987912,0.45000003064581473,0.4506690161987911,1.6625129003478993e-19,0.45066908481303847,0.4499999892462036,0.4506690848130386,1.66251290034966e-19,0.45,0.45066901619879113,0.45066901619878885,1.0708375882790538e-14,2.770768923716515e-18,0.45,0.4506690848130385,0.45066908481304085,1.0708377513138262e-14,2.7707689237223844e-18,0.45000003064616756,0.44999998924585033,49.939559214486046,49.879118428972085,49.829021909150384,49.82750794015839,49.827507940210104,49.825993971166405,49.82599397126984
983.0,0.0,0.45,0.4500000099460112,3.3326558224967844e-18,5.0893802158022024e-17,2.7729766184682462e-18,2.770134717492479e-18,0.4506690161987929,0.45000003064579647,0.4506690161987929,1.6625129003478995e-19,0.45066908481303675,0.4499999892462218,0.45066908481303675,1.66251290034966e-19,0.45,0.4506690161987929,0.4506690161987902,1.0708375882790567e-14,2.770768923716515e-18,0.45,0.45066908481303675,0.4506690848130394,1.0708377513138232e-14,2.770768923722384e-18,0.45000003064574756,0.4499999892462702,49.93955921448604,49.879118428972085,49.829021909150384,49.8275079401584,49.827507940210104,49.825993971166405,49.82599397126983
984.0,0.0,0.45,0.4500000099460112,3.332655822496785e-18,5.0893802158022024e-17,2.7729766184682462e-18,2.770134717492479e-18,0.45066901619879796,0.4500000306457461,0.45066901619879796,1.6625129003478993e-19,0.45066908481303164,0.44999998924627227,0.45066908481303175,1.66251290034966e-19,0.45,0.450669016198798,0.45066901619879335,1.070837588279066e-14,2.770768923716515e-18,0.45,0.4506690848130317,0.4506690848130363,1.070837751313814e-14,2.7707689237223844e-18,0.4500000306461675,0.4499999892458503,49.939559214486046,49.879118428972085,49.829021909150384,49.82750794015839,49.827507940210104,49.825993971166405,49.82599397126984
985.0,0.0,0.45,0.4500000099460112,3.332655822496785e-18,5.089380215802202e-17,2.7729766184682462e-18,2.770134717492479e-18,0.45066901619876687,0.4500000306460575,0.4506690161987668,1.6625129003478993e-19,0.4506690848130627,0.4499999892459609,0.45066908481306284,1.66251290034966e-19,0.45,0.45066901619876687,0.45066901619879257,1.0708375882790581e-14,2.770768923716515e-18,0.45,0.4506690848130628,0.45066908481303714,1.0708377513138219e-14,2.7707689237223844e-18,0.45000003064616745,0.4499999892458502,49.939559214486046,49.879118428972085,49.829021909150384,49.82750794015839,49.827507940210104,49.825993971166405,49.82599397126984
986.0,0.0,0.45,0.4500000099460112,3.332655822496785e-18,5.0893802158022024e-17,2.7729766184682462e-18,2.770134717492479e-18,0.45066901619872707,0.45000003064645555,0.450669016198727,1.6625129003478993e-19,0.4506690848131025,0.4499999892455628,0.45066908481310264,1.66251290034966e-19,0.45,0.45066901619872707,0.4506690161987872,1.0708375882790378e-14,2.770768923716515e-18,0.45,0.4506690848131026,0.4506690848130426,1.0708377513138423e-14,2.770768923722384e-18,0.4500000306461675,0.4499999892458503,49.939559214486046,49.879118428972085,49.829021909150384,49.82750794015839,49.827507940210104,49.825993971166405,49.82599397126983
987.0,0.0,0.45,0.4500000099460112,3.332655822496785e-18,5.0893802158022024e-17,2.7729766184682462e-18,2.770134717492479e-18,0.45066901619870775,0.4500000306466483,0.4506690161987077,1.6625129003478995e-19,0.4506690848131219,0.44999998924537,0.4506690848131219,1.66251290034966e-19,0.45,0.4506690161987077,0.45066901619877864,1.070837588279015e-14,2.770768923716515e-18,0.45,0.4506690848131219,0.4506690848130511,1.070837751313865e-14,2.770768923722384e-18,0.45000003064574756,0.4499999892462702,49.939559214486046,49.879118428972085,49.829021909150384,49.8275079401584,49.827507940210104,49.825993971166405,49.82599397126983
988.0,0.0,0.45,0.4500000099460112,3.332655822496785e-18,5.0893802158022024e-17,2.7729766184682462e-18,2.770134717492479e-18,0.45066901619873806,0.4500000306463435,0.4506690161987381,1.6625129003478995e-19,0.4506690848130917,0.4499999892456745,0.45066908481309154,1.66251290034966e-19,0.45,0.45066901619873806,0.45066901619876837,1.070837588279e-14,2.770768923716515e-18,0.45,0.4506690848130916,0.4506690848130614,1.07083775131388e-14,2.770768923722384e-18,0.45000003064574756,0.4499999892462702,49.939559214486046,49.879118428972085,49.829021909150384,49.8275079401584,49.827507940210104,49.825993971166405,49.82599397126983
989.0,0.0,0.45,0.4500000099460112,3.332655822496785e-18,5.089380215802203e-17,2.7729766184682462e-18,2.770134717492479e-18,0.45066901619875577,0.4500000306461678,0.4506690161987557,1.6625129003478995e-19,0.4506690848130739,0.4499999892458502,0.45066908481307394,1.6625129003496603e-19,0.45,0.45066901619875577,0.4506690161987647,1.0708375882789948e-14,2.770768923716515e-18,0.45,0.45066908481307394,0.45066908481306495,1.0708377513138852e-14,2.7707689237223844e-18,0.45000003064616756,0.44999998924585033,49.939559214486046,49.879118428972085,49.829021909150384,49.8275079401584,49.82750794021011,49.825993971166405,49.82599397126984
990.0,0.0,0.45,0.4500000099460112,3.332655822496785e-18,5.089380215802203e-17,2.7729766184682462e-18,2.770134717492479e-18,0.45066901619875877,0.4500000306461387,0.45066901619875865,1.6625129003478995e-19,0.4506690848130709,0.4499999892458793,0.450669084813071,1.6625129003496603e-19,0.45,0.45066901619875877,0.45066901619876404,1.0708375882789936e-14,2.770768923716515e-18,0.45,0.450669084813071,0.4506690848130656,1.0708377513138864e-14,2.7707689237223844e-18,0.45000003064616756,0.44999998924585033,49.939559214486046,49.879118428972085,49.829021909150384,49.8275079401584,49.82750794021011,49.825993971166405,49.82599397126984
991.0,0.0,0.45,0.4500000099460112,3.3326558224967844e-18,5.089380215802203e-17,2.7729766184682462e-18,2.770134717492479e-18,0.45066901619875877,0.450000030646139,0.45066901619875865,1.6625129003478995e-19,0.450669084813071,0.4499999892458789,0.450669084813071,1.66251290034966e-19,0.45,0.4506690161987587,0.4506690161987636,1.0708375882789933e-14,2.770768923716515e-18,0.45,0.450669084813071,0.4506690848130661,1.0708377513138868e-14,2.770768923722384e-18,0.4500000306457476,0.44999998924627027,49.93955921448604,49.879118428972085,49.829021909150384,49.8275079401584,49.827507940210104,49.825993971166405,49.82599397126983
992.0,0.0,0.45,0.4500000099460112,3.3326558224967844e-18,5.0893802158022024e-17,2.7729766184682462e-18,2.770134717492479e-18,0.45066901619874905,0.45000003064623567,0.45066901619874905,1.6625129003478993e-19,0.4506690848130807,0.44999998924578233,0.45066908481308066,1.66251290034966e-19,0.45,0.450669016198749,0.4506690161987628,1.0708375882789906e-14,2.770768923716515e-18,0.45,0.45066908481308066,0.45066908481306694,1.0708377513138896e-14,2.770768923722384e-18,0.4500000306461675,0.4499999892458503,49.93955921448604,49.879118428972085,49.829021909150384,49.82750794015839,49.827507940210104,49.825993971166405,49.82599397126983
993.0,0.0,0.45,0.4500000099460112,3.3326558224967844e-18,5.0893802158022024e-17,2.7729766184682462e-18,2.770134717492479e-18,0.4506690161987231,0.4500000306464953,0.45066901619872307,1.6625129003478995e-19,0.4506690848131066,0.449999989245523,0.45066908481310664,1.66251290034966e-19,0.45,0.45066901619872307,0.450669016198761,1.0708375882789817e-14,2.770768923716515e-18,0.45,0.4506690848131066,0.4506690848130688,1.0708377513138983e-14,2.770768923722384e-18,0.45000003064574756,0.4499999892462702,49.93955921448604,49.879118428972085,49.829021909150384,49.8275079401584,49.827507940210104,49.825993971166405,49.82599397126983
994.0,0.0,0.45,0.4500000099460112,3.332655822496785e-18,5.0893802158022024e-17,2.7729766184682462e-18,2.770134717492479e-18,0.45066901619879696,0.45000003064575467,0.45066901619879707,1.6625129003478993e-19,0.45066908481303275,0.4499999892462638,0.45066908481303264,1.66251290034966e-19,0.45,0.450669016198797,0.45066901619875976,1.0708375882789931e-14,2.770768923716515e-18,0.45,0.4506690848130327,0.45066908481307,1.070837751313887e-14,2.7707689237223844e-18,0.4500000306461675,0.4499999892458503,49.939559214486046,49.879118428972085,49.829021909150384,49.82750794015839,49.827507940210104,49.825993971166405,49.82599397126984
995.0,0.0,0.45,0.4500000099460112,3.3326558224967852e-18,5.0893802158022024e-17,2.7729766184682462e-18,2.770134717492479e-18,0.450669016198812,0.45000003064560407,0.4506690161988121,1.6625129003478993e-19,0.45066908481301765,0.4499999892464146,0.45066908481301754,1.66251290034966e-19,0.45,0.45066901619881206,0.4506690161987616,1.0708375882789996e-14,2.770768923716515e-18,0.45,0.4506690848130176,0.45066908481306817,1.0708377513138806e-14,2.7707689237223844e-18,0.4500000306461675,0.4499999892458503,49.93955921448605,49.879118428972085,49.829021909150384,49.82750794015839,49.827507940210104,49.825993971166405,49.82599397126984
996.0,0.0,0.45,0.4500000099460112,3.332655822496785e-18,5.0893802158022024e-17,2.7729766184682462e-18,2.770134717492479e-18,0.4506690161987747,0.450000030645979,0.45066901619877464,1.6625129003478993e-19,0.45066908481305495,0.44999998924603984,0.45066908481305495,1.66251290034966e-19,0.45,0.45066901619877464,0.45066901619876437,1.0708375882789978e-14,2.770768923716515e-18,0.45,0.4506690848130549,0.45066908481306545,1.0708377513138822e-14,2.7707689237223844e-18,0.4500000306461675,0.4499999892458503,49.939559214486046,49.879118428972085,49.829021909150384,49.82750794015839,49.827507940210104,49.825993971166405,49.82599397126984
997.0,0.0,0.45,0.4500000099460112,3.332655822496785e-18,5.0893802158022024e-17,2.7729766184682462e-18,2.770134717492479e-18,0.4506690161987429,0.4500000306462979,0.4506690161987428,1.6625129003478993e-19,0.45066908481308676,0.4499999892457209,0.4506690848130868,1.66251290034966e-19,0.45,0.45066901619874283,0.4506690161987659,1.0708375882789952e-14,2.770768923716515e-18,0.45,0.45066908481308676,0.45066908481306384,1.070837751313885e-14,2.7707689237223844e-18,0.4500000306461675,0.4499999892458503,49.939559214486046,49.879118428972085,49.829021909150384,49.82750794015839,49.827507940210104,49.825993971166405,49.82599397126984
998.0,0.0,0.45,0.4500000099460112,3.3326558224967844e-18,5.089380215802202e-17,2.7729766184682462e-18,2.770134717492479e-18,0.4506690161987745,0.4500000306459791,0.4506690161987746,1.6625129003478993e-19,0.4506690848130552,0.44999998924603934,0.4506690848130551,1.66251290034966e-19,0.45,0.45066901619877453,0.45066901619876415,1.0708375882789982e-14,2.770768923716515e-18,0.45,0.4506690848130552,0.45066908481306567,1.0708377513138819e-14,2.7707689237223844e-18,0.45000003064616745,0.4499999892458502,49.93955921448604,49.879118428972085,49.829021909150384,49.82750794015839,49.827507940210104,49.825993971166405,49.82599397126984
999.0,0.0,0.45,0.4500000099460112,3.332655822496785e-18,5.0893802158022024e-17,2.7729766184682462e-18,2.770134717492479e-18,0.4506690161987761,0.45000003064596716,0.4506690161987759,1.6625129003478995e-19,0.4506690848130536,0.44999998924605095,0.4506690848130538,1.6625129003496603e-19,0.45,0.450669016198776,0.4506690161987684,1.070837588279007e-14,2.770768923716515e-18,0.45,0.4506690848130537,0.4506690848130613,1.0708377513138729e-14,2.7707689237223844e-18,0.4500000306461675,0.4499999892458503,49.939559214486046,49.879118428972085,49.829021909150384,49.8275079401584,49.82750794021011,49.825993971166405,49.82599397126984
1000.0,0.0,0.45,0.4500000099460112,3.332655822496785e-18,5.0893802158022024e-17,2.7729766184682462e-18,2.770134717492479e-18,0.4506690161987556,0.4500000306461681,0.4506690161987557,1.6625129003478995e-19,0.45066908481307416,0.4499999892458499,0.450669084813074,1.6625129003496603e-19,0.45,0.4506690161987556,0.4506690161987684,1.0708375882790027e-14,2.770768923716515e-18,0.45,0.4506690848130741,0.4506690848130614,1.0708377513138773e-14,2.7707689237223844e-18,0.4500000306461675,0.4499999892458503,49.939559214486046,49.879118428972085,49.829021909150384,49.8275079401584,49.82750794021011,49.825993971166405,49.82599397126984
