time,VV_junc1__H_VV_out_alpha,VV_junc1__H_VV_out_beta,inlet__u_mmHg,VV_junc1__u_mmHg,VV_junc1__u_d_mmHg,PV1__u_mmHg,PV2__u_mmHg,V1__u_mmHg,V2__u_mmHg,PV1__v_mm3_s,PV2__v_mm3_s,V1__v_mm3_s,V2__v_mm3_s,PV1__R_constriction,PV2__R_constriction,inlet__H_link_R,inlet__H_link_L,inlet__H_down,inlet__q_C
0.0,0.4500546438778496,0.45005464222897756,49.93951943708114,49.87903887416441,49.828909384730174,49.827394419523806,49.82739441925245,49.82587945431751,49.82587945377477,3.3416819097678096e-06,3.3416818802070064e-06,3.3416819084209094e-06,3.3416818788927226e-06,0.0,0.0,-1.9984014885135946e-16,0.45,0.45000000994816686,3.3326531138933488e-18
1.0,0.4500000139235063,0.45000000688990327,49.939525134842114,49.879050269687475,49.82892550286141,49.82741068035539,49.827410680127834,49.825895857849396,49.82589585739426,3.3413671439955392e-06,3.3413670179048044e-06,3.3413671430674003e-06,3.3413670169924686e-06,0.0,0.0,1.759167118410856e-29,0.45,0.45000000994602224,3.3326535018768033e-18
2.0,0.450000015873454,0.450000004187408,49.93953001714556,49.879060034293886,49.82893931417824,49.82742461394906,49.82742461375933,49.82590991371991,49.82590991334046,3.3410974280236005e-06,3.3410972185458716e-06,3.341097427234293e-06,3.3410972177343187e-06,0.0,0.0,-1.1423569755060895e-31,0.45,0.4500000099460097,3.332653834332475e-18
3.0,0.4500000178728804,0.45000000216220887,49.93953420001108,49.87906840002455,49.828951146888215,49.827436551418394,49.82743655126138,49.8259219559486,49.825921955634556,3.3408663518048135e-06,3.340866070203311e-06,3.3408663511413906e-06,3.3408660695421842e-06,0.0,0.0,9.1996587615478e-36,0.45,0.4500000099460114,3.3326541191606072e-18
4.0,0.4500000196012054,0.4500000004134258,49.93953778363269,49.879075567267414,49.82896128442546,49.827446778706864,49.82744677857811,49.82593227298828,49.82593227273078,3.3406683802217326e-06,3.3406680363161696e-06,3.3406683796466074e-06,3.3406680357305268e-06,0.0,0.0,1.1701497914140513e-41,0.45,0.4500000099460114,3.332654363183811e-18
5.0,0.45000002109615533,0.4499999989009218,49.93954085385718,49.87908170771612,49.82896996963795,49.82745554081254,49.82745554070823,49.825941111987134,49.825941111778505,3.340498770687214e-06,3.340498372898789e-06,3.3404987702000374e-06,3.3404983724179723e-06,0.0,0.0,-1.9121922842404703e-46,0.45,0.4500000099460113,3.332654572247742e-18
6.0,0.4500000223872607,0.4499999975947747,49.939543484235415,49.879086968472336,49.82897741059022,49.82746304764202,49.827463047558815,49.82594868469382,49.82594868452744,3.340353459942995e-06,3.3403530156253066e-06,3.3403534595359034e-06,3.3403530151895865e-06,0.0,0.0,-9.364735556706612e-51,0.45,0.4500000099460113,3.3326547513607717e-18
7.0,0.4500000235045137,0.44999999646463995,49.93954573778014,49.87909147556156,49.82898378553603,49.82746947902726,49.827469478962314,49.82595517251849,49.82595517238863,3.340228966928878e-06,3.3402284823527685e-06,3.340228966563978e-06,3.3402284819630727e-06,0.0,0.0,-3.049029149024556e-55,0.45,0.45000000994601136,3.3326549048136928e-18
8.0,0.45000002447076387,0.4499999954872706,49.93954766847737,49.87909533695583,49.828989247193874,49.82747498903883,49.827474988989685,49.825960730883786,49.82596073078551,3.3401223091644548e-06,3.3401217897737216e-06,3.340122308870215e-06,3.3401217894678736e-06,0.0,0.0,-1.0778875040144516e-59,0.45,0.4500000099460107,3.33265503628263e-18
9.0,0.45000002530566235,0.44999999464291507,49.93954932257895,49.87909864515884,49.82899392640341,49.82747970967478,49.82747970963928,49.82596549294614,49.825965492875156,3.340030931559966e-06,3.3400303820916596e-06,3.340030931313055e-06,3.3400303818219915e-06,0.0,0.0,-3.397964805416244e-64,0.45,0.4500000099460108,3.332655148917057e-18
10.0,0.45000002602837225,0.44999999391215606,49.9395507397108,49.879101479422395,49.82899793526051,49.827483754023405,49.82748375399971,49.825969572786306,49.825969572738906,3.339952645023005e-06,3.3399520695224083e-06,3.339952644796848e-06,3.3399520692905635e-06,0.0,0.0,2.7133681229854346e-69,0.45,0.4500000099460113,3.332655245415263e-18
11.0,0.4500000266533288,0.44999999328007106,49.939551953822466,49.879103907645614,49.82900136980343,49.827487218973246,49.82748721895976,49.82597306814307,49.825973068116085,3.3398855740033576e-06,3.339884975989448e-06,3.3398855738127252e-06,3.3398849758134403e-06,0.0,0.0,2.682117540171336e-71,0.45,0.45000000994600964,3.332655328089008e-18
12.0,0.45000002719287147,0.44999999273467145,49.939552993998056,49.87910598799672,49.829004312306864,49.8274901875274,49.827490187522734,49.82597606274795,49.8259760627386,3.3398281118022967e-06,3.3398274943579805e-06,3.339828111641238e-06,3.339827494193078e-06,0.0,0.0,-4.030843284596378e-76,0.45,0.4500000099460106,3.332655398918747e-18
13.0,0.45000002766016073,0.4499999922622631,49.93955388515514,49.87910777031079,49.829006833258894,49.827492730798014,49.82749273080097,49.82597862833715,49.82597862834305,3.33977888190082e-06,3.3397782476277456e-06,3.3397788817409935e-06,3.3397782474760085e-06,0.0,0.0,-1.8303948295468068e-80,0.45,0.45000000994601025,3.3326554596012156e-18
14.0,0.4500000280631438,0.44999999185485007,49.9395546486449,49.87910929729024,49.82900899305886,49.82749490971919,49.827494909728735,49.82598082637951,49.825980826398606,3.3397367047049492e-06,3.339736055919086e-06,3.3397367045919826e-06,3.3397360557859487e-06,0.0,0.0,7.161961247847036e-83,0.45,0.4500000099460098,3.332655511590303e-18
15.0,0.4500000284123253,0.4499999915019525,49.93955530275469,49.879110605509766,49.82901084343904,49.82749677648117,49.82749677649642,49.82598270952329,49.825982709553806,3.3397005700240754e-06,3.3396999086653995e-06,3.339700569932891e-06,3.3396999085534904e-06,0.0,0.0,-2.671054738484421e-87,0.45,0.45000000994600947,3.332655556131269e-18
16.0,0.4500000287148376,0.44999999119643164,49.93955586315617,49.87911172631266,49.829012428732206,49.82749837580924,49.82749837582943,49.82598432288628,49.82598432292665,3.339669612092316e-06,3.33966893984516e-06,3.33966961200553e-06,3.3396689397533537e-06,0.0,0.0,6.2486583219575275e-90,0.45,0.45000000994601186,3.3326555942912588e-18
17.0,0.45000002897623825,0.449999990932093,49.93955634327347,49.879112686547224,49.82901378691328,49.82749974601453,49.82749974603899,49.8259857051158,49.8259857051647,3.3396430892996935e-06,3.339642407637866e-06,3.339643089212902e-06,3.339642407559043e-06,0.0,0.0,-1.776569321683096e-94,0.45,0.45000000994601,3.3326556269843764e-18
18.0,0.4500000292021193,0.4499999907036151,49.9395567546079,49.87911350921602,49.82901495051771,49.827500919920546,49.82750091994869,49.825986889323396,49.82598688937967,3.339620366255667e-06,3.339619676457481e-06,3.339620366183484e-06,3.339619676399914e-06,0.0,0.0,3.510040794860331e-99,0.45,0.45000000994600886,3.3326556549937907e-18
19.0,0.45000002939688577,0.44999999050700584,49.939557107013755,49.8791142140277,49.82901594742192,49.827501925650516,49.82750192568184,49.8259879038791,49.82598790394175,3.3396008985762304e-06,3.3396002017696276e-06,3.339600898531377e-06,3.3396002017175516e-06,0.0,0.0,-2.9153712275395264e-101,0.45,0.45000000994600897,3.3326556789905227e-18
20.0,0.4500000295660189,0.4499999903368318,49.939557408934206,49.87911481786857,49.82901680151038,49.82750278730033,49.82750278733441,49.82598877309027,49.82598877315844,3.339584219867934e-06,3.3395835169853273e-06,3.3395842198289283e-06,3.339583516936494e-06,0.0,0.0,-6.569104739014089e-104,0.45,0.45000000994601774,3.3326556995495e-18
21.0,0.45000002971210096,0.44999999018895687,49.93955766760142,49.87911533520298,49.82901753324181,49.82750352550987,49.82750352554634,49.82598951777793,49.825989517850864,3.3395699305777757e-06,3.3395692224312733e-06,3.339569930548174e-06,3.339569222398542e-06,0.0,0.0,-2.6747750753924942e-106,0.45,0.45000000994601286,3.3326557171631907e-18
22.0,0.4500000298383671,0.44999999006073843,49.939557889208636,49.879115778417386,49.82901816013594,49.82750415795395,49.827504157992486,49.82599015577197,49.82599015584904,3.339557688588591e-06,3.3395569758850356e-06,3.339557688554853e-06,3.3395569758601493e-06,0.0,0.0,-5.936379251494579e-109,0.45,0.4500000099460055,3.332655732253317e-18
23.0,0.4500000299495602,0.4499999899527205,49.93955807907025,49.87911615814062,49.829018697226495,49.82750469979942,49.827504699839736,49.82599070237235,49.82599070245299,3.3395472002959606e-06,3.3395464836670115e-06,3.339547200264801e-06,3.3395464836391813e-06,0.0,0.0,2.6872634243183056e-111,0.45,0.4500000099460443,3.3326557451817586e-18
24.0,0.4500000300425662,0.4499999898559109,49.939558241733174,49.879116483466426,49.8290191573759,49.827505164022554,49.82750516406441,49.82599117066921,49.82599117075293,3.3395382145441144e-06,3.339537494516148e-06,3.3395382144955955e-06,3.339537494470453e-06,0.0,0.0,1.0301455242173584e-111,0.45,0.4500000099460208,3.3326557562581303e-18
25.0,0.45000003012393963,0.4499999897726646,49.93955838109195,49.87911676218398,49.82901955160135,49.82750556173811,49.8275055617813,49.82599157187488,49.82599157196126,3.3395305161254665e-06,3.3395297931496618e-06,3.3395305160989137e-06,3.33952979313439e-06,0.0,0.0,2.03278120337554e-115,0.45,0.4500000099460094,3.33265576574763e-18
26.0,0.4500000301943055,0.44999998970108757,49.93955850048487,49.8791170009698,49.829019889346306,49.827505902473135,49.82750590251748,49.82599191559998,49.82599191568867,3.3395239206946004e-06,3.339523195177029e-06,3.339523920659278e-06,3.339523195152927e-06,0.0,0.0,-8.404236895655652e-117,0.45,0.45000000994600464,3.332655773877574e-18
27.0,0.4500000302563717,0.4499999896405281,49.939558602772905,49.87911720554587,49.8290201787041,49.827506194392626,49.827506194437966,49.825992210081154,49.82599221017183,3.339518270148727e-06,3.339517542435301e-06,3.33951827012832e-06,3.339517542423572e-06,0.0,0.0,-1.8652311348767676e-119,0.45,0.4500000099460274,3.3326557808427778e-18
28.0,0.4500000303084097,0.4499999895867383,49.939558690408035,49.879117380816105,49.82902042661093,49.82750644449418,49.82750644454039,49.825992462377435,49.825992462469834,3.3395134290614525e-06,3.3395126994529674e-06,3.33951342905342e-06,3.33951269944768e-06,0.0,0.0,8.443475714083382e-122,0.45,0.4500000099460133,3.3326557868102055e-18
29.0,0.45000003035360475,0.4499999895412234,49.93955876548894,49.87911753097792,49.829020639003765,49.82750665876732,49.82750665881426,49.825992678530895,49.82599267862477,3.3395092815228316e-06,3.3395085502900095e-06,3.3395092814968137e-06,3.3395085502471586e-06,0.0,0.0,3.2367532847703356e-122,0.45,0.45000000994601386,3.3326557919227668e-18
30.0,0.45000003039353925,0.4499999895005269,49.93955882981328,49.87911765962659,49.82902082096784,49.82750684234232,49.827506842389916,49.825992863716806,49.825992863812,3.3395057281750343e-06,3.3395049954983323e-06,3.339505728151614e-06,3.339504995481496e-06,0.0,0.0,6.387069674311616e-126,0.45,0.45000000994600986,3.3326557963028696e-18
31.0,0.4500000304281901,0.4499999894663054,49.9395588849219,49.87911776984384,49.82902097686201,49.82750699961662,49.82750699966477,49.82599302237123,49.825993022467536,3.3395026839251434e-06,3.339501950015129e-06,3.339502683898399e-06,3.3395019499990454e-06,0.0,0.0,-2.640640641766359e-127,0.45,0.4500000099460167,3.332655800055437e-18
32.0,0.45000003045610343,0.44999998943542485,49.93955893213537,49.87911786427075,49.829021110421934,49.827507134358946,49.827507134407576,49.82599315829596,49.825993158393224,3.339500075793381e-06,3.33949934083054e-06,3.3395000757863845e-06,3.339499340824125e-06,0.0,0.0,-5.860621504191108e-130,0.45,0.4500000099459866,3.332655803270392e-18
33.0,0.450000030482816,0.4499999894109032,49.93955897258543,49.87911794517088,49.82902122484921,49.827507249799226,49.827507249848274,49.82599327474926,49.825993274847356,3.3394978413180842e-06,3.3394971054377737e-06,3.3394978412945875e-06,3.3394971054132296e-06,0.0,0.0,2.6529696194012575e-132,0.45,0.45000000994601264,3.3326558060247994e-18
34.0,0.4500000305051675,0.44999998938789965,49.939559007240796,49.87911801448162,49.82902132288414,49.82750734870205,49.82750734875147,49.825993374519975,49.8259933746188,3.3394959269305913e-06,3.3394951902380824e-06,3.3394959269095323e-06,3.339495190233417e-06,0.0,0.0,1.0169992098948645e-132,0.45,0.45000000994600947,3.3326558083846225e-18
35.0,0.4500000305236768,0.4499999893694527,49.93955903693122,49.87911807386245,49.82902140687396,49.827507433435436,49.82750743348516,49.82599345999691,49.825993460096356,3.339494286796591e-06,3.339493549442307e-06,3.3394942867949038e-06,3.3394935494315334e-06,0.0,0.0,2.00683964463434e-136,0.45,0.45000000994601197,3.332655810406363e-18
36.0,0.45000003054031545,0.44999998935249497,49.93955906236791,49.87911812473583,49.829021478830605,49.82750750602911,49.8275075060791,49.8259935332276,49.82599353332758,3.3394928816574787e-06,3.339492143701563e-06,3.3394928816614996e-06,3.339492143703514e-06,0.0,0.0,-8.296985311859131e-138,0.45,0.4500000099460103,3.3326558121384495e-18
37.0,0.45000003055461907,0.44999998933824165,49.9395590841604,49.87911816832082,49.82902154047835,49.827507568222615,49.827507568272836,49.82599359596687,49.82599359606732,3.3394916778372228e-06,3.339490939369923e-06,3.339491677837297e-06,3.339490939365359e-06,0.0,0.0,-1.841427785788018e-140,0.45,0.45000000994601214,3.3326558136223878e-18
38.0,0.45000003056675336,0.4499999893260184,49.93955910283037,49.87911820566075,49.829021593292936,49.82750762150476,49.82750762155518,49.82599364971657,49.82599364981742,3.33949064650505e-06,3.3394899076015695e-06,3.3394906465045865e-06,3.3394899075883998e-06,0.0,0.0,1.15087076899244e-142,0.45,0.45000000994601236,3.332655814893701e-18
39.0,0.45000003057718174,0.4499999893154492,49.93955911882758,49.87911823765517,49.82902163854668,49.827507667159125,49.827507667209716,49.82599369577156,49.825993695872754,3.3394897628177403e-06,3.3394890235382416e-06,3.33948976281723e-06,3.3394890235162505e-06,0.0,0.0,-5.101453459087657e-143,0.45,0.4500000099460117,3.332655815983015e-18
40.0,0.4500000305865051,0.44999998930461493,49.93955913253219,49.879118265064356,49.829021677314984,49.82750770627062,49.82750770632138,49.82599373522628,49.82599373532777,3.33948900579925e-06,3.3394882661587564e-06,3.339489005775447e-06,3.339488266142207e-06,0.0,0.0,3.186523530420259e-143,0.45,0.45000000994599854,3.3326558169162168e-18
41.0,0.4500000305955143,0.44999998929766566,49.93955914427229,49.87911828854458,49.829021710526014,49.82750773977568,49.827507739826565,49.82599376902533,49.8259937691271,3.3394883572422535e-06,3.339487617315982e-06,3.3394883572528486e-06,3.3394876173329422e-06,0.0,0.0,-5.543108157298254e-146,0.45,0.4500000099460187,3.332655817715648e-18
42.0,0.45000003060225013,0.44999998929012286,49.939559154331135,49.87911830866227,49.829021738981005,49.82750776848257,49.82750776853357,49.82599379798414,49.825993798086124,3.3394878016028097e-06,3.3394870614208372e-06,3.339487801604923e-06,3.3394870614361944e-06,0.0,0.0,-1.2302339942335953e-148,0.45,0.45000000994601125,3.332655818400595e-18
43.0,0.45000003060712485,0.4499999892840789,49.93955916294903,49.87911832589807,49.82902176335976,49.827507793077146,49.827507793128234,49.82599382279453,49.82599382289671,3.3394873255639906e-06,3.3394865851864916e-06,3.339487325554686e-06,3.339486585171051e-06,0.0,0.0,5.568988559976827e-151,0.45,0.4500000099460036,3.3326558189874223e-18
44.0,0.4500000306113096,0.44999998927818463,49.93955917033238,49.879118340664746,49.82902178424649,49.82750781414879,49.827507814199954,49.82599384405106,49.825993844153416,3.3394869176897896e-06,3.3394861771317984e-06,3.3394869177175295e-06,3.3394861771481733e-06,0.0,0.0,2.1348367218383605e-151,0.45,0.45000000994602185,3.332655819490184e-18
45.0,0.4500000306179664,0.44999998927392265,49.93955917665766,49.87911835331532,49.82902180213917,49.82750783219984,49.8275078322511,49.825993862260546,49.82599386236304,3.3394865683197896e-06,3.339485827566249e-06,3.339486568292388e-06,3.339485827562367e-06,0.0,0.0,-8.762892021002486e-154,0.45,0.45000000994599415,3.332655819920898e-18
46.0,0.45000003062153393,0.4499999892707712,49.93955918207777,49.879118364155545,49.82902181747225,49.82750784766868,49.82750784771999,49.825993877865095,49.82599387796773,3.3394862689070818e-06,3.3394855280332185e-06,3.339486268896567e-06,3.339485528028181e-06,0.0,0.0,3.068586575545215e-154,0.45,0.4500000099460171,3.332655820289975e-18
47.0,0.4500000306243732,0.4499999892677308,49.93955918671504,49.879118373430074,49.8290218305903,49.82750786090287,49.82750786095423,49.825993891215425,49.82599389131815,3.339486012710441e-06,3.339485271731294e-06,3.3394860127359874e-06,3.339485271747064e-06,0.0,0.0,1.410540732446672e-156,0.45,0.45000000994601047,3.3326558206057454e-18
48.0,0.4500000306277787,0.44999998926441725,49.939559190693615,49.87911838138722,49.8290218418451,49.82750787225729,49.82750787230871,49.82599390266948,49.825993902772304,3.339485792958547e-06,3.3394850518590626e-06,3.3394857929629304e-06,3.3394850518701257e-06,0.0,0.0,-8.671858489060094e-157,0.45,0.45000000994601164,3.3326558208766625e-18
49.0,0.45000003063028887,0.44999998926188806,49.93955919410937,49.87911838821873,49.829021851507754,49.82750788200549,49.82750788205694,49.825993912503215,49.82599391260612,3.339485604279487e-06,3.339484863089753e-06,3.339485604280565e-06,3.3394848630976373e-06,0.0,0.0,-8.521435502164323e-157,0.45,0.45000000994601164,3.3326558211092548e-18
50.0,0.45000003063235716,0.44999998925975665,49.93955919703137,49.87911839406274,49.82902185977368,49.82750789034459,49.82750789039608,49.8259939209155,49.82599392101847,3.3394854428813207e-06,3.3394847016163806e-06,3.339485442872583e-06,3.3394847016117114e-06,0.0,0.0,9.168397838710433e-158,0.45,0.45000000994601114,3.332655821308226e-18
51.0,0.45000003063401667,0.4499999892580567,49.93955919952872,49.87911839905743,49.8290218668383,49.827507897471754,49.827507897523276,49.8259939281052,49.82599392820824,3.3394853049119208e-06,3.339484563586817e-06,3.339485304922377e-06,3.339484563594754e-06,0.0,0.0,6.003130867762964e-157,0.45,0.4500000099460109,3.3326558214782803e-18
52.0,0.4500000306365448,0.44999998925554524,49.939559201667336,49.87911840333467,49.82902187288815,49.82750790357515,49.82750790362671,49.82599393426215,49.82599393436524,3.3394851867900113e-06,3.339484445374646e-06,3.3394851867880034e-06,3.3394844454023603e-06,0.0,0.0,8.434515696235593e-160,0.45,0.4500000099460112,3.3326558216239075e-18
53.0,0.45000003063738014,0.44999998925470097,49.93955920350379,49.87911840700758,49.8290218780832,49.8275079088162,49.82750790886777,49.8259939395492,49.82599393965233,3.3394850853405953e-06,3.339484343895154e-06,3.339485085345469e-06,3.339484343909461e-06,0.0,0.0,-5.185452986858467e-160,0.45,0.4500000099460112,3.332655821748959e-18
54.0,0.4500000306382156,0.44999998925385654,49.93955920508046,49.879118410160906,49.82902188254335,49.827507913315834,49.82750791336742,49.82599394408831,49.82599394419148,3.3394849982463777e-06,3.339484256770858e-06,3.3394849982531667e-06,3.339484256773714e-06,0.0,0.0,-5.095505563514908e-160,0.45,0.4500000099460112,3.3326558218563203e-18
55.0,0.4500000306390514,0.44999998925301227,49.939559206429216,49.879118412858425,49.829021886358795,49.82750791716505,49.82750791721665,49.8259939479713,49.825993948074505,3.339484923746814e-06,3.3394841822412138e-06,3.3394849237502573e-06,3.339484182233249e-06,0.0,0.0,5.482365287374663e-161,0.45,0.4500000099460112,3.332655821948163e-18
56.0,0.4500000306403076,0.4499999892517489,49.93955920758195,49.8791184151639,49.829021889619725,49.82750792045484,49.82750792050646,49.82599395128996,49.8259939513932,3.3394848600813614e-06,3.339484118530631e-06,3.3394848600749926e-06,3.339484118525897e-06,0.0,0.0,3.589651852369854e-160,0.45,0.4500000099460112,3.3326558220266572e-18
57.0,0.4500000306411449,0.44999998925090634,49.93955920856911,49.87911841713822,49.82902189241225,49.82750792327208,49.827507923323715,49.825993954131924,49.82599395423519,3.339484805564715e-06,3.3394840639839e-06,3.339484805546483e-06,3.339484063969362e-06,0.0,0.0,5.043530710857218e-163,0.45,0.4500000099460112,3.332655822093877e-18
58.0,0.4500000306415626,0.4499999892504843,49.93955920941679,49.879118418833585,49.82902189481021,49.827507925691286,49.82750792574293,49.82599395657234,49.82599395667563,3.339484758707183e-06,3.3394840171113292e-06,3.3394847587220896e-06,3.3394840171209117e-06,0.0,0.0,-3.100710500852976e-163,0.45,0.4500000099460112,3.332655822151599e-18
59.0,0.4500000306419805,0.4499999892500623,49.93955921014456,49.87911842028912,49.82902189686895,49.827507927768245,49.827507927819894,49.82599395866754,49.825993958770844,3.3394847185156387e-06,3.3394839769047454e-06,3.3394847185223443e-06,3.3394839769001316e-06,0.0,0.0,-3.046925244137138e-163,0.45,0.4500000099460112,3.3326558222011554e-18
60.0,0.4500000306428185,0.44999998924922047,49.93955921076712,49.87911842153426,49.8290218986301,49.82750792954498,49.82750792959664,49.825993960459876,49.8259939605632,3.3394846841474298e-06,3.339483942506448e-06,3.3394846841334347e-06,3.339483942493155e-06,0.0,0.0,3.2782531553475866e-164,0.45,0.4500000099460112,3.3326558222435485e-18
61.0,0.4500000306432371,0.44999998924879886,49.939559211299205,49.87911842259843,49.8290219001353,49.82750793106351,49.82750793111517,49.82599396199173,49.825993962095055,3.3394846547599025e-06,3.339483913103879e-06,3.3394846547424383e-06,3.339483913085812e-06,0.0,0.0,2.1464800126927766e-163,0.45,0.4500000099460112,3.3326558222797803e-18
62.0,0.4500000306436557,0.44999998924837775,49.93955921175487,49.87911842350974,49.82902190142429,49.82750793236391,49.827507932415585,49.82599396330354,49.82599396340687,3.339484629570593e-06,3.339483887899527e-06,3.3394846295731173e-06,3.3394838879027746e-06,0.0,0.0,3.0158461905183803e-166,0.45,0.4500000099460112,3.332655822310808e-18
63.0,0.45000003064449445,0.44999998924753665,49.93955921214615,49.879118424292294,49.82902190253116,49.82750793348057,49.82750793353226,49.82599396443,49.82599396453335,3.3394846079776074e-06,3.3394838662764505e-06,3.3394846079598964e-06,3.3394838662783546e-06,0.0,0.0,-1.8541110360976494e-166,0.45,0.4500000099460112,3.332655822337452e-18
64.0,0.45000003064491345,0.44999998924711576,49.939559212482074,49.87911842496415,49.82902190348144,49.82750793443927,49.82750793449097,49.82599396539711,49.82599396550047,3.3394845894091443e-06,3.3394838476929436e-06,3.3394845894043907e-06,3.3394838477125816e-06,0.0,0.0,-1.821949427321621e-166,0.45,0.4500000099460112,3.332655822360326e-18
65.0,0.4500000306444927,0.44999998924753487,49.93955921276944,49.879118425538884,49.829021904294365,49.8275079352594,49.82750793531109,49.82599396622442,49.82599396632781,3.3394845735191137e-06,3.339483831817964e-06,3.339484573530656e-06,3.3394838318308524e-06,0.0,0.0,1.9602750249594344e-167,0.45,0.4500000099460112,3.3326558223798944e-18
66.0,0.45000003064407196,0.44999998924795404,49.939559213015045,49.8791184260301,49.82902190498915,49.82750793596033,49.82750793601201,49.82599396693149,49.82599396703488,3.3394845599614272e-06,3.3394838182753267e-06,3.339484559964238e-06,3.3394838182564637e-06,0.0,0.0,1.283516239004518e-166,0.45,0.4500000099460112,3.3326558223966184e-18
67.0,0.4500000306444914,0.44999998924753337,49.939559213225365,49.87911842645074,49.829021905584135,49.82750793656057,49.827507936612264,49.825993967537016,49.8259939676404,3.3394845483598995e-06,3.339483806658754e-06,3.339484548347063e-06,3.339483806632093e-06,0.0,0.0,1.8033652943341895e-169,0.45,0.4500000099460112,3.3326558224109404e-18
68.0,0.4500000306449109,0.4499999892471132,49.93955921340598,49.87911842681196,49.82902190609504,49.827507937076014,49.827507937127706,49.825993968056984,49.82599396816037,3.3394845383684415e-06,3.33948379665225e-06,3.339484538371081e-06,3.3394837966501855e-06,0.0,0.0,-1.1086903254060783e-169,0.45,0.4500000099460112,3.332655822423239e-18
69.0,0.4500000306453303,0.44999998924669293,49.93955921356104,49.87911842712208,49.82902190653368,49.827507937518526,49.82750793757023,49.825993968503376,49.825993968606774,3.339484529821531e-06,3.339483788090294e-06,3.3394845298058744e-06,3.3394837880805156e-06,0.0,0.0,-1.0894588641800404e-169,0.45,0.4500000099460112,3.3326558224337973e-18
70.0,0.45000003064532995,0.4499999892466925,49.939559213693684,49.879118427387375,49.82902190690892,49.82750793789708,49.82750793794879,49.82599396888525,49.825993968988655,3.3394845224934585e-06,3.339483780762223e-06,3.3394845224787146e-06,3.3394837807493124e-06,0.0,0.0,1.1721724929063584e-170,0.45,0.4500000099460112,3.3326558224428295e-18
71.0,0.45000003064574956,0.4499999892462722,49.93955921380706,49.87911842761412,49.82902190722962,49.82750793822062,49.827507938272326,49.82599396921163,49.825993969315036,3.33948451623375e-06,3.339483774487468e-06,3.3394845162168698e-06,3.339483774483711e-06,0.0,0.0,7.674955862842834e-170,0.45,0.4500000099460112,3.3326558224505494e-18
72.0,0.4500000306457493,0.44999998924627194,49.93955921390413,49.87911842780827,49.82902190750424,49.82750793849769,49.827507938549395,49.82599396949112,49.825993969594535,3.339484510846789e-06,3.339483769100508e-06,3.3394845108543664e-06,3.339483769118226e-06,0.0,0.0,1.0783462349742618e-172,0.45,0.4500000099460112,3.3326558224571604e-18
73.0,0.45000003064574906,0.4499999892462717,49.9395592139875,49.87911842797501,49.82902190774008,49.827507938735614,49.82750793878732,49.82599396973113,49.82599396983455,3.339484506242291e-06,3.339483764496012e-06,3.3394845062494883e-06,3.3394837645107913e-06,0.0,0.0,-6.629561087319456e-173,0.45,0.4500000099460112,3.332655822462837e-18
74.0,0.4500000306453289,0.44999998924669143,49.939559214059074,49.87911842811815,49.82902190794255,49.827507938939874,49.82750793899158,49.82599396993718,49.82599397004061,3.339484502284831e-06,3.3394837605535995e-06,3.339484502296051e-06,3.3394837605551525e-06,0.0,0.0,-6.514564010070008e-173,0.45,0.4500000099460112,3.3326558224677106e-18
75.0,0.4500000306453289,0.449999989246691,49.93955921412031,49.8791184282406,49.829021908115756,49.82750793911461,49.82750793916631,49.82599397011346,49.82599397021688,3.3394844989142186e-06,3.3394837571829873e-06,3.3394844989144325e-06,3.339483757171041e-06,0.0,0.0,7.00916114132418e-174,0.45,0.4500000099460112,3.33265582247188e-18
76.0,0.4500000306457485,0.44999998924627116,49.93955921417263,49.87911842834526,49.82902190826379,49.827507939263946,49.82750793931565,49.825993970264115,49.82599397036753,3.3394844960401697e-06,3.3394837542938917e-06,3.3394844960244183e-06,3.3394837542787858e-06,0.0,0.0,4.589341817929228e-173,0.45,0.4500000099460112,3.3326558224754432e-18
77.0,0.45000003064574834,0.449999989246271,49.93955921421745,49.879118428434886,49.829021908390544,49.827507939391836,49.82750793944354,49.82599397039312,49.82599397049654,3.339484493542305e-06,3.3394837517960276e-06,3.339484493549059e-06,3.3394837518020356e-06,0.0,0.0,6.448114567444575e-176,0.45,0.4500000099460112,3.3326558224784947e-18
78.0,0.4500000306457482,0.4499999892462708,49.93955921425592,49.87911842851185,49.8290219084994,49.82750793950166,49.827507939553364,49.82599397050391,49.82599397060732,3.3394844914055777e-06,3.3394837496593006e-06,3.3394844914236877e-06,3.3394837496749813e-06,0.0,0.0,-3.964234124110296e-176,0.45,0.4500000099460112,3.3326558224811147e-18
79.0,0.4500000306457481,0.44999998924627077,49.939559214288956,49.879118428577925,49.82902190859286,49.82750793959594,49.82750793964765,49.82599397059902,49.825993970702434,3.3394844895848452e-06,3.3394837478385685e-06,3.3394844895987925e-06,3.3394837478491962e-06,0.0,0.0,-3.895470094063532e-176,0.45,0.4500000099460112,3.332655822483364e-18
80.0,0.45000003064616795,0.4499999892458507,49.93955921431722,49.87911842863445,49.82902190867281,49.827507939676586,49.82750793972831,49.825993970680386,49.825993970783806,3.3394844880500127e-06,3.3394837462886884e-06,3.3394844880380725e-06,3.3394837462874593e-06,0.0,0.0,4.191221019287653e-177,0.45,0.4500000099460112,3.332655822485289e-18
81.0,0.45000003064616795,0.4499999892458507,49.93955921434139,49.87911842868276,49.82902190874114,49.82750793974552,49.827507939797236,49.82599397074992,49.82599397085334,3.339484486725843e-06,3.3394837449645197e-06,3.3394844867037296e-06,3.3394837449522487e-06,0.0,0.0,2.744257908210565e-176,0.45,0.4500000099460112,3.332655822486934e-18
82.0,0.4500000306461679,0.44999998924585066,49.93955921436207,49.87911842872412,49.82902190879965,49.82750793980456,49.827507939856275,49.82599397080947,49.82599397091289,3.3394844855671956e-06,3.3394837438058718e-06,3.3394844855610906e-06,3.339483743808892e-06,0.0,0.0,3.8557357670875224e-179,0.45,0.4500000099460112,3.3326558224883427e-18
83.0,0.45000003064574784,0.4499999892462705,49.93955921437983,49.87911842875965,49.8290219088499,49.82750793985526,49.827507939906965,49.82599397086061,49.825993970964035,3.3394844845740685e-06,3.3394837428277927e-06,3.3394844845800084e-06,3.3394837428274606e-06,0.0,0.0,-2.3704664583058878e-179,0.45,0.4500000099460112,3.332655822489552e-18
84.0,0.4500000306461677,0.4499999892458505,49.939559214395075,49.87911842879014,49.82902190889303,49.82750793989877,49.82750793995049,49.825993970904506,49.82599397100794,3.339484483731415e-06,3.3394837419700926e-06,3.3394844837375795e-06,3.3394837419846895e-06,0.0,0.0,-2.3293480930276162e-179,0.45,0.4500000099460112,3.3326558224905903e-18
85.0,0.45000003064574773,0.4499999892462704,49.93955921440812,49.879118428816234,49.829021908929946,49.827507939936005,49.82750793998772,49.82599397094206,49.8259939710455,3.339484483024189e-06,3.339483741277913e-06,3.339484483016994e-06,3.3394837412638132e-06,0.0,0.0,2.506196287737616e-180,0.45,0.4500000099460112,3.3326558224914785e-18
86.0,0.45000003064574784,0.44999998924627027,49.93955921441927,49.87911842883854,49.82902190896149,49.82750793996782,49.82750794001954,49.82599397097416,49.82599397107759,3.3394844824072464e-06,3.3394837406609706e-06,3.3394844824014362e-06,3.3394837406471762e-06,0.0,0.0,1.6409654729496578e-179,0.45,0.4500000099460112,3.3326558224922377e-18
87.0,0.45000003064616767,0.44999998924585044,49.93955921442882,49.87911842885763,49.82902190898849,49.82750793999507,49.827507940046786,49.825993971001644,49.82599397110508,3.3394844818655405e-06,3.339483740104218e-06,3.3394844818739465e-06,3.339483740119672e-06,0.0,0.0,2.3055884243517293e-182,0.45,0.4500000099460112,3.332655822492888e-18
88.0,0.45000003064616767,0.44999998924585044,49.93955921443702,49.87911842887404,49.829021909011686,49.82750794001847,49.827507940070184,49.82599397102525,49.825993971128675,3.339484481429167e-06,3.339483739667844e-06,3.3394844814210583e-06,3.339483739666223e-06,0.0,0.0,-1.4174519097589496e-182,0.45,0.4500000099460112,3.3326558224934464e-18
89.0,0.4500000306461676,0.4499999892458504,49.93955921444406,49.87911842888811,49.8290219090316,49.82750794003855,49.82750794009027,49.82599397104552,49.82599397114895,3.3394844810529822e-06,3.3394837392916596e-06,3.3394844810324124e-06,3.3394837392772804e-06,0.0,0.0,-1.392864636994285e-182,0.45,0.4500000099460112,3.3326558224939256e-18
90.0,0.4500000306461675,0.4499999892458503,49.93955921445008,49.87911842890015,49.82902190904863,49.827507940055746,49.82750794010746,49.82599397106285,49.825993971166284,3.339484480691845e-06,3.3394837389305225e-06,3.339484480699804e-06,3.3394837389446747e-06,0.0,0.0,1.4986133644022529e-183,0.45,0.4500000099460112,3.3326558224943354e-18
91.0,0.4500000306461675,0.4499999892458503,49.93955921445522,49.879118428910445,49.82902190906319,49.82750794007043,49.827507940122146,49.82599397107767,49.8259939711811,3.3394844804059448e-06,3.3394837386446226e-06,3.339484480415631e-06,3.339483738660227e-06,0.0,0.0,9.812371043390824e-183,0.45,0.4500000099460112,3.332655822494686e-18
92.0,0.4500000306457476,0.44999998924627027,49.93955921445963,49.87911842891926,49.829021909075664,49.82750794008301,49.82750794013472,49.825993971090355,49.82599397119379,3.339484480180234e-06,3.3394837384339596e-06,3.3394844801722827e-06,3.3394837384166285e-06,0.0,0.0,1.3786572274695158e-185,0.45,0.4500000099460112,3.332655822494986e-18
93.0,0.4500000306461676,0.4499999892458504,49.93955921446342,49.87911842892682,49.829021909086364,49.82750794009381,49.82750794014552,49.825993971101255,49.825993971204674,3.339484479969571e-06,3.3394837382082486e-06,3.3394844799632443e-06,3.3394837382070996e-06,0.0,0.0,-8.47584199911614e-186,0.45,0.4500000099460112,3.332655822495244e-18
94.0,0.45000003064616756,0.44999998924585033,49.93955921446666,49.879118428933324,49.82902190909555,49.82750794010308,49.827507940154796,49.825993971110606,49.82599397121404,3.339484479789003e-06,3.3394837380276802e-06,3.3394844797837186e-06,3.339483738027779e-06,0.0,0.0,-8.328819135266108e-186,0.45,0.4500000099460112,3.3326558224954648e-18
95.0,0.4500000306465875,0.4499999892454303,49.93955921446944,49.87911842893888,49.82902190910342,49.827507940111005,49.82750794016273,49.825993971118606,49.82599397122204,3.3394844796535762e-06,3.3394837378772065e-06,3.339484479630172e-06,3.339483737874199e-06,0.0,0.0,8.961157699238917e-187,0.45,0.4500000099460112,3.332655822495654e-18
96.0,0.4500000306461675,0.4499999892458503,49.939559214471814,49.879118428943634,49.82902190911013,49.8275079401178,49.82750794016951,49.82599397112545,49.82599397122888,3.339484479488055e-06,3.339483737726733e-06,3.3394844794990723e-06,3.3394837377430907e-06,0.0,0.0,5.8674376201324976e-186,0.45,0.4500000099460112,3.3326558224958157e-18
97.0,0.45000003064574773,0.44999998924627016,49.93955921447385,49.8791184289477,49.82902190911589,49.827507940123596,49.8275079401753,49.825993971131304,49.82599397123474,3.3394844793977706e-06,3.339483737651496e-06,3.3394844793865495e-06,3.339483737630515e-06,0.0,0.0,8.243864042591083e-189,0.45,0.4500000099460112,3.3326558224959544e-18
98.0,0.4500000306457478,0.4499999892462702,49.9395592144756,49.8791184289512,49.82902190912084,49.82750794012858,49.82750794018029,49.82599397113633,49.825993971239754,3.339484479307486e-06,3.3394837375612116e-06,3.339484479290042e-06,3.339483737533568e-06,0.0,0.0,-5.068242322672768e-189,0.45,0.4500000099460112,3.3326558224960734e-18
99.0,0.45000003064574773,0.44999998924627016,49.9395592144771,49.87911842895419,49.82902190912508,49.827507940132854,49.82750794018457,49.82599397114065,49.82599397124408,3.3394844792322497e-06,3.3394837374859747e-06,3.3394844792072635e-06,3.3394837374509677e-06,0.0,0.0,-4.980328048074092e-189,0.45,0.4500000099460112,3.3326558224961755e-18
100.0,0.4500000306461675,0.4499999892458503,49.93955921447837,49.87911842895676,49.829021909128706,49.82750794013652,49.827507940188234,49.82599397114434,49.82599397124777,3.339484479157013e-06,3.3394837373956903e-06,3.3394844791365977e-06,3.3394837373799016e-06,0.0,0.0,5.358443292850909e-190,0.45,0.4500000099460112,3.3326558224962625e-18
101.0,0.45000003064616745,0.4499999892458502,49.93955921447947,49.87911842895895,49.829021909131804,49.827507940139654,49.82750794019137,49.8259939711475,49.82599397125093,3.339484479081776e-06,3.3394837373204535e-06,3.3394844790758362e-06,3.33948373731935e-06,0.0,0.0,3.5085122723027282e-189,0.45,0.4500000099460112,3.3326558224963372e-18
102.0,0.45000003064574756,0.4499999892462702,49.93955921448042,49.87911842896083,49.82902190913446,49.82750794014233,49.82750794019404,49.8259939711502,49.82599397125364,3.3394844790215863e-06,3.3394837372753113e-06,3.3394844790239055e-06,3.3394837372676566e-06,0.0,0.0,4.929528021802621e-192,0.45,0.4500000099460112,3.3326558224964016e-18
103.0,0.4500000306457477,0.4499999892462701,49.93955921448122,49.87911842896245,49.82902190913674,49.827507940144635,49.82750794019634,49.82599397115253,49.825993971255954,3.3394844789914916e-06,3.3394837372452166e-06,3.339484478979602e-06,3.339483737222985e-06,0.0,0.0,-3.0306228270898193e-192,0.45,0.4500000099460112,3.3326558224964563e-18
104.0,0.4500000306457475,0.44999998924627016,49.93955921448192,49.879118428963835,49.8290219091387,49.82750794014661,49.827507940198316,49.82599397115452,49.82599397125795,3.3394844789463494e-06,3.3394837372000744e-06,3.3394844789413494e-06,3.339483737184655e-06,0.0,0.0,-2.978053318675853e-192,0.45,0.4500000099460112,3.3326558224965036e-18
105.0,0.4500000306461674,0.44999998924585016,49.93955921448251,49.879118428965015,49.82902190914037,49.8275079401483,49.827507940200015,49.82599397115622,49.825993971259656,3.3394844789012072e-06,3.339483737139885e-06,3.339484478908683e-06,3.3394837371519316e-06,0.0,0.0,3.2041523524501955e-193,0.45,0.4500000099460112,3.332655822496544e-18
106.0,0.4500000306465874,0.44999998924543017,49.93955921448301,49.879118428966024,49.82902190914181,49.827507940149744,49.827507940201464,49.82599397115768,49.8259939712611,3.33948447888616e-06,3.3394837371097904e-06,3.339484478880843e-06,3.339483737123488e-06,0.0,0.0,2.0979615228732555e-192,0.45,0.4500000099460112,3.3326558224965784e-18
107.0,0.45000003064616745,0.4499999892458502,49.939559214483445,49.8791184289669,49.82902190914303,49.82750794015098,49.8275079402027,49.82599397115893,49.825993971262356,3.339484478841018e-06,3.3394837370796958e-06,3.3394844788569134e-06,3.3394837370998687e-06,0.0,0.0,2.947676768101382e-195,0.45,0.4500000099460112,3.3326558224966076e-18
108.0,0.4500000306461676,0.4499999892458504,49.939559214483815,49.87911842896764,49.82902190914408,49.827507940152046,49.827507940203766,49.825993971159996,49.825993971263436,3.3394844788259704e-06,3.3394837370646487e-06,3.339484478836046e-06,3.3394837370795658e-06,0.0,0.0,-1.8122011804739972e-195,0.45,0.4500000099460112,3.332655822496633e-18
109.0,0.4500000306461676,0.4499999892458504,49.939559214484134,49.879118428968276,49.829021909144984,49.827507940152955,49.82750794020467,49.82599397116092,49.825993971264346,3.339484478810923e-06,3.339483737049601e-06,3.3394844788184157e-06,3.3394837370616764e-06,0.0,0.0,-1.7807665445459697e-195,0.45,0.4500000099460112,3.3326558224966546e-18
110.0,0.4500000306461676,0.4499999892458504,49.93955921448441,49.87911842896882,49.82902190914576,49.82750794015373,49.82750794020545,49.82599397116171,49.825993971265135,3.3394844787958757e-06,3.3394837370345536e-06,3.339484478803465e-06,3.3394837370465056e-06,0.0,0.0,1.9159654654567936e-196,0.45,0.4500000099460112,3.3326558224966735e-18
111.0,0.45000003064616756,0.44999998924585033,49.939559214484646,49.87911842896929,49.82902190914642,49.8275079401544,49.82750794020612,49.825993971162376,49.8259939712658,3.339484478780828e-06,3.3394837370195065e-06,3.339484478790335e-06,3.3394837370334673e-06,0.0,0.0,1.2545039634611568e-195,0.45,0.4500000099460112,3.3326558224966893e-18
112.0,0.45000003064616756,0.44999998924585033,49.93955921448484,49.8791184289697,49.82902190914699,49.827507940154966,49.82750794020668,49.82599397116296,49.825993971266385,3.3394844787958757e-06,3.3394837370345536e-06,3.3394844787794433e-06,3.3394837370228887e-06,0.0,0.0,1.7626024825865944e-198,0.45,0.4500000099460112,3.3326558224967028e-18
113.0,0.45000003064574756,0.4499999892462702,49.939559214485016,49.87911842897004,49.82902190914748,49.82750794015546,49.82750794020718,49.825993971163456,49.825993971266875,3.3394844787657807e-06,3.3394837370195065e-06,3.339484478770133e-06,3.3394837370132156e-06,0.0,0.0,-1.0836297704741974e-198,0.45,0.4500000099460112,3.3326558224967147e-18
114.0,0.45000003064574756,0.4499999892462702,49.939559214485165,49.87911842897033,49.82902190914789,49.82750794015588,49.82750794020759,49.825993971163875,49.8259939712673,3.3394844787657807e-06,3.3394837370195065e-06,3.3394844787619025e-06,3.339483737005001e-06,0.0,0.0,-1.0648330123202708e-198,0.45,0.4500000099460112,3.3326558224967247e-18
115.0,0.4500000306461675,0.4499999892458503,49.93955921448529,49.87911842897058,49.829021909148246,49.827507940156245,49.82750794020796,49.82599397116424,49.82599397126767,3.3394844787507335e-06,3.339483736989412e-06,3.3394844787548273e-06,3.3394837369982866e-06,0.0,0.0,1.1456770031605956e-199,0.45,0.4500000099460112,3.3326558224967336e-18
116.0,0.4500000306465875,0.4499999892454303,49.9395592144854,49.87911842897079,49.82902190914855,49.82750794015655,49.82750794020827,49.82599397116454,49.82599397126798,3.3394844787507335e-06,3.3394837369743643e-06,3.3394844787486803e-06,3.3394837369922125e-06,0.0,0.0,7.501473107024604e-199,0.45,0.4500000099460112,3.332655822496741e-18
117.0,0.45000003064616745,0.4499999892458502,49.93955921448549,49.879118428970976,49.82902190914882,49.827507940156806,49.82750794020853,49.82599397116481,49.82599397126824,3.3394844787657807e-06,3.339483737004459e-06,3.33948447874356e-06,3.3394837369871413e-06,0.0,0.0,1.053971570167436e-201,0.45,0.4500000099460112,3.332655822496747e-18
118.0,0.4500000306465875,0.4499999892454303,49.93955921448557,49.87911842897114,49.829021909149034,49.827507940157034,49.827507940208754,49.82599397116505,49.82599397126847,3.3394844787507335e-06,3.3394837369743643e-06,3.339484478739616e-06,3.3394837369826444e-06,0.0,0.0,-6.479708169880881e-202,0.45,0.4500000099460112,3.3326558224967525e-18
119.0,0.4500000306461675,0.4499999892458503,49.93955921448564,49.879118428971275,49.829021909149226,49.82750794015723,49.827507940208946,49.82599397116524,49.825993971268666,3.339484478735686e-06,3.3394837369743643e-06,3.3394844787356043e-06,3.3394837369789937e-06,0.0,0.0,-6.367310457400199e-202,0.45,0.4500000099460112,3.332655822496757e-18
120.0,0.45000003064616756,0.44999998924585033,49.93955921448569,49.879118428971395,49.82902190914939,49.8275079401574,49.82750794020912,49.8259939711654,49.825993971268836,3.339484478720639e-06,3.3394837369593167e-06,3.339484478732192e-06,3.3394837369759237e-06,0.0,0.0,6.850727840538542e-203,0.45,0.4500000099460112,3.332655822496761e-18
121.0,0.45000003064616756,0.44999998924585033,49.93955921448575,49.87911842897149,49.82902190914954,49.827507940157545,49.82750794020926,49.82599397116555,49.82599397126898,3.339484478720639e-06,3.3394837369593167e-06,3.3394844787297436e-06,3.339483736973168e-06,0.0,0.0,4.48560549941868e-202,0.45,0.4500000099460112,3.3326558224967644e-18
122.0,0.4500000306457475,0.44999998924627016,49.93955921448579,49.87911842897157,49.82902190914967,49.827507940157666,49.82750794020938,49.82599397116567,49.8259939712691,3.339484478735686e-06,3.339483736989412e-06,3.339484478727128e-06,3.3394837369707635e-06,0.0,0.0,-2.932817212299895e-205,0.45,0.4500000099460112,3.332655822496767e-18
123.0,0.4500000306457453,0.44999998924626794,49.939559214485826,49.87911842897165,49.829021909149766,49.82750794015777,49.82750794020948,49.82599397116578,49.825993971269206,3.339484478735686e-06,3.339483736989412e-06,3.3394844787253132e-06,3.3394837369685655e-06,0.0,0.0,-9.417426051895708e-208,0.45,0.4500000099460112,3.33265582249677e-18
124.0,0.4500000306457314,0.44999998924625406,49.939559214485854,49.879118428971715,49.82902190914986,49.82750794015786,49.82750794020957,49.82599397116587,49.82599397126929,3.339484478735686e-06,3.339483736989412e-06,3.339484478723595e-06,3.3394837369666897e-06,0.0,0.0,4.713097473836237e-210,0.45,0.4500000099460109,3.332655822496772e-18
125.0,0.4500000306453019,0.449999989246664,49.93955921448589,49.879118428971765,49.82902190914993,49.82750794015795,49.82750794020965,49.82599397116594,49.82599397126938,3.3394844787055913e-06,3.3394837369743643e-06,3.339484478722087e-06,3.339483736965319e-06,0.0,0.0,-4.75707726849222e-210,0.45,0.45000000994601064,3.332655822496774e-18
126.0,0.4500000306457456,0.4499999892462683,49.93955921448591,49.879118428971815,49.82902190914999,49.82750794015801,49.82750794020972,49.825993971166014,49.82599397126944,3.3394844787055913e-06,3.3394837369593167e-06,3.339484478720896e-06,3.339483736964119e-06,0.0,0.0,-3.7404886222490055e-210,0.45,0.45000000994601114,3.3326558224967756e-18
127.0,0.4500000306462047,0.44999998924588747,49.93955921448593,49.87911842897186,49.82902190915005,49.82750794015806,49.82750794020977,49.82599397116606,49.8259939712695,3.339484478720639e-06,3.3394837369593167e-06,3.339484478719673e-06,3.339483736962976e-06,0.0,0.0,1.0230199531287927e-210,0.45,0.45000000994601197,3.332655822496777e-18
128.0,0.45000003064624083,0.4499999892459236,49.939559214485946,49.879118428971886,49.829021909150086,49.82750794015811,49.82750794020982,49.82599397116611,49.82599397126955,3.3394844787055913e-06,3.3394837369442696e-06,3.339484478718661e-06,3.339483736962071e-06,0.0,0.0,2.7936049982040616e-210,0.45,0.45000000994601264,3.332655822496778e-18
129.0,0.4500000306461969,0.4499999892458797,49.93955921448596,49.879118428971914,49.829021909150136,49.82750794015814,49.82750794020986,49.82599397116616,49.82599397126959,3.339484478720639e-06,3.3394837369593167e-06,3.3394844787181452e-06,3.3394837369612425e-06,0.0,0.0,2.8182593158819962e-213,0.45,0.4500000099460117,3.332655822496779e-18
130.0,0.45000003064571986,0.4499999892462425,49.939559214485975,49.879118428971935,49.82902190915017,49.827507940158185,49.8275079402099,49.8259939711662,49.82599397126962,3.3394844787055913e-06,3.3394837369593167e-06,3.3394844787174066e-06,3.339483736960465e-06,0.0,0.0,-2.844557618931348e-213,0.45,0.4500000099460107,3.33265582249678e-18
131.0,0.4500000306461451,0.44999998924582785,49.93955921448599,49.87911842897196,49.8290219091502,49.82750794015821,49.82750794020993,49.82599397116623,49.825993971269654,3.3394844787055913e-06,3.3394837369442696e-06,3.339484478716947e-06,3.339483736960052e-06,0.0,0.0,-2.2366749179299756e-213,0.45,0.4500000099460108,3.3326558224967806e-18
132.0,0.4500000306457532,0.4499999892462759,49.93955921448599,49.87911842897198,49.82902190915023,49.82750794015824,49.82750794020995,49.82599397116625,49.82599397126968,3.3394844787055913e-06,3.3394837369593167e-06,3.3394844787161543e-06,3.33948373695963e-06,0.0,0.0,6.117283864664817e-214,0.45,0.4500000099460113,3.332655822496781e-18
133.0,0.45000003064576427,0.4499999892462869,49.939559214486,49.87911842897199,49.82902190915024,49.82750794015826,49.82750794020997,49.82599397116627,49.8259939712697,3.3394844787055913e-06,3.3394837369593167e-06,3.3394844787156215e-06,3.3394837369591287e-06,0.0,0.0,1.6704732618383882e-213,0.45,0.4500000099460115,3.3326558224967817e-18
134.0,0.45000003064616784,0.4499999892458506,49.93955921448601,49.879118428972006,49.82902190915027,49.827507940158284,49.82750794021,49.82599397116629,49.825993971269725,3.339484478720639e-06,3.3394837369593167e-06,3.3394844787152894e-06,3.3394837369588344e-06,0.0,0.0,1.6852155977555118e-216,0.45,0.4500000099460112,3.332655822496782e-18
135.0,0.4500000306461672,0.44999998924585,49.93955921448601,49.87911842897202,49.829021909150285,49.8275079401583,49.82750794021001,49.82599397116631,49.825993971269746,3.339484478720639e-06,3.3394837369593167e-06,3.3394844787151306e-06,3.3394837369587086e-06,0.0,0.0,-1.7009410174298206e-216,0.45,0.4500000099460112,3.332655822496782e-18
136.0,0.4500000306461673,0.44999998924585005,49.93955921448602,49.879118428972035,49.8290219091503,49.827507940158306,49.827507940210026,49.825993971166326,49.82599397126976,3.339484478720639e-06,3.3394837369593167e-06,3.339484478714862e-06,3.3394837369583892e-06,0.0,0.0,-1.3374494808063911e-216,0.45,0.4500000099460112,3.3326558224967825e-18
137.0,0.4500000306461676,0.4499999892458504,49.939559214486025,49.87911842897204,49.82902190915031,49.82750794015832,49.82750794021004,49.82599397116634,49.82599397126977,3.339484478720639e-06,3.3394837369593167e-06,3.3394844787147342e-06,3.339483736957887e-06,0.0,0.0,3.657911153361943e-217,0.45,0.4500000099460112,3.3326558224967833e-18
138.0,0.4500000306461677,0.4499999892458505,49.939559214486025,49.87911842897205,49.82902190915032,49.82750794015833,49.82750794021005,49.82599397116635,49.825993971269774,3.339484478720639e-06,3.3394837369593167e-06,3.3394844787143975e-06,3.3394837369575142e-06,0.0,0.0,9.988816787083074e-217,0.45,0.4500000099460112,3.3326558224967833e-18
139.0,0.4500000306457476,0.44999998924627027,49.939559214486025,49.879118428972056,49.82902190915033,49.82750794015834,49.827507940210054,49.825993971166355,49.82599397126978,3.3394844787055913e-06,3.3394837369593167e-06,3.339484478714122e-06,3.3394837369575723e-06,0.0,0.0,1.0076970543174012e-219,0.45,0.4500000099460112,3.3326558224967837e-18
140.0,0.45000003064574756,0.4499999892462702,49.93955921448603,49.879118428972056,49.829021909150335,49.82750794015835,49.82750794021006,49.82599397116636,49.82599397126979,3.3394844787055913e-06,3.3394837369593167e-06,3.3394844787139854e-06,3.3394837369573474e-06,0.0,0.0,-1.0171002779196576e-219,0.45,0.4500000099460112,3.332655822496784e-18
141.0,0.45000003064574756,0.4499999892462702,49.93955921448603,49.87911842897206,49.82902190915034,49.827507940158355,49.82750794021007,49.82599397116637,49.825993971269796,3.3394844787055913e-06,3.3394837369593167e-06,3.3394844787139575e-06,3.339483736957147e-06,0.0,0.0,-7.997456847076122e-220,0.45,0.4500000099460112,3.332655822496784e-18
142.0,0.4500000306457475,0.44999998924627016,49.93955921448603,49.87911842897206,49.82902190915035,49.82750794015836,49.827507940210076,49.825993971166376,49.8259939712698,3.3394844787055913e-06,3.3394837369593167e-06,3.339484478713988e-06,3.3394837369570132e-06,0.0,0.0,2.1872965685263395e-220,0.45,0.4500000099460112,3.332655822496784e-18
143.0,0.4500000306461674,0.44999998924585016,49.93955921448603,49.87911842897207,49.829021909150356,49.82750794015836,49.82750794021008,49.82599397116638,49.82599397126981,3.339484478720639e-06,3.3394837369593167e-06,3.3394844787140176e-06,3.3394837369569772e-06,0.0,0.0,5.972945696601771e-220,0.45,0.4500000099460112,3.332655822496784e-18
144.0,0.45000003064616745,0.4499999892458502,49.93955921448603,49.87911842897207,49.829021909150356,49.82750794015837,49.82750794021009,49.82599397116638,49.82599397126981,3.3394844787055913e-06,3.3394837369442696e-06,3.3394844787137334e-06,3.3394837369567447e-06,0.0,0.0,6.0256584061544574e-223,0.45,0.4500000099460112,3.332655822496784e-18
145.0,0.4500000306457476,0.44999998924627027,49.93955921448604,49.87911842897208,49.82902190915036,49.82750794015838,49.82750794021009,49.82599397116638,49.82599397126981,3.3394844787055913e-06,3.3394837369593167e-06,3.3394844787135153e-06,3.3394837369565203e-06,0.0,0.0,-6.081886230877299e-223,0.45,0.4500000099460112,3.3326558224967844e-18
146.0,0.45000003064616756,0.44999998924585033,49.93955921448604,49.879118428972085,49.82902190915036,49.82750794015838,49.82750794021009,49.82599397116638,49.82599397126982,3.3394844787055913e-06,3.3394837369442696e-06,3.339484478713636e-06,3.339483736956618e-06,0.0,0.0,-4.782185565788417e-223,0.45,0.4500000099460112,3.3326558224967844e-18
147.0,0.4500000306461675,0.4499999892458503,49.93955921448604,49.879118428972085,49.82902190915037,49.82750794015838,49.82750794021009,49.82599397116638,49.82599397126982,3.339484478720639e-06,3.3394837369593167e-06,3.339484478713475e-06,3.3394837369564525e-06,0.0,0.0,1.3079230408013174e-223,0.45,0.4500000099460112,3.3326558224967844e-18
148.0,0.45000003064658745,0.4499999892454302,49.93955921448604,49.879118428972085,49.82902190915037,49.82750794015838,49.8275079402101,49.82599397116639,49.825993971269824,3.339484478720639e-06,3.3394837369442696e-06,3.3394844787136157e-06,3.3394837369566346e-06,0.0,0.0,3.571602228272085e-223,0.45,0.4500000099460112,3.3326558224967844e-18
149.0,0.45000003064616745,0.4499999892458502,49.93955921448604,49.879118428972085,49.82902190915038,49.827507940158384,49.8275079402101,49.8259939711664,49.825993971269824,3.339484478720639e-06,3.3394837369593167e-06,3.339484478713785e-06,3.3394837369565253e-06,0.0,0.0,3.603122493227063e-226,0.45,0.4500000099460112,3.3326558224967844e-18
150.0,0.45000003064574756,0.4499999892462702,49.93955921448604,49.879118428972085,49.82902190915038,49.827507940158384,49.82750794021009,49.8259939711664,49.825993971269824,3.339484478720639e-06,3.3394837369743643e-06,3.3394844787136763e-06,3.3394837369564288e-06,0.0,0.0,-3.6367446679917556e-226,0.45,0.4500000099460112,3.3326558224967844e-18
151.0,0.45000003064574756,0.4499999892462702,49.93955921448604,49.879118428972085,49.82902190915038,49.827507940158384,49.82750794021009,49.8259939711664,49.825993971269824,3.339484478720639e-06,3.3394837369743643e-06,3.3394844787135437e-06,3.3394837369563847e-06,0.0,0.0,-2.859571389124698e-226,0.45,0.4500000099460112,3.3326558224967844e-18
152.0,0.4500000306461675,0.4499999892458503,49.93955921448604,49.879118428972085,49.82902190915038,49.827507940158384,49.8275079402101,49.8259939711664,49.82599397126983,3.339484478720639e-06,3.3394837369593167e-06,3.3394844787134124e-06,3.339483736956666e-06,0.0,0.0,7.820899576563851e-227,0.45,0.4500000099460112,3.3326558224967844e-18
153.0,0.45000003064616745,0.4499999892458502,49.93955921448604,49.879118428972085,49.82902190915038,49.82750794015839,49.827507940210104,49.8259939711664,49.82599397126983,3.3394844787055913e-06,3.3394837369442696e-06,3.339484478713318e-06,3.3394837369566333e-06,0.0,0.0,2.135687000179613e-226,0.45,0.4500000099460112,3.3326558224967844e-18
154.0,0.4500000306457475,0.44999998924627016,49.93955921448604,49.879118428972085,49.82902190915038,49.82750794015839,49.8275079402101,49.8259939711664,49.82599397126983,3.3394844787055913e-06,3.3394837369593167e-06,3.3394844787132655e-06,3.3394837369565757e-06,0.0,0.0,2.154534961344073e-229,0.45,0.4500000099460112,3.3326558224967844e-18
155.0,0.45000003064574756,0.4499999892462702,49.93955921448604,49.879118428972085,49.829021909150384,49.82750794015839,49.8275079402101,49.825993971166405,49.825993971269824,3.339484478720639e-06,3.3394837369743643e-06,3.3394844787135433e-06,3.339483736956201e-06,0.0,0.0,-2.1746397874062244e-229,0.45,0.4500000099460112,3.3326558224967844e-18
156.0,0.4500000306457475,0.44999998924627016,49.93955921448604,49.879118428972085,49.82902190915038,49.82750794015839,49.8275079402101,49.8259939711664,49.82599397126983,3.3394844787055913e-06,3.3394837369593167e-06,3.3394844787132434e-06,3.3394837369564186e-06,0.0,0.0,-1.7099187007684474e-229,0.45,0.4500000099460112,3.3326558224967844e-18
157.0,0.4500000306457475,0.44999998924627016,49.93955921448604,49.879118428972085,49.82902190915038,49.82750794015839,49.8275079402101,49.8259939711664,49.82599397126983,3.3394844787055913e-06,3.3394837369593167e-06,3.339484478713229e-06,3.339483736956364e-06,0.0,0.0,4.676610800366198e-230,0.45,0.4500000099460112,3.3326558224967844e-18
158.0,0.4500000306461675,0.4499999892458503,49.939559214486046,49.879118428972085,49.82902190915038,49.82750794015839,49.827507940210104,49.8259939711664,49.82599397126983,3.3394844787055913e-06,3.3394837369442696e-06,3.3394844787131697e-06,3.3394837369563657e-06,0.0,0.0,1.2770624137881756e-229,0.45,0.4500000099460112,3.332655822496785e-18
159.0,0.4500000306461675,0.4499999892458503,49.93955921448604,49.879118428972085,49.82902190915038,49.82750794015839,49.827507940210104,49.8259939711664,49.82599397126983,3.3394844787055913e-06,3.3394837369442696e-06,3.3394844787131037e-06,3.339483736956381e-06,0.0,0.0,1.2883328025581578e-232,0.45,0.4500000099460112,3.3326558224967844e-18
160.0,0.4500000306461675,0.4499999892458503,49.93955921448604,49.879118428972085,49.829021909150384,49.82750794015839,49.827507940210104,49.8259939711664,49.82599397126983,3.339484478720639e-06,3.3394837369593167e-06,3.339484478713102e-06,3.3394837369563403e-06,0.0,0.0,-1.3003547503892746e-232,0.45,0.4500000099460112,3.3326558224967844e-18
161.0,0.45000003064616745,0.4499999892458502,49.93955921448604,49.879118428972085,49.829021909150384,49.82750794015839,49.827507940210104,49.825993971166405,49.82599397126984,3.339484478720639e-06,3.3394837369593167e-06,3.3394844787134006e-06,3.339483736956603e-06,0.0,0.0,-1.0224686029384967e-232,0.45,0.4500000099460112,3.3326558224967844e-18
162.0,0.45000003064616745,0.4499999892458502,49.939559214486046,49.879118428972085,49.829021909150384,49.82750794015839,49.827507940210104,49.8259939711664,49.82599397126983,3.339484478720639e-06,3.3394837369593167e-06,3.3394844787131003e-06,3.339483736956272e-06,0.0,0.0,2.7964415556064325e-233,0.45,0.4500000099460112,3.332655822496785e-18
163.0,0.4500000306461675,0.4499999892458503,49.939559214486046,49.879118428972085,49.829021909150384,49.82750794015839,49.827507940210104,49.8259939711664,49.82599397126983,3.339484478720639e-06,3.3394837369593167e-06,3.3394844787130986e-06,3.3394837369562454e-06,0.0,0.0,7.636364357582904e-233,0.45,0.4500000099460112,3.332655822496785e-18
164.0,0.45000003064574756,0.4499999892462702,49.93955921448604,49.879118428972085,49.829021909150384,49.8275079401584,49.827507940210104,49.8259939711664,49.82599397126983,3.3394844787055913e-06,3.3394837369593167e-06,3.3394844787131126e-06,3.339483736956208e-06,0.0,0.0,7.703757144474659e-236,0.45,0.4500000099460112,3.3326558224967844e-18
165.0,0.45000003064574756,0.4499999892462702,49.93955921448604,49.879118428972085,49.829021909150384,49.8275079401584,49.827507940210104,49.825993971166405,49.82599397126984,3.3394844787055913e-06,3.3394837369593167e-06,3.3394844787134006e-06,3.3394837369564987e-06,0.0,0.0,-7.7756439786145265e-236,0.45,0.4500000099460112,3.3326558224967844e-18
166.0,0.45000003064616745,0.4499999892458502,49.93955921448604,49.879118428972085,49.829021909150384,49.82750794015839,49.827507940210104,49.825993971166405,49.82599397126984,3.339484478720639e-06,3.3394837369593167e-06,3.33948447871335e-06,3.339483736956533e-06,0.0,0.0,-6.113986843498753e-236,0.45,0.4500000099460112,3.3326558224967844e-18
167.0,0.45000003064616745,0.4499999892458502,49.93955921448604,49.879118428972085,49.829021909150384,49.82750794015839,49.827507940210104,49.825993971166405,49.82599397126984,3.339484478720639e-06,3.3394837369593167e-06,3.3394844787132926e-06,3.3394837369565774e-06,0.0,0.0,1.6721693781554306e-236,0.45,0.4500000099460112,3.3326558224967844e-18
168.0,0.4500000306461675,0.4499999892458503,49.93955921448604,49.879118428972085,49.829021909150384,49.82750794015839,49.827507940210104,49.825993971166405,49.82599397126983,3.339484478720639e-06,3.3394837369593167e-06,3.3394844787132557e-06,3.3394837369563005e-06,0.0,0.0,4.5662655146813325e-236,0.45,0.4500000099460112,3.3326558224967844e-18
169.0,0.4500000306457476,0.44999998924627027,49.939559214486046,49.879118428972085,49.829021909150384,49.8275079401584,49.827507940210104,49.825993971166405,49.82599397126983,3.3394844787055913e-06,3.3394837369593167e-06,3.339484478713282e-06,3.3394837369562636e-06,0.0,0.0,4.60656392689951e-239,0.45,0.4500000099460112,3.332655822496785e-18
170.0,0.4500000306457476,0.44999998924627027,49.939559214486046,49.879118428972085,49.829021909150384,49.8275079401584,49.827507940210104,49.825993971166405,49.82599397126984,3.3394844787055913e-06,3.3394837369593167e-06,3.339484478713288e-06,3.3394837369565474e-06,0.0,0.0,-4.6495496143708855e-239,0.45,0.4500000099460112,3.332655822496785e-18
171.0,0.45000003064616756,0.44999998924585033,49.939559214486046,49.879118428972085,49.829021909150384,49.82750794015839,49.827507940210104,49.825993971166405,49.82599397126984,3.339484478720639e-06,3.3394837369593167e-06,3.3394844787132545e-06,3.3394837369565745e-06,0.0,0.0,-3.655939655756132e-239,0.45,0.4500000099460112,3.332655822496785e-18
172.0,0.45000003064616756,0.44999998924585033,49.939559214486046,49.879118428972085,49.829021909150384,49.82750794015839,49.827507940210104,49.825993971166405,49.82599397126984,3.339484478720639e-06,3.3394837369593167e-06,3.3394844787132074e-06,3.3394837369566126e-06,0.0,0.0,9.99895893992644e-240,0.45,0.4500000099460112,3.332655822496785e-18
173.0,0.45000003064616756,0.44999998924585033,49.939559214486046,49.879118428972085,49.829021909150384,49.82750794015839,49.827507940210104,49.825993971166405,49.82599397126983,3.339484478720639e-06,3.3394837369593167e-06,3.3394844787131833e-06,3.339483736956331e-06,0.0,0.0,2.730459126124337e-239,0.45,0.4500000099460112,3.332655822496785e-18
174.0,0.45000003064616756,0.44999998924585033,49.939559214486046,49.879118428972085,49.829021909150384,49.82750794015839,49.827507940210104,49.825993971166405,49.82599397126984,3.339484478720639e-06,3.3394837369593167e-06,3.339484478713179e-06,3.3394837369566295e-06,0.0,0.0,2.7545560970623744e-242,0.45,0.4500000099460112,3.332655822496785e-18
175.0,0.4500000306465875,0.4499999892454303,49.939559214486046,49.879118428972085,49.829021909150384,49.82750794015839,49.82750794021011,49.825993971166405,49.82599397126984,3.339484478720639e-06,3.3394837369442696e-06,3.339484478713143e-06,3.339483736956664e-06,0.0,0.0,-2.7802599599392765e-242,0.45,0.4500000099460112,3.332655822496785e-18
176.0,0.4500000306465875,0.4499999892454303,49.939559214486046,49.879118428972085,49.829021909150384,49.82750794015839,49.82750794021011,49.825993971166405,49.82599397126984,3.339484478720639e-06,3.3394837369442696e-06,3.3394844787131007e-06,3.3394837369567e-06,0.0,0.0,-2.186117685342369e-242,0.45,0.4500000099460112,3.332655822496785e-18
177.0,0.4500000306461675,0.4499999892458503,49.93955921448604,49.879118428972085,49.829021909150384,49.82750794015839,49.827507940210104,49.825993971166405,49.82599397126984,3.339484478720639e-06,3.3394837369593167e-06,3.339484478713075e-06,3.3394837369567257e-06,0.0,0.0,5.979010331630896e-243,0.45,0.4500000099460112,3.3326558224967844e-18
178.0,0.45000003064574756,0.4499999892462702,49.93955921448604,49.879118428972085,49.829021909150384,49.8275079401584,49.827507940210104,49.825993971166405,49.82599397126984,3.3394844787055913e-06,3.3394837369593167e-06,3.339484478713075e-06,3.33948373695672e-06,0.0,0.0,1.632714307887083e-242,0.45,0.4500000099460112,3.3326558224967844e-18
179.0,0.4500000306461675,0.4499999892458503,49.939559214486046,49.879118428972085,49.829021909150384,49.8275079401584,49.82750794021011,49.825993971166405,49.82599397126984,3.3394844787055913e-06,3.3394837369442696e-06,3.3394844787131113e-06,3.339483736956682e-06,0.0,0.0,1.6471234117820557e-245,0.45,0.4500000099460112,3.332655822496785e-18
180.0,0.4500000306457475,0.44999998924627016,49.939559214486046,49.879118428972085,49.829021909150384,49.8275079401584,49.827507940210104,49.825993971166405,49.82599397126984,3.3394844787055913e-06,3.3394837369593167e-06,3.3394844787131515e-06,3.33948373695664e-06,0.0,0.0,-1.6624933780582672e-245,0.45,0.4500000099460112,3.332655822496785e-18
181.0,0.4500000306457475,0.44999998924627016,49.939559214486046,49.879118428972085,49.829021909150384,49.8275079401584,49.827507940210104,49.825993971166405,49.82599397126983,3.3394844787055913e-06,3.3394837369593167e-06,3.3394844787131854e-06,3.339483736956303e-06,0.0,0.0,-1.307218111941277e-245,0.45,0.4500000099460112,3.332655822496785e-18
182.0,0.45000003064616745,0.4499999892458502,49.93955921448604,49.879118428972085,49.829021909150384,49.8275079401584,49.82750794021011,49.825993971166405,49.82599397126983,3.3394844787055913e-06,3.3394837369442696e-06,3.3394844787132155e-06,3.339483736956272e-06,0.0,0.0,3.5752286573574694e-246,0.45,0.4500000099460112,3.3326558224967844e-18
183.0,0.4500000306457475,0.44999998924627016,49.93955921448604,49.879118428972085,49.829021909150384,49.8275079401584,49.827507940210104,49.825993971166405,49.82599397126983,3.3394844787055913e-06,3.3394837369593167e-06,3.339484478713241e-06,3.3394837369562454e-06,0.0,0.0,9.763032105755149e-246,0.45,0.4500000099460112,3.3326558224967844e-18
184.0,0.4500000306461675,0.4499999892458503,49.939559214486046,49.879118428972085,49.829021909150384,49.82750794015839,49.827507940210104,49.825993971166405,49.82599397126984,3.339484478720639e-06,3.3394837369593167e-06,3.339484478713237e-06,3.3394837369565474e-06,0.0,0.0,9.849193256713153e-249,0.45,0.4500000099460112,3.332655822496785e-18
185.0,0.4500000306461675,0.4499999892458503,49.939559214486046,49.879118428972085,49.829021909150384,49.82750794015839,49.827507940210104,49.825993971166405,49.82599397126984,3.339484478720639e-06,3.3394837369593167e-06,3.3394844787131935e-06,3.3394837369565935e-06,0.0,0.0,-9.941100011920896e-249,0.45,0.4500000099460112,3.332655822496785e-18
186.0,0.4500000306461675,0.4499999892458503,49.939559214486046,49.879118428972085,49.829021909150384,49.82750794015839,49.827507940210104,49.825993971166405,49.82599397126984,3.339484478720639e-06,3.3394837369593167e-06,3.339484478713145e-06,3.33948373695664e-06,0.0,0.0,-7.816684360800612e-249,0.45,0.4500000099460112,3.332655822496785e-18
187.0,0.4500000306461675,0.4499999892458503,49.939559214486046,49.879118428972085,49.829021909150384,49.82750794015839,49.827507940210104,49.825993971166405,49.82599397126984,3.339484478720639e-06,3.3394837369593167e-06,3.3394844787131113e-06,3.3394837369566736e-06,0.0,0.0,2.137855471628235e-249,0.45,0.4500000099460112,3.332655822496785e-18
188.0,0.4500000306457475,0.44999998924627016,49.93955921448604,49.879118428972085,49.829021909150384,49.8275079401584,49.827507940210104,49.825993971166405,49.82599397126983,3.3394844787055913e-06,3.3394837369593167e-06,3.339484478713107e-06,3.3394837369563784e-06,0.0,0.0,5.837934746919918e-249,0.45,0.4500000099460112,3.3326558224967844e-18
189.0,0.4500000306461675,0.4499999892458503,49.939559214486046,49.879118428972085,49.829021909150384,49.82750794015839,49.827507940210104,49.825993971166405,49.82599397126984,3.339484478720639e-06,3.3394837369593167e-06,3.339484478713078e-06,3.3394837369567045e-06,0.0,0.0,5.889455951756423e-252,0.45,0.4500000099460112,3.332655822496785e-18
190.0,0.4500000306461675,0.4499999892458503,49.939559214486046,49.879118428972085,49.829021909150384,49.82750794015839,49.827507940210104,49.825993971166405,49.82599397126984,3.339484478720639e-06,3.3394837369593167e-06,3.339484478713075e-06,3.3394837369567083e-06,0.0,0.0,-5.944412816989615e-252,0.45,0.4500000099460112,3.332655822496785e-18
191.0,0.45000003064616745,0.4499999892458502,49.93955921448604,49.879118428972085,49.829021909150384,49.82750794015839,49.827507940210104,49.825993971166405,49.82599397126983,3.339484478720639e-06,3.3394837369593167e-06,3.3394844787131537e-06,3.339483736956328e-06,0.0,0.0,-4.674090256107097e-252,0.45,0.4500000099460112,3.3326558224967844e-18
192.0,0.45000003064574745,0.4499999892462701,49.93955921448604,49.879118428972085,49.829021909150384,49.8275079401584,49.827507940210104,49.825993971166405,49.82599397126983,3.3394844787055913e-06,3.3394837369593167e-06,3.3394844787132528e-06,3.339483736956228e-06,0.0,0.0,1.2783590800996762e-252,0.45,0.4500000099460112,3.3326558224967844e-18
193.0,0.4500000306457474,0.44999998924627005,49.93955921448604,49.879118428972085,49.829021909150384,49.8275079401584,49.827507940210104,49.825993971166405,49.82599397126983,3.3394844787055913e-06,3.3394837369593167e-06,3.3394844787133087e-06,3.3394837369561734e-06,0.0,0.0,3.4908706373263377e-252,0.45,0.4500000099460112,3.3326558224967844e-18
194.0,0.4500000306457475,0.44999998924627016,49.939559214486046,49.879118428972085,49.829021909150384,49.8275079401584,49.827507940210104,49.825993971166405,49.82599397126984,3.3394844787055913e-06,3.3394837369593167e-06,3.3394844787133256e-06,3.3394837369564567e-06,0.0,0.0,3.521678426200532e-255,0.45,0.4500000099460112,3.332655822496785e-18
195.0,0.45000003064616756,0.44999998924585033,49.939559214486046,49.879118428972085,49.829021909150384,49.8275079401584,49.82750794021011,49.825993971166405,49.82599397126984,3.3394844787055913e-06,3.3394837369442696e-06,3.3394844787133214e-06,3.339483736956459e-06,0.0,0.0,-3.5545406138539722e-255,0.45,0.4500000099460112,3.332655822496785e-18
196.0,0.4500000306457476,0.44999998924627027,49.939559214486046,49.879118428972085,49.829021909150384,49.8275079401584,49.827507940210104,49.825993971166405,49.82599397126984,3.3394844787055913e-06,3.3394837369593167e-06,3.3394844787132714e-06,3.339483736956509e-06,0.0,0.0,-2.7949343626786523e-255,0.45,0.4500000099460112,3.332655822496785e-18
197.0,0.45000003064616756,0.44999998924585033,49.93955921448604,49.879118428972085,49.829021909150384,49.82750794015839,49.827507940210104,49.825993971166405,49.82599397126983,3.339484478720639e-06,3.3394837369593167e-06,3.339484478713222e-06,3.33948373695626e-06,0.0,0.0,7.644117946042562e-256,0.45,0.4500000099460112,3.3326558224967844e-18
198.0,0.45000003064616756,0.44999998924585033,49.93955921448604,49.879118428972085,49.829021909150384,49.82750794015839,49.827507940210104,49.825993971166405,49.82599397126983,3.339484478720639e-06,3.3394837369593167e-06,3.3394844787132146e-06,3.3394837369562657e-06,0.0,0.0,2.087412472872485e-255,0.45,0.4500000099460112,3.3326558224967844e-18
199.0,0.45000003064616756,0.44999998924585033,49.939559214486046,49.879118428972085,49.829021909150384,49.82750794015839,49.827507940210104,49.825993971166405,49.82599397126984,3.339484478720639e-06,3.3394837369593167e-06,3.3394844787132197e-06,3.339483736956562e-06,0.0,0.0,2.105834399504607e-258,0.45,0.4500000099460112,3.332655822496785e-18
200.0,0.4500000306465875,0.4499999892454303,49.93955921448604,49.879118428972085,49.829021909150384,49.82750794015839,49.82750794021011,49.825993971166405,49.82599397126984,3.339484478720639e-06,3.3394837369442696e-06,3.3394844787131854e-06,3.3394837369565952e-06,0.0,0.0,-2.1254847811773757e-258,0.45,0.4500000099460112,3.3326558224967844e-18
201.0,0.4500000306465875,0.4499999892454303,49.93955921448604,49.879118428972085,49.829021909150384,49.82750794015839,49.82750794021011,49.825993971166405,49.82599397126984,3.339484478720639e-06,3.3394837369442696e-06,3.3394844787131867e-06,3.339483736956593e-06,0.0,0.0,-1.67126813212078e-258,0.45,0.4500000099460112,3.3326558224967844e-18
202.0,0.45000003064616756,0.44999998924585033,49.93955921448604,49.879118428972085,49.829021909150384,49.8275079401584,49.82750794021011,49.825993971166405,49.82599397126984,3.3394844787055913e-06,3.3394837369442696e-06,3.3394844787132125e-06,3.3394837369565664e-06,0.0,0.0,4.570901875902864e-259,0.45,0.4500000099460112,3.3326558224967844e-18
203.0,0.4500000306457476,0.44999998924627027,49.93955921448604,49.879118428972085,49.829021909150384,49.8275079401584,49.827507940210104,49.825993971166405,49.82599397126983,3.3394844787055913e-06,3.3394837369593167e-06,3.339484478713244e-06,3.339483736956235e-06,0.0,0.0,1.248196018871695e-258,0.45,0.4500000099460112,3.3326558224967844e-18
204.0,0.4500000306461675,0.4499999892458503,49.939559214486046,49.879118428972085,49.829021909150384,49.82750794015839,49.827507940210104,49.825993971166405,49.82599397126984,3.339484478720639e-06,3.3394837369593167e-06,3.339484478713227e-06,3.3394837369565546e-06,0.0,0.0,1.259211654632459e-261,0.45,0.4500000099460112,3.332655822496785e-18
205.0,0.4500000306465875,0.4499999892454303,49.939559214486046,49.879118428972085,49.829021909150384,49.82750794015839,49.82750794021011,49.825993971166405,49.82599397126984,3.339484478720639e-06,3.3394837369442696e-06,3.339484478713191e-06,3.339483736956588e-06,0.0,0.0,-1.2709618614037732e-261,0.45,0.4500000099460112,3.332655822496785e-18
206.0,0.4500000306465875,0.4499999892454303,49.939559214486046,49.879118428972085,49.829021909150384,49.82750794015839,49.82750794021011,49.825993971166405,49.82599397126983,3.339484478720639e-06,3.3394837369442696e-06,3.3394844787131935e-06,3.339483736956285e-06,0.0,0.0,-9.993569819532702e-262,0.45,0.4500000099460112,3.332655822496785e-18
207.0,0.4500000306457475,0.44999998924627016,49.93955921448604,49.879118428972085,49.829021909150384,49.8275079401584,49.827507940210104,49.825993971166405,49.82599397126983,3.3394844787055913e-06,3.3394837369593167e-06,3.3394844787132163e-06,3.3394837369562636e-06,0.0,0.0,2.7332314999091435e-262,0.45,0.4500000099460112,3.3326558224967844e-18
208.0,0.45000003064574745,0.4499999892462701,49.93955921448604,49.879118428972085,49.829021909150384,49.8275079401584,49.827507940210104,49.825993971166405,49.82599397126983,3.3394844787055913e-06,3.3394837369593167e-06,3.3394844787132473e-06,3.3394837369562335e-06,0.0,0.0,7.46375391435729e-262,0.45,0.4500000099460112,3.3326558224967844e-18
209.0,0.45000003064658745,0.4499999892454302,49.939559214486046,49.879118428972085,49.829021909150384,49.82750794015839,49.82750794021011,49.825993971166405,49.82599397126984,3.339484478720639e-06,3.3394837369442696e-06,3.3394844787132295e-06,3.339483736956549e-06,0.0,0.0,7.529623371785813e-265,0.45,0.4500000099460112,3.332655822496785e-18
210.0,0.4500000306461675,0.4499999892458503,49.939559214486046,49.879118428972085,49.829021909150384,49.82750794015839,49.827507940210104,49.825993971166405,49.82599397126984,3.339484478720639e-06,3.3394837369593167e-06,3.3394844787131935e-06,3.339483736956585e-06,0.0,0.0,-7.599885294158523e-265,0.45,0.4500000099460112,3.332655822496785e-18
211.0,0.4500000306465875,0.4499999892454303,49.939559214486046,49.879118428972085,49.829021909150384,49.82750794015839,49.82750794021011,49.825993971166405,49.82599397126984,3.339484478720639e-06,3.3394837369442696e-06,3.339484478713195e-06,3.3394837369565838e-06,0.0,0.0,-5.975787835500189e-265,0.45,0.4500000099460112,3.332655822496785e-18
212.0,0.45000003064616745,0.4499999892458502,49.939559214486046,49.879118428972085,49.829021909150384,49.8275079401584,49.82750794021011,49.825993971166405,49.82599397126984,3.3394844787055913e-06,3.3394837369442696e-06,3.3394844787132185e-06,3.339483736956561e-06,0.0,0.0,1.6343720856223765e-265,0.45,0.4500000099460112,3.332655822496785e-18
213.0,0.45000003064616745,0.4499999892458502,49.939559214486046,49.879118428972085,49.829021909150384,49.8275079401584,49.82750794021011,49.825993971166405,49.82599397126983,3.3394844787055913e-06,3.3394837369442696e-06,3.339484478713248e-06,3.339483736956231e-06,0.0,0.0,4.463050807070648e-265,0.45,0.4500000099460112,3.332655822496785e-18
214.0,0.4500000306461675,0.4499999892458503,49.93955921448604,49.879118428972085,49.829021909150384,49.82750794015839,49.827507940210104,49.825993971166405,49.82599397126984,3.339484478720639e-06,3.3394837369593167e-06,3.3394844787132307e-06,3.3394837369565486e-06,0.0,0.0,4.5024383241994104e-268,0.45,0.4500000099460112,3.3326558224967844e-18
215.0,0.4500000306461675,0.4499999892458503,49.93955921448604,49.879118428972085,49.829021909150384,49.82750794015839,49.827507940210104,49.825993971166405,49.82599397126984,3.339484478720639e-06,3.3394837369593167e-06,3.339484478713195e-06,3.3394837369565846e-06,0.0,0.0,-4.5444523740930924e-268,0.45,0.4500000099460112,3.3326558224967844e-18
216.0,0.4500000306461675,0.4499999892458503,49.93955921448604,49.879118428972085,49.829021909150384,49.82750794015839,49.827507940210104,49.825993971166405,49.82599397126984,3.339484478720639e-06,3.3394837369593167e-06,3.3394844787131973e-06,3.3394837369565838e-06,0.0,0.0,-3.573301722986352e-268,0.45,0.4500000099460112,3.3326558224967844e-18
217.0,0.4500000306457475,0.44999998924627016,49.939559214486046,49.879118428972085,49.829021909150384,49.8275079401584,49.827507940210104,49.825993971166405,49.82599397126984,3.3394844787055913e-06,3.3394837369593167e-06,3.3394844787132197e-06,3.3394837369565596e-06,0.0,0.0,9.772945007955762e-269,0.45,0.4500000099460112,3.332655822496785e-18
218.0,0.4500000306457475,0.44999998924627016,49.939559214486046,49.879118428972085,49.829021909150384,49.8275079401584,49.827507940210104,49.825993971166405,49.82599397126984,3.3394844787055913e-06,3.3394837369593167e-06,3.339484478713248e-06,3.339483736956531e-06,0.0,0.0,2.668740520528649e-268,0.45,0.4500000099460112,3.332655822496785e-18
219.0,0.4500000306461675,0.4499999892458503,49.939559214486046,49.879118428972085,49.829021909150384,49.8275079401584,49.82750794021011,49.825993971166405,49.82599397126984,3.3394844787055913e-06,3.3394837369442696e-06,3.339484478713271e-06,3.339483736956508e-06,0.0,0.0,2.6922928096493057e-271,0.45,0.4500000099460112,3.332655822496785e-18
220.0,0.4500000306457476,0.44999998924627027,49.939559214486046,49.879118428972085,49.829021909150384,49.8275079401584,49.827507940210104,49.825993971166405,49.82599397126984,3.3394844787055913e-06,3.3394837369593167e-06,3.339484478713289e-06,3.33948373695649e-06,0.0,0.0,-2.717415668928699e-271,0.45,0.4500000099460112,3.332655822496785e-18
221.0,0.4500000306457476,0.44999998924627027,49.939559214486046,49.879118428972085,49.829021909150384,49.8275079401584,49.827507940210104,49.825993971166405,49.82599397126983,3.3394844787055913e-06,3.3394837369593167e-06,3.3394844787133036e-06,3.3394837369561755e-06,0.0,0.0,-2.1367032356216137e-271,0.45,0.4500000099460112,3.332655822496785e-18
222.0,0.45000003064616756,0.44999998924585033,49.939559214486046,49.879118428972085,49.829021909150384,49.82750794015839,49.827507940210104,49.825993971166405,49.82599397126983,3.339484478720639e-06,3.3394837369593167e-06,3.3394844787133163e-06,3.339483736956163e-06,0.0,0.0,5.8438622984793436e-272,0.45,0.4500000099460112,3.332655822496785e-18
223.0,0.4500000306461675,0.4499999892458503,49.939559214486046,49.879118428972085,49.829021909150384,49.82750794015839,49.827507940210104,49.825993971166405,49.82599397126983,3.339484478720639e-06,3.3394837369593167e-06,3.339484478713328e-06,3.339483736956151e-06,0.0,0.0,1.5958088477573156e-271,0.45,0.4500000099460112,3.332655822496785e-18
224.0,0.45000003064586525,0.4499999892463879,49.939559214486046,49.879118428972085,49.829021909150384,49.8275079401584,49.827507940210104,49.825993971166405,49.82599397126983,3.3394844787055913e-06,3.3394837369593167e-06,3.3394844787133345e-06,3.339483736956147e-06,0.0,0.0,1.4618464498623593e-282,0.45,0.45000000994601586,3.332655822496785e-18
225.0,0.45000003064596955,0.4499999892464922,49.939559214486046,49.879118428972085,49.829021909150384,49.8275079401584,49.827507940210104,49.825993971166405,49.82599397126983,3.3394844787055913e-06,3.3394837369593167e-06,3.3394844787134637e-06,3.339483736956277e-06,0.0,0.0,3.9555785478678275e-305,0.45,0.45000000994601885,3.332655822496785e-18
226.0,0.4500000306461356,0.44999998924581835,49.93955921448604,49.879118428972085,49.829021909150384,49.82750794015839,49.827507940210104,49.825993971166405,49.82599397126983,3.339484478720639e-06,3.3394837369593167e-06,3.339484478713521e-06,3.339483736956199e-06,0.0,0.0,1.4456784845048928e-307,0.45,0.45000000994601635,3.3326558224967844e-18
227.0,0.4500000306458326,0.44999998924635526,49.93955921448604,49.879118428972085,49.829021909150384,49.8275079401584,49.827507940210104,49.825993971166405,49.82599397126984,3.3394844787055913e-06,3.3394837369593167e-06,3.3394844787135996e-06,3.339483736956402e-06,0.0,0.0,-4.820927639690312e-308,0.45,0.450000009946011,3.3326558224967844e-18
228.0,0.45000003064576777,0.4499999892462904,49.93955921448604,49.879118428972085,49.829021909150384,49.82750794015839,49.8275079402101,49.825993971166405,49.82599397126983,3.339484478720639e-06,3.3394837369743643e-06,3.339484478713583e-06,3.3394837369561133e-06,0.0,0.0,-6.626861005129824e-308,0.45,0.4500000099460086,3.3326558224967844e-18
229.0,0.4500000306459019,0.44999998924558465,49.93955921448604,49.879118428972085,49.82902190915036,49.82750794015837,49.82750794021009,49.82599397116639,49.82599397126981,3.339484478720639e-06,3.3394837369593167e-06,3.339484478713018e-06,3.33948373695511e-06,0.0,0.0,-4.5354220247463e-309,0.45,0.45000000994600503,3.3326558224967844e-18
230.0,0.4500000306453559,0.44999998924503865,49.93955921448604,49.87911842897208,49.82902190915034,49.82750794015835,49.82750794021007,49.825993971166376,49.82599397126979,3.339484478720639e-06,3.3394837369593167e-06,3.339484478712352e-06,3.339483736953778e-06,0.0,0.0,4.2065018170702325e-308,0.45,0.45000000994599637,3.3326558224967844e-18
231.0,0.4500000306454778,0.44999998924432055,49.93955921448604,49.879118428972085,49.82902190915033,49.82750794015834,49.82750794021007,49.82599397116637,49.82599397126979,3.3394844787055913e-06,3.339483736929222e-06,3.339484478712491e-06,3.339483736953019e-06,0.0,0.0,8.6446265432476e-311,0.45,0.45000000994598993,3.3326558224967844e-18
232.0,0.45000003064606514,0.4499999892465878,49.939559214486046,49.87911842897209,49.8290219091504,49.82750794015842,49.827507940210126,49.825993971166426,49.82599397126985,3.3394844787055913e-06,3.3394837369593167e-06,3.339484478715059e-06,3.3394837369558795e-06,0.0,0.0,-2.8827377240035e-311,0.45,0.4500000099460177,3.332655822496785e-18
233.0,0.4500000306462344,0.44999998924675705,49.939559214486046,49.87911842897209,49.829021909150406,49.827507940158426,49.82750794021013,49.82599397116643,49.82599397126986,3.3394844787055913e-06,3.3394837369593167e-06,3.33948447871521e-06,3.33948373695638e-06,0.0,0.0,-3.962619569872e-311,0.45,0.45000000994602074,3.332655822496785e-18
234.0,0.45000003064621963,0.4499999892459024,49.93955921448604,49.879118428972085,49.82902190915039,49.8275079401584,49.82750794021011,49.82599397116641,49.82599397126984,3.339484478720639e-06,3.3394837369593167e-06,3.339484478714165e-06,3.339483736955681e-06,0.0,0.0,-2.712015847583e-312,0.45,0.4500000099460121,3.3326558224967844e-18
235.0,0.4500000306462551,0.4499999892450979,49.93955921448604,49.879118428972085,49.82902190915038,49.82750794015838,49.8275079402101,49.8259939711664,49.825993971269824,3.339484478735686e-06,3.3394837369593167e-06,3.339484478713439e-06,3.3394837369552412e-06,0.0,0.0,2.51533364094e-311,0.45,0.45000000994600475,3.3326558224967844e-18
236.0,0.45000003064606897,0.44999998924575174,49.93955921448604,49.879118428972085,49.82902190915039,49.8275079401584,49.82750794021011,49.82599397116641,49.82599397126984,3.339484478720639e-06,3.3394837369593167e-06,3.3394844787139795e-06,3.3394837369559066e-06,0.0,0.0,5.169168678e-314,0.45,0.4500000099460098,3.3326558224967844e-18
237.0,0.4500000306457887,0.44999998924631135,49.93955921448604,49.87911842897209,49.82902190915039,49.8275079401584,49.827507940210104,49.825993971166405,49.82599397126983,3.339484478720639e-06,3.3394837369743643e-06,3.3394844787137123e-06,3.339483736955603e-06,0.0,0.0,-1.723770989e-314,0.45,0.45000000994601197,3.3326558224967844e-18
238.0,0.45000003064578825,0.4499999892463109,49.93955921448604,49.87911842897209,49.829021909150384,49.8275079401584,49.827507940210104,49.825993971166405,49.82599397126984,3.3394844787055913e-06,3.3394837369593167e-06,3.3394844787136708e-06,3.3394837369559684e-06,0.0,0.0,-2.3695006857e-314,0.45,0.4500000099460119,3.3326558224967844e-18
239.0,0.4500000306461352,0.44999998924581797,49.939559214486046,49.87911842897209,49.82902190915039,49.8275079401584,49.82750794021011,49.82599397116641,49.82599397126984,3.339484478720639e-06,3.3394837369593167e-06,3.3394844787138813e-06,3.339483736956072e-06,0.0,0.0,-1.621687267e-315,0.45,0.45000000994601086,3.332655822496785e-18
240.0,0.4500000306460569,0.4499999892457397,49.939559214486046,49.87911842897209,49.82902190915039,49.8275079401584,49.82750794021011,49.82599397116641,49.82599397126984,3.339484478720639e-06,3.3394837369593167e-06,3.339484478713769e-06,3.3394837369561785e-06,0.0,0.0,1.5040765694e-314,0.45,0.4500000099460098,3.332655822496785e-18
241.0,0.4500000306460742,0.44999998924575696,49.939559214486046,49.87911842897209,49.82902190915039,49.8275079401584,49.82750794021011,49.825993971166405,49.82599397126984,3.339484478720639e-06,3.3394837369593167e-06,3.3394844787133633e-06,3.339483736956273e-06,0.0,0.0,3.0905293e-317,0.45,0.4500000099460102,3.332655822496785e-18
242.0,0.45000003064662736,0.44999998924547013,49.939559214486046,49.879118428972085,49.829021909150384,49.82750794015839,49.82750794021011,49.825993971166405,49.82599397126983,3.339484478720639e-06,3.3394837369442696e-06,3.339484478713297e-06,3.339483736956061e-06,0.0,0.0,-1.0305246e-317,0.45,0.45000000994601175,3.332655822496785e-18
243.0,0.4500000306462176,0.44999998924590034,49.939559214486046,49.879118428972085,49.829021909150384,49.82750794015839,49.827507940210104,49.825993971166405,49.82599397126983,3.339484478720639e-06,3.3394837369593167e-06,3.3394844787132854e-06,3.3394837369560912e-06,0.0,0.0,-1.4166023e-317,0.45,0.4500000099460118,3.332655822496785e-18
244.0,0.4500000306457572,0.4499999892462799,49.939559214486046,49.879118428972085,49.829021909150384,49.8275079401584,49.827507940210104,49.825993971166405,49.82599397126984,3.3394844787055913e-06,3.3394837369593167e-06,3.339484478713298e-06,3.339483736956393e-06,0.0,0.0,-9.6889e-319,0.45,0.4500000099460114,3.332655822496785e-18
245.0,0.45000003064573846,0.4499999892462611,49.939559214486046,49.879118428972085,49.829021909150384,49.8275079401584,49.827507940210104,49.825993971166405,49.82599397126984,3.3394844787055913e-06,3.3394837369593167e-06,3.3394844787133074e-06,3.339483736956402e-06,0.0,0.0,8.994297e-318,0.45,0.4500000099460113,3.332655822496785e-18
246.0,0.45000003064620175,0.4499999892458845,49.939559214486046,49.879118428972085,49.829021909150384,49.8275079401584,49.82750794021011,49.825993971166405,49.82599397126984,3.3394844787055913e-06,3.3394837369442696e-06,3.339484478713263e-06,3.339483736956464e-06,0.0,0.0,2.1704e-320,0.45,0.4500000099460119,3.332655822496785e-18
247.0,0.45000003064616373,0.4499999892458465,49.939559214486046,49.879118428972085,49.829021909150384,49.82750794015839,49.827507940210104,49.825993971166405,49.82599397126983,3.339484478720639e-06,3.3394837369593167e-06,3.3394844787132036e-06,3.3394837369562335e-06,0.0,0.0,-6.62e-321,0.45,0.45000000994601114,3.332655822496785e-18
248.0,0.4500000306461597,0.44999998924584245,49.939559214486046,49.879118428972085,49.829021909150384,49.82750794015839,49.827507940210104,49.825993971166405,49.82599397126983,3.339484478720639e-06,3.3394837369593167e-06,3.3394844787132477e-06,3.339483736956199e-06,0.0,0.0,-9.363e-321,0.45,0.450000009946011,3.332655822496785e-18
249.0,0.45000003064575117,0.4499999892462738,49.93955921448604,49.879118428972085,49.829021909150384,49.8275079401584,49.827507940210104,49.825993971166405,49.82599397126983,3.3394844787055913e-06,3.3394837369593167e-06,3.339484478713331e-06,3.3394837369561226e-06,0.0,0.0,-4.3e-322,0.45,0.45000000994601125,3.3326558224967844e-18
250.0,0.45000003064575983,0.4499999892462825,49.93955921448604,49.879118428972085,49.829021909150384,49.8275079401584,49.827507940210104,49.825993971166405,49.82599397126983,3.3394844787055913e-06,3.3394837369593167e-06,3.3394844787133925e-06,3.3394837369560675e-06,0.0,0.0,6.285e-321,0.45,0.4500000099460114,3.3326558224967844e-18
251.0,0.4500000306461727,0.4499999892458555,49.93955921448604,49.879118428972085,49.82902190915038,49.82750794015839,49.827507940210104,49.825993971166405,49.82599397126983,3.3394844787055913e-06,3.3394837369442696e-06,3.3394844787133747e-06,3.3394837369560912e-06,0.0,0.0,2e-322,0.45,0.45000000994601125,3.3326558224967844e-18
252.0,0.45000003064616806,0.44999998924585083,49.93955921448604,49.879118428972085,49.829021909150384,49.8275079401584,49.82750794021011,49.825993971166405,49.82599397126984,3.3394844787055913e-06,3.3394837369442696e-06,3.3394844787133718e-06,3.339483736956397e-06,0.0,0.0,5e-323,0.45,0.45000000994601125,3.3326558224967844e-18
253.0,0.45000003064615035,0.4499999892458331,49.93955921448604,49.879118428972085,49.829021909150384,49.8275079401584,49.82750794021011,49.825993971166405,49.82599397126984,3.3394844787055913e-06,3.3394837369442696e-06,3.3394844787134035e-06,3.3394837369563606e-06,0.0,0.0,-1.3e-321,0.45,0.4500000099460109,3.3326558224967844e-18
254.0,0.4500000306457114,0.4499999892462341,49.93955921448604,49.879118428972085,49.829021909150384,49.8275079401584,49.827507940210104,49.825993971166405,49.82599397126984,3.3394844787055913e-06,3.3394837369593167e-06,3.3394844787134522e-06,3.339483736956304e-06,0.0,0.0,-2.91e-321,0.45,0.4500000099460105,3.3326558224967844e-18
255.0,0.4500000306457031,0.44999998924622575,49.93955921448604,49.879118428972085,49.82902190915038,49.8275079401584,49.827507940210104,49.825993971166405,49.82599397126983,3.339484478690544e-06,3.3394837369442696e-06,3.339484478713507e-06,3.339483736955942e-06,0.0,0.0,-3.82e-321,0.45,0.4500000099460103,3.3326558224967844e-18
256.0,0.45000003064572364,0.4499999892462463,49.93955921448604,49.879118428972085,49.829021909150384,49.8275079401584,49.827507940210104,49.825993971166405,49.82599397126983,3.3394844787055913e-06,3.3394837369593167e-06,3.3394844787135357e-06,3.3394837369559074e-06,0.0,0.0,-2.347e-321,0.45,0.45000000994601064,3.3326558224967844e-18
257.0,0.4500000306466018,0.4499999892454446,49.93955921448604,49.879118428972085,49.829021909150384,49.82750794015839,49.82750794021011,49.825993971166405,49.82599397126984,3.339484478720639e-06,3.3394837369442696e-06,3.3394844787134522e-06,3.3394837369562966e-06,0.0,0.0,1.304e-321,0.45,0.45000000994601147,3.3326558224967844e-18
258.0,0.45000003064660493,0.4499999892454477,49.93955921448604,49.879118428972085,49.829021909150384,49.82750794015839,49.82750794021011,49.825993971166405,49.82599397126984,3.339484478720639e-06,3.3394837369442696e-06,3.3394844787133692e-06,3.3394837369563856e-06,0.0,0.0,1.675e-321,0.45,0.4500000099460116,3.3326558224967844e-18
259.0,0.45000003064617156,0.4499999892458543,49.939559214486046,49.879118428972085,49.829021909150384,49.8275079401584,49.82750794021011,49.825993971166405,49.82599397126984,3.3394844787055913e-06,3.3394837369442696e-06,3.339484478713298e-06,3.339483736956461e-06,0.0,0.0,5.9e-322,0.45,0.4500000099460113,3.332655822496785e-18
260.0,0.4500000306457403,0.44999998924626294,49.939559214486046,49.879118428972085,49.829021909150384,49.8275079401584,49.827507940210104,49.825993971166405,49.82599397126983,3.3394844787055913e-06,3.3394837369593167e-06,3.339484478713259e-06,3.3394837369562043e-06,0.0,0.0,-1.43e-322,0.45,0.4500000099460112,3.332655822496785e-18
261.0,0.4500000306457487,0.4499999892462714,49.939559214486046,49.87911842897209,49.82902190915039,49.8275079401584,49.827507940210104,49.825993971166405,49.82599397126983,3.339484478720639e-06,3.3394837369743643e-06,3.3394844787132473e-06,3.33948373695622e-06,0.0,0.0,7.95e-322,0.45,0.4500000099460114,3.332655822496785e-18
262.0,0.45000003064658917,0.44999998924543194,49.939559214486046,49.879118428972085,49.829021909150384,49.82750794015839,49.82750794021011,49.825993971166405,49.82599397126984,3.339484478720639e-06,3.3394837369442696e-06,3.3394844787132e-06,3.339483736956572e-06,0.0,0.0,-1.63e-322,0.45,0.45000000994601114,3.332655822496785e-18
263.0,0.45000003064615207,0.44999998924583484,49.939559214486046,49.879118428972085,49.829021909150384,49.82750794015839,49.827507940210104,49.825993971166405,49.82599397126984,3.339484478720639e-06,3.3394837369593167e-06,3.3394844787131897e-06,3.3394837369565783e-06,0.0,0.0,-1.84e-321,0.45,0.45000000994601075,3.332655822496785e-18
264.0,0.45000003064613114,0.4499999892458139,49.93955921448604,49.879118428972085,49.829021909150384,49.82750794015839,49.827507940210104,49.825993971166405,49.82599397126983,3.339484478720639e-06,3.3394837369593167e-06,3.339484478713205e-06,3.3394837369562573e-06,0.0,0.0,-3.483e-321,0.45,0.4500000099460104,3.3326558224967844e-18
265.0,0.45000003064612004,0.4499999892458028,49.93955921448604,49.879118428972085,49.82902190915039,49.82750794015839,49.827507940210104,49.825993971166405,49.82599397126983,3.339484478735686e-06,3.3394837369743643e-06,3.3394844787132295e-06,3.3394837369562246e-06,0.0,0.0,-4.37e-321,0.45,0.4500000099460102,3.3326558224967844e-18
266.0,0.4500000306461408,0.4499999892458236,49.93955921448604,49.879118428972085,49.829021909150384,49.82750794015839,49.827507940210104,49.825993971166405,49.82599397126983,3.339484478720639e-06,3.3394837369593167e-06,3.339484478713227e-06,3.3394837369562183e-06,0.0,0.0,-2.727e-321,0.45,0.4500000099460106,3.3326558224967844e-18
267.0,0.45000003064659905,0.4499999892454418,49.939559214486046,49.879118428972085,49.829021909150384,49.82750794015839,49.82750794021011,49.825993971166405,49.82599397126983,3.339484478720639e-06,3.3394837369442696e-06,3.3394844787131765e-06,3.339483736956277e-06,0.0,0.0,1.18e-321,0.45,0.4500000099460114,3.332655822496785e-18
268.0,0.4500000306461682,0.449999989245851,49.939559214486046,49.879118428972085,49.829021909150384,49.8275079401584,49.82750794021011,49.825993971166405,49.82599397126983,3.3394844787055913e-06,3.3394837369442696e-06,3.3394844787132113e-06,3.3394837369562437e-06,0.0,0.0,1.9e-322,0.45,0.4500000099460112,3.332655822496785e-18
269.0,0.4500000306457126,0.44999998924623524,49.93955921448604,49.879118428972085,49.829021909150384,49.8275079401584,49.827507940210104,49.825993971166405,49.82599397126983,3.3394844787055913e-06,3.3394837369593167e-06,3.339484478713287e-06,3.339483736956163e-06,0.0,0.0,-3.12e-321,0.45,0.45000000994601047,3.3326558224967844e-18
270.0,0.45000003064567656,0.4499999892461992,49.93955921448604,49.879118428972085,49.829021909150384,49.8275079401584,49.827507940210104,49.825993971166405,49.82599397126983,3.3394844787055913e-06,3.3394837369593167e-06,3.3394844787133574e-06,3.339483736956084e-06,0.0,0.0,-6.12e-321,0.45,0.4500000099460098,3.3326558224967844e-18
271.0,0.4500000306456887,0.4499999892462114,49.93955921448604,49.879118428972085,49.829021909150384,49.8275079401584,49.827507940210104,49.825993971166405,49.82599397126983,3.3394844787055913e-06,3.3394837369593167e-06,3.33948447871337e-06,3.33948373695606e-06,0.0,0.0,-4.585e-321,0.45,0.45000000994601014,3.3326558224967844e-18
272.0,0.45000003064660926,0.44999998924545204,49.939559214486046,49.879118428972085,49.829021909150384,49.82750794015839,49.82750794021011,49.825993971166405,49.82599397126983,3.339484478720639e-06,3.3394837369442696e-06,3.339484478713314e-06,3.3394837369561247e-06,0.0,0.0,1.59e-321,0.45,0.4500000099460116,3.332655822496785e-18
273.0,0.4500000306465997,0.4499999892454425,49.939559214486046,49.879118428972085,49.829021909150384,49.82750794015839,49.82750794021011,49.825993971166405,49.82599397126983,3.339484478720639e-06,3.3394837369442696e-06,3.3394844787132384e-06,3.3394837369562018e-06,0.0,0.0,6.97e-322,0.45,0.45000000994601136,3.332655822496785e-18
274.0,0.4500000306465534,0.4499999892453962,49.93955921448604,49.879118428972085,49.829021909150384,49.82750794015839,49.82750794021011,49.825993971166405,49.82599397126984,3.339484478720639e-06,3.3394837369442696e-06,3.3394844787131753e-06,3.339483736956561e-06,0.0,0.0,-3.24e-321,0.45,0.45000000994601047,3.3326558224967844e-18
275.0,0.4500000306456838,0.44999998924620643,49.93955921448604,49.879118428972085,49.82902190915038,49.8275079401584,49.827507940210104,49.825993971166405,49.82599397126983,3.339484478690544e-06,3.3394837369442696e-06,3.339484478713157e-06,3.339483736956272e-06,0.0,0.0,-6.22e-321,0.45,0.4500000099460098,3.3326558224967844e-18
276.0,0.45000003064572874,0.4499999892462514,49.93955921448604,49.879118428972085,49.829021909150384,49.8275079401584,49.827507940210104,49.825993971166405,49.82599397126984,3.3394844787055913e-06,3.3394837369593167e-06,3.339484478713195e-06,3.339483736956528e-06,0.0,0.0,-2.49e-321,0.45,0.45000000994601064,3.3326558224967844e-18
277.0,0.4500000306465982,0.449999989245441,49.939559214486046,49.879118428972085,49.82902190915039,49.82750794015839,49.82750794021011,49.825993971166405,49.82599397126984,3.339484478735686e-06,3.3394837369593167e-06,3.3394844787131515e-06,3.3394837369565783e-06,0.0,0.0,1.507e-321,0.45,0.4500000099460115,3.332655822496785e-18
278.0,0.4500000306457402,0.44999998924626283,49.939559214486046,49.879118428972085,49.829021909150384,49.8275079401584,49.827507940210104,49.825993971166405,49.82599397126983,3.3394844787055913e-06,3.3394837369593167e-06,3.339484478713127e-06,3.339483736956312e-06,0.0,0.0,-1.05e-321,0.45,0.45000000994601097,3.332655822496785e-18
279.0,0.45000003064658745,0.4499999892454302,49.93955921448604,49.879118428972085,49.829021909150384,49.82750794015839,49.82750794021011,49.825993971166405,49.82599397126984,3.339484478720639e-06,3.3394837369442696e-06,3.3394844787131088e-06,3.3394837369566346e-06,0.0,0.0,0.0,0.45,0.4500000099460112,3.3326558224967844e-18
280.0,0.4500000306461677,0.4499999892458505,49.939559214486046,49.879118428972085,49.829021909150384,49.82750794015839,49.827507940210104,49.825993971166405,49.82599397126984,3.339484478720639e-06,3.3394837369593167e-06,3.3394844787130948e-06,3.339483736956656e-06,0.0,0.0,0.0,0.45,0.4500000099460112,3.332655822496785e-18
281.0,0.4500000306465875,0.4499999892454303,49.939559214486046,49.879118428972085,49.829021909150384,49.82750794015839,49.82750794021011,49.825993971166405,49.82599397126984,3.339484478720639e-06,3.3394837369442696e-06,3.339484478713103e-06,3.339483736956649e-06,0.0,0.0,5e-324,0.45,0.4500000099460112,3.332655822496785e-18
282.0,0.45000003064616717,0.44999998924584994,49.939559214486046,49.879118428972085,49.829021909150384,49.8275079401584,49.82750794021011,49.825993971166405,49.82599397126984,3.3394844787055913e-06,3.3394837369442696e-06,3.339484478713143e-06,3.339483736956615e-06,0.0,0.0,0.0,0.45,0.4500000099460112,3.332655822496785e-18
283.0,0.45000003064574723,0.4499999892462699,49.939559214486046,49.879118428972085,49.829021909150384,49.8275079401584,49.827507940210104,49.825993971166405,49.82599397126983,3.3394844787055913e-06,3.3394837369593167e-06,3.3394844787132087e-06,3.3394837369562517e-06,0.0,0.0,0.0,0.45,0.4500000099460112,3.332655822496785e-18
284.0,0.4500000306461675,0.4499999892458503,49.939559214486046,49.879118428972085,49.829021909150384,49.82750794015839,49.827507940210104,49.825993971166405,49.82599397126984,3.339484478720639e-06,3.3394837369593167e-06,3.3394844787131973e-06,3.3394837369565664e-06,0.0,0.0,0.0,0.45,0.4500000099460112,3.332655822496785e-18
285.0,0.4500000306465876,0.4499999892454304,49.939559214486046,49.879118428972085,49.829021909150384,49.82750794015839,49.82750794021011,49.825993971166405,49.82599397126984,3.339484478720639e-06,3.3394837369442696e-06,3.3394844787131753e-06,3.339483736956593e-06,0.0,0.0,0.0,0.45,0.4500000099460112,3.332655822496785e-18
286.0,0.45000003064616756,0.44999998924585033,49.939559214486046,49.879118428972085,49.829021909150384,49.82750794015839,49.827507940210104,49.825993971166405,49.82599397126984,3.339484478720639e-06,3.3394837369593167e-06,3.3394844787131837e-06,3.3394837369565838e-06,0.0,0.0,0.0,0.45,0.4500000099460112,3.332655822496785e-18
287.0,0.4500000306457475,0.44999998924627016,49.939559214486046,49.879118428972085,49.829021909150384,49.8275079401584,49.827507940210104,49.825993971166405,49.82599397126984,3.3394844787055913e-06,3.3394837369593167e-06,3.3394844787132125e-06,3.339483736956557e-06,0.0,0.0,0.0,0.45,0.4500000099460112,3.332655822496785e-18
288.0,0.4500000306457475,0.44999998924627016,49.939559214486046,49.879118428972085,49.829021909150384,49.8275079401584,49.827507940210104,49.825993971166405,49.82599397126984,3.3394844787055913e-06,3.3394837369593167e-06,3.339484478713244e-06,3.339483736956528e-06,0.0,0.0,0.0,0.45,0.4500000099460112,3.332655822496785e-18
289.0,0.45000003064574756,0.4499999892462702,49.939559214486046,49.879118428972085,49.829021909150384,49.8275079401584,49.827507940210104,49.825993971166405,49.82599397126984,3.3394844787055913e-06,3.3394837369593167e-06,3.3394844787132697e-06,3.3394837369565016e-06,0.0,0.0,0.0,0.45,0.4500000099460112,3.332655822496785e-18
290.0,0.4500000306461675,0.4499999892458503,49.939559214486046,49.879118428972085,49.829021909150384,49.8275079401584,49.82750794021011,49.825993971166405,49.82599397126984,3.3394844787055913e-06,3.3394837369442696e-06,3.339484478713284e-06,3.33948373695649e-06,0.0,0.0,0.0,0.45,0.4500000099460112,3.332655822496785e-18
291.0,0.4500000306461675,0.4499999892458503,49.939559214486046,49.879118428972085,49.829021909150384,49.8275079401584,49.82750794021011,49.825993971166405,49.82599397126983,3.3394844787055913e-06,3.3394837369442696e-06,3.339484478713287e-06,3.3394837369561865e-06,0.0,0.0,0.0,0.45,0.4500000099460112,3.332655822496785e-18
292.0,0.45000003064658745,0.4499999892454302,49.939559214486046,49.879118428972085,49.829021909150384,49.82750794015839,49.82750794021011,49.825993971166405,49.82599397126983,3.339484478720639e-06,3.3394837369442696e-06,3.3394844787133006e-06,3.3394837369561734e-06,0.0,0.0,0.0,0.45,0.4500000099460112,3.332655822496785e-18
293.0,0.45000003064616734,0.4499999892458501,49.93955921448604,49.879118428972085,49.829021909150384,49.82750794015839,49.827507940210104,49.825993971166405,49.82599397126983,3.339484478720639e-06,3.3394837369593167e-06,3.3394844787133425e-06,3.3394837369561336e-06,0.0,0.0,0.0,0.45,0.4500000099460112,3.3326558224967844e-18
294.0,0.45000003064616745,0.4499999892458502,49.93955921448604,49.879118428972085,49.829021909150384,49.82750794015839,49.827507940210104,49.825993971166405,49.82599397126984,3.339484478720639e-06,3.3394837369593167e-06,3.3394844787133036e-06,3.3394837369564732e-06,0.0,0.0,0.0,0.45,0.4500000099460112,3.3326558224967844e-18
295.0,0.45000003064658756,0.44999998924543033,49.93955921448604,49.879118428972085,49.829021909150384,49.82750794015839,49.82750794021011,49.825993971166405,49.82599397126984,3.339484478720639e-06,3.3394837369442696e-06,3.3394844787132697e-06,3.3394837369565054e-06,0.0,0.0,0.0,0.45,0.4500000099460112,3.3326558224967844e-18
296.0,0.45000003064616756,0.44999998924585033,49.939559214486046,49.879118428972085,49.829021909150384,49.82750794015839,49.827507940210104,49.825993971166405,49.82599397126984,3.339484478720639e-06,3.3394837369593167e-06,3.3394844787132786e-06,3.3394837369564987e-06,0.0,0.0,0.0,0.45,0.4500000099460112,3.332655822496785e-18
297.0,0.45000003064574756,0.4499999892462702,49.939559214486046,49.879118428972085,49.829021909150384,49.8275079401584,49.827507940210104,49.825993971166405,49.82599397126984,3.3394844787055913e-06,3.3394837369593167e-06,3.3394844787132947e-06,3.3394837369564834e-06,0.0,0.0,0.0,0.45,0.4500000099460112,3.332655822496785e-18
298.0,0.45000003064574756,0.4499999892462702,49.939559214486046,49.879118428972085,49.829021909150384,49.8275079401584,49.827507940210104,49.825993971166405,49.82599397126983,3.3394844787055913e-06,3.3394837369593167e-06,3.3394844787132862e-06,3.3394837369561933e-06,0.0,0.0,0.0,0.45,0.4500000099460112,3.332655822496785e-18
299.0,0.4500000306461675,0.4499999892458503,49.93955921448604,49.879118428972085,49.829021909150384,49.82750794015839,49.827507940210104,49.825993971166405,49.82599397126984,3.339484478720639e-06,3.3394837369593167e-06,3.339484478713227e-06,3.339483736956549e-06,0.0,0.0,0.0,0.45,0.4500000099460112,3.3326558224967844e-18
300.0,0.45000003064658745,0.4499999892454302,49.939559214486046,49.879118428972085,49.829021909150384,49.82750794015839,49.82750794021011,49.825993971166405,49.82599397126984,3.339484478720639e-06,3.3394837369442696e-06,3.3394844787132002e-06,3.3394837369565783e-06,0.0,0.0,0.0,0.45,0.4500000099460112,3.332655822496785e-18
301.0,0.45000003064616745,0.4499999892458502,49.939559214486046,49.879118428972085,49.829021909150384,49.8275079401584,49.82750794021011,49.825993971166405,49.82599397126984,3.3394844787055913e-06,3.3394837369442696e-06,3.3394844787132074e-06,3.339483736956572e-06,0.0,0.0,0.0,0.45,0.4500000099460112,3.332655822496785e-18
302.0,0.45000003064616745,0.4499999892458502,49.939559214486046,49.879118428972085,49.829021909150384,49.8275079401584,49.82750794021011,49.825993971166405,49.82599397126984,3.3394844787055913e-06,3.3394837369442696e-06,3.339484478713232e-06,3.3394837369565474e-06,0.0,0.0,0.0,0.45,0.4500000099460112,3.332655822496785e-18
303.0,0.4500000306457475,0.44999998924627016,49.93955921448604,49.879118428972085,49.829021909150384,49.8275079401584,49.827507940210104,49.825993971166405,49.82599397126983,3.3394844787055913e-06,3.3394837369593167e-06,3.339484478713259e-06,3.3394837369562196e-06,0.0,0.0,0.0,0.45,0.4500000099460112,3.3326558224967844e-18
304.0,0.45000003064616745,0.4499999892458502,49.93955921448604,49.879118428972085,49.829021909150384,49.82750794015839,49.827507940210104,49.825993971166405,49.82599397126984,3.339484478720639e-06,3.3394837369593167e-06,3.339484478713222e-06,3.339483736956557e-06,0.0,0.0,0.0,0.45,0.4500000099460112,3.3326558224967844e-18
305.0,0.4500000306465875,0.4499999892454303,49.93955921448604,49.879118428972085,49.829021909150384,49.82750794015839,49.82750794021011,49.825993971166405,49.82599397126984,3.339484478720639e-06,3.3394837369442696e-06,3.339484478713195e-06,3.3394837369565838e-06,0.0,0.0,0.0,0.45,0.4500000099460112,3.3326558224967844e-18
306.0,0.4500000306465875,0.4499999892454303,49.93955921448604,49.879118428972085,49.829021909150384,49.82750794015839,49.82750794021011,49.825993971166405,49.82599397126984,3.339484478720639e-06,3.3394837369442696e-06,3.339484478713202e-06,3.3394837369565774e-06,0.0,0.0,0.0,0.45,0.4500000099460112,3.3326558224967844e-18
307.0,0.4500000306457476,0.44999998924627027,49.93955921448604,49.879118428972085,49.829021909150384,49.8275079401584,49.827507940210104,49.825993971166405,49.82599397126984,3.3394844787055913e-06,3.3394837369593167e-06,3.3394844787132295e-06,3.339483736956549e-06,0.0,0.0,0.0,0.45,0.4500000099460112,3.3326558224967844e-18
308.0,0.4500000306457476,0.44999998924627027,49.93955921448604,49.879118428972085,49.829021909150384,49.8275079401584,49.827507940210104,49.825993971166405,49.82599397126983,3.3394844787055913e-06,3.3394837369593167e-06,3.3394844787132557e-06,3.3394837369562246e-06,0.0,0.0,0.0,0.45,0.4500000099460112,3.3326558224967844e-18
309.0,0.45000003064574756,0.4499999892462702,49.939559214486046,49.879118428972085,49.829021909150384,49.8275079401584,49.827507940210104,49.825993971166405,49.82599397126984,3.3394844787055913e-06,3.3394837369593167e-06,3.3394844787132786e-06,3.3394837369565025e-06,0.0,0.0,0.0,0.45,0.4500000099460112,3.332655822496785e-18
310.0,0.4500000306461675,0.4499999892458503,49.939559214486046,49.879118428972085,49.829021909150384,49.8275079401584,49.82750794021011,49.825993971166405,49.82599397126984,3.3394844787055913e-06,3.3394837369442696e-06,3.3394844787132947e-06,3.3394837369564864e-06,0.0,0.0,0.0,0.45,0.4500000099460112,3.332655822496785e-18
311.0,0.4500000306461675,0.4499999892458503,49.939559214486046,49.879118428972085,49.829021909150384,49.8275079401584,49.82750794021011,49.825993971166405,49.82599397126983,3.3394844787055913e-06,3.3394837369442696e-06,3.3394844787133074e-06,3.3394837369561734e-06,0.0,0.0,0.0,0.45,0.4500000099460112,3.332655822496785e-18
312.0,0.4500000306465875,0.4499999892454303,49.939559214486046,49.879118428972085,49.829021909150384,49.82750794015839,49.82750794021011,49.825993971166405,49.82599397126983,3.339484478720639e-06,3.3394837369442696e-06,3.3394844787133184e-06,3.339483736956161e-06,0.0,0.0,0.0,0.45,0.4500000099460112,3.332655822496785e-18
313.0,0.45000003064616745,0.4499999892458502,49.93955921448604,49.879118428972085,49.829021909150384,49.82750794015839,49.827507940210104,49.825993971166405,49.82599397126983,3.339484478720639e-06,3.3394837369593167e-06,3.339484478713328e-06,3.339483736956151e-06,0.0,0.0,0.0,0.45,0.4500000099460112,3.3326558224967844e-18
314.0,0.4500000306461675,0.4499999892458503,49.93955921448604,49.879118428972085,49.829021909150384,49.82750794015839,49.827507940210104,49.825993971166405,49.82599397126984,3.339484478720639e-06,3.3394837369593167e-06,3.339484478713275e-06,3.3394837369565054e-06,0.0,0.0,0.0,0.45,0.4500000099460112,3.3326558224967844e-18
315.0,0.4500000306465875,0.4499999892454303,49.939559214486046,49.879118428972085,49.829021909150384,49.82750794015839,49.82750794021011,49.825993971166405,49.82599397126984,3.339484478720639e-06,3.3394837369442696e-06,3.3394844787132473e-06,3.3394837369565334e-06,0.0,0.0,0.0,0.45,0.4500000099460112,3.332655822496785e-18
316.0,0.4500000306461675,0.4499999892458503,49.939559214486046,49.879118428972085,49.829021909150384,49.82750794015839,49.827507940210104,49.825993971166405,49.82599397126984,3.339484478720639e-06,3.3394837369593167e-06,3.3394844787132557e-06,3.3394837369565245e-06,0.0,0.0,0.0,0.45,0.4500000099460112,3.332655822496785e-18
317.0,0.4500000306457475,0.44999998924627016,49.939559214486046,49.879118428972085,49.829021909150384,49.8275079401584,49.827507940210104,49.825993971166405,49.82599397126984,3.3394844787055913e-06,3.3394837369593167e-06,3.339484478713275e-06,3.3394837369565037e-06,0.0,0.0,0.0,0.45,0.4500000099460112,3.332655822496785e-18
318.0,0.4500000306457475,0.44999998924627016,49.93955921448604,49.879118428972085,49.829021909150384,49.8275079401584,49.827507940210104,49.825993971166405,49.82599397126983,3.3394844787055913e-06,3.3394837369593167e-06,3.3394844787132697e-06,3.339483736956209e-06,0.0,0.0,0.0,0.45,0.4500000099460112,3.3326558224967844e-18
319.0,0.45000003064574756,0.4499999892462702,49.93955921448604,49.879118428972085,49.829021909150384,49.8275079401584,49.827507940210104,49.825993971166405,49.82599397126984,3.3394844787055913e-06,3.3394837369593167e-06,3.3394844787132697e-06,3.339483736956509e-06,0.0,0.0,0.0,0.45,0.4500000099460112,3.3326558224967844e-18
320.0,0.4500000306461675,0.4499999892458503,49.93955921448604,49.879118428972085,49.829021909150384,49.8275079401584,49.82750794021011,49.825993971166405,49.82599397126984,3.3394844787055913e-06,3.3394837369442696e-06,3.339484478713287e-06,3.3394837369564927e-06,0.0,0.0,0.0,0.45,0.4500000099460112,3.3326558224967844e-18
321.0,0.45000003064616745,0.4499999892458502,49.93955921448604,49.879118428972085,49.829021909150384,49.8275079401584,49.82750794021011,49.825993971166405,49.82599397126983,3.3394844787055913e-06,3.3394837369442696e-06,3.3394844787133023e-06,3.339483736956178e-06,0.0,0.0,0.0,0.45,0.4500000099460112,3.3326558224967844e-18
322.0,0.4500000306457475,0.44999998924627016,49.939559214486046,49.879118428972085,49.829021909150384,49.8275079401584,49.827507940210104,49.825993971166405,49.82599397126983,3.3394844787055913e-06,3.3394837369593167e-06,3.3394844787133146e-06,3.3394837369561653e-06,0.0,0.0,0.0,0.45,0.4500000099460112,3.332655822496785e-18
323.0,0.45000003064574756,0.4499999892462702,49.939559214486046,49.879118428972085,49.829021909150384,49.8275079401584,49.827507940210104,49.825993971166405,49.82599397126983,3.3394844787055913e-06,3.3394837369593167e-06,3.3394844787133256e-06,3.339483736956153e-06,0.0,0.0,0.0,0.45,0.4500000099460112,3.332655822496785e-18
324.0,0.4500000306461675,0.4499999892458503,49.939559214486046,49.879118428972085,49.829021909150384,49.82750794015839,49.827507940210104,49.825993971166405,49.82599397126984,3.339484478720639e-06,3.3394837369593167e-06,3.3394844787132917e-06,3.339483736956489e-06,0.0,0.0,0.0,0.45,0.4500000099460112,3.332655822496785e-18
325.0,0.45000003064658756,0.44999998924543033,49.939559214486046,49.879118428972085,49.829021909150384,49.82750794015839,49.82750794021011,49.825993971166405,49.82599397126984,3.339484478720639e-06,3.3394837369442696e-06,3.3394844787132405e-06,3.3394837369565406e-06,0.0,0.0,0.0,0.45,0.4500000099460112,3.332655822496785e-18
326.0,0.45000003064616756,0.44999998924585033,49.939559214486046,49.879118428972085,49.829021909150384,49.82750794015839,49.827507940210104,49.825993971166405,49.82599397126984,3.339484478720639e-06,3.3394837369593167e-06,3.339484478713195e-06,3.3394837369565838e-06,0.0,0.0,0.0,0.45,0.4500000099460112,3.332655822496785e-18
327.0,0.45000003064574756,0.4499999892462702,49.93955921448604,49.879118428972085,49.829021909150384,49.8275079401584,49.827507940210104,49.825993971166405,49.82599397126984,3.3394844787055913e-06,3.3394837369593167e-06,3.339484478713159e-06,3.339483736956619e-06,0.0,0.0,0.0,0.45,0.4500000099460112,3.3326558224967844e-18
328.0,0.4500000306461675,0.4499999892458503,49.93955921448604,49.879118428972085,49.829021909150384,49.82750794015839,49.827507940210104,49.825993971166405,49.82599397126983,3.339484478720639e-06,3.3394837369593167e-06,3.3394844787131282e-06,3.339483736956351e-06,0.0,0.0,0.0,0.45,0.4500000099460112,3.3326558224967844e-18
329.0,0.4500000306457475,0.44999998924627016,49.93955921448604,49.879118428972085,49.829021909150384,49.8275079401584,49.827507940210104,49.825993971166405,49.82599397126984,3.3394844787055913e-06,3.3394837369593167e-06,3.339484478713145e-06,3.3394837369566346e-06,0.0,0.0,0.0,0.45,0.4500000099460112,3.3326558224967844e-18
330.0,0.45000003064616745,0.4499999892458502,49.93955921448604,49.879118428972085,49.829021909150384,49.8275079401584,49.82750794021011,49.825993971166405,49.82599397126984,3.3394844787055913e-06,3.3394837369442696e-06,3.339484478713179e-06,3.3394837369566003e-06,0.0,0.0,0.0,0.45,0.4500000099460112,3.3326558224967844e-18
331.0,0.4500000306461675,0.4499999892458503,49.93955921448604,49.879118428972085,49.829021909150384,49.8275079401584,49.82750794021011,49.825993971166405,49.82599397126983,3.3394844787055913e-06,3.3394837369442696e-06,3.33948447871321e-06,3.339483736956271e-06,0.0,0.0,0.0,0.45,0.4500000099460112,3.3326558224967844e-18
332.0,0.4500000306465875,0.4499999892454303,49.93955921448604,49.879118428972085,49.829021909150384,49.82750794015839,49.82750794021011,49.825993971166405,49.82599397126983,3.339484478720639e-06,3.3394837369442696e-06,3.3394844787132362e-06,3.3394837369562454e-06,0.0,0.0,0.0,0.45,0.4500000099460112,3.3326558224967844e-18
333.0,0.4500000306461675,0.4499999892458503,49.93955921448604,49.879118428972085,49.829021909150384,49.82750794015839,49.827507940210104,49.825993971166405,49.82599397126983,3.339484478720639e-06,3.3394837369593167e-06,3.3394844787132583e-06,3.3394837369562246e-06,0.0,0.0,0.0,0.45,0.4500000099460112,3.3326558224967844e-18
334.0,0.4500000306461675,0.4499999892458503,49.939559214486046,49.879118428972085,49.829021909150384,49.82750794015839,49.827507940210104,49.825993971166405,49.82599397126984,3.339484478720639e-06,3.3394837369593167e-06,3.3394844787132134e-06,3.3394837369565664e-06,0.0,0.0,0.0,0.45,0.4500000099460112,3.332655822496785e-18
335.0,0.45000003064658756,0.44999998924543033,49.939559214486046,49.879118428972085,49.829021909150384,49.82750794015839,49.82750794021011,49.825993971166405,49.82599397126984,3.339484478720639e-06,3.3394837369442696e-06,3.3394844787131935e-06,3.339483736956585e-06,0.0,0.0,0.0,0.45,0.4500000099460112,3.332655822496785e-18
336.0,0.4500000306457476,0.44999998924627027,49.939559214486046,49.879118428972085,49.829021909150384,49.8275079401584,49.827507940210104,49.825993971166405,49.82599397126984,3.3394844787055913e-06,3.3394837369593167e-06,3.3394844787132125e-06,3.3394837369565677e-06,0.0,0.0,0.0,0.45,0.4500000099460112,3.332655822496785e-18
337.0,0.4500000306457476,0.44999998924627027,49.939559214486046,49.879118428972085,49.829021909150384,49.8275079401584,49.827507940210104,49.825993971166405,49.82599397126983,3.3394844787055913e-06,3.3394837369593167e-06,3.3394844787132362e-06,3.3394837369562437e-06,0.0,0.0,0.0,0.45,0.4500000099460112,3.332655822496785e-18
338.0,0.4500000306457476,0.44999998924627027,49.939559214486046,49.879118428972085,49.829021909150384,49.8275079401584,49.827507940210104,49.825993971166405,49.82599397126983,3.3394844787055913e-06,3.3394837369593167e-06,3.3394844787132362e-06,3.3394837369562437e-06,0.0,0.0,0.0,0.45,0.4500000099460112,3.332655822496785e-18
339.0,0.45000003064616756,0.44999998924585033,49.939559214486046,49.879118428972085,49.829021909150384,49.82750794015839,49.827507940210104,49.825993971166405,49.82599397126984,3.339484478720639e-06,3.3394837369593167e-06,3.3394844787131854e-06,3.3394837369565935e-06,0.0,0.0,0.0,0.45,0.4500000099460112,3.332655822496785e-18
340.0,0.4500000306465875,0.4499999892454303,49.939559214486046,49.879118428972085,49.829021909150384,49.82750794015839,49.82750794021011,49.825993971166405,49.82599397126984,3.339484478720639e-06,3.3394837369442696e-06,3.3394844787131642e-06,3.339483736956615e-06,0.0,0.0,0.0,0.45,0.4500000099460112,3.332655822496785e-18
341.0,0.45000003064616756,0.44999998924585033,49.939559214486046,49.879118428972085,49.829021909150384,49.8275079401584,49.82750794021011,49.825993971166405,49.82599397126984,3.3394844787055913e-06,3.3394837369442696e-06,3.3394844787131765e-06,3.339483736956603e-06,0.0,0.0,0.0,0.45,0.4500000099460112,3.332655822496785e-18
342.0,0.4500000306457476,0.44999998924627027,49.939559214486046,49.879118428972085,49.829021909150384,49.8275079401584,49.827507940210104,49.825993971166405,49.82599397126984,3.3394844787055913e-06,3.3394837369593167e-06,3.339484478713205e-06,3.3394837369565745e-06,0.0,0.0,0.0,0.45,0.4500000099460112,3.332655822496785e-18
343.0,0.4500000306457477,0.4499999892462703,49.939559214486046,49.879118428972085,49.829021909150384,49.8275079401584,49.827507940210104,49.825993971166405,49.82599397126983,3.3394844787055913e-06,3.3394837369593167e-06,3.3394844787132362e-06,3.3394837369562437e-06,0.0,0.0,0.0,0.45,0.4500000099460112,3.332655822496785e-18
344.0,0.4500000306457475,0.44999998924627016,49.93955921448604,49.879118428972085,49.829021909150384,49.8275079401584,49.827507940210104,49.825993971166405,49.82599397126984,3.3394844787055913e-06,3.3394837369593167e-06,3.3394844787132604e-06,3.3394837369565194e-06,0.0,0.0,0.0,0.45,0.4500000099460112,3.3326558224967844e-18
345.0,0.4500000306461674,0.44999998924585016,49.93955921448604,49.879118428972085,49.829021909150384,49.8275079401584,49.82750794021011,49.825993971166405,49.82599397126984,3.3394844787055913e-06,3.3394837369442696e-06,3.3394844787132794e-06,3.3394837369565016e-06,0.0,0.0,0.0,0.45,0.4500000099460112,3.3326558224967844e-18
346.0,0.45000003064616745,0.4499999892458502,49.93955921448604,49.879118428972085,49.829021909150384,49.8275079401584,49.82750794021011,49.825993971166405,49.82599397126983,3.3394844787055913e-06,3.3394837369442696e-06,3.3394844787132947e-06,3.339483736956185e-06,0.0,0.0,0.0,0.45,0.4500000099460112,3.3326558224967844e-18
347.0,0.4500000306461675,0.4499999892458503,49.93955921448604,49.879118428972085,49.829021909150384,49.82750794015839,49.827507940210104,49.825993971166405,49.82599397126983,3.339484478720639e-06,3.3394837369593167e-06,3.33948447871331e-06,3.339483736956172e-06,0.0,0.0,0.0,0.45,0.4500000099460112,3.3326558224967844e-18
348.0,0.45000003064658745,0.4499999892454302,49.93955921448604,49.879118428972085,49.829021909150384,49.82750794015839,49.82750794021011,49.825993971166405,49.82599397126983,3.339484478720639e-06,3.3394837369442696e-06,3.3394844787133184e-06,3.339483736956161e-06,0.0,0.0,0.0,0.45,0.4500000099460112,3.3326558224967844e-18
349.0,0.45000003064574756,0.4499999892462702,49.93955921448604,49.879118428972085,49.829021909150384,49.8275079401584,49.827507940210104,49.825993971166405,49.82599397126983,3.3394844787055913e-06,3.3394837369593167e-06,3.339484478713328e-06,3.339483736956151e-06,0.0,0.0,0.0,0.45,0.4500000099460112,3.3326558224967844e-18
350.0,0.4500000306457822,0.44999998924630485,49.93955921448604,49.879118428972085,49.829021909150384,49.8275079401584,49.827507940210104,49.825993971166405,49.82599397126984,3.3394844787055913e-06,3.3394837369593167e-06,3.3394844787133036e-06,3.339483736956479e-06,0.0,0.0,0.0,0.45,0.4500000099460118,3.3326558224967844e-18
351.0,0.4500000306461324,0.4499999892458152,49.93955921448604,49.879118428972085,49.829021909150384,49.82750794015839,49.827507940210104,49.825993971166405,49.82599397126983,3.339484478720639e-06,3.3394837369593167e-06,3.3394844787133184e-06,3.3394837369561683e-06,0.0,0.0,0.0,0.45,0.45000000994601086,3.3326558224967844e-18
352.0,0.45000003064617133,0.4499999892458541,49.939559214486046,49.879118428972085,49.829021909150384,49.82750794015839,49.827507940210104,49.825993971166405,49.82599397126984,3.339484478720639e-06,3.3394837369593167e-06,3.3394844787132545e-06,3.339483736956532e-06,0.0,0.0,0.0,0.45,0.45000000994601125,3.332655822496785e-18
353.0,0.45000003064619004,0.4499999892458728,49.939559214486046,49.879118428972085,49.829021909150384,49.82750794015839,49.827507940210104,49.825993971166405,49.82599397126984,3.339484478720639e-06,3.3394837369593167e-06,3.3394844787132257e-06,3.339483736956561e-06,0.0,0.0,0.0,0.45,0.4500000099460115,3.332655822496785e-18
354.0,0.45000003064617555,0.4499999892458583,49.939559214486046,49.879118428972085,49.829021909150384,49.82750794015839,49.827507940210104,49.825993971166405,49.82599397126983,3.339484478720639e-06,3.3394837369593167e-06,3.3394844787131854e-06,3.3394837369563043e-06,0.0,0.0,0.0,0.45,0.4500000099460113,3.332655822496785e-18
355.0,0.450000030645737,0.44999998924625967,49.93955921448604,49.879118428972085,49.829021909150384,49.8275079401584,49.827507940210104,49.825993971166405,49.82599397126983,3.3394844787055913e-06,3.3394837369593167e-06,3.339484478713068e-06,3.3394837369564343e-06,0.0,0.0,0.0,0.45,0.450000009946011,3.3326558224967844e-18
356.0,0.4500000306461634,0.44999998924584617,49.93955921448604,49.879118428972085,49.829021909150384,49.82750794015839,49.827507940210104,49.825993971166405,49.82599397126983,3.339484478720639e-06,3.3394837369593167e-06,3.33948447871281e-06,3.3394837369567142e-06,0.0,0.0,0.0,0.45,0.45000000994601114,3.3326558224967844e-18
357.0,0.4500000306457475,0.44999998924627016,49.939559214486046,49.879118428972085,49.829021909150384,49.8275079401584,49.827507940210104,49.825993971166405,49.82599397126984,3.3394844787055913e-06,3.3394837369593167e-06,3.3394844787128466e-06,3.3394837369569743e-06,0.0,0.0,0.0,0.45,0.4500000099460112,3.332655822496785e-18
358.0,0.4500000306461674,0.44999998924585016,49.939559214486046,49.879118428972085,49.829021909150384,49.8275079401584,49.82750794021011,49.825993971166405,49.82599397126984,3.3394844787055913e-06,3.3394837369442696e-06,3.339484478712916e-06,3.3394837369569e-06,0.0,0.0,0.0,0.45,0.4500000099460112,3.332655822496785e-18
359.0,0.45000003064616745,0.4499999892458502,49.93955921448604,49.879118428972085,49.829021909150384,49.8275079401584,49.82750794021011,49.825993971166405,49.82599397126984,3.3394844787055913e-06,3.3394837369442696e-06,3.339484478712976e-06,3.339483736956834e-06,0.0,0.0,0.0,0.45,0.4500000099460112,3.3326558224967844e-18
360.0,0.4500000306461675,0.4499999892458503,49.93955921448604,49.879118428972085,49.829021909150384,49.82750794015839,49.827507940210104,49.825993971166405,49.82599397126984,3.339484478720639e-06,3.3394837369593167e-06,3.3394844787130385e-06,3.3394837369567655e-06,0.0,0.0,0.0,0.45,0.4500000099460112,3.3326558224967844e-18
361.0,0.45000003064616745,0.4499999892458502,49.939559214486046,49.879118428972085,49.829021909150384,49.82750794015839,49.827507940210104,49.825993971166405,49.82599397126983,3.339484478720639e-06,3.3394837369593167e-06,3.3394844787131244e-06,3.3394837369563754e-06,0.0,0.0,0.0,0.45,0.4500000099460112,3.332655822496785e-18
362.0,0.4500000306461675,0.4499999892458503,49.939559214486046,49.879118428972085,49.829021909150384,49.82750794015839,49.827507940210104,49.825993971166405,49.82599397126984,3.339484478720639e-06,3.3394837369593167e-06,3.339484478713096e-06,3.3394837369567e-06,0.0,0.0,0.0,0.45,0.4500000099460112,3.332655822496785e-18
363.0,0.45000003064616756,0.44999998924585033,49.93955921448604,49.879118428972085,49.829021909150384,49.82750794015839,49.827507940210104,49.825993971166405,49.82599397126984,3.339484478720639e-06,3.3394837369593167e-06,3.3394844787131007e-06,3.339483736956693e-06,0.0,0.0,0.0,0.45,0.4500000099460112,3.3326558224967844e-18
364.0,0.45000003064616756,0.44999998924585033,49.93955921448604,49.879118428972085,49.829021909150384,49.82750794015839,49.827507940210104,49.825993971166405,49.82599397126984,3.339484478720639e-06,3.3394837369593167e-06,3.3394844787131363e-06,3.3394837369566545e-06,0.0,0.0,0.0,0.45,0.4500000099460112,3.3326558224967844e-18
365.0,0.4500000306457476,0.44999998924627027,49.939559214486046,49.879118428972085,49.829021909150384,49.8275079401584,49.827507940210104,49.825993971166405,49.82599397126983,3.3394844787055913e-06,3.3394837369593167e-06,3.339484478713171e-06,3.3394837369563195e-06,0.0,0.0,0.0,0.45,0.4500000099460112,3.332655822496785e-18
366.0,0.45000003064574756,0.4499999892462702,49.939559214486046,49.879118428972085,49.829021909150384,49.8275079401584,49.827507940210104,49.825993971166405,49.82599397126983,3.3394844787055913e-06,3.3394837369593167e-06,3.3394844787131753e-06,3.3394837369563195e-06,0.0,0.0,0.0,0.45,0.4500000099460112,3.332655822496785e-18
367.0,0.45000003064574756,0.4499999892462702,49.939559214486046,49.879118428972085,49.829021909150384,49.8275079401584,49.827507940210104,49.825993971166405,49.82599397126984,3.3394844787055913e-06,3.3394837369593167e-06,3.339484478713202e-06,3.339483736956587e-06,0.0,0.0,0.0,0.45,0.4500000099460112,3.332655822496785e-18
368.0,0.4500000306461675,0.4499999892458503,49.939559214486046,49.879118428972085,49.829021909150384,49.8275079401584,49.82750794021011,49.825993971166405,49.82599397126984,3.3394844787055913e-06,3.3394837369442696e-06,3.339484478713222e-06,3.3394837369565664e-06,0.0,0.0,0.0,0.45,0.4500000099460112,3.332655822496785e-18
369.0,0.45000003064616745,0.4499999892458502,49.93955921448604,49.879118428972085,49.829021909150384,49.8275079401584,49.82750794021011,49.825993971166405,49.82599397126983,3.3394844787055913e-06,3.3394837369442696e-06,3.3394844787132362e-06,3.339483736956249e-06,0.0,0.0,0.0,0.45,0.4500000099460112,3.3326558224967844e-18
370.0,0.45000003064616745,0.4499999892458502,49.93955921448604,49.879118428972085,49.829021909150384,49.82750794015839,49.827507940210104,49.825993971166405,49.82599397126983,3.339484478720639e-06,3.3394837369593167e-06,3.339484478713262e-06,3.3394837369562246e-06,0.0,0.0,0.0,0.45,0.4500000099460112,3.3326558224967844e-18
371.0,0.45000003064574745,0.4499999892462701,49.939559214486046,49.879118428972085,49.829021909150384,49.8275079401584,49.827507940210104,49.825993971166405,49.82599397126983,3.3394844787055913e-06,3.3394837369593167e-06,3.3394844787133163e-06,3.3394837369561653e-06,0.0,0.0,0.0,0.45,0.4500000099460112,3.332655822496785e-18
372.0,0.45000003064616756,0.44999998924585033,49.939559214486046,49.879118428972085,49.829021909150384,49.82750794015839,49.827507940210104,49.825993971166405,49.82599397126984,3.339484478720639e-06,3.3394837369593167e-06,3.3394844787132786e-06,3.3394837369565037e-06,0.0,0.0,0.0,0.45,0.4500000099460112,3.332655822496785e-18
373.0,0.45000003064658756,0.44999998924543033,49.939559214486046,49.879118428972085,49.829021909150384,49.82750794015839,49.82750794021011,49.825993971166405,49.82599397126984,3.339484478720639e-06,3.3394837369442696e-06,3.339484478713227e-06,3.3394837369565516e-06,0.0,0.0,0.0,0.45,0.4500000099460112,3.332655822496785e-18
374.0,0.4500000306461675,0.4499999892458503,49.939559214486046,49.879118428972085,49.829021909150384,49.82750794015839,49.827507940210104,49.825993971166405,49.82599397126984,3.339484478720639e-06,3.3394837369593167e-06,3.3394844787131854e-06,3.3394837369565952e-06,0.0,0.0,0.0,0.45,0.4500000099460112,3.332655822496785e-18
375.0,0.4500000306461675,0.4499999892458503,49.939559214486046,49.879118428972085,49.829021909150384,49.82750794015839,49.827507940210104,49.825993971166405,49.82599397126983,3.339484478720639e-06,3.3394837369593167e-06,3.33948447871315e-06,3.339483736956331e-06,0.0,0.0,0.0,0.45,0.4500000099460112,3.332655822496785e-18
376.0,0.4500000306461675,0.4499999892458503,49.93955921448604,49.879118428972085,49.829021909150384,49.82750794015839,49.827507940210104,49.825993971166405,49.82599397126983,3.339484478720639e-06,3.3394837369593167e-06,3.339484478713119e-06,3.3394837369563614e-06,0.0,0.0,0.0,0.45,0.4500000099460112,3.3326558224967844e-18
377.0,0.4500000306461675,0.4499999892458503,49.93955921448604,49.879118428972085,49.829021909150384,49.82750794015839,49.827507940210104,49.825993971166405,49.82599397126984,3.339484478720639e-06,3.3394837369593167e-06,3.3394844787130817e-06,3.3394837369567e-06,0.0,0.0,0.0,0.45,0.4500000099460112,3.3326558224967844e-18
378.0,0.4500000306465875,0.4499999892454303,49.93955921448604,49.879118428972085,49.829021909150384,49.82750794015839,49.82750794021011,49.825993971166405,49.82599397126984,3.339484478720639e-06,3.3394837369442696e-06,3.3394844787130817e-06,3.3394837369566973e-06,0.0,0.0,0.0,0.45,0.4500000099460112,3.3326558224967844e-18
379.0,0.4500000306461675,0.4499999892458503,49.93955921448604,49.879118428972085,49.829021909150384,49.8275079401584,49.82750794021011,49.825993971166405,49.82599397126984,3.3394844787055913e-06,3.3394837369442696e-06,3.33948447871311e-06,3.3394837369566693e-06,0.0,0.0,0.0,0.45,0.4500000099460112,3.3326558224967844e-18
380.0,0.45000003064574756,0.4499999892462702,49.93955921448604,49.879118428972085,49.829021909150384,49.8275079401584,49.827507940210104,49.825993971166405,49.82599397126984,3.3394844787055913e-06,3.3394837369593167e-06,3.3394844787131515e-06,3.339483736956628e-06,0.0,0.0,0.0,0.45,0.4500000099460112,3.3326558224967844e-18
381.0,0.4500000306457475,0.44999998924627016,49.939559214486046,49.879118428972085,49.829021909150384,49.8275079401584,49.827507940210104,49.825993971166405,49.82599397126983,3.3394844787055913e-06,3.3394837369593167e-06,3.3394844787131897e-06,3.3394837369562873e-06,0.0,0.0,0.0,0.45,0.4500000099460112,3.332655822496785e-18
382.0,0.4500000306461675,0.4499999892458503,49.939559214486046,49.879118428972085,49.829021909150384,49.82750794015839,49.827507940210104,49.825993971166405,49.82599397126984,3.339484478720639e-06,3.3394837369593167e-06,3.33948447871315e-06,3.339483736956628e-06,0.0,0.0,0.0,0.45,0.4500000099460112,3.332655822496785e-18
383.0,0.45000003064658756,0.44999998924543033,49.939559214486046,49.879118428972085,49.829021909150384,49.82750794015839,49.82750794021011,49.825993971166405,49.82599397126984,3.339484478720639e-06,3.3394837369442696e-06,3.339484478713141e-06,3.339483736956636e-06,0.0,0.0,0.0,0.45,0.4500000099460112,3.332655822496785e-18
384.0,0.4500000306457476,0.44999998924627027,49.939559214486046,49.879118428972085,49.829021909150384,49.8275079401584,49.827507940210104,49.825993971166405,49.82599397126984,3.3394844787055913e-06,3.3394837369593167e-06,3.33948447871316e-06,3.339483736956617e-06,0.0,0.0,0.0,0.45,0.4500000099460112,3.332655822496785e-18
385.0,0.4500000306457476,0.44999998924627027,49.939559214486046,49.879118428972085,49.829021909150384,49.8275079401584,49.827507940210104,49.825993971166405,49.82599397126984,3.3394844787055913e-06,3.3394837369593167e-06,3.3394844787131943e-06,3.3394837369565838e-06,0.0,0.0,0.0,0.45,0.4500000099460112,3.332655822496785e-18
386.0,0.4500000306457476,0.44999998924627027,49.939559214486046,49.879118428972085,49.829021909150384,49.8275079401584,49.827507940210104,49.825993971166405,49.82599397126984,3.3394844787055913e-06,3.3394837369593167e-06,3.339484478713227e-06,3.339483736956549e-06,0.0,0.0,0.0,0.45,0.4500000099460112,3.332655822496785e-18
387.0,0.45000003064616756,0.44999998924585033,49.93955921448604,49.879118428972085,49.829021909150384,49.8275079401584,49.82750794021011,49.825993971166405,49.82599397126984,3.3394844787055913e-06,3.3394837369442696e-06,3.3394844787132515e-06,3.339483736956527e-06,0.0,0.0,0.0,0.45,0.4500000099460112,3.3326558224967844e-18
388.0,0.4500000306461675,0.4499999892458503,49.93955921448604,49.879118428972085,49.829021909150384,49.8275079401584,49.82750794021011,49.825993971166405,49.82599397126983,3.3394844787055913e-06,3.3394837369442696e-06,3.3394844787132697e-06,3.339483736956206e-06,0.0,0.0,0.0,0.45,0.4500000099460112,3.3326558224967844e-18
389.0,0.45000003064658745,0.4499999892454302,49.93955921448604,49.879118428972085,49.829021909150384,49.82750794015839,49.82750794021011,49.825993971166405,49.82599397126983,3.339484478720639e-06,3.3394837369442696e-06,3.339484478713288e-06,3.3394837369561903e-06,0.0,0.0,0.0,0.45,0.4500000099460112,3.3326558224967844e-18
390.0,0.4500000306465874,0.44999998924543017,49.939559214486046,49.879118428972085,49.829021909150384,49.82750794015839,49.82750794021011,49.825993971166405,49.82599397126983,3.339484478720639e-06,3.3394837369442696e-06,3.3394844787133006e-06,3.3394837369561755e-06,0.0,0.0,0.0,0.45,0.4500000099460112,3.332655822496785e-18
391.0,0.4500000306461672,0.44999998924585,49.939559214486046,49.879118428972085,49.829021909150384,49.82750794015839,49.827507940210104,49.825993971166405,49.82599397126983,3.339484478720639e-06,3.3394837369593167e-06,3.339484478713314e-06,3.339483736956161e-06,0.0,0.0,0.0,0.45,0.4500000099460112,3.332655822496785e-18
392.0,0.4500000306461675,0.4499999892458503,49.93955921448604,49.879118428972085,49.829021909150384,49.82750794015839,49.827507940210104,49.825993971166405,49.82599397126984,3.339484478720639e-06,3.3394837369593167e-06,3.339484478713267e-06,3.339483736956508e-06,0.0,0.0,0.0,0.45,0.4500000099460112,3.3326558224967844e-18
393.0,0.45000003064658756,0.44999998924543033,49.93955921448604,49.879118428972085,49.829021909150384,49.82750794015839,49.82750794021011,49.825993971166405,49.82599397126984,3.339484478720639e-06,3.3394837369442696e-06,3.3394844787132197e-06,3.3394837369565546e-06,0.0,0.0,0.0,0.45,0.4500000099460112,3.3326558224967844e-18
394.0,0.45000003064616756,0.44999998924585033,49.93955921448604,49.879118428972085,49.829021909150384,49.82750794015839,49.827507940210104,49.825993971166405,49.82599397126984,3.339484478720639e-06,3.3394837369593167e-06,3.339484478713179e-06,3.339483736956597e-06,0.0,0.0,0.0,0.45,0.4500000099460112,3.3326558224967844e-18
395.0,0.4500000306461675,0.4499999892458503,49.93955921448604,49.879118428972085,49.829021909150384,49.82750794015839,49.827507940210104,49.825993971166405,49.82599397126984,3.339484478720639e-06,3.3394837369593167e-06,3.339484478713145e-06,3.339483736956632e-06,0.0,0.0,0.0,0.45,0.4500000099460112,3.3326558224967844e-18
396.0,0.4500000306461675,0.4499999892458503,49.93955921448604,49.879118428972085,49.829021909150384,49.82750794015839,49.827507940210104,49.825993971166405,49.82599397126984,3.339484478720639e-06,3.3394837369593167e-06,3.3394844787131143e-06,3.339483736956664e-06,0.0,0.0,0.0,0.45,0.4500000099460112,3.3326558224967844e-18
397.0,0.4500000306465875,0.4499999892454303,49.93955921448604,49.879118428972085,49.829021909150384,49.82750794015839,49.82750794021011,49.825993971166405,49.82599397126984,3.339484478720639e-06,3.3394837369442696e-06,3.3394844787130893e-06,3.3394837369566875e-06,0.0,0.0,0.0,0.45,0.4500000099460112,3.3326558224967844e-18
398.0,0.45000003064658745,0.4499999892454302,49.93955921448604,49.879118428972085,49.829021909150384,49.82750794015839,49.82750794021011,49.825993971166405,49.82599397126984,3.339484478720639e-06,3.3394837369442696e-06,3.3394844787130673e-06,3.3394837369567117e-06,0.0,0.0,0.0,0.45,0.4500000099460112,3.3326558224967844e-18
399.0,0.45000003064658745,0.4499999892454302,49.93955921448604,49.879118428972085,49.829021909150384,49.82750794015839,49.82750794021011,49.825993971166405,49.82599397126984,3.339484478720639e-06,3.3394837369442696e-06,3.3394844787130486e-06,3.3394837369567295e-06,0.0,0.0,0.0,0.45,0.4500000099460112,3.3326558224967844e-18
400.0,0.45000003064616745,0.4499999892458502,49.93955921448604,49.879118428972085,49.829021909150384,49.82750794015839,49.827507940210104,49.825993971166405,49.82599397126984,3.339484478720639e-06,3.3394837369593167e-06,3.3394844787130317e-06,3.339483736956745e-06,0.0,0.0,0.0,0.45,0.4500000099460112,3.3326558224967844e-18
401.0,0.4500000306461675,0.4499999892458503,49.93955921448604,49.879118428972085,49.829021909150384,49.82750794015839,49.827507940210104,49.825993971166405,49.82599397126984,3.339484478720639e-06,3.3394837369593167e-06,3.3394844787130164e-06,3.3394837369567604e-06,0.0,0.0,0.0,0.45,0.4500000099460112,3.3326558224967844e-18
402.0,0.4500000306462314,0.44999998924675405,49.93955921448604,49.879118428972085,49.829021909150384,49.8275079401584,49.827507940210104,49.825993971166405,49.82599397126984,3.3394844787055913e-06,3.3394837369593167e-06,3.3394844787131007e-06,3.3394837369567528e-06,0.0,0.0,0.0,0.45,0.45000000994602257,3.3326558224967844e-18
403.0,0.4500000306453434,0.44999998924502616,49.939559214486046,49.879118428972085,49.829021909150384,49.82750794015839,49.827507940210104,49.825993971166405,49.82599397126984,3.339484478720639e-06,3.3394837369593167e-06,3.339484478713143e-06,3.3394837369567117e-06,0.0,0.0,0.0,0.45,0.45000000994598965,3.332655822496785e-18
404.0,0.4500000306461471,0.44999998924582985,49.939559214486046,49.879118428972085,49.829021909150384,49.82750794015839,49.827507940210104,49.825993971166405,49.82599397126983,3.339484478720639e-06,3.3394837369593167e-06,3.339484478713166e-06,3.339483736956371e-06,0.0,0.0,0.0,0.45,0.4500000099460111,3.332655822496785e-18
405.0,0.4500000306461591,0.4499999892466818,49.93955921448604,49.879118428972085,49.829021909150384,49.8275079401584,49.827507940210104,49.825993971166405,49.82599397126983,3.3394844787055913e-06,3.3394837369593167e-06,3.3394844787132163e-06,3.33948373695631e-06,0.0,0.0,0.0,0.45,0.45000000994602174,3.3326558224967844e-18
406.0,0.4500000306461709,0.44999998924585366,49.93955921448604,49.879118428972085,49.829021909150384,49.82750794015839,49.827507940210104,49.825993971166405,49.82599397126984,3.339484478720639e-06,3.3394837369593167e-06,3.339484478713222e-06,3.3394837369565986e-06,0.0,0.0,0.0,0.45,0.4500000099460112,3.3326558224967844e-18
407.0,0.45000003064657706,0.44999998924541984,49.93955921448604,49.879118428972085,49.829021909150384,49.82750794015839,49.82750794021011,49.825993971166405,49.82599397126984,3.339484478720639e-06,3.3394837369442696e-06,3.3394844787131765e-06,3.33948373695664e-06,0.0,0.0,0.0,0.45,0.4500000099460112,3.3326558224967844e-18
408.0,0.45000003064616173,0.4499999892458445,49.939559214486046,49.879118428972085,49.829021909150384,49.82750794015839,49.827507940210104,49.825993971166405,49.82599397126984,3.339484478720639e-06,3.3394837369593167e-06,3.3394844787131295e-06,3.3394837369566795e-06,0.0,0.0,0.0,0.45,0.4500000099460112,3.332655822496785e-18
409.0,0.4500000306457513,0.44999998924627393,49.939559214486046,49.879118428972085,49.829021909150384,49.8275079401584,49.827507940210104,49.825993971166405,49.82599397126983,3.3394844787055913e-06,3.3394837369593167e-06,3.3394844787131007e-06,3.339483736956404e-06,0.0,0.0,0.0,0.45,0.4500000099460112,3.332655822496785e-18
410.0,0.450000030645752,0.44999998924627466,49.939559214486046,49.879118428972085,49.829021909150384,49.8275079401584,49.827507940210104,49.825993971166405,49.82599397126983,3.3394844787055913e-06,3.3394837369593167e-06,3.339484478713107e-06,3.339483736956396e-06,0.0,0.0,0.0,0.45,0.4500000099460112,3.332655822496785e-18
411.0,0.4500000306457476,0.44999998924627027,49.939559214486046,49.879118428972085,49.829021909150384,49.8275079401584,49.827507940210104,49.825993971166405,49.82599397126984,3.3394844787055913e-06,3.3394837369593167e-06,3.339484478713145e-06,3.3394837369566545e-06,0.0,0.0,0.0,0.45,0.4500000099460112,3.332655822496785e-18
412.0,0.4500000306461674,0.44999998924585016,49.939559214486046,49.879118428972085,49.829021909150384,49.8275079401584,49.82750794021011,49.825993971166405,49.82599397126984,3.3394844787055913e-06,3.3394837369442696e-06,3.339484478713179e-06,3.339483736956617e-06,0.0,0.0,0.0,0.45,0.4500000099460112,3.332655822496785e-18
413.0,0.45000003064616745,0.4499999892458502,49.939559214486046,49.879118428972085,49.829021909150384,49.8275079401584,49.82750794021011,49.825993971166405,49.82599397126984,3.3394844787055913e-06,3.3394837369442696e-06,3.33948447871321e-06,3.3394837369565838e-06,0.0,0.0,0.0,0.45,0.4500000099460112,3.332655822496785e-18
414.0,0.45000003064574756,0.4499999892462702,49.93955921448604,49.879118428972085,49.829021909150384,49.8275079401584,49.827507940210104,49.825993971166405,49.82599397126984,3.3394844787055913e-06,3.3394837369593167e-06,3.3394844787132362e-06,3.3394837369565546e-06,0.0,0.0,0.0,0.45,0.4500000099460112,3.3326558224967844e-18
415.0,0.4500000306461675,0.4499999892458503,49.93955921448604,49.879118428972085,49.829021909150384,49.82750794015839,49.827507940210104,49.825993971166405,49.82599397126983,3.339484478720639e-06,3.3394837369593167e-06,3.339484478713259e-06,3.339483736956231e-06,0.0,0.0,0.0,0.45,0.4500000099460112,3.3326558224967844e-18
416.0,0.4500000306460847,0.44999998924660733,49.93955921448604,49.879118428972085,49.829021909150384,49.8275079401584,49.827507940210104,49.825993971166405,49.82599397126983,3.3394844787055913e-06,3.3394837369593167e-06,3.3394844787132786e-06,3.3394837369562115e-06,0.0,0.0,0.0,0.45,0.4500000099460109,3.3326558224967844e-18
417.0,0.4500000306460782,0.44999998924576096,49.93955921448604,49.879118428972085,49.829021909150384,49.82750794015839,49.827507940210104,49.825993971166405,49.82599397126983,3.339484478720639e-06,3.3394837369593167e-06,3.339484478713263e-06,3.3394837369562153e-06,0.0,0.0,0.0,0.45,0.4500000099460098,3.3326558224967844e-18
418.0,0.45000003064616656,0.44999998924584933,49.93955921448604,49.879118428972085,49.829021909150384,49.82750794015839,49.827507940210104,49.825993971166405,49.82599397126984,3.339484478720639e-06,3.3394837369593167e-06,3.3394844787132405e-06,3.339483736956538e-06,0.0,0.0,0.0,0.45,0.4500000099460112,3.3326558224967844e-18
419.0,0.45000003064617555,0.4499999892458583,49.93955921448604,49.879118428972085,49.829021909150384,49.82750794015839,49.827507940210104,49.825993971166405,49.82599397126984,3.339484478720639e-06,3.3394837369593167e-06,3.339484478713275e-06,3.3394837369565054e-06,0.0,0.0,0.0,0.45,0.4500000099460112,3.3326558224967844e-18
420.0,0.4500000306461714,0.44999998924585416,49.93955921448604,49.879118428972085,49.829021909150384,49.82750794015839,49.827507940210104,49.825993971166405,49.82599397126984,3.339484478720639e-06,3.3394837369593167e-06,3.339484478713259e-06,3.339483736956526e-06,0.0,0.0,0.0,0.45,0.4500000099460112,3.3326558224967844e-18
421.0,0.4500000306461643,0.44999998924584705,49.93955921448604,49.879118428972085,49.829021909150384,49.82750794015839,49.827507940210104,49.825993971166405,49.82599397126983,3.339484478720639e-06,3.3394837369593167e-06,3.3394844787130825e-06,3.3394837369564186e-06,0.0,0.0,0.0,0.45,0.4500000099460112,3.3326558224967844e-18
422.0,0.45000003064574484,0.4499999892462675,49.939559214486046,49.879118428972085,49.829021909150384,49.8275079401584,49.827507940210104,49.825993971166405,49.82599397126983,3.3394844787055913e-06,3.3394837369593167e-06,3.3394844787126336e-06,3.3394837369568997e-06,0.0,0.0,0.0,0.45,0.4500000099460112,3.332655822496785e-18
423.0,0.45000003064616756,0.44999998924585033,49.939559214486046,49.879118428972085,49.829021909150384,49.82750794015839,49.827507940210104,49.825993971166405,49.82599397126983,3.339484478720639e-06,3.3394837369593167e-06,3.339484478712486e-06,3.339483736957053e-06,0.0,0.0,0.0,0.45,0.4500000099460112,3.332655822496785e-18
424.0,0.4500000306461676,0.4499999892458504,49.939559214486046,49.879118428972085,49.829021909150384,49.82750794015839,49.827507940210104,49.825993971166405,49.82599397126984,3.339484478720639e-06,3.3394837369593167e-06,3.3394844787125794e-06,3.3394837369572517e-06,0.0,0.0,0.0,0.45,0.4500000099460112,3.332655822496785e-18
425.0,0.4500000306461676,0.4499999892458504,49.939559214486046,49.879118428972085,49.829021909150384,49.82750794015839,49.827507940210104,49.825993971166405,49.82599397126984,3.339484478720639e-06,3.3394837369593167e-06,3.3394844787126975e-06,3.3394837369571246e-06,0.0,0.0,0.0,0.45,0.4500000099460112,3.332655822496785e-18
426.0,0.4500000306457476,0.44999998924627027,49.939559214486046,49.879118428972085,49.829021909150384,49.8275079401584,49.827507940210104,49.825993971166405,49.82599397126983,3.3394844787055913e-06,3.3394837369593167e-06,3.3394844787127954e-06,3.339483736956721e-06,0.0,0.0,0.0,0.45,0.4500000099460112,3.332655822496785e-18
427.0,0.4500000306457475,0.44999998924627016,49.939559214486046,49.879118428972085,49.829021909150384,49.8275079401584,49.827507940210104,49.825993971166405,49.82599397126983,3.3394844787055913e-06,3.3394837369593167e-06,3.339484478712825e-06,3.339483736956687e-06,0.0,0.0,0.0,0.45,0.4500000099460112,3.332655822496785e-18
428.0,0.45000003064574756,0.4499999892462702,49.939559214486046,49.879118428972085,49.829021909150384,49.8275079401584,49.827507940210104,49.825993971166405,49.82599397126984,3.3394844787055913e-06,3.3394837369593167e-06,3.339484478712884e-06,3.339483736956924e-06,0.0,0.0,0.0,0.45,0.4500000099460112,3.332655822496785e-18
429.0,0.45000003064574756,0.4499999892462702,49.939559214486046,49.879118428972085,49.829021909150384,49.8275079401584,49.827507940210104,49.825993971166405,49.82599397126984,3.3394844787055913e-06,3.3394837369593167e-06,3.3394844787129495e-06,3.3394837369568536e-06,0.0,0.0,0.0,0.45,0.4500000099460112,3.332655822496785e-18
430.0,0.45000003064574756,0.4499999892462702,49.939559214486046,49.879118428972085,49.829021909150384,49.8275079401584,49.827507940210104,49.825993971166405,49.82599397126983,3.3394844787055913e-06,3.3394837369593167e-06,3.3394844787130025e-06,3.339483736956498e-06,0.0,0.0,0.0,0.45,0.4500000099460112,3.332655822496785e-18
431.0,0.4500000306465875,0.4499999892454303,49.93955921448604,49.879118428972085,49.829021909150384,49.82750794015839,49.82750794021011,49.825993971166405,49.82599397126983,3.339484478720639e-06,3.3394837369442696e-06,3.339484478713061e-06,3.339483736956437e-06,0.0,0.0,0.0,0.45,0.4500000099460112,3.3326558224967844e-18
432.0,0.4500000306461675,0.4499999892458503,49.93955921448604,49.879118428972085,49.829021909150384,49.82750794015839,49.827507940210104,49.825993971166405,49.82599397126983,3.339484478720639e-06,3.3394837369593167e-06,3.3394844787131363e-06,3.3394837369563564e-06,0.0,0.0,0.0,0.45,0.4500000099460112,3.3326558224967844e-18
433.0,0.4500000306461675,0.4499999892458503,49.939559214486046,49.879118428972085,49.829021909150384,49.82750794015839,49.827507940210104,49.825993971166405,49.82599397126984,3.339484478720639e-06,3.3394837369593167e-06,3.3394844787131206e-06,3.3394837369566706e-06,0.0,0.0,0.0,0.45,0.4500000099460112,3.332655822496785e-18
434.0,0.4500000306461675,0.4499999892458503,49.939559214486046,49.879118428972085,49.829021909150384,49.82750794015839,49.827507940210104,49.825993971166405,49.82599397126984,3.339484478720639e-06,3.3394837369593167e-06,3.339484478713117e-06,3.3394837369566736e-06,0.0,0.0,0.0,0.45,0.4500000099460112,3.332655822496785e-18
435.0,0.45000003064574756,0.4499999892462702,49.939559214486046,49.879118428972085,49.829021909150384,49.8275079401584,49.827507940210104,49.825993971166405,49.82599397126984,3.3394844787055913e-06,3.3394837369593167e-06,3.3394844787131477e-06,3.3394837369566414e-06,0.0,0.0,0.0,0.45,0.4500000099460112,3.332655822496785e-18
436.0,0.45000003064574756,0.4499999892462702,49.93955921448604,49.879118428972085,49.829021909150384,49.8275079401584,49.827507940210104,49.825993971166405,49.82599397126983,3.3394844787055913e-06,3.3394837369593167e-06,3.339484478713182e-06,3.3394837369563043e-06,0.0,0.0,0.0,0.45,0.4500000099460112,3.3326558224967844e-18
437.0,0.45000003064574756,0.4499999892462702,49.93955921448604,49.879118428972085,49.829021909150384,49.8275079401584,49.827507940210104,49.825993971166405,49.82599397126984,3.3394844787055913e-06,3.3394837369593167e-06,3.3394844787131867e-06,3.3394837369566003e-06,0.0,0.0,0.0,0.45,0.4500000099460112,3.3326558224967844e-18
438.0,0.4500000306457476,0.44999998924627027,49.939559214486046,49.879118428972085,49.829021909150384,49.8275079401584,49.827507940210104,49.825993971166405,49.82599397126984,3.3394844787055913e-06,3.3394837369593167e-06,3.3394844787131854e-06,3.339483736956603e-06,0.0,0.0,0.0,0.45,0.4500000099460112,3.332655822496785e-18
439.0,0.45000003064574756,0.4499999892462702,49.939559214486046,49.879118428972085,49.829021909150384,49.8275079401584,49.827507940210104,49.825993971166405,49.82599397126984,3.3394844787055913e-06,3.3394837369593167e-06,3.3394844787132384e-06,3.3394837369565486e-06,0.0,0.0,0.0,0.45,0.4500000099460112,3.332655822496785e-18
440.0,0.4500000306457475,0.44999998924627016,49.939559214486046,49.879118428972085,49.829021909150384,49.8275079401584,49.827507940210104,49.825993971166405,49.82599397126984,3.3394844787055913e-06,3.3394837369593167e-06,3.3394844787133176e-06,3.339483736956468e-06,0.0,0.0,0.0,0.45,0.4500000099460112,3.332655822496785e-18
441.0,0.4500000306457475,0.44999998924627016,49.93955921448604,49.879118428972085,49.829021909150384,49.8275079401584,49.827507940210104,49.825993971166405,49.82599397126984,3.3394844787055913e-06,3.3394837369593167e-06,3.3394844787133925e-06,3.339483736956393e-06,0.0,0.0,0.0,0.45,0.4500000099460112,3.3326558224967844e-18
442.0,0.4500000306457475,0.44999998924627016,49.939559214486046,49.879118428972085,49.829021909150384,49.8275079401584,49.827507940210104,49.825993971166405,49.82599397126983,3.3394844787055913e-06,3.3394837369593167e-06,3.339484478713431e-06,3.3394837369560514e-06,0.0,0.0,0.0,0.45,0.4500000099460112,3.332655822496785e-18
443.0,0.45000003064616756,0.44999998924585033,49.939559214486046,49.879118428972085,49.829021909150384,49.8275079401584,49.82750794021011,49.825993971166405,49.82599397126984,3.3394844787055913e-06,3.3394837369442696e-06,3.339484478713433e-06,3.339483736956349e-06,0.0,0.0,0.0,0.45,0.4500000099460112,3.332655822496785e-18
444.0,0.45000003064616756,0.44999998924585033,49.939559214486046,49.879118428972085,49.829021909150384,49.8275079401584,49.82750794021011,49.825993971166405,49.82599397126984,3.3394844787055913e-06,3.3394837369442696e-06,3.3394844787134217e-06,3.3394837369563606e-06,0.0,0.0,0.0,0.45,0.4500000099460112,3.332655822496785e-18
445.0,0.45000003064574756,0.4499999892462702,49.93955921448604,49.879118428972085,49.829021909150384,49.8275079401584,49.827507940210104,49.825993971166405,49.82599397126983,3.3394844787055913e-06,3.3394837369593167e-06,3.339484478713405e-06,3.339483736956076e-06,0.0,0.0,0.0,0.45,0.4500000099460112,3.3326558224967844e-18
446.0,0.45000003064574756,0.4499999892462702,49.93955921448604,49.879118428972085,49.829021909150384,49.8275079401584,49.827507940210104,49.825993971166405,49.82599397126983,3.3394844787055913e-06,3.3394837369593167e-06,3.339484478713405e-06,3.339483736956076e-06,0.0,0.0,0.0,0.45,0.4500000099460112,3.3326558224967844e-18
447.0,0.45000003064574756,0.4499999892462702,49.93955921448604,49.879118428972085,49.829021909150384,49.8275079401584,49.827507940210104,49.825993971166405,49.82599397126983,3.3394844787055913e-06,3.3394837369593167e-06,3.339484478713433e-06,3.339483736956048e-06,0.0,0.0,0.0,0.45,0.4500000099460112,3.3326558224967844e-18
448.0,0.4500000306461675,0.4499999892458503,49.939559214486046,49.879118428972085,49.829021909150384,49.82750794015839,49.827507940210104,49.825993971166405,49.82599397126984,3.339484478720639e-06,3.3394837369593167e-06,3.3394844787133815e-06,3.3394837369563996e-06,0.0,0.0,0.0,0.45,0.4500000099460112,3.332655822496785e-18
449.0,0.4500000306465875,0.4499999892454303,49.939559214486046,49.879118428972085,49.829021909150384,49.82750794015839,49.82750794021011,49.825993971166405,49.82599397126984,3.339484478720639e-06,3.3394837369442696e-06,3.3394844787133324e-06,3.3394837369564466e-06,0.0,0.0,0.0,0.45,0.4500000099460112,3.332655822496785e-18
450.0,0.4500000306461675,0.4499999892458503,49.93955921448604,49.879118428972085,49.829021909150384,49.8275079401584,49.82750794021011,49.825993971166405,49.82599397126984,3.3394844787055913e-06,3.3394837369442696e-06,3.3394844787133243e-06,3.3394837369564567e-06,0.0,0.0,0.0,0.45,0.4500000099460112,3.3326558224967844e-18
451.0,0.4500000306461675,0.4499999892458503,49.93955921448604,49.879118428972085,49.829021909150384,49.8275079401584,49.82750794021011,49.825993971166405,49.82599397126984,3.3394844787055913e-06,3.3394837369442696e-06,3.3394844787133324e-06,3.3394837369564466e-06,0.0,0.0,0.0,0.45,0.4500000099460112,3.3326558224967844e-18
452.0,0.4500000306457476,0.44999998924627027,49.93955921448604,49.879118428972085,49.829021909150384,49.8275079401584,49.827507940210104,49.825993971166405,49.82599397126984,3.3394844787055913e-06,3.3394837369593167e-06,3.3394844787133455e-06,3.3394837369564326e-06,0.0,0.0,0.0,0.45,0.4500000099460112,3.3326558224967844e-18
453.0,0.45000003064574756,0.4499999892462702,49.939559214486046,49.879118428972085,49.829021909150384,49.8275079401584,49.827507940210104,49.825993971166405,49.82599397126984,3.3394844787055913e-06,3.3394837369593167e-06,3.339484478713352e-06,3.3394837369564275e-06,0.0,0.0,0.0,0.45,0.4500000099460112,3.332655822496785e-18
454.0,0.4500000306461675,0.4499999892458503,49.93955921448604,49.879118428972085,49.829021909150384,49.8275079401584,49.82750794021011,49.825993971166405,49.82599397126984,3.3394844787055913e-06,3.3394837369442696e-06,3.3394844787133574e-06,3.3394837369564216e-06,0.0,0.0,0.0,0.45,0.4500000099460112,3.3326558224967844e-18
455.0,0.4500000306465875,0.4499999892454303,49.93955921448604,49.879118428972085,49.829021909150384,49.82750794015839,49.82750794021011,49.825993971166405,49.82599397126983,3.339484478720639e-06,3.3394837369442696e-06,3.3394844787133633e-06,3.3394837369561154e-06,0.0,0.0,0.0,0.45,0.4500000099460112,3.3326558224967844e-18
456.0,0.45000003064616756,0.44999998924585033,49.93955921448604,49.879118428972085,49.829021909150384,49.82750794015839,49.827507940210104,49.825993971166405,49.82599397126983,3.339484478720639e-06,3.3394837369593167e-06,3.339484478713367e-06,3.3394837369561133e-06,0.0,0.0,0.0,0.45,0.4500000099460112,3.3326558224967844e-18
457.0,0.45000003064658756,0.44999998924543033,49.93955921448604,49.879118428972085,49.829021909150384,49.82750794015839,49.82750794021011,49.825993971166405,49.82599397126983,3.339484478720639e-06,3.3394837369442696e-06,3.3394844787133692e-06,3.339483736956108e-06,0.0,0.0,0.0,0.45,0.4500000099460112,3.3326558224967844e-18
458.0,0.4500000306457475,0.44999998924627016,49.93955921448604,49.879118428972085,49.829021909150384,49.8275079401584,49.827507940210104,49.825993971166405,49.82599397126983,3.3394844787055913e-06,3.3394837369593167e-06,3.339484478713367e-06,3.33948373695611e-06,0.0,0.0,0.0,0.45,0.4500000099460112,3.3326558224967844e-18
459.0,0.45000003064616745,0.4499999892458502,49.93955921448604,49.879118428972085,49.829021909150384,49.82750794015839,49.827507940210104,49.825993971166405,49.82599397126984,3.339484478720639e-06,3.3394837369593167e-06,3.339484478713328e-06,3.3394837369564495e-06,0.0,0.0,0.0,0.45,0.4500000099460112,3.3326558224967844e-18
460.0,0.4500000306461674,0.44999998924585016,49.939559214486046,49.879118428972085,49.829021909150384,49.82750794015839,49.827507940210104,49.825993971166405,49.82599397126983,3.339484478720639e-06,3.3394837369593167e-06,3.339484478713289e-06,3.3394837369561823e-06,0.0,0.0,0.0,0.45,0.4500000099460112,3.332655822496785e-18
461.0,0.45000003064616745,0.4499999892458502,49.939559214486046,49.879118428972085,49.829021909150384,49.82750794015839,49.827507940210104,49.825993971166405,49.82599397126984,3.339484478720639e-06,3.3394837369593167e-06,3.3394844787132786e-06,3.33948373695649e-06,0.0,0.0,0.0,0.45,0.4500000099460112,3.332655822496785e-18
462.0,0.45000003064658767,0.44999998924543044,49.939559214486046,49.879118428972085,49.829021909150384,49.82750794015839,49.82750794021011,49.825993971166405,49.82599397126984,3.339484478720639e-06,3.3394837369442696e-06,3.339484478713248e-06,3.33948373695652e-06,0.0,0.0,0.0,0.45,0.4500000099460112,3.332655822496785e-18
463.0,0.4500000306461676,0.4499999892458504,49.939559214486046,49.879118428972085,49.829021909150384,49.82750794015839,49.827507940210104,49.825993971166405,49.82599397126984,3.339484478720639e-06,3.3394837369593167e-06,3.339484478713259e-06,3.3394837369565114e-06,0.0,0.0,0.0,0.45,0.4500000099460112,3.332655822496785e-18
464.0,0.4500000306461675,0.4499999892458503,49.939559214486046,49.879118428972085,49.829021909150384,49.82750794015839,49.827507940210104,49.825993971166405,49.82599397126983,3.339484478720639e-06,3.3394837369593167e-06,3.3394844787132786e-06,3.339483736956194e-06,0.0,0.0,0.0,0.45,0.4500000099460112,3.332655822496785e-18
465.0,0.45000003064616745,0.4499999892458502,49.93955921448604,49.879118428972085,49.829021909150384,49.82750794015839,49.827507940210104,49.825993971166405,49.82599397126983,3.339484478720639e-06,3.3394837369593167e-06,3.3394844787132697e-06,3.3394837369562018e-06,0.0,0.0,0.0,0.45,0.4500000099460112,3.3326558224967844e-18
466.0,0.45000003064616745,0.4499999892458502,49.93955921448604,49.879118428972085,49.829021909150384,49.82750794015839,49.827507940210104,49.825993971166405,49.82599397126984,3.339484478720639e-06,3.3394837369593167e-06,3.339484478713195e-06,3.3394837369565783e-06,0.0,0.0,0.0,0.45,0.4500000099460112,3.3326558224967844e-18
467.0,0.45000003064616745,0.4499999892458502,49.939559214486046,49.879118428972085,49.829021909150384,49.82750794015839,49.827507940210104,49.825993971166405,49.82599397126984,3.339484478720639e-06,3.3394837369593167e-06,3.3394844787131935e-06,3.3394837369565825e-06,0.0,0.0,0.0,0.45,0.4500000099460112,3.332655822496785e-18
468.0,0.4500000306457475,0.44999998924627016,49.939559214486046,49.879118428972085,49.829021909150384,49.8275079401584,49.827507940210104,49.825993971166405,49.82599397126983,3.3394844787055913e-06,3.3394837369593167e-06,3.3394844787132557e-06,3.3394837369562196e-06,0.0,0.0,0.0,0.45,0.4500000099460112,3.332655822496785e-18
469.0,0.4500000306457475,0.44999998924627016,49.939559214486046,49.879118428972085,49.829021909150384,49.8275079401584,49.827507940210104,49.825993971166405,49.82599397126983,3.3394844787055913e-06,3.3394837369593167e-06,3.3394844787133383e-06,3.33948373695614e-06,0.0,0.0,0.0,0.45,0.4500000099460112,3.332655822496785e-18
470.0,0.4500000306457475,0.44999998924627016,49.93955921448604,49.879118428972085,49.829021909150384,49.8275079401584,49.827507940210104,49.825993971166405,49.82599397126983,3.3394844787055913e-06,3.3394837369593167e-06,3.3394844787133938e-06,3.339483736956084e-06,0.0,0.0,0.0,0.45,0.4500000099460112,3.3326558224967844e-18
471.0,0.45000003064574756,0.4499999892462702,49.93955921448604,49.879118428972085,49.829021909150384,49.8275079401584,49.827507940210104,49.825993971166405,49.82599397126984,3.3394844787055913e-06,3.3394837369593167e-06,3.3394844787134035e-06,3.339483736956374e-06,0.0,0.0,0.0,0.45,0.4500000099460112,3.3326558224967844e-18
472.0,0.4500000306461675,0.4499999892458503,49.939559214486046,49.879118428972085,49.829021909150384,49.8275079401584,49.82750794021011,49.825993971166405,49.82599397126984,3.3394844787055913e-06,3.3394837369442696e-06,3.3394844787133968e-06,3.3394837369563805e-06,0.0,0.0,0.0,0.45,0.4500000099460112,3.332655822496785e-18
473.0,0.45000003064574756,0.4499999892462702,49.939559214486046,49.879118428972085,49.829021909150384,49.8275079401584,49.827507940210104,49.825993971166405,49.82599397126983,3.3394844787055913e-06,3.3394837369593167e-06,3.3394844787133836e-06,3.3394837369560925e-06,0.0,0.0,0.0,0.45,0.4500000099460112,3.332655822496785e-18
474.0,0.45000003064616745,0.4499999892458502,49.939559214486046,49.879118428972085,49.829021909150384,49.82750794015839,49.827507940210104,49.825993971166405,49.82599397126983,3.339484478720639e-06,3.3394837369593167e-06,3.3394844787133836e-06,3.3394837369560925e-06,0.0,0.0,0.0,0.45,0.4500000099460112,3.332655822496785e-18
475.0,0.45000003064616745,0.4499999892458502,49.939559214486046,49.879118428972085,49.829021909150384,49.82750794015839,49.827507940210104,49.825993971166405,49.82599397126983,3.339484478720639e-06,3.3394837369593167e-06,3.339484478713411e-06,3.3394837369560624e-06,0.0,0.0,0.0,0.45,0.4500000099460112,3.332655822496785e-18
476.0,0.4500000306461675,0.4499999892458503,49.939559214486046,49.879118428972085,49.829021909150384,49.82750794015839,49.827507940210104,49.825993971166405,49.82599397126984,3.339484478720639e-06,3.3394837369593167e-06,3.33948447871337e-06,3.339483736956406e-06,0.0,0.0,0.0,0.45,0.4500000099460112,3.332655822496785e-18
477.0,0.45000003064616756,0.44999998924585033,49.939559214486046,49.879118428972085,49.829021909150384,49.82750794015839,49.827507940210104,49.825993971166405,49.82599397126984,3.339484478720639e-06,3.3394837369593167e-06,3.3394844787133243e-06,3.3394837369564525e-06,0.0,0.0,0.0,0.45,0.4500000099460112,3.332655822496785e-18
478.0,0.45000003064616756,0.44999998924585033,49.939559214486046,49.879118428972085,49.829021909150384,49.82750794015839,49.827507940210104,49.825993971166405,49.82599397126984,3.339484478720639e-06,3.3394837369593167e-06,3.3394844787133116e-06,3.339483736956465e-06,0.0,0.0,0.0,0.45,0.4500000099460112,3.332655822496785e-18
479.0,0.4500000306461675,0.4499999892458503,49.939559214486046,49.879118428972085,49.829021909150384,49.82750794015839,49.827507940210104,49.825993971166405,49.82599397126984,3.339484478720639e-06,3.3394837369593167e-06,3.339484478713321e-06,3.339483736956455e-06,0.0,0.0,0.0,0.45,0.4500000099460112,3.332655822496785e-18
480.0,0.45000003064574756,0.4499999892462702,49.93955921448604,49.879118428972085,49.829021909150384,49.8275079401584,49.827507940210104,49.825993971166405,49.82599397126984,3.3394844787055913e-06,3.3394837369593167e-06,3.339484478713337e-06,3.3394837369564402e-06,0.0,0.0,0.0,0.45,0.4500000099460112,3.3326558224967844e-18
481.0,0.4500000306461675,0.4499999892458503,49.93955921448604,49.879118428972085,49.829021909150384,49.82750794015839,49.827507940210104,49.825993971166405,49.82599397126984,3.339484478720639e-06,3.3394837369593167e-06,3.3394844787133087e-06,3.3394837369564694e-06,0.0,0.0,0.0,0.45,0.4500000099460112,3.3326558224967844e-18
482.0,0.45000003064658745,0.4499999892454302,49.93955921448604,49.879118428972085,49.829021909150384,49.82750794015839,49.82750794021011,49.825993971166405,49.82599397126984,3.339484478720639e-06,3.3394837369442696e-06,3.339484478713248e-06,3.339483736956528e-06,0.0,0.0,0.0,0.45,0.4500000099460112,3.3326558224967844e-18
483.0,0.45000003064616745,0.4499999892458502,49.93955921448604,49.879118428972085,49.829021909150384,49.82750794015839,49.827507940210104,49.825993971166405,49.82599397126984,3.339484478720639e-06,3.3394837369593167e-06,3.3394844787131935e-06,3.3394837369565846e-06,0.0,0.0,0.0,0.45,0.4500000099460112,3.3326558224967844e-18
484.0,0.45000003064616745,0.4499999892458502,49.93955921448604,49.879118428972085,49.829021909150384,49.82750794015839,49.827507940210104,49.825993971166405,49.82599397126984,3.339484478720639e-06,3.3394837369593167e-06,3.3394844787131553e-06,3.3394837369566236e-06,0.0,0.0,0.0,0.45,0.4500000099460112,3.3326558224967844e-18
485.0,0.4500000306461675,0.4499999892458503,49.939559214486046,49.879118428972085,49.829021909150384,49.82750794015839,49.827507940210104,49.825993971166405,49.82599397126983,3.339484478720639e-06,3.3394837369593167e-06,3.3394844787131515e-06,3.3394837369563263e-06,0.0,0.0,0.0,0.45,0.4500000099460112,3.332655822496785e-18
486.0,0.4500000306457476,0.44999998924627027,49.939559214486046,49.879118428972085,49.829021909150384,49.8275079401584,49.827507940210104,49.825993971166405,49.82599397126984,3.3394844787055913e-06,3.3394837369593167e-06,3.3394844787131642e-06,3.3394837369566126e-06,0.0,0.0,0.0,0.45,0.4500000099460112,3.332655822496785e-18
487.0,0.4500000306457477,0.4499999892462703,49.939559214486046,49.879118428972085,49.829021909150384,49.8275079401584,49.827507940210104,49.825993971166405,49.82599397126984,3.3394844787055913e-06,3.3394837369593167e-06,3.3394844787132155e-06,3.339483736956561e-06,0.0,0.0,0.0,0.45,0.4500000099460112,3.332655822496785e-18
488.0,0.4500000306457476,0.44999998924627027,49.939559214486046,49.879118428972085,49.829021909150384,49.8275079401584,49.827507940210104,49.825993971166405,49.82599397126983,3.3394844787055913e-06,3.3394837369593167e-06,3.339484478713297e-06,3.3394837369561793e-06,0.0,0.0,0.0,0.45,0.4500000099460112,3.332655822496785e-18
489.0,0.4500000306461675,0.4499999892458503,49.939559214486046,49.879118428972085,49.829021909150384,49.82750794015839,49.827507940210104,49.825993971166405,49.82599397126983,3.339484478720639e-06,3.3394837369593167e-06,3.3394844787133747e-06,3.3394837369561022e-06,0.0,0.0,0.0,0.45,0.4500000099460112,3.332655822496785e-18
490.0,0.4500000306457475,0.44999998924627016,49.939559214486046,49.879118428972085,49.829021909150384,49.8275079401584,49.827507940210104,49.825993971166405,49.82599397126983,3.3394844787055913e-06,3.3394837369593167e-06,3.3394844787134184e-06,3.339483736956059e-06,0.0,0.0,0.0,0.45,0.4500000099460112,3.332655822496785e-18
491.0,0.4500000306461675,0.4499999892458503,49.93955921448604,49.879118428972085,49.829021909150384,49.82750794015839,49.827507940210104,49.825993971166405,49.82599397126984,3.339484478720639e-06,3.3394837369593167e-06,3.339484478713354e-06,3.3394837369564216e-06,0.0,0.0,0.0,0.45,0.4500000099460112,3.3326558224967844e-18
492.0,0.45000003064658756,0.44999998924543033,49.93955921448604,49.879118428972085,49.829021909150384,49.82750794015839,49.82750794021011,49.825993971166405,49.82599397126984,3.339484478720639e-06,3.3394837369442696e-06,3.3394844787133146e-06,3.3394837369564622e-06,0.0,0.0,0.0,0.45,0.4500000099460112,3.3326558224967844e-18
493.0,0.4500000306461675,0.4499999892458503,49.93955921448604,49.879118428972085,49.829021909150384,49.82750794015839,49.827507940210104,49.825993971166405,49.82599397126984,3.339484478720639e-06,3.3394837369593167e-06,3.3394844787133163e-06,3.3394837369564622e-06,0.0,0.0,0.0,0.45,0.4500000099460112,3.3326558224967844e-18
494.0,0.4500000306457475,0.44999998924627016,49.939559214486046,49.879118428972085,49.829021909150384,49.8275079401584,49.827507940210104,49.825993971166405,49.82599397126984,3.3394844787055913e-06,3.3394837369593167e-06,3.3394844787133256e-06,3.3394837369564525e-06,0.0,0.0,0.0,0.45,0.4500000099460112,3.332655822496785e-18
495.0,0.4500000306457475,0.44999998924627016,49.939559214486046,49.879118428972085,49.829021909150384,49.8275079401584,49.827507940210104,49.825993971166405,49.82599397126984,3.3394844787055913e-06,3.3394837369593167e-06,3.339484478713314e-06,3.339483736956465e-06,0.0,0.0,0.0,0.45,0.4500000099460112,3.332655822496785e-18
496.0,0.4500000306461675,0.4499999892458503,49.93955921448604,49.879118428972085,49.829021909150384,49.8275079401584,49.82750794021011,49.825993971166405,49.82599397126984,3.3394844787055913e-06,3.3394837369442696e-06,3.339484478713314e-06,3.339483736956465e-06,0.0,0.0,0.0,0.45,0.4500000099460112,3.3326558224967844e-18
497.0,0.4500000306457476,0.44999998924627027,49.93955921448604,49.879118428972085,49.829021909150384,49.8275079401584,49.827507940210104,49.825993971166405,49.82599397126984,3.3394844787055913e-06,3.3394837369593167e-06,3.3394844787133184e-06,3.339483736956461e-06,0.0,0.0,0.0,0.45,0.4500000099460112,3.3326558224967844e-18
498.0,0.4500000306457476,0.44999998924627027,49.93955921448604,49.879118428972085,49.829021909150384,49.8275079401584,49.827507940210104,49.825993971166405,49.82599397126983,3.3394844787055913e-06,3.3394837369593167e-06,3.3394844787133184e-06,3.339483736956161e-06,0.0,0.0,0.0,0.45,0.4500000099460112,3.3326558224967844e-18
499.0,0.45000003064616756,0.44999998924585033,49.93955921448604,49.879118428972085,49.829021909150384,49.82750794015839,49.827507940210104,49.825993971166405,49.82599397126983,3.339484478720639e-06,3.3394837369593167e-06,3.339484478713328e-06,3.3394837369561497e-06,0.0,0.0,0.0,0.45,0.4500000099460112,3.3326558224967844e-18
500.0,0.45000003064616756,0.44999998924585033,49.93955921448604,49.879118428972085,49.829021909150384,49.82750794015839,49.827507940210104,49.825993971166405,49.82599397126983,3.339484478720639e-06,3.3394837369593167e-06,3.3394844787133646e-06,3.3394837369561133e-06,0.0,0.0,0.0,0.45,0.4500000099460112,3.3326558224967844e-18
501.0,0.4500000306461675,0.4499999892458503,49.93955921448604,49.879118428972085,49.829021909150384,49.82750794015839,49.827507940210104,49.825993971166405,49.82599397126984,3.339484478720639e-06,3.3394837369593167e-06,3.3394844787133214e-06,3.3394837369564525e-06,0.0,0.0,0.0,0.45,0.4500000099460112,3.3326558224967844e-18
502.0,0.4500000306465875,0.4499999892454303,49.93955921448604,49.879118428972085,49.829021909150384,49.82750794015839,49.82750794021011,49.825993971166405,49.82599397126984,3.339484478720639e-06,3.3394837369442696e-06,3.339484478713287e-06,3.33948373695649e-06,0.0,0.0,0.0,0.45,0.4500000099460112,3.3326558224967844e-18
503.0,0.4500000306461675,0.4499999892458503,49.93955921448604,49.879118428972085,49.829021909150384,49.82750794015839,49.827507940210104,49.825993971166405,49.82599397126984,3.339484478720639e-06,3.3394837369593167e-06,3.3394844787132926e-06,3.3394837369564864e-06,0.0,0.0,0.0,0.45,0.4500000099460112,3.3326558224967844e-18
504.0,0.4500000306457476,0.44999998924627027,49.93955921448604,49.879118428972085,49.829021909150384,49.8275079401584,49.827507940210104,49.825993971166405,49.82599397126984,3.3394844787055913e-06,3.3394837369593167e-06,3.3394844787133036e-06,3.3394837369564732e-06,0.0,0.0,0.0,0.45,0.4500000099460112,3.3326558224967844e-18
505.0,0.45000003064574756,0.4499999892462702,49.93955921448604,49.879118428972085,49.829021909150384,49.8275079401584,49.827507940210104,49.825993971166405,49.82599397126983,3.3394844787055913e-06,3.3394837369593167e-06,3.339484478713297e-06,3.3394837369561823e-06,0.0,0.0,0.0,0.45,0.4500000099460112,3.3326558224967844e-18
506.0,0.45000003064616745,0.4499999892458502,49.93955921448604,49.879118428972085,49.829021909150384,49.82750794015839,49.827507940210104,49.825993971166405,49.82599397126984,3.339484478720639e-06,3.3394837369593167e-06,3.339484478713241e-06,3.339483736956538e-06,0.0,0.0,0.0,0.45,0.4500000099460112,3.3326558224967844e-18
507.0,0.45000003064658745,0.4499999892454302,49.93955921448604,49.879118428972085,49.829021909150384,49.82750794015839,49.82750794021011,49.825993971166405,49.82599397126984,3.339484478720639e-06,3.3394837369442696e-06,3.3394844787132074e-06,3.339483736956572e-06,0.0,0.0,0.0,0.45,0.4500000099460112,3.3326558224967844e-18
508.0,0.4500000306461675,0.4499999892458503,49.939559214486046,49.879118428972085,49.829021909150384,49.8275079401584,49.82750794021011,49.825993971166405,49.82599397126984,3.3394844787055913e-06,3.3394837369442696e-06,3.3394844787132015e-06,3.3394837369565774e-06,0.0,0.0,0.0,0.45,0.4500000099460112,3.332655822496785e-18
509.0,0.4500000306457476,0.44999998924627027,49.939559214486046,49.879118428972085,49.829021909150384,49.8275079401584,49.827507940210104,49.825993971166405,49.82599397126984,3.3394844787055913e-06,3.3394837369593167e-06,3.339484478713227e-06,3.3394837369565516e-06,0.0,0.0,0.0,0.45,0.4500000099460112,3.332655822496785e-18
510.0,0.4500000306457476,0.44999998924627027,49.939559214486046,49.879118428972085,49.829021909150384,49.8275079401584,49.827507940210104,49.825993971166405,49.82599397126983,3.3394844787055913e-06,3.3394837369593167e-06,3.3394844787132854e-06,3.339483736956194e-06,0.0,0.0,0.0,0.45,0.4500000099460112,3.332655822496785e-18
511.0,0.45000003064574756,0.4499999892462702,49.93955921448604,49.879118428972085,49.829021909150384,49.8275079401584,49.827507940210104,49.825993971166405,49.82599397126984,3.3394844787055913e-06,3.3394837369593167e-06,3.3394844787133184e-06,3.339483736956461e-06,0.0,0.0,0.0,0.45,0.4500000099460112,3.3326558224967844e-18
512.0,0.4500000306461675,0.4499999892458503,49.93955921448604,49.879118428972085,49.829021909150384,49.8275079401584,49.82750794021011,49.825993971166405,49.82599397126984,3.3394844787055913e-06,3.3394837369442696e-06,3.339484478713328e-06,3.3394837369564495e-06,0.0,0.0,0.0,0.45,0.4500000099460112,3.3326558224967844e-18
513.0,0.4500000306457475,0.44999998924627016,49.93955921448604,49.879118428972085,49.829021909150384,49.8275079401584,49.827507940210104,49.825993971166405,49.82599397126984,3.3394844787055913e-06,3.3394837369593167e-06,3.3394844787133383e-06,3.3394837369564415e-06,0.0,0.0,0.0,0.45,0.4500000099460112,3.3326558224967844e-18
514.0,0.4500000306457475,0.44999998924627016,49.93955921448604,49.879118428972085,49.829021909150384,49.8275079401584,49.827507940210104,49.825993971166405,49.82599397126984,3.3394844787055913e-06,3.3394837369593167e-06,3.3394844787133455e-06,3.3394837369564334e-06,0.0,0.0,0.0,0.45,0.4500000099460112,3.3326558224967844e-18
515.0,0.45000003064616745,0.4499999892458502,49.93955921448604,49.879118428972085,49.829021909150384,49.82750794015839,49.827507940210104,49.825993971166405,49.82599397126983,3.339484478720639e-06,3.3394837369593167e-06,3.3394844787133506e-06,3.3394837369561277e-06,0.0,0.0,0.0,0.45,0.4500000099460112,3.3326558224967844e-18
516.0,0.4500000306457475,0.44999998924627016,49.93955921448604,49.879118428972085,49.829021909150384,49.8275079401584,49.827507940210104,49.825993971166405,49.82599397126984,3.3394844787055913e-06,3.3394837369593167e-06,3.3394844787133574e-06,3.3394837369564224e-06,0.0,0.0,0.0,0.45,0.4500000099460112,3.3326558224967844e-18
517.0,0.45000003064616745,0.4499999892458502,49.93955921448604,49.879118428972085,49.829021909150384,49.8275079401584,49.82750794021011,49.825993971166405,49.82599397126984,3.3394844787055913e-06,3.3394837369442696e-06,3.3394844787133633e-06,3.339483736956417e-06,0.0,0.0,0.0,0.45,0.4500000099460112,3.3326558224967844e-18
518.0,0.4500000306461675,0.4499999892458503,49.939559214486046,49.879118428972085,49.829021909150384,49.8275079401584,49.82750794021011,49.825993971166405,49.82599397126983,3.3394844787055913e-06,3.3394837369442696e-06,3.339484478713367e-06,3.3394837369561133e-06,0.0,0.0,0.0,0.45,0.4500000099460112,3.332655822496785e-18
519.0,0.45000003064616756,0.44999998924585033,49.939559214486046,49.879118428972085,49.829021909150384,49.8275079401584,49.82750794021011,49.825993971166405,49.82599397126983,3.3394844787055913e-06,3.3394837369442696e-06,3.3394844787133692e-06,3.33948373695611e-06,0.0,0.0,0.0,0.45,0.4500000099460112,3.332655822496785e-18
520.0,0.45000003064574756,0.4499999892462702,49.939559214486046,49.879118428972085,49.829021909150384,49.8275079401584,49.827507940210104,49.825993971166405,49.82599397126983,3.3394844787055913e-06,3.3394837369593167e-06,3.3394844787133718e-06,3.3394837369561073e-06,0.0,0.0,0.0,0.45,0.4500000099460112,3.332655822496785e-18
521.0,0.4500000306461675,0.4499999892458503,49.93955921448604,49.879118428972085,49.829021909150384,49.82750794015839,49.827507940210104,49.825993971166405,49.82599397126984,3.339484478720639e-06,3.3394837369593167e-06,3.3394844787133116e-06,3.339483736956465e-06,0.0,0.0,0.0,0.45,0.4500000099460112,3.3326558224967844e-18
522.0,0.4500000306465875,0.4499999892454303,49.93955921448604,49.879118428972085,49.829021909150384,49.82750794015839,49.82750794021011,49.825993971166405,49.82599397126984,3.339484478720639e-06,3.3394837369442696e-06,3.3394844787132786e-06,3.3394837369565008e-06,0.0,0.0,0.0,0.45,0.4500000099460112,3.3326558224967844e-18
523.0,0.45000003064616745,0.4499999892458502,49.93955921448604,49.879118428972085,49.829021909150384,49.82750794015839,49.827507940210104,49.825993971166405,49.82599397126984,3.339484478720639e-06,3.3394837369593167e-06,3.3394844787132854e-06,3.339483736956494e-06,0.0,0.0,0.0,0.45,0.4500000099460112,3.3326558224967844e-18
524.0,0.4500000306457475,0.44999998924627016,49.93955921448604,49.879118428972085,49.829021909150384,49.8275079401584,49.827507940210104,49.825993971166405,49.82599397126983,3.3394844787055913e-06,3.3394837369593167e-06,3.339484478713298e-06,3.3394837369561793e-06,0.0,0.0,0.0,0.45,0.4500000099460112,3.3326558224967844e-18
525.0,0.4500000306461675,0.4499999892458503,49.93955921448604,49.879118428972085,49.829021909150384,49.82750794015839,49.827507940210104,49.825993971166405,49.82599397126983,3.339484478720639e-06,3.3394837369593167e-06,3.3394844787132917e-06,3.3394837369561903e-06,0.0,0.0,0.0,0.45,0.4500000099460112,3.3326558224967844e-18
526.0,0.45000003064574756,0.4499999892462702,49.939559214486046,49.879118428972085,49.829021909150384,49.8275079401584,49.827507940210104,49.825993971166405,49.82599397126984,3.3394844787055913e-06,3.3394837369593167e-06,3.339484478713287e-06,3.339483736956493e-06,0.0,0.0,0.0,0.45,0.4500000099460112,3.332655822496785e-18
527.0,0.4500000306461675,0.4499999892458503,49.939559214486046,49.879118428972085,49.829021909150384,49.8275079401584,49.82750794021011,49.825993971166405,49.82599397126984,3.3394844787055913e-06,3.3394837369442696e-06,3.3394844787133023e-06,3.339483736956478e-06,0.0,0.0,0.0,0.45,0.4500000099460112,3.332655822496785e-18
528.0,0.45000003064616745,0.4499999892458502,49.939559214486046,49.879118428972085,49.829021909150384,49.8275079401584,49.82750794021011,49.825993971166405,49.82599397126983,3.3394844787055913e-06,3.3394837369442696e-06,3.3394844787133146e-06,3.3394837369561653e-06,0.0,0.0,0.0,0.45,0.4500000099460112,3.332655822496785e-18
529.0,0.4500000306465874,0.44999998924543017,49.93955921448604,49.879118428972085,49.829021909150384,49.82750794015839,49.82750794021011,49.825993971166405,49.82599397126983,3.339484478720639e-06,3.3394837369442696e-06,3.3394844787133256e-06,3.339483736956153e-06,0.0,0.0,0.0,0.45,0.4500000099460112,3.3326558224967844e-18
530.0,0.45000003064616734,0.4499999892458501,49.93955921448604,49.879118428972085,49.829021909150384,49.82750794015839,49.827507940210104,49.825993971166405,49.82599397126983,3.339484478720639e-06,3.3394837369593167e-06,3.3394844787133345e-06,3.339483736956146e-06,0.0,0.0,0.0,0.45,0.4500000099460112,3.3326558224967844e-18
531.0,0.4500000306461675,0.4499999892458503,49.939559214486046,49.879118428972085,49.829021909150384,49.82750794015839,49.827507940210104,49.825993971166405,49.82599397126984,3.339484478720639e-06,3.3394837369593167e-06,3.3394844787132807e-06,3.3394837369564987e-06,0.0,0.0,0.0,0.45,0.4500000099460112,3.332655822496785e-18
532.0,0.4500000306465876,0.4499999892454304,49.939559214486046,49.879118428972085,49.829021909150384,49.82750794015839,49.82750794021011,49.825993971166405,49.82599397126984,3.339484478720639e-06,3.3394837369442696e-06,3.3394844787132515e-06,3.339483736956528e-06,0.0,0.0,0.0,0.45,0.4500000099460112,3.332655822496785e-18
533.0,0.4500000306461676,0.4499999892458504,49.939559214486046,49.879118428972085,49.829021909150384,49.82750794015839,49.827507940210104,49.825993971166405,49.82599397126984,3.339484478720639e-06,3.3394837369593167e-06,3.3394844787132604e-06,3.339483736956518e-06,0.0,0.0,0.0,0.45,0.4500000099460112,3.332655822496785e-18
534.0,0.4500000306457476,0.44999998924627027,49.939559214486046,49.879118428972085,49.829021909150384,49.8275079401584,49.827507940210104,49.825993971166405,49.82599397126983,3.3394844787055913e-06,3.3394837369593167e-06,3.3394844787132786e-06,3.3394837369562018e-06,0.0,0.0,0.0,0.45,0.4500000099460112,3.332655822496785e-18
535.0,0.4500000306457476,0.44999998924627027,49.939559214486046,49.879118428972085,49.829021909150384,49.8275079401584,49.827507940210104,49.825993971166405,49.82599397126983,3.3394844787055913e-06,3.3394837369593167e-06,3.3394844787132714e-06,3.339483736956208e-06,0.0,0.0,0.0,0.45,0.4500000099460112,3.332655822496785e-18
536.0,0.45000003064574756,0.4499999892462702,49.939559214486046,49.879118428972085,49.829021909150384,49.8275079401584,49.827507940210104,49.825993971166405,49.82599397126984,3.3394844787055913e-06,3.3394837369593167e-06,3.3394844787132714e-06,3.339483736956509e-06,0.0,0.0,0.0,0.45,0.4500000099460112,3.332655822496785e-18
537.0,0.4500000306461675,0.4499999892458503,49.939559214486046,49.879118428972085,49.829021909150384,49.8275079401584,49.82750794021011,49.825993971166405,49.82599397126984,3.3394844787055913e-06,3.3394837369442696e-06,3.339484478713289e-06,3.3394837369564927e-06,0.0,0.0,0.0,0.45,0.4500000099460112,3.332655822496785e-18
538.0,0.4500000306461675,0.4499999892458503,49.93955921448604,49.879118428972085,49.829021909150384,49.8275079401584,49.82750794021011,49.825993971166405,49.82599397126983,3.3394844787055913e-06,3.3394837369442696e-06,3.3394844787133036e-06,3.3394837369561764e-06,0.0,0.0,0.0,0.45,0.4500000099460112,3.3326558224967844e-18
539.0,0.4500000306465875,0.4499999892454303,49.93955921448604,49.879118428972085,49.829021909150384,49.82750794015839,49.82750794021011,49.825993971166405,49.82599397126983,3.339484478720639e-06,3.3394837369442696e-06,3.3394844787133163e-06,3.339483736956163e-06,0.0,0.0,0.0,0.45,0.4500000099460112,3.3326558224967844e-18
540.0,0.45000003064616745,0.4499999892458502,49.93955921448604,49.879118428972085,49.829021909150384,49.82750794015839,49.827507940210104,49.825993971166405,49.82599397126983,3.339484478720639e-06,3.3394837369593167e-06,3.3394844787133256e-06,3.339483736956153e-06,0.0,0.0,0.0,0.45,0.4500000099460112,3.3326558224967844e-18
541.0,0.4500000306461675,0.4499999892458503,49.93955921448604,49.879118428972085,49.829021909150384,49.82750794015839,49.827507940210104,49.825993971166405,49.82599397126984,3.339484478720639e-06,3.3394837369593167e-06,3.3394844787132714e-06,3.3394837369565054e-06,0.0,0.0,0.0,0.45,0.4500000099460112,3.3326558224967844e-18
542.0,0.4500000306465875,0.4499999892454303,49.93955921448604,49.879118428972085,49.829021909150384,49.82750794015839,49.82750794021011,49.825993971166405,49.82599397126984,3.339484478720639e-06,3.3394837369442696e-06,3.339484478713244e-06,3.3394837369565334e-06,0.0,0.0,0.0,0.45,0.4500000099460112,3.3326558224967844e-18
543.0,0.45000003064616756,0.44999998924585033,49.939559214486046,49.879118428972085,49.829021909150384,49.82750794015839,49.827507940210104,49.825993971166405,49.82599397126984,3.339484478720639e-06,3.3394837369593167e-06,3.3394844787132557e-06,3.3394837369565245e-06,0.0,0.0,0.0,0.45,0.4500000099460112,3.332655822496785e-18
544.0,0.4500000306457476,0.44999998924627027,49.939559214486046,49.879118428972085,49.829021909150384,49.8275079401584,49.827507940210104,49.825993971166405,49.82599397126983,3.3394844787055913e-06,3.3394837369593167e-06,3.339484478713275e-06,3.3394837369562056e-06,0.0,0.0,0.0,0.45,0.4500000099460112,3.332655822496785e-18
545.0,0.45000003064574756,0.4499999892462702,49.939559214486046,49.879118428972085,49.829021909150384,49.8275079401584,49.827507940210104,49.825993971166405,49.82599397126983,3.3394844787055913e-06,3.3394837369593167e-06,3.3394844787132697e-06,3.3394837369562115e-06,0.0,0.0,0.0,0.45,0.4500000099460112,3.332655822496785e-18
546.0,0.45000003064574756,0.4499999892462702,49.939559214486046,49.879118428972085,49.829021909150384,49.8275079401584,49.827507940210104,49.825993971166405,49.82599397126984,3.3394844787055913e-06,3.3394837369593167e-06,3.3394844787132697e-06,3.3394837369565114e-06,0.0,0.0,0.0,0.45,0.4500000099460112,3.332655822496785e-18
547.0,0.4500000306461675,0.4499999892458503,49.939559214486046,49.879118428972085,49.829021909150384,49.8275079401584,49.82750794021011,49.825993971166405,49.82599397126984,3.3394844787055913e-06,3.3394837369442696e-06,3.339484478713287e-06,3.339483736956494e-06,0.0,0.0,0.0,0.45,0.4500000099460112,3.332655822496785e-18
548.0,0.4500000306461675,0.4499999892458503,49.93955921448604,49.879118428972085,49.829021909150384,49.8275079401584,49.82750794021011,49.825993971166405,49.82599397126983,3.3394844787055913e-06,3.3394837369442696e-06,3.3394844787133006e-06,3.339483736956179e-06,0.0,0.0,0.0,0.45,0.4500000099460112,3.3326558224967844e-18
549.0,0.4500000306465875,0.4499999892454303,49.93955921448604,49.879118428972085,49.829021909150384,49.82750794015839,49.82750794021011,49.825993971166405,49.82599397126983,3.339484478720639e-06,3.3394837369442696e-06,3.339484478713314e-06,3.3394837369561653e-06,0.0,0.0,0.0,0.45,0.4500000099460112,3.3326558224967844e-18
550.0,0.4500000306461674,0.44999998924585016,49.939559214486046,49.879118428972085,49.829021909150384,49.82750794015839,49.827507940210104,49.825993971166405,49.82599397126983,3.339484478720639e-06,3.3394837369593167e-06,3.3394844787133256e-06,3.339483736956153e-06,0.0,0.0,0.0,0.45,0.4500000099460112,3.332655822496785e-18
551.0,0.4500000306461675,0.4499999892458503,49.939559214486046,49.879118428972085,49.829021909150384,49.82750794015839,49.827507940210104,49.825993971166405,49.82599397126984,3.339484478720639e-06,3.3394837369593167e-06,3.3394844787132697e-06,3.3394837369565063e-06,0.0,0.0,0.0,0.45,0.4500000099460112,3.332655822496785e-18
552.0,0.4500000306465876,0.4499999892454304,49.939559214486046,49.879118428972085,49.829021909150384,49.82750794015839,49.82750794021011,49.825993971166405,49.82599397126984,3.339484478720639e-06,3.3394837369442696e-06,3.339484478713244e-06,3.3394837369565347e-06,0.0,0.0,0.0,0.45,0.4500000099460112,3.332655822496785e-18
553.0,0.45000003064616756,0.44999998924585033,49.93955921448604,49.879118428972085,49.829021909150384,49.82750794015839,49.827507940210104,49.825993971166405,49.82599397126984,3.339484478720639e-06,3.3394837369593167e-06,3.3394844787132557e-06,3.339483736956526e-06,0.0,0.0,0.0,0.45,0.4500000099460112,3.3326558224967844e-18
554.0,0.4500000306457475,0.44999998924627016,49.93955921448604,49.879118428972085,49.829021909150384,49.8275079401584,49.827507940210104,49.825993971166405,49.82599397126983,3.3394844787055913e-06,3.3394837369593167e-06,3.3394844787132714e-06,3.339483736956206e-06,0.0,0.0,0.0,0.45,0.4500000099460112,3.3326558224967844e-18
555.0,0.4500000306457475,0.44999998924627016,49.93955921448604,49.879118428972085,49.829021909150384,49.8275079401584,49.827507940210104,49.825993971166405,49.82599397126983,3.3394844787055913e-06,3.3394837369593167e-06,3.339484478713267e-06,3.3394837369562115e-06,0.0,0.0,0.0,0.45,0.4500000099460112,3.3326558224967844e-18
556.0,0.4500000306457476,0.44999998924627027,49.939559214486046,49.879118428972085,49.829021909150384,49.8275079401584,49.827507940210104,49.825993971166405,49.82599397126984,3.3394844787055913e-06,3.3394837369593167e-06,3.3394844787132684e-06,3.3394837369565114e-06,0.0,0.0,0.0,0.45,0.4500000099460112,3.332655822496785e-18
557.0,0.45000003064616756,0.44999998924585033,49.939559214486046,49.879118428972085,49.829021909150384,49.8275079401584,49.82750794021011,49.825993971166405,49.82599397126984,3.3394844787055913e-06,3.3394837369442696e-06,3.3394844787132862e-06,3.339483736956494e-06,0.0,0.0,0.0,0.45,0.4500000099460112,3.332655822496785e-18
558.0,0.45000003064616756,0.44999998924585033,49.939559214486046,49.879118428972085,49.829021909150384,49.8275079401584,49.82750794021011,49.825993971166405,49.82599397126983,3.3394844787055913e-06,3.3394837369442696e-06,3.3394844787133006e-06,3.339483736956179e-06,0.0,0.0,0.0,0.45,0.4500000099460112,3.332655822496785e-18
559.0,0.4500000306465875,0.4499999892454303,49.939559214486046,49.879118428972085,49.829021909150384,49.82750794015839,49.82750794021011,49.825993971166405,49.82599397126983,3.339484478720639e-06,3.3394837369442696e-06,3.339484478713314e-06,3.3394837369561653e-06,0.0,0.0,0.0,0.45,0.4500000099460112,3.332655822496785e-18
560.0,0.4500000306457477,0.4499999892462703,49.939559214486046,49.879118428972085,49.829021909150384,49.8275079401584,49.827507940210104,49.825993971166405,49.82599397126983,3.3394844787055913e-06,3.3394837369593167e-06,3.3394844787133256e-06,3.339483736956153e-06,0.0,0.0,0.0,0.45,0.4500000099460112,3.332655822496785e-18
561.0,0.45000003064616756,0.44999998924585033,49.939559214486046,49.879118428972085,49.829021909150384,49.82750794015839,49.827507940210104,49.825993971166405,49.82599397126984,3.339484478720639e-06,3.3394837369593167e-06,3.339484478713289e-06,3.33948373695649e-06,0.0,0.0,0.0,0.45,0.4500000099460112,3.332655822496785e-18
562.0,0.4500000306465875,0.4499999892454303,49.939559214486046,49.879118428972085,49.829021909150384,49.82750794015839,49.82750794021011,49.825993971166405,49.82599397126984,3.339484478720639e-06,3.3394837369442696e-06,3.3394844787132384e-06,3.3394837369565406e-06,0.0,0.0,0.0,0.45,0.4500000099460112,3.332655822496785e-18
563.0,0.4500000306465875,0.4499999892454303,49.939559214486046,49.879118428972085,49.829021909150384,49.82750794015839,49.82750794021011,49.825993971166405,49.82599397126984,3.339484478720639e-06,3.3394837369442696e-06,3.339484478713195e-06,3.3394837369565838e-06,0.0,0.0,0.0,0.45,0.4500000099460112,3.332655822496785e-18
564.0,0.4500000306461675,0.4499999892458503,49.939559214486046,49.879118428972085,49.829021909150384,49.82750794015839,49.827507940210104,49.825993971166405,49.82599397126984,3.339484478720639e-06,3.3394837369593167e-06,3.339484478713159e-06,3.3394837369566236e-06,0.0,0.0,0.0,0.45,0.4500000099460112,3.332655822496785e-18
565.0,0.45000003064574756,0.4499999892462702,49.939559214486046,49.879118428972085,49.829021909150384,49.8275079401584,49.827507940210104,49.825993971166405,49.82599397126983,3.3394844787055913e-06,3.3394837369593167e-06,3.339484478713127e-06,3.339483736956354e-06,0.0,0.0,0.0,0.45,0.4500000099460112,3.332655822496785e-18
566.0,0.45000003064616756,0.44999998924585033,49.939559214486046,49.879118428972085,49.829021909150384,49.82750794015839,49.827507940210104,49.825993971166405,49.82599397126984,3.339484478720639e-06,3.3394837369593167e-06,3.3394844787130863e-06,3.339483736956693e-06,0.0,0.0,0.0,0.45,0.4500000099460112,3.332655822496785e-18
567.0,0.45000003064658756,0.44999998924543033,49.939559214486046,49.879118428972085,49.829021909150384,49.82750794015839,49.82750794021011,49.825993971166405,49.82599397126984,3.339484478720639e-06,3.3394837369442696e-06,3.339484478713079e-06,3.3394837369567e-06,0.0,0.0,0.0,0.45,0.4500000099460112,3.332655822496785e-18
568.0,0.4500000306461675,0.4499999892458503,49.939559214486046,49.879118428972085,49.829021909150384,49.8275079401584,49.82750794021011,49.825993971166405,49.82599397126984,3.3394844787055913e-06,3.3394837369442696e-06,3.339484478713103e-06,3.339483736956676e-06,0.0,0.0,0.0,0.45,0.4500000099460112,3.332655822496785e-18
569.0,0.45000003064616745,0.4499999892458502,49.939559214486046,49.879118428972085,49.829021909150384,49.8275079401584,49.82750794021011,49.825993971166405,49.82599397126984,3.3394844787055913e-06,3.3394837369442696e-06,3.339484478713143e-06,3.339483736956636e-06,0.0,0.0,0.0,0.45,0.4500000099460112,3.332655822496785e-18
570.0,0.4500000306457475,0.44999998924627016,49.939559214486046,49.879118428972085,49.829021909150384,49.8275079401584,49.827507940210104,49.825993971166405,49.82599397126983,3.3394844787055913e-06,3.3394837369593167e-06,3.3394844787131833e-06,3.339483736956296e-06,0.0,0.0,0.0,0.45,0.4500000099460112,3.332655822496785e-18
571.0,0.4500000306461675,0.4499999892458503,49.93955921448604,49.879118428972085,49.829021909150384,49.82750794015839,49.827507940210104,49.825993971166405,49.82599397126984,3.339484478720639e-06,3.3394837369593167e-06,3.339484478713157e-06,3.339483736956619e-06,0.0,0.0,0.0,0.45,0.4500000099460112,3.3326558224967844e-18
572.0,0.4500000306465875,0.4499999892454303,49.93955921448604,49.879118428972085,49.829021909150384,49.82750794015839,49.82750794021011,49.825993971166405,49.82599397126984,3.339484478720639e-06,3.3394837369442696e-06,3.339484478713141e-06,3.339483736956638e-06,0.0,0.0,0.0,0.45,0.4500000099460112,3.3326558224967844e-18
573.0,0.4500000306457476,0.44999998924627027,49.93955921448604,49.879118428972085,49.829021909150384,49.8275079401584,49.827507940210104,49.825993971166405,49.82599397126984,3.3394844787055913e-06,3.3394837369593167e-06,3.3394844787131537e-06,3.3394837369566236e-06,0.0,0.0,0.0,0.45,0.4500000099460112,3.3326558224967844e-18
574.0,0.4500000306457476,0.44999998924627027,49.93955921448604,49.879118428972085,49.829021909150384,49.8275079401584,49.827507940210104,49.825993971166405,49.82599397126984,3.3394844787055913e-06,3.3394837369593167e-06,3.3394844787131867e-06,3.3394837369565914e-06,0.0,0.0,0.0,0.45,0.4500000099460112,3.3326558224967844e-18
575.0,0.4500000306457476,0.44999998924627027,49.93955921448604,49.879118428972085,49.829021909150384,49.8275079401584,49.827507940210104,49.825993971166405,49.82599397126983,3.3394844787055913e-06,3.3394837369593167e-06,3.339484478713222e-06,3.3394837369562573e-06,0.0,0.0,0.0,0.45,0.4500000099460112,3.3326558224967844e-18
576.0,0.4500000306461675,0.4499999892458503,49.93955921448604,49.879118428972085,49.829021909150384,49.82750794015839,49.827507940210104,49.825993971166405,49.82599397126984,3.339484478720639e-06,3.3394837369593167e-06,3.339484478713191e-06,3.339483736956587e-06,0.0,0.0,0.0,0.45,0.4500000099460112,3.3326558224967844e-18
577.0,0.45000003064658756,0.44999998924543033,49.93955921448604,49.879118428972085,49.829021909150384,49.82750794015839,49.82750794021011,49.825993971166405,49.82599397126984,3.339484478720639e-06,3.3394837369442696e-06,3.3394844787131685e-06,3.3394837369566113e-06,0.0,0.0,0.0,0.45,0.4500000099460112,3.3326558224967844e-18
578.0,0.45000003064658756,0.44999998924543033,49.939559214486046,49.879118428972085,49.829021909150384,49.82750794015839,49.82750794021011,49.825993971166405,49.82599397126983,3.339484478720639e-06,3.3394837369442696e-06,3.339484478713179e-06,3.339483736956299e-06,0.0,0.0,0.0,0.45,0.4500000099460112,3.332655822496785e-18
579.0,0.45000003064616756,0.44999998924585033,49.939559214486046,49.879118428972085,49.829021909150384,49.8275079401584,49.82750794021011,49.825993971166405,49.82599397126983,3.3394844787055913e-06,3.3394837369442696e-06,3.3394844787132074e-06,3.339483736956271e-06,0.0,0.0,0.0,0.45,0.4500000099460112,3.332655822496785e-18
580.0,0.4500000306457476,0.44999998924627027,49.939559214486046,49.879118428972085,49.829021909150384,49.8275079401584,49.827507940210104,49.825993971166405,49.82599397126983,3.3394844787055913e-06,3.3394837369593167e-06,3.339484478713237e-06,3.339483736956238e-06,0.0,0.0,0.0,0.45,0.4500000099460112,3.332655822496785e-18
581.0,0.4500000306457475,0.44999998924627016,49.93955921448604,49.879118428972085,49.829021909150384,49.8275079401584,49.827507940210104,49.825993971166405,49.82599397126984,3.3394844787055913e-06,3.3394837369593167e-06,3.3394844787132604e-06,3.339483736956516e-06,0.0,0.0,0.0,0.45,0.4500000099460112,3.3326558224967844e-18
582.0,0.4500000306461674,0.44999998924585016,49.93955921448604,49.879118428972085,49.829021909150384,49.8275079401584,49.82750794021011,49.825993971166405,49.82599397126984,3.3394844787055913e-06,3.3394837369442696e-06,3.3394844787132807e-06,3.3394837369564982e-06,0.0,0.0,0.0,0.45,0.4500000099460112,3.3326558224967844e-18
583.0,0.45000003064616745,0.4499999892458502,49.93955921448604,49.879118428972085,49.829021909150384,49.8275079401584,49.82750794021011,49.825993971166405,49.82599397126984,3.3394844787055913e-06,3.3394837369442696e-06,3.3394844787132955e-06,3.3394837369564826e-06,0.0,0.0,0.0,0.45,0.4500000099460112,3.3326558224967844e-18
584.0,0.4500000306461675,0.4499999892458503,49.939559214486046,49.879118428972085,49.829021909150384,49.82750794015839,49.827507940210104,49.825993971166405,49.82599397126984,3.339484478720639e-06,3.3394837369593167e-06,3.33948447871331e-06,3.339483736956469e-06,0.0,0.0,0.0,0.45,0.4500000099460112,3.332655822496785e-18
585.0,0.4500000306465875,0.4499999892454303,49.939559214486046,49.879118428972085,49.829021909150384,49.82750794015839,49.82750794021011,49.825993971166405,49.82599397126983,3.339484478720639e-06,3.3394837369442696e-06,3.339484478713321e-06,3.339483736956158e-06,0.0,0.0,0.0,0.45,0.4500000099460112,3.332655822496785e-18
586.0,0.4500000306465875,0.4499999892454303,49.93955921448604,49.879118428972085,49.829021909150384,49.82750794015839,49.82750794021011,49.825993971166405,49.82599397126984,3.339484478720639e-06,3.3394837369442696e-06,3.339484478713267e-06,3.339483736956509e-06,0.0,0.0,0.0,0.45,0.4500000099460112,3.3326558224967844e-18
587.0,0.4500000306461675,0.4499999892458503,49.93955921448604,49.879118428972085,49.829021909150384,49.82750794015839,49.827507940210104,49.825993971166405,49.82599397126984,3.339484478720639e-06,3.3394837369593167e-06,3.3394844787132384e-06,3.339483736956538e-06,0.0,0.0,0.0,0.45,0.4500000099460112,3.3326558224967844e-18
588.0,0.45000003064658756,0.44999998924543033,49.93955921448604,49.879118428972085,49.829021909150384,49.82750794015839,49.82750794021011,49.825993971166405,49.82599397126984,3.339484478720639e-06,3.3394837369442696e-06,3.3394844787132515e-06,3.339483736956526e-06,0.0,0.0,0.0,0.45,0.4500000099460112,3.3326558224967844e-18
589.0,0.45000003064616756,0.44999998924585033,49.93955921448604,49.879118428972085,49.829021909150384,49.8275079401584,49.82750794021011,49.825993971166405,49.82599397126984,3.3394844787055913e-06,3.3394837369442696e-06,3.3394844787132697e-06,3.339483736956508e-06,0.0,0.0,0.0,0.45,0.4500000099460112,3.3326558224967844e-18
590.0,0.4500000306457477,0.4499999892462703,49.939559214486046,49.879118428972085,49.829021909150384,49.8275079401584,49.827507940210104,49.825993971166405,49.82599397126983,3.3394844787055913e-06,3.3394837369593167e-06,3.339484478713266e-06,3.3394837369562136e-06,0.0,0.0,0.0,0.45,0.4500000099460112,3.332655822496785e-18
591.0,0.4500000306457476,0.44999998924627027,49.939559214486046,49.879118428972085,49.829021909150384,49.8275079401584,49.827507940210104,49.825993971166405,49.82599397126984,3.3394844787055913e-06,3.3394837369593167e-06,3.339484478713266e-06,3.3394837369565126e-06,0.0,0.0,0.0,0.45,0.4500000099460112,3.332655822496785e-18
592.0,0.45000003064574756,0.4499999892462702,49.939559214486046,49.879118428972085,49.829021909150384,49.8275079401584,49.827507940210104,49.825993971166405,49.82599397126984,3.3394844787055913e-06,3.3394837369593167e-06,3.3394844787132854e-06,3.339483736956494e-06,0.0,0.0,0.0,0.45,0.4500000099460112,3.332655822496785e-18
593.0,0.45000003064574756,0.4499999892462702,49.939559214486046,49.879118428972085,49.829021909150384,49.8275079401584,49.827507940210104,49.825993971166405,49.82599397126984,3.3394844787055913e-06,3.3394837369593167e-06,3.339484478713298e-06,3.339483736956479e-06,0.0,0.0,0.0,0.45,0.4500000099460112,3.332655822496785e-18
594.0,0.4500000306461675,0.4499999892458503,49.939559214486046,49.879118428972085,49.829021909150384,49.82750794015839,49.827507940210104,49.825993971166405,49.82599397126984,3.339484478720639e-06,3.3394837369593167e-06,3.339484478713314e-06,3.339483736956465e-06,0.0,0.0,0.0,0.45,0.4500000099460112,3.332655822496785e-18
595.0,0.45000003064574756,0.4499999892462702,49.939559214486046,49.879118428972085,49.829021909150384,49.8275079401584,49.827507940210104,49.825993971166405,49.82599397126984,3.3394844787055913e-06,3.3394837369593167e-06,3.3394844787133256e-06,3.339483736956455e-06,0.0,0.0,0.0,0.45,0.4500000099460112,3.332655822496785e-18
596.0,0.4500000306461675,0.4499999892458503,49.93955921448604,49.879118428972085,49.829021909150384,49.82750794015839,49.827507940210104,49.825993971166405,49.82599397126984,3.339484478720639e-06,3.3394837369593167e-06,3.3394844787132697e-06,3.339483736956508e-06,0.0,0.0,0.0,0.45,0.4500000099460112,3.3326558224967844e-18
597.0,0.4500000306461675,0.4499999892458503,49.939559214486046,49.879118428972085,49.829021909150384,49.82750794015839,49.827507940210104,49.825993971166405,49.82599397126984,3.339484478720639e-06,3.3394837369593167e-06,3.339484478713244e-06,3.3394837369565347e-06,0.0,0.0,0.0,0.45,0.4500000099460112,3.332655822496785e-18
598.0,0.4500000306461675,0.4499999892458503,49.939559214486046,49.879118428972085,49.829021909150384,49.82750794015839,49.827507940210104,49.825993971166405,49.82599397126984,3.339484478720639e-06,3.3394837369593167e-06,3.3394844787132557e-06,3.339483736956526e-06,0.0,0.0,0.0,0.45,0.4500000099460112,3.332655822496785e-18
599.0,0.45000003064574756,0.4499999892462702,49.93955921448604,49.879118428972085,49.829021909150384,49.8275079401584,49.827507940210104,49.825993971166405,49.82599397126984,3.3394844787055913e-06,3.3394837369593167e-06,3.3394844787132714e-06,3.3394837369565063e-06,0.0,0.0,0.0,0.45,0.4500000099460112,3.3326558224967844e-18
600.0,0.45000003064574756,0.4499999892462702,49.93955921448604,49.879118428972085,49.829021909150384,49.8275079401584,49.827507940210104,49.825993971166405,49.82599397126984,3.3394844787055913e-06,3.3394837369593167e-06,3.339484478713267e-06,3.3394837369565126e-06,0.0,0.0,0.0,0.45,0.4500000099460112,3.3326558224967844e-18
601.0,0.4500000306457476,0.44999998924627027,49.93955921448604,49.879118428972085,49.829021909150384,49.8275079401584,49.827507940210104,49.825993971166405,49.82599397126984,3.3394844787055913e-06,3.3394837369593167e-06,3.339484478713274e-06,3.3394837369565063e-06,0.0,0.0,0.0,0.45,0.4500000099460112,3.3326558224967844e-18
602.0,0.45000003064616756,0.44999998924585033,49.93955921448604,49.879118428972085,49.829021909150384,49.8275079401584,49.82750794021011,49.825993971166405,49.82599397126984,3.3394844787055913e-06,3.3394837369442696e-06,3.3394844787132854e-06,3.339483736956494e-06,0.0,0.0,0.0,0.45,0.4500000099460112,3.3326558224967844e-18
603.0,0.4500000306457476,0.44999998924627027,49.93955921448604,49.879118428972085,49.829021909150384,49.8275079401584,49.827507940210104,49.825993971166405,49.82599397126983,3.3394844787055913e-06,3.3394837369593167e-06,3.339484478713289e-06,3.3394837369561903e-06,0.0,0.0,0.0,0.45,0.4500000099460112,3.3326558224967844e-18
604.0,0.4500000306461675,0.4499999892458503,49.93955921448604,49.879118428972085,49.829021909150384,49.82750794015839,49.827507940210104,49.825993971166405,49.82599397126983,3.339484478720639e-06,3.3394837369593167e-06,3.3394844787133036e-06,3.3394837369561755e-06,0.0,0.0,0.0,0.45,0.4500000099460112,3.3326558224967844e-18
605.0,0.45000003064616756,0.44999998924585033,49.93955921448604,49.879118428972085,49.829021909150384,49.82750794015839,49.827507940210104,49.825993971166405,49.82599397126983,3.339484478720639e-06,3.3394837369593167e-06,3.3394844787133434e-06,3.3394837369561336e-06,0.0,0.0,0.0,0.45,0.4500000099460112,3.3326558224967844e-18
606.0,0.4500000306461675,0.4499999892458503,49.93955921448604,49.879118428972085,49.829021909150384,49.82750794015839,49.827507940210104,49.825993971166405,49.82599397126984,3.339484478720639e-06,3.3394837369593167e-06,3.3394844787133036e-06,3.3394837369564732e-06,0.0,0.0,0.0,0.45,0.4500000099460112,3.3326558224967844e-18
607.0,0.45000003064658745,0.4499999892454302,49.93955921448604,49.879118428972085,49.829021909150384,49.82750794015839,49.82750794021011,49.825993971166405,49.82599397126984,3.339484478720639e-06,3.3394837369442696e-06,3.339484478713271e-06,3.3394837369565054e-06,0.0,0.0,0.0,0.45,0.4500000099460112,3.3326558224967844e-18
608.0,0.45000003064658745,0.4499999892454302,49.93955921448604,49.879118428972085,49.829021909150384,49.82750794015839,49.82750794021011,49.825993971166405,49.82599397126984,3.339484478720639e-06,3.3394837369442696e-06,3.3394844787132786e-06,3.3394837369564987e-06,0.0,0.0,0.0,0.45,0.4500000099460112,3.3326558224967844e-18
609.0,0.45000003064616745,0.4499999892458502,49.93955921448604,49.879118428972085,49.829021909150384,49.8275079401584,49.82750794021011,49.825993971166405,49.82599397126984,3.3394844787055913e-06,3.3394837369442696e-06,3.3394844787132947e-06,3.3394837369564847e-06,0.0,0.0,0.0,0.45,0.4500000099460112,3.3326558224967844e-18
610.0,0.4500000306461675,0.4499999892458503,49.93955921448604,49.879118428972085,49.829021909150384,49.82750794015839,49.827507940210104,49.825993971166405,49.82599397126984,3.339484478720639e-06,3.3394837369593167e-06,3.3394844787132854e-06,3.339483736956493e-06,0.0,0.0,0.0,0.45,0.4500000099460112,3.3326558224967844e-18
611.0,0.45000003064616756,0.44999998924585033,49.939559214486046,49.879118428972085,49.829021909150384,49.82750794015839,49.827507940210104,49.825993971166405,49.82599397126984,3.339484478720639e-06,3.3394837369593167e-06,3.339484478713227e-06,3.3394837369565516e-06,0.0,0.0,0.0,0.45,0.4500000099460112,3.332655822496785e-18
612.0,0.45000003064658756,0.44999998924543033,49.939559214486046,49.879118428972085,49.829021909150384,49.82750794015839,49.82750794021011,49.825993971166405,49.82599397126984,3.339484478720639e-06,3.3394837369442696e-06,3.3394844787132e-06,3.3394837369565783e-06,0.0,0.0,0.0,0.45,0.4500000099460112,3.332655822496785e-18
613.0,0.4500000306461675,0.4499999892458503,49.939559214486046,49.879118428972085,49.829021909150384,49.8275079401584,49.82750794021011,49.825993971166405,49.82599397126984,3.3394844787055913e-06,3.3394837369442696e-06,3.3394844787132074e-06,3.339483736956572e-06,0.0,0.0,0.0,0.45,0.4500000099460112,3.332655822496785e-18
614.0,0.4500000306457475,0.44999998924627016,49.93955921448604,49.879118428972085,49.829021909150384,49.8275079401584,49.827507940210104,49.825993971166405,49.82599397126984,3.3394844787055913e-06,3.3394837369593167e-06,3.339484478713232e-06,3.3394837369565474e-06,0.0,0.0,0.0,0.45,0.4500000099460112,3.3326558224967844e-18
615.0,0.4500000306457475,0.44999998924627016,49.93955921448604,49.879118428972085,49.829021909150384,49.8275079401584,49.827507940210104,49.825993971166405,49.82599397126983,3.3394844787055913e-06,3.3394837369593167e-06,3.339484478713259e-06,3.3394837369562183e-06,0.0,0.0,0.0,0.45,0.4500000099460112,3.3326558224967844e-18
616.0,0.4500000306461675,0.4499999892458503,49.939559214486046,49.879118428972085,49.829021909150384,49.82750794015839,49.827507940210104,49.825993971166405,49.82599397126984,3.339484478720639e-06,3.3394837369593167e-06,3.339484478713222e-06,3.3394837369565567e-06,0.0,0.0,0.0,0.45,0.4500000099460112,3.332655822496785e-18
617.0,0.4500000306465875,0.4499999892454303,49.939559214486046,49.879118428972085,49.829021909150384,49.82750794015839,49.82750794021011,49.825993971166405,49.82599397126984,3.339484478720639e-06,3.3394837369442696e-06,3.339484478713195e-06,3.3394837369565825e-06,0.0,0.0,0.0,0.45,0.4500000099460112,3.332655822496785e-18
618.0,0.4500000306465875,0.4499999892454303,49.939559214486046,49.879118428972085,49.829021909150384,49.82750794015839,49.82750794021011,49.825993971166405,49.82599397126983,3.339484478720639e-06,3.3394837369442696e-06,3.339484478713202e-06,3.339483736956277e-06,0.0,0.0,0.0,0.45,0.4500000099460112,3.332655822496785e-18
619.0,0.4500000306461675,0.4499999892458503,49.939559214486046,49.879118428972085,49.829021909150384,49.8275079401584,49.82750794021011,49.825993971166405,49.82599397126983,3.3394844787055913e-06,3.3394837369442696e-06,3.3394844787132295e-06,3.339483736956249e-06,0.0,0.0,0.0,0.45,0.4500000099460112,3.332655822496785e-18
620.0,0.45000003064574756,0.4499999892462702,49.939559214486046,49.879118428972085,49.829021909150384,49.8275079401584,49.827507940210104,49.825993971166405,49.82599397126983,3.3394844787055913e-06,3.3394837369593167e-06,3.3394844787132557e-06,3.33948373695622e-06,0.0,0.0,0.0,0.45,0.4500000099460112,3.332655822496785e-18
621.0,0.45000003064574756,0.4499999892462702,49.939559214486046,49.879118428972085,49.829021909150384,49.8275079401584,49.827507940210104,49.825993971166405,49.82599397126984,3.3394844787055913e-06,3.3394837369593167e-06,3.339484478713277e-06,3.3394837369565016e-06,0.0,0.0,0.0,0.45,0.4500000099460112,3.332655822496785e-18
622.0,0.4500000306461675,0.4499999892458503,49.939559214486046,49.879118428972085,49.829021909150384,49.8275079401584,49.82750794021011,49.825993971166405,49.82599397126984,3.3394844787055913e-06,3.3394837369442696e-06,3.3394844787132926e-06,3.3394837369564847e-06,0.0,0.0,0.0,0.45,0.4500000099460112,3.332655822496785e-18
623.0,0.45000003064616756,0.44999998924585033,49.93955921448604,49.879118428972085,49.829021909150384,49.8275079401584,49.82750794021011,49.825993971166405,49.82599397126984,3.3394844787055913e-06,3.3394837369442696e-06,3.3394844787133074e-06,3.339483736956472e-06,0.0,0.0,0.0,0.45,0.4500000099460112,3.3326558224967844e-18
624.0,0.45000003064616756,0.44999998924585033,49.93955921448604,49.879118428972085,49.829021909150384,49.82750794015839,49.827507940210104,49.825993971166405,49.82599397126984,3.339484478720639e-06,3.3394837369593167e-06,3.3394844787133184e-06,3.339483736956459e-06,0.0,0.0,0.0,0.45,0.4500000099460112,3.3326558224967844e-18
625.0,0.4500000306465875,0.4499999892454303,49.93955921448604,49.879118428972085,49.829021909150384,49.82750794015839,49.82750794021011,49.825993971166405,49.82599397126983,3.339484478720639e-06,3.3394837369442696e-06,3.339484478713328e-06,3.339483736956148e-06,0.0,0.0,0.0,0.45,0.4500000099460112,3.3326558224967844e-18
626.0,0.4500000306470309,0.4499999892467137,49.939559214486046,49.879118428972085,49.829021909150384,49.82750794015839,49.827507940210104,49.825993971166405,49.82599397126983,3.339484478720639e-06,3.3394837369593167e-06,3.3394844787133773e-06,3.339483736956235e-06,0.0,0.0,0.0,0.45,0.45000000994602696,3.332655822496785e-18
627.0,0.4500000306445512,0.44999998924423396,49.93955921448605,49.879118428972085,49.82902190915039,49.8275079401584,49.82750794021011,49.82599397116641,49.82599397126984,3.339484478720639e-06,3.3394837369593167e-06,3.339484478713616e-06,3.339483736956597e-06,0.0,0.0,0.0,0.45,0.45000000994597555,3.3326558224967852e-18
628.0,0.4500000306468191,0.44999998924734175,49.939559214486046,49.879118428972085,49.82902190915038,49.82750794015839,49.8275079402101,49.8259939711664,49.82599397126983,3.3394844787055913e-06,3.3394837369593167e-06,3.3394844787129453e-06,3.339483736956303e-06,0.0,0.0,0.0,0.45,0.45000000994603206,3.332655822496785e-18
629.0,0.45000003064819066,0.4499999892487131,49.93955921448565,49.87911842897192,49.82902190915015,49.82750794015818,49.82750794020989,49.82599397116619,49.82599397126961,3.3394844786754967e-06,3.339483736929222e-06,3.339484478703979e-06,3.33948373694698e-06,0.0,0.0,0.0,0.45,0.4500000099460673,3.3326558224967575e-18
630.0,0.45000003062988325,0.44999998922956597,49.93955921448846,49.87911842897415,49.82902190915133,49.82750794015932,49.827507940211035,49.82599397116732,49.82599397127074,3.3394844787657807e-06,3.339483737004459e-06,3.339484478752579e-06,3.3394837369953427e-06,0.0,0.0,0.0,0.45,0.45000000994553935,3.3326558224969493e-18
631.0,0.45000003062756544,0.4499999892264082,49.939559214489464,49.87911842897363,49.82902190915144,49.827507940159435,49.827507940211156,49.82599397116742,49.825993971270854,3.3394844787657807e-06,3.339483736989412e-06,3.339484478754121e-06,3.3394837369976073e-06,0.0,0.0,0.0,0.45,0.45000000994528655,3.332655822497018e-18
632.0,0.45000003065496874,0.4499999892554914,49.93955921448431,49.87911842897136,49.82902190914992,49.82750794015795,49.82750794020966,49.82599397116596,49.82599397126939,3.339484478690544e-06,3.3394837369442696e-06,3.339484478690123e-06,3.3394837369335843e-06,0.0,0.0,0.0,0.45,0.45000000994638273,3.332655822496667e-18
633.0,0.4500000306397157,0.4499999892402384,49.939559214487225,49.87911842897263,49.82902190915077,49.82750794015878,49.82750794021049,49.825993971166774,49.82599397127021,3.339484478720639e-06,3.3394837369743643e-06,3.339484478726695e-06,3.3394837369699796e-06,0.0,0.0,0.0,0.45,0.45000000994576317,3.3326558224968653e-18
634.0,0.45000003064565397,0.4499999892461766,49.93955921448606,49.87911842897211,49.82902190915041,49.82750794015843,49.82750794021014,49.825993971166454,49.82599397126987,3.3394844787055913e-06,3.3394837369593167e-06,3.339484478712987e-06,3.3394837369553408e-06,0.0,0.0,0.0,0.45,0.4500000099460093,3.332655822496786e-18
635.0,0.45000003064602745,0.4499999892457102,49.93955921448605,49.879118428972106,49.829021909150406,49.827507940158426,49.82750794021014,49.82599397116643,49.82599397126987,3.3394844787055913e-06,3.3394837369442696e-06,3.339484478712381e-06,3.3394837369557054e-06,0.0,0.0,0.0,0.45,0.45000000994600853,3.3326558224967852e-18
636.0,0.4500000306466471,0.4499999892454899,49.93955921448605,49.879118428972106,49.82902190915041,49.82750794015842,49.82750794021014,49.82599397116644,49.82599397126986,3.339484478735686e-06,3.3394837369593167e-06,3.339484478712935e-06,3.3394837369557325e-06,0.0,0.0,0.0,0.45,0.45000000994601247,3.3326558224967856e-18
637.0,0.450000030646183,0.44999998924586576,49.93955921448605,49.8791184289721,49.829021909150406,49.82750794015842,49.82750794021013,49.82599397116643,49.82599397126986,3.339484478720639e-06,3.3394837369593167e-06,3.33948447871285e-06,3.3394837369560197e-06,0.0,0.0,0.0,0.45,0.45000000994601147,3.3326558224967852e-18
638.0,0.4500000306461357,0.44999998924581847,49.93955921448605,49.8791184289721,49.8290219091504,49.82750794015841,49.827507940210126,49.825993971166426,49.82599397126985,3.339484478720639e-06,3.3394837369593167e-06,3.3394844787127352e-06,3.3394837369559663e-06,0.0,0.0,0.0,0.45,0.4500000099460106,3.3326558224967852e-18
639.0,0.4500000306461674,0.44999998924585016,49.93955921448605,49.8791184289721,49.8290219091504,49.82750794015841,49.827507940210126,49.82599397116642,49.82599397126985,3.3394844787055913e-06,3.3394837369442696e-06,3.339484478712636e-06,3.3394837369561344e-06,0.0,0.0,0.0,0.45,0.4500000099460112,3.3326558224967852e-18
640.0,0.4500000306457486,0.44999998924627127,49.93955921448605,49.8791184289721,49.8290219091504,49.82750794015841,49.82750794021012,49.82599397116642,49.82599397126985,3.3394844787055913e-06,3.3394837369593167e-06,3.3394844787128377e-06,3.3394837369562517e-06,0.0,0.0,0.0,0.45,0.4500000099460112,3.3326558224967852e-18
641.0,0.45000003064574806,0.4499999892462707,49.939559214486046,49.8791184289721,49.82902190915039,49.82750794015841,49.82750794021012,49.82599397116642,49.82599397126985,3.339484478690544e-06,3.3394837369442696e-06,3.339484478713012e-06,3.339483736956345e-06,0.0,0.0,0.0,0.45,0.4500000099460112,3.332655822496785e-18
642.0,0.450000030646167,0.4499999892458498,49.939559214486046,49.87911842897209,49.82902190915039,49.827507940158405,49.82750794021012,49.82599397116642,49.825993971269845,3.3394844787055913e-06,3.3394837369442696e-06,3.339484478713151e-06,3.3394837369561408e-06,0.0,0.0,0.0,0.45,0.4500000099460112,3.332655822496785e-18
643.0,0.450000030646167,0.4499999892458498,49.939559214486046,49.87911842897209,49.8290219091504,49.827507940158405,49.82750794021012,49.82599397116642,49.825993971269845,3.339484478720639e-06,3.3394837369593167e-06,3.3394844787132375e-06,3.339483736956251e-06,0.0,0.0,0.0,0.45,0.4500000099460112,3.332655822496785e-18
644.0,0.4500000306461676,0.4499999892458504,49.939559214486046,49.87911842897209,49.8290219091504,49.827507940158405,49.82750794021012,49.82599397116642,49.825993971269845,3.339484478720639e-06,3.3394837369593167e-06,3.3394844787132807e-06,3.339483736956379e-06,0.0,0.0,0.0,0.45,0.4500000099460112,3.332655822496785e-18
645.0,0.45000003064574756,0.4499999892462702,49.939559214486046,49.87911842897209,49.82902190915039,49.827507940158405,49.82750794021011,49.82599397116641,49.825993971269845,3.3394844787055913e-06,3.3394837369593167e-06,3.339484478713069e-06,3.3394837369564377e-06,0.0,0.0,0.0,0.45,0.4500000099460112,3.332655822496785e-18
646.0,0.45000003064574756,0.4499999892462702,49.93955921448604,49.879118428972085,49.82902190915039,49.827507940158405,49.82750794021011,49.82599397116641,49.825993971269845,3.3394844787055913e-06,3.3394837369593167e-06,3.3394844787131575e-06,3.339483736956473e-06,0.0,0.0,0.0,0.45,0.4500000099460112,3.3326558224967844e-18
647.0,0.4500000306461675,0.4499999892458503,49.939559214486046,49.879118428972085,49.82902190915039,49.8275079401584,49.82750794021011,49.82599397116641,49.82599397126984,3.339484478720639e-06,3.3394837369593167e-06,3.3394844787132316e-06,3.3394837369562056e-06,0.0,0.0,0.0,0.45,0.4500000099460112,3.332655822496785e-18
648.0,0.45000003064616745,0.4499999892458502,49.939559214486046,49.87911842897209,49.82902190915039,49.8275079401584,49.82750794021011,49.82599397116641,49.82599397126984,3.339484478720639e-06,3.3394837369593167e-06,3.3394844787133095e-06,3.3394837369562217e-06,0.0,0.0,0.0,0.45,0.4500000099460112,3.332655822496785e-18
649.0,0.4500000306461675,0.4499999892458503,49.93955921448604,49.87911842897209,49.82902190915039,49.8275079401584,49.82750794021011,49.82599397116641,49.82599397126984,3.339484478720639e-06,3.3394837369593167e-06,3.3394844787133705e-06,3.3394837369562386e-06,0.0,0.0,0.0,0.45,0.4500000099460112,3.3326558224967844e-18
650.0,0.4500000306461675,0.4499999892458503,49.93955921448604,49.87911842897209,49.82902190915039,49.8275079401584,49.82750794021011,49.82599397116641,49.82599397126984,3.339484478720639e-06,3.3394837369593167e-06,3.3394844787134027e-06,3.3394837369562738e-06,0.0,0.0,0.0,0.45,0.4500000099460112,3.3326558224967844e-18
651.0,0.4500000306461675,0.4499999892458503,49.93955921448604,49.87911842897209,49.829021909150384,49.8275079401584,49.82750794021011,49.825993971166405,49.82599397126984,3.3394844787055913e-06,3.3394837369442696e-06,3.3394844787131088e-06,3.339483736956326e-06,0.0,0.0,0.0,0.45,0.4500000099460112,3.3326558224967844e-18
652.0,0.4500000306457475,0.44999998924627016,49.939559214486046,49.87911842897209,49.82902190915039,49.8275079401584,49.827507940210104,49.82599397116641,49.82599397126983,3.339484478720639e-06,3.3394837369743643e-06,3.3394844787134497e-06,3.339483736956033e-06,0.0,0.0,0.0,0.45,0.4500000099460112,3.332655822496785e-18
653.0,0.45000003064574756,0.4499999892462702,49.939559214486046,49.87911842897209,49.82902190915039,49.8275079401584,49.827507940210104,49.82599397116641,49.82599397126983,3.339484478720639e-06,3.3394837369743643e-06,3.3394844787134836e-06,3.3394837369560413e-06,0.0,0.0,0.0,0.45,0.4500000099460112,3.332655822496785e-18
654.0,0.4500000306457476,0.44999998924627027,49.939559214486046,49.87911842897209,49.82902190915039,49.8275079401584,49.827507940210104,49.82599397116641,49.82599397126983,3.339484478720639e-06,3.3394837369743643e-06,3.3394844787135145e-06,3.339483736956048e-06,0.0,0.0,0.0,0.45,0.4500000099460112,3.332655822496785e-18
655.0,0.45000003064616756,0.44999998924585033,49.93955921448604,49.87911842897209,49.829021909150384,49.82750794015839,49.827507940210104,49.825993971166405,49.82599397126983,3.339484478720639e-06,3.3394837369593167e-06,3.3394844787132384e-06,3.339483736956056e-06,0.0,0.0,0.0,0.45,0.4500000099460112,3.3326558224967844e-18
656.0,0.4500000306461675,0.4499999892458503,49.93955921448604,49.879118428972085,49.82902190915039,49.82750794015839,49.827507940210104,49.825993971166405,49.82599397126983,3.339484478735686e-06,3.3394837369743643e-06,3.3394844787132477e-06,3.339483736956072e-06,0.0,0.0,0.0,0.45,0.4500000099460112,3.3326558224967844e-18
657.0,0.4500000306465875,0.4499999892454303,49.93955921448604,49.87911842897209,49.829021909150384,49.82750794015839,49.82750794021011,49.825993971166405,49.82599397126983,3.339484478720639e-06,3.3394837369442696e-06,3.3394844787132036e-06,3.33948373695614e-06,0.0,0.0,0.0,0.45,0.4500000099460112,3.3326558224967844e-18
658.0,0.4500000306465875,0.4499999892454303,49.93955921448604,49.87911842897209,49.829021909150384,49.82750794015839,49.82750794021011,49.825993971166405,49.82599397126983,3.339484478720639e-06,3.3394837369442696e-06,3.3394844787131537e-06,3.339483736956206e-06,0.0,0.0,0.0,0.45,0.4500000099460112,3.3326558224967844e-18
659.0,0.4500000306461675,0.4499999892458503,49.93955921448604,49.879118428972085,49.829021909150384,49.82750794015839,49.827507940210104,49.825993971166405,49.82599397126983,3.339484478720639e-06,3.3394837369593167e-06,3.339484478713117e-06,3.3394837369562623e-06,0.0,0.0,0.0,0.45,0.4500000099460112,3.3326558224967844e-18
660.0,0.45000003064616745,0.4499999892458502,49.93955921448604,49.879118428972085,49.829021909150384,49.82750794015839,49.827507940210104,49.825993971166405,49.82599397126983,3.339484478720639e-06,3.3394837369593167e-06,3.339484478713106e-06,3.339483736956288e-06,0.0,0.0,0.0,0.45,0.4500000099460112,3.3326558224967844e-18
661.0,0.45000003064574756,0.4499999892462702,49.939559214486046,49.879118428972085,49.829021909150384,49.8275079401584,49.827507940210104,49.825993971166405,49.82599397126984,3.3394844787055913e-06,3.3394837369593167e-06,3.339484478713106e-06,3.3394837369566003e-06,0.0,0.0,0.0,0.45,0.4500000099460112,3.332655822496785e-18
662.0,0.45000003064658756,0.44999998924543033,49.939559214486046,49.879118428972085,49.829021909150384,49.82750794015839,49.82750794021011,49.825993971166405,49.82599397126984,3.339484478720639e-06,3.3394837369442696e-06,3.339484478713079e-06,3.339483736956636e-06,0.0,0.0,0.0,0.45,0.4500000099460112,3.332655822496785e-18
663.0,0.4500000306465875,0.4499999892454303,49.939559214486046,49.879118428972085,49.829021909150384,49.82750794015839,49.82750794021011,49.825993971166405,49.82599397126984,3.339484478720639e-06,3.3394837369442696e-06,3.3394844787131007e-06,3.3394837369566236e-06,0.0,0.0,0.0,0.45,0.4500000099460112,3.332655822496785e-18
664.0,0.4500000306461675,0.4499999892458503,49.939559214486046,49.879118428972085,49.829021909150384,49.8275079401584,49.82750794021011,49.825993971166405,49.82599397126984,3.3394844787055913e-06,3.3394837369442696e-06,3.339484478713143e-06,3.3394837369565914e-06,0.0,0.0,0.0,0.45,0.4500000099460112,3.332655822496785e-18
665.0,0.45000003064574756,0.4499999892462702,49.939559214486046,49.879118428972085,49.829021909150384,49.8275079401584,49.827507940210104,49.825993971166405,49.82599397126984,3.3394844787055913e-06,3.3394837369593167e-06,3.3394844787131685e-06,3.339483736956572e-06,0.0,0.0,0.0,0.45,0.4500000099460112,3.332655822496785e-18
666.0,0.45000003064616756,0.44999998924585033,49.939559214486046,49.879118428972085,49.829021909150384,49.82750794015839,49.827507940210104,49.825993971166405,49.82599397126984,3.339484478720639e-06,3.3394837369593167e-06,3.339484478713145e-06,3.3394837369566003e-06,0.0,0.0,0.0,0.45,0.4500000099460112,3.332655822496785e-18
667.0,0.4500000306465875,0.4499999892454303,49.939559214486046,49.879118428972085,49.829021909150384,49.82750794015839,49.82750794021011,49.825993971166405,49.82599397126984,3.339484478720639e-06,3.3394837369442696e-06,3.339484478713114e-06,3.339483736956636e-06,0.0,0.0,0.0,0.45,0.4500000099460112,3.332655822496785e-18
668.0,0.4500000306465875,0.4499999892454303,49.939559214486046,49.879118428972085,49.829021909150384,49.82750794015839,49.82750794021011,49.825993971166405,49.82599397126983,3.339484478720639e-06,3.3394837369442696e-06,3.3394844787131223e-06,3.3394837369563348e-06,0.0,0.0,0.0,0.45,0.4500000099460112,3.332655822496785e-18
669.0,0.45000003064616756,0.44999998924585033,49.939559214486046,49.879118428972085,49.829021909150384,49.8275079401584,49.82750794021011,49.825993971166405,49.82599397126983,3.3394844787055913e-06,3.3394837369442696e-06,3.3394844787131515e-06,3.3394837369563043e-06,0.0,0.0,0.0,0.45,0.4500000099460112,3.332655822496785e-18
670.0,0.45000003064616756,0.44999998924585033,49.939559214486046,49.879118428972085,49.829021909150384,49.8275079401584,49.82750794021011,49.825993971166405,49.82599397126983,3.3394844787055913e-06,3.3394837369442696e-06,3.339484478713191e-06,3.339483736956271e-06,0.0,0.0,0.0,0.45,0.4500000099460112,3.332655822496785e-18
671.0,0.45000003064616756,0.44999998924585033,49.939559214486046,49.879118428972085,49.829021909150384,49.8275079401584,49.82750794021011,49.825993971166405,49.82599397126983,3.3394844787055913e-06,3.3394837369442696e-06,3.3394844787131867e-06,3.339483736956277e-06,0.0,0.0,0.0,0.45,0.4500000099460112,3.332655822496785e-18
672.0,0.4500000306461675,0.4499999892458503,49.939559214486046,49.879118428972085,49.829021909150384,49.82750794015839,49.827507940210104,49.825993971166405,49.82599397126984,3.339484478720639e-06,3.3394837369593167e-06,3.33948447871315e-06,3.339483736956617e-06,0.0,0.0,0.0,0.45,0.4500000099460112,3.332655822496785e-18
673.0,0.4500000306461675,0.4499999892458503,49.939559214486046,49.879118428972085,49.829021909150384,49.82750794015839,49.827507940210104,49.825993971166405,49.82599397126984,3.339484478720639e-06,3.3394837369593167e-06,3.339484478713195e-06,3.339483736956572e-06,0.0,0.0,0.0,0.45,0.4500000099460112,3.332655822496785e-18
674.0,0.45000003064574756,0.4499999892462702,49.939559214486046,49.879118428972085,49.829021909150384,49.8275079401584,49.827507940210104,49.825993971166405,49.82599397126984,3.3394844787055913e-06,3.3394837369593167e-06,3.3394844787132794e-06,3.33948373695649e-06,0.0,0.0,0.0,0.45,0.4500000099460112,3.332655822496785e-18
675.0,0.45000003064574756,0.4499999892462702,49.939559214486046,49.879118428972085,49.829021909150384,49.8275079401584,49.827507940210104,49.825993971166405,49.82599397126983,3.3394844787055913e-06,3.3394837369593167e-06,3.339484478713354e-06,3.339483736956115e-06,0.0,0.0,0.0,0.45,0.4500000099460112,3.332655822496785e-18
676.0,0.4500000306457475,0.44999998924627016,49.939559214486046,49.879118428972085,49.829021909150384,49.8275079401584,49.827507940210104,49.825993971166405,49.82599397126983,3.3394844787055913e-06,3.3394837369593167e-06,3.3394844787133836e-06,3.339483736956089e-06,0.0,0.0,0.0,0.45,0.4500000099460112,3.332655822496785e-18
677.0,0.4500000306461675,0.4499999892458503,49.939559214486046,49.879118428972085,49.829021909150384,49.8275079401584,49.82750794021011,49.825993971166405,49.82599397126984,3.3394844787055913e-06,3.3394837369442696e-06,3.339484478713384e-06,3.3394837369563885e-06,0.0,0.0,0.0,0.45,0.4500000099460112,3.332655822496785e-18
678.0,0.45000003064616756,0.44999998924585033,49.939559214486046,49.879118428972085,49.829021909150384,49.8275079401584,49.82750794021011,49.825993971166405,49.82599397126984,3.3394844787055913e-06,3.3394837369442696e-06,3.3394844787133773e-06,3.339483736956397e-06,0.0,0.0,0.0,0.45,0.4500000099460112,3.332655822496785e-18
679.0,0.45000003064658756,0.44999998924543033,49.93955921448604,49.879118428972085,49.829021909150384,49.82750794015839,49.82750794021011,49.825993971166405,49.82599397126983,3.339484478720639e-06,3.3394837369442696e-06,3.3394844787133718e-06,3.3394837369561022e-06,0.0,0.0,0.0,0.45,0.4500000099460112,3.3326558224967844e-18
680.0,0.45000003064616756,0.44999998924585033,49.939559214486046,49.879118428972085,49.829021909150384,49.82750794015839,49.827507940210104,49.825993971166405,49.82599397126983,3.339484478720639e-06,3.3394837369593167e-06,3.3394844787133883e-06,3.3394837369560874e-06,0.0,0.0,0.0,0.45,0.4500000099460112,3.332655822496785e-18
681.0,0.4500000306461675,0.4499999892458503,49.939559214486046,49.879118428972085,49.829021909150384,49.82750794015839,49.827507940210104,49.825993971166405,49.82599397126983,3.339484478720639e-06,3.3394837369593167e-06,3.3394844787134056e-06,3.3394837369560675e-06,0.0,0.0,0.0,0.45,0.4500000099460112,3.332655822496785e-18
682.0,0.4500000306465875,0.4499999892454303,49.939559214486046,49.879118428972085,49.829021909150384,49.82750794015839,49.82750794021011,49.825993971166405,49.82599397126984,3.339484478720639e-06,3.3394837369442696e-06,3.339484478713341e-06,3.3394837369564356e-06,0.0,0.0,0.0,0.45,0.4500000099460112,3.332655822496785e-18
683.0,0.4500000306465875,0.4499999892454303,49.939559214486046,49.879118428972085,49.829021909150384,49.82750794015839,49.82750794021011,49.825993971166405,49.82599397126984,3.339484478720639e-06,3.3394837369442696e-06,3.339484478713282e-06,3.339483736956494e-06,0.0,0.0,0.0,0.45,0.4500000099460112,3.332655822496785e-18
684.0,0.4500000306461675,0.4499999892458503,49.939559214486046,49.879118428972085,49.829021909150384,49.82750794015839,49.827507940210104,49.825993971166405,49.82599397126984,3.339484478720639e-06,3.3394837369593167e-06,3.339484478713232e-06,3.3394837369565452e-06,0.0,0.0,0.0,0.45,0.4500000099460112,3.332655822496785e-18
685.0,0.4500000306461675,0.4499999892458503,49.939559214486046,49.879118428972085,49.829021909150384,49.82750794015839,49.827507940210104,49.825993971166405,49.82599397126983,3.339484478720639e-06,3.3394837369593167e-06,3.3394844787131897e-06,3.339483736956288e-06,0.0,0.0,0.0,0.45,0.4500000099460112,3.332655822496785e-18
686.0,0.4500000306461675,0.4499999892458503,49.939559214486046,49.879118428972085,49.829021909150384,49.82750794015839,49.827507940210104,49.825993971166405,49.82599397126984,3.339484478720639e-06,3.3394837369593167e-06,3.3394844787131515e-06,3.339483736956625e-06,0.0,0.0,0.0,0.45,0.4500000099460112,3.332655822496785e-18
687.0,0.4500000306465875,0.4499999892454303,49.939559214486046,49.879118428972085,49.829021909150384,49.82750794015839,49.82750794021011,49.825993971166405,49.82599397126984,3.339484478720639e-06,3.3394837369442696e-06,3.3394844787131223e-06,3.339483736956656e-06,0.0,0.0,0.0,0.45,0.4500000099460112,3.332655822496785e-18
688.0,0.45000003064658756,0.44999998924543033,49.939559214486046,49.879118428972085,49.829021909150384,49.82750794015839,49.82750794021011,49.825993971166405,49.82599397126984,3.339484478720639e-06,3.3394837369442696e-06,3.3394844787130948e-06,3.3394837369566833e-06,0.0,0.0,0.0,0.45,0.4500000099460112,3.332655822496785e-18
689.0,0.45000003064658756,0.44999998924543033,49.939559214486046,49.879118428972085,49.829021909150384,49.82750794015839,49.82750794021011,49.825993971166405,49.82599397126984,3.339484478720639e-06,3.3394837369442696e-06,3.3394844787130728e-06,3.3394837369567083e-06,0.0,0.0,0.0,0.45,0.4500000099460112,3.332655822496785e-18
690.0,0.45000003064616756,0.44999998924585033,49.93955921448604,49.879118428972085,49.829021909150384,49.82750794015839,49.827507940210104,49.825993971166405,49.82599397126984,3.339484478720639e-06,3.3394837369593167e-06,3.3394844787130524e-06,3.339483736956727e-06,0.0,0.0,0.0,0.45,0.4500000099460112,3.3326558224967844e-18
691.0,0.4500000306460864,0.44999998924576917,49.939559214486046,49.879118428972085,49.829021909150384,49.8275079401584,49.82750794021011,49.82599397116641,49.82599397126983,3.3394844787055913e-06,3.3394837369442696e-06,3.339484478713345e-06,3.3394837369564343e-06,0.0,0.0,0.0,0.45,0.4500000099460129,3.332655822496785e-18
692.0,0.4500000306461719,0.44999998924585466,49.93955921448604,49.87911842897209,49.829021909150384,49.82750794015839,49.827507940210104,49.825993971166405,49.82599397126983,3.339484478720639e-06,3.3394837369593167e-06,3.3394844787130863e-06,3.3394837369563847e-06,0.0,0.0,0.0,0.45,0.45000000994601114,3.3326558224967844e-18
693.0,0.45000003064574556,0.4499999892462682,49.93955921448604,49.879118428972085,49.829021909150384,49.8275079401584,49.827507940210104,49.825993971166405,49.82599397126984,3.3394844787055913e-06,3.3394837369593167e-06,3.3394844787131227e-06,3.33948373695665e-06,0.0,0.0,0.0,0.45,0.4500000099460112,3.3326558224967844e-18
694.0,0.45000003065148664,0.4499999892520093,49.93955921448601,49.87911842897184,49.82902190915009,49.827507940158114,49.82750794020982,49.825993971166135,49.825993971269554,3.3394844787055913e-06,3.3394837369593167e-06,3.339484478702521e-06,3.3394837369453636e-06,0.0,0.0,0.0,0.45,0.45000000994611544,3.332655822496782e-18
695.0,0.4500000306485334,0.44999998924821616,49.939559214486415,49.879118428972404,49.82902190915047,49.827507940158476,49.82750794021019,49.8259939711665,49.82599397126992,3.339484478735686e-06,3.3394837369743643e-06,3.339484478718217e-06,3.339483736961051e-06,0.0,0.0,0.0,0.45,0.45000000994606787,3.3326558224968103e-18
696.0,0.45000003064268357,0.44999998924236634,49.93955921448695,49.879118428973214,49.82902190915115,49.827507940159144,49.82750794021086,49.825993971167144,49.82599397127058,3.3394844787657807e-06,3.339483737004459e-06,3.3394844787456975e-06,3.339483736989175e-06,0.0,0.0,0.0,0.45,0.4500000099459841,3.3326558224968465e-18
697.0,0.4500000306435621,0.44999998924240486,49.939559214487204,49.87911842897361,49.82902190915164,49.827507940159634,49.827507940211355,49.82599397116762,49.82599397127105,3.3394844787657807e-06,3.339483736989412e-06,3.3394844787660902e-06,3.339483737009604e-06,0.0,0.0,0.0,0.45,0.4500000099460175,3.3326558224968634e-18
698.0,0.45000003065869404,0.4499999892583768,49.93955921448675,49.879118428972916,49.82902190915147,49.827507940159464,49.82750794021118,49.825993971167456,49.82599397127088,3.3394844787657807e-06,3.339483737004459e-06,3.3394844787599188e-06,3.3394837370031e-06,0.0,0.0,0.0,0.45,0.45000000994632144,3.332655822496833e-18
699.0,0.45000003064983085,0.4499999892503535,49.93955921448589,49.87911842897218,49.829021909150455,49.827507940158476,49.82750794021018,49.825993971166476,49.82599397126991,3.3394844787055913e-06,3.3394837369593167e-06,3.339484478717169e-06,3.339483736960541e-06,0.0,0.0,0.0,0.45,0.4500000099461049,3.332655822496774e-18
700.0,0.45000003065592586,0.4499999892564485,49.939559214485556,49.87911842897177,49.829021909149866,49.827507940157886,49.82750794020959,49.8259939711659,49.82599397126933,3.339484478690544e-06,3.3394837369442696e-06,3.339484478693791e-06,3.3394837369368687e-06,0.0,0.0,0.0,0.45,0.450000009946161,3.3326558224967513e-18
701.0,0.45000003067586314,0.4499999892755459,49.93955921448556,49.879118428971545,49.82902190914956,49.82750794015759,49.8275079402093,49.82599397116561,49.82599397126904,3.339484478690544e-06,3.339483736929222e-06,3.3394844786846696e-06,3.339483736928111e-06,0.0,0.0,0.0,0.45,0.45000000994646133,3.332655822496752e-18
702.0,0.4500000306996339,0.44999998929931667,49.939559214485726,49.87911842897141,49.829021909149354,49.82750794015739,49.8275079402091,49.82599397116541,49.82599397126884,3.339484478660449e-06,3.3394837368991274e-06,3.3394844786818198e-06,3.3394837369253223e-06,0.0,0.0,0.0,0.45,0.45000000994681494,3.3326558224967633e-18
703.0,0.45000003071848954,0.4499999893181723,49.93955921448584,49.87911842897134,49.829021909149034,49.82750794015707,49.82750794020878,49.8259939711651,49.82599397126853,3.3394844786754967e-06,3.3394837369141745e-06,3.339484478676064e-06,3.339483736919563e-06,0.0,0.0,0.0,0.45,0.450000009947031,3.3326558224967706e-18
704.0,0.45000003064755395,0.4499999892480766,49.93955921448572,49.879118428971594,49.82902190914995,49.827507940157965,49.82750794020968,49.82599397116598,49.825993971269405,3.3394844787055913e-06,3.3394837369593167e-06,3.3394844787144445e-06,3.3394837369575473e-06,0.0,0.0,0.0,0.45,0.45000000994598055,3.3326558224967625e-18
705.0,0.4500000306223506,0.44999998922287326,49.93955921448562,49.879118428971665,49.82902190915026,49.82750794015829,49.82750794021,49.825993971166284,49.82599397126972,3.339484478690544e-06,3.3394837369442696e-06,3.339484478726051e-06,3.339483736969438e-06,0.0,0.0,0.0,0.45,0.45000000994561445,3.3326558224967556e-18
706.0,0.45000003062864297,0.4499999892283257,49.93955921448571,49.87911842897175,49.82902190915018,49.827507940158185,49.827507940209905,49.8259939711662,49.825993971269625,3.339484478720639e-06,3.3394837369593167e-06,3.3394844787191663e-06,3.3394837369625956e-06,0.0,0.0,0.0,0.45,0.45000000994569733,3.332655822496762e-18
707.0,0.45000003063137595,0.44999998923105866,49.93955921448618,49.879118428972205,49.829021909150164,49.82750794015817,49.82750794020989,49.82599397116619,49.82599397126961,3.339484478720639e-06,3.3394837369593167e-06,3.339484478713604e-06,3.339483736956803e-06,0.0,0.0,0.0,0.45,0.4500000099457176,3.3326558224967937e-18
708.0,0.45000003059675425,0.44999998919643697,49.93955921448718,49.879118428973314,49.82902190915071,49.82750794015872,49.82750794021043,49.825993971166724,49.82599397127015,3.339484478720639e-06,3.3394837369593167e-06,3.3394844787282757e-06,3.339483736971845e-06,0.0,0.0,0.0,0.45,0.45000000994516365,3.332655822496862e-18
709.0,0.45000003071065087,0.4499999893111735,49.939559214486806,49.879118428972255,49.82902190915057,49.827507940158576,49.82750794021028,49.825993971166575,49.82599397127,3.339484478735686e-06,3.339483736989412e-06,3.33948447873395e-06,3.33948373697712e-06,0.0,0.0,0.0,0.45,0.4500000099476467,3.3326558224968364e-18
710.0,0.45000003073139244,0.4499999893310752,49.939559214487,49.87911842897249,49.82902190915089,49.82750794015888,49.8275079402106,49.82599397116688,49.8259939712703,3.3394844787507335e-06,3.339483736989412e-06,3.3394844787476825e-06,3.339483736990841e-06,0.0,0.0,0.0,0.45,0.4500000099482542,3.3326558224968495e-18
711.0,0.4500000307300751,0.4499999893297579,49.939559214488206,49.879118428973776,49.82902190915167,49.827507940159656,49.82750794021137,49.825993971167634,49.82599397127106,3.339484478780828e-06,3.3394837370195065e-06,3.3394844787808667e-06,3.3394837370240766e-06,0.0,0.0,0.0,0.45,0.45000000994868056,3.3326558224969316e-18
712.0,0.450000030825405,0.4499999894250877,49.939559214490494,49.87911842897523,49.82902190915269,49.82750794016064,49.82750794021236,49.8259939711686,49.82599397127203,3.339484478841018e-06,3.3394837370796958e-06,3.339484478839026e-06,3.339483737082589e-06,0.0,0.0,0.0,0.45,0.45000000995153,3.332655822497088e-18
713.0,0.45000003113524806,0.4499999897357706,49.93955921449399,49.87911842897601,49.82902190915368,49.827507940161595,49.82750794021331,49.82599397116951,49.825993971272936,3.339484478931302e-06,3.3394837371850273e-06,3.339484478927691e-06,3.3394837371709424e-06,0.0,0.0,0.0,0.45,0.4500000099594065,3.3326558224973256e-18
714.0,0.450000030619062,0.4499999892179048,49.939559214485016,49.8791184289709,49.829021909148835,49.82750794015684,49.82750794020856,49.82599397116485,49.825993971268275,3.339484478720639e-06,3.3394837369442696e-06,3.3394844787242735e-06,3.339483736967558e-06,0.0,0.0,0.0,0.45,0.45000000994506273,3.3326558224967147e-18
715.0,0.45000003044500075,0.4499999890446833,49.9395592144823,49.87911842896953,49.82902190914752,49.82750794015557,49.82750794020728,49.8259939711636,49.82599397126703,3.3394844786454016e-06,3.33948373688408e-06,3.3394844786583536e-06,3.3394837369019764e-06,0.0,0.0,0.0,0.45,0.45000000994042194,3.33265582249653e-18
716.0,0.4500000305730556,0.4499999891727383,49.93955921448453,49.87911842897081,49.829021909148835,49.82750794015685,49.82750794020856,49.82599397116487,49.825993971268296,3.3394844787055913e-06,3.3394837369442696e-06,3.339484478704368e-06,3.3394837369477196e-06,0.0,0.0,0.0,0.45,0.45000000994405026,3.332655822496682e-18
717.0,0.45000003074273875,0.4499999893432614,49.939559214487375,49.879118428972426,49.829021909150455,49.82750794015845,49.827507940210154,49.82599397116644,49.82599397126987,3.3394844787657807e-06,3.3394837370195065e-06,3.3394844787647456e-06,3.339483737008112e-06,0.0,0.0,0.0,0.45,0.4500000099487298,3.332655822496875e-18
718.0,0.45000003069524236,0.4499999892957648,49.939559214486444,49.87911842897198,49.82902190915007,49.82750794015807,49.82750794020978,49.82599397116607,49.82599397126949,3.3394844787507335e-06,3.339483737004459e-06,3.339484478742213e-06,3.339483736985277e-06,0.0,0.0,0.0,0.45,0.45000000994724243,3.3326558224968118e-18
719.0,0.4500000306452947,0.44999998924497747,49.93955921448585,49.87911842897167,49.829021909149795,49.827507940157794,49.827507940209514,49.82599397116581,49.82599397126924,3.339484478735686e-06,3.3394837369743643e-06,3.33948447872451e-06,3.3394837369680556e-06,0.0,0.0,0.0,0.45,0.45000000994599415,3.332655822496771e-18
720.0,0.45000003064187016,0.4499999892423928,49.93955921448589,49.87911842897173,49.82902190914988,49.827507940157886,49.82750794020959,49.825993971165886,49.82599397126932,3.339484478720639e-06,3.3394837369743643e-06,3.3394844787226756e-06,3.3394837369662023e-06,0.0,0.0,0.0,0.45,0.45000000994596767,3.332655822496774e-18
721.0,0.4500000306447613,0.44999998924444407,49.939559214485904,49.87911842897178,49.82902190914995,49.82750794015796,49.82750794020967,49.82599397116597,49.8259939712694,3.339484478735686e-06,3.3394837369743643e-06,3.339484478721572e-06,3.3394837369648483e-06,0.0,0.0,0.0,0.45,0.4500000099460011,3.3326558224967752e-18
722.0,0.45000003064776345,0.4499999892474462,49.93955921448592,49.87911842897182,49.82902190915002,49.82750794015802,49.82750794020974,49.82599397116604,49.82599397126946,3.339484478735686e-06,3.3394837369743643e-06,3.339484478720475e-06,3.339483736963812e-06,0.0,0.0,0.0,0.45,0.4500000099460399,3.332655822496776e-18
723.0,0.4500000306463516,0.44999998924603435,49.93955921448595,49.879118428971864,49.82902190915008,49.827507940158085,49.8275079402098,49.825993971166085,49.82599397126952,3.339484478735686e-06,3.3394837369743643e-06,3.3394844787189618e-06,3.339483736962609e-06,0.0,0.0,0.0,0.45,0.4500000099460296,3.3326558224967787e-18
724.0,0.4500000306462283,0.44999998924591106,49.939559214485946,49.87911842897191,49.829021909150114,49.82750794015813,49.82750794020984,49.825993971166135,49.82599397126957,3.339484478720639e-06,3.3394837369593167e-06,3.339484478718145e-06,3.33948373696182e-06,0.0,0.0,0.0,0.45,0.4500000099460112,3.332655822496778e-18
725.0,0.4500000306464619,0.44999998924614465,49.93955921448595,49.87911842897193,49.82902190915016,49.827507940158156,49.82750794020988,49.82599397116618,49.825993971269604,3.339484478735686e-06,3.3394837369743643e-06,3.3394844787174824e-06,3.3394837369608897e-06,0.0,0.0,0.0,0.45,0.45000000994600864,3.3326558224967783e-18
726.0,0.4500000306463334,0.4499999892460162,49.939559214485975,49.87911842897196,49.82902190915019,49.82750794015819,49.82750794020991,49.82599397116621,49.82599397126963,3.339484478735686e-06,3.3394837369743643e-06,3.339484478716878e-06,3.339483736960314e-06,0.0,0.0,0.0,0.45,0.45000000994601136,3.33265582249678e-18
727.0,0.45000003064615807,0.44999998924584084,49.93955921448599,49.87911842897197,49.82902190915022,49.82750794015822,49.827507940209934,49.825993971166234,49.82599397126966,3.339484478735686e-06,3.3394837369743643e-06,3.3394844787162847e-06,3.3394837369597436e-06,0.0,0.0,0.0,0.45,0.45000000994601486,3.332655822496781e-18
728.0,0.45000003064625077,0.44999998924593354,49.939559214485996,49.879118428971985,49.829021909150235,49.82750794015825,49.82750794020996,49.825993971166255,49.82599397126969,3.339484478720639e-06,3.3394837369593167e-06,3.3394844787156554e-06,3.3394837369594336e-06,0.0,0.0,0.0,0.45,0.4500000099460146,3.3326558224967814e-18
729.0,0.45000003064658484,0.4499999892454276,49.939559214486,49.879118428972,49.829021909150256,49.82750794015826,49.82750794020998,49.825993971166284,49.82599397126971,3.339484478735686e-06,3.3394837369593167e-06,3.3394844787155135e-06,3.339483736959035e-06,0.0,0.0,0.0,0.45,0.4500000099460111,3.3326558224967817e-18
730.0,0.45000003064570926,0.4499999892462319,49.93955921448601,49.87911842897201,49.82902190915028,49.82750794015829,49.82750794021,49.825993971166305,49.825993971269725,3.339484478720639e-06,3.3394837369743643e-06,3.339484478715292e-06,3.3394837369584837e-06,0.0,0.0,0.0,0.45,0.4500000099460104,3.332655822496782e-18
731.0,0.4500000306457386,0.4499999892462613,49.93955921448601,49.87911842897203,49.82902190915029,49.827507940158306,49.82750794021001,49.82599397116632,49.82599397126974,3.339484478720639e-06,3.3394837369743643e-06,3.339484478714959e-06,3.3394837369580695e-06,0.0,0.0,0.0,0.45,0.4500000099460111,3.332655822496782e-18
732.0,0.45000003064617755,0.4499999892458603,49.93955921448602,49.879118428972035,49.829021909150306,49.82750794015831,49.82750794021003,49.825993971166326,49.82599397126976,3.339484478720639e-06,3.3394837369593167e-06,3.339484478714477e-06,3.3394837369580826e-06,0.0,0.0,0.0,0.45,0.4500000099460115,3.3326558224967825e-18
733.0,0.450000030646111,0.44999998924579376,49.939559214486025,49.87911842897204,49.82902190915031,49.82750794015833,49.82750794021005,49.82599397116634,49.825993971269774,3.3394844787055913e-06,3.3394837369442696e-06,3.3394844787144018e-06,3.339483736957914e-06,0.0,0.0,0.0,0.45,0.45000000994601014,3.3326558224967833e-18
734.0,0.4500000306457322,0.44999998924625484,49.939559214486025,49.87911842897205,49.82902190915032,49.827507940158334,49.82750794021005,49.825993971166355,49.825993971269774,3.3394844787055913e-06,3.3394837369593167e-06,3.339484478714417e-06,3.3394837369575655e-06,0.0,0.0,0.0,0.45,0.4500000099460108,3.3326558224967837e-18
735.0,0.450000030645751,0.44999998924627366,49.939559214486025,49.879118428972056,49.829021909150335,49.82750794015835,49.82750794021006,49.82599397116636,49.82599397126978,3.3394844787055913e-06,3.3394837369593167e-06,3.3394844787142302e-06,3.3394837369572995e-06,0.0,0.0,0.0,0.45,0.45000000994601114,3.3326558224967837e-18
736.0,0.4500000306457357,0.44999998924625834,49.939559214486025,49.87911842897206,49.82902190915034,49.827507940158355,49.82750794021007,49.82599397116637,49.825993971269796,3.3394844787055913e-06,3.3394837369593167e-06,3.339484478714117e-06,3.339483736957413e-06,0.0,0.0,0.0,0.45,0.4500000099460109,3.3326558224967837e-18
737.0,0.45000003064571115,0.4499999892462338,49.93955921448603,49.87911842897206,49.82902190915035,49.82750794015836,49.827507940210076,49.825993971166376,49.8259939712698,3.3394844787055913e-06,3.3394837369593167e-06,3.3394844787140485e-06,3.339483736957308e-06,0.0,0.0,0.0,0.45,0.45000000994601047,3.332655822496784e-18
738.0,0.4500000306457022,0.44999998924622486,49.93955921448604,49.87911842897207,49.82902190915035,49.82750794015836,49.827507940210076,49.825993971166376,49.8259939712698,3.3394844787055913e-06,3.3394837369593167e-06,3.339484478713699e-06,3.339483736956992e-06,0.0,0.0,0.0,0.45,0.4500000099460102,3.3326558224967844e-18
739.0,0.45000003064659866,0.44999998924544143,49.93955921448603,49.87911842897208,49.829021909150356,49.82750794015836,49.82750794021009,49.82599397116638,49.82599397126981,3.339484478720639e-06,3.3394837369442696e-06,3.3394844787136572e-06,3.3394837369570725e-06,0.0,0.0,0.0,0.45,0.45000000994601136,3.332655822496784e-18
740.0,0.45000003064620325,0.449999989245886,49.93955921448603,49.87911842897208,49.82902190915036,49.82750794015837,49.82750794021009,49.82599397116638,49.82599397126981,3.339484478720639e-06,3.3394837369593167e-06,3.3394844787137114e-06,3.339483736956842e-06,0.0,0.0,0.0,0.45,0.4500000099460119,3.332655822496784e-18
741.0,0.450000030645779,0.44999998924630163,49.93955921448603,49.87911842897208,49.82902190915037,49.82750794015838,49.82750794021009,49.82599397116638,49.82599397126981,3.339484478720639e-06,3.3394837369743643e-06,3.3394844787135357e-06,3.3394837369566164e-06,0.0,0.0,0.0,0.45,0.45000000994601186,3.332655822496784e-18
742.0,0.4500000306461804,0.44999998924586315,49.93955921448604,49.87911842897208,49.82902190915037,49.82750794015838,49.82750794021009,49.82599397116639,49.82599397126981,3.339484478720639e-06,3.3394837369593167e-06,3.3394844787136877e-06,3.3394837369564186e-06,0.0,0.0,0.0,0.45,0.45000000994601147,3.3326558224967844e-18
743.0,0.4500000306461621,0.4499999892458449,49.93955921448604,49.879118428972085,49.82902190915037,49.82750794015838,49.82750794021009,49.82599397116639,49.82599397126982,3.339484478720639e-06,3.3394837369593167e-06,3.3394844787135314e-06,3.339483736956574e-06,0.0,0.0,0.0,0.45,0.45000000994601097,3.3326558224967844e-18
744.0,0.45000003064658317,0.44999998924542595,49.93955921448604,49.879118428972085,49.82902190915037,49.82750794015838,49.8275079402101,49.82599397116639,49.82599397126982,3.339484478720639e-06,3.3394837369442696e-06,3.339484478713347e-06,3.3394837369564923e-06,0.0,0.0,0.0,0.45,0.4500000099460112,3.3326558224967844e-18
745.0,0.4500000306461847,0.4499999892458675,49.93955921448603,49.879118428972085,49.82902190915038,49.827507940158384,49.8275079402101,49.82599397116639,49.825993971269824,3.339484478720639e-06,3.3394837369593167e-06,3.3394844787132235e-06,3.3394837369566977e-06,0.0,0.0,0.0,0.45,0.4500000099460117,3.332655822496784e-18
746.0,0.45000003064620725,0.44999998924589,49.93955921448603,49.879118428972085,49.82902190915038,49.827507940158384,49.8275079402101,49.82599397116639,49.825993971269824,3.339484478720639e-06,3.3394837369593167e-06,3.339484478713152e-06,3.3394837369565884e-06,0.0,0.0,0.0,0.45,0.45000000994601214,3.332655822496784e-18
747.0,0.4500000306462114,0.4499999892458942,49.93955921448604,49.879118428972085,49.82902190915038,49.827507940158384,49.8275079402101,49.8259939711664,49.82599397126983,3.339484478720639e-06,3.3394837369593167e-06,3.3394844787134086e-06,3.339483736956779e-06,0.0,0.0,0.0,0.45,0.45000000994601225,3.3326558224967844e-18
748.0,0.4500000306461778,0.44999998924586054,49.93955921448604,49.879118428972085,49.829021909150384,49.827507940158384,49.8275079402101,49.825993971166405,49.825993971269824,3.339484478735686e-06,3.3394837369743643e-06,3.3394844787136708e-06,3.339483736956382e-06,0.0,0.0,0.0,0.45,0.45000000994601175,3.3326558224967844e-18
749.0,0.450000030646598,0.44999998924544077,49.939559214486046,49.879118428972085,49.82902190915038,49.827507940158384,49.827507940210104,49.8259939711664,49.825993971269824,3.339484478720639e-06,3.3394837369442696e-06,3.339484478713286e-06,3.3394837369563517e-06,0.0,0.0,0.0,0.45,0.4500000099460113,3.332655822496785e-18
750.0,0.4500000306465838,0.44999998924542656,49.939559214486046,49.879118428972085,49.82902190915038,49.827507940158384,49.827507940210104,49.8259939711664,49.825993971269824,3.339484478720639e-06,3.3394837369442696e-06,3.3394844787131833e-06,3.3394837369563432e-06,0.0,0.0,0.0,0.45,0.4500000099460109,3.332655822496785e-18
751.0,0.4500000306461437,0.44999998924582646,49.939559214486046,49.879118428972085,49.829021909150384,49.82750794015839,49.827507940210104,49.8259939711664,49.825993971269824,3.339484478720639e-06,3.3394837369593167e-06,3.3394844787130927e-06,3.3394837369563343e-06,0.0,0.0,0.0,0.45,0.4500000099460107,3.332655822496785e-18
752.0,0.45000003064613975,0.4499999892458225,49.93955921448604,49.879118428972085,49.829021909150384,49.82750794015839,49.827507940210104,49.825993971166405,49.82599397126983,3.339484478720639e-06,3.3394837369593167e-06,3.3394844787133256e-06,3.3394837369566147e-06,0.0,0.0,0.0,0.45,0.45000000994601075,3.3326558224967844e-18
753.0,0.4500000306461741,0.4499999892458569,49.93955921448604,49.879118428972085,49.829021909150384,49.82750794015839,49.827507940210104,49.825993971166405,49.82599397126983,3.339484478720639e-06,3.3394837369593167e-06,3.3394844787133074e-06,3.3394837369565685e-06,0.0,0.0,0.0,0.45,0.4500000099460113,3.3326558224967844e-18
754.0,0.4500000306461405,0.4499999892458233,49.939559214486046,49.879118428972085,49.82902190915038,49.82750794015839,49.827507940210104,49.8259939711664,49.82599397126983,3.3394844787055913e-06,3.3394837369442696e-06,3.3394844787130313e-06,3.3394837369564783e-06,0.0,0.0,0.0,0.45,0.45000000994601064,3.332655822496785e-18
755.0,0.45000003064614047,0.44999998924582324,49.939559214486046,49.879118428972085,49.829021909150384,49.82750794015839,49.827507940210104,49.825993971166405,49.82599397126983,3.339484478720639e-06,3.3394837369593167e-06,3.33948447871331e-06,3.339483736956448e-06,0.0,0.0,0.0,0.45,0.4500000099460107,3.332655822496785e-18
756.0,0.4500000306461713,0.44999998924585405,49.93955921448604,49.879118428972085,49.829021909150384,49.82750794015839,49.827507940210104,49.825993971166405,49.82599397126983,3.339484478720639e-06,3.3394837369593167e-06,3.3394844787132604e-06,3.339483736956455e-06,0.0,0.0,0.0,0.45,0.4500000099460113,3.3326558224967844e-18
757.0,0.45000003064620864,0.4499999892458914,49.93955921448604,49.879118428972085,49.829021909150384,49.82750794015839,49.827507940210104,49.825993971166405,49.82599397126984,3.339484478720639e-06,3.3394837369593167e-06,3.3394844787132197e-06,3.339483736956767e-06,0.0,0.0,0.0,0.45,0.4500000099460121,3.3326558224967844e-18
758.0,0.45000003064622845,0.4499999892459112,49.93955921448604,49.879118428972085,49.829021909150384,49.82750794015839,49.827507940210104,49.825993971166405,49.82599397126983,3.339484478720639e-06,3.3394837369593167e-06,3.3394844787132155e-06,3.339483736956455e-06,0.0,0.0,0.0,0.45,0.4500000099460125,3.3326558224967844e-18
759.0,0.4500000306457211,0.44999998924624374,49.939559214486046,49.879118428972085,49.829021909150384,49.8275079401584,49.827507940210104,49.825993971166405,49.82599397126983,3.3394844787055913e-06,3.3394837369593167e-06,3.339484478713245e-06,3.339483736956396e-06,0.0,0.0,0.0,0.45,0.45000000994601064,3.332655822496785e-18
760.0,0.4500000306456948,0.4499999892462175,49.939559214486046,49.879118428972085,49.829021909150384,49.8275079401584,49.827507940210104,49.825993971166405,49.82599397126984,3.3394844787055913e-06,3.3394837369593167e-06,3.3394844787132557e-06,3.3394837369566545e-06,0.0,0.0,0.0,0.45,0.4500000099460101,3.332655822496785e-18
761.0,0.4500000306457135,0.44999998924623613,49.939559214486046,49.879118428972085,49.829021909150384,49.8275079401584,49.827507940210104,49.825993971166405,49.82599397126983,3.3394844787055913e-06,3.3394837369593167e-06,3.3394844787132604e-06,3.3394837369563237e-06,0.0,0.0,0.0,0.45,0.45000000994601047,3.332655822496785e-18
762.0,0.4500000306457388,0.44999998924626144,49.939559214486046,49.879118428972085,49.829021909150384,49.8275079401584,49.827507940210104,49.825993971166405,49.82599397126983,3.3394844787055913e-06,3.3394837369593167e-06,3.3394844787132807e-06,3.3394837369562797e-06,0.0,0.0,0.0,0.45,0.450000009946011,3.332655822496785e-18
763.0,0.45000003064573224,0.4499999892462549,49.939559214486046,49.879118428972085,49.829021909150384,49.8275079401584,49.827507940210104,49.825993971166405,49.82599397126984,3.3394844787055913e-06,3.3394837369593167e-06,3.339484478713328e-06,3.3394837369565135e-06,0.0,0.0,0.0,0.45,0.4500000099460108,3.332655822496785e-18
764.0,0.4500000306457284,0.44999998924625106,49.939559214486046,49.879118428972085,49.829021909150384,49.8275079401584,49.827507940210104,49.825993971166405,49.82599397126984,3.3394844787055913e-06,3.3394837369593167e-06,3.3394844787133603e-06,3.339483736956465e-06,0.0,0.0,0.0,0.45,0.45000000994601075,3.332655822496785e-18
765.0,0.450000030645744,0.44999998924626666,49.939559214486046,49.879118428972085,49.829021909150384,49.8275079401584,49.827507940210104,49.825993971166405,49.82599397126984,3.3394844787055913e-06,3.3394837369593167e-06,3.3394844787133345e-06,3.3394837369564826e-06,0.0,0.0,0.0,0.45,0.45000000994601114,3.332655822496785e-18
766.0,0.4500000306461838,0.4499999892458666,49.93955921448604,49.879118428972085,49.829021909150384,49.82750794015839,49.827507940210104,49.825993971166405,49.82599397126984,3.339484478720639e-06,3.3394837369593167e-06,3.3394844787132854e-06,3.339483736956528e-06,0.0,0.0,0.0,0.45,0.4500000099460115,3.3326558224967844e-18
767.0,0.45000003064619765,0.4499999892458804,49.93955921448604,49.879118428972085,49.829021909150384,49.82750794015839,49.827507940210104,49.825993971166405,49.82599397126984,3.339484478720639e-06,3.3394837369593167e-06,3.339484478713241e-06,3.3394837369565745e-06,0.0,0.0,0.0,0.45,0.4500000099460118,3.3326558224967844e-18
768.0,0.4500000306461948,0.4499999892458776,49.93955921448604,49.879118428972085,49.829021909150384,49.82750794015839,49.827507940210104,49.825993971166405,49.82599397126983,3.339484478720639e-06,3.3394837369593167e-06,3.339484478713233e-06,3.339483736956285e-06,0.0,0.0,0.0,0.45,0.45000000994601175,3.3326558224967844e-18
769.0,0.45000003064572575,0.4499999892462484,49.939559214486046,49.879118428972085,49.829021909150384,49.8275079401584,49.827507940210104,49.825993971166405,49.82599397126984,3.3394844787055913e-06,3.3394837369593167e-06,3.3394844787132697e-06,3.339483736956538e-06,0.0,0.0,0.0,0.45,0.4500000099460107,3.332655822496785e-18
770.0,0.4500000306457121,0.44999998924623474,49.939559214486046,49.879118428972085,49.829021909150384,49.8275079401584,49.827507940210104,49.825993971166405,49.82599397126984,3.3394844787055913e-06,3.3394837369593167e-06,3.3394844787132557e-06,3.3394837369565436e-06,0.0,0.0,0.0,0.45,0.4500000099460104,3.332655822496785e-18
771.0,0.4500000306461425,0.4499999892458253,49.939559214486046,49.879118428972085,49.829021909150384,49.82750794015839,49.827507940210104,49.825993971166405,49.82599397126984,3.339484478720639e-06,3.3394837369593167e-06,3.3394844787132134e-06,3.3394837369565774e-06,0.0,0.0,0.0,0.45,0.45000000994601064,3.332655822496785e-18
772.0,0.4500000306461565,0.4499999892458393,49.939559214486046,49.879118428972085,49.829021909150384,49.82750794015839,49.827507940210104,49.825993971166405,49.82599397126983,3.339484478720639e-06,3.3394837369593167e-06,3.3394844787131753e-06,3.339483736956308e-06,0.0,0.0,0.0,0.45,0.4500000099460109,3.332655822496785e-18
773.0,0.4500000306461531,0.4499999892458359,49.939559214486046,49.879118428972085,49.829021909150384,49.82750794015839,49.827507940210104,49.825993971166405,49.82599397126983,3.339484478720639e-06,3.3394837369593167e-06,3.339484478713166e-06,3.339483736956308e-06,0.0,0.0,0.0,0.45,0.45000000994601086,3.332655822496785e-18
774.0,0.45000003064614874,0.4499999892458315,49.939559214486046,49.879118428972085,49.829021909150384,49.82750794015839,49.827507940210104,49.825993971166405,49.82599397126984,3.339484478720639e-06,3.3394837369593167e-06,3.3394844787131282e-06,3.3394837369566435e-06,0.0,0.0,0.0,0.45,0.45000000994601075,3.332655822496785e-18
775.0,0.45000003064656524,0.449999989245408,49.939559214486046,49.879118428972085,49.829021909150384,49.82750794015839,49.82750794021011,49.825993971166405,49.82599397126984,3.339484478720639e-06,3.3394837369442696e-06,3.339484478713118e-06,3.339483736956648e-06,0.0,0.0,0.0,0.45,0.4500000099460107,3.332655822496785e-18
776.0,0.4500000306461452,0.44999998924582796,49.939559214486046,49.879118428972085,49.829021909150384,49.82750794015839,49.827507940210104,49.825993971166405,49.82599397126984,3.339484478720639e-06,3.3394837369593167e-06,3.3394844787131363e-06,3.3394837369566236e-06,0.0,0.0,0.0,0.45,0.4500000099460107,3.332655822496785e-18
777.0,0.45000003064615446,0.44999998924583723,49.939559214486046,49.879118428972085,49.829021909150384,49.82750794015839,49.827507940210104,49.825993971166405,49.82599397126983,3.339484478720639e-06,3.3394837369593167e-06,3.339484478713171e-06,3.339483736956285e-06,0.0,0.0,0.0,0.45,0.4500000099460109,3.332655822496785e-18
778.0,0.4500000306461789,0.44999998924586165,49.93955921448604,49.879118428972085,49.829021909150384,49.82750794015839,49.827507940210104,49.825993971166405,49.82599397126984,3.339484478720639e-06,3.3394837369593167e-06,3.3394844787132074e-06,3.339483736956549e-06,0.0,0.0,0.0,0.45,0.45000000994601147,3.3326558224967844e-18
779.0,0.45000003064661037,0.44999998924545315,49.93955921448604,49.879118428972085,49.829021909150384,49.82750794015839,49.82750794021011,49.825993971166405,49.82599397126984,3.339484478720639e-06,3.3394837369442696e-06,3.339484478713171e-06,3.3394837369566003e-06,0.0,0.0,0.0,0.45,0.4500000099460117,3.3326558224967844e-18
780.0,0.4500000306465975,0.44999998924544027,49.93955921448604,49.879118428972085,49.829021909150384,49.82750794015839,49.82750794021011,49.825993971166405,49.82599397126984,3.339484478720639e-06,3.3394837369442696e-06,3.339484478713159e-06,3.339483736956615e-06,0.0,0.0,0.0,0.45,0.45000000994601136,3.3326558224967844e-18
781.0,0.450000030646156,0.4499999892458388,49.939559214486046,49.879118428972085,49.829021909150384,49.8275079401584,49.82750794021011,49.825993971166405,49.82599397126984,3.3394844787055913e-06,3.3394837369442696e-06,3.3394844787131765e-06,3.3394837369565986e-06,0.0,0.0,0.0,0.45,0.4500000099460109,3.332655822496785e-18
782.0,0.4500000306457198,0.44999998924624246,49.939559214486046,49.879118428972085,49.829021909150384,49.8275079401584,49.827507940210104,49.825993971166405,49.82599397126984,3.3394844787055913e-06,3.3394837369593167e-06,3.339484478713205e-06,3.3394837369565656e-06,0.0,0.0,0.0,0.45,0.4500000099460106,3.332655822496785e-18
783.0,0.45000003064572286,0.4499999892462455,49.939559214486046,49.879118428972085,49.829021909150384,49.8275079401584,49.827507940210104,49.825993971166405,49.82599397126984,3.3394844787055913e-06,3.3394837369593167e-06,3.339484478713233e-06,3.339483736956531e-06,0.0,0.0,0.0,0.45,0.4500000099460107,3.332655822496785e-18
784.0,0.45000003064614963,0.4499999892458324,49.939559214486046,49.879118428972085,49.829021909150384,49.82750794015839,49.827507940210104,49.825993971166405,49.82599397126984,3.339484478720639e-06,3.3394837369593167e-06,3.339484478713191e-06,3.3394837369565677e-06,0.0,0.0,0.0,0.45,0.4500000099460108,3.332655822496785e-18
785.0,0.450000030646586,0.4499999892454288,49.939559214486046,49.879118428972085,49.829021909150384,49.82750794015839,49.82750794021011,49.825993971166405,49.82599397126983,3.339484478720639e-06,3.3394837369442696e-06,3.339484478713166e-06,3.3394837369562937e-06,0.0,0.0,0.0,0.45,0.45000000994601114,3.332655822496785e-18
786.0,0.45000003064618566,0.4499999892458684,49.93955921448604,49.879118428972085,49.829021909150384,49.8275079401584,49.82750794021011,49.825993971166405,49.82599397126983,3.3394844787055913e-06,3.3394837369442696e-06,3.3394844787131753e-06,3.3394837369562933e-06,0.0,0.0,0.0,0.45,0.4500000099460116,3.3326558224967844e-18
787.0,0.45000003064577876,0.4499999892463014,49.93955921448604,49.879118428972085,49.829021909150384,49.8275079401584,49.827507940210104,49.825993971166405,49.82599397126983,3.3394844787055913e-06,3.3394837369593167e-06,3.3394844787132146e-06,3.3394837369562623e-06,0.0,0.0,0.0,0.45,0.4500000099460119,3.3326558224967844e-18
788.0,0.4500000306457754,0.449999989246298,49.93955921448604,49.879118428972085,49.829021909150384,49.8275079401584,49.827507940210104,49.825993971166405,49.82599397126983,3.3394844787055913e-06,3.3394837369593167e-06,3.3394844787132854e-06,3.3394837369562018e-06,0.0,0.0,0.0,0.45,0.4500000099460118,3.3326558224967844e-18
789.0,0.45000003064572713,0.4499999892462498,49.939559214486046,49.879118428972085,49.829021909150384,49.8275079401584,49.827507940210104,49.825993971166405,49.82599397126984,3.3394844787055913e-06,3.3394837369593167e-06,3.3394844787133116e-06,3.339483736956468e-06,0.0,0.0,0.0,0.45,0.4500000099460107,3.332655822496785e-18
790.0,0.4500000306461488,0.44999998924583157,49.939559214486046,49.879118428972085,49.829021909150384,49.8275079401584,49.82750794021011,49.825993971166405,49.82599397126984,3.3394844787055913e-06,3.3394837369442696e-06,3.339484478713314e-06,3.3394837369564627e-06,0.0,0.0,0.0,0.45,0.45000000994601075,3.332655822496785e-18
791.0,0.45000003064617966,0.44999998924586243,49.939559214486046,49.879118428972085,49.829021909150384,49.8275079401584,49.82750794021011,49.825993971166405,49.82599397126983,3.3394844787055913e-06,3.3394837369442696e-06,3.3394844787133184e-06,3.3394837369561645e-06,0.0,0.0,0.0,0.45,0.4500000099460114,3.332655822496785e-18
792.0,0.45000003064620764,0.4499999892458904,49.93955921448604,49.879118428972085,49.829021909150384,49.82750794015839,49.827507940210104,49.825993971166405,49.82599397126983,3.339484478720639e-06,3.3394837369593167e-06,3.3394844787133358e-06,3.339483736956153e-06,0.0,0.0,0.0,0.45,0.4500000099460121,3.3326558224967844e-18
793.0,0.45000003064620114,0.4499999892458839,49.93955921448604,49.879118428972085,49.829021909150384,49.82750794015839,49.827507940210104,49.825993971166405,49.82599397126983,3.339484478720639e-06,3.3394837369593167e-06,3.3394844787133836e-06,3.339483736956115e-06,0.0,0.0,0.0,0.45,0.4500000099460121,3.3326558224967844e-18
794.0,0.45000003064618976,0.44999998924587253,49.93955921448604,49.879118428972085,49.829021909150384,49.82750794015839,49.827507940210104,49.825993971166405,49.82599397126984,3.339484478720639e-06,3.3394837369593167e-06,3.3394844787133425e-06,3.3394837369564627e-06,0.0,0.0,0.0,0.45,0.45000000994601164,3.3326558224967844e-18
795.0,0.45000003064618793,0.4499999892458707,49.93955921448604,49.879118428972085,49.829021909150384,49.82750794015839,49.827507940210104,49.825993971166405,49.82599397126984,3.339484478720639e-06,3.3394837369593167e-06,3.339484478713287e-06,3.33948373695652e-06,0.0,0.0,0.0,0.45,0.4500000099460116,3.3326558224967844e-18
796.0,0.4500000306461889,0.44999998924587165,49.93955921448604,49.879118428972085,49.829021909150384,49.82750794015839,49.827507940210104,49.825993971166405,49.82599397126984,3.339484478720639e-06,3.3394837369593167e-06,3.3394844787132405e-06,3.3394837369565707e-06,0.0,0.0,0.0,0.45,0.45000000994601164,3.3326558224967844e-18
797.0,0.45000003064619,0.44999998924587276,49.939559214486046,49.879118428972085,49.829021909150384,49.82750794015839,49.827507940210104,49.825993971166405,49.82599397126983,3.339484478720639e-06,3.3394837369593167e-06,3.3394844787132002e-06,3.339483736956313e-06,0.0,0.0,0.0,0.45,0.45000000994601175,3.332655822496785e-18
798.0,0.4500000306461887,0.4499999892458715,49.939559214486046,49.879118428972085,49.829021909150384,49.82750794015839,49.827507940210104,49.825993971166405,49.82599397126983,3.339484478720639e-06,3.3394837369593167e-06,3.3394844787131642e-06,3.339483736956349e-06,0.0,0.0,0.0,0.45,0.45000000994601164,3.332655822496785e-18
799.0,0.45000003064572636,0.449999989246249,49.939559214486046,49.879118428972085,49.829021909150384,49.8275079401584,49.827507940210104,49.825993971166405,49.82599397126984,3.3394844787055913e-06,3.3394837369593167e-06,3.339484478713198e-06,3.339483736956604e-06,0.0,0.0,0.0,0.45,0.4500000099460107,3.332655822496785e-18
800.0,0.4500000306461491,0.44999998924583184,49.939559214486046,49.879118428972085,49.829021909150384,49.8275079401584,49.82750794021011,49.825993971166405,49.82599397126984,3.3394844787055913e-06,3.3394837369442696e-06,3.339484478713202e-06,3.3394837369565952e-06,0.0,0.0,0.0,0.45,0.4500000099460108,3.332655822496785e-18
801.0,0.45000003064659855,0.4499999892454413,49.939559214486046,49.879118428972085,49.829021909150384,49.82750794015839,49.82750794021011,49.825993971166405,49.82599397126984,3.339484478720639e-06,3.3394837369442696e-06,3.3394844787131833e-06,3.339483736956617e-06,0.0,0.0,0.0,0.45,0.4500000099460114,3.332655822496785e-18
802.0,0.45000003064620425,0.449999989245887,49.939559214486046,49.879118428972085,49.829021909150384,49.82750794015839,49.827507940210104,49.825993971166405,49.82599397126984,3.339484478720639e-06,3.3394837369593167e-06,3.33948447871315e-06,3.3394837369566532e-06,0.0,0.0,0.0,0.45,0.45000000994601197,3.332655822496785e-18
803.0,0.45000003064619576,0.44999998924587853,49.939559214486046,49.879118428972085,49.829021909150384,49.82750794015839,49.827507940210104,49.825993971166405,49.82599397126983,3.339484478720639e-06,3.3394837369593167e-06,3.339484478713118e-06,3.3394837369563902e-06,0.0,0.0,0.0,0.45,0.45000000994601175,3.332655822496785e-18
804.0,0.45000003064614646,0.44999998924582923,49.939559214486046,49.879118428972085,49.829021909150384,49.82750794015839,49.827507940210104,49.825993971166405,49.82599397126984,3.339484478720639e-06,3.3394837369593167e-06,3.3394844787130728e-06,3.339483736956729e-06,0.0,0.0,0.0,0.45,0.4500000099460107,3.332655822496785e-18
805.0,0.45000003064613,0.44999998924581275,49.939559214486046,49.879118428972085,49.829021909150384,49.82750794015839,49.827507940210104,49.825993971166405,49.82599397126984,3.339484478720639e-06,3.3394837369593167e-06,3.3394844787130783e-06,3.339483736956713e-06,0.0,0.0,0.0,0.45,0.4500000099460103,3.332655822496785e-18
806.0,0.450000030645719,0.4499999892462416,49.939559214486046,49.879118428972085,49.829021909150384,49.8275079401584,49.827507940210104,49.825993971166405,49.82599397126984,3.3394844787055913e-06,3.3394837369593167e-06,3.339484478713114e-06,3.3394837369566685e-06,0.0,0.0,0.0,0.45,0.4500000099460105,3.332655822496785e-18
807.0,0.4500000306457418,0.44999998924626444,49.939559214486046,49.879118428972085,49.829021909150384,49.8275079401584,49.827507940210104,49.825993971166405,49.82599397126983,3.3394844787055913e-06,3.3394837369593167e-06,3.3394844787131477e-06,3.339483736956328e-06,0.0,0.0,0.0,0.45,0.4500000099460111,3.332655822496785e-18
808.0,0.4500000306461863,0.4499999892458691,49.939559214486046,49.879118428972085,49.829021909150384,49.8275079401584,49.82750794021011,49.825993971166405,49.82599397126984,3.3394844787055913e-06,3.3394837369442696e-06,3.3394844787131515e-06,3.3394837369566236e-06,0.0,0.0,0.0,0.45,0.45000000994601164,3.332655822496785e-18
809.0,0.45000003064619065,0.4499999892458734,49.93955921448604,49.879118428972085,49.829021909150384,49.82750794015839,49.827507940210104,49.825993971166405,49.82599397126984,3.339484478720639e-06,3.3394837369593167e-06,3.339484478713096e-06,3.3394837369566863e-06,0.0,0.0,0.0,0.45,0.4500000099460117,3.3326558224967844e-18
810.0,0.4500000306461913,0.4499999892458741,49.93955921448604,49.879118428972085,49.829021909150384,49.82750794015839,49.827507940210104,49.825993971166405,49.82599397126984,3.339484478720639e-06,3.3394837369593167e-06,3.3394844787131253e-06,3.339483736956664e-06,0.0,0.0,0.0,0.45,0.4500000099460117,3.3326558224967844e-18
811.0,0.4500000306457712,0.44999998924629386,49.93955921448604,49.879118428972085,49.829021909150384,49.8275079401584,49.827507940210104,49.825993971166405,49.82599397126984,3.3394844787055913e-06,3.3394837369593167e-06,3.33948447871321e-06,3.3394837369565846e-06,0.0,0.0,0.0,0.45,0.4500000099460117,3.3326558224967844e-18
812.0,0.4500000306457702,0.44999998924629286,49.939559214486046,49.879118428972085,49.829021909150384,49.8275079401584,49.827507940210104,49.825993971166405,49.82599397126984,3.3394844787055913e-06,3.3394837369593167e-06,3.3394844787133036e-06,3.3394837369564974e-06,0.0,0.0,0.0,0.45,0.4500000099460117,3.332655822496785e-18
813.0,0.45000003064618865,0.4499999892458714,49.939559214486046,49.879118428972085,49.829021909150384,49.82750794015839,49.827507940210104,49.825993971166405,49.82599397126984,3.339484478720639e-06,3.3394837369593167e-06,3.3394844787133603e-06,3.3394837369564466e-06,0.0,0.0,0.0,0.45,0.4500000099460117,3.332655822496785e-18
814.0,0.45000003064577054,0.4499999892462932,49.93955921448604,49.879118428972085,49.829021909150384,49.8275079401584,49.827507940210104,49.825993971166405,49.82599397126984,3.3394844787055913e-06,3.3394837369593167e-06,3.3394844787133506e-06,3.339483736956459e-06,0.0,0.0,0.0,0.45,0.4500000099460117,3.3326558224967844e-18
815.0,0.4500000306457717,0.44999998924629436,49.93955921448604,49.879118428972085,49.829021909150384,49.8275079401584,49.827507940210104,49.825993971166405,49.82599397126983,3.3394844787055913e-06,3.3394837369593167e-06,3.3394844787133883e-06,3.339483736956124e-06,0.0,0.0,0.0,0.45,0.4500000099460117,3.3326558224967844e-18
816.0,0.45000003064577204,0.4499999892462947,49.939559214486046,49.879118428972085,49.829021909150384,49.8275079401584,49.827507940210104,49.825993971166405,49.82599397126983,3.3394844787055913e-06,3.3394837369593167e-06,3.3394844787134522e-06,3.3394837369560624e-06,0.0,0.0,0.0,0.45,0.45000000994601164,3.332655822496785e-18
817.0,0.4500000306457723,0.449999989246295,49.939559214486046,49.879118428972085,49.829021909150384,49.8275079401584,49.827507940210104,49.825993971166405,49.82599397126983,3.3394844787055913e-06,3.3394837369593167e-06,3.3394844787135103e-06,3.339483736956009e-06,0.0,0.0,0.0,0.45,0.45000000994601164,3.332655822496785e-18
818.0,0.45000003064619315,0.4499999892458759,49.93955921448604,49.879118428972085,49.829021909150384,49.82750794015839,49.827507940210104,49.825993971166405,49.82599397126984,3.339484478720639e-06,3.3394837369593167e-06,3.339484478713532e-06,3.3394837369562894e-06,0.0,0.0,0.0,0.45,0.45000000994601164,3.3326558224967844e-18
819.0,0.45000003064619015,0.4499999892458729,49.939559214486046,49.879118428972085,49.829021909150384,49.82750794015839,49.827507940210104,49.825993971166405,49.82599397126984,3.339484478720639e-06,3.3394837369593167e-06,3.3394844787134637e-06,3.339483736956356e-06,0.0,0.0,0.0,0.45,0.4500000099460117,3.332655822496785e-18
820.0,0.4500000306461924,0.44999998924587514,49.939559214486046,49.879118428972085,49.82902190915039,49.82750794015839,49.827507940210104,49.825993971166405,49.82599397126983,3.339484478735686e-06,3.3394837369743643e-06,3.339484478713384e-06,3.3394837369561387e-06,0.0,0.0,0.0,0.45,0.45000000994601175,3.332655822496785e-18
821.0,0.45000003064619293,0.4499999892458757,49.939559214486046,49.879118428972085,49.829021909150384,49.82750794015839,49.827507940210104,49.825993971166405,49.82599397126983,3.339484478720639e-06,3.3394837369593167e-06,3.3394844787133163e-06,3.3394837369562115e-06,0.0,0.0,0.0,0.45,0.45000000994601175,3.332655822496785e-18
822.0,0.45000003064576344,0.4499999892462861,49.939559214486046,49.879118428972085,49.829021909150384,49.8275079401584,49.827507940210104,49.825993971166405,49.82599397126983,3.3394844787055913e-06,3.3394837369593167e-06,3.339484478713267e-06,3.33948373695626e-06,0.0,0.0,0.0,0.45,0.4500000099460115,3.332655822496785e-18
823.0,0.45000003064615507,0.44999998924583784,49.93955921448604,49.879118428972085,49.829021909150384,49.82750794015839,49.827507940210104,49.825993971166405,49.82599397126984,3.339484478720639e-06,3.3394837369593167e-06,3.3394844787132557e-06,3.3394837369565656e-06,0.0,0.0,0.0,0.45,0.450000009946011,3.3326558224967844e-18
824.0,0.45000003064577143,0.4499999892462941,49.93955921448604,49.879118428972085,49.829021909150384,49.8275079401584,49.827507940210104,49.825993971166405,49.82599397126984,3.3394844787055913e-06,3.3394837369593167e-06,3.339484478713262e-06,3.339483736956562e-06,0.0,0.0,0.0,0.45,0.45000000994601175,3.3326558224967844e-18
825.0,0.45000003064576743,0.4499999892462901,49.939559214486046,49.879118428972085,49.829021909150384,49.8275079401584,49.827507940210104,49.825993971166405,49.82599397126983,3.3394844787055913e-06,3.3394837369593167e-06,3.33948447871331e-06,3.339483736956209e-06,0.0,0.0,0.0,0.45,0.4500000099460115,3.332655822496785e-18
826.0,0.4500000306461601,0.4499999892458429,49.939559214486046,49.879118428972085,49.829021909150384,49.82750794015839,49.827507940210104,49.825993971166405,49.82599397126983,3.339484478720639e-06,3.3394837369593167e-06,3.3394844787133785e-06,3.339483736956132e-06,0.0,0.0,0.0,0.45,0.4500000099460109,3.332655822496785e-18
827.0,0.4500000306461454,0.4499999892458282,49.939559214486046,49.879118428972085,49.829021909150384,49.82750794015839,49.827507940210104,49.825993971166405,49.82599397126983,3.339484478720639e-06,3.3394837369593167e-06,3.3394844787134412e-06,3.3394837369560607e-06,0.0,0.0,0.0,0.45,0.45000000994601064,3.332655822496785e-18
828.0,0.4500000306461791,0.4499999892458619,49.93955921448604,49.879118428972085,49.829021909150384,49.82750794015839,49.827507940210104,49.825993971166405,49.82599397126983,3.339484478720639e-06,3.3394837369593167e-06,3.339484478713468e-06,3.3394837369560315e-06,0.0,0.0,0.0,0.45,0.45000000994601147,3.3326558224967844e-18
829.0,0.45000003064619054,0.4499999892458733,49.93955921448604,49.879118428972085,49.829021909150384,49.82750794015839,49.827507940210104,49.825993971166405,49.82599397126984,3.339484478720639e-06,3.3394837369593167e-06,3.339484478713394e-06,3.3394837369564097e-06,0.0,0.0,0.0,0.45,0.4500000099460117,3.3326558224967844e-18
830.0,0.4500000306466136,0.44999998924545637,49.93955921448604,49.879118428972085,49.829021909150384,49.82750794015839,49.82750794021011,49.825993971166405,49.82599397126984,3.339484478720639e-06,3.3394837369442696e-06,3.3394844787133536e-06,3.3394837369564567e-06,0.0,0.0,0.0,0.45,0.45000000994601175,3.3326558224967844e-18
831.0,0.4500000306457728,0.4499999892462955,49.93955921448604,49.879118428972085,49.829021909150384,49.8275079401584,49.827507940210104,49.825993971166405,49.82599397126983,3.3394844787055913e-06,3.3394837369593167e-06,3.3394844787133476e-06,3.3394837369561683e-06,0.0,0.0,0.0,0.45,0.4500000099460117,3.3326558224967844e-18
832.0,0.4500000306457614,0.44999998924628404,49.93955921448604,49.879118428972085,49.829021909150384,49.8275079401584,49.827507940210104,49.825993971166405,49.82599397126983,3.3394844787055913e-06,3.3394837369593167e-06,3.3394844787133574e-06,3.339483736956159e-06,0.0,0.0,0.0,0.45,0.4500000099460115,3.3326558224967844e-18
833.0,0.45000003064573263,0.4499999892462553,49.939559214486046,49.879118428972085,49.829021909150384,49.8275079401584,49.827507940210104,49.825993971166405,49.82599397126983,3.3394844787055913e-06,3.3394837369593167e-06,3.339484478713367e-06,3.3394837369561416e-06,0.0,0.0,0.0,0.45,0.450000009946011,3.332655822496785e-18
834.0,0.4500000306457724,0.44999998924629503,49.93955921448604,49.879118428972085,49.829021909150384,49.8275079401584,49.827507940210104,49.825993971166405,49.82599397126984,3.3394844787055913e-06,3.3394837369593167e-06,3.3394844787133718e-06,3.3394837369564356e-06,0.0,0.0,0.0,0.45,0.45000000994601175,3.3326558224967844e-18
835.0,0.45000003064620914,0.4499999892458919,49.93955921448604,49.879118428972085,49.829021909150384,49.8275079401584,49.82750794021011,49.825993971166405,49.82599397126984,3.3394844787055913e-06,3.3394837369442696e-06,3.3394844787133785e-06,3.3394837369564326e-06,0.0,0.0,0.0,0.45,0.4500000099460121,3.3326558224967844e-18
836.0,0.450000030646199,0.44999998924588175,49.93955921448604,49.879118428972085,49.829021909150384,49.8275079401584,49.82750794021011,49.825993971166405,49.82599397126984,3.3394844787055913e-06,3.3394837369442696e-06,3.3394844787133853e-06,3.3394837369564317e-06,0.0,0.0,0.0,0.45,0.45000000994601186,3.3326558224967844e-18
837.0,0.4500000306461747,0.4499999892458575,49.939559214486046,49.879118428972085,49.829021909150384,49.8275079401584,49.82750794021011,49.825993971166405,49.82599397126984,3.3394844787055913e-06,3.3394837369442696e-06,3.3394844787133925e-06,3.3394837369564288e-06,0.0,0.0,0.0,0.45,0.4500000099460114,3.332655822496785e-18
838.0,0.45000003064614924,0.449999989245832,49.939559214486046,49.879118428972085,49.829021909150384,49.82750794015839,49.827507940210104,49.825993971166405,49.82599397126984,3.339484478720639e-06,3.3394837369593167e-06,3.3394844787133925e-06,3.3394837369564233e-06,0.0,0.0,0.0,0.45,0.4500000099460109,3.332655822496785e-18
839.0,0.45000003064572797,0.4499999892462506,49.939559214486046,49.879118428972085,49.829021909150384,49.8275079401584,49.827507940210104,49.825993971166405,49.82599397126984,3.3394844787055913e-06,3.3394837369593167e-06,3.3394844787133883e-06,3.3394837369564152e-06,0.0,0.0,0.0,0.45,0.45000000994601075,3.332655822496785e-18
840.0,0.45000003064614574,0.4499999892458285,49.939559214486046,49.879118428972085,49.829021909150384,49.8275079401584,49.82750794021011,49.825993971166405,49.82599397126984,3.3394844787055913e-06,3.3394837369442696e-06,3.3394844787133836e-06,3.3394837369564068e-06,0.0,0.0,0.0,0.45,0.45000000994601064,3.332655822496785e-18
841.0,0.45000003064572625,0.4499999892462489,49.939559214486046,49.879118428972085,49.829021909150384,49.8275079401584,49.827507940210104,49.825993971166405,49.82599397126984,3.3394844787055913e-06,3.3394837369593167e-06,3.3394844787133815e-06,3.3394837369564004e-06,0.0,0.0,0.0,0.45,0.4500000099460107,3.332655822496785e-18
842.0,0.4500000306457367,0.44999998924625934,49.939559214486046,49.879118428972085,49.829021909150384,49.8275079401584,49.827507940210104,49.825993971166405,49.82599397126984,3.3394844787055913e-06,3.3394837369593167e-06,3.3394844787133815e-06,3.339483736956397e-06,0.0,0.0,0.0,0.45,0.45000000994601097,3.332655822496785e-18
843.0,0.45000003064576444,0.4499999892462871,49.93955921448604,49.879118428972085,49.829021909150384,49.8275079401584,49.827507940210104,49.825993971166405,49.82599397126984,3.3394844787055913e-06,3.3394837369593167e-06,3.3394844787133836e-06,3.339483736956395e-06,0.0,0.0,0.0,0.45,0.4500000099460116,3.3326558224967844e-18
844.0,0.450000030646191,0.44999998924587375,49.93955921448604,49.879118428972085,49.829021909150384,49.82750794015839,49.827507940210104,49.825993971166405,49.82599397126984,3.339484478720639e-06,3.3394837369593167e-06,3.3394844787132955e-06,3.33948373695649e-06,0.0,0.0,0.0,0.45,0.4500000099460117,3.3326558224967844e-18
845.0,0.4500000306461939,0.4499999892458767,49.93955921448604,49.879118428972085,49.829021909150384,49.82750794015839,49.827507940210104,49.825993971166405,49.82599397126983,3.339484478720639e-06,3.3394837369593167e-06,3.3394844787133036e-06,3.3394837369561865e-06,0.0,0.0,0.0,0.45,0.45000000994601175,3.3326558224967844e-18
846.0,0.45000003064619293,0.4499999892458757,49.939559214486046,49.879118428972085,49.829021909150384,49.82750794015839,49.827507940210104,49.825993971166405,49.82599397126983,3.339484478720639e-06,3.3394837369593167e-06,3.3394844787133747e-06,3.3394837369561247e-06,0.0,0.0,0.0,0.45,0.4500000099460117,3.332655822496785e-18
847.0,0.45000003064576183,0.4499999892462845,49.939559214486046,49.879118428972085,49.829021909150384,49.8275079401584,49.827507940210104,49.825993971166405,49.82599397126983,3.3394844787055913e-06,3.3394837369593167e-06,3.33948447871344e-06,3.3394837369560624e-06,0.0,0.0,0.0,0.45,0.4500000099460114,3.332655822496785e-18
848.0,0.45000003064573413,0.4499999892462568,49.939559214486046,49.879118428972085,49.829021909150384,49.8275079401584,49.827507940210104,49.825993971166405,49.82599397126983,3.3394844787055913e-06,3.3394837369593167e-06,3.3394844787134366e-06,3.339483736956061e-06,0.0,0.0,0.0,0.45,0.4500000099460108,3.332655822496785e-18
849.0,0.4500000306457294,0.44999998924625206,49.939559214486046,49.879118428972085,49.829021909150384,49.8275079401584,49.827507940210104,49.825993971166405,49.82599397126984,3.3394844787055913e-06,3.3394837369593167e-06,3.33948447871342e-06,3.339483736956369e-06,0.0,0.0,0.0,0.45,0.4500000099460108,3.332655822496785e-18
850.0,0.45000003064573024,0.4499999892462529,49.939559214486046,49.879118428972085,49.829021909150384,49.8275079401584,49.827507940210104,49.825993971166405,49.82599397126984,3.3394844787055913e-06,3.3394837369593167e-06,3.339484478713412e-06,3.339483736956369e-06,0.0,0.0,0.0,0.45,0.4500000099460108,3.332655822496785e-18
851.0,0.450000030646152,0.4499999892458348,49.93955921448604,49.879118428972085,49.829021909150384,49.82750794015839,49.827507940210104,49.825993971166405,49.82599397126983,3.339484478720639e-06,3.3394837369593167e-06,3.339484478713408e-06,3.339483736956069e-06,0.0,0.0,0.0,0.45,0.45000000994601086,3.3326558224967844e-18
852.0,0.4500000306461561,0.4499999892458389,49.93955921448604,49.879118428972085,49.829021909150384,49.82750794015839,49.827507940210104,49.825993971166405,49.82599397126983,3.339484478720639e-06,3.3394837369593167e-06,3.3394844787134035e-06,3.339483736956072e-06,0.0,0.0,0.0,0.45,0.45000000994601086,3.3326558224967844e-18
853.0,0.4500000306461638,0.44999998924584655,49.93955921448604,49.879118428972085,49.82902190915038,49.82750794015839,49.827507940210104,49.8259939711664,49.82599397126983,3.3394844787055913e-06,3.3394837369442696e-06,3.339484478713101e-06,3.3394837369560743e-06,0.0,0.0,0.0,0.45,0.45000000994601097,3.3326558224967844e-18
854.0,0.45000003064802585,0.4499999892485485,49.939559214486046,49.87911842897207,49.82902190915038,49.827507940158384,49.82750794021009,49.82599397116639,49.825993971269824,3.339484478720639e-06,3.3394837369743643e-06,3.339484478712712e-06,3.3394837369557334e-06,0.0,0.0,0.0,0.45,0.45000000994609585,3.332655822496785e-18
855.0,0.450000030643508,0.4499999892431908,49.939559214486046,49.879118428972106,49.8290219091504,49.827507940158405,49.82750794021012,49.825993971166426,49.825993971269845,3.339484478720639e-06,3.3394837369593167e-06,3.3394844787140104e-06,3.3394837369568375e-06,0.0,0.0,0.0,0.45,0.450000009945929,3.332655822496785e-18
856.0,0.4500000306461794,0.44999998924586215,49.939559214486046,49.87911842897209,49.829021909150384,49.8275079401584,49.82750794021011,49.82599397116641,49.82599397126983,3.3394844787055913e-06,3.3394837369442696e-06,3.3394844787131977e-06,3.3394837369564313e-06,0.0,0.0,0.0,0.45,0.45000000994601125,3.332655822496785e-18
857.0,0.450000030646313,0.44999998924599577,49.939559214486046,49.87911842897209,49.829021909150384,49.8275079401584,49.82750794021011,49.825993971166405,49.82599397126983,3.3394844787055913e-06,3.3394837369442696e-06,3.339484478712947e-06,3.3394837369564046e-06,0.0,0.0,0.0,0.45,0.45000000994601147,3.332655822496785e-18
858.0,0.45000003064580474,0.4499999892463274,49.939559214486046,49.879118428972085,49.829021909150384,49.8275079401584,49.827507940210104,49.825993971166405,49.82599397126983,3.3394844787055913e-06,3.3394837369593167e-06,3.339484478713008e-06,3.339483736956364e-06,0.0,0.0,0.0,0.45,0.4500000099460113,3.332655822496785e-18
859.0,0.45000003064568134,0.449999989246204,49.939559214486046,49.879118428972085,49.829021909150384,49.8275079401584,49.827507940210104,49.825993971166405,49.82599397126983,3.3394844787055913e-06,3.3394837369593167e-06,3.339484478712983e-06,3.339483736956404e-06,0.0,0.0,0.0,0.45,0.4500000099460111,3.332655822496785e-18
860.0,0.45000003064571,0.44999998924623263,49.93955921448604,49.879118428972085,49.829021909150384,49.8275079401584,49.827507940210104,49.825993971166405,49.82599397126984,3.3394844787055913e-06,3.3394837369593167e-06,3.3394844787127767e-06,3.339483736956924e-06,0.0,0.0,0.0,0.45,0.45000000994601114,3.3326558224967844e-18
861.0,0.4500000306465876,0.4499999892454304,49.939559214486046,49.879118428972085,49.829021909150384,49.82750794015839,49.82750794021011,49.825993971166405,49.82599397126984,3.339484478720639e-06,3.3394837369442696e-06,3.3394844787127293e-06,3.339483736956983e-06,0.0,0.0,0.0,0.45,0.4500000099460112,3.332655822496785e-18
862.0,0.45000003064658894,0.4499999892454317,49.939559214486046,49.879118428972085,49.829021909150384,49.82750794015839,49.82750794021011,49.825993971166405,49.82599397126983,3.339484478720639e-06,3.3394837369442696e-06,3.33948447871278e-06,3.339483736956644e-06,0.0,0.0,0.0,0.45,0.4500000099460112,3.332655822496785e-18
863.0,0.45000003064616806,0.44999998924585083,49.939559214486046,49.879118428972085,49.829021909150384,49.8275079401584,49.82750794021011,49.825993971166405,49.82599397126983,3.3394844787055913e-06,3.3394837369442696e-06,3.3394844787128496e-06,3.3394837369565804e-06,0.0,0.0,0.0,0.45,0.4500000099460112,3.332655822496785e-18
864.0,0.4500000306461668,0.44999998924584955,49.939559214486046,49.879118428972085,49.829021909150384,49.8275079401584,49.82750794021011,49.825993971166405,49.82599397126983,3.3394844787055913e-06,3.3394837369442696e-06,3.3394844787129296e-06,3.33948373695651e-06,0.0,0.0,0.0,0.45,0.4500000099460112,3.332655822496785e-18
865.0,0.4500000306457472,0.4499999892462698,49.93955921448604,49.879118428972085,49.829021909150384,49.8275079401584,49.827507940210104,49.825993971166405,49.82599397126983,3.3394844787055913e-06,3.3394837369593167e-06,3.3394844787129986e-06,3.339483736956445e-06,0.0,0.0,0.0,0.45,0.4500000099460112,3.3326558224967844e-18
866.0,0.4500000306465875,0.4499999892454303,49.93955921448604,49.879118428972085,49.829021909150384,49.82750794015839,49.82750794021011,49.825993971166405,49.82599397126984,3.339484478720639e-06,3.3394837369442696e-06,3.3394844787129982e-06,3.339483736956755e-06,0.0,0.0,0.0,0.45,0.4500000099460112,3.3326558224967844e-18
867.0,0.4500000306465875,0.4499999892454303,49.93955921448604,49.879118428972085,49.829021909150384,49.82750794015839,49.82750794021011,49.825993971166405,49.82599397126984,3.339484478720639e-06,3.3394837369442696e-06,3.3394844787129986e-06,3.339483736956755e-06,0.0,0.0,0.0,0.45,0.4500000099460112,3.3326558224967844e-18
868.0,0.4500000306465875,0.4499999892454303,49.93955921448604,49.879118428972085,49.829021909150384,49.82750794015839,49.82750794021011,49.825993971166405,49.82599397126983,3.339484478720639e-06,3.3394837369442696e-06,3.3394844787130304e-06,3.339483736956429e-06,0.0,0.0,0.0,0.45,0.4500000099460112,3.3326558224967844e-18
869.0,0.45000003064574756,0.4499999892462702,49.93955921448604,49.879118428972085,49.829021909150384,49.8275079401584,49.827507940210104,49.825993971166405,49.82599397126983,3.3394844787055913e-06,3.3394837369593167e-06,3.339484478713085e-06,3.3394837369563767e-06,0.0,0.0,0.0,0.45,0.4500000099460112,3.3326558224967844e-18
870.0,0.45000003064574756,0.4499999892462702,49.93955921448604,49.879118428972085,49.829021909150384,49.8275079401584,49.827507940210104,49.825993971166405,49.82599397126983,3.3394844787055913e-06,3.3394837369593167e-06,3.3394844787131685e-06,3.3394837369562966e-06,0.0,0.0,0.0,0.45,0.4500000099460112,3.3326558224967844e-18
871.0,0.4500000306461675,0.4499999892458503,49.93955921448604,49.879118428972085,49.829021909150384,49.82750794015839,49.827507940210104,49.825993971166405,49.82599397126984,3.339484478720639e-06,3.3394837369593167e-06,3.339484478713145e-06,3.3394837369566244e-06,0.0,0.0,0.0,0.45,0.4500000099460112,3.3326558224967844e-18
872.0,0.4500000306465875,0.4499999892454303,49.93955921448604,49.879118428972085,49.829021909150384,49.82750794015839,49.82750794021011,49.825993971166405,49.82599397126984,3.339484478720639e-06,3.3394837369442696e-06,3.3394844787131354e-06,3.3394837369566346e-06,0.0,0.0,0.0,0.45,0.4500000099460112,3.3326558224967844e-18
873.0,0.45000003064574756,0.4499999892462702,49.93955921448604,49.879118428972085,49.829021909150384,49.8275079401584,49.827507940210104,49.825993971166405,49.82599397126984,3.3394844787055913e-06,3.3394837369593167e-06,3.3394844787131537e-06,3.339483736956617e-06,0.0,0.0,0.0,0.45,0.4500000099460112,3.3326558224967844e-18
874.0,0.45000003064574756,0.4499999892462702,49.93955921448604,49.879118428972085,49.829021909150384,49.8275079401584,49.827507940210104,49.825993971166405,49.82599397126984,3.3394844787055913e-06,3.3394837369593167e-06,3.3394844787131867e-06,3.3394837369565838e-06,0.0,0.0,0.0,0.45,0.4500000099460112,3.3326558224967844e-18
875.0,0.45000003064574756,0.4499999892462702,49.939559214486046,49.879118428972085,49.829021909150384,49.8275079401584,49.827507940210104,49.825993971166405,49.82599397126984,3.3394844787055913e-06,3.3394837369593167e-06,3.339484478713224e-06,3.339483736956549e-06,0.0,0.0,0.0,0.45,0.4500000099460112,3.332655822496785e-18
876.0,0.45000003064658756,0.44999998924543033,49.939559214486046,49.879118428972085,49.829021909150384,49.82750794015839,49.82750794021011,49.825993971166405,49.82599397126984,3.339484478720639e-06,3.3394837369442696e-06,3.3394844787131808e-06,3.3394837369565935e-06,0.0,0.0,0.0,0.45,0.4500000099460112,3.332655822496785e-18
877.0,0.4500000306465875,0.4499999892454303,49.939559214486046,49.879118428972085,49.829021909150384,49.82750794015839,49.82750794021011,49.825993971166405,49.82599397126984,3.339484478720639e-06,3.3394837369442696e-06,3.339484478713166e-06,3.33948373695661e-06,0.0,0.0,0.0,0.45,0.4500000099460112,3.332655822496785e-18
878.0,0.45000003064616745,0.4499999892458502,49.939559214486046,49.879118428972085,49.829021909150384,49.8275079401584,49.82750794021011,49.825993971166405,49.82599397126984,3.3394844787055913e-06,3.3394837369442696e-06,3.3394844787131808e-06,3.3394837369565952e-06,0.0,0.0,0.0,0.45,0.4500000099460112,3.332655822496785e-18
879.0,0.45000003064616745,0.4499999892458502,49.939559214486046,49.879118428972085,49.829021909150384,49.8275079401584,49.82750794021011,49.825993971166405,49.82599397126984,3.3394844787055913e-06,3.3394837369442696e-06,3.3394844787132125e-06,3.3394837369565656e-06,0.0,0.0,0.0,0.45,0.4500000099460112,3.332655822496785e-18
880.0,0.45000003064574756,0.4499999892462702,49.939559214486046,49.879118428972085,49.829021909150384,49.8275079401584,49.827507940210104,49.825993971166405,49.82599397126983,3.3394844787055913e-06,3.3394837369593167e-06,3.339484478713244e-06,3.339483736956235e-06,0.0,0.0,0.0,0.45,0.4500000099460112,3.332655822496785e-18
881.0,0.45000003064574756,0.4499999892462702,49.939559214486046,49.879118428972085,49.829021909150384,49.8275079401584,49.827507940210104,49.825993971166405,49.82599397126984,3.3394844787055913e-06,3.3394837369593167e-06,3.339484478713264e-06,3.3394837369565135e-06,0.0,0.0,0.0,0.45,0.4500000099460112,3.332655822496785e-18
882.0,0.4500000306461675,0.4499999892458503,49.939559214486046,49.879118428972085,49.829021909150384,49.8275079401584,49.82750794021011,49.825993971166405,49.82599397126984,3.3394844787055913e-06,3.3394837369442696e-06,3.3394844787132824e-06,3.339483736956496e-06,0.0,0.0,0.0,0.45,0.4500000099460112,3.332655822496785e-18
883.0,0.4500000306461675,0.4499999892458503,49.939559214486046,49.879118428972085,49.829021909150384,49.8275079401584,49.82750794021011,49.825993971166405,49.82599397126983,3.3394844787055913e-06,3.3394837369442696e-06,3.339484478713298e-06,3.3394837369561793e-06,0.0,0.0,0.0,0.45,0.4500000099460112,3.332655822496785e-18
884.0,0.4500000306461675,0.4499999892458503,49.939559214486046,49.879118428972085,49.829021909150384,49.82750794015839,49.827507940210104,49.825993971166405,49.82599397126983,3.339484478720639e-06,3.3394837369593167e-06,3.3394844787133116e-06,3.3394837369561683e-06,0.0,0.0,0.0,0.45,0.4500000099460112,3.332655822496785e-18
885.0,0.45000003064658756,0.44999998924543033,49.93955921448604,49.879118428972085,49.829021909150384,49.82750794015839,49.82750794021011,49.825993971166405,49.82599397126983,3.339484478720639e-06,3.3394837369442696e-06,3.3394844787133243e-06,3.339483736956159e-06,0.0,0.0,0.0,0.45,0.4500000099460112,3.3326558224967844e-18
886.0,0.4500000306461675,0.4499999892458503,49.93955921448604,49.879118428972085,49.829021909150384,49.8275079401584,49.82750794021011,49.825993971166405,49.82599397126984,3.3394844787055913e-06,3.3394837369442696e-06,3.3394844787133184e-06,3.3394837369564627e-06,0.0,0.0,0.0,0.45,0.4500000099460112,3.3326558224967844e-18
887.0,0.45000003064574756,0.4499999892462702,49.939559214486046,49.879118428972085,49.829021909150384,49.8275079401584,49.827507940210104,49.825993971166405,49.82599397126983,3.3394844787055913e-06,3.3394837369593167e-06,3.3394844787133256e-06,3.339483736956155e-06,0.0,0.0,0.0,0.45,0.4500000099460112,3.332655822496785e-18
888.0,0.4500000306457476,0.44999998924627027,49.939559214486046,49.879118428972085,49.829021909150384,49.8275079401584,49.827507940210104,49.825993971166405,49.82599397126983,3.3394844787055913e-06,3.3394837369593167e-06,3.3394844787133358e-06,3.339483736956147e-06,0.0,0.0,0.0,0.45,0.4500000099460112,3.332655822496785e-18
889.0,0.45000003064616756,0.44999998924585033,49.939559214486046,49.879118428972085,49.829021909150384,49.82750794015839,49.827507940210104,49.825993971166405,49.82599397126983,3.339484478720639e-06,3.3394837369593167e-06,3.339484478713345e-06,3.3394837369561387e-06,0.0,0.0,0.0,0.45,0.4500000099460112,3.332655822496785e-18
890.0,0.4500000306460511,0.44999998924573387,49.939559214486025,49.87911842897209,49.829021909150384,49.8275079401584,49.82750794021011,49.825993971166405,49.82599397126984,3.3394844787055913e-06,3.3394837369442696e-06,3.3394844787133455e-06,3.3394837369564334e-06,0.0,0.0,0.0,0.45,0.4500000099460128,3.332655822496783e-18
891.0,0.45000003064939925,0.4499999892499219,49.93955921448606,49.879118428972134,49.829021909150356,49.82750794015837,49.82750794021008,49.82599397116638,49.82599397126981,3.3394844787055913e-06,3.3394837369593167e-06,3.3394844787128754e-06,3.3394837369560324e-06,0.0,0.0,0.0,0.45,0.45000000994609224,3.332655822496786e-18
892.0,0.450000030653024,0.4499999892535467,49.93955921448613,49.879118428972255,49.82902190915035,49.827507940158355,49.82750794021007,49.82599397116638,49.8259939712698,3.339484478720639e-06,3.3394837369743643e-06,3.3394844787139376e-06,3.3394837369567744e-06,0.0,0.0,0.0,0.45,0.45000000994617023,3.3326558224967906e-18
893.0,0.4500000306500444,0.44999998925056706,49.93955921448599,49.87911842897197,49.829021909150356,49.82750794015836,49.827507940210076,49.82599397116638,49.82599397126981,3.339484478720639e-06,3.3394837369743643e-06,3.3394844787138135e-06,3.339483736956609e-06,0.0,0.0,0.0,0.45,0.45000000994607686,3.332655822496781e-18
894.0,0.4500000306519067,0.44999998925242934,49.93955921448566,49.8791184289713,49.82902190915034,49.827507940158355,49.82750794021007,49.825993971166376,49.825993971269796,3.3394844787055913e-06,3.3394837369593167e-06,3.339484478713236e-06,3.339483736956003e-06,0.0,0.0,0.0,0.45,0.45000000994602624,3.3326558224967583e-18
895.0,0.450000030670057,0.44999998927057966,49.93955921448513,49.87911842897024,49.82902190915028,49.827507940158306,49.82750794021001,49.82599397116631,49.82599397126974,3.339484478690544e-06,3.3394837369442696e-06,3.339484478712935e-06,3.3394837369557164e-06,0.0,0.0,0.0,0.45,0.4500000099462326,3.332655822496722e-18
896.0,0.4500000306148053,0.44999998921532774,49.93955921448766,49.87911842897531,49.82902190915114,49.82750794015914,49.82750794021084,49.82599397116712,49.82599397127056,3.3394844787507335e-06,3.339483737004459e-06,3.339484478752624e-06,3.3394837369960572e-06,0.0,0.0,0.0,0.45,0.45000000994577755,3.3326558224968946e-18
897.0,0.45000003064830685,0.4499999892488295,49.939559214485506,49.879118428971026,49.82902190915048,49.82750794015849,49.827507940210204,49.82599397116649,49.82599397126993,3.3394844787055913e-06,3.3394837369593167e-06,3.3394844787226735e-06,3.339483736966107e-06,0.0,0.0,0.0,0.45,0.45000000994598405,3.3326558224967482e-18
898.0,0.45000003063960964,0.4499999892401323,49.93955921448754,49.879118428975076,49.829021909149745,49.82750794015777,49.82750794020948,49.825993971165786,49.82599397126922,3.339484478690544e-06,3.3394837369442696e-06,3.3394844786910753e-06,3.3394837369341904e-06,0.0,0.0,0.0,0.45,0.4500000099461053,3.332655822496886e-18
899.0,0.4500000306429073,0.44999998924259005,49.93955921448687,49.87911842897374,49.82902190915001,49.827507940158014,49.827507940209735,49.825993971166035,49.825993971269455,3.339484478720639e-06,3.3394837369593167e-06,3.3394844787012838e-06,3.3394837369440803e-06,0.0,0.0,0.0,0.45,0.45000000994606854,3.3326558224968407e-18
900.0,0.4500000306482295,0.4499999892479123,49.93955921448549,49.879118428970976,49.829021909150526,49.82750794015853,49.82750794021025,49.82599397116653,49.825993971269966,3.339484478720639e-06,3.3394837369593167e-06,3.3394844787225553e-06,3.339483736965936e-06,0.0,0.0,0.0,0.45,0.45000000994597733,3.3326558224967467e-18
901.0,0.45000003064644617,0.4499999892469688,49.93955921448538,49.879118428970756,49.829021909150576,49.8275079401586,49.8275079402103,49.82599397116659,49.82599397127003,3.3394844787055913e-06,3.3394837369593167e-06,3.3394844787244395e-06,3.3394837369678176e-06,0.0,0.0,0.0,0.45,0.4500000099459348,3.3326558224967394e-18
902.0,0.4500000306460067,0.44999998924568946,49.939559214486025,49.87911842897206,49.82902190915034,49.827507940158355,49.827507940210076,49.82599397116637,49.825993971269796,3.3394844787055913e-06,3.3394837369442696e-06,3.3394844787139194e-06,3.3394837369569827e-06,0.0,0.0,0.0,0.45,0.450000009946011,3.3326558224967837e-18
903.0,0.45000003064519145,0.4499999892457141,49.93955921448602,49.87911842897206,49.82902190915035,49.82750794015836,49.827507940210076,49.825993971166376,49.8259939712698,3.3394844787055913e-06,3.3394837369593167e-06,3.33948447871379e-06,3.3394837369567163e-06,0.0,0.0,0.0,0.45,0.4500000099459952,3.3326558224967825e-18
904.0,0.4500000306459581,0.4499999892456409,49.939559214486025,49.87911842897206,49.829021909150356,49.82750794015836,49.82750794021008,49.82599397116638,49.8259939712698,3.339484478720639e-06,3.3394837369593167e-06,3.3394844787137855e-06,3.3394837369565495e-06,0.0,0.0,0.0,0.45,0.45000000994600126,3.332655822496783e-18
905.0,0.45000003064594457,0.44999998924562734,49.93955921448603,49.87911842897206,49.829021909150356,49.82750794015836,49.82750794021008,49.82599397116638,49.8259939712698,3.339484478720639e-06,3.3394837369593167e-06,3.3394844787136665e-06,3.3394837369562704e-06,0.0,0.0,0.0,0.45,0.45000000994599937,3.332655822496784e-18
906.0,0.4500000306444684,0.4499999892441512,49.93955921448605,49.87911842897206,49.829021909150356,49.82750794015836,49.82750794021008,49.82599397116638,49.8259939712698,3.339484478720639e-06,3.3394837369593167e-06,3.3394844787137834e-06,3.3394837369553666e-06,0.0,0.0,0.0,0.45,0.4500000099459599,3.3326558224967856e-18
907.0,0.45000003064066646,0.44999998924034923,49.93955921448606,49.87911842897206,49.82902190915035,49.82750794015836,49.82750794021008,49.82599397116638,49.825993971269796,3.3394844787055913e-06,3.3394837369442696e-06,3.339484478714184e-06,3.339483736953071e-06,0.0,0.0,0.0,0.45,0.45000000994585954,3.332655822496786e-18
908.0,0.4500000306470572,0.44999998924673995,49.93955921448604,49.879118428972085,49.82902190915039,49.82750794015839,49.827507940210104,49.825993971166405,49.82599397126984,3.339484478735686e-06,3.3394837369743643e-06,3.339484478715087e-06,3.339483736955066e-06,0.0,0.0,0.0,0.45,0.4500000099460379,3.3326558224967844e-18
909.0,0.4500000306481624,0.4499999892478452,49.93955921448603,49.87911842897209,49.8290219091504,49.8275079401584,49.82750794021011,49.82599397116641,49.825993971269845,3.339484478735686e-06,3.3394837369743643e-06,3.3394844787151425e-06,3.339483736955551e-06,0.0,0.0,0.0,0.45,0.4500000099460674,3.332655822496784e-18
910.0,0.4500000306462082,0.44999998924673085,49.93955921448604,49.879118428972085,49.829021909150384,49.8275079401584,49.827507940210104,49.825993971166405,49.82599397126984,3.3394844787055913e-06,3.3394837369593167e-06,3.33948447871464e-06,3.339483736955422e-06,0.0,0.0,0.0,0.45,0.4500000099460233,3.3326558224967844e-18
911.0,0.4500000306446805,0.4499999892452032,49.939559214486046,49.879118428972085,49.82902190915038,49.82750794015839,49.8275079402101,49.8259939711664,49.82599397126983,3.3394844787055913e-06,3.3394837369593167e-06,3.3394844787141692e-06,3.3394837369552726e-06,0.0,0.0,0.0,0.45,0.45000000994598055,3.332655822496785e-18
912.0,0.45000003064617566,0.44999998924585843,49.939559214486046,49.879118428972085,49.829021909150384,49.82750794015839,49.827507940210104,49.825993971166405,49.82599397126983,3.339484478720639e-06,3.3394837369593167e-06,3.3394844787143204e-06,3.3394837369553916e-06,0.0,0.0,0.0,0.45,0.4500000099460128,3.332655822496785e-18
913.0,0.45000003064576477,0.4499999892462874,49.939559214486046,49.879118428972085,49.829021909150384,49.8275079401584,49.827507940210104,49.8259939711664,49.82599397126984,3.3394844787055913e-06,3.3394837369593167e-06,3.3394844787138978e-06,3.3394837369557914e-06,0.0,0.0,0.0,0.45,0.4500000099460113,3.332655822496785e-18
914.0,0.45000003064573446,0.4499999892462571,49.939559214486046,49.87911842897209,49.829021909150384,49.8275079401584,49.827507940210104,49.8259939711664,49.82599397126984,3.3394844787055913e-06,3.3394837369593167e-06,3.3394844787137724e-06,3.339483736955884e-06,0.0,0.0,0.0,0.45,0.4500000099460103,3.332655822496785e-18
915.0,0.45000003064611194,0.4499999892457947,49.939559214486046,49.879118428972085,49.829021909150384,49.82750794015839,49.827507940210104,49.825993971166405,49.82599397126983,3.339484478720639e-06,3.3394837369593167e-06,3.339484478713958e-06,3.339483736955657e-06,0.0,0.0,0.0,0.45,0.4500000099460098,3.332655822496785e-18
916.0,0.45000003064608457,0.44999998924576734,49.939559214486046,49.879118428972085,49.829021909150384,49.82750794015839,49.827507940210104,49.825993971166405,49.82599397126983,3.339484478720639e-06,3.3394837369593167e-06,3.339484478713874e-06,3.3394837369556995e-06,0.0,0.0,0.0,0.45,0.45000000994600975,3.332655822496785e-18
917.0,0.4500000306456812,0.4499999892462039,49.93955921448604,49.879118428972085,49.829021909150384,49.8275079401584,49.827507940210104,49.825993971166405,49.82599397126983,3.3394844787055913e-06,3.3394837369593167e-06,3.3394844787138364e-06,3.3394837369557016e-06,0.0,0.0,0.0,0.45,0.45000000994601025,3.3326558224967844e-18
918.0,0.45000003064578387,0.4499999892463065,49.93955921448604,49.879118428972085,49.829021909150384,49.8275079401584,49.827507940210104,49.825993971166405,49.82599397126984,3.3394844787055913e-06,3.3394837369593167e-06,3.3394844787137707e-06,3.339483736956064e-06,0.0,0.0,0.0,0.45,0.4500000099460119,3.3326558224967844e-18
919.0,0.450000030646225,0.4499999892459078,49.93955921448604,49.879118428972085,49.829021909150384,49.8275079401584,49.82750794021011,49.825993971166405,49.82599397126984,3.3394844787055913e-06,3.3394837369442696e-06,3.339484478713729e-06,3.339483736956107e-06,0.0,0.0,0.0,0.45,0.4500000099460123,3.3326558224967844e-18
920.0,0.45000003064619887,0.44999998924588164,49.93955921448604,49.879118428972085,49.829021909150384,49.8275079401584,49.82750794021011,49.825993971166405,49.82599397126984,3.3394844787055913e-06,3.3394837369442696e-06,3.339484478713692e-06,3.3394837369561438e-06,0.0,0.0,0.0,0.45,0.4500000099460118,3.3326558224967844e-18
921.0,0.4500000306461597,0.44999998924584245,49.93955921448604,49.879118428972085,49.829021909150384,49.82750794015839,49.827507940210104,49.825993971166405,49.82599397126984,3.339484478720639e-06,3.3394837369593167e-06,3.3394844787136475e-06,3.3394837369561895e-06,0.0,0.0,0.0,0.45,0.4500000099460111,3.3326558224967844e-18
922.0,0.4500000306457229,0.44999998924624557,49.939559214486046,49.879118428972085,49.829021909150384,49.8275079401584,49.827507940210104,49.82599397116641,49.82599397126984,3.3394844787055913e-06,3.3394837369593167e-06,3.3394844787138673e-06,3.3394837369562585e-06,0.0,0.0,0.0,0.45,0.4500000099460106,3.332655822496785e-18
923.0,0.45000003064577515,0.4499999892462978,49.939559214486046,49.879118428972085,49.829021909150384,49.8275079401584,49.827507940210104,49.825993971166405,49.82599397126984,3.3394844787055913e-06,3.3394837369593167e-06,3.339484478713546e-06,3.3394837369562822e-06,0.0,0.0,0.0,0.45,0.45000000994601186,3.332655822496785e-18
924.0,0.45000003064576827,0.4499999892462909,49.939559214486046,49.879118428972085,49.829021909150384,49.8275079401584,49.827507940210104,49.8259939711664,49.82599397126984,3.3394844787055913e-06,3.3394837369593167e-06,3.3394844787132252e-06,3.3394837369562983e-06,0.0,0.0,0.0,0.45,0.4500000099460117,3.332655822496785e-18
925.0,0.45000003064573574,0.4499999892462584,49.939559214486046,49.879118428972085,49.829021909150384,49.8275079401584,49.827507940210104,49.825993971166405,49.82599397126984,3.3394844787055913e-06,3.3394837369593167e-06,3.339484478713504e-06,3.339483736956309e-06,0.0,0.0,0.0,0.45,0.4500000099460109,3.332655822496785e-18
926.0,0.4500000306457108,0.44999998924623347,49.939559214486046,49.879118428972085,49.829021909150384,49.8275079401584,49.827507940210104,49.825993971166405,49.82599397126984,3.3394844787055913e-06,3.3394837369593167e-06,3.339484478713485e-06,3.3394837369563174e-06,0.0,0.0,0.0,0.45,0.45000000994601036,3.332655822496785e-18
927.0,0.45000003064572613,0.4499999892462488,49.939559214486046,49.879118428972085,49.829021909150384,49.8275079401584,49.827507940210104,49.825993971166405,49.82599397126983,3.3394844787055913e-06,3.3394837369593167e-06,3.339484478713469e-06,3.3394837369560243e-06,0.0,0.0,0.0,0.45,0.45000000994601075,3.332655822496785e-18
928.0,0.4500000306461516,0.4499999892458344,49.939559214486046,49.879118428972085,49.829021909150384,49.8275079401584,49.82750794021011,49.825993971166405,49.82599397126984,3.3394844787055913e-06,3.3394837369442696e-06,3.339484478713468e-06,3.339483736956313e-06,0.0,0.0,0.0,0.45,0.4500000099460108,3.332655822496785e-18
929.0,0.45000003064617144,0.4499999892458542,49.939559214486046,49.879118428972085,49.829021909150384,49.8275079401584,49.82750794021011,49.825993971166405,49.82599397126984,3.3394844787055913e-06,3.3394837369442696e-06,3.339484478713424e-06,3.3394837369563597e-06,0.0,0.0,0.0,0.45,0.45000000994601125,3.332655822496785e-18
930.0,0.4500000306466085,0.44999998924545126,49.93955921448604,49.879118428972085,49.829021909150384,49.82750794015839,49.82750794021011,49.825993971166405,49.82599397126983,3.339484478720639e-06,3.3394837369442696e-06,3.3394844787133616e-06,3.339483736956129e-06,0.0,0.0,0.0,0.45,0.45000000994601164,3.3326558224967844e-18
931.0,0.45000003064618593,0.4499999892458687,49.93955921448604,49.879118428972085,49.829021909150384,49.82750794015839,49.827507940210104,49.825993971166405,49.82599397126983,3.339484478720639e-06,3.3394837369593167e-06,3.3394844787133074e-06,3.3394837369561865e-06,0.0,0.0,0.0,0.45,0.45000000994601164,3.3326558224967844e-18
932.0,0.45000003064614774,0.4499999892458305,49.939559214486046,49.879118428972085,49.829021909150384,49.82750794015839,49.827507940210104,49.825993971166405,49.82599397126983,3.339484478720639e-06,3.3394837369593167e-06,3.3394844787132926e-06,3.3394837369561975e-06,0.0,0.0,0.0,0.45,0.4500000099460108,3.332655822496785e-18
933.0,0.45000003064573096,0.4499999892462536,49.939559214486046,49.879118428972085,49.829021909150384,49.8275079401584,49.827507940210104,49.825993971166405,49.82599397126984,3.3394844787055913e-06,3.3394837369593167e-06,3.3394844787133116e-06,3.339483736956468e-06,0.0,0.0,0.0,0.45,0.4500000099460108,3.332655822496785e-18
934.0,0.45000003064575034,0.449999989246273,49.93955921448604,49.879118428972085,49.829021909150384,49.8275079401584,49.827507940210104,49.825993971166405,49.82599397126984,3.3394844787055913e-06,3.3394837369593167e-06,3.339484478713297e-06,3.3394837369564826e-06,0.0,0.0,0.0,0.45,0.45000000994601125,3.3326558224967844e-18
935.0,0.45000003064618804,0.4499999892458708,49.93955921448604,49.879118428972085,49.829021909150384,49.82750794015839,49.827507940210104,49.825993971166405,49.82599397126984,3.339484478720639e-06,3.3394837369593167e-06,3.3394844787132604e-06,3.339483736956526e-06,0.0,0.0,0.0,0.45,0.45000000994601164,3.3326558224967844e-18
936.0,0.4500000306461864,0.44999998924586915,49.93955921448604,49.879118428972085,49.829021909150384,49.82750794015839,49.827507940210104,49.825993971166405,49.82599397126983,3.339484478720639e-06,3.3394837369593167e-06,3.3394844787132146e-06,3.339483736956277e-06,0.0,0.0,0.0,0.45,0.45000000994601164,3.3326558224967844e-18
937.0,0.45000003064656824,0.449999989245411,49.93955921448604,49.879118428972085,49.829021909150384,49.82750794015839,49.82750794021011,49.825993971166405,49.82599397126984,3.339484478720639e-06,3.3394837369442696e-06,3.3394844787131697e-06,3.339483736956619e-06,0.0,0.0,0.0,0.45,0.4500000099460108,3.3326558224967844e-18
938.0,0.4500000306461498,0.44999998924583257,49.939559214486046,49.879118428972085,49.829021909150384,49.82750794015839,49.827507940210104,49.825993971166405,49.82599397126984,3.339484478720639e-06,3.3394837369593167e-06,3.3394844787131227e-06,3.3394837369566583e-06,0.0,0.0,0.0,0.45,0.4500000099460108,3.332655822496785e-18
939.0,0.45000003064616334,0.4499999892458461,49.939559214486046,49.879118428972085,49.829021909150384,49.82750794015839,49.827507940210104,49.825993971166405,49.82599397126984,3.339484478720639e-06,3.3394837369593167e-06,3.3394844787131206e-06,3.3394837369566575e-06,0.0,0.0,0.0,0.45,0.4500000099460111,3.332655822496785e-18
940.0,0.4500000306461844,0.44999998924586715,49.93955921448604,49.879118428972085,49.829021909150384,49.8275079401584,49.82750794021011,49.825993971166405,49.82599397126984,3.3394844787055913e-06,3.3394837369442696e-06,3.33948447871315e-06,3.3394837369566325e-06,0.0,0.0,0.0,0.45,0.4500000099460116,3.3326558224967844e-18
941.0,0.45000003064620814,0.4499999892458909,49.93955921448604,49.879118428972085,49.829021909150384,49.8275079401584,49.82750794021011,49.825993971166405,49.82599397126984,3.3394844787055913e-06,3.3394837369442696e-06,3.339484478713191e-06,3.3394837369566003e-06,0.0,0.0,0.0,0.45,0.45000000994601214,3.3326558224967844e-18
942.0,0.45000003064580346,0.4499999892463261,49.93955921448604,49.879118428972085,49.829021909150384,49.8275079401584,49.827507940210104,49.825993971166405,49.82599397126983,3.3394844787055913e-06,3.3394837369593167e-06,3.3394844787132307e-06,3.339483736956277e-06,0.0,0.0,0.0,0.45,0.4500000099460124,3.3326558224967844e-18
943.0,0.45000003064575844,0.4499999892462811,49.939559214486046,49.879118428972085,49.829021909150384,49.8275079401584,49.827507940210104,49.825993971166405,49.82599397126984,3.3394844787055913e-06,3.3394837369593167e-06,3.339484478713227e-06,3.3394837369565783e-06,0.0,0.0,0.0,0.45,0.45000000994601147,3.332655822496785e-18
944.0,0.45000003064574756,0.4499999892462702,49.939559214486046,49.879118428972085,49.829021909150384,49.8275079401584,49.827507940210104,49.825993971166405,49.82599397126983,3.3394844787055913e-06,3.3394837369593167e-06,3.339484478713314e-06,3.3394837369561865e-06,0.0,0.0,0.0,0.45,0.4500000099460112,3.332655822496785e-18
945.0,0.4500000306457468,0.44999998924626944,49.93955921448604,49.879118428972085,49.829021909150384,49.8275079401584,49.827507940210104,49.825993971166405,49.82599397126983,3.3394844787055913e-06,3.3394837369593167e-06,3.3394844787133718e-06,3.339483736956126e-06,0.0,0.0,0.0,0.45,0.4500000099460112,3.3326558224967844e-18
946.0,0.4500000306457472,0.4499999892462698,49.93955921448604,49.879118428972085,49.829021909150384,49.8275079401584,49.827507940210104,49.825993971166405,49.82599397126983,3.3394844787055913e-06,3.3394837369593167e-06,3.339484478713394e-06,3.3394837369561022e-06,0.0,0.0,0.0,0.45,0.4500000099460112,3.3326558224967844e-18
947.0,0.45000003064574784,0.4499999892462705,49.93955921448604,49.879118428972085,49.829021909150384,49.8275079401584,49.827507940210104,49.825993971166405,49.82599397126983,3.3394844787055913e-06,3.3394837369593167e-06,3.3394844787133938e-06,3.3394837369561e-06,0.0,0.0,0.0,0.45,0.4500000099460112,3.3326558224967844e-18
948.0,0.4500000306461678,0.44999998924585055,49.93955921448604,49.879118428972085,49.829021909150384,49.82750794015839,49.827507940210104,49.825993971166405,49.82599397126984,3.339484478720639e-06,3.3394837369593167e-06,3.3394844787133866e-06,3.339483736956402e-06,0.0,0.0,0.0,0.45,0.4500000099460112,3.3326558224967844e-18
949.0,0.45000003064574756,0.4499999892462702,49.93955921448604,49.879118428972085,49.829021909150384,49.8275079401584,49.827507940210104,49.825993971166405,49.82599397126984,3.3394844787055913e-06,3.3394837369593167e-06,3.3394844787133815e-06,3.3394837369564068e-06,0.0,0.0,0.0,0.45,0.4500000099460112,3.3326558224967844e-18
950.0,0.4500000306461675,0.4499999892458503,49.93955921448604,49.879118428972085,49.829021909150384,49.8275079401584,49.82750794021011,49.825993971166405,49.82599397126984,3.3394844787055913e-06,3.3394837369442696e-06,3.3394844787133883e-06,3.339483736956397e-06,0.0,0.0,0.0,0.45,0.4500000099460112,3.3326558224967844e-18
951.0,0.4500000306461675,0.4499999892458503,49.93955921448604,49.879118428972085,49.829021909150384,49.8275079401584,49.82750794021011,49.825993971166405,49.82599397126984,3.3394844787055913e-06,3.3394837369442696e-06,3.3394844787134006e-06,3.3394837369563873e-06,0.0,0.0,0.0,0.45,0.4500000099460112,3.3326558224967844e-18
952.0,0.4500000306461675,0.4499999892458503,49.93955921448604,49.879118428972085,49.829021909150384,49.82750794015839,49.827507940210104,49.825993971166405,49.82599397126984,3.339484478720639e-06,3.3394837369593167e-06,3.3394844787133968e-06,3.3394837369563885e-06,0.0,0.0,0.0,0.45,0.4500000099460112,3.3326558224967844e-18
953.0,0.4500000306461675,0.4499999892458503,49.93955921448604,49.879118428972085,49.829021909150384,49.82750794015839,49.827507940210104,49.825993971166405,49.82599397126983,3.339484478720639e-06,3.3394837369593167e-06,3.3394844787133646e-06,3.3394837369561217e-06,0.0,0.0,0.0,0.45,0.4500000099460112,3.3326558224967844e-18
954.0,0.4500000306461675,0.4499999892458503,49.939559214486046,49.879118428972085,49.829021909150384,49.82750794015839,49.827507940210104,49.825993971166405,49.82599397126984,3.339484478720639e-06,3.3394837369593167e-06,3.3394844787133108e-06,3.339483736956475e-06,0.0,0.0,0.0,0.45,0.4500000099460112,3.332655822496785e-18
955.0,0.4500000306465875,0.4499999892454303,49.939559214486046,49.879118428972085,49.829021909150384,49.82750794015839,49.82750794021011,49.825993971166405,49.82599397126984,3.339484478720639e-06,3.3394837369442696e-06,3.339484478713248e-06,3.339483736956533e-06,0.0,0.0,0.0,0.45,0.4500000099460112,3.332655822496785e-18
956.0,0.4500000306465875,0.4499999892454303,49.939559214486046,49.879118428972085,49.829021909150384,49.82750794015839,49.82750794021011,49.825993971166405,49.82599397126984,3.339484478720639e-06,3.3394837369442696e-06,3.3394844787131943e-06,3.339483736956588e-06,0.0,0.0,0.0,0.45,0.4500000099460112,3.332655822496785e-18
957.0,0.4500000306461675,0.4499999892458503,49.93955921448604,49.879118428972085,49.829021909150384,49.82750794015839,49.827507940210104,49.825993971166405,49.82599397126984,3.339484478720639e-06,3.3394837369593167e-06,3.339484478713159e-06,3.3394837369566244e-06,0.0,0.0,0.0,0.45,0.4500000099460112,3.3326558224967844e-18
958.0,0.45000003064574756,0.4499999892462702,49.939559214486046,49.879118428972085,49.829021909150384,49.8275079401584,49.827507940210104,49.825993971166405,49.82599397126984,3.3394844787055913e-06,3.3394837369593167e-06,3.339484478713159e-06,3.3394837369566236e-06,0.0,0.0,0.0,0.45,0.4500000099460112,3.332655822496785e-18
959.0,0.45000003064616756,0.44999998924585033,49.939559214486046,49.879118428972085,49.829021909150384,49.82750794015839,49.827507940210104,49.825993971166405,49.82599397126984,3.339484478720639e-06,3.3394837369593167e-06,3.339484478713142e-06,3.3394837369566427e-06,0.0,0.0,0.0,0.45,0.4500000099460112,3.332655822496785e-18
960.0,0.4500000306465875,0.4499999892454303,49.939559214486046,49.879118428972085,49.829021909150384,49.82750794015839,49.82750794021011,49.825993971166405,49.82599397126984,3.339484478720639e-06,3.3394837369442696e-06,3.3394844787131113e-06,3.3394837369566706e-06,0.0,0.0,0.0,0.45,0.4500000099460112,3.332655822496785e-18
961.0,0.4500000306461675,0.4499999892458503,49.939559214486046,49.879118428972085,49.829021909150384,49.82750794015839,49.827507940210104,49.825993971166405,49.82599397126984,3.339484478720639e-06,3.3394837369593167e-06,3.3394844787130863e-06,3.339483736956696e-06,0.0,0.0,0.0,0.45,0.4500000099460112,3.332655822496785e-18
962.0,0.4500000306461675,0.4499999892458503,49.939559214486046,49.879118428972085,49.829021909150384,49.82750794015839,49.827507940210104,49.825993971166405,49.82599397126984,3.339484478720639e-06,3.3394837369593167e-06,3.3394844787130656e-06,3.3394837369567163e-06,0.0,0.0,0.0,0.45,0.4500000099460112,3.332655822496785e-18
963.0,0.4500000306461675,0.4499999892458503,49.93955921448604,49.879118428972085,49.829021909150384,49.82750794015839,49.827507940210104,49.825993971166405,49.82599397126984,3.339484478720639e-06,3.3394837369593167e-06,3.3394844787130452e-06,3.3394837369567337e-06,0.0,0.0,0.0,0.45,0.4500000099460112,3.3326558224967844e-18
964.0,0.4500000306461675,0.4499999892458503,49.93955921448604,49.879118428972085,49.829021909150384,49.82750794015839,49.827507940210104,49.825993971166405,49.82599397126984,3.339484478720639e-06,3.3394837369593167e-06,3.3394844787130114e-06,3.339483736956767e-06,0.0,0.0,0.0,0.45,0.4500000099460112,3.3326558224967844e-18
965.0,0.4500000306465875,0.4499999892454303,49.939559214486046,49.879118428972085,49.829021909150384,49.82750794015839,49.82750794021011,49.825993971166405,49.82599397126983,3.339484478720639e-06,3.3394837369442696e-06,3.3394844787130266e-06,3.339483736956455e-06,0.0,0.0,0.0,0.45,0.4500000099460112,3.332655822496785e-18
966.0,0.45000003064616756,0.44999998924585033,49.939559214486046,49.879118428972085,49.829021909150384,49.8275079401584,49.82750794021011,49.825993971166405,49.82599397126983,3.3394844787055913e-06,3.3394837369442696e-06,3.3394844787130694e-06,3.3394837369564114e-06,0.0,0.0,0.0,0.45,0.4500000099460112,3.332655822496785e-18
967.0,0.4500000306457477,0.4499999892462703,49.939559214486046,49.879118428972085,49.829021909150384,49.8275079401584,49.827507940210104,49.825993971166405,49.82599397126983,3.3394844787055913e-06,3.3394837369593167e-06,3.3394844787131143e-06,3.3394837369563657e-06,0.0,0.0,0.0,0.45,0.4500000099460112,3.332655822496785e-18
968.0,0.45000003064616756,0.44999998924585033,49.939559214486046,49.879118428972085,49.829021909150384,49.82750794015839,49.827507940210104,49.825993971166405,49.82599397126983,3.339484478720639e-06,3.3394837369593167e-06,3.339484478713127e-06,3.339483736956354e-06,0.0,0.0,0.0,0.45,0.4500000099460112,3.332655822496785e-18
969.0,0.4500000306457475,0.44999998924627016,49.93955921448604,49.879118428972085,49.829021909150384,49.8275079401584,49.827507940210104,49.825993971166405,49.82599397126984,3.3394844787055913e-06,3.3394837369593167e-06,3.339484478713145e-06,3.3394837369566346e-06,0.0,0.0,0.0,0.45,0.4500000099460112,3.3326558224967844e-18
970.0,0.4500000306461674,0.44999998924585016,49.93955921448604,49.879118428972085,49.829021909150384,49.8275079401584,49.82750794021011,49.825993971166405,49.82599397126984,3.3394844787055913e-06,3.3394837369442696e-06,3.3394844787131867e-06,3.3394837369565935e-06,0.0,0.0,0.0,0.45,0.4500000099460112,3.3326558224967844e-18
971.0,0.4500000306457475,0.44999998924627016,49.93955921448604,49.879118428972085,49.829021909150384,49.8275079401584,49.827507940210104,49.825993971166405,49.82599397126984,3.3394844787055913e-06,3.3394837369593167e-06,3.339484478713227e-06,3.3394837369565537e-06,0.0,0.0,0.0,0.45,0.4500000099460112,3.3326558224967844e-18
972.0,0.4500000306461675,0.4499999892458503,49.93955921448604,49.879118428972085,49.829021909150384,49.82750794015839,49.827507940210104,49.825993971166405,49.82599397126984,3.339484478720639e-06,3.3394837369593167e-06,3.339484478713248e-06,3.339483736956532e-06,0.0,0.0,0.0,0.45,0.4500000099460112,3.3326558224967844e-18
973.0,0.4500000306461675,0.4499999892458503,49.93955921448604,49.879118428972085,49.829021909150384,49.82750794015839,49.827507940210104,49.825993971166405,49.82599397126983,3.339484478720639e-06,3.3394837369593167e-06,3.3394844787132362e-06,3.3394837369562437e-06,0.0,0.0,0.0,0.45,0.4500000099460112,3.3326558224967844e-18
974.0,0.4500000306461675,0.4499999892458503,49.93955921448604,49.879118428972085,49.829021909150384,49.82750794015839,49.827507940210104,49.825993971166405,49.82599397126984,3.339484478720639e-06,3.3394837369593167e-06,3.3394844787132002e-06,3.3394837369565783e-06,0.0,0.0,0.0,0.45,0.4500000099460112,3.3326558224967844e-18
975.0,0.4500000306461675,0.4499999892458503,49.939559214486046,49.879118428972085,49.829021909150384,49.82750794015839,49.827507940210104,49.825993971166405,49.82599397126984,3.339484478720639e-06,3.3394837369593167e-06,3.339484478713157e-06,3.3394837369566244e-06,0.0,0.0,0.0,0.45,0.4500000099460112,3.332655822496785e-18
976.0,0.4500000306465875,0.4499999892454303,49.939559214486046,49.879118428972085,49.829021909150384,49.82750794015839,49.82750794021011,49.825993971166405,49.82599397126984,3.339484478720639e-06,3.3394837369442696e-06,3.3394844787131143e-06,3.3394837369566655e-06,0.0,0.0,0.0,0.45,0.4500000099460112,3.332655822496785e-18
977.0,0.4500000306465875,0.4499999892454303,49.939559214486046,49.879118428972085,49.829021909150384,49.82750794015839,49.82750794021011,49.825993971166405,49.82599397126984,3.339484478720639e-06,3.3394837369442696e-06,3.3394844787130905e-06,3.33948373695669e-06,0.0,0.0,0.0,0.45,0.4500000099460112,3.332655822496785e-18
978.0,0.45000003064574756,0.4499999892462702,49.939559214486046,49.879118428972085,49.829021909150384,49.8275079401584,49.827507940210104,49.825993971166405,49.82599397126984,3.3394844787055913e-06,3.3394837369593167e-06,3.3394844787131e-06,3.3394837369566808e-06,0.0,0.0,0.0,0.45,0.4500000099460112,3.332655822496785e-18
979.0,0.4500000306461675,0.4499999892458503,49.93955921448604,49.879118428972085,49.829021909150384,49.82750794015839,49.827507940210104,49.825993971166405,49.82599397126984,3.339484478720639e-06,3.3394837369593167e-06,3.3394844787130893e-06,3.33948373695669e-06,0.0,0.0,0.0,0.45,0.4500000099460112,3.3326558224967844e-18
980.0,0.4500000306461675,0.4499999892458503,49.939559214486046,49.879118428972085,49.829021909150384,49.82750794015839,49.827507940210104,49.825993971166405,49.82599397126984,3.339484478720639e-06,3.3394837369593167e-06,3.3394844787130673e-06,3.3394837369567117e-06,0.0,0.0,0.0,0.45,0.4500000099460112,3.332655822496785e-18
981.0,0.4500000306461675,0.4499999892458503,49.939559214486046,49.879118428972085,49.829021909150384,49.82750794015839,49.827507940210104,49.825993971166405,49.82599397126984,3.339484478720639e-06,3.3394837369593167e-06,3.33948447871305e-06,3.339483736956731e-06,0.0,0.0,0.0,0.45,0.4500000099460112,3.332655822496785e-18
982.0,0.45000003064616756,0.44999998924585033,49.939559214486046,49.879118428972085,49.829021909150384,49.82750794015839,49.827507940210104,49.825993971166405,49.82599397126984,3.339484478720639e-06,3.3394837369593167e-06,3.3394844787130334e-06,3.3394837369567473e-06,0.0,0.0,0.0,0.45,0.4500000099460112,3.332655822496785e-18
983.0,0.45000003064574756,0.4499999892462702,49.93955921448604,49.879118428972085,49.829021909150384,49.8275079401584,49.827507940210104,49.825993971166405,49.82599397126983,3.3394844787055913e-06,3.3394837369593167e-06,3.33948447871302e-06,3.3394837369564605e-06,0.0,0.0,0.0,0.45,0.4500000099460112,3.3326558224967844e-18
984.0,0.4500000306461675,0.4499999892458503,49.939559214486046,49.879118428972085,49.829021909150384,49.82750794015839,49.827507940210104,49.825993971166405,49.82599397126984,3.339484478720639e-06,3.3394837369593167e-06,3.3394844787129787e-06,3.339483736956802e-06,0.0,0.0,0.0,0.45,0.4500000099460112,3.332655822496785e-18
985.0,0.45000003064616745,0.4499999892458502,49.939559214486046,49.879118428972085,49.829021909150384,49.82750794015839,49.827507940210104,49.825993971166405,49.82599397126984,3.339484478720639e-06,3.3394837369593167e-06,3.339484478713014e-06,3.3394837369567667e-06,0.0,0.0,0.0,0.45,0.4500000099460112,3.332655822496785e-18
986.0,0.4500000306461675,0.4499999892458503,49.939559214486046,49.879118428972085,49.829021909150384,49.82750794015839,49.827507940210104,49.825993971166405,49.82599397126983,3.339484478720639e-06,3.3394837369593167e-06,3.339484478713108e-06,3.3394837369563737e-06,0.0,0.0,0.0,0.45,0.4500000099460112,3.332655822496785e-18
987.0,0.45000003064574756,0.4499999892462702,49.939559214486046,49.879118428972085,49.829021909150384,49.8275079401584,49.827507940210104,49.825993971166405,49.82599397126983,3.3394844787055913e-06,3.3394837369593167e-06,3.3394844787132113e-06,3.3394837369562695e-06,0.0,0.0,0.0,0.45,0.4500000099460112,3.332655822496785e-18
988.0,0.45000003064574756,0.4499999892462702,49.939559214486046,49.879118428972085,49.829021909150384,49.8275079401584,49.827507940210104,49.825993971166405,49.82599397126983,3.3394844787055913e-06,3.3394837369593167e-06,3.3394844787132807e-06,3.339483736956201e-06,0.0,0.0,0.0,0.45,0.4500000099460112,3.332655822496785e-18
989.0,0.45000003064616756,0.44999998924585033,49.939559214486046,49.879118428972085,49.829021909150384,49.8275079401584,49.82750794021011,49.825993971166405,49.82599397126984,3.3394844787055913e-06,3.3394837369442696e-06,3.3394844787133036e-06,3.339483736956476e-06,0.0,0.0,0.0,0.45,0.4500000099460112,3.332655822496785e-18
990.0,0.45000003064616756,0.44999998924585033,49.939559214486046,49.879118428972085,49.829021909150384,49.8275079401584,49.82750794021011,49.825993971166405,49.82599397126984,3.3394844787055913e-06,3.3394837369442696e-06,3.33948447871331e-06,3.3394837369564694e-06,0.0,0.0,0.0,0.45,0.4500000099460112,3.332655822496785e-18
991.0,0.4500000306457476,0.44999998924627027,49.93955921448604,49.879118428972085,49.829021909150384,49.8275079401584,49.827507940210104,49.825993971166405,49.82599397126983,3.3394844787055913e-06,3.3394837369593167e-06,3.3394844787133116e-06,3.339483736956169e-06,0.0,0.0,0.0,0.45,0.4500000099460112,3.3326558224967844e-18
992.0,0.4500000306461675,0.4499999892458503,49.93955921448604,49.879118428972085,49.829021909150384,49.82750794015839,49.827507940210104,49.825993971166405,49.82599397126983,3.339484478720639e-06,3.3394837369593167e-06,3.3394844787133243e-06,3.339483736956157e-06,0.0,0.0,0.0,0.45,0.4500000099460112,3.3326558224967844e-18
993.0,0.45000003064574756,0.4499999892462702,49.93955921448604,49.879118428972085,49.829021909150384,49.8275079401584,49.827507940210104,49.825993971166405,49.82599397126983,3.3394844787055913e-06,3.3394837369593167e-06,3.3394844787133646e-06,3.339483736956117e-06,0.0,0.0,0.0,0.45,0.4500000099460112,3.3326558224967844e-18
994.0,0.4500000306461675,0.4499999892458503,49.939559214486046,49.879118428972085,49.829021909150384,49.82750794015839,49.827507940210104,49.825993971166405,49.82599397126984,3.339484478720639e-06,3.3394837369593167e-06,3.3394844787133116e-06,3.339483736956468e-06,0.0,0.0,0.0,0.45,0.4500000099460112,3.332655822496785e-18
995.0,0.4500000306461675,0.4499999892458503,49.93955921448605,49.879118428972085,49.829021909150384,49.82750794015839,49.827507940210104,49.825993971166405,49.82599397126984,3.339484478720639e-06,3.3394837369593167e-06,3.3394844787132824e-06,3.3394837369564974e-06,0.0,0.0,0.0,0.45,0.4500000099460112,3.3326558224967852e-18
996.0,0.4500000306461675,0.4499999892458503,49.939559214486046,49.879118428972085,49.829021909150384,49.82750794015839,49.827507940210104,49.825993971166405,49.82599397126984,3.339484478720639e-06,3.3394837369593167e-06,3.339484478713289e-06,3.33948373695649e-06,0.0,0.0,0.0,0.45,0.4500000099460112,3.332655822496785e-18
997.0,0.4500000306461675,0.4499999892458503,49.939559214486046,49.879118428972085,49.829021909150384,49.82750794015839,49.827507940210104,49.825993971166405,49.82599397126984,3.339484478720639e-06,3.3394837369593167e-06,3.3394844787133006e-06,3.339483736956478e-06,0.0,0.0,0.0,0.45,0.4500000099460112,3.332655822496785e-18
998.0,0.45000003064616745,0.4499999892458502,49.93955921448604,49.879118428972085,49.829021909150384,49.82750794015839,49.827507940210104,49.825993971166405,49.82599397126984,3.339484478720639e-06,3.3394837369593167e-06,3.339484478713288e-06,3.3394837369564927e-06,0.0,0.0,0.0,0.45,0.4500000099460112,3.3326558224967844e-18
999.0,0.4500000306461675,0.4499999892458503,49.939559214486046,49.879118428972085,49.829021909150384,49.8275079401584,49.82750794021011,49.825993971166405,49.82599397126984,3.3394844787055913e-06,3.3394837369442696e-06,3.339484478713248e-06,3.339483736956533e-06,0.0,0.0,0.0,0.45,0.4500000099460112,3.332655822496785e-18
1000.0,0.4500000306461675,0.4499999892458503,49.939559214486046,49.879118428972085,49.829021909150384,49.8275079401584,49.82750794021011,49.825993971166405,49.82599397126984,3.3394844787055913e-06,3.3394837369442696e-06,3.339484478713267e-06,3.3394837369565126e-06,0.0,0.0,0.0,0.45,0.4500000099460112,3.332655822496785e-18
