time,VV_junc1__H_VV_out_alpha,VV_junc1__H_VV_out_beta,inlet__u_mmHg,VV_junc1__u_mmHg,VV_junc1__u_d_mmHg,PV1__u_mmHg,PV2__u_mmHg,V1__u_mmHg,V2__u_mmHg,PV1__v_mm3_s,PV2__v_mm3_s,V1__v_mm3_s,V2__v_mm3_s,PV1__R_constriction,PV2__R_constriction,inlet__H_link_R,inlet__H_link_L,inlet__H_down,inlet__q_C
0.0,0.4500546438778496,0.45005464222897756,49.93951943708114,49.87903887416441,49.828909384730174,49.827394419523806,49.82739441925245,49.82587945431751,49.82587945377477,3.3416819097678096e-06,3.3416818802070064e-06,3.3416819084209094e-06,3.3416818788927226e-06,7.124576406741286e-197,0.0,-1.9984014885135946e-16,0.45,0.45000000994816686,3.3326531138933488e-18
1.0,0.4500000139235063,0.45000000688990327,49.939525134842114,49.879050269687475,49.82892550286141,49.82741068035539,49.827410680127834,49.825895857849396,49.82589585739426,3.3413671439955392e-06,3.3413670179048044e-06,3.3413671430674003e-06,3.3413670169924686e-06,1.9366606581912876e-196,0.0,1.759167118410856e-29,0.45,0.45000000994602224,3.3326535018768033e-18
2.0,0.450000015873454,0.450000004187408,49.93953001714556,49.879060034293886,49.82893931417824,49.82742461394906,49.82742461375933,49.82590991371991,49.82590991334046,3.3410974280236005e-06,3.3410972185458716e-06,3.341097427234293e-06,3.3410972177343187e-06,5.264389475052911e-196,0.0,-1.1423569755060895e-31,0.45,0.4500000099460097,3.332653834332475e-18
3.0,0.4500000178728804,0.45000000216220887,49.93953420001108,49.87906840002455,49.828951146888215,49.827436551418394,49.82743655126138,49.8259219559486,49.825921955634556,3.3408663518048135e-06,3.340866070203311e-06,3.3408663511413906e-06,3.3408660695421842e-06,1.431009424796738e-195,0.0,9.1996587615478e-36,0.45,0.4500000099460114,3.3326541191606072e-18
4.0,0.4500000196012054,0.4500000004134258,49.93953778363269,49.879075567267414,49.82896128442546,49.827446778706864,49.82744677857811,49.82593227298828,49.82593227273078,3.3406683802217326e-06,3.3406680363161696e-06,3.3406683796466074e-06,3.3406680357305268e-06,3.889886915778604e-195,0.0,1.1701497914140513e-41,0.45,0.4500000099460114,3.332654363183811e-18
5.0,0.45000002109615533,0.4499999989009218,49.93954085385718,49.87908170771612,49.82896996963795,49.82745554081254,49.82745554070823,49.825941111987134,49.825941111778505,3.340498770687214e-06,3.340498372898789e-06,3.3404987702000374e-06,3.3404983724179723e-06,1.0573808917921579e-194,0.0,-1.9121922842404703e-46,0.45,0.4500000099460113,3.332654572247742e-18
6.0,0.4500000223872607,0.4499999975947747,49.939543484235415,49.879086968472336,49.82897741059022,49.82746304764202,49.827463047558815,49.82594868469382,49.82594868452744,3.340353459942995e-06,3.3403530156253066e-06,3.3403534595359034e-06,3.3403530151895865e-06,2.8742592639184426e-194,0.0,-9.364735556706612e-51,0.45,0.4500000099460113,3.3326547513607717e-18
7.0,0.4500000235045137,0.44999999646463995,49.93954573778014,49.87909147556156,49.82898378553603,49.82746947902726,49.827469478962314,49.82595517251849,49.82595517238863,3.340228966928878e-06,3.3402284823527685e-06,3.340228966563978e-06,3.3402284819630727e-06,7.813046727389574e-194,0.0,-3.049029149024556e-55,0.45,0.45000000994601136,3.3326549048136928e-18
8.0,0.45000002447076387,0.4499999954872706,49.93954766847737,49.87909533695583,49.828989247193874,49.82747498903883,49.827474988989685,49.825960730883786,49.82596073078551,3.3401223091644548e-06,3.3401217897737216e-06,3.340122308870215e-06,3.3401217894678736e-06,2.1238062943964494e-193,0.0,-1.0778875040144516e-59,0.45,0.4500000099460107,3.33265503628263e-18
9.0,0.45000002530566235,0.44999999464291507,49.93954932257895,49.87909864515884,49.82899392640341,49.82747970967478,49.82747970963928,49.82596549294614,49.825965492875156,3.340030931559966e-06,3.3400303820916596e-06,3.340030931313055e-06,3.3400303818219915e-06,5.77310405722481e-193,0.0,-3.397964805416244e-64,0.45,0.4500000099460108,3.332655148917057e-18
10.0,0.45000002602837225,0.44999999391215606,49.9395507397108,49.879101479422395,49.82899793526051,49.827483754023405,49.82748375399971,49.825969572786306,49.825969572738906,3.339952645023005e-06,3.3399520695224083e-06,3.339952644796848e-06,3.3399520692905635e-06,1.5692923852557387e-192,0.0,2.7133681229854346e-69,0.45,0.4500000099460113,3.332655245415263e-18
11.0,0.4500000266533288,0.44999999328007106,49.939551953822466,49.879103907645614,49.82900136980343,49.827487218973246,49.82748721895976,49.82597306814307,49.825973068116085,3.3398855740033576e-06,3.339884975989448e-06,3.3398855738127252e-06,3.3398849758134403e-06,4.265778974379826e-192,0.0,2.682117540171336e-71,0.45,0.45000000994600964,3.332655328089008e-18
12.0,0.45000002719287147,0.44999999273467145,49.939552993998056,49.87910598799672,49.829004312306864,49.8274901875274,49.827490187522734,49.82597606274795,49.8259760627386,3.3398281118022967e-06,3.3398274943579805e-06,3.339828111641238e-06,3.339827494193078e-06,1.1595589470279343e-191,0.0,-4.030843284596378e-76,0.45,0.4500000099460106,3.332655398918747e-18
13.0,0.45000002766016073,0.4499999922622631,49.93955388515514,49.87910777031079,49.829006833258894,49.827492730798014,49.82749273080097,49.82597862833715,49.82597862834305,3.33977888190082e-06,3.3397782476277456e-06,3.3397788817409935e-06,3.3397782474760085e-06,3.152008014733138e-191,0.0,-1.8303948295468068e-80,0.45,0.45000000994601025,3.3326554596012156e-18
14.0,0.4500000280631438,0.44999999185485007,49.9395546486449,49.87910929729024,49.82900899305886,49.82749490971919,49.827494909728735,49.82598082637951,49.825980826398606,3.3397367047049492e-06,3.339736055919086e-06,3.3397367045919826e-06,3.3397360557859487e-06,8.56804610960636e-191,0.0,7.161961247847036e-83,0.45,0.4500000099460098,3.332655511590303e-18
15.0,0.4500000284123253,0.4499999915019525,49.93955530275469,49.879110605509766,49.82901084343904,49.82749677648117,49.82749677649642,49.82598270952329,49.825982709553806,3.3397005700240754e-06,3.3396999086653995e-06,3.339700569932891e-06,3.3396999085534904e-06,2.329036404514219e-190,0.0,-2.671054738484421e-87,0.45,0.45000000994600947,3.332655556131269e-18
16.0,0.4500000287148376,0.44999999119643164,49.93955586315617,49.87911172631266,49.829012428732206,49.82749837580924,49.82749837582943,49.82598432288628,49.82598432292665,3.339669612092316e-06,3.33966893984516e-06,3.33966961200553e-06,3.3396689397533537e-06,6.330977336210591e-190,0.0,6.2486583219575275e-90,0.45,0.45000000994601186,3.3326555942912588e-18
17.0,0.45000002897623825,0.449999990932093,49.93955634327347,49.879112686547224,49.82901378691328,49.82749974601453,49.82749974603899,49.8259857051158,49.8259857051647,3.3396430892996935e-06,3.339642407637866e-06,3.339643089212902e-06,3.339642407559043e-06,1.7209380649407302e-189,0.0,-1.776569321683096e-94,0.45,0.45000000994601,3.3326556269843764e-18
18.0,0.4500000292021193,0.4499999907036151,49.9395567546079,49.87911350921602,49.82901495051771,49.827500919920546,49.82750091994869,49.825986889323396,49.82598688937967,3.339620366255667e-06,3.339619676457481e-06,3.339620366183484e-06,3.339619676399914e-06,4.6779946698318586e-189,0.0,3.510040794860331e-99,0.45,0.45000000994600886,3.3326556549937907e-18
19.0,0.45000002939688577,0.44999999050700584,49.939557107013755,49.8791142140277,49.82901594742192,49.827501925650516,49.82750192568184,49.8259879038791,49.82598790394175,3.3396008985762304e-06,3.3396002017696276e-06,3.339600898531377e-06,3.3396002017175516e-06,1.2716107904632213e-188,0.0,-2.9153712275395264e-101,0.45,0.45000000994600897,3.3326556789905227e-18
20.0,0.4500000295660189,0.4499999903368318,49.939557408934206,49.87911481786857,49.82901680151038,49.82750278730033,49.82750278733441,49.82598877309027,49.82598877315844,3.339584219867934e-06,3.3395835169853273e-06,3.3395842198289283e-06,3.339583516936494e-06,3.4565965045886175e-188,0.0,-6.569104739014089e-104,0.45,0.45000000994601774,3.3326556995495e-18
21.0,0.45000002971210096,0.44999999018895687,49.93955766760142,49.87911533520298,49.82901753324181,49.82750352550987,49.82750352554634,49.82598951777793,49.825989517850864,3.3395699305777757e-06,3.3395692224312733e-06,3.339569930548174e-06,3.339569222398542e-06,9.396003466738292e-188,0.0,-2.6747750753924942e-106,0.45,0.45000000994601286,3.3326557171631907e-18
22.0,0.4500000298383671,0.44999999006073843,49.939557889208636,49.879115778417386,49.82901816013594,49.82750415795395,49.827504157992486,49.82599015577197,49.82599015584904,3.339557688588591e-06,3.3395569758850356e-06,3.339557688554853e-06,3.3395569758601493e-06,2.5540985483772893e-187,0.0,-5.936379251494579e-109,0.45,0.4500000099460055,3.332655732253317e-18
23.0,0.4500000299495602,0.4499999899527205,49.93955807907025,49.87911615814062,49.829018697226495,49.82750469979942,49.827504699839736,49.82599070237235,49.82599070245299,3.3395472002959606e-06,3.3395464836670115e-06,3.339547200264801e-06,3.3395464836391813e-06,6.942759672147611e-187,0.0,2.6872634243183056e-111,0.45,0.4500000099460443,3.3326557451817586e-18
24.0,0.4500000300425662,0.4499999898559109,49.939558241733174,49.879116483466426,49.8290191573759,49.827505164022554,49.82750516406441,49.82599117066921,49.82599117075293,3.3395382145441144e-06,3.339537494516148e-06,3.3395382144955955e-06,3.339537494470453e-06,1.8872377456157127e-186,0.0,1.0301455242173584e-111,0.45,0.4500000099460208,3.3326557562581303e-18
25.0,0.45000003012393963,0.4499999897726646,49.93955838109195,49.87911676218398,49.82901955160135,49.82750556173811,49.8275055617813,49.82599157187488,49.82599157196126,3.3395305161254665e-06,3.3395297931496618e-06,3.3395305160989137e-06,3.33952979313439e-06,5.130044069889206e-186,0.0,2.03278120337554e-115,0.45,0.4500000099460094,3.33265576574763e-18
26.0,0.4500000301943055,0.44999998970108757,49.93955850048487,49.8791170009698,49.829019889346306,49.827505902473135,49.82750590251748,49.82599191559998,49.82599191568867,3.3395239206946004e-06,3.339523195177029e-06,3.339523920659278e-06,3.339523195152927e-06,1.3944905574373913e-185,0.0,-8.404236895655652e-117,0.45,0.45000000994600464,3.332655773877574e-18
27.0,0.4500000302563717,0.4499999896405281,49.939558602772905,49.87911720554587,49.8290201787041,49.827506194392626,49.827506194437966,49.825992210081154,49.82599221017183,3.339518270148727e-06,3.339517542435301e-06,3.33951827012832e-06,3.339517542423572e-06,3.790618342239785e-185,0.0,-1.8652311348767676e-119,0.45,0.4500000099460274,3.3326557808427778e-18
28.0,0.4500000303084097,0.4499999895867383,49.939558690408035,49.879117380816105,49.82902042661093,49.82750644449418,49.82750644454039,49.825992462377435,49.825992462469834,3.3395134290614525e-06,3.3395126994529674e-06,3.33951342905342e-06,3.33951269944768e-06,1.030396895833396e-184,0.0,8.443475714083382e-122,0.45,0.4500000099460133,3.3326557868102055e-18
29.0,0.45000003035360475,0.4499999895412234,49.93955876548894,49.87911753097792,49.829020639003765,49.82750665876732,49.82750665881426,49.825992678530895,49.82599267862477,3.3395092815228316e-06,3.3395085502900095e-06,3.3395092814968137e-06,3.3395085502471586e-06,2.8009091580445277e-184,0.0,3.2367532847703356e-122,0.45,0.45000000994601386,3.3326557919227668e-18
30.0,0.45000003039353925,0.4499999895005269,49.93955882981328,49.87911765962659,49.82902082096784,49.82750684234232,49.827506842389916,49.825992863716806,49.825992863812,3.3395057281750343e-06,3.3395049954983323e-06,3.339505728151614e-06,3.339504995481496e-06,7.613660467476964e-184,0.0,6.387069674311616e-126,0.45,0.45000000994600986,3.3326557963028696e-18
31.0,0.4500000304281901,0.4499999894663054,49.9395588849219,49.87911776984384,49.82902097686201,49.82750699961662,49.82750699966477,49.82599302237123,49.825993022467536,3.3395026839251434e-06,3.339501950015129e-06,3.339502683898399e-06,3.3395019499990454e-06,2.069607489679963e-183,0.0,-2.640640641766359e-127,0.45,0.4500000099460167,3.332655800055437e-18
32.0,0.45000003045610343,0.44999998943542485,49.93955893213537,49.87911786427075,49.829021110421934,49.827507134358946,49.827507134407576,49.82599315829596,49.825993158393224,3.339500075793381e-06,3.33949934083054e-06,3.3395000757863845e-06,3.339499340824125e-06,5.625776431239785e-183,0.0,-5.860621504191108e-130,0.45,0.4500000099459866,3.332655803270392e-18
33.0,0.450000030482816,0.4499999894109032,49.93955897258543,49.87911794517088,49.82902122484921,49.827507249799226,49.827507249848274,49.82599327474926,49.825993274847356,3.3394978413180842e-06,3.3394971054377737e-06,3.3394978412945875e-06,3.3394971054132296e-06,1.5292445844012282e-182,0.0,2.6529696194012575e-132,0.45,0.45000000994601264,3.3326558060247994e-18
34.0,0.4500000305051675,0.44999998938789965,49.939559007240796,49.87911801448162,49.82902132288414,49.82750734870205,49.82750734875147,49.825993374519975,49.8259933746188,3.3394959269305913e-06,3.3394951902380824e-06,3.3394959269095323e-06,3.339495190233417e-06,4.1569177650472636e-182,0.0,1.0169992098948645e-132,0.45,0.45000000994600947,3.3326558083846225e-18
35.0,0.4500000305236768,0.4499999893694527,49.93955903693122,49.87911807386245,49.82902140687396,49.827507433435436,49.82750743348516,49.82599345999691,49.825993460096356,3.339494286796591e-06,3.339493549442307e-06,3.3394942867949038e-06,3.3394935494315334e-06,1.1299674023126563e-181,0.0,2.00683964463434e-136,0.45,0.45000000994601197,3.332655810406363e-18
36.0,0.45000003054031545,0.44999998935249497,49.93955906236791,49.87911812473583,49.829021478830605,49.82750750602911,49.8275075060791,49.8259935332276,49.82599353332758,3.3394928816574787e-06,3.339492143701563e-06,3.3394928816614996e-06,3.339492143703514e-06,3.0715698564575653e-181,0.0,-8.296985311859131e-138,0.45,0.4500000099460103,3.3326558121384495e-18
37.0,0.45000003055461907,0.44999998933824165,49.9395590841604,49.87911816832082,49.82902154047835,49.827507568222615,49.827507568272836,49.82599359596687,49.82599359606732,3.3394916778372228e-06,3.339490939369923e-06,3.339491677837297e-06,3.339490939365359e-06,8.349392525651157e-181,0.0,-1.841427785788018e-140,0.45,0.45000000994601214,3.3326558136223878e-18
38.0,0.45000003056675336,0.4499999893260184,49.93955910283037,49.87911820566075,49.829021593292936,49.82750762150476,49.82750762155518,49.82599364971657,49.82599364981742,3.33949064650505e-06,3.3394899076015695e-06,3.3394906465045865e-06,3.3394899075883998e-06,2.2696001981149316e-180,0.0,1.15087076899244e-142,0.45,0.45000000994601236,3.332655814893701e-18
39.0,0.45000003057718174,0.4499999893154492,49.93955911882758,49.87911823765517,49.82902163854668,49.827507667159125,49.827507667209716,49.82599369577156,49.825993695872754,3.3394897628177403e-06,3.3394890235382416e-06,3.33948976281723e-06,3.3394890235162505e-06,6.169412976402866e-180,0.0,-5.101453459087657e-143,0.45,0.4500000099460117,3.332655815983015e-18
40.0,0.4500000305865051,0.44999998930461493,49.93955913253219,49.879118265064356,49.829021677314984,49.82750770627062,49.82750770632138,49.82599373522628,49.82599373532777,3.33948900579925e-06,3.3394882661587564e-06,3.339489005775447e-06,3.339488266142207e-06,1.6770203186015346e-179,0.0,3.186523530420259e-143,0.45,0.45000000994599854,3.3326558169162168e-18
41.0,0.4500000305955143,0.44999998929766566,49.93955914427229,49.87911828854458,49.829021710526014,49.82750773977568,49.827507739826565,49.82599376902533,49.8259937691271,3.3394883572422535e-06,3.339487617315982e-06,3.3394883572528486e-06,3.3394876173329422e-06,4.5586138580111496e-179,0.0,-5.543108157298254e-146,0.45,0.4500000099460187,3.332655817715648e-18
42.0,0.45000003060225013,0.44999998929012286,49.939559154331135,49.87911830866227,49.829021738981005,49.82750776848257,49.82750776853357,49.82599379798414,49.825993798086124,3.3394878016028097e-06,3.3394870614208372e-06,3.339487801604923e-06,3.3394870614361944e-06,1.2391597213193292e-178,0.0,-1.2302339942335953e-148,0.45,0.45000000994601125,3.332655818400595e-18
43.0,0.45000003060712485,0.4499999892840789,49.93955916294903,49.87911832589807,49.82902176335976,49.827507793077146,49.827507793128234,49.82599382279453,49.82599382289671,3.3394873255639906e-06,3.3394865851864916e-06,3.339487325554686e-06,3.339486585171051e-06,3.3683853530207063e-178,0.0,5.568988559976827e-151,0.45,0.4500000099460036,3.3326558189874223e-18
44.0,0.4500000306113096,0.44999998927818463,49.93955917033238,49.879118340664746,49.82902178424649,49.82750781414879,49.827507814199954,49.82599384405106,49.825993844153416,3.3394869176897896e-06,3.3394861771317984e-06,3.3394869177175295e-06,3.3394861771481733e-06,9.156220696363793e-178,0.0,2.1348367218383605e-151,0.45,0.45000000994602185,3.332655819490184e-18
45.0,0.4500000306179664,0.44999998927392265,49.93955917665766,49.87911835331532,49.82902180213917,49.82750783219984,49.8275078322511,49.825993862260546,49.82599386236304,3.3394865683197896e-06,3.339485827566249e-06,3.339486568292388e-06,3.339485827562367e-06,2.4889188336286325e-177,0.0,-8.762892021002486e-154,0.45,0.45000000994599415,3.332655819920898e-18
46.0,0.45000003062153393,0.4499999892707712,49.93955918207777,49.879118364155545,49.82902181747225,49.82750784766868,49.82750784771999,49.825993877865095,49.82599387796773,3.3394862689070818e-06,3.3394855280332185e-06,3.339486268896567e-06,3.339485528028181e-06,6.765582837962193e-177,0.0,3.068586575545215e-154,0.45,0.4500000099460171,3.332655820289975e-18
47.0,0.4500000306243732,0.4499999892677308,49.93955918671504,49.879118373430074,49.8290218305903,49.82750786090287,49.82750786095423,49.825993891215425,49.82599389131815,3.339486012710441e-06,3.339485271731294e-06,3.3394860127359874e-06,3.339485271747064e-06,1.8390760887367006e-176,0.0,1.410540732446672e-156,0.45,0.45000000994601047,3.3326558206057454e-18
48.0,0.4500000306277787,0.44999998926441725,49.939559190693615,49.87911838138722,49.8290218418451,49.82750787225729,49.82750787230871,49.82599390266948,49.825993902772304,3.339485792958547e-06,3.3394850518590626e-06,3.3394857929629304e-06,3.3394850518701257e-06,4.999127113166508e-176,0.0,-8.671858489060094e-157,0.45,0.45000000994601164,3.3326558208766625e-18
49.0,0.45000003063028887,0.44999998926188806,49.93955919410937,49.87911838821873,49.829021851507754,49.82750788200549,49.82750788205694,49.825993912503215,49.82599391260612,3.339485604279487e-06,3.339484863089753e-06,3.339485604280565e-06,3.3394848630976373e-06,1.3589036389877444e-175,0.0,-8.521435502164323e-157,0.45,0.45000000994601164,3.3326558211092548e-18
50.0,0.45000003063235716,0.44999998925975665,49.93955919703137,49.87911839406274,49.82902185977368,49.82750789034459,49.82750789039608,49.8259939209155,49.82599392101847,3.3394854428813207e-06,3.3394847016163806e-06,3.339485442872583e-06,3.3394847016117114e-06,3.693883068487256e-175,0.0,9.168397838710433e-158,0.45,0.45000000994601114,3.332655821308226e-18
51.0,0.45000003063401667,0.4499999892580567,49.93955919952872,49.87911839905743,49.8290218668383,49.827507897471754,49.827507897523276,49.8259939281052,49.82599392820824,3.3394853049119208e-06,3.339484563586817e-06,3.339485304922377e-06,3.339484563594754e-06,1.0041015221521447e-174,0.0,6.003130867762964e-157,0.45,0.4500000099460109,3.3326558214782803e-18
52.0,0.4500000306365448,0.44999998925554524,49.939559201667336,49.87911840333467,49.82902187288815,49.82750790357515,49.82750790362671,49.82599393426215,49.82599393436524,3.3394851867900113e-06,3.339484445374646e-06,3.3394851867880034e-06,3.3394844454023603e-06,2.729430921594242e-174,0.0,8.434515696235593e-160,0.45,0.4500000099460112,3.3326558216239075e-18
53.0,0.45000003063738014,0.44999998925470097,49.93955920350379,49.87911840700758,49.8290218780832,49.8275079088162,49.82750790886777,49.8259939395492,49.82599393965233,3.3394850853405953e-06,3.339484343895154e-06,3.339485085345469e-06,3.339484343909461e-06,7.419362476203855e-174,0.0,-5.185452986858467e-160,0.45,0.4500000099460112,3.332655821748959e-18
54.0,0.4500000306382156,0.44999998925385654,49.93955920508046,49.879118410160906,49.82902188254335,49.827507913315834,49.82750791336742,49.82599394408831,49.82599394419148,3.3394849982463777e-06,3.339484256770858e-06,3.3394849982531667e-06,3.339484256773714e-06,2.0167918197815842e-173,0.0,-5.095505563514908e-160,0.45,0.4500000099460112,3.3326558218563203e-18
55.0,0.4500000306390514,0.44999998925301227,49.939559206429216,49.879118412858425,49.829021886358795,49.82750791716505,49.82750791721665,49.8259939479713,49.825993948074505,3.339484923746814e-06,3.3394841822412138e-06,3.3394849237502573e-06,3.339484182233249e-06,5.48220855549713e-173,0.0,5.482365287374663e-161,0.45,0.4500000099460112,3.332655821948163e-18
56.0,0.4500000306403076,0.4499999892517489,49.93955920758195,49.8791184151639,49.829021889619725,49.82750792045484,49.82750792050646,49.82599395128996,49.8259939513932,3.3394848600813614e-06,3.339484118530631e-06,3.3394848600749926e-06,3.339484118525897e-06,1.4902187896230562e-172,0.0,3.589651852369854e-160,0.45,0.4500000099460112,3.3326558220266572e-18
57.0,0.4500000306411449,0.44999998925090634,49.93955920856911,49.87911841713822,49.82902189241225,49.82750792327208,49.827507923323715,49.825993954131924,49.82599395423519,3.339484805564715e-06,3.3394840639839e-06,3.339484805546483e-06,3.339484063969362e-06,4.0508346562605856e-172,0.0,5.043530710857218e-163,0.45,0.4500000099460112,3.332655822093877e-18
58.0,0.4500000306415626,0.4499999892504843,49.93955920941679,49.879118418833585,49.82902189481021,49.827507925691286,49.82750792574293,49.82599395657234,49.82599395667563,3.339484758707183e-06,3.3394840171113292e-06,3.3394847587220896e-06,3.3394840171209117e-06,1.1011310236205293e-171,0.0,-3.100710500852976e-163,0.45,0.4500000099460112,3.332655822151599e-18
59.0,0.4500000306419805,0.4499999892500623,49.93955921014456,49.87911842028912,49.82902189686895,49.827507927768245,49.827507927819894,49.82599395866754,49.825993958770844,3.3394847185156387e-06,3.3394839769047454e-06,3.3394847185223443e-06,3.3394839769001316e-06,2.993184452260193e-171,0.0,-3.046925244137138e-163,0.45,0.4500000099460112,3.3326558222011554e-18
60.0,0.4500000306428185,0.44999998924922047,49.93955921076712,49.87911842153426,49.8290218986301,49.82750792954498,49.82750792959664,49.825993960459876,49.8259939605632,3.3394846841474298e-06,3.339483942506448e-06,3.3394846841334347e-06,3.339483942493155e-06,8.136318905805023e-171,0.0,3.2782531553475866e-164,0.45,0.4500000099460112,3.3326558222435485e-18
61.0,0.4500000306432371,0.44999998924879886,49.939559211299205,49.87911842259843,49.8290219001353,49.82750793106351,49.82750793111517,49.82599396199173,49.825993962095055,3.3394846547599025e-06,3.339483913103879e-06,3.3394846547424383e-06,3.339483913085812e-06,2.2116807832197576e-170,0.0,2.1464800126927766e-163,0.45,0.4500000099460112,3.3326558222797803e-18
62.0,0.4500000306436557,0.44999998924837775,49.93955921175487,49.87911842350974,49.82902190142429,49.82750793236391,49.827507932415585,49.82599396330354,49.82599396340687,3.339484629570593e-06,3.339483887899527e-06,3.3394846295731173e-06,3.3394838879027746e-06,6.011971683378336e-170,0.0,3.0158461905183803e-166,0.45,0.4500000099460112,3.332655822310808e-18
63.0,0.45000003064449445,0.44999998924753665,49.93955921214615,49.879118424292294,49.82902190253116,49.82750793348057,49.82750793353226,49.82599396443,49.82599396453335,3.3394846079776074e-06,3.3394838662764505e-06,3.3394846079598964e-06,3.3394838662783546e-06,1.6342233380137668e-169,0.0,-1.8541110360976494e-166,0.45,0.4500000099460112,3.332655822337452e-18
64.0,0.45000003064491345,0.44999998924711576,49.939559212482074,49.87911842496415,49.82902190348144,49.82750793443927,49.82750793449097,49.82599396539711,49.82599396550047,3.3394845894091443e-06,3.3394838476929436e-06,3.3394845894043907e-06,3.3394838477125816e-06,4.442279603366506e-169,0.0,-1.821949427321621e-166,0.45,0.4500000099460112,3.332655822360326e-18
65.0,0.4500000306444927,0.44999998924753487,49.93955921276944,49.879118425538884,49.829021904294365,49.8275079352594,49.82750793531109,49.82599396622442,49.82599396632781,3.3394845735191137e-06,3.339483831817964e-06,3.339484573530656e-06,3.3394838318308524e-06,1.2075367922765428e-168,0.0,1.9602750249594344e-167,0.45,0.4500000099460112,3.3326558223798944e-18
66.0,0.45000003064407196,0.44999998924795404,49.939559213015045,49.8791184260301,49.82902190498915,49.82750793596033,49.82750793601201,49.82599396693149,49.82599396703488,3.3394845599614272e-06,3.3394838182753267e-06,3.339484559964238e-06,3.3394838182564637e-06,3.282425319641051e-168,0.0,1.283516239004518e-166,0.45,0.4500000099460112,3.3326558223966184e-18
67.0,0.4500000306444914,0.44999998924753337,49.939559213225365,49.87911842645074,49.829021905584135,49.82750793656057,49.827507936612264,49.825993967537016,49.8259939676404,3.3394845483598995e-06,3.339483806658754e-06,3.339484548347063e-06,3.339483806632093e-06,8.922557099654142e-168,0.0,1.8033652943341895e-169,0.45,0.4500000099460112,3.3326558224109404e-18
68.0,0.4500000306449109,0.4499999892471132,49.93955921340598,49.87911842681196,49.82902190609504,49.827507937076014,49.827507937127706,49.825993968056984,49.82599396816037,3.3394845383684415e-06,3.33948379665225e-06,3.339484538371081e-06,3.3394837966501855e-06,2.42540248273781e-167,0.0,-1.1086903254060783e-169,0.45,0.4500000099460112,3.332655822423239e-18
69.0,0.4500000306453303,0.44999998924669293,49.93955921356104,49.87911842712208,49.82902190653368,49.827507937518526,49.82750793757023,49.825993968503376,49.825993968606774,3.339484529821531e-06,3.339483788090294e-06,3.3394845298058744e-06,3.3394837880805156e-06,6.592927495525641e-167,0.0,-1.0894588641800404e-169,0.45,0.4500000099460112,3.3326558224337973e-18
70.0,0.45000003064532995,0.4499999892466925,49.939559213693684,49.879118427387375,49.82902190690892,49.82750793789708,49.82750793794879,49.82599396888525,49.825993968988655,3.3394845224934585e-06,3.339483780762223e-06,3.3394845224787146e-06,3.3394837807493124e-06,1.7921435007435353e-166,0.0,1.1721724929063584e-170,0.45,0.4500000099460112,3.3326558224428295e-18
71.0,0.45000003064574956,0.4499999892462722,49.93955921380706,49.87911842761412,49.82902190722962,49.82750793822062,49.827507938272326,49.82599396921163,49.825993969315036,3.33948451623375e-06,3.339483774487468e-06,3.3394845162168698e-06,3.339483774483711e-06,4.8715511120621316e-166,0.0,7.674955862842834e-170,0.45,0.4500000099460112,3.3326558224505494e-18
72.0,0.4500000306457493,0.44999998924627194,49.93955921390413,49.87911842780827,49.82902190750424,49.82750793849769,49.827507938549395,49.82599396949112,49.825993969594535,3.339484510846789e-06,3.339483769100508e-06,3.3394845108543664e-06,3.339483769118226e-06,1.3242248864327946e-165,0.0,1.0783462349742618e-172,0.45,0.4500000099460112,3.3326558224571604e-18
73.0,0.45000003064574906,0.4499999892462717,49.9395592139875,49.87911842797501,49.82902190774008,49.827507938735614,49.82750793878732,49.82599396973113,49.82599396983455,3.339484506242291e-06,3.339483764496012e-06,3.3394845062494883e-06,3.3394837645107913e-06,3.5996164455835085e-165,0.0,-6.629561087319456e-173,0.45,0.4500000099460112,3.332655822462837e-18
74.0,0.4500000306453289,0.44999998924669143,49.939559214059074,49.87911842811815,49.82902190794255,49.827507938939874,49.82750793899158,49.82599396993718,49.82599397004061,3.339484502284831e-06,3.3394837605535995e-06,3.339484502296051e-06,3.3394837605551525e-06,9.784771973451988e-165,0.0,-6.514564010070008e-173,0.45,0.4500000099460112,3.3326558224677106e-18
75.0,0.4500000306453289,0.449999989246691,49.93955921412031,49.8791184282406,49.829021908115756,49.82750793911461,49.82750793916631,49.82599397011346,49.82599397021688,3.3394844989142186e-06,3.3394837571829873e-06,3.3394844989144325e-06,3.339483757171041e-06,2.6597767851049894e-164,0.0,7.00916114132418e-174,0.45,0.4500000099460112,3.33265582247188e-18
76.0,0.4500000306457485,0.44999998924627116,49.93955921417263,49.87911842834526,49.82902190826379,49.827507939263946,49.82750793931565,49.825993970264115,49.82599397036753,3.3394844960401697e-06,3.3394837542938917e-06,3.3394844960244183e-06,3.3394837542787858e-06,7.23002290270811e-164,0.0,4.589341817929228e-173,0.45,0.4500000099460112,3.3326558224754432e-18
77.0,0.45000003064574834,0.449999989246271,49.93955921421745,49.879118428434886,49.829021908390544,49.827507939391836,49.82750793944354,49.82599397039312,49.82599397049654,3.339484493542305e-06,3.3394837517960276e-06,3.339484493549059e-06,3.3394837518020356e-06,1.965323987577418e-163,0.0,6.448114567444575e-176,0.45,0.4500000099460112,3.3326558224784947e-18
78.0,0.4500000306457482,0.4499999892462708,49.93955921425592,49.87911842851185,49.8290219084994,49.82750793950166,49.827507939553364,49.82599397050391,49.82599397060732,3.3394844914055777e-06,3.3394837496593006e-06,3.3394844914236877e-06,3.3394837496749813e-06,5.3423044824663653e-163,0.0,-3.964234124110296e-176,0.45,0.4500000099460112,3.3326558224811147e-18
79.0,0.4500000306457481,0.44999998924627077,49.939559214288956,49.879118428577925,49.82902190859286,49.82750793959594,49.82750793964765,49.82599397059902,49.825993970702434,3.3394844895848452e-06,3.3394837478385685e-06,3.3394844895987925e-06,3.3394837478491962e-06,1.4521889196783624e-162,0.0,-3.895470094063532e-176,0.45,0.4500000099460112,3.332655822483364e-18
80.0,0.45000003064616795,0.4499999892458507,49.93955921431722,49.87911842863445,49.82902190867281,49.827507939676586,49.82750793972831,49.825993970680386,49.825993970783806,3.3394844880500127e-06,3.3394837462886884e-06,3.3394844880380725e-06,3.3394837462874593e-06,3.9474587518512647e-162,0.0,4.191221019287653e-177,0.45,0.4500000099460112,3.332655822485289e-18
81.0,0.45000003064616795,0.4499999892458507,49.93955921434139,49.87911842868276,49.82902190874114,49.82750793974552,49.827507939797236,49.82599397074992,49.82599397085334,3.339484486725843e-06,3.3394837449645197e-06,3.3394844867037296e-06,3.3394837449522487e-06,1.0730305393748916e-161,0.0,2.744257908210565e-176,0.45,0.4500000099460112,3.332655822486934e-18
82.0,0.4500000306461679,0.44999998924585066,49.93955921436207,49.87911842872412,49.82902190879965,49.82750793980456,49.827507939856275,49.82599397080947,49.82599397091289,3.3394844855671956e-06,3.3394837438058718e-06,3.3394844855610906e-06,3.339483743808892e-06,2.916799416564376e-161,0.0,3.8557357670875224e-179,0.45,0.4500000099460112,3.3326558224883427e-18
83.0,0.45000003064574784,0.4499999892462705,49.93955921437983,49.87911842875965,49.8290219088499,49.82750793985526,49.827507939906965,49.82599397086061,49.825993970964035,3.3394844845740685e-06,3.3394837428277927e-06,3.3394844845800084e-06,3.3394837428274606e-06,7.928682851306889e-161,0.0,-2.3704664583058878e-179,0.45,0.4500000099460112,3.332655822489552e-18
84.0,0.4500000306461677,0.4499999892458505,49.939559214395075,49.87911842879014,49.82902190889303,49.82750793989877,49.82750793995049,49.825993970904506,49.82599397100794,3.339484483731415e-06,3.3394837419700926e-06,3.3394844837375795e-06,3.3394837419846895e-06,2.1552394518322364e-160,0.0,-2.3293480930276162e-179,0.45,0.4500000099460112,3.3326558224905903e-18
85.0,0.45000003064574773,0.4499999892462704,49.93955921440812,49.879118428816234,49.829021908929946,49.827507939936005,49.82750793998772,49.82599397094206,49.8259939710455,3.339484483024189e-06,3.339483741277913e-06,3.339484483016994e-06,3.3394837412638132e-06,5.858548237893602e-160,0.0,2.506196287737616e-180,0.45,0.4500000099460112,3.3326558224914785e-18
86.0,0.45000003064574784,0.44999998924627027,49.93955921441927,49.87911842883854,49.82902190896149,49.82750793996782,49.82750794001954,49.82599397097416,49.82599397107759,3.3394844824072464e-06,3.3394837406609706e-06,3.3394844824014362e-06,3.3394837406471762e-06,1.5925185216216938e-159,0.0,1.6409654729496578e-179,0.45,0.4500000099460112,3.3326558224922377e-18
87.0,0.45000003064616767,0.44999998924585044,49.93955921442882,49.87911842885763,49.82902190898849,49.82750793999507,49.827507940046786,49.825993971001644,49.82599397110508,3.3394844818655405e-06,3.339483740104218e-06,3.3394844818739465e-06,3.339483740119672e-06,4.328914158808713e-159,0.0,2.3055884243517293e-182,0.45,0.4500000099460112,3.332655822492888e-18
88.0,0.45000003064616767,0.44999998924585044,49.93955921443702,49.87911842887404,49.829021909011686,49.82750794001847,49.827507940070184,49.82599397102525,49.825993971128675,3.339484481429167e-06,3.339483739667844e-06,3.3394844814210583e-06,3.339483739666223e-06,1.17672086948488e-158,0.0,-1.4174519097589496e-182,0.45,0.4500000099460112,3.3326558224934464e-18
89.0,0.4500000306461676,0.4499999892458504,49.93955921444406,49.87911842888811,49.8290219090316,49.82750794003855,49.82750794009027,49.82599397104552,49.82599397114895,3.3394844810529822e-06,3.3394837392916596e-06,3.3394844810324124e-06,3.3394837392772804e-06,3.198658956689277e-158,0.0,-1.392864636994285e-182,0.45,0.4500000099460112,3.3326558224939256e-18
90.0,0.4500000306461675,0.4499999892458503,49.93955921445008,49.87911842890015,49.82902190904863,49.827507940055746,49.82750794010746,49.82599397106285,49.825993971166284,3.339484480691845e-06,3.3394837389305225e-06,3.339484480699804e-06,3.3394837389446747e-06,8.69485651740623e-158,0.0,1.4986133644022529e-183,0.45,0.4500000099460112,3.3326558224943354e-18
91.0,0.4500000306461675,0.4499999892458503,49.93955921445522,49.879118428910445,49.82902190906319,49.82750794007043,49.827507940122146,49.82599397107767,49.8259939711811,3.3394844804059448e-06,3.3394837386446226e-06,3.339484480415631e-06,3.339483738660227e-06,2.3635070472324053e-157,0.0,9.812371043390824e-183,0.45,0.4500000099460112,3.332655822494686e-18
92.0,0.4500000306457476,0.44999998924627027,49.93955921445963,49.87911842891926,49.829021909075664,49.82750794008301,49.82750794013472,49.825993971090355,49.82599397119379,3.339484480180234e-06,3.3394837384339596e-06,3.3394844801722827e-06,3.3394837384166285e-06,6.424678257926742e-157,0.0,1.3786572274695158e-185,0.45,0.4500000099460112,3.332655822494986e-18
93.0,0.4500000306461676,0.4499999892458504,49.93955921446342,49.87911842892682,49.829021909086364,49.82750794009381,49.82750794014552,49.825993971101255,49.825993971204674,3.339484479969571e-06,3.3394837382082486e-06,3.3394844799632443e-06,3.3394837382070996e-06,1.7464086162218177e-156,0.0,-8.47584199911614e-186,0.45,0.4500000099460112,3.332655822495244e-18
94.0,0.45000003064616756,0.44999998924585033,49.93955921446666,49.879118428933324,49.82902190909555,49.82750794010308,49.827507940154796,49.825993971110606,49.82599397121404,3.339484479789003e-06,3.3394837380276802e-06,3.3394844797837186e-06,3.339483738027779e-06,4.747230806540073e-156,0.0,-8.328819135266108e-186,0.45,0.4500000099460112,3.3326558224954648e-18
95.0,0.4500000306465875,0.4499999892454303,49.93955921446944,49.87911842893888,49.82902190910342,49.827507940111005,49.82750794016273,49.825993971118606,49.82599397122204,3.3394844796535762e-06,3.3394837378772065e-06,3.339484479630172e-06,3.339483737874199e-06,1.290431123691886e-155,0.0,8.961157699238917e-187,0.45,0.4500000099460112,3.332655822495654e-18
96.0,0.4500000306461675,0.4499999892458503,49.939559214471814,49.879118428943634,49.82902190911013,49.8275079401178,49.82750794016951,49.82599397112545,49.82599397122888,3.339484479488055e-06,3.339483737726733e-06,3.3394844794990723e-06,3.3394837377430907e-06,3.50775547440964e-155,0.0,5.8674376201324976e-186,0.45,0.4500000099460112,3.3326558224958157e-18
97.0,0.45000003064574773,0.44999998924627016,49.93955921447385,49.8791184289477,49.82902190911589,49.827507940123596,49.8275079401753,49.825993971131304,49.82599397123474,3.3394844793977706e-06,3.339483737651496e-06,3.3394844793865495e-06,3.339483737630515e-06,9.535067964765462e-155,0.0,8.243864042591083e-189,0.45,0.4500000099460112,3.3326558224959544e-18
98.0,0.4500000306457478,0.4499999892462702,49.9395592144756,49.8791184289512,49.82902190912084,49.82750794012858,49.82750794018029,49.82599397113633,49.825993971239754,3.339484479307486e-06,3.3394837375612116e-06,3.339484479290042e-06,3.339483737533568e-06,2.5919001981743925e-154,0.0,-5.068242322672768e-189,0.45,0.4500000099460112,3.3326558224960734e-18
99.0,0.45000003064574773,0.44999998924627016,49.9395592144771,49.87911842895419,49.82902190912508,49.827507940132854,49.82750794018457,49.82599397114065,49.82599397124408,3.3394844792322497e-06,3.3394837374859747e-06,3.3394844792072635e-06,3.3394837374509677e-06,7.04551520987685e-154,0.0,-4.980328048074092e-189,0.45,0.4500000099460112,3.3326558224961755e-18
100.0,0.4500000306461675,0.4499999892458503,49.93955921447837,49.87911842895676,49.829021909128706,49.82750794013652,49.827507940188234,49.82599397114434,49.82599397124777,3.339484479157013e-06,3.3394837373956903e-06,3.3394844791365977e-06,3.3394837373799016e-06,1.9151695967140056e-153,0.0,5.358443292850909e-190,0.45,0.4500000099460112,3.3326558224962625e-18
101.0,0.45000003064616745,0.4499999892458502,49.93955921447947,49.87911842895895,49.829021909131804,49.827507940139654,49.82750794019137,49.8259939711475,49.82599397125093,3.339484479081776e-06,3.3394837373204535e-06,3.3394844790758362e-06,3.33948373731935e-06,5.205970713164919e-153,0.0,3.5085122723027282e-189,0.45,0.4500000099460112,3.3326558224963372e-18
102.0,0.45000003064574756,0.4499999892462702,49.93955921448042,49.87911842896083,49.82902190913446,49.82750794014233,49.82750794019404,49.8259939711502,49.82599397125364,3.3394844790215863e-06,3.3394837372753113e-06,3.3394844790239055e-06,3.3394837372676566e-06,1.4151295589086178e-152,0.0,4.929528021802621e-192,0.45,0.4500000099460112,3.3326558224964016e-18
103.0,0.4500000306457477,0.4499999892462701,49.93955921448122,49.87911842896245,49.82902190913674,49.827507940144635,49.82750794019634,49.82599397115253,49.825993971255954,3.3394844789914916e-06,3.3394837372452166e-06,3.339484478979602e-06,3.339483737222985e-06,3.84672096489656e-152,0.0,-3.0306228270898193e-192,0.45,0.4500000099460112,3.3326558224964563e-18
104.0,0.4500000306457475,0.44999998924627016,49.93955921448192,49.879118428963835,49.8290219091387,49.82750794014661,49.827507940198316,49.82599397115452,49.82599397125795,3.3394844789463494e-06,3.3394837372000744e-06,3.3394844789413494e-06,3.339483737184655e-06,1.0456471698030763e-151,0.0,-2.978053318675853e-192,0.45,0.4500000099460112,3.3326558224965036e-18
105.0,0.4500000306461674,0.44999998924585016,49.93955921448251,49.879118428965015,49.82902190914037,49.8275079401483,49.827507940200015,49.82599397115622,49.825993971259656,3.3394844789012072e-06,3.339483737139885e-06,3.339484478908683e-06,3.3394837371519316e-06,2.842363700655332e-151,0.0,3.2041523524501955e-193,0.45,0.4500000099460112,3.332655822496544e-18
106.0,0.4500000306465874,0.44999998924543017,49.93955921448301,49.879118428966024,49.82902190914181,49.827507940149744,49.827507940201464,49.82599397115768,49.8259939712611,3.33948447888616e-06,3.3394837371097904e-06,3.339484478880843e-06,3.339483737123488e-06,7.726345597362994e-151,0.0,2.0979615228732555e-192,0.45,0.4500000099460112,3.3326558224965784e-18
107.0,0.45000003064616745,0.4499999892458502,49.939559214483445,49.8791184289669,49.82902190914303,49.82750794015098,49.8275079402027,49.82599397115893,49.825993971262356,3.339484478841018e-06,3.3394837370796958e-06,3.3394844788569134e-06,3.3394837370998687e-06,2.1002384837706373e-150,0.0,2.947676768101382e-195,0.45,0.4500000099460112,3.3326558224966076e-18
108.0,0.4500000306461676,0.4499999892458504,49.939559214483815,49.87911842896764,49.82902190914408,49.827507940152046,49.827507940203766,49.825993971159996,49.825993971263436,3.3394844788259704e-06,3.3394837370646487e-06,3.339484478836046e-06,3.3394837370795658e-06,5.709040105864101e-150,0.0,-1.8122011804739972e-195,0.45,0.4500000099460112,3.332655822496633e-18
109.0,0.4500000306461676,0.4499999892458504,49.939559214484134,49.879118428968276,49.829021909144984,49.827507940152955,49.82750794020467,49.82599397116092,49.825993971264346,3.339484478810923e-06,3.339483737049601e-06,3.3394844788184157e-06,3.3394837370616764e-06,1.5518779977714289e-149,0.0,-1.7807665445459697e-195,0.45,0.4500000099460112,3.3326558224966546e-18
110.0,0.4500000306461676,0.4499999892458504,49.93955921448441,49.87911842896882,49.82902190914576,49.82750794015373,49.82750794020545,49.82599397116171,49.825993971265135,3.3394844787958757e-06,3.3394837370345536e-06,3.339484478803465e-06,3.3394837370465056e-06,4.2184417613274815e-149,0.0,1.9159654654567936e-196,0.45,0.4500000099460112,3.3326558224966735e-18
111.0,0.45000003064616756,0.44999998924585033,49.939559214484646,49.87911842896929,49.82902190914642,49.8275079401544,49.82750794020612,49.825993971162376,49.8259939712658,3.339484478780828e-06,3.3394837370195065e-06,3.339484478790335e-06,3.3394837370334673e-06,1.1466913584229263e-148,0.0,1.2545039634611568e-195,0.45,0.4500000099460112,3.3326558224966893e-18
112.0,0.45000003064616756,0.44999998924585033,49.93955921448484,49.8791184289697,49.82902190914699,49.827507940154966,49.82750794020668,49.82599397116296,49.825993971266385,3.3394844787958757e-06,3.3394837370345536e-06,3.3394844787794433e-06,3.3394837370228887e-06,3.1170302824520586e-148,0.0,1.7626024825865944e-198,0.45,0.4500000099460112,3.3326558224967028e-18
113.0,0.45000003064574756,0.4499999892462702,49.939559214485016,49.87911842897004,49.82902190914748,49.82750794015546,49.82750794020718,49.825993971163456,49.825993971266875,3.3394844787657807e-06,3.3394837370195065e-06,3.339484478770133e-06,3.3394837370132156e-06,8.472966775545996e-148,0.0,-1.0836297704741974e-198,0.45,0.4500000099460112,3.3326558224967147e-18
114.0,0.45000003064574756,0.4499999892462702,49.939559214485165,49.87911842897033,49.82902190914789,49.82750794015588,49.82750794020759,49.825993971163875,49.8259939712673,3.3394844787657807e-06,3.3394837370195065e-06,3.3394844787619025e-06,3.339483737005001e-06,2.3031911619103912e-147,0.0,-1.0648330123202708e-198,0.45,0.4500000099460112,3.3326558224967247e-18
115.0,0.4500000306461675,0.4499999892458503,49.93955921448529,49.87911842897058,49.829021909148246,49.827507940156245,49.82750794020796,49.82599397116424,49.82599397126767,3.3394844787507335e-06,3.339483736989412e-06,3.3394844787548273e-06,3.3394837369982866e-06,6.260722682888491e-147,0.0,1.1456770031605956e-199,0.45,0.4500000099460112,3.3326558224967336e-18
116.0,0.4500000306465875,0.4499999892454303,49.9395592144854,49.87911842897079,49.82902190914855,49.82750794015655,49.82750794020827,49.82599397116454,49.82599397126798,3.3394844787507335e-06,3.3394837369743643e-06,3.3394844787486803e-06,3.3394837369922125e-06,1.7018408701917146e-146,0.0,7.501473107024604e-199,0.45,0.4500000099460112,3.332655822496741e-18
117.0,0.45000003064616745,0.4499999892458502,49.93955921448549,49.879118428970976,49.82902190914882,49.827507940156806,49.82750794020853,49.82599397116481,49.82599397126824,3.3394844787657807e-06,3.339483737004459e-06,3.33948447874356e-06,3.3394837369871413e-06,4.626083112371067e-146,0.0,1.053971570167436e-201,0.45,0.4500000099460112,3.332655822496747e-18
118.0,0.4500000306465875,0.4499999892454303,49.93955921448557,49.87911842897114,49.829021909149034,49.827507940157034,49.827507940208754,49.82599397116505,49.82599397126847,3.3394844787507335e-06,3.3394837369743643e-06,3.339484478739616e-06,3.3394837369826444e-06,1.2574997661299532e-145,0.0,-6.479708169880881e-202,0.45,0.4500000099460112,3.3326558224967525e-18
119.0,0.4500000306461675,0.4499999892458503,49.93955921448564,49.879118428971275,49.829021909149226,49.82750794015723,49.827507940208946,49.82599397116524,49.825993971268666,3.339484478735686e-06,3.3394837369743643e-06,3.3394844787356043e-06,3.3394837369789937e-06,3.418238763562552e-145,0.0,-6.367310457400199e-202,0.45,0.4500000099460112,3.332655822496757e-18
120.0,0.45000003064616756,0.44999998924585033,49.93955921448569,49.879118428971395,49.82902190914939,49.8275079401574,49.82750794020912,49.8259939711654,49.825993971268836,3.339484478720639e-06,3.3394837369593167e-06,3.339484478732192e-06,3.3394837369759237e-06,9.291736316326398e-145,0.0,6.850727840538542e-203,0.45,0.4500000099460112,3.332655822496761e-18
121.0,0.45000003064616756,0.44999998924585033,49.93955921448575,49.87911842897149,49.82902190914954,49.827507940157545,49.82750794020926,49.82599397116555,49.82599397126898,3.339484478720639e-06,3.3394837369593167e-06,3.3394844787297436e-06,3.339483736973168e-06,2.5257557983503036e-144,0.0,4.48560549941868e-202,0.45,0.4500000099460112,3.3326558224967644e-18
122.0,0.4500000306457475,0.44999998924627016,49.93955921448579,49.87911842897157,49.82902190914967,49.827507940157666,49.82750794020938,49.82599397116567,49.8259939712691,3.339484478735686e-06,3.339483736989412e-06,3.339484478727128e-06,3.3394837369707635e-06,6.865716089780698e-144,0.0,-2.932817212299895e-205,0.45,0.4500000099460112,3.332655822496767e-18
123.0,0.4500000306457453,0.44999998924626794,49.939559214485826,49.87911842897165,49.829021909149766,49.82750794015777,49.82750794020948,49.82599397116578,49.825993971269206,3.339484478735686e-06,3.339483736989412e-06,3.3394844787253132e-06,3.3394837369685655e-06,1.8662951286209762e-143,0.0,-9.417426051895708e-208,0.45,0.4500000099460112,3.33265582249677e-18
124.0,0.4500000306457314,0.44999998924625406,49.939559214485854,49.879118428971715,49.82902190914986,49.82750794015786,49.82750794020957,49.82599397116587,49.82599397126929,3.339484478735686e-06,3.339483736989412e-06,3.339484478723595e-06,3.3394837369666897e-06,5.073116134672037e-143,0.0,4.713097473836237e-210,0.45,0.4500000099460109,3.332655822496772e-18
125.0,0.4500000306453019,0.449999989246664,49.93955921448589,49.879118428971765,49.82902190914993,49.82750794015795,49.82750794020965,49.82599397116594,49.82599397126938,3.3394844787055913e-06,3.3394837369743643e-06,3.339484478722087e-06,3.339483736965319e-06,1.3790159402541388e-142,0.0,-4.75707726849222e-210,0.45,0.45000000994601064,3.332655822496774e-18
126.0,0.4500000306457456,0.4499999892462683,49.93955921448591,49.879118428971815,49.82902190914999,49.82750794015801,49.82750794020972,49.825993971166014,49.82599397126944,3.3394844787055913e-06,3.3394837369593167e-06,3.339484478720896e-06,3.339483736964119e-06,3.74855397154819e-142,0.0,-3.7404886222490055e-210,0.45,0.45000000994601114,3.3326558224967756e-18
127.0,0.4500000306462047,0.44999998924588747,49.93955921448593,49.87911842897186,49.82902190915005,49.82750794015806,49.82750794020977,49.82599397116606,49.8259939712695,3.339484478720639e-06,3.3394837369593167e-06,3.339484478719673e-06,3.339483736962976e-06,1.018962614385743e-141,0.0,1.0230199531287927e-210,0.45,0.45000000994601197,3.332655822496777e-18
128.0,0.45000003064624083,0.4499999892459236,49.939559214485946,49.879118428971886,49.829021909150086,49.82750794015811,49.82750794020982,49.82599397116611,49.82599397126955,3.3394844787055913e-06,3.3394837369442696e-06,3.339484478718661e-06,3.339483736962071e-06,2.769827558563886e-141,0.0,2.7936049982040616e-210,0.45,0.45000000994601264,3.332655822496778e-18
129.0,0.4500000306461969,0.4499999892458797,49.93955921448596,49.879118428971914,49.829021909150136,49.82750794015814,49.82750794020986,49.82599397116616,49.82599397126959,3.339484478720639e-06,3.3394837369593167e-06,3.3394844787181452e-06,3.3394837369612425e-06,7.529171920409294e-141,0.0,2.8182593158819962e-213,0.45,0.4500000099460117,3.332655822496779e-18
130.0,0.45000003064571986,0.4499999892462425,49.939559214485975,49.879118428971935,49.82902190915017,49.827507940158185,49.8275079402099,49.8259939711662,49.82599397126962,3.3394844787055913e-06,3.3394837369593167e-06,3.3394844787174066e-06,3.339483736960465e-06,2.0466411214592676e-140,0.0,-2.844557618931348e-213,0.45,0.4500000099460107,3.33265582249678e-18
131.0,0.4500000306461451,0.44999998924582785,49.93955921448599,49.87911842897196,49.8290219091502,49.82750794015821,49.82750794020993,49.82599397116623,49.825993971269654,3.3394844787055913e-06,3.3394837369442696e-06,3.339484478716947e-06,3.339483736960052e-06,5.563347369839769e-140,0.0,-2.2366749179299756e-213,0.45,0.4500000099460108,3.3326558224967806e-18
132.0,0.4500000306457532,0.4499999892462759,49.93955921448599,49.87911842897198,49.82902190915023,49.82750794015824,49.82750794020995,49.82599397116625,49.82599397126968,3.3394844787055913e-06,3.3394837369593167e-06,3.3394844787161543e-06,3.33948373695963e-06,1.5122746060840867e-139,0.0,6.117283864664817e-214,0.45,0.4500000099460113,3.332655822496781e-18
133.0,0.45000003064576427,0.4499999892462869,49.939559214486,49.87911842897199,49.82902190915024,49.82750794015826,49.82750794020997,49.82599397116627,49.8259939712697,3.3394844787055913e-06,3.3394837369593167e-06,3.3394844787156215e-06,3.3394837369591287e-06,4.110788581358434e-139,0.0,1.6704732618383882e-213,0.45,0.4500000099460115,3.3326558224967817e-18
134.0,0.45000003064616784,0.4499999892458506,49.93955921448601,49.879118428972006,49.82902190915027,49.827507940158284,49.82750794021,49.82599397116629,49.825993971269725,3.339484478720639e-06,3.3394837369593167e-06,3.3394844787152894e-06,3.3394837369588344e-06,1.1174281901343569e-138,0.0,1.6852155977555118e-216,0.45,0.4500000099460112,3.332655822496782e-18
135.0,0.4500000306461672,0.44999998924585,49.93955921448601,49.87911842897202,49.829021909150285,49.8275079401583,49.82750794021001,49.82599397116631,49.825993971269746,3.339484478720639e-06,3.3394837369593167e-06,3.3394844787151306e-06,3.3394837369587086e-06,3.037484743850101e-138,0.0,-1.7009410174298206e-216,0.45,0.4500000099460112,3.332655822496782e-18
136.0,0.4500000306461673,0.44999998924585005,49.93955921448602,49.879118428972035,49.8290219091503,49.827507940158306,49.827507940210026,49.825993971166326,49.82599397126976,3.339484478720639e-06,3.3394837369593167e-06,3.339484478714862e-06,3.3394837369583892e-06,8.256739583429307e-138,0.0,-1.3374494808063911e-216,0.45,0.4500000099460112,3.3326558224967825e-18
137.0,0.4500000306461676,0.4499999892458504,49.939559214486025,49.87911842897204,49.82902190915031,49.82750794015832,49.82750794021004,49.82599397116634,49.82599397126977,3.339484478720639e-06,3.3394837369593167e-06,3.3394844787147342e-06,3.339483736957887e-06,2.2444145171954393e-137,0.0,3.657911153361943e-217,0.45,0.4500000099460112,3.3326558224967833e-18
138.0,0.4500000306461677,0.4499999892458505,49.939559214486025,49.87911842897205,49.82902190915032,49.82750794015833,49.82750794021005,49.82599397116635,49.825993971269774,3.339484478720639e-06,3.3394837369593167e-06,3.3394844787143975e-06,3.3394837369575142e-06,6.100951197622043e-137,0.0,9.988816787083074e-217,0.45,0.4500000099460112,3.3326558224967833e-18
139.0,0.4500000306457476,0.44999998924627027,49.939559214486025,49.879118428972056,49.82902190915033,49.82750794015834,49.827507940210054,49.825993971166355,49.82599397126978,3.3394844787055913e-06,3.3394837369593167e-06,3.339484478714122e-06,3.3394837369575723e-06,1.658410477681145e-136,0.0,1.0076970543174012e-219,0.45,0.4500000099460112,3.3326558224967837e-18
140.0,0.45000003064574756,0.4499999892462702,49.93955921448603,49.879118428972056,49.829021909150335,49.82750794015835,49.82750794021006,49.82599397116636,49.82599397126979,3.3394844787055913e-06,3.3394837369593167e-06,3.3394844787139854e-06,3.3394837369573474e-06,4.5080270656067416e-136,0.0,-1.0171002779196576e-219,0.45,0.4500000099460112,3.332655822496784e-18
141.0,0.45000003064574756,0.4499999892462702,49.93955921448603,49.87911842897206,49.82902190915034,49.827507940158355,49.82750794021007,49.82599397116637,49.825993971269796,3.3394844787055913e-06,3.3394837369593167e-06,3.3394844787139575e-06,3.339483736957147e-06,1.2254088054640359e-135,0.0,-7.997456847076122e-220,0.45,0.4500000099460112,3.332655822496784e-18
142.0,0.4500000306457475,0.44999998924627016,49.93955921448603,49.87911842897206,49.82902190915035,49.82750794015836,49.827507940210076,49.825993971166376,49.8259939712698,3.3394844787055913e-06,3.3394837369593167e-06,3.339484478713988e-06,3.3394837369570132e-06,3.331006488326594e-135,0.0,2.1872965685263395e-220,0.45,0.4500000099460112,3.332655822496784e-18
143.0,0.4500000306461674,0.44999998924585016,49.93955921448603,49.87911842897207,49.829021909150356,49.82750794015836,49.82750794021008,49.82599397116638,49.82599397126981,3.339484478720639e-06,3.3394837369593167e-06,3.3394844787140176e-06,3.3394837369569772e-06,9.054614407697357e-135,0.0,5.972945696601771e-220,0.45,0.4500000099460112,3.332655822496784e-18
144.0,0.45000003064616745,0.4499999892458502,49.93955921448603,49.87911842897207,49.829021909150356,49.82750794015837,49.82750794021009,49.82599397116638,49.82599397126981,3.3394844787055913e-06,3.3394837369442696e-06,3.3394844787137334e-06,3.3394837369567447e-06,2.4612993808147187e-134,0.0,6.0256584061544574e-223,0.45,0.4500000099460112,3.332655822496784e-18
145.0,0.4500000306457476,0.44999998924627027,49.93955921448604,49.87911842897208,49.82902190915036,49.82750794015838,49.82750794021009,49.82599397116638,49.82599397126981,3.3394844787055913e-06,3.3394837369593167e-06,3.3394844787135153e-06,3.3394837369565203e-06,6.690505381266149e-134,0.0,-6.081886230877299e-223,0.45,0.4500000099460112,3.3326558224967844e-18
146.0,0.45000003064616756,0.44999998924585033,49.93955921448604,49.879118428972085,49.82902190915036,49.82750794015838,49.82750794021009,49.82599397116638,49.82599397126982,3.3394844787055913e-06,3.3394837369442696e-06,3.339484478713636e-06,3.339483736956618e-06,1.818667920110323e-133,0.0,-4.782185565788417e-223,0.45,0.4500000099460112,3.3326558224967844e-18
147.0,0.4500000306461675,0.4499999892458503,49.93955921448604,49.879118428972085,49.82902190915037,49.82750794015838,49.82750794021009,49.82599397116638,49.82599397126982,3.339484478720639e-06,3.3394837369593167e-06,3.339484478713475e-06,3.3394837369564525e-06,4.943651959237298e-133,0.0,1.3079230408013174e-223,0.45,0.4500000099460112,3.3326558224967844e-18
148.0,0.45000003064658745,0.4499999892454302,49.93955921448604,49.879118428972085,49.82902190915037,49.82750794015838,49.8275079402101,49.82599397116639,49.825993971269824,3.339484478720639e-06,3.3394837369442696e-06,3.3394844787136157e-06,3.3394837369566346e-06,1.3438239287020703e-132,0.0,3.571602228272085e-223,0.45,0.4500000099460112,3.3326558224967844e-18
149.0,0.45000003064616745,0.4499999892458502,49.93955921448604,49.879118428972085,49.82902190915038,49.827507940158384,49.8275079402101,49.8259939711664,49.825993971269824,3.339484478720639e-06,3.3394837369593167e-06,3.339484478713785e-06,3.3394837369565253e-06,3.652892166039281e-132,0.0,3.603122493227063e-226,0.45,0.4500000099460112,3.3326558224967844e-18
150.0,0.45000003064574756,0.4499999892462702,49.93955921448604,49.879118428972085,49.82902190915038,49.827507940158384,49.82750794021009,49.8259939711664,49.825993971269824,3.339484478720639e-06,3.3394837369743643e-06,3.3394844787136763e-06,3.3394837369564288e-06,9.92959039626498e-132,0.0,-3.6367446679917556e-226,0.45,0.4500000099460112,3.3326558224967844e-18
151.0,0.45000003064574756,0.4499999892462702,49.93955921448604,49.879118428972085,49.82902190915038,49.827507940158384,49.82750794021009,49.8259939711664,49.825993971269824,3.339484478720639e-06,3.3394837369743643e-06,3.3394844787135437e-06,3.3394837369563847e-06,2.6991425138208545e-131,0.0,-2.859571389124698e-226,0.45,0.4500000099460112,3.3326558224967844e-18
152.0,0.4500000306461675,0.4499999892458503,49.93955921448604,49.879118428972085,49.82902190915038,49.827507940158384,49.8275079402101,49.8259939711664,49.82599397126983,3.339484478720639e-06,3.3394837369593167e-06,3.3394844787134124e-06,3.339483736956666e-06,7.337030047740495e-131,0.0,7.820899576563851e-227,0.45,0.4500000099460112,3.3326558224967844e-18
153.0,0.45000003064616745,0.4499999892458502,49.93955921448604,49.879118428972085,49.82902190915038,49.82750794015839,49.827507940210104,49.8259939711664,49.82599397126983,3.3394844787055913e-06,3.3394837369442696e-06,3.339484478713318e-06,3.3394837369566333e-06,1.994411545363099e-130,0.0,2.135687000179613e-226,0.45,0.4500000099460112,3.3326558224967844e-18
154.0,0.4500000306457475,0.44999998924627016,49.93955921448604,49.879118428972085,49.82902190915038,49.82750794015839,49.8275079402101,49.8259939711664,49.82599397126983,3.3394844787055913e-06,3.3394837369593167e-06,3.3394844787132655e-06,3.3394837369565757e-06,5.421372662229435e-130,0.0,2.154534961344073e-229,0.45,0.4500000099460112,3.3326558224967844e-18
155.0,0.45000003064574756,0.4499999892462702,49.93955921448604,49.879118428972085,49.829021909150384,49.82750794015839,49.8275079402101,49.825993971166405,49.825993971269824,3.339484478720639e-06,3.3394837369743643e-06,3.3394844787135433e-06,3.339483736956201e-06,1.4736818793042912e-129,0.0,-2.1746397874062244e-229,0.45,0.4500000099460112,3.3326558224967844e-18
156.0,0.4500000306457475,0.44999998924627016,49.93955921448604,49.879118428972085,49.82902190915038,49.82750794015839,49.8275079402101,49.8259939711664,49.82599397126983,3.3394844787055913e-06,3.3394837369593167e-06,3.3394844787132434e-06,3.3394837369564186e-06,4.00588267344223e-129,0.0,-1.7099187007684474e-229,0.45,0.4500000099460112,3.3326558224967844e-18
157.0,0.4500000306457475,0.44999998924627016,49.93955921448604,49.879118428972085,49.82902190915038,49.82750794015839,49.8275079402101,49.8259939711664,49.82599397126983,3.3394844787055913e-06,3.3394837369593167e-06,3.339484478713229e-06,3.339483736956364e-06,1.0889118078156953e-128,0.0,4.676610800366198e-230,0.45,0.4500000099460112,3.3326558224967844e-18
158.0,0.4500000306461675,0.4499999892458503,49.939559214486046,49.879118428972085,49.82902190915038,49.82750794015839,49.827507940210104,49.8259939711664,49.82599397126983,3.3394844787055913e-06,3.3394837369442696e-06,3.3394844787131697e-06,3.3394837369563657e-06,2.959969179979893e-128,0.0,1.2770624137881756e-229,0.45,0.4500000099460112,3.332655822496785e-18
159.0,0.4500000306461675,0.4499999892458503,49.93955921448604,49.879118428972085,49.82902190915038,49.82750794015839,49.827507940210104,49.8259939711664,49.82599397126983,3.3394844787055913e-06,3.3394837369442696e-06,3.3394844787131037e-06,3.339483736956381e-06,8.046030434738164e-128,0.0,1.2883328025581578e-232,0.45,0.4500000099460112,3.3326558224967844e-18
160.0,0.4500000306461675,0.4499999892458503,49.93955921448604,49.879118428972085,49.829021909150384,49.82750794015839,49.827507940210104,49.8259939711664,49.82599397126983,3.339484478720639e-06,3.3394837369593167e-06,3.339484478713102e-06,3.3394837369563403e-06,2.1871378321977183e-127,0.0,-1.3003547503892746e-232,0.45,0.4500000099460112,3.3326558224967844e-18
161.0,0.45000003064616745,0.4499999892458502,49.93955921448604,49.879118428972085,49.829021909150384,49.82750794015839,49.827507940210104,49.825993971166405,49.82599397126984,3.339484478720639e-06,3.3394837369593167e-06,3.3394844787134006e-06,3.339483736956603e-06,5.945257025598367e-127,0.0,-1.0224686029384967e-232,0.45,0.4500000099460112,3.3326558224967844e-18
162.0,0.45000003064616745,0.4499999892458502,49.939559214486046,49.879118428972085,49.829021909150384,49.82750794015839,49.827507940210104,49.8259939711664,49.82599397126983,3.339484478720639e-06,3.3394837369593167e-06,3.3394844787131003e-06,3.339483736956272e-06,1.6160884138202514e-126,0.0,2.7964415556064325e-233,0.45,0.4500000099460112,3.332655822496785e-18
163.0,0.4500000306461675,0.4499999892458503,49.939559214486046,49.879118428972085,49.829021909150384,49.82750794015839,49.827507940210104,49.8259939711664,49.82599397126983,3.339484478720639e-06,3.3394837369593167e-06,3.3394844787130986e-06,3.3394837369562454e-06,4.3929837684707903e-126,0.0,7.636364357582904e-233,0.45,0.4500000099460112,3.332655822496785e-18
164.0,0.45000003064574756,0.4499999892462702,49.93955921448604,49.879118428972085,49.829021909150384,49.8275079401584,49.827507940210104,49.8259939711664,49.82599397126983,3.3394844787055913e-06,3.3394837369593167e-06,3.3394844787131126e-06,3.339483736956208e-06,1.1941367950549687e-125,0.0,7.703757144474659e-236,0.45,0.4500000099460112,3.3326558224967844e-18
165.0,0.45000003064574756,0.4499999892462702,49.93955921448604,49.879118428972085,49.829021909150384,49.8275079401584,49.827507940210104,49.825993971166405,49.82599397126984,3.3394844787055913e-06,3.3394837369593167e-06,3.3394844787134006e-06,3.3394837369564987e-06,3.2460003506922445e-125,0.0,-7.7756439786145265e-236,0.45,0.4500000099460112,3.3326558224967844e-18
166.0,0.45000003064616745,0.4499999892458502,49.93955921448604,49.879118428972085,49.829021909150384,49.82750794015839,49.827507940210104,49.825993971166405,49.82599397126984,3.339484478720639e-06,3.3394837369593167e-06,3.33948447871335e-06,3.339483736956533e-06,8.823543768458417e-125,0.0,-6.113986843498753e-236,0.45,0.4500000099460112,3.3326558224967844e-18
167.0,0.45000003064616745,0.4499999892458502,49.93955921448604,49.879118428972085,49.829021909150384,49.82750794015839,49.827507940210104,49.825993971166405,49.82599397126984,3.339484478720639e-06,3.3394837369593167e-06,3.3394844787132926e-06,3.3394837369565774e-06,2.398487868841356e-124,0.0,1.6721693781554306e-236,0.45,0.4500000099460112,3.3326558224967844e-18
168.0,0.4500000306461675,0.4499999892458503,49.93955921448604,49.879118428972085,49.829021909150384,49.82750794015839,49.827507940210104,49.825993971166405,49.82599397126983,3.339484478720639e-06,3.3394837369593167e-06,3.3394844787132557e-06,3.3394837369563005e-06,6.519765989650919e-124,0.0,4.5662655146813325e-236,0.45,0.4500000099460112,3.3326558224967844e-18
169.0,0.4500000306457476,0.44999998924627027,49.939559214486046,49.879118428972085,49.829021909150384,49.8275079401584,49.827507940210104,49.825993971166405,49.82599397126983,3.3394844787055913e-06,3.3394837369593167e-06,3.339484478713282e-06,3.3394837369562636e-06,1.77225614154734e-123,0.0,4.60656392689951e-239,0.45,0.4500000099460112,3.332655822496785e-18
170.0,0.4500000306457476,0.44999998924627027,49.939559214486046,49.879118428972085,49.829021909150384,49.8275079401584,49.827507940210104,49.825993971166405,49.82599397126984,3.3394844787055913e-06,3.3394837369593167e-06,3.339484478713288e-06,3.3394837369565474e-06,4.8174916649430756e-123,0.0,-4.6495496143708855e-239,0.45,0.4500000099460112,3.332655822496785e-18
171.0,0.45000003064616756,0.44999998924585033,49.939559214486046,49.879118428972085,49.829021909150384,49.82750794015839,49.827507940210104,49.825993971166405,49.82599397126984,3.339484478720639e-06,3.3394837369593167e-06,3.3394844787132545e-06,3.3394837369565745e-06,1.3095300051567673e-122,0.0,-3.655939655756132e-239,0.45,0.4500000099460112,3.332655822496785e-18
172.0,0.45000003064616756,0.44999998924585033,49.939559214486046,49.879118428972085,49.829021909150384,49.82750794015839,49.827507940210104,49.825993971166405,49.82599397126984,3.339484478720639e-06,3.3394837369593167e-06,3.3394844787132074e-06,3.3394837369566126e-06,3.5596716168395207e-122,0.0,9.99895893992644e-240,0.45,0.4500000099460112,3.332655822496785e-18
173.0,0.45000003064616756,0.44999998924585033,49.939559214486046,49.879118428972085,49.829021909150384,49.82750794015839,49.827507940210104,49.825993971166405,49.82599397126983,3.339484478720639e-06,3.3394837369593167e-06,3.3394844787131833e-06,3.339483736956331e-06,9.676190671336297e-122,0.0,2.730459126124337e-239,0.45,0.4500000099460112,3.332655822496785e-18
174.0,0.45000003064616756,0.44999998924585033,49.939559214486046,49.879118428972085,49.829021909150384,49.82750794015839,49.827507940210104,49.825993971166405,49.82599397126984,3.339484478720639e-06,3.3394837369593167e-06,3.339484478713179e-06,3.3394837369566295e-06,2.6302613270598386e-121,0.0,2.7545560970623744e-242,0.45,0.4500000099460112,3.332655822496785e-18
175.0,0.4500000306465875,0.4499999892454303,49.939559214486046,49.879118428972085,49.829021909150384,49.82750794015839,49.82750794021011,49.825993971166405,49.82599397126984,3.339484478720639e-06,3.3394837369442696e-06,3.339484478713143e-06,3.339483736956664e-06,7.1497915694453335e-121,0.0,-2.7802599599392765e-242,0.45,0.4500000099460112,3.332655822496785e-18
176.0,0.4500000306465875,0.4499999892454303,49.939559214486046,49.879118428972085,49.829021909150384,49.82750794015839,49.82750794021011,49.825993971166405,49.82599397126984,3.339484478720639e-06,3.3394837369442696e-06,3.3394844787131007e-06,3.3394837369567e-06,1.943514850049293e-120,0.0,-2.186117685342369e-242,0.45,0.4500000099460112,3.332655822496785e-18
177.0,0.4500000306461675,0.4499999892458503,49.93955921448604,49.879118428972085,49.829021909150384,49.82750794015839,49.827507940210104,49.825993971166405,49.82599397126984,3.339484478720639e-06,3.3394837369593167e-06,3.339484478713075e-06,3.3394837369567257e-06,5.283021100229299e-120,0.0,5.979010331630896e-243,0.45,0.4500000099460112,3.3326558224967844e-18
178.0,0.45000003064574756,0.4499999892462702,49.93955921448604,49.879118428972085,49.829021909150384,49.8275079401584,49.827507940210104,49.825993971166405,49.82599397126984,3.3394844787055913e-06,3.3394837369593167e-06,3.339484478713075e-06,3.33948373695672e-06,1.4360740256119015e-119,0.0,1.632714307887083e-242,0.45,0.4500000099460112,3.3326558224967844e-18
179.0,0.4500000306461675,0.4499999892458503,49.939559214486046,49.879118428972085,49.829021909150384,49.8275079401584,49.82750794021011,49.825993971166405,49.82599397126984,3.3394844787055913e-06,3.3394837369442696e-06,3.3394844787131113e-06,3.339483736956682e-06,3.9036539281428613e-119,0.0,1.6471234117820557e-245,0.45,0.4500000099460112,3.332655822496785e-18
180.0,0.4500000306457475,0.44999998924627016,49.939559214486046,49.879118428972085,49.829021909150384,49.8275079401584,49.827507940210104,49.825993971166405,49.82599397126984,3.3394844787055913e-06,3.3394837369593167e-06,3.3394844787131515e-06,3.33948373695664e-06,1.061123153746351e-118,0.0,-1.6624933780582672e-245,0.45,0.4500000099460112,3.332655822496785e-18
181.0,0.4500000306457475,0.44999998924627016,49.939559214486046,49.879118428972085,49.829021909150384,49.8275079401584,49.827507940210104,49.825993971166405,49.82599397126983,3.3394844787055913e-06,3.3394837369593167e-06,3.3394844787131854e-06,3.339483736956303e-06,2.88443178658586e-118,0.0,-1.307218111941277e-245,0.45,0.4500000099460112,3.332655822496785e-18
182.0,0.45000003064616745,0.4499999892458502,49.93955921448604,49.879118428972085,49.829021909150384,49.8275079401584,49.82750794021011,49.825993971166405,49.82599397126983,3.3394844787055913e-06,3.3394837369442696e-06,3.3394844787132155e-06,3.339483736956272e-06,7.840698510906001e-118,0.0,3.5752286573574694e-246,0.45,0.4500000099460112,3.3326558224967844e-18
183.0,0.4500000306457475,0.44999998924627016,49.93955921448604,49.879118428972085,49.829021909150384,49.8275079401584,49.827507940210104,49.825993971166405,49.82599397126983,3.3394844787055913e-06,3.3394837369593167e-06,3.339484478713241e-06,3.3394837369562454e-06,2.131322828462168e-117,0.0,9.763032105755149e-246,0.45,0.4500000099460112,3.3326558224967844e-18
184.0,0.4500000306461675,0.4499999892458503,49.939559214486046,49.879118428972085,49.829021909150384,49.82750794015839,49.827507940210104,49.825993971166405,49.82599397126984,3.339484478720639e-06,3.3394837369593167e-06,3.339484478713237e-06,3.3394837369565474e-06,5.793536115188646e-117,0.0,9.849193256713153e-249,0.45,0.4500000099460112,3.332655822496785e-18
185.0,0.4500000306461675,0.4499999892458503,49.939559214486046,49.879118428972085,49.829021909150384,49.82750794015839,49.827507940210104,49.825993971166405,49.82599397126984,3.339484478720639e-06,3.3394837369593167e-06,3.3394844787131935e-06,3.3394837369565935e-06,1.5748463944438508e-116,0.0,-9.941100011920896e-249,0.45,0.4500000099460112,3.332655822496785e-18
186.0,0.4500000306461675,0.4499999892458503,49.939559214486046,49.879118428972085,49.829021909150384,49.82750794015839,49.827507940210104,49.825993971166405,49.82599397126984,3.339484478720639e-06,3.3394837369593167e-06,3.339484478713145e-06,3.33948373695664e-06,4.280876336630965e-116,0.0,-7.816684360800612e-249,0.45,0.4500000099460112,3.332655822496785e-18
187.0,0.4500000306461675,0.4499999892458503,49.939559214486046,49.879118428972085,49.829021909150384,49.82750794015839,49.827507940210104,49.825993971166405,49.82599397126984,3.339484478720639e-06,3.3394837369593167e-06,3.3394844787131113e-06,3.3394837369566736e-06,1.1636628355744278e-115,0.0,2.137855471628235e-249,0.45,0.4500000099460112,3.332655822496785e-18
188.0,0.4500000306457475,0.44999998924627016,49.93955921448604,49.879118428972085,49.829021909150384,49.8275079401584,49.827507940210104,49.825993971166405,49.82599397126983,3.3394844787055913e-06,3.3394837369593167e-06,3.339484478713107e-06,3.3394837369563784e-06,3.1631635403950934e-115,0.0,5.837934746919918e-249,0.45,0.4500000099460112,3.3326558224967844e-18
189.0,0.4500000306461675,0.4499999892458503,49.939559214486046,49.879118428972085,49.829021909150384,49.82750794015839,49.827507940210104,49.825993971166405,49.82599397126984,3.339484478720639e-06,3.3394837369593167e-06,3.339484478713078e-06,3.3394837369567045e-06,8.59836997230016e-115,0.0,5.889455951756423e-252,0.45,0.4500000099460112,3.332655822496785e-18
190.0,0.4500000306461675,0.4499999892458503,49.939559214486046,49.879118428972085,49.829021909150384,49.82750794015839,49.827507940210104,49.825993971166405,49.82599397126984,3.339484478720639e-06,3.3394837369593167e-06,3.339484478713075e-06,3.3394837369567083e-06,2.3372792850071433e-114,0.0,-5.944412816989615e-252,0.45,0.4500000099460112,3.332655822496785e-18
191.0,0.45000003064616745,0.4499999892458502,49.93955921448604,49.879118428972085,49.829021909150384,49.82750794015839,49.827507940210104,49.825993971166405,49.82599397126983,3.339484478720639e-06,3.3394837369593167e-06,3.3394844787131537e-06,3.339483736956328e-06,6.353383808468667e-114,0.0,-4.674090256107097e-252,0.45,0.4500000099460112,3.3326558224967844e-18
192.0,0.45000003064574745,0.4499999892462701,49.93955921448604,49.879118428972085,49.829021909150384,49.8275079401584,49.827507940210104,49.825993971166405,49.82599397126983,3.3394844787055913e-06,3.3394837369593167e-06,3.3394844787132528e-06,3.339483736956228e-06,1.72702877557863e-113,0.0,1.2783590800996762e-252,0.45,0.4500000099460112,3.3326558224967844e-18
193.0,0.4500000306457474,0.44999998924627005,49.93955921448604,49.879118428972085,49.829021909150384,49.8275079401584,49.827507940210104,49.825993971166405,49.82599397126983,3.3394844787055913e-06,3.3394837369593167e-06,3.3394844787133087e-06,3.3394837369561734e-06,4.6945509378812646e-113,0.0,3.4908706373263377e-252,0.45,0.4500000099460112,3.3326558224967844e-18
194.0,0.4500000306457475,0.44999998924627016,49.939559214486046,49.879118428972085,49.829021909150384,49.8275079401584,49.827507940210104,49.825993971166405,49.82599397126984,3.3394844787055913e-06,3.3394837369593167e-06,3.3394844787133256e-06,3.3394837369564567e-06,1.276111250721801e-112,0.0,3.521678426200532e-255,0.45,0.4500000099460112,3.332655822496785e-18
195.0,0.45000003064616756,0.44999998924585033,49.939559214486046,49.879118428972085,49.829021909150384,49.8275079401584,49.82750794021011,49.825993971166405,49.82599397126984,3.3394844787055913e-06,3.3394837369442696e-06,3.3394844787133214e-06,3.339483736956459e-06,3.468830023929216e-112,0.0,-3.5545406138539722e-255,0.45,0.4500000099460112,3.332655822496785e-18
196.0,0.4500000306457476,0.44999998924627027,49.939559214486046,49.879118428972085,49.829021909150384,49.8275079401584,49.827507940210104,49.825993971166405,49.82599397126984,3.3394844787055913e-06,3.3394837369593167e-06,3.3394844787132714e-06,3.339483736956509e-06,9.429257620059944e-112,0.0,-2.7949343626786523e-255,0.45,0.4500000099460112,3.332655822496785e-18
197.0,0.45000003064616756,0.44999998924585033,49.93955921448604,49.879118428972085,49.829021909150384,49.82750794015839,49.827507940210104,49.825993971166405,49.82599397126983,3.339484478720639e-06,3.3394837369593167e-06,3.339484478713222e-06,3.33948373695626e-06,2.563137964446793e-111,0.0,7.644117946042562e-256,0.45,0.4500000099460112,3.3326558224967844e-18
198.0,0.45000003064616756,0.44999998924585033,49.93955921448604,49.879118428972085,49.829021909150384,49.82750794015839,49.827507940210104,49.825993971166405,49.82599397126983,3.339484478720639e-06,3.3394837369593167e-06,3.3394844787132146e-06,3.3394837369562657e-06,6.967331352589223e-111,0.0,2.087412472872485e-255,0.45,0.4500000099460112,3.3326558224967844e-18
199.0,0.45000003064616756,0.44999998924585033,49.939559214486046,49.879118428972085,49.829021909150384,49.82750794015839,49.827507940210104,49.825993971166405,49.82599397126984,3.339484478720639e-06,3.3394837369593167e-06,3.3394844787132197e-06,3.339483736956562e-06,1.893917020859627e-110,0.0,2.105834399504607e-258,0.45,0.4500000099460112,3.332655822496785e-18
200.0,0.4500000306465875,0.4499999892454303,49.93955921448604,49.879118428972085,49.829021909150384,49.82750794015839,49.82750794021011,49.825993971166405,49.82599397126984,3.339484478720639e-06,3.3394837369442696e-06,3.3394844787131854e-06,3.3394837369565952e-06,5.148200222412014e-110,0.0,-2.1254847811773757e-258,0.45,0.4500000099460112,3.3326558224967844e-18
201.0,0.4500000306465875,0.4499999892454303,49.93955921448604,49.879118428972085,49.829021909150384,49.82750794015839,49.82750794021011,49.825993971166405,49.82599397126984,3.339484478720639e-06,3.3394837369442696e-06,3.3394844787131867e-06,3.339483736956593e-06,1.3994259113851393e-109,0.0,-1.67126813212078e-258,0.45,0.4500000099460112,3.3326558224967844e-18
202.0,0.45000003064616756,0.44999998924585033,49.93955921448604,49.879118428972085,49.829021909150384,49.8275079401584,49.82750794021011,49.825993971166405,49.82599397126984,3.3394844787055913e-06,3.3394837369442696e-06,3.3394844787132125e-06,3.3394837369565664e-06,3.804034025192962e-109,0.0,4.570901875902864e-259,0.45,0.4500000099460112,3.3326558224967844e-18
203.0,0.4500000306457476,0.44999998924627027,49.93955921448604,49.879118428972085,49.829021909150384,49.8275079401584,49.827507940210104,49.825993971166405,49.82599397126983,3.3394844787055913e-06,3.3394837369593167e-06,3.339484478713244e-06,3.339483736956235e-06,1.0340436565521946e-108,0.0,1.248196018871695e-258,0.45,0.4500000099460112,3.3326558224967844e-18
204.0,0.4500000306461675,0.4499999892458503,49.939559214486046,49.879118428972085,49.829021909150384,49.82750794015839,49.827507940210104,49.825993971166405,49.82599397126984,3.339484478720639e-06,3.3394837369593167e-06,3.339484478713227e-06,3.3394837369565546e-06,2.8108220814391767e-108,0.0,1.259211654632459e-261,0.45,0.4500000099460112,3.332655822496785e-18
205.0,0.4500000306465875,0.4499999892454303,49.939559214486046,49.879118428972085,49.829021909150384,49.82750794015839,49.82750794021011,49.825993971166405,49.82599397126984,3.339484478720639e-06,3.3394837369442696e-06,3.339484478713191e-06,3.339483736956588e-06,7.640606587007544e-108,0.0,-1.2709618614037732e-261,0.45,0.4500000099460112,3.332655822496785e-18
206.0,0.4500000306465875,0.4499999892454303,49.939559214486046,49.879118428972085,49.829021909150384,49.82750794015839,49.82750794021011,49.825993971166405,49.82599397126983,3.339484478720639e-06,3.3394837369442696e-06,3.3394844787131935e-06,3.339483736956285e-06,2.0769322043867094e-107,0.0,-9.993569819532702e-262,0.45,0.4500000099460112,3.332655822496785e-18
207.0,0.4500000306457475,0.44999998924627016,49.93955921448604,49.879118428972085,49.829021909150384,49.8275079401584,49.827507940210104,49.825993971166405,49.82599397126983,3.3394844787055913e-06,3.3394837369593167e-06,3.3394844787132163e-06,3.3394837369562636e-06,5.64568707012578e-107,0.0,2.7332314999091435e-262,0.45,0.4500000099460112,3.3326558224967844e-18
208.0,0.45000003064574745,0.4499999892462701,49.93955921448604,49.879118428972085,49.829021909150384,49.8275079401584,49.827507940210104,49.825993971166405,49.82599397126983,3.3394844787055913e-06,3.3394837369593167e-06,3.3394844787132473e-06,3.3394837369562335e-06,1.5346568571889096e-106,0.0,7.46375391435729e-262,0.45,0.4500000099460112,3.3326558224967844e-18
209.0,0.45000003064658745,0.4499999892454302,49.939559214486046,49.879118428972085,49.829021909150384,49.82750794015839,49.82750794021011,49.825993971166405,49.82599397126984,3.339484478720639e-06,3.3394837369442696e-06,3.3394844787132295e-06,3.339483736956549e-06,4.1716298478166806e-106,0.0,7.529623371785813e-265,0.45,0.4500000099460112,3.332655822496785e-18
210.0,0.4500000306461675,0.4499999892458503,49.939559214486046,49.879118428972085,49.829021909150384,49.82750794015839,49.827507940210104,49.825993971166405,49.82599397126984,3.339484478720639e-06,3.3394837369593167e-06,3.3394844787131935e-06,3.339483736956585e-06,1.1339665610377456e-105,0.0,-7.599885294158523e-265,0.45,0.4500000099460112,3.332655822496785e-18
211.0,0.4500000306465875,0.4499999892454303,49.939559214486046,49.879118428972085,49.829021909150384,49.82750794015839,49.82750794021011,49.825993971166405,49.82599397126984,3.339484478720639e-06,3.3394837369442696e-06,3.339484478713195e-06,3.3394837369565838e-06,3.0824406969490984e-105,0.0,-5.975787835500189e-265,0.45,0.4500000099460112,3.332655822496785e-18
212.0,0.45000003064616745,0.4499999892458502,49.939559214486046,49.879118428972085,49.829021909150384,49.8275079401584,49.82750794021011,49.825993971166405,49.82599397126984,3.3394844787055913e-06,3.3394837369442696e-06,3.3394844787132185e-06,3.339483736956561e-06,8.378942533819368e-105,0.0,1.6343720856223765e-265,0.45,0.4500000099460112,3.332655822496785e-18
213.0,0.45000003064616745,0.4499999892458502,49.939559214486046,49.879118428972085,49.829021909150384,49.8275079401584,49.82750794021011,49.825993971166405,49.82599397126983,3.3394844787055913e-06,3.3394837369442696e-06,3.339484478713248e-06,3.339483736956231e-06,2.2776327231383778e-104,0.0,4.463050807070648e-265,0.45,0.4500000099460112,3.332655822496785e-18
214.0,0.4500000306461675,0.4499999892458503,49.93955921448604,49.879118428972085,49.829021909150384,49.82750794015839,49.827507940210104,49.825993971166405,49.82599397126984,3.339484478720639e-06,3.3394837369593167e-06,3.3394844787132307e-06,3.3394837369565486e-06,6.191247643210745e-104,0.0,4.5024383241994104e-268,0.45,0.4500000099460112,3.3326558224967844e-18
215.0,0.4500000306461675,0.4499999892458503,49.93955921448604,49.879118428972085,49.829021909150384,49.82750794015839,49.827507940210104,49.825993971166405,49.82599397126984,3.339484478720639e-06,3.3394837369593167e-06,3.339484478713195e-06,3.3394837369565846e-06,1.6829555964029656e-103,0.0,-4.5444523740930924e-268,0.45,0.4500000099460112,3.3326558224967844e-18
216.0,0.4500000306461675,0.4499999892458503,49.93955921448604,49.879118428972085,49.829021909150384,49.82750794015839,49.827507940210104,49.825993971166405,49.82599397126984,3.339484478720639e-06,3.3394837369593167e-06,3.3394844787131973e-06,3.3394837369565838e-06,4.574747615805637e-103,0.0,-3.573301722986352e-268,0.45,0.4500000099460112,3.3326558224967844e-18
217.0,0.4500000306457475,0.44999998924627016,49.939559214486046,49.879118428972085,49.829021909150384,49.8275079401584,49.827507940210104,49.825993971166405,49.82599397126984,3.3394844787055913e-06,3.3394837369593167e-06,3.3394844787132197e-06,3.3394837369565596e-06,1.2435453313830805e-102,0.0,9.772945007955762e-269,0.45,0.4500000099460112,3.332655822496785e-18
218.0,0.4500000306457475,0.44999998924627016,49.939559214486046,49.879118428972085,49.829021909150384,49.8275079401584,49.827507940210104,49.825993971166405,49.82599397126984,3.3394844787055913e-06,3.3394837369593167e-06,3.339484478713248e-06,3.339483736956531e-06,3.380306677163709e-102,0.0,2.668740520528649e-268,0.45,0.4500000099460112,3.332655822496785e-18
219.0,0.4500000306461675,0.4499999892458503,49.939559214486046,49.879118428972085,49.829021909150384,49.8275079401584,49.82750794021011,49.825993971166405,49.82599397126984,3.3394844787055913e-06,3.3394837369442696e-06,3.339484478713271e-06,3.339483736956508e-06,9.188626215152887e-102,0.0,2.6922928096493057e-271,0.45,0.4500000099460112,3.332655822496785e-18
220.0,0.4500000306457476,0.44999998924627027,49.939559214486046,49.879118428972085,49.829021909150384,49.8275079401584,49.827507940210104,49.825993971166405,49.82599397126984,3.3394844787055913e-06,3.3394837369593167e-06,3.339484478713289e-06,3.33948373695649e-06,2.4977275669152503e-101,0.0,-2.717415668928699e-271,0.45,0.4500000099460112,3.332655822496785e-18
221.0,0.4500000306457476,0.44999998924627027,49.939559214486046,49.879118428972085,49.829021909150384,49.8275079401584,49.827507940210104,49.825993971166405,49.82599397126983,3.3394844787055913e-06,3.3394837369593167e-06,3.3394844787133036e-06,3.3394837369561755e-06,6.789527457586949e-101,0.0,-2.1367032356216137e-271,0.45,0.4500000099460112,3.332655822496785e-18
222.0,0.45000003064616756,0.44999998924585033,49.939559214486046,49.879118428972085,49.829021909150384,49.82750794015839,49.827507940210104,49.825993971166405,49.82599397126983,3.339484478720639e-06,3.3394837369593167e-06,3.3394844787133163e-06,3.339483736956163e-06,1.8455849111782345e-100,0.0,5.8438622984793436e-272,0.45,0.4500000099460112,3.332655822496785e-18
223.0,0.4500000306461675,0.4499999892458503,49.939559214486046,49.879118428972085,49.829021909150384,49.82750794015839,49.827507940210104,49.825993971166405,49.82599397126983,3.339484478720639e-06,3.3394837369593167e-06,3.339484478713328e-06,3.339483736956151e-06,5.016819926933996e-100,0.0,1.5958088477573156e-271,0.45,0.4500000099460112,3.332655822496785e-18
224.0,0.45000003064586525,0.4499999892463879,49.939559214486046,49.879118428972085,49.829021909150384,49.8275079401584,49.827507940210104,49.825993971166405,49.82599397126983,3.3394844787055913e-06,3.3394837369593167e-06,3.3394844787133345e-06,3.339483736956147e-06,1.3637130444035916e-99,0.0,1.4618464498623593e-282,0.45,0.45000000994601586,3.332655822496785e-18
225.0,0.45000003064596955,0.4499999892464922,49.939559214486046,49.879118428972085,49.829021909150384,49.8275079401584,49.827507940210104,49.825993971166405,49.82599397126983,3.3394844787055913e-06,3.3394837369593167e-06,3.3394844787134637e-06,3.339483736956277e-06,3.706956387834846e-99,0.0,3.9555785478678275e-305,0.45,0.45000000994601885,3.332655822496785e-18
226.0,0.4500000306461356,0.44999998924581835,49.93955921448604,49.879118428972085,49.829021909150384,49.82750794015839,49.827507940210104,49.825993971166405,49.82599397126983,3.339484478720639e-06,3.3394837369593167e-06,3.339484478713521e-06,3.339483736956199e-06,1.0076552187941643e-98,0.0,1.4456784845048928e-307,0.45,0.45000000994601635,3.3326558224967844e-18
227.0,0.4500000306458326,0.44999998924635526,49.93955921448604,49.879118428972085,49.829021909150384,49.8275079401584,49.827507940210104,49.825993971166405,49.82599397126984,3.3394844787055913e-06,3.3394837369593167e-06,3.3394844787135996e-06,3.339483736956402e-06,2.7390908706001e-98,0.0,-4.820927639690312e-308,0.45,0.450000009946011,3.3326558224967844e-18
228.0,0.45000003064576777,0.4499999892462904,49.93955921448604,49.879118428972085,49.829021909150384,49.82750794015839,49.8275079402101,49.825993971166405,49.82599397126983,3.339484478720639e-06,3.3394837369743643e-06,3.339484478713583e-06,3.3394837369561133e-06,7.445620940050318e-98,0.0,-6.626861005129824e-308,0.45,0.4500000099460086,3.3326558224967844e-18
229.0,0.4500000306459019,0.44999998924558465,49.93955921448604,49.879118428972085,49.82902190915036,49.82750794015837,49.82750794021009,49.82599397116639,49.82599397126981,3.339484478720639e-06,3.3394837369593167e-06,3.339484478713018e-06,3.33948373695511e-06,2.0239296102932936e-97,0.0,-4.5354220247463e-309,0.45,0.45000000994600503,3.3326558224967844e-18
230.0,0.4500000306453559,0.44999998924503865,49.93955921448604,49.87911842897208,49.82902190915034,49.82750794015835,49.82750794021007,49.825993971166376,49.82599397126979,3.339484478720639e-06,3.3394837369593167e-06,3.339484478712352e-06,3.339483736953778e-06,5.501611081740457e-97,0.0,4.2065018170702325e-308,0.45,0.45000000994599637,3.3326558224967844e-18
231.0,0.4500000306454778,0.44999998924432055,49.93955921448604,49.879118428972085,49.82902190915033,49.82750794015834,49.82750794021007,49.82599397116637,49.82599397126979,3.3394844787055913e-06,3.339483736929222e-06,3.339484478712491e-06,3.339483736953019e-06,1.4954929430743996e-96,0.0,8.6446265432476e-311,0.45,0.45000000994598993,3.3326558224967844e-18
232.0,0.45000003064606514,0.4499999892465878,49.939559214486046,49.87911842897209,49.8290219091504,49.82750794015842,49.827507940210126,49.825993971166426,49.82599397126985,3.3394844787055913e-06,3.3394837369593167e-06,3.339484478715059e-06,3.3394837369558795e-06,4.065171291747877e-96,0.0,-2.8827377240035e-311,0.45,0.4500000099460177,3.332655822496785e-18
233.0,0.4500000306462344,0.44999998924675705,49.939559214486046,49.87911842897209,49.829021909150406,49.827507940158426,49.82750794021013,49.82599397116643,49.82599397126986,3.3394844787055913e-06,3.3394837369593167e-06,3.33948447871521e-06,3.33948373695638e-06,1.105028125193164e-95,0.0,-3.962619569872e-311,0.45,0.45000000994602074,3.332655822496785e-18
234.0,0.45000003064621963,0.4499999892459024,49.93955921448604,49.879118428972085,49.82902190915039,49.8275079401584,49.82750794021011,49.82599397116641,49.82599397126984,3.339484478720639e-06,3.3394837369593167e-06,3.339484478714165e-06,3.339483736955681e-06,3.003777872648744e-95,0.0,-2.712015847583e-312,0.45,0.4500000099460121,3.3326558224967844e-18
235.0,0.4500000306462551,0.4499999892450979,49.93955921448604,49.879118428972085,49.82902190915038,49.82750794015838,49.8275079402101,49.8259939711664,49.825993971269824,3.339484478735686e-06,3.3394837369593167e-06,3.339484478713439e-06,3.3394837369552412e-06,8.16511480794845e-95,0.0,2.51533364094e-311,0.45,0.45000000994600475,3.3326558224967844e-18
236.0,0.45000003064606897,0.44999998924575174,49.93955921448604,49.879118428972085,49.82902190915039,49.8275079401584,49.82750794021011,49.82599397116641,49.82599397126984,3.339484478720639e-06,3.3394837369593167e-06,3.3394844787139795e-06,3.3394837369559066e-06,2.2195083209728138e-94,0.0,5.169168678e-314,0.45,0.4500000099460098,3.3326558224967844e-18
237.0,0.4500000306457887,0.44999998924631135,49.93955921448604,49.87911842897209,49.82902190915039,49.8275079401584,49.827507940210104,49.825993971166405,49.82599397126983,3.339484478720639e-06,3.3394837369743643e-06,3.3394844787137123e-06,3.339483736955603e-06,6.033249137014046e-94,0.0,-1.723770989e-314,0.45,0.45000000994601197,3.3326558224967844e-18
238.0,0.45000003064578825,0.4499999892463109,49.93955921448604,49.87911842897209,49.829021909150384,49.8275079401584,49.827507940210104,49.825993971166405,49.82599397126984,3.3394844787055913e-06,3.3394837369593167e-06,3.3394844787136708e-06,3.3394837369559684e-06,1.6400071495711496e-93,0.0,-2.3695006857e-314,0.45,0.4500000099460119,3.3326558224967844e-18
239.0,0.4500000306461352,0.44999998924581797,49.939559214486046,49.87911842897209,49.82902190915039,49.8275079401584,49.82750794021011,49.82599397116641,49.82599397126984,3.339484478720639e-06,3.3394837369593167e-06,3.3394844787138813e-06,3.339483736956072e-06,4.458001633222172e-93,0.0,-1.621687267e-315,0.45,0.45000000994601086,3.332655822496785e-18
240.0,0.4500000306460569,0.4499999892457397,49.939559214486046,49.87911842897209,49.82902190915039,49.8275079401584,49.82750794021011,49.82599397116641,49.82599397126984,3.339484478720639e-06,3.3394837369593167e-06,3.339484478713769e-06,3.3394837369561785e-06,1.2118104830828575e-92,0.0,1.5040765694e-314,0.45,0.4500000099460098,3.332655822496785e-18
241.0,0.4500000306460742,0.44999998924575696,49.939559214486046,49.87911842897209,49.82902190915039,49.8275079401584,49.82750794021011,49.825993971166405,49.82599397126984,3.339484478720639e-06,3.3394837369593167e-06,3.3394844787133633e-06,3.339483736956273e-06,3.294042415700309e-92,0.0,3.0905293e-317,0.45,0.4500000099460102,3.332655822496785e-18
242.0,0.45000003064662736,0.44999998924547013,49.939559214486046,49.879118428972085,49.829021909150384,49.82750794015839,49.82750794021011,49.825993971166405,49.82599397126983,3.339484478720639e-06,3.3394837369442696e-06,3.339484478713297e-06,3.339483736956061e-06,8.954135640771486e-92,0.0,-1.0305246e-317,0.45,0.45000000994601175,3.332655822496785e-18
243.0,0.4500000306462176,0.44999998924590034,49.939559214486046,49.879118428972085,49.829021909150384,49.82750794015839,49.827507940210104,49.825993971166405,49.82599397126983,3.339484478720639e-06,3.3394837369593167e-06,3.3394844787132854e-06,3.3394837369560912e-06,2.4339864201866618e-91,0.0,-1.4166023e-317,0.45,0.4500000099460118,3.332655822496785e-18
244.0,0.4500000306457572,0.4499999892462799,49.939559214486046,49.879118428972085,49.829021909150384,49.8275079401584,49.827507940210104,49.825993971166405,49.82599397126984,3.3394844787055913e-06,3.3394837369593167e-06,3.339484478713298e-06,3.339483736956393e-06,6.616261056709485e-91,0.0,-9.6889e-319,0.45,0.4500000099460114,3.332655822496785e-18
245.0,0.45000003064573846,0.4499999892462611,49.939559214486046,49.879118428972085,49.829021909150384,49.8275079401584,49.827507940210104,49.825993971166405,49.82599397126984,3.3394844787055913e-06,3.3394837369593167e-06,3.3394844787133074e-06,3.339483736956402e-06,1.7984862202794633e-90,0.0,8.994297e-318,0.45,0.4500000099460113,3.332655822496785e-18
246.0,0.45000003064620175,0.4499999892458845,49.939559214486046,49.879118428972085,49.829021909150384,49.8275079401584,49.82750794021011,49.825993971166405,49.82599397126984,3.3394844787055913e-06,3.3394837369442696e-06,3.339484478713263e-06,3.339483736956464e-06,4.888792411319657e-90,0.0,2.1704e-320,0.45,0.4500000099460119,3.332655822496785e-18
247.0,0.45000003064616373,0.4499999892458465,49.939559214486046,49.879118428972085,49.829021909150384,49.82750794015839,49.827507940210104,49.825993971166405,49.82599397126983,3.339484478720639e-06,3.3394837369593167e-06,3.3394844787132036e-06,3.3394837369562335e-06,1.3289115574798703e-89,0.0,-6.62e-321,0.45,0.45000000994601114,3.332655822496785e-18
248.0,0.4500000306461597,0.44999998924584245,49.939559214486046,49.879118428972085,49.829021909150384,49.82750794015839,49.827507940210104,49.825993971166405,49.82599397126983,3.339484478720639e-06,3.3394837369593167e-06,3.3394844787132477e-06,3.339483736956199e-06,3.612356138326739e-89,0.0,-9.363e-321,0.45,0.450000009946011,3.332655822496785e-18
249.0,0.45000003064575117,0.4499999892462738,49.93955921448604,49.879118428972085,49.829021909150384,49.8275079401584,49.827507940210104,49.825993971166405,49.82599397126983,3.3394844787055913e-06,3.3394837369593167e-06,3.339484478713331e-06,3.3394837369561226e-06,9.819402048736065e-89,0.0,-4.3e-322,0.45,0.45000000994601125,3.3326558224967844e-18
250.0,0.45000003064575983,0.4499999892462825,49.93955921448604,49.879118428972085,49.829021909150384,49.8275079401584,49.827507940210104,49.825993971166405,49.82599397126983,3.3394844787055913e-06,3.3394837369593167e-06,3.3394844787133925e-06,3.3394837369560675e-06,2.6691902155412764e-88,0.0,6.285e-321,0.45,0.4500000099460114,3.3326558224967844e-18
251.0,0.4500000306461727,0.4499999892458555,49.93955921448604,49.879118428972085,49.82902190915038,49.82750794015839,49.827507940210104,49.825993971166405,49.82599397126983,3.3394844787055913e-06,3.3394837369442696e-06,3.3394844787133747e-06,3.3394837369560912e-06,7.255611259606534e-88,0.0,2e-322,0.45,0.45000000994601125,3.3326558224967844e-18
252.0,0.45000003064616806,0.44999998924585083,49.93955921448604,49.879118428972085,49.829021909150384,49.8275079401584,49.82750794021011,49.825993971166405,49.82599397126984,3.3394844787055913e-06,3.3394837369442696e-06,3.3394844787133718e-06,3.339483736956397e-06,1.9722796241351285e-87,0.0,5e-323,0.45,0.45000000994601125,3.3326558224967844e-18
253.0,0.45000003064615035,0.4499999892458331,49.93955921448604,49.879118428972085,49.829021909150384,49.8275079401584,49.82750794021011,49.825993971166405,49.82599397126984,3.3394844787055913e-06,3.3394837369442696e-06,3.3394844787134035e-06,3.3394837369563606e-06,5.361211862926556e-87,0.0,-1.3e-321,0.45,0.4500000099460109,3.3326558224967844e-18
254.0,0.4500000306457114,0.4499999892462341,49.93955921448604,49.879118428972085,49.829021909150384,49.8275079401584,49.827507940210104,49.825993971166405,49.82599397126984,3.3394844787055913e-06,3.3394837369593167e-06,3.3394844787134522e-06,3.339483736956304e-06,1.4573284785512322e-86,0.0,-2.91e-321,0.45,0.4500000099460105,3.3326558224967844e-18
255.0,0.4500000306457031,0.44999998924622575,49.93955921448604,49.879118428972085,49.82902190915038,49.8275079401584,49.827507940210104,49.825993971166405,49.82599397126983,3.339484478690544e-06,3.3394837369442696e-06,3.339484478713507e-06,3.339483736955942e-06,3.961429521341682e-86,0.0,-3.82e-321,0.45,0.4500000099460103,3.3326558224967844e-18
256.0,0.45000003064572364,0.4499999892462463,49.93955921448604,49.879118428972085,49.829021909150384,49.8275079401584,49.827507940210104,49.825993971166405,49.82599397126983,3.3394844787055913e-06,3.3394837369593167e-06,3.3394844787135357e-06,3.3394837369559074e-06,1.0768281882584308e-85,0.0,-2.347e-321,0.45,0.45000000994601064,3.3326558224967844e-18
257.0,0.4500000306466018,0.4499999892454446,49.93955921448604,49.879118428972085,49.829021909150384,49.82750794015839,49.82750794021011,49.825993971166405,49.82599397126984,3.339484478720639e-06,3.3394837369442696e-06,3.3394844787134522e-06,3.3394837369562966e-06,2.9271224965153684e-85,0.0,1.304e-321,0.45,0.45000000994601147,3.3326558224967844e-18
258.0,0.45000003064660493,0.4499999892454477,49.93955921448604,49.879118428972085,49.829021909150384,49.82750794015839,49.82750794021011,49.825993971166405,49.82599397126984,3.339484478720639e-06,3.3394837369442696e-06,3.3394844787133692e-06,3.3394837369563856e-06,7.9567438919514e-85,0.0,1.675e-321,0.45,0.4500000099460116,3.3326558224967844e-18
259.0,0.45000003064617156,0.4499999892458543,49.939559214486046,49.879118428972085,49.829021909150384,49.8275079401584,49.82750794021011,49.825993971166405,49.82599397126984,3.3394844787055913e-06,3.3394837369442696e-06,3.339484478713298e-06,3.339483736956461e-06,2.1628672335193993e-84,0.0,5.9e-322,0.45,0.4500000099460113,3.332655822496785e-18
260.0,0.4500000306457403,0.44999998924626294,49.939559214486046,49.879118428972085,49.829021909150384,49.8275079401584,49.827507940210104,49.825993971166405,49.82599397126983,3.3394844787055913e-06,3.3394837369593167e-06,3.339484478713259e-06,3.3394837369562043e-06,5.87928269824527e-84,0.0,-1.43e-322,0.45,0.4500000099460112,3.332655822496785e-18
261.0,0.4500000306457487,0.4499999892462714,49.939559214486046,49.87911842897209,49.82902190915039,49.8275079401584,49.827507940210104,49.825993971166405,49.82599397126983,3.339484478720639e-06,3.3394837369743643e-06,3.3394844787132473e-06,3.33948373695622e-06,1.5981547323013779e-83,0.0,7.95e-322,0.45,0.4500000099460114,3.332655822496785e-18
262.0,0.45000003064658917,0.44999998924543194,49.939559214486046,49.879118428972085,49.829021909150384,49.82750794015839,49.82750794021011,49.825993971166405,49.82599397126984,3.339484478720639e-06,3.3394837369442696e-06,3.3394844787132e-06,3.339483736956572e-06,4.344234967880665e-83,0.0,-1.63e-322,0.45,0.45000000994601114,3.332655822496785e-18
263.0,0.45000003064615207,0.44999998924583484,49.939559214486046,49.879118428972085,49.829021909150384,49.82750794015839,49.827507940210104,49.825993971166405,49.82599397126984,3.339484478720639e-06,3.3394837369593167e-06,3.3394844787131897e-06,3.3394837369565783e-06,1.1808854971746377e-82,0.0,-1.84e-321,0.45,0.45000000994601075,3.332655822496785e-18
264.0,0.45000003064613114,0.4499999892458139,49.93955921448604,49.879118428972085,49.829021909150384,49.82750794015839,49.827507940210104,49.825993971166405,49.82599397126983,3.339484478720639e-06,3.3394837369593167e-06,3.339484478713205e-06,3.3394837369562573e-06,3.209979588460643e-82,0.0,-3.483e-321,0.45,0.4500000099460104,3.3326558224967844e-18
265.0,0.45000003064612004,0.4499999892458028,49.93955921448604,49.879118428972085,49.82902190915039,49.82750794015839,49.827507940210104,49.825993971166405,49.82599397126983,3.339484478735686e-06,3.3394837369743643e-06,3.3394844787132295e-06,3.3394837369562246e-06,8.72562918503701e-82,0.0,-4.37e-321,0.45,0.4500000099460102,3.3326558224967844e-18
266.0,0.4500000306461408,0.4499999892458236,49.93955921448604,49.879118428972085,49.829021909150384,49.82750794015839,49.827507940210104,49.825993971166405,49.82599397126983,3.339484478720639e-06,3.3394837369593167e-06,3.339484478713227e-06,3.3394837369562183e-06,2.371871925555801e-81,0.0,-2.727e-321,0.45,0.4500000099460106,3.3326558224967844e-18
267.0,0.45000003064659905,0.4499999892454418,49.939559214486046,49.879118428972085,49.829021909150384,49.82750794015839,49.82750794021011,49.825993971166405,49.82599397126983,3.339484478720639e-06,3.3394837369442696e-06,3.3394844787131765e-06,3.339483736956277e-06,6.447416354670499e-81,0.0,1.18e-321,0.45,0.4500000099460114,3.332655822496785e-18
268.0,0.4500000306461682,0.449999989245851,49.939559214486046,49.879118428972085,49.829021909150384,49.8275079401584,49.82750794021011,49.825993971166405,49.82599397126983,3.3394844787055913e-06,3.3394837369442696e-06,3.3394844787132113e-06,3.3394837369562437e-06,1.752589471741048e-80,0.0,1.9e-322,0.45,0.4500000099460112,3.332655822496785e-18
269.0,0.4500000306457126,0.44999998924623524,49.93955921448604,49.879118428972085,49.829021909150384,49.8275079401584,49.827507940210104,49.825993971166405,49.82599397126983,3.3394844787055913e-06,3.3394837369593167e-06,3.339484478713287e-06,3.339483736956163e-06,4.764032113782328e-80,0.0,-3.12e-321,0.45,0.45000000994601047,3.3326558224967844e-18
270.0,0.45000003064567656,0.4499999892461992,49.93955921448604,49.879118428972085,49.829021909150384,49.8275079401584,49.827507940210104,49.825993971166405,49.82599397126983,3.3394844787055913e-06,3.3394837369593167e-06,3.3394844787133574e-06,3.339483736956084e-06,1.2949981925089835e-79,0.0,-6.12e-321,0.45,0.4500000099460098,3.3326558224967844e-18
271.0,0.4500000306456887,0.4499999892462114,49.93955921448604,49.879118428972085,49.829021909150384,49.8275079401584,49.827507940210104,49.825993971166405,49.82599397126983,3.3394844787055913e-06,3.3394837369593167e-06,3.33948447871337e-06,3.33948373695606e-06,3.520170054584479e-79,0.0,-4.585e-321,0.45,0.45000000994601014,3.3326558224967844e-18
272.0,0.45000003064660926,0.44999998924545204,49.939559214486046,49.879118428972085,49.829021909150384,49.82750794015839,49.82750794021011,49.825993971166405,49.82599397126983,3.339484478720639e-06,3.3394837369442696e-06,3.339484478713314e-06,3.3394837369561247e-06,9.568814292462673e-79,0.0,1.59e-321,0.45,0.4500000099460116,3.332655822496785e-18
273.0,0.4500000306465997,0.4499999892454425,49.939559214486046,49.879118428972085,49.829021909150384,49.82750794015839,49.82750794021011,49.825993971166405,49.82599397126983,3.339484478720639e-06,3.3394837369442696e-06,3.3394844787132384e-06,3.3394837369562018e-06,2.601073401110048e-78,0.0,6.97e-322,0.45,0.45000000994601136,3.332655822496785e-18
274.0,0.4500000306465534,0.4499999892453962,49.93955921448604,49.879118428972085,49.829021909150384,49.82750794015839,49.82750794021011,49.825993971166405,49.82599397126984,3.339484478720639e-06,3.3394837369442696e-06,3.3394844787131753e-06,3.339483736956561e-06,7.070450560725609e-78,0.0,-3.24e-321,0.45,0.45000000994601047,3.3326558224967844e-18
275.0,0.4500000306456838,0.44999998924620643,49.93955921448604,49.879118428972085,49.82902190915038,49.8275079401584,49.827507940210104,49.825993971166405,49.82599397126983,3.339484478690544e-06,3.3394837369442696e-06,3.339484478713157e-06,3.339483736956272e-06,1.921947727823849e-77,0.0,-6.22e-321,0.45,0.4500000099460098,3.3326558224967844e-18
276.0,0.45000003064572874,0.4499999892462514,49.93955921448604,49.879118428972085,49.829021909150384,49.8275079401584,49.827507940210104,49.825993971166405,49.82599397126984,3.3394844787055913e-06,3.3394837369593167e-06,3.339484478713195e-06,3.339483736956528e-06,5.224395583791719e-77,0.0,-2.49e-321,0.45,0.45000000994601064,3.3326558224967844e-18
277.0,0.4500000306465982,0.449999989245441,49.939559214486046,49.879118428972085,49.82902190915039,49.82750794015839,49.82750794021011,49.825993971166405,49.82599397126984,3.339484478735686e-06,3.3394837369593167e-06,3.3394844787131515e-06,3.3394837369565783e-06,1.4201379580102715e-76,0.0,1.507e-321,0.45,0.4500000099460115,3.332655822496785e-18
278.0,0.4500000306457402,0.44999998924626283,49.939559214486046,49.879118428972085,49.829021909150384,49.8275079401584,49.827507940210104,49.825993971166405,49.82599397126983,3.3394844787055913e-06,3.3394837369593167e-06,3.339484478713127e-06,3.339483736956312e-06,3.860335205164256e-76,0.0,-1.05e-321,0.45,0.45000000994601097,3.332655822496785e-18
279.0,0.45000003064658745,0.4499999892454302,49.93955921448604,49.879118428972085,49.829021909150384,49.82750794015839,49.82750794021011,49.825993971166405,49.82599397126984,3.339484478720639e-06,3.3394837369442696e-06,3.3394844787131088e-06,3.3394837369566346e-06,1.0493479039958718e-75,0.0,0.0,0.45,0.4500000099460112,3.3326558224967844e-18
280.0,0.4500000306461677,0.4499999892458505,49.939559214486046,49.879118428972085,49.829021909150384,49.82750794015839,49.827507940210104,49.825993971166405,49.82599397126984,3.339484478720639e-06,3.3394837369593167e-06,3.3394844787130948e-06,3.339483736956656e-06,2.852423339163565e-75,0.0,0.0,0.45,0.4500000099460112,3.332655822496785e-18
281.0,0.4500000306465875,0.4499999892454303,49.939559214486046,49.879118428972085,49.829021909150384,49.82750794015839,49.82750794021011,49.825993971166405,49.82599397126984,3.339484478720639e-06,3.3394837369442696e-06,3.339484478713103e-06,3.339483736956649e-06,7.753690529920791e-75,0.0,5e-324,0.45,0.4500000099460112,3.332655822496785e-18
282.0,0.45000003064616717,0.44999998924584994,49.939559214486046,49.879118428972085,49.829021909150384,49.8275079401584,49.82750794021011,49.825993971166405,49.82599397126984,3.3394844787055913e-06,3.3394837369442696e-06,3.339484478713143e-06,3.339483736956615e-06,2.1076716070978668e-74,0.0,0.0,0.45,0.4500000099460112,3.332655822496785e-18
283.0,0.45000003064574723,0.4499999892462699,49.939559214486046,49.879118428972085,49.829021909150384,49.8275079401584,49.827507940210104,49.825993971166405,49.82599397126983,3.3394844787055913e-06,3.3394837369593167e-06,3.3394844787132087e-06,3.3394837369562517e-06,5.729245429933205e-74,0.0,0.0,0.45,0.4500000099460112,3.332655822496785e-18
284.0,0.4500000306461675,0.4499999892458503,49.939559214486046,49.879118428972085,49.829021909150384,49.82750794015839,49.827507940210104,49.825993971166405,49.82599397126984,3.339484478720639e-06,3.3394837369593167e-06,3.3394844787131973e-06,3.3394837369565664e-06,1.557370374296946e-73,0.0,0.0,0.45,0.4500000099460112,3.332655822496785e-18
285.0,0.4500000306465876,0.4499999892454304,49.939559214486046,49.879118428972085,49.829021909150384,49.82750794015839,49.82750794021011,49.825993971166405,49.82599397126984,3.339484478720639e-06,3.3394837369442696e-06,3.3394844787131753e-06,3.339483736956593e-06,4.23337158863185e-73,0.0,0.0,0.45,0.4500000099460112,3.332655822496785e-18
286.0,0.45000003064616756,0.44999998924585033,49.939559214486046,49.879118428972085,49.829021909150384,49.82750794015839,49.827507940210104,49.825993971166405,49.82599397126984,3.339484478720639e-06,3.3394837369593167e-06,3.3394844787131837e-06,3.3394837369565838e-06,1.1507497062492758e-72,0.0,0.0,0.45,0.4500000099460112,3.332655822496785e-18
287.0,0.4500000306457475,0.44999998924627016,49.939559214486046,49.879118428972085,49.829021909150384,49.8275079401584,49.827507940210104,49.825993971166405,49.82599397126984,3.3394844787055913e-06,3.3394837369593167e-06,3.3394844787132125e-06,3.339483736956557e-06,3.1280620156019906e-72,0.0,0.0,0.45,0.4500000099460112,3.332655822496785e-18
288.0,0.4500000306457475,0.44999998924627016,49.939559214486046,49.879118428972085,49.829021909150384,49.8275079401584,49.827507940210104,49.825993971166405,49.82599397126984,3.3394844787055913e-06,3.3394837369593167e-06,3.339484478713244e-06,3.339483736956528e-06,8.502954135303866e-72,0.0,0.0,0.45,0.4500000099460112,3.332655822496785e-18
289.0,0.45000003064574756,0.4499999892462702,49.939559214486046,49.879118428972085,49.829021909150384,49.8275079401584,49.827507940210104,49.825993971166405,49.82599397126984,3.3394844787055913e-06,3.3394837369593167e-06,3.3394844787132697e-06,3.3394837369565016e-06,2.311342571421719e-71,0.0,0.0,0.45,0.4500000099460112,3.332655822496785e-18
290.0,0.4500000306461675,0.4499999892458503,49.939559214486046,49.879118428972085,49.829021909150384,49.8275079401584,49.82750794021011,49.825993971166405,49.82599397126984,3.3394844787055913e-06,3.3394837369442696e-06,3.339484478713284e-06,3.33948373695649e-06,6.2828805112394626e-71,0.0,0.0,0.45,0.4500000099460112,3.332655822496785e-18
291.0,0.4500000306461675,0.4499999892458503,49.939559214486046,49.879118428972085,49.829021909150384,49.8275079401584,49.82750794021011,49.825993971166405,49.82599397126983,3.3394844787055913e-06,3.3394837369442696e-06,3.339484478713287e-06,3.3394837369561865e-06,1.7078639924081707e-70,0.0,0.0,0.45,0.4500000099460112,3.332655822496785e-18
292.0,0.45000003064658745,0.4499999892454302,49.939559214486046,49.879118428972085,49.829021909150384,49.82750794015839,49.82750794021011,49.825993971166405,49.82599397126983,3.339484478720639e-06,3.3394837369442696e-06,3.3394844787133006e-06,3.3394837369561734e-06,4.6424556560426473e-70,0.0,0.0,0.45,0.4500000099460112,3.332655822496785e-18
293.0,0.45000003064616734,0.4499999892458501,49.93955921448604,49.879118428972085,49.829021909150384,49.82750794015839,49.827507940210104,49.825993971166405,49.82599397126983,3.339484478720639e-06,3.3394837369593167e-06,3.3394844787133425e-06,3.3394837369561336e-06,1.2619502849247643e-69,0.0,0.0,0.45,0.4500000099460112,3.3326558224967844e-18
294.0,0.45000003064616745,0.4499999892458502,49.93955921448604,49.879118428972085,49.829021909150384,49.82750794015839,49.827507940210104,49.825993971166405,49.82599397126984,3.339484478720639e-06,3.3394837369593167e-06,3.3394844787133036e-06,3.3394837369564732e-06,3.4303365279297015e-69,0.0,0.0,0.45,0.4500000099460112,3.3326558224967844e-18
295.0,0.45000003064658756,0.44999998924543033,49.93955921448604,49.879118428972085,49.829021909150384,49.82750794015839,49.82750794021011,49.825993971166405,49.82599397126984,3.339484478720639e-06,3.3394837369442696e-06,3.3394844787132697e-06,3.3394837369565054e-06,9.324621449370602e-69,0.0,0.0,0.45,0.4500000099460112,3.3326558224967844e-18
296.0,0.45000003064616756,0.44999998924585033,49.939559214486046,49.879118428972085,49.829021909150384,49.82750794015839,49.827507940210104,49.825993971166405,49.82599397126984,3.339484478720639e-06,3.3394837369593167e-06,3.3394844787132786e-06,3.3394837369564987e-06,2.5346949043083552e-68,0.0,0.0,0.45,0.4500000099460112,3.332655822496785e-18
297.0,0.45000003064574756,0.4499999892462702,49.939559214486046,49.879118428972085,49.829021909150384,49.8275079401584,49.827507940210104,49.825993971166405,49.82599397126984,3.3394844787055913e-06,3.3394837369593167e-06,3.3394844787132947e-06,3.3394837369564834e-06,6.89001509906914e-68,0.0,0.0,0.45,0.4500000099460112,3.332655822496785e-18
298.0,0.45000003064574756,0.4499999892462702,49.939559214486046,49.879118428972085,49.829021909150384,49.8275079401584,49.827507940210104,49.825993971166405,49.82599397126983,3.3394844787055913e-06,3.3394837369593167e-06,3.3394844787132862e-06,3.3394837369561933e-06,1.872900284160809e-67,0.0,0.0,0.45,0.4500000099460112,3.332655822496785e-18
299.0,0.4500000306461675,0.4499999892458503,49.93955921448604,49.879118428972085,49.829021909150384,49.82750794015839,49.827507940210104,49.825993971166405,49.82599397126984,3.339484478720639e-06,3.3394837369593167e-06,3.339484478713227e-06,3.339483736956549e-06,5.09107080895011e-67,0.0,0.0,0.45,0.4500000099460112,3.3326558224967844e-18
300.0,0.45000003064658745,0.4499999892454302,49.939559214486046,49.879118428972085,49.829021909150384,49.82750794015839,49.82750794021011,49.825993971166405,49.82599397126984,3.339484478720639e-06,3.3394837369442696e-06,3.3394844787132002e-06,3.3394837369565783e-06,1.3838965267367375e-66,0.0,0.0,0.45,0.4500000099460112,3.332655822496785e-18
301.0,0.45000003064616745,0.4499999892458502,49.939559214486046,49.879118428972085,49.829021909150384,49.8275079401584,49.82750794021011,49.825993971166405,49.82599397126984,3.3394844787055913e-06,3.3394837369442696e-06,3.3394844787132074e-06,3.339483736956572e-06,3.7618207810960607e-66,0.0,0.0,0.45,0.4500000099460112,3.332655822496785e-18
302.0,0.45000003064616745,0.4499999892458502,49.939559214486046,49.879118428972085,49.829021909150384,49.8275079401584,49.82750794021011,49.825993971166405,49.82599397126984,3.3394844787055913e-06,3.3394837369442696e-06,3.339484478713232e-06,3.3394837369565474e-06,1.0225689071173034e-65,0.0,0.0,0.45,0.4500000099460112,3.332655822496785e-18
303.0,0.4500000306457475,0.44999998924627016,49.93955921448604,49.879118428972085,49.829021909150384,49.8275079401584,49.827507940210104,49.825993971166405,49.82599397126983,3.3394844787055913e-06,3.3394837369593167e-06,3.339484478713259e-06,3.3394837369562196e-06,2.7796304785641908e-65,0.0,0.0,0.45,0.4500000099460112,3.3326558224967844e-18
304.0,0.45000003064616745,0.4499999892458502,49.93955921448604,49.879118428972085,49.829021909150384,49.82750794015839,49.827507940210104,49.825993971166405,49.82599397126984,3.339484478720639e-06,3.3394837369593167e-06,3.339484478713222e-06,3.339483736956557e-06,7.55581901971196e-65,0.0,0.0,0.45,0.4500000099460112,3.3326558224967844e-18
305.0,0.4500000306465875,0.4499999892454303,49.93955921448604,49.879118428972085,49.829021909150384,49.82750794015839,49.82750794021011,49.825993971166405,49.82599397126984,3.339484478720639e-06,3.3394837369442696e-06,3.339484478713195e-06,3.3394837369565838e-06,2.053884554040826e-64,0.0,0.0,0.45,0.4500000099460112,3.3326558224967844e-18
306.0,0.4500000306465875,0.4499999892454303,49.93955921448604,49.879118428972085,49.829021909150384,49.82750794015839,49.82750794021011,49.825993971166405,49.82599397126984,3.339484478720639e-06,3.3394837369442696e-06,3.339484478713202e-06,3.3394837369565774e-06,5.583037061001887e-64,0.0,0.0,0.45,0.4500000099460112,3.3326558224967844e-18
307.0,0.4500000306457476,0.44999998924627027,49.93955921448604,49.879118428972085,49.829021909150384,49.8275079401584,49.827507940210104,49.825993971166405,49.82599397126984,3.3394844787055913e-06,3.3394837369593167e-06,3.3394844787132295e-06,3.339483736956549e-06,1.5176268190534822e-63,0.0,0.0,0.45,0.4500000099460112,3.3326558224967844e-18
308.0,0.4500000306457476,0.44999998924627027,49.93955921448604,49.879118428972085,49.829021909150384,49.8275079401584,49.827507940210104,49.825993971166405,49.82599397126983,3.3394844787055913e-06,3.3394837369593167e-06,3.3394844787132557e-06,3.3394837369562246e-06,4.1253374046151843e-63,0.0,0.0,0.45,0.4500000099460112,3.3326558224967844e-18
309.0,0.45000003064574756,0.4499999892462702,49.939559214486046,49.879118428972085,49.829021909150384,49.8275079401584,49.827507940210104,49.825993971166405,49.82599397126984,3.3394844787055913e-06,3.3394837369593167e-06,3.3394844787132786e-06,3.3394837369565025e-06,1.1213829703227855e-62,0.0,0.0,0.45,0.4500000099460112,3.332655822496785e-18
310.0,0.4500000306461675,0.4499999892458503,49.939559214486046,49.879118428972085,49.829021909150384,49.8275079401584,49.82750794021011,49.825993971166405,49.82599397126984,3.3394844787055913e-06,3.3394837369442696e-06,3.3394844787132947e-06,3.3394837369564864e-06,3.0482349509718564e-62,0.0,0.0,0.45,0.4500000099460112,3.332655822496785e-18
311.0,0.4500000306461675,0.4499999892458503,49.939559214486046,49.879118428972085,49.829021909150384,49.8275079401584,49.82750794021011,49.825993971166405,49.82599397126983,3.3394844787055913e-06,3.3394837369442696e-06,3.3394844787133074e-06,3.3394837369561734e-06,8.285961676100547e-62,0.0,0.0,0.45,0.4500000099460112,3.332655822496785e-18
312.0,0.4500000306465875,0.4499999892454303,49.939559214486046,49.879118428972085,49.829021909150384,49.82750794015839,49.82750794021011,49.825993971166405,49.82599397126983,3.339484478720639e-06,3.3394837369442696e-06,3.3394844787133184e-06,3.339483736956161e-06,2.252357905545217e-61,0.0,0.0,0.45,0.4500000099460112,3.332655822496785e-18
313.0,0.45000003064616745,0.4499999892458502,49.93955921448604,49.879118428972085,49.829021909150384,49.82750794015839,49.827507940210104,49.825993971166405,49.82599397126983,3.339484478720639e-06,3.3394837369593167e-06,3.339484478713328e-06,3.339483736956151e-06,6.122543565829638e-61,0.0,0.0,0.45,0.4500000099460112,3.3326558224967844e-18
314.0,0.4500000306461675,0.4499999892458503,49.93955921448604,49.879118428972085,49.829021909150384,49.82750794015839,49.827507940210104,49.825993971166405,49.82599397126984,3.339484478720639e-06,3.3394837369593167e-06,3.339484478713275e-06,3.3394837369565054e-06,1.664279891894355e-60,0.0,0.0,0.45,0.4500000099460112,3.3326558224967844e-18
315.0,0.4500000306465875,0.4499999892454303,49.939559214486046,49.879118428972085,49.829021909150384,49.82750794015839,49.82750794021011,49.825993971166405,49.82599397126984,3.339484478720639e-06,3.3394837369442696e-06,3.3394844787132473e-06,3.3394837369565334e-06,4.5239817876062095e-60,0.0,0.0,0.45,0.4500000099460112,3.332655822496785e-18
316.0,0.4500000306461675,0.4499999892458503,49.939559214486046,49.879118428972085,49.829021909150384,49.82750794015839,49.827507940210104,49.825993971166405,49.82599397126984,3.339484478720639e-06,3.3394837369593167e-06,3.3394844787132557e-06,3.3394837369565245e-06,1.2297457485529627e-59,0.0,0.0,0.45,0.4500000099460112,3.332655822496785e-18
317.0,0.4500000306457475,0.44999998924627016,49.939559214486046,49.879118428972085,49.829021909150384,49.8275079401584,49.827507940210104,49.825993971166405,49.82599397126984,3.3394844787055913e-06,3.3394837369593167e-06,3.339484478713275e-06,3.3394837369565037e-06,3.342795521916285e-59,0.0,0.0,0.45,0.4500000099460112,3.332655822496785e-18
318.0,0.4500000306457475,0.44999998924627016,49.93955921448604,49.879118428972085,49.829021909150384,49.8275079401584,49.827507940210104,49.825993971166405,49.82599397126983,3.3394844787055913e-06,3.3394837369593167e-06,3.3394844787132697e-06,3.339483736956209e-06,9.086660323479308e-59,0.0,0.0,0.45,0.4500000099460112,3.3326558224967844e-18
319.0,0.45000003064574756,0.4499999892462702,49.93955921448604,49.879118428972085,49.829021909150384,49.8275079401584,49.827507940210104,49.825993971166405,49.82599397126984,3.3394844787055913e-06,3.3394837369593167e-06,3.3394844787132697e-06,3.339483736956509e-06,2.470010363869359e-58,0.0,0.0,0.45,0.4500000099460112,3.3326558224967844e-18
320.0,0.4500000306461675,0.4499999892458503,49.93955921448604,49.879118428972085,49.829021909150384,49.8275079401584,49.82750794021011,49.825993971166405,49.82599397126984,3.3394844787055913e-06,3.3394837369442696e-06,3.339484478713287e-06,3.3394837369564927e-06,6.714184288211594e-58,0.0,0.0,0.45,0.4500000099460112,3.3326558224967844e-18
321.0,0.45000003064616745,0.4499999892458502,49.93955921448604,49.879118428972085,49.829021909150384,49.8275079401584,49.82750794021011,49.825993971166405,49.82599397126983,3.3394844787055913e-06,3.3394837369442696e-06,3.3394844787133023e-06,3.339483736956178e-06,1.82510451435708e-57,0.0,0.0,0.45,0.4500000099460112,3.3326558224967844e-18
322.0,0.4500000306457475,0.44999998924627016,49.939559214486046,49.879118428972085,49.829021909150384,49.8275079401584,49.827507940210104,49.825993971166405,49.82599397126983,3.3394844787055913e-06,3.3394837369593167e-06,3.3394844787133146e-06,3.3394837369561653e-06,4.961148436415422e-57,0.0,0.0,0.45,0.4500000099460112,3.332655822496785e-18
323.0,0.45000003064574756,0.4499999892462702,49.939559214486046,49.879118428972085,49.829021909150384,49.8275079401584,49.827507940210104,49.825993971166405,49.82599397126983,3.3394844787055913e-06,3.3394837369593167e-06,3.3394844787133256e-06,3.339483736956153e-06,1.3485799642996046e-56,0.0,0.0,0.45,0.4500000099460112,3.332655822496785e-18
324.0,0.4500000306461675,0.4499999892458503,49.939559214486046,49.879118428972085,49.829021909150384,49.82750794015839,49.827507940210104,49.825993971166405,49.82599397126984,3.339484478720639e-06,3.3394837369593167e-06,3.3394844787132917e-06,3.339483736956489e-06,3.6658204111795634e-56,0.0,0.0,0.45,0.4500000099460112,3.332655822496785e-18
325.0,0.45000003064658756,0.44999998924543033,49.939559214486046,49.879118428972085,49.829021909150384,49.82750794015839,49.82750794021011,49.825993971166405,49.82599397126984,3.339484478720639e-06,3.3394837369442696e-06,3.3394844787132405e-06,3.3394837369565406e-06,9.964733010103673e-56,0.0,0.0,0.45,0.4500000099460112,3.332655822496785e-18
326.0,0.45000003064616756,0.44999998924585033,49.939559214486046,49.879118428972085,49.829021909150384,49.82750794015839,49.827507940210104,49.825993971166405,49.82599397126984,3.339484478720639e-06,3.3394837369593167e-06,3.339484478713195e-06,3.3394837369565838e-06,2.7086952666810817e-55,0.0,0.0,0.45,0.4500000099460112,3.332655822496785e-18
327.0,0.45000003064574756,0.4499999892462702,49.93955921448604,49.879118428972085,49.829021909150384,49.8275079401584,49.827507940210104,49.825993971166405,49.82599397126984,3.3394844787055913e-06,3.3394837369593167e-06,3.339484478713159e-06,3.339483736956619e-06,7.362997122252212e-55,0.0,0.0,0.45,0.4500000099460112,3.3326558224967844e-18
328.0,0.4500000306461675,0.4499999892458503,49.93955921448604,49.879118428972085,49.829021909150384,49.82750794015839,49.827507940210104,49.825993971166405,49.82599397126983,3.339484478720639e-06,3.3394837369593167e-06,3.3394844787131282e-06,3.339483736956351e-06,2.001470128041443e-54,0.0,0.0,0.45,0.4500000099460112,3.3326558224967844e-18
329.0,0.4500000306457475,0.44999998924627016,49.93955921448604,49.879118428972085,49.829021909150384,49.8275079401584,49.827507940210104,49.825993971166405,49.82599397126984,3.3394844787055913e-06,3.3394837369593167e-06,3.339484478713145e-06,3.3394837369566346e-06,5.440559879258653e-54,0.0,0.0,0.45,0.4500000099460112,3.3326558224967844e-18
330.0,0.45000003064616745,0.4499999892458502,49.93955921448604,49.879118428972085,49.829021909150384,49.8275079401584,49.82750794021011,49.825993971166405,49.82599397126984,3.3394844787055913e-06,3.3394837369442696e-06,3.339484478713179e-06,3.3394837369566003e-06,1.4788975056432136e-53,0.0,0.0,0.45,0.4500000099460112,3.3326558224967844e-18
331.0,0.4500000306461675,0.4499999892458503,49.93955921448604,49.879118428972085,49.829021909150384,49.8275079401584,49.82750794021011,49.825993971166405,49.82599397126983,3.3394844787055913e-06,3.3394837369442696e-06,3.33948447871321e-06,3.339483736956271e-06,4.020060215743355e-53,0.0,0.0,0.45,0.4500000099460112,3.3326558224967844e-18
332.0,0.4500000306465875,0.4499999892454303,49.93955921448604,49.879118428972085,49.829021909150384,49.82750794015839,49.82750794021011,49.825993971166405,49.82599397126983,3.339484478720639e-06,3.3394837369442696e-06,3.3394844787132362e-06,3.3394837369562454e-06,1.0927656633766312e-52,0.0,0.0,0.45,0.4500000099460112,3.3326558224967844e-18
333.0,0.4500000306461675,0.4499999892458503,49.93955921448604,49.879118428972085,49.829021909150384,49.82750794015839,49.827507940210104,49.825993971166405,49.82599397126983,3.339484478720639e-06,3.3394837369593167e-06,3.3394844787132583e-06,3.3394837369562246e-06,2.9704450455206905e-52,0.0,0.0,0.45,0.4500000099460112,3.3326558224967844e-18
334.0,0.4500000306461675,0.4499999892458503,49.939559214486046,49.879118428972085,49.829021909150384,49.82750794015839,49.827507940210104,49.825993971166405,49.82599397126984,3.339484478720639e-06,3.3394837369593167e-06,3.3394844787132134e-06,3.3394837369565664e-06,8.074506789675095e-52,0.0,0.0,0.45,0.4500000099460112,3.332655822496785e-18
335.0,0.45000003064658756,0.44999998924543033,49.939559214486046,49.879118428972085,49.829021909150384,49.82750794015839,49.82750794021011,49.825993971166405,49.82599397126984,3.339484478720639e-06,3.3394837369442696e-06,3.3394844787131935e-06,3.339483736956585e-06,2.1948785080142994e-51,0.0,0.0,0.45,0.4500000099460112,3.332655822496785e-18
336.0,0.4500000306457476,0.44999998924627027,49.939559214486046,49.879118428972085,49.829021909150384,49.8275079401584,49.827507940210104,49.825993971166405,49.82599397126984,3.3394844787055913e-06,3.3394837369593167e-06,3.3394844787132125e-06,3.3394837369565677e-06,5.96629836401057e-51,0.0,0.0,0.45,0.4500000099460112,3.332655822496785e-18
337.0,0.4500000306457476,0.44999998924627027,49.939559214486046,49.879118428972085,49.829021909150384,49.8275079401584,49.827507940210104,49.825993971166405,49.82599397126983,3.3394844787055913e-06,3.3394837369593167e-06,3.3394844787132362e-06,3.3394837369562437e-06,1.6218080426054861e-50,0.0,0.0,0.45,0.4500000099460112,3.332655822496785e-18
338.0,0.4500000306457476,0.44999998924627027,49.939559214486046,49.879118428972085,49.829021909150384,49.8275079401584,49.827507940210104,49.825993971166405,49.82599397126983,3.3394844787055913e-06,3.3394837369593167e-06,3.3394844787132362e-06,3.3394837369562437e-06,4.408531331463227e-50,0.0,0.0,0.45,0.4500000099460112,3.332655822496785e-18
339.0,0.45000003064616756,0.44999998924585033,49.939559214486046,49.879118428972085,49.829021909150384,49.82750794015839,49.827507940210104,49.825993971166405,49.82599397126984,3.339484478720639e-06,3.3394837369593167e-06,3.3394844787131854e-06,3.3394837369565935e-06,1.1983630608508848e-49,0.0,0.0,0.45,0.4500000099460112,3.332655822496785e-18
340.0,0.4500000306465875,0.4499999892454303,49.939559214486046,49.879118428972085,49.829021909150384,49.82750794015839,49.82750794021011,49.825993971166405,49.82599397126984,3.339484478720639e-06,3.3394837369442696e-06,3.3394844787131642e-06,3.339483736956615e-06,3.2574885322075213e-49,0.0,0.0,0.45,0.4500000099460112,3.332655822496785e-18
341.0,0.45000003064616756,0.44999998924585033,49.939559214486046,49.879118428972085,49.829021909150384,49.8275079401584,49.82750794021011,49.825993971166405,49.82599397126984,3.3394844787055913e-06,3.3394837369442696e-06,3.3394844787131765e-06,3.339483736956603e-06,8.854771883513432e-49,0.0,0.0,0.45,0.4500000099460112,3.332655822496785e-18
342.0,0.4500000306457476,0.44999998924627027,49.939559214486046,49.879118428972085,49.829021909150384,49.8275079401584,49.827507940210104,49.825993971166405,49.82599397126984,3.3394844787055913e-06,3.3394837369593167e-06,3.339484478713205e-06,3.3394837369565745e-06,2.4069765506104637e-48,0.0,0.0,0.45,0.4500000099460112,3.332655822496785e-18
343.0,0.4500000306457477,0.4499999892462703,49.939559214486046,49.879118428972085,49.829021909150384,49.8275079401584,49.827507940210104,49.825993971166405,49.82599397126983,3.3394844787055913e-06,3.3394837369593167e-06,3.3394844787132362e-06,3.3394837369562437e-06,6.542840619051456e-48,0.0,0.0,0.45,0.4500000099460112,3.332655822496785e-18
344.0,0.4500000306457475,0.44999998924627016,49.93955921448604,49.879118428972085,49.829021909150384,49.8275079401584,49.827507940210104,49.825993971166405,49.82599397126984,3.3394844787055913e-06,3.3394837369593167e-06,3.3394844787132604e-06,3.3394837369565194e-06,1.7785284761271306e-47,0.0,0.0,0.45,0.4500000099460112,3.3326558224967844e-18
345.0,0.4500000306461674,0.44999998924585016,49.93955921448604,49.879118428972085,49.829021909150384,49.8275079401584,49.82750794021011,49.825993971166405,49.82599397126984,3.3394844787055913e-06,3.3394837369442696e-06,3.3394844787132794e-06,3.3394837369565016e-06,4.834541638053336e-47,0.0,0.0,0.45,0.4500000099460112,3.3326558224967844e-18
346.0,0.45000003064616745,0.4499999892458502,49.93955921448604,49.879118428972085,49.829021909150384,49.8275079401584,49.82750794021011,49.825993971166405,49.82599397126983,3.3394844787055913e-06,3.3394837369442696e-06,3.3394844787132947e-06,3.339483736956185e-06,1.314164668364901e-46,0.0,0.0,0.45,0.4500000099460112,3.3326558224967844e-18
347.0,0.4500000306461675,0.4499999892458503,49.93955921448604,49.879118428972085,49.829021909150384,49.82750794015839,49.827507940210104,49.825993971166405,49.82599397126983,3.339484478720639e-06,3.3394837369593167e-06,3.33948447871331e-06,3.339483736956172e-06,3.572269937619218e-46,0.0,0.0,0.45,0.4500000099460112,3.3326558224967844e-18
348.0,0.45000003064658745,0.4499999892454302,49.93955921448604,49.879118428972085,49.829021909150384,49.82750794015839,49.82750794021011,49.825993971166405,49.82599397126983,3.339484478720639e-06,3.3394837369442696e-06,3.3394844787133184e-06,3.339483736956161e-06,9.710436457780848e-46,0.0,0.0,0.45,0.4500000099460112,3.3326558224967844e-18
349.0,0.45000003064574756,0.4499999892462702,49.93955921448604,49.879118428972085,49.829021909150384,49.8275079401584,49.827507940210104,49.825993971166405,49.82599397126983,3.3394844787055913e-06,3.3394837369593167e-06,3.339484478713328e-06,3.339483736956151e-06,2.6395702969591894e-45,0.0,0.0,0.45,0.4500000099460112,3.3326558224967844e-18
350.0,0.4500000306457822,0.44999998924630485,49.93955921448604,49.879118428972085,49.829021909150384,49.8275079401584,49.827507940210104,49.825993971166405,49.82599397126984,3.3394844787055913e-06,3.3394837369593167e-06,3.3394844787133036e-06,3.339483736956479e-06,7.17509597316441e-45,0.0,0.0,0.45,0.4500000099460118,3.3326558224967844e-18
351.0,0.4500000306461324,0.4499999892458152,49.93955921448604,49.879118428972085,49.829021909150384,49.82750794015839,49.827507940210104,49.825993971166405,49.82599397126983,3.339484478720639e-06,3.3394837369593167e-06,3.3394844787133184e-06,3.3394837369561683e-06,1.9503933001302486e-44,0.0,0.0,0.45,0.45000000994601086,3.3326558224967844e-18
352.0,0.45000003064617133,0.4499999892458541,49.939559214486046,49.879118428972085,49.829021909150384,49.82750794015839,49.827507940210104,49.825993971166405,49.82599397126984,3.339484478720639e-06,3.3394837369593167e-06,3.3394844787132545e-06,3.339483736956532e-06,5.301718666092323e-44,0.0,0.0,0.45,0.45000000994601125,3.332655822496785e-18
353.0,0.45000003064619004,0.4499999892458728,49.939559214486046,49.879118428972085,49.829021909150384,49.82750794015839,49.827507940210104,49.825993971166405,49.82599397126984,3.339484478720639e-06,3.3394837369593167e-06,3.3394844787132257e-06,3.339483736956561e-06,1.4411565509640892e-43,0.0,0.0,0.45,0.4500000099460115,3.332655822496785e-18
354.0,0.45000003064617555,0.4499999892458583,49.939559214486046,49.879118428972085,49.829021909150384,49.82750794015839,49.827507940210104,49.825993971166405,49.82599397126983,3.339484478720639e-06,3.3394837369593167e-06,3.3394844787131854e-06,3.3394837369563043e-06,3.9174696644503954e-43,0.0,0.0,0.45,0.4500000099460113,3.332655822496785e-18
355.0,0.450000030645737,0.44999998924625967,49.93955921448604,49.879118428972085,49.829021909150384,49.8275079401584,49.827507940210104,49.825993971166405,49.82599397126983,3.3394844787055913e-06,3.3394837369593167e-06,3.339484478713068e-06,3.3394837369564343e-06,1.0648786602415065e-42,0.0,0.0,0.45,0.450000009946011,3.3326558224967844e-18
356.0,0.4500000306461634,0.44999998924584617,49.93955921448604,49.879118428972085,49.829021909150384,49.82750794015839,49.827507940210104,49.825993971166405,49.82599397126983,3.339484478720639e-06,3.3394837369593167e-06,3.33948447871281e-06,3.3394837369567142e-06,2.8946403116483e-42,0.0,0.0,0.45,0.45000000994601114,3.3326558224967844e-18
357.0,0.4500000306457475,0.44999998924627016,49.939559214486046,49.879118428972085,49.829021909150384,49.8275079401584,49.827507940210104,49.825993971166405,49.82599397126984,3.3394844787055913e-06,3.3394837369593167e-06,3.3394844787128466e-06,3.3394837369569743e-06,7.868448159078602e-42,0.0,0.0,0.45,0.4500000099460112,3.332655822496785e-18
358.0,0.4500000306461674,0.44999998924585016,49.939559214486046,49.879118428972085,49.829021909150384,49.8275079401584,49.82750794021011,49.825993971166405,49.82599397126984,3.3394844787055913e-06,3.3394837369442696e-06,3.339484478712916e-06,3.3394837369569e-06,2.1388659648995392e-41,0.0,0.0,0.45,0.4500000099460112,3.332655822496785e-18
359.0,0.45000003064616745,0.4499999892458502,49.93955921448604,49.879118428972085,49.829021909150384,49.8275079401584,49.82750794021011,49.825993971166405,49.82599397126984,3.3394844787055913e-06,3.3394837369442696e-06,3.339484478712976e-06,3.339483736956834e-06,5.814040485895939e-41,0.0,0.0,0.45,0.4500000099460112,3.3326558224967844e-18
360.0,0.4500000306461675,0.4499999892458503,49.93955921448604,49.879118428972085,49.829021909150384,49.82750794015839,49.827507940210104,49.825993971166405,49.82599397126984,3.339484478720639e-06,3.3394837369593167e-06,3.3394844787130385e-06,3.3394837369567655e-06,1.580420060273613e-40,0.0,0.0,0.45,0.4500000099460112,3.3326558224967844e-18
361.0,0.45000003064616745,0.4499999892458502,49.939559214486046,49.879118428972085,49.829021909150384,49.82750794015839,49.827507940210104,49.825993971166405,49.82599397126983,3.339484478720639e-06,3.3394837369593167e-06,3.3394844787131244e-06,3.3394837369563754e-06,4.296027131173911e-40,0.0,0.0,0.45,0.4500000099460112,3.332655822496785e-18
362.0,0.4500000306461675,0.4499999892458503,49.939559214486046,49.879118428972085,49.829021909150384,49.82750794015839,49.827507940210104,49.825993971166405,49.82599397126984,3.339484478720639e-06,3.3394837369593167e-06,3.339484478713096e-06,3.3394837369567e-06,1.1677812485237084e-39,0.0,0.0,0.45,0.4500000099460112,3.332655822496785e-18
363.0,0.45000003064616756,0.44999998924585033,49.93955921448604,49.879118428972085,49.829021909150384,49.82750794015839,49.827507940210104,49.825993971166405,49.82599397126984,3.339484478720639e-06,3.3394837369593167e-06,3.3394844787131007e-06,3.339483736956693e-06,3.174358547477213e-39,0.0,0.0,0.45,0.4500000099460112,3.3326558224967844e-18
364.0,0.45000003064616756,0.44999998924585033,49.93955921448604,49.879118428972085,49.829021909150384,49.82750794015839,49.827507940210104,49.825993971166405,49.82599397126984,3.339484478720639e-06,3.3394837369593167e-06,3.3394844787131363e-06,3.3394837369566545e-06,8.628801156620959e-39,0.0,0.0,0.45,0.4500000099460112,3.3326558224967844e-18
365.0,0.4500000306457476,0.44999998924627027,49.939559214486046,49.879118428972085,49.829021909150384,49.8275079401584,49.827507940210104,49.825993971166405,49.82599397126983,3.3394844787055913e-06,3.3394837369593167e-06,3.339484478713171e-06,3.3394837369563195e-06,2.3455513385429144e-38,0.0,0.0,0.45,0.4500000099460112,3.332655822496785e-18
366.0,0.45000003064574756,0.4499999892462702,49.939559214486046,49.879118428972085,49.829021909150384,49.8275079401584,49.827507940210104,49.825993971166405,49.82599397126983,3.3394844787055913e-06,3.3394837369593167e-06,3.3394844787131753e-06,3.3394837369563195e-06,6.375869581278994e-38,0.0,0.0,0.45,0.4500000099460112,3.332655822496785e-18
367.0,0.45000003064574756,0.4499999892462702,49.939559214486046,49.879118428972085,49.829021909150384,49.8275079401584,49.827507940210104,49.825993971166405,49.82599397126984,3.3394844787055913e-06,3.3394837369593167e-06,3.339484478713202e-06,3.339483736956587e-06,1.7331410423415471e-37,0.0,0.0,0.45,0.4500000099460112,3.332655822496785e-18
368.0,0.4500000306461675,0.4499999892458503,49.939559214486046,49.879118428972085,49.829021909150384,49.8275079401584,49.82750794021011,49.825993971166405,49.82599397126984,3.3394844787055913e-06,3.3394837369442696e-06,3.339484478713222e-06,3.3394837369565664e-06,4.7111658015535965e-37,0.0,0.0,0.45,0.4500000099460112,3.332655822496785e-18
369.0,0.45000003064616745,0.4499999892458502,49.93955921448604,49.879118428972085,49.829021909150384,49.8275079401584,49.82750794021011,49.825993971166405,49.82599397126983,3.3394844787055913e-06,3.3394837369442696e-06,3.3394844787132362e-06,3.339483736956249e-06,1.2806276389220832e-36,0.0,0.0,0.45,0.4500000099460112,3.3326558224967844e-18
370.0,0.45000003064616745,0.4499999892458502,49.93955921448604,49.879118428972085,49.829021909150384,49.82750794015839,49.827507940210104,49.825993971166405,49.82599397126983,3.339484478720639e-06,3.3394837369593167e-06,3.339484478713262e-06,3.3394837369562246e-06,3.4811068399043105e-36,0.0,0.0,0.45,0.4500000099460112,3.3326558224967844e-18
371.0,0.45000003064574745,0.4499999892462701,49.939559214486046,49.879118428972085,49.829021909150384,49.8275079401584,49.827507940210104,49.825993971166405,49.82599397126983,3.3394844787055913e-06,3.3394837369593167e-06,3.3394844787133163e-06,3.3394837369561653e-06,9.462629465836379e-36,0.0,0.0,0.45,0.4500000099460112,3.332655822496785e-18
372.0,0.45000003064616756,0.44999998924585033,49.939559214486046,49.879118428972085,49.829021909150384,49.82750794015839,49.827507940210104,49.825993971166405,49.82599397126984,3.339484478720639e-06,3.3394837369593167e-06,3.3394844787132786e-06,3.3394837369565037e-06,2.572209372642415e-35,0.0,0.0,0.45,0.4500000099460112,3.332655822496785e-18
373.0,0.45000003064658756,0.44999998924543033,49.939559214486046,49.879118428972085,49.829021909150384,49.82750794015839,49.82750794021011,49.825993971166405,49.82599397126984,3.339484478720639e-06,3.3394837369442696e-06,3.339484478713227e-06,3.3394837369565516e-06,6.991989996645917e-35,0.0,0.0,0.45,0.4500000099460112,3.332655822496785e-18
374.0,0.4500000306461675,0.4499999892458503,49.939559214486046,49.879118428972085,49.829021909150384,49.82750794015839,49.827507940210104,49.825993971166405,49.82599397126984,3.339484478720639e-06,3.3394837369593167e-06,3.3394844787131854e-06,3.3394837369565952e-06,1.9006199352650017e-34,0.0,0.0,0.45,0.4500000099460112,3.332655822496785e-18
375.0,0.4500000306461675,0.4499999892458503,49.939559214486046,49.879118428972085,49.829021909150384,49.82750794015839,49.827507940210104,49.825993971166405,49.82599397126983,3.339484478720639e-06,3.3394837369593167e-06,3.33948447871315e-06,3.339483736956331e-06,5.166420632837861e-34,0.0,0.0,0.45,0.4500000099460112,3.332655822496785e-18
376.0,0.4500000306461675,0.4499999892458503,49.93955921448604,49.879118428972085,49.829021909150384,49.82750794015839,49.827507940210104,49.825993971166405,49.82599397126983,3.339484478720639e-06,3.3394837369593167e-06,3.339484478713119e-06,3.3394837369563614e-06,1.4043787324419038e-33,0.0,0.0,0.45,0.4500000099460112,3.3326558224967844e-18
377.0,0.4500000306461675,0.4499999892458503,49.93955921448604,49.879118428972085,49.829021909150384,49.82750794015839,49.827507940210104,49.825993971166405,49.82599397126984,3.339484478720639e-06,3.3394837369593167e-06,3.3394844787130817e-06,3.3394837369567e-06,3.817497188671175e-33,0.0,0.0,0.45,0.4500000099460112,3.3326558224967844e-18
378.0,0.4500000306465875,0.4499999892454303,49.93955921448604,49.879118428972085,49.829021909150384,49.82750794015839,49.82750794021011,49.825993971166405,49.82599397126984,3.339484478720639e-06,3.3394837369442696e-06,3.3394844787130817e-06,3.3394837369566973e-06,1.0377033238158345e-32,0.0,0.0,0.45,0.4500000099460112,3.3326558224967844e-18
379.0,0.4500000306461675,0.4499999892458503,49.93955921448604,49.879118428972085,49.829021909150384,49.8275079401584,49.82750794021011,49.825993971166405,49.82599397126984,3.3394844787055913e-06,3.3394837369442696e-06,3.33948447871311e-06,3.3394837369566693e-06,2.8207700884601356e-32,0.0,0.0,0.45,0.4500000099460112,3.3326558224967844e-18
380.0,0.45000003064574756,0.4499999892462702,49.93955921448604,49.879118428972085,49.829021909150384,49.8275079401584,49.827507940210104,49.825993971166405,49.82599397126984,3.3394844787055913e-06,3.3394837369593167e-06,3.3394844787131515e-06,3.339483736956628e-06,7.667648073722e-32,0.0,0.0,0.45,0.4500000099460112,3.3326558224967844e-18
381.0,0.4500000306457475,0.44999998924627016,49.939559214486046,49.879118428972085,49.829021909150384,49.8275079401584,49.827507940210104,49.825993971166405,49.82599397126983,3.3394844787055913e-06,3.3394837369593167e-06,3.3394844787131897e-06,3.3394837369562873e-06,2.084282842581751e-31,0.0,0.0,0.45,0.4500000099460112,3.332655822496785e-18
382.0,0.4500000306461675,0.4499999892458503,49.939559214486046,49.879118428972085,49.829021909150384,49.82750794015839,49.827507940210104,49.825993971166405,49.82599397126984,3.339484478720639e-06,3.3394837369593167e-06,3.33948447871315e-06,3.339483736956628e-06,5.66566817635894e-31,0.0,0.0,0.45,0.4500000099460112,3.332655822496785e-18
383.0,0.45000003064658756,0.44999998924543033,49.939559214486046,49.879118428972085,49.829021909150384,49.82750794015839,49.82750794021011,49.825993971166405,49.82599397126984,3.339484478720639e-06,3.3394837369442696e-06,3.339484478713141e-06,3.339483736956636e-06,1.5400882849875202e-30,0.0,0.0,0.45,0.4500000099460112,3.332655822496785e-18
384.0,0.4500000306457476,0.44999998924627027,49.939559214486046,49.879118428972085,49.829021909150384,49.8275079401584,49.827507940210104,49.825993971166405,49.82599397126984,3.3394844787055913e-06,3.3394837369593167e-06,3.33948447871316e-06,3.339483736956617e-06,4.186393999304232e-30,0.0,0.0,0.45,0.4500000099460112,3.332655822496785e-18
385.0,0.4500000306457476,0.44999998924627027,49.939559214486046,49.879118428972085,49.829021909150384,49.8275079401584,49.827507940210104,49.825993971166405,49.82599397126984,3.3394844787055913e-06,3.3394837369593167e-06,3.3394844787131943e-06,3.3394837369565838e-06,1.1379798735078681e-29,0.0,0.0,0.45,0.4500000099460112,3.332655822496785e-18
386.0,0.4500000306457476,0.44999998924627027,49.939559214486046,49.879118428972085,49.829021909150384,49.8275079401584,49.827507940210104,49.825993971166405,49.82599397126984,3.3394844787055913e-06,3.3394837369593167e-06,3.339484478713227e-06,3.339483736956549e-06,3.093350011308561e-29,0.0,0.0,0.45,0.4500000099460112,3.332655822496785e-18
387.0,0.45000003064616756,0.44999998924585033,49.93955921448604,49.879118428972085,49.829021909150384,49.8275079401584,49.82750794021011,49.825993971166405,49.82599397126984,3.3394844787055913e-06,3.3394837369442696e-06,3.3394844787132515e-06,3.339483736956527e-06,8.408597124803642e-29,0.0,0.0,0.45,0.4500000099460112,3.3326558224967844e-18
388.0,0.4500000306461675,0.4499999892458503,49.93955921448604,49.879118428972085,49.829021909150384,49.8275079401584,49.82750794021011,49.825993971166405,49.82599397126983,3.3394844787055913e-06,3.3394837369442696e-06,3.3394844787132697e-06,3.339483736956206e-06,2.285693676718672e-28,0.0,0.0,0.45,0.4500000099460112,3.3326558224967844e-18
389.0,0.45000003064658745,0.4499999892454302,49.93955921448604,49.879118428972085,49.829021909150384,49.82750794015839,49.82750794021011,49.825993971166405,49.82599397126983,3.339484478720639e-06,3.3394837369442696e-06,3.339484478713288e-06,3.3394837369561903e-06,6.213159586848109e-28,0.0,0.0,0.45,0.4500000099460112,3.3326558224967844e-18
390.0,0.4500000306465874,0.44999998924543017,49.939559214486046,49.879118428972085,49.829021909150384,49.82750794015839,49.82750794021011,49.825993971166405,49.82599397126983,3.339484478720639e-06,3.3394837369442696e-06,3.3394844787133006e-06,3.3394837369561755e-06,1.6889118802245324e-27,0.0,0.0,0.45,0.4500000099460112,3.332655822496785e-18
391.0,0.4500000306461672,0.44999998924585,49.939559214486046,49.879118428972085,49.829021909150384,49.82750794015839,49.827507940210104,49.825993971166405,49.82599397126983,3.339484478720639e-06,3.3394837369593167e-06,3.339484478713314e-06,3.339483736956161e-06,4.590938473882946e-27,0.0,0.0,0.45,0.4500000099460112,3.332655822496785e-18
392.0,0.4500000306461675,0.4499999892458503,49.93955921448604,49.879118428972085,49.829021909150384,49.82750794015839,49.827507940210104,49.825993971166405,49.82599397126984,3.339484478720639e-06,3.3394837369593167e-06,3.339484478713267e-06,3.339483736956508e-06,1.2479464629129513e-26,0.0,0.0,0.45,0.4500000099460112,3.3326558224967844e-18
393.0,0.45000003064658756,0.44999998924543033,49.93955921448604,49.879118428972085,49.829021909150384,49.82750794015839,49.82750794021011,49.825993971166405,49.82599397126984,3.339484478720639e-06,3.3394837369442696e-06,3.3394844787132197e-06,3.3394837369565546e-06,3.3922701930260157e-26,0.0,0.0,0.45,0.4500000099460112,3.3326558224967844e-18
394.0,0.45000003064616756,0.44999998924585033,49.93955921448604,49.879118428972085,49.829021909150384,49.82750794015839,49.827507940210104,49.825993971166405,49.82599397126984,3.339484478720639e-06,3.3394837369593167e-06,3.339484478713179e-06,3.339483736956597e-06,9.221146422925875e-26,0.0,0.0,0.45,0.4500000099460112,3.3326558224967844e-18
395.0,0.4500000306461675,0.4499999892458503,49.93955921448604,49.879118428972085,49.829021909150384,49.82750794015839,49.827507940210104,49.825993971166405,49.82599397126984,3.339484478720639e-06,3.3394837369593167e-06,3.339484478713145e-06,3.339483736956632e-06,2.506567475899953e-25,0.0,0.0,0.45,0.4500000099460112,3.3326558224967844e-18
396.0,0.4500000306461675,0.4499999892458503,49.93955921448604,49.879118428972085,49.829021909150384,49.82750794015839,49.827507940210104,49.825993971166405,49.82599397126984,3.339484478720639e-06,3.3394837369593167e-06,3.3394844787131143e-06,3.339483736956664e-06,6.813556821545298e-25,0.0,0.0,0.45,0.4500000099460112,3.3326558224967844e-18
397.0,0.4500000306465875,0.4499999892454303,49.93955921448604,49.879118428972085,49.829021909150384,49.82750794015839,49.82750794021011,49.825993971166405,49.82599397126984,3.339484478720639e-06,3.3394837369442696e-06,3.3394844787130893e-06,3.3394837369566875e-06,1.8521167695179756e-24,0.0,0.0,0.45,0.4500000099460112,3.3326558224967844e-18
398.0,0.45000003064658745,0.4499999892454302,49.93955921448604,49.879118428972085,49.829021909150384,49.82750794015839,49.82750794021011,49.825993971166405,49.82599397126984,3.339484478720639e-06,3.3394837369442696e-06,3.3394844787130673e-06,3.3394837369567117e-06,5.034575358764983e-24,0.0,0.0,0.45,0.4500000099460112,3.3326558224967844e-18
399.0,0.45000003064658745,0.4499999892454302,49.93955921448604,49.879118428972085,49.829021909150384,49.82750794015839,49.82750794021011,49.825993971166405,49.82599397126984,3.339484478720639e-06,3.3394837369442696e-06,3.3394844787130486e-06,3.3394837369567295e-06,1.3685394711738532e-23,0.0,0.0,0.45,0.4500000099460112,3.3326558224967844e-18
400.0,0.45000003064616745,0.4499999892458502,49.93955921448604,49.879118428972085,49.829021909150384,49.82750794015839,49.827507940210104,49.825993971166405,49.82599397126984,3.339484478720639e-06,3.3394837369593167e-06,3.3394844787130317e-06,3.339483736956745e-06,3.720075976020836e-23,0.0,0.0,0.45,0.4500000099460112,3.3326558224967844e-18
401.0,0.4500000306461675,0.4499999892458503,49.93955921448604,49.879118428972085,49.829021909150384,49.82750794015839,49.827507940210104,49.825993971166405,49.82599397126984,3.339484478720639e-06,3.3394837369593167e-06,3.3394844787130164e-06,3.3394837369567604e-06,1.0112214926104486e-22,0.0,0.0,0.45,0.4500000099460112,3.3326558224967844e-18
402.0,0.4500000306462314,0.44999998924675405,49.93955921448604,49.879118428972085,49.829021909150384,49.8275079401584,49.827507940210104,49.825993971166405,49.82599397126984,3.3394844787055913e-06,3.3394837369593167e-06,3.3394844787131007e-06,3.3394837369567528e-06,2.7487850079102147e-22,0.0,0.0,0.45,0.45000000994602257,3.3326558224967844e-18
403.0,0.4500000306453434,0.44999998924502616,49.939559214486046,49.879118428972085,49.829021909150384,49.82750794015839,49.827507940210104,49.825993971166405,49.82599397126984,3.339484478720639e-06,3.3394837369593167e-06,3.339484478713143e-06,3.3394837369567117e-06,7.47197233734299e-22,0.0,0.0,0.45,0.45000000994598965,3.332655822496785e-18
404.0,0.4500000306461471,0.44999998924582985,49.939559214486046,49.879118428972085,49.829021909150384,49.82750794015839,49.827507940210104,49.825993971166405,49.82599397126983,3.339484478720639e-06,3.3394837369593167e-06,3.339484478713166e-06,3.339483736956371e-06,2.031092662734811e-21,0.0,0.0,0.45,0.4500000099460111,3.332655822496785e-18
405.0,0.4500000306461591,0.4499999892466818,49.93955921448604,49.879118428972085,49.829021909150384,49.8275079401584,49.827507940210104,49.825993971166405,49.82599397126983,3.3394844787055913e-06,3.3394837369593167e-06,3.3394844787132163e-06,3.33948373695631e-06,5.5210822770285326e-21,0.0,0.0,0.45,0.45000000994602174,3.3326558224967844e-18
406.0,0.4500000306461709,0.44999998924585366,49.93955921448604,49.879118428972085,49.829021909150384,49.82750794015839,49.827507940210104,49.825993971166405,49.82599397126984,3.339484478720639e-06,3.3394837369593167e-06,3.339484478713222e-06,3.3394837369565986e-06,1.500785762707395e-20,0.0,0.0,0.45,0.4500000099460112,3.3326558224967844e-18
407.0,0.45000003064657706,0.44999998924541984,49.93955921448604,49.879118428972085,49.829021909150384,49.82750794015839,49.82750794021011,49.825993971166405,49.82599397126984,3.339484478720639e-06,3.3394837369442696e-06,3.3394844787131765e-06,3.33948373695664e-06,4.07955866717756e-20,0.0,0.0,0.45,0.4500000099460112,3.3326558224967844e-18
408.0,0.45000003064616173,0.4499999892458445,49.939559214486046,49.879118428972085,49.829021909150384,49.82750794015839,49.827507940210104,49.825993971166405,49.82599397126984,3.339484478720639e-06,3.3394837369593167e-06,3.3394844787131295e-06,3.3394837369566795e-06,1.1089390193121365e-19,0.0,0.0,0.45,0.4500000099460112,3.332655822496785e-18
409.0,0.4500000306457513,0.44999998924627393,49.939559214486046,49.879118428972085,49.829021909150384,49.8275079401584,49.827507940210104,49.825993971166405,49.82599397126983,3.3394844787055913e-06,3.3394837369593167e-06,3.3394844787131007e-06,3.339483736956404e-06,3.0144087850653744e-19,0.0,0.0,0.45,0.4500000099460112,3.332655822496785e-18
410.0,0.450000030645752,0.44999998924627466,49.939559214486046,49.879118428972085,49.829021909150384,49.8275079401584,49.827507940210104,49.825993971166405,49.82599397126983,3.3394844787055913e-06,3.3394837369593167e-06,3.339484478713107e-06,3.339483736956396e-06,8.194012623990515e-19,0.0,0.0,0.45,0.4500000099460112,3.332655822496785e-18
411.0,0.4500000306457476,0.44999998924627027,49.939559214486046,49.879118428972085,49.829021909150384,49.8275079401584,49.827507940210104,49.825993971166405,49.82599397126984,3.3394844787055913e-06,3.3394837369593167e-06,3.339484478713145e-06,3.3394837369566545e-06,2.2273635617957436e-18,0.0,0.0,0.45,0.4500000099460112,3.332655822496785e-18
412.0,0.4500000306461674,0.44999998924585016,49.939559214486046,49.879118428972085,49.829021909150384,49.8275079401584,49.82750794021011,49.825993971166405,49.82599397126984,3.3394844787055913e-06,3.3394837369442696e-06,3.339484478713179e-06,3.339483736956617e-06,6.054601895401186e-18,0.0,0.0,0.45,0.4500000099460112,3.332655822496785e-18
413.0,0.45000003064616745,0.4499999892458502,49.939559214486046,49.879118428972085,49.829021909150384,49.8275079401584,49.82750794021011,49.825993971166405,49.82599397126984,3.3394844787055913e-06,3.3394837369442696e-06,3.33948447871321e-06,3.3394837369565838e-06,1.6458114310822736e-17,0.0,0.0,0.45,0.4500000099460112,3.332655822496785e-18
414.0,0.45000003064574756,0.4499999892462702,49.93955921448604,49.879118428972085,49.829021909150384,49.8275079401584,49.827507940210104,49.825993971166405,49.82599397126984,3.3394844787055913e-06,3.3394837369593167e-06,3.3394844787132362e-06,3.3394837369565546e-06,4.473779306181121e-17,0.0,0.0,0.45,0.4500000099460112,3.3326558224967844e-18
415.0,0.4500000306461675,0.4499999892458503,49.93955921448604,49.879118428972085,49.829021909150384,49.82750794015839,49.827507940210104,49.825993971166405,49.82599397126983,3.339484478720639e-06,3.3394837369593167e-06,3.339484478713259e-06,3.339483736956231e-06,1.2160992992528255e-16,0.0,0.0,0.45,0.4500000099460112,3.3326558224967844e-18
416.0,0.4500000306460847,0.44999998924660733,49.93955921448604,49.879118428972085,49.829021909150384,49.8275079401584,49.827507940210104,49.825993971166405,49.82599397126983,3.3394844787055913e-06,3.3394837369593167e-06,3.3394844787132786e-06,3.3394837369562115e-06,3.305700626760734e-16,0.0,0.0,0.45,0.4500000099460109,3.3326558224967844e-18
417.0,0.4500000306460782,0.44999998924576096,49.93955921448604,49.879118428972085,49.829021909150384,49.82750794015839,49.827507940210104,49.825993971166405,49.82599397126983,3.339484478720639e-06,3.3394837369593167e-06,3.339484478713263e-06,3.3394837369562153e-06,8.98582594404938e-16,0.0,0.0,0.45,0.4500000099460098,3.3326558224967844e-18
418.0,0.45000003064616656,0.44999998924584933,49.93955921448604,49.879118428972085,49.829021909150384,49.82750794015839,49.827507940210104,49.825993971166405,49.82599397126984,3.339484478720639e-06,3.3394837369593167e-06,3.3394844787132405e-06,3.339483736956538e-06,2.4426007377405278e-15,0.0,0.0,0.45,0.4500000099460112,3.3326558224967844e-18
419.0,0.45000003064617555,0.4499999892458583,49.93955921448604,49.879118428972085,49.829021909150384,49.82750794015839,49.827507940210104,49.825993971166405,49.82599397126984,3.339484478720639e-06,3.3394837369593167e-06,3.339484478713275e-06,3.3394837369565054e-06,6.639677199580734e-15,0.0,0.0,0.45,0.4500000099460112,3.3326558224967844e-18
420.0,0.4500000306461714,0.44999998924585416,49.93955921448604,49.879118428972085,49.829021909150384,49.82750794015839,49.827507940210104,49.825993971166405,49.82599397126984,3.339484478720639e-06,3.3394837369593167e-06,3.339484478713259e-06,3.339483736956526e-06,1.8048513878454153e-14,0.0,0.0,0.45,0.4500000099460112,3.3326558224967844e-18
421.0,0.4500000306461643,0.44999998924584705,49.93955921448604,49.879118428972085,49.829021909150384,49.82750794015839,49.827507940210104,49.825993971166405,49.82599397126983,3.339484478720639e-06,3.3394837369593167e-06,3.3394844787130825e-06,3.3394837369564186e-06,4.90609473064928e-14,0.0,0.0,0.45,0.4500000099460112,3.3326558224967844e-18
422.0,0.45000003064574484,0.4499999892462675,49.939559214486046,49.879118428972085,49.829021909150384,49.8275079401584,49.827507940210104,49.825993971166405,49.82599397126983,3.3394844787055913e-06,3.3394837369593167e-06,3.3394844787126336e-06,3.3394837369568997e-06,1.3336148155022612e-13,0.0,0.0,0.45,0.4500000099460112,3.332655822496785e-18
423.0,0.45000003064616756,0.44999998924585033,49.939559214486046,49.879118428972085,49.829021909150384,49.82750794015839,49.827507940210104,49.825993971166405,49.82599397126983,3.339484478720639e-06,3.3394837369593167e-06,3.339484478712486e-06,3.339483736957053e-06,3.625140919143559e-13,0.0,0.0,0.45,0.4500000099460112,3.332655822496785e-18
424.0,0.4500000306461676,0.4499999892458504,49.939559214486046,49.879118428972085,49.829021909150384,49.82750794015839,49.827507940210104,49.825993971166405,49.82599397126984,3.339484478720639e-06,3.3394837369593167e-06,3.3394844787125794e-06,3.3394837369572517e-06,9.854154686111258e-13,0.0,0.0,0.45,0.4500000099460112,3.332655822496785e-18
425.0,0.4500000306461676,0.4499999892458504,49.939559214486046,49.879118428972085,49.829021909150384,49.82750794015839,49.827507940210104,49.825993971166405,49.82599397126984,3.339484478720639e-06,3.3394837369593167e-06,3.3394844787126975e-06,3.3394837369571246e-06,2.6786369618080782e-12,0.0,0.0,0.45,0.4500000099460112,3.332655822496785e-18
426.0,0.4500000306457476,0.44999998924627027,49.939559214486046,49.879118428972085,49.829021909150384,49.8275079401584,49.827507940210104,49.825993971166405,49.82599397126983,3.3394844787055913e-06,3.3394837369593167e-06,3.3394844787127954e-06,3.339483736956721e-06,7.281290178321644e-12,0.0,0.0,0.45,0.4500000099460112,3.332655822496785e-18
427.0,0.4500000306457475,0.44999998924627016,49.939559214486046,49.879118428972085,49.829021909150384,49.8275079401584,49.827507940210104,49.825993971166405,49.82599397126983,3.3394844787055913e-06,3.3394837369593167e-06,3.339484478712825e-06,3.339483736956687e-06,1.9792598779469046e-11,0.0,0.0,0.45,0.4500000099460112,3.332655822496785e-18
428.0,0.45000003064574756,0.4499999892462702,49.939559214486046,49.879118428972085,49.829021909150384,49.8275079401584,49.827507940210104,49.825993971166405,49.82599397126984,3.3394844787055913e-06,3.3394837369593167e-06,3.339484478712884e-06,3.339483736956924e-06,5.380186160021139e-11,0.0,0.0,0.45,0.4500000099460112,3.332655822496785e-18
429.0,0.45000003064574756,0.4499999892462702,49.939559214486046,49.879118428972085,49.829021909150384,49.8275079401584,49.827507940210104,49.825993971166405,49.82599397126984,3.3394844787055913e-06,3.3394837369593167e-06,3.3394844787129495e-06,3.3394837369568536e-06,1.462486227251231e-10,0.0,0.0,0.45,0.4500000099460112,3.332655822496785e-18
430.0,0.45000003064574756,0.4499999892462702,49.939559214486046,49.879118428972085,49.829021909150384,49.8275079401584,49.827507940210104,49.825993971166405,49.82599397126983,3.3394844787055913e-06,3.3394837369593167e-06,3.3394844787130025e-06,3.339483736956498e-06,3.975449735908647e-10,0.0,0.0,0.45,0.4500000099460112,3.332655822496785e-18
431.0,0.4500000306465875,0.4499999892454303,49.93955921448604,49.879118428972085,49.829021909150384,49.82750794015839,49.82750794021011,49.825993971166405,49.82599397126983,3.339484478720639e-06,3.3394837369442696e-06,3.339484478713061e-06,3.339483736956437e-06,1.0806392777072785e-09,0.0,0.0,0.45,0.4500000099460112,3.3326558224967844e-18
432.0,0.4500000306461675,0.4499999892458503,49.93955921448604,49.879118428972085,49.829021909150384,49.82750794015839,49.827507940210104,49.825993971166405,49.82599397126983,3.339484478720639e-06,3.3394837369593167e-06,3.3394844787131363e-06,3.3394837369563564e-06,2.937482111710803e-09,0.0,0.0,0.45,0.4500000099460112,3.3326558224967844e-18
433.0,0.4500000306461675,0.4499999892458503,49.939559214486046,49.879118428972085,49.829021909150384,49.82750794015839,49.827507940210104,49.825993971166405,49.82599397126984,3.339484478720639e-06,3.3394837369593167e-06,3.3394844787131206e-06,3.3394837369566706e-06,7.98490424568698e-09,0.0,0.0,0.45,0.4500000099460112,3.332655822496785e-18
434.0,0.4500000306461675,0.4499999892458503,49.939559214486046,49.879118428972085,49.829021909150384,49.82750794015839,49.827507940210104,49.825993971166405,49.82599397126984,3.339484478720639e-06,3.3394837369593167e-06,3.339484478713117e-06,3.3394837369566736e-06,2.1705220113036393e-08,0.0,0.0,0.45,0.4500000099460112,3.332655822496785e-18
435.0,0.45000003064574756,0.4499999892462702,49.939559214486046,49.879118428972085,49.829021909150384,49.8275079401584,49.827507940210104,49.825993971166405,49.82599397126984,3.3394844787055913e-06,3.3394837369593167e-06,3.3394844787131477e-06,3.3394837369566414e-06,5.9000905415970614e-08,0.0,0.0,0.45,0.4500000099460112,3.332655822496785e-18
436.0,0.45000003064574756,0.4499999892462702,49.93955921448604,49.879118428972085,49.829021909150384,49.8275079401584,49.827507940210104,49.825993971166405,49.82599397126983,3.3394844787055913e-06,3.3394837369593167e-06,3.339484478713182e-06,3.3394837369563043e-06,1.603810890548638e-07,0.0,0.0,0.45,0.4500000099460112,3.3326558224967844e-18
437.0,0.45000003064574756,0.4499999892462702,49.93955921448604,49.879118428972085,49.829021909150384,49.8275079401584,49.827507940210104,49.825993971166405,49.82599397126984,3.3394844787055913e-06,3.3394837369593167e-06,3.3394844787131867e-06,3.3394837369566003e-06,4.359610000063081e-07,0.0,0.0,0.45,0.4500000099460112,3.3326558224967844e-18
438.0,0.4500000306457476,0.44999998924627027,49.939559214486046,49.879118428972085,49.829021909150384,49.8275079401584,49.827507940210104,49.825993971166405,49.82599397126984,3.3394844787055913e-06,3.3394837369593167e-06,3.3394844787131854e-06,3.339483736956603e-06,1.1850648642339811e-06,0.0,0.0,0.45,0.4500000099460112,3.332655822496785e-18
439.0,0.45000003064574756,0.4499999892462702,49.939559214486046,49.879118428972085,49.829021909150384,49.8275079401584,49.827507940210104,49.825993971166405,49.82599397126984,3.3394844787055913e-06,3.3394837369593167e-06,3.3394844787132384e-06,3.3394837369565486e-06,3.2213402859925162e-06,0.0,0.0,0.45,0.4500000099460112,3.332655822496785e-18
440.0,0.4500000306457475,0.44999998924627016,49.939559214486046,49.879118428972085,49.829021909150384,49.8275079401584,49.827507940210104,49.825993971166405,49.82599397126984,3.3394844787055913e-06,3.3394837369593167e-06,3.3394844787133176e-06,3.339483736956468e-06,8.75651076269652e-06,0.0,0.0,0.45,0.4500000099460112,3.332655822496785e-18
441.0,0.4500000306457475,0.44999998924627016,49.93955921448604,49.879118428972085,49.829021909150384,49.8275079401584,49.827507940210104,49.825993971166405,49.82599397126984,3.3394844787055913e-06,3.3394837369593167e-06,3.3394844787133925e-06,3.339483736956393e-06,2.3802664086944005e-05,0.0,0.0,0.45,0.4500000099460112,3.3326558224967844e-18
442.0,0.4500000306457475,0.44999998924627016,49.939559214486046,49.879118428972085,49.829021909150384,49.8275079401584,49.827507940210104,49.825993971166405,49.82599397126983,3.3394844787055913e-06,3.3394837369593167e-06,3.339484478713431e-06,3.3394837369560514e-06,6.47023492564546e-05,0.0,0.0,0.45,0.4500000099460112,3.332655822496785e-18
443.0,0.45000003064616756,0.44999998924585033,49.939559214486046,49.879118428972085,49.829021909150384,49.8275079401584,49.82750794021011,49.825993971166405,49.82599397126984,3.3394844787055913e-06,3.3394837369442696e-06,3.339484478713433e-06,3.339483736956349e-06,0.00017587922024243116,0.0,0.0,0.45,0.4500000099460112,3.332655822496785e-18
444.0,0.45000003064616756,0.44999998924585033,49.939559214486046,49.879118428972085,49.829021909150384,49.8275079401584,49.82750794021011,49.825993971166405,49.82599397126984,3.3394844787055913e-06,3.3394837369442696e-06,3.3394844787134217e-06,3.3394837369563606e-06,0.00047808928838854694,0.0,0.0,0.45,0.4500000099460112,3.332655822496785e-18
445.0,0.45000003064574756,0.4499999892462702,49.93955921448604,49.879118428972085,49.829021909150384,49.8275079401584,49.827507940210104,49.825993971166405,49.82599397126983,3.3394844787055913e-06,3.3394837369593167e-06,3.339484478713405e-06,3.339483736956076e-06,0.001299581425007503,0.0,0.0,0.45,0.4500000099460112,3.3326558224967844e-18
446.0,0.45000003064574756,0.4499999892462702,49.93955921448604,49.879118428972085,49.829021909150384,49.8275079401584,49.827507940210104,49.825993971166405,49.82599397126983,3.3394844787055913e-06,3.3394837369593167e-06,3.339484478713405e-06,3.339483736956076e-06,0.003532628572200807,0.0,0.0,0.45,0.4500000099460112,3.3326558224967844e-18
447.0,0.45000003064574756,0.4499999892462702,49.93955921448604,49.879118428972085,49.829021909150384,49.8275079401584,49.827507940210104,49.825993971166405,49.82599397126983,3.339484478705591e-06,3.3394837369593167e-06,3.339484478713433e-06,3.339483736956048e-06,0.009602680054508676,0.0,0.0,0.45,0.4500000099460112,3.3326558224967844e-18
448.0,0.4500000306461675,0.4499999892458503,49.939559214486046,49.879118428972085,49.829021909150384,49.82750794015839,49.827507940210104,49.825993971166405,49.82599397126984,3.3394844787206376e-06,3.3394837369593167e-06,3.3394844787133815e-06,3.3394837369563996e-06,0.026102790696677047,0.0,0.0,0.45,0.4500000099460112,3.332655822496785e-18
449.0,0.4500000306465875,0.4499999892454303,49.939559214486046,49.879118428972085,49.829021909150384,49.82750794015839,49.82750794021011,49.825993971166405,49.82599397126984,3.3394844787206368e-06,3.3394837369442696e-06,3.3394844787133324e-06,3.3394837369564466e-06,0.07095474162284704,0.0,0.0,0.45,0.4500000099460112,3.332655822496785e-18
450.0,0.45000003064616745,0.44999998924585033,49.93955921448604,49.879118428972085,49.829021909150384,49.8275079401584,49.82750794021011,49.825993971166405,49.82599397126984,3.3394844787055863e-06,3.3394837369442696e-06,3.3394844787133243e-06,3.3394837369564567e-06,0.19287498479639179,0.0,0.0,0.45,0.4500000099460112,3.3326558224967844e-18
451.0,0.4500000306461671,0.44999998924585066,49.93955921448604,49.879118428972085,49.829021909150384,49.8275079401584,49.82750794021011,49.825993971166405,49.82599397126984,3.339484478705577e-06,3.3394837369442696e-06,3.3394844787133324e-06,3.3394837369564466e-06,0.5242885663363464,0.0,0.0,0.45,0.4500000099460112,3.3326558224967844e-18
452.0,0.4500000306457465,0.44999998924627127,49.93955921448604,49.879118428972085,49.829021909150384,49.8275079401584,49.827507940210104,49.825993971166405,49.82599397126984,3.339484478705552e-06,3.3394837369593167e-06,3.3394844787133455e-06,3.3394837369564326e-06,1.425164082740935,0.0,0.0,0.45,0.4500000099460112,3.3326558224967844e-18
453.0,0.4500000306457447,0.4499999892462731,49.939559214486046,49.879118428972085,49.829021909150384,49.8275079401584,49.827507940210104,49.825993971166405,49.82599397126984,3.3394844787054846e-06,3.3394837369593167e-06,3.339484478713355e-06,3.3394837369564224e-06,3.873997628687187,0.0,0.0,0.45,0.4500000099460112,3.332655822496785e-18
454.0,0.45000003064615945,0.4499999892458583,49.93955921448604,49.879118428972085,49.829021909150384,49.8275079401584,49.82750794021011,49.825993971166405,49.82599397126984,3.3394844787053004e-06,3.3394837369442696e-06,3.339484478713355e-06,3.3394837369564224e-06,10.530617357553814,0.0,0.0,0.45,0.4500000099460112,3.3326558224967844e-18
455.0,0.4500000306465655,0.44999998924545226,49.93955921448604,49.879118428972085,49.829021909150384,49.82750794015839,49.82750794021011,49.825993971166405,49.82599397126983,3.339484478719848e-06,3.3394837369442696e-06,3.33948447871335e-06,3.3394837369561277e-06,28.62518580549394,0.0,0.0,0.45,0.4500000099460112,3.3326558224967844e-18
456.0,0.45000003064652744,0.44999998924549034,49.93955921448604,49.879118428972085,49.829021909150384,49.82750794015839,49.82750794021011,49.825993971166405,49.82599397126983,3.339484478718489e-06,3.3394837369442696e-06,3.3394844787133506e-06,3.3394837369561277e-06,77.81132241133797,0.0,0.0,0.45,0.4500000099460112,3.3326558224967844e-18
457.0,0.4500000306460046,0.4499999892460133,49.93955921448604,49.87911842897209,49.82902190915039,49.82750794015839,49.827507940210104,49.8259939711664,49.82599397126984,3.339484478729843e-06,3.3394837369743643e-06,3.3394844787130694e-06,3.3394837369564097e-06,211.51310375910805,0.0,0.0,0.45,0.4500000099460112,3.3326558224967844e-18
458.0,0.4500000306461444,0.4499999892458736,49.939559214486046,49.879118428972085,49.82902190915039,49.82750794015839,49.82750794021011,49.82599397116639,49.82599397126984,3.339484478719803e-06,3.3394837369593167e-06,3.339484478712782e-06,3.339483736956395e-06,574.952226429356,0.0,0.0,0.45,0.4500000099460112,3.332655822496785e-18
459.0,0.45000003064496286,0.44999998924705503,49.939559214486046,49.879118428972085,49.829021909150384,49.8275079401584,49.82750794021011,49.8259939711664,49.82599397126984,3.3394844786624164e-06,3.3394837369442696e-06,3.3394844787130634e-06,3.339483736956415e-06,1562.8821893349889,0.0,0.0,0.45,0.4500000099460112,3.332655822496785e-18
460.0,0.450000030645412,0.4499999892466059,49.93955921448605,49.879118428972106,49.829021909150406,49.827507940158384,49.82750794021014,49.825993971166355,49.82599397126986,3.3394844786785125e-06,3.3394837369442696e-06,3.3394844787109116e-06,3.3394837369573673e-06,4248.354255291589,0.0,0.0,0.45,0.4500000099460112,3.3326558224967856e-18
461.0,0.4500000306469229,0.4499999892450949,49.93955921448609,49.87911842897217,49.82902190915049,49.82750794015835,49.827507940210225,49.825993971166206,49.825993971269945,3.3394844787326557e-06,3.3394837369442696e-06,3.339484478704219e-06,3.3394837369610625e-06,11548.224173015786,0.0,0.0,0.45,0.4500000099460112,3.332655822496788e-18
462.0,0.45000003064674227,0.4499999892452755,49.93955921448615,49.87911842897229,49.82902190915067,49.82750794015828,49.827507940210396,49.82599397116588,49.82599397127011,3.339484478741233e-06,3.3394837369593167e-06,3.3394844786899843e-06,3.339483736968401e-06,31391.327920480297,0.0,0.0,0.45,0.4500000099460112,3.3326558224967918e-18
463.0,0.450000030644793,0.44999998924922785,49.93955921448634,49.879118428972674,49.829021909151216,49.82750794015818,49.82750794021093,49.825993971165154,49.825993971270634,3.339484478665591e-06,3.339483736989412e-06,3.3394844786576544e-06,3.3394837369920334e-06,85330.47625744065,0.0,0.0,0.45,0.4500000099460738,3.3326558224968045e-18
464.0,0.45000003062827315,0.4499999892597369,49.93955921448675,49.87911842897351,49.82902190915232,49.82750794015763,49.827507940211994,49.825993971162966,49.82599397127169,3.339484478256556e-06,3.3394837370646487e-06,3.339484478560861e-06,3.3394837370390204e-06,231952.2830243569,0.0,0.0,0.45,0.45000000994598516,3.332655822496833e-18
465.0,0.4500000306408815,0.44999998927546586,49.93955921448802,49.87911842897605,49.82902190915591,49.8275079401562,49.82750794021553,49.82599397115649,49.825993971275146,3.339484478336073e-06,3.3394837372000744e-06,3.339484478275605e-06,3.3394837371928602e-06,630511.6760146986,0.0,0.0,0.45,0.4500000099462499,3.3326558224969193e-18
466.0,0.45000003064185695,0.44999998934447655,49.93955921449145,49.87911842898289,49.829021909165434,49.827507940152515,49.82750794022486,49.825993971139596,49.825993971284305,3.3394844775233756e-06,3.3394837376063538e-06,3.3394844775331677e-06,3.3394837376052014e-06,1713908.43154201,0.0,0.0,0.45,0.450000009946916,3.3326558224971527e-18
467.0,0.4500000305082796,0.44999998937860625,49.93955921450014,49.87911842900028,49.829021909190246,49.82750794014134,49.827507940249205,49.82599397109243,49.82599397130815,3.339484475571919e-06,3.33948373865967e-06,3.3394844754450015e-06,3.3394837386668407e-06,4658886.145103375,0.0,0.0,0.45,0.45000000994595213,3.3326558224977447e-18
468.0,0.45000003014511425,0.44999998974686406,49.939559214523854,49.879118429047715,49.829021909257364,49.82750794011283,49.827507940315016,49.8259939709683,49.82599397137266,3.3394844653412004e-06,3.3394837415337186e-06,3.3394844699584655e-06,3.3394837415315138e-06,12664165.549094016,0.0,0.0,0.45,0.4500000099460108,3.3326558224993594e-18
469.0,0.45000002982579845,0.449999990092134,49.93955921459103,49.87911842918206,49.82902190944738,49.827507940032035,49.827507940501356,49.82599397061669,49.82599397155533,3.339484461529438e-06,3.3394837496292055e-06,3.339484454411762e-06,3.3394837496550315e-06,34424771.08469858,0.0,0.0,0.45,0.4500000099462911,3.3326558225039335e-18
470.0,0.450000027866439,0.44999999202565033,49.93955921476939,49.87911842953877,49.829021909951905,49.827507939817586,49.82750794099611,49.82599396968326,49.8259939720403,3.3394844133594825e-06,3.3394837712071403e-06,3.339484413136776e-06,3.3394837712223466e-06,93576229.68839298,0.0,0.0,0.45,0.4500000099460118,3.3326558225160788e-18
471.0,0.4500000230700042,0.44999999682204767,49.9395592152562,49.879118430512406,49.82902191132906,49.8275079392322,49.82750794234656,49.82599396713535,49.82599397336406,3.339484300382022e-06,3.339483830102563e-06,3.339484300475339e-06,3.3394838300882633e-06,254366564.7376276,0.0,0.0,0.45,0.45000000994601125,3.332655822549228e-18
472.0,0.45000001005848944,0.4500000098335506,49.93955921657962,49.879118433159235,49.82902191507278,49.827507937640796,49.82750794601774,49.8259939602088,49.8259939769627,3.3394839941314774e-06,3.3394839901012926e-06,3.3394839942046623e-06,3.3394839901161423e-06,691440010.6935422,0.0,0.0,0.45,0.4500000099460107,3.3326558226393445e-18
473.0,0.4500000452047513,0.4499999746874595,49.939559220176996,49.879118440354,49.829021925249265,49.827507933314905,49.827507955997014,49.825993941380545,49.825993986744756,3.339483161676588e-06,3.3394844251208806e-06,3.339483161677954e-06,3.3394844251154757e-06,1879528816.5355506,0.0,0.0,0.45,0.4500000099460112,3.3326558228843047e-18
474.0,0.4500001413359482,0.44999987855645474,49.93955922995576,49.87911845991154,49.82902195291197,49.82750792155584,49.827507983123645,49.825993890199705,49.82599401333532,3.3394808994215194e-06,3.3394856075886857e-06,3.3394808986209924e-06,3.3394856075744763e-06,5109089028.037222,0.0,0.0,0.45,0.45000000994601125,3.33265582355018e-18
475.0,0.450000402725829,0.4499996171660304,49.9395592565368,49.87911851307364,49.82902202810588,49.82750788959184,49.82750805686038,49.82599375107782,49.82599408561488,3.339474747087866e-06,3.3394888217980956e-06,3.339474747085721e-06,3.33948882178477e-06,13887943864.771145,0.0,0.0,0.45,0.450000009946011,3.33265582536019e-18
476.0,0.4500011131929498,0.44999890669018555,49.939559328791304,49.87911865758269,49.829022232503384,49.82750780270499,49.82750825729686,49.825993372906616,49.825994282090356,3.3394580255202926e-06,3.3394975589204895e-06,3.3394580255379435e-06,3.339497558882155e-06,37751345441.365814,0.0,0.0,0.45,0.45000000994601186,3.3326558302802893e-18
477.0,0.4500030443867975,0.4499969754177067,49.939559525195726,49.87911905039164,49.829022788102975,49.827507566526386,49.827508802129536,49.8259923449498,49.82599481615609,3.339412572423203e-06,3.33952130838678e-06,3.339412572505534e-06,3.339521308336982e-06,102618796306.48828,0.0,0.0,0.45,0.45000000994601114,3.332655843654256e-18
478.0,0.45000829351269284,0.44999172567363255,49.93956005905112,49.87912011810275,49.8290242983024,49.82750692455842,49.82751028306287,49.82598955081445,49.82599626782337,3.3392890244034705e-06,3.339585862961247e-06,3.3392890246048454e-06,3.339585862799343e-06,278946809209.0811,0.0,0.0,0.45,0.4500000099460111,3.332655880006616e-18
479.0,0.4500225591338066,0.44997745538424844,49.939561510019786,49.87912302004099,49.829028402882194,49.827505179745486,49.82751430810013,49.82598195660877,49.82600021331806,3.33895323208749e-06,3.3397613163825028e-06,3.338953232784152e-06,3.33976131600855e-06,758256042216.2385,0.0,0.0,0.45,0.4500000099460111,3.3326559788089072e-18
480.0,0.45006131506890457,0.44993866469529203,49.93956545267909,49.87913090536204,49.82903955609317,49.82750043860203,49.82752524517242,49.825961321110874,49.8260109342517,3.3380407952161983e-06,3.340238070960925e-06,3.338040797130504e-06,3.3402380699497227e-06,2061153618190.2036,0.0,0.0,0.45,0.4500000099460113,3.332656247280432e-18
481.0,0.4501665019612069,0.44983322057482944,49.93957615899637,49.87915231800317,49.82906984271089,49.82748756375341,49.827554944857624,49.8259052847959,49.82604004700445,3.335563052774838e-06,3.3415327154512927e-06,3.3355630578663275e-06,3.341532712660123e-06,5602796406145.94,0.0,0.0,0.45,0.45000000994601125,3.3326569763166224e-18
482.0,0.45045123186059194,0.44954659436389127,49.93960518117919,49.8792103623866,49.82915194225381,49.82745266143283,49.82763545332395,49.82575338061177,49.8261189643943,3.3288463998181695e-06,3.3450422817940283e-06,3.328846413601806e-06,3.345042274284664e-06,15229979512760.35,0.0,0.0,0.45,0.4500000099460112,3.3326589525537424e-18
483.0,0.4512164412251552,0.4487674948875981,49.93968348094542,49.879366961966745,49.82937344092693,49.82735848441919,49.82785265903925,49.82534352791116,49.82633187715211,3.310724586930477e-06,3.354511606044887e-06,3.3107246233590996e-06,3.354511585867291e-06,41399375473943.305,0.0,0.0,0.45,0.45000000994601175,3.33266428429965e-18
484.0,0.45323335186966135,0.4466504322616196,49.93989205296744,49.879784106135226,49.82996346089385,49.82710752522179,49.82843124109439,49.82425158954855,49.82689902129632,3.262446879420688e-06,3.3797411331437873e-06,3.2624469774770447e-06,3.379741079911561e-06,112535162055095.0,0.0,0.0,0.45,0.4500000099460114,3.3326784868072486e-18
485.0,0.45828011938224644,0.44091065783571526,49.94042928114672,49.88085856279707,49.831483201355596,49.826460472153855,49.829921503462735,49.821437742946756,49.82835980557337,3.1380584590849153e-06,3.4447633478586176e-06,3.1380587054410197e-06,3.4447632140286943e-06,305902226925624.75,0.0,0.0,0.45,0.4500000099460115,3.3327150688340454e-18
486.0,0.469304298364023,0.42556626830530153,49.94170105124488,49.88340210361246,49.8350808538619,49.8249247557494,49.8334492716513,49.814768657610095,49.83181768944848,2.843372527302145e-06,3.598912839544459e-06,2.8433730774455205e-06,3.5989125412578034e-06,831528027664132.1,0.0,0.0,0.45,0.4500000099460105,3.3328016687735194e-18
487.0,0.4864410303304166,0.3872304071111226,49.94419199793294,49.888383997797874,49.842127378200054,49.82189844940862,49.84035847143779,49.80166952050086,49.83858956468894,2.2652038253307377e-06,3.901820709551893e-06,2.265204775854801e-06,3.901820196332349e-06,2260324297903574.5,0.0,0.0,0.45,0.45000000994601147,3.3329712873490245e-18
488.0,0.49740468406598565,0.3094709572129851,49.947655102451044,49.8953102070724,49.851923992193655,49.81764227061105,49.84996310415183,49.78336054867958,49.84800221612506,1.4590470303485094e-06,4.3252893447711e-06,1.4590481052109079e-06,4.325288768409432e-06,6144174602214718.0,0.0,0.0,0.45,0.4500000099460472,3.3332071040599972e-18
489.0,0.4898562324612413,0.19733830246979162,49.950727824879436,49.90145565128112,49.86061626983896,49.81381283952763,49.85848417946655,49.767009408551424,49.8563520891047,7.41863444415985e-07,4.7029241716738766e-06,7.418642028786849e-07,4.702923767456813e-06,1.6701421848095182e+16,0.0,0.0,0.45,0.45000000994601075,3.3334163380848462e-18
490.0,0.4743720219348414,0.07211856534768807,49.95254905596977,49.90509811270378,49.86576826224145,49.81153400318767,49.86353511401145,49.75729974323885,49.86130196578674,3.176985058777609e-07,4.925835661447762e-06,3.1769883728804987e-07,4.925835456027585e-06,4.539786870243439e+16,0.0,0.0,0.45,0.45000000994602074,3.3335403530325316e-18
491.0,0.4611423016651098,5.137362268857601e-10,49.953392338240825,49.90678467681065,49.86815378233495,49.8105083187157,49.86587526790879,49.75286285411763,49.86359675348492,1.244444783199073e-07,5.025903549399052e-06,1.244446364672203e-07,5.0259034617639985e-06,1.2339457598623173e+17,0.0,0.0,0.45,0.45000000994601197,3.333597775513009e-18
492.0,0.4541699665617246,1.3519688397032879e-09,49.95374799634608,49.90749599282927,49.86915988617836,49.81011999280801,49.86686404642721,49.75108009850798,49.86456820667702,4.692695536085427e-08,5.064119419935601e-06,4.6927016368602076e-08,5.06411938321012e-06,3.353501304664781e+17,0.0,0.0,0.45,0.45000000994601563,3.333621993703414e-18
493.0,0.4515456813224998,3.626305816852815e-09,49.95389794728617,49.90779589463179,49.869584075079494,49.80999276523955,49.86728237887112,49.750401454667944,49.86498068266313,1.7438709542340004e-08,5.0770374813083934e-06,1.7438732376680328e-08,5.077037465265526e-06,9.110511944006454e+17,0.0,0.0,0.45,0.4500000099460113,3.3336322044658425e-18
494.0,0.4505712950262688,9.790180986202604e-09,49.95396552589111,49.907931051810664,49.86977524491193,49.80996186861585,49.86747195238519,49.75014849204851,49.865168659858654,6.449870122432797e-09,5.0805586098126944e-06,6.449878545263959e-09,5.080558602029423e-06,2.4726231566347745e+18,0.0,0.0,0.45,0.4500000099460108,3.333636806164771e-18
495.0,0.4502113982053181,2.6437238497736965e-08,49.95399979711864,49.90799959425286,49.869872193131705,49.80996357106298,49.86756877546349,49.75005494971985,49.86526535779538,2.386723727531265e-09,5.080834644487493e-06,2.3867267880999286e-09,5.080834640171359e-06,6.692850924284855e+18,0.0,0.0,0.45,0.4500000099460109,3.33363913983045e-18
496.0,0.4500800876052771,0.6312539308756251,49.954019783607635,49.90803956722504,49.86992873195021,49.80997459622915,49.867625636469675,49.75002046330674,49.86532254098918,8.88808879469032e-10,5.080123969072769e-06,8.888099730784427e-10,5.080123966354189e-06,1.7986209962091559e+19,0.0,0.0,0.45,0.4500000099460139,3.333640500790847e-18
497.0,0.4500305345793982,0.630739108835962,49.95403295257129,49.90806590514935,49.86996598500152,49.80998687090653,49.867663299189296,49.75000776397893,49.865360613377106,3.372216274039961e-10,5.079220330540388e-06,3.3722200695902393e-10,5.079220328641913e-06,4.742587317756678e+19,0.0,0.0,0.45,0.45000000994601214,3.333641397518531e-18
498.0,0.45001214036275006,0.630479786111629,49.954042395130735,49.908084790266464,49.869992696607426,49.809997885493935,49.86769039180439,49.75000308978021,49.86538808700138,1.3420174539607561e-10,5.078379907757403e-06,1.3420186501475413e-10,5.078379906339604e-06,1.1920292202211756e+20,0.0,0.0,0.45,0.4500000099460117,3.33364204050037e-18
499.0,0.45000537035173366,0.6303393374617142,49.95404950286112,49.908099005726044,49.870012803327285,49.81000707232082,49.86771082073471,49.75000136973389,49.86540883814216,5.949310770058515e-11,5.077669182099496e-06,5.949314374545092e-11,5.077669181005531e-06,2.6894142136999513e+20,0.0,0.0,0.45,0.45000000994601125,3.33364252449431e-18
500.0,0.45000287904625647,0.6302460154318371,49.95405499011194,49.90810998022686,49.87002832594993,49.810014510189745,49.86772660579321,49.75000073685548,49.86542488563652,3.200464004141087e-11,5.077090306093546e-06,3.2004637969403166e-11,5.0770903052427985e-06,5e+20,0.0,0.0,0.45,0.4500000099460114,3.3336428981432817e-18
501.0,0.45000196241914026,0.6301828242655511,49.95405927938494,49.908118558772216,49.870040459670214,49.81002045713107,49.86773894981078,49.750000504016604,49.865437439951364,2.1891502785871706e-11,5.076626436370974e-06,2.1891492580961495e-11,5.0766264356993876e-06,7.310585786300048e+20,0.0,0.0,0.45,0.45000000994601097,3.3336431902171267e-18
502.0,0.4500016252416468,0.6301311095420463,49.95406265226135,49.90812530452455,49.87005000103982,49.810025186068145,49.86774865846672,49.7500004183656,49.86544731589361,1.817133022673652e-11,5.0762574393796015e-06,1.8171318517455642e-11,5.076257438856736e-06,8.807970779778823e+20,0.0,0.0,0.45,0.4500000099460108,3.333643419889843e-18
503.0,0.45000150126269134,0.6300954251984486,49.95406531201254,49.908130624026526,49.87005752508339,49.81002893572712,49.86775631513707,49.75000038686586,49.865455105190755,1.6803165967218537e-11,5.075964893747768e-06,1.680315470214157e-11,5.0759648933385055e-06,9.525741268224334e+20,0.0,0.0,0.45,0.4500000099460116,3.3336436010029955e-18
504.0,0.4500014557133198,0.6300669557142906,49.954067412199265,49.908134824399674,49.87006346620169,49.810031904227706,49.8677623612416,49.75000037528673,49.86546125628152,1.63002332583672e-11,5.075733317126842e-06,1.6300224720722734e-11,5.0757333168105145e-06,9.820137900379084e+20,0.0,0.0,0.45,0.45000000994601164,3.333643744013154e-18
505.0,0.4500014390069624,0.6300456297252747,49.95406907158194,49.90813814316478,49.87006816035041,49.810034252479745,49.867767138437614,49.75000037103449,49.86546611652482,1.611553827740606e-11,5.075550132996721e-06,1.611553105485646e-11,5.075550132745004e-06,9.933071490757152e+20,0.0,0.0,0.45,0.4500000099460112,3.3336438570071926e-18
506.0,0.45000143290182554,0.6300243200205102,49.95407038306846,49.90814076613764,49.87007187035225,49.81003610942261,49.867770914111034,49.75000036947624,49.865469957869834,1.6047853792292196e-11,5.0754052758829085e-06,1.604784816579531e-11,5.075405275655703e-06,9.975273768433653e+20,0.0,0.0,0.45,0.4500000099460108,3.333643946311583e-18
507.0,0.45000143068840653,0.6300101169505326,49.954071419744174,49.908142839488924,49.87007480295486,49.81003757762347,49.86777389863739,49.75000036890783,49.86547299431991,1.602316189509912e-11,5.075290743486485e-06,1.6023158123073396e-11,5.075290743322509e-06,9.990889488055994e+20,0.0,0.0,0.45,0.4500000099460108,3.3336440169030006e-18
508.0,0.4500014298998643,0.6299994662883253,49.954072239248134,49.908144478496716,49.87007712121061,49.81003873838467,49.86777625794424,49.75000036870253,49.865475394677894,1.6014242992850466e-11,5.07520019374551e-06,1.6014239727357845e-11,5.075200193610696e-06,9.996646498695336e+20,0.0,0.0,0.45,0.45000000994601197,3.33364407270632e-18
509.0,0.4500014296299085,0.6299923664049212,49.9540728871004,49.90814577420116,49.87007895388907,49.81003965606288,49.8677781230771,49.75000036863003,49.86547729226513,1.6011092276022957e-11,5.075128606449676e-06,1.6011089364474758e-11,5.075128606362466e-06,9.998766054240137e+20,0.0,0.0,0.45,0.4500000099460069,3.333644116821186e-18
510.0,0.45000142954704414,0.6299852669434545,49.954073399262214,49.90814679852472,49.870080402719246,49.810040381553854,49.867779597564855,49.750000368605775,49.86547879241047,1.6010036289792022e-11,5.0750720114546374e-06,1.6010034124392088e-11,5.075072011385447e-06,9.999546021312975e+20,0.0,0.0,0.45,0.45000000994601164,3.3336441516963426e-18
511.0,0.45000142952913724,0.6299781677329298,49.9540738041581,49.908147608316405,49.870081548109944,49.81004095510607,49.86778076323971,49.750000368598755,49.86547997836947,1.6009729330846654e-11,5.07502726906558e-06,1.6009727629131795e-11,5.075027268995801e-06,9.99983298578152e+20,0.0,0.0,0.45,0.4500000099460097,3.3336441792673317e-18
512.0,0.450001429532767,0.6299746182052827,49.9540741242552,49.908148248510564,49.87008245361741,49.81004140853952,49.867781684783246,49.75000036859769,49.865480915949064,1.600968085470539e-11,5.074991896992422e-06,1.600967950560764e-11,5.074991896969135e-06,9.999938558253978e+20,0.0,0.0,0.45,0.45000000994601164,3.3336442010640303e-18
513.0,0.45000142954195765,0.6299710687254187,49.95407437731384,49.90814875462782,49.87008316948296,49.8100417670105,49.86778241332643,49.75000036859849,49.86548165716989,1.6009713972690992e-11,5.074963932922144e-06,1.6009712863973503e-11,5.074963932892075e-06,9.999977396757021e+20,0.0,0.0,0.45,0.45000000994601075,3.3336442182958105e-18
514.0,0.45000142955176786,0.62996751928642,49.95407457737539,49.90814915475088,49.87008373542756,49.810042050408626,49.86778298929363,49.75000036859975,49.865482243159704,1.6009766437431967e-11,5.074941825244756e-06,1.6009765777978202e-11,5.074941825197626e-06,9.999991684719722e+20,0.0,0.0,0.45,0.4500000099460133,3.3336442319188055e-18
515.0,0.45000142956032424,0.6299675192983983,49.95407473553833,49.90814947107674,49.87008418284717,49.810042274455164,49.86778344463687,49.75000036860096,49.86548270642654,1.6009817583386022e-11,5.074924347478883e-06,1.6009816617884183e-11,5.07492434747663e-06,9.99999694097773e+20,0.0,0.0,0.45,0.45000000994601225,3.3336442426887563e-18
516.0,0.45000142956731914,0.6299639698954553,49.954074860577855,49.908149721155766,49.87008453656554,49.810042451580614,49.86778380461942,49.75000036860201,49.8654830726733,1.6009861575054397e-11,5.074910530046969e-06,1.600986093922776e-11,5.074910530039658e-06,9.99999887464838e+20,0.0,0.0,0.45,0.4500000099460119,3.3336442512032e-18
517.0,0.4500014295730543,0.6299639699034841,49.954074959431516,49.90814991886306,49.87008481620794,49.81004259161234,49.867784089214155,49.750000368602876,49.865483362220374,1.600989766252681e-11,5.074899606285302e-06,1.600989696422594e-11,5.074899606259036e-06,9.999999586006245e+20,0.0,0.0,0.45,0.45000000994601047,3.3336442579345433e-18
518.0,0.4500014295776036,0.6299639699098527,49.9540750375816,49.90815007516323,49.87008503728301,49.81004270231631,49.86778431420438,49.750000368603594,49.86548359112573,1.600992667334593e-11,5.0748909703264045e-06,1.6009926470667534e-11,5.074890970316731e-06,9.999999847700205e+20,0.0,0.0,0.45,0.45000000994601047,3.3336442632560973e-18
519.0,0.45000142958095485,0.6299604205418053,49.954075099365824,49.90815019873168,49.870085212061475,49.81004278983714,49.867784492078094,49.75000036860416,49.865483772094706,1.6009949785937156e-11,5.0748841428813155e-06,1.6009949458555157e-11,5.074884142876928e-06,9.999999943972036e+20,0.0,0.0,0.45,0.4500000099460061,3.3336442674632335e-18
520.0,0.4500014295842741,0.629960420546452,49.95407514821089,49.908150296421816,49.87008535023696,49.81004285902892,49.867784632700605,49.75000036860462,49.86548391516424,1.6009968123325423e-11,5.074878745282864e-06,1.6009967705676523e-11,5.074878745273226e-06,9.999999979388463e+20,0.0,0.0,0.45,0.45000000994601325,3.3336442707892902e-18
521.0,0.45000142958612743,0.6299604205490464,49.954075186826564,49.908150373653136,49.87008545947499,49.810042913730186,49.86778474387319,49.750000368605,49.86548402827138,1.60099826443642e-11,5.074874478073256e-06,1.6009982693521015e-11,5.074874478065002e-06,9.999999992417439e+20,0.0,0.0,0.45,0.4500000099460067,3.3336442734187867e-18
522.0,0.4500014295883159,0.6299604205521102,49.95407521735518,49.90815043471038,49.87008554583596,49.81004295697571,49.86778483176357,49.75000036860529,49.86548411769118,1.6009994133165957e-11,5.0748711045272015e-06,1.6009993829495e-11,5.0748711045123614e-06,9.999999997210531e+20,0.0,0.0,0.45,0.4500000099460132,3.3336442754976035e-18
523.0,0.45000142958918277,0.6299604205533237,49.954075241490436,49.908150482980886,49.870085614111034,49.810042991164664,49.86778490124776,49.75000036860555,49.8654841883845,1.6010003219198885e-11,5.074868437470412e-06,1.601000318768203e-11,5.074868437456599e-06,9.999999998973812e+20,0.0,0.0,0.45,0.4500000099460044,3.33364427714107e-18
524.0,0.450001429590862,0.6299604205556744,49.9540752605709,49.90815052114183,49.87008566808688,49.81004301819323,49.867784956179484,49.75000036860575,49.86548424427211,1.6010010403489595e-11,5.074866329002246e-06,1.6010010175488054e-11,5.074866328976781e-06,9.999999999622486e+20,0.0,0.0,0.45,0.45000000994601286,3.3336442784403355e-18
525.0,0.450001429591655,0.6299604205567846,49.95407527565599,49.90815055131197,49.87008571076032,49.81004303956209,49.867784999608666,49.75000036860592,49.86548428845702,1.6010016083845325e-11,5.0748646620089915e-06,1.6010015978103457e-11,5.074864662007217e-06,9.99999999986112e+20,0.0,0.0,0.45,0.4500000099460112,3.3336442794675394e-18
526.0,0.4500014295914337,0.6299604205564747,49.9540752875817,49.90815057516343,49.87008574449646,49.81004305645558,49.86778503394227,49.75000036860606,49.86548432338807,1.60100205746963e-11,5.074863344144913e-06,1.6010020595528753e-11,5.074863344157987e-06,9.99999999994891e+20,0.0,0.0,0.45,0.4500000099460003,3.333644280279609e-18
527.0,0.450001429586584,0.6299604205496857,49.95407529700685,49.90815059401361,49.87008577115871,49.810043069806795,49.8677850610767,49.75000036860617,49.86548435099468,1.6010024123952697e-11,5.074862302625862e-06,1.6010024027764413e-11,5.074862302633718e-06,9.999999999981204e+20,0.0,0.0,0.45,0.45000000994591965,3.3336442809214055e-18
528.0,0.4500014295981674,0.6299568712331582,49.954075304465626,49.90815060893132,49.87008579225858,49.81004308037263,49.86778508255022,49.75000036860628,49.86548437284187,1.6010026932769478e-11,5.074861478420989e-06,1.6010027163702757e-11,5.074861478414061e-06,9.999999999993086e+20,0.0,0.0,0.45,0.4500000099460895,3.3336442814293036e-18
529.0,0.4500014295900497,0.6299568712217942,49.954075310356885,49.90815062071371,49.870085808924024,49.81004308871792,49.867785099510805,49.750000368606365,49.86548439009759,1.6010029151281727e-11,5.074860827411392e-06,1.601002911445214e-11,5.0748608273952686e-06,9.999999999997456e+20,0.0,0.0,0.45,0.4500000099459528,3.333644281830463e-18
530.0,0.45000142959405603,0.6299568712274027,49.954075315015025,49.90815063003005,49.87008582210123,49.81004309531646,49.86778511292138,49.75000036860644,49.86548440374154,1.6010030905441375e-11,5.074860312640721e-06,1.6010031065201927e-11,5.074860312653296e-06,9.999999999999065e+20,0.0,0.0,0.45,0.45000000994601136,3.3336442821476543e-18
531.0,0.4500014295942173,0.6299568712276284,49.95407531869796,49.90815063739592,49.87008583251972,49.81004310053357,49.86778512352438,49.750000368606514,49.865484414529035,1.601003229235602e-11,5.074859905669439e-06,1.601003242335775e-11,5.07485990567115e-06,9.999999999999655e+20,0.0,0.0,0.45,0.4500000099460115,3.3336442823984404e-18
532.0,0.45000142959434764,0.6299568712278109,49.95407532160267,49.90815064320534,49.870085840736714,49.81004310464827,49.86778513188688,49.75000036860658,49.86548442303707,1.601003338620664e-11,5.0748595846939e-06,1.601003348521698e-11,5.0748595846879e-06,9.999999999999873e+20,0.0,0.0,0.45,0.450000009946011,3.333644282596234e-18
533.0,0.450001429594503,0.6299568712280283,49.954075323904064,49.90815064780811,49.870085847247,49.810043107908335,49.86778513851247,49.75000036860663,49.86548442977794,1.601003425285845e-11,5.074859330378228e-06,1.601003425077974e-11,5.074859330373889e-06,9.999999999999953e+20,0.0,0.0,0.45,0.45000000994601125,3.333644282752945e-18
534.0,0.45000142959461226,0.6299568712281813,49.95407532573736,49.908150651474706,49.870085852433135,49.81004311050533,49.86778514379044,49.750000368606685,49.865484435147756,1.6010034943237557e-11,5.07485912779543e-06,1.6010035016343275e-11,5.074859127785634e-06,9.999999999999982e+20,0.0,0.0,0.45,0.4500000099460113,3.3336442828777813e-18
535.0,0.45000142959469025,0.6299568712282905,49.95407532718035,49.9081506543607,49.870085856515146,49.81004311254942,49.86778514794477,49.75000036860673,49.865484439374356,1.6010035486636913e-11,5.074858968293264e-06,1.6010035189313407e-11,5.074858968327917e-06,9.999999999999993e+20,0.0,0.0,0.45,0.4500000099460112,3.3336442829760407e-18
536.0,0.4500014295947521,0.6299568712283771,49.95407532831082,49.90815065662166,49.87008585971311,49.81004311415083,49.86778515119935,49.75000036860677,49.86548444268558,1.6010035912349496e-11,5.074858843400058e-06,1.6010035658581502e-11,5.0748588434052275e-06,9.999999999999997e+20,0.0,0.0,0.45,0.45000000994601114,3.333644283053019e-18
537.0,0.4500014295948092,0.6299568712284571,49.95407532920369,49.90815065840737,49.87008586223887,49.810043115415624,49.86778515376983,49.75000036860682,49.8654844453008,1.6010036248576908e-11,5.074858744749472e-06,1.601003612785046e-11,5.0748587447405945e-06,1e+21,0.0,0.0,0.45,0.4500000099460112,3.3336442831138175e-18
538.0,0.4500014295948514,0.6299568712285162,49.95407532991465,49.908150659829296,49.870085864250086,49.81004311642276,49.86778515581667,49.75000036860686,49.86548444738326,1.601003651630847e-11,5.074858666172084e-06,1.601003630082329e-11,5.074858666175552e-06,1e+21,0.0,0.0,0.45,0.4500000099460112,3.3336442831622303e-18
539.0,0.4500014295948848,0.6299568712285629,49.95407533048101,49.90815066096202,49.870085865852246,49.81004311722507,49.867785157447194,49.75000036860691,49.86548444904216,1.601003672958495e-11,5.074858603605103e-06,1.6010036770094028e-11,5.074858603590025e-06,1e+21,0.0,0.0,0.45,0.4500000099460112,3.333644283200796e-18
540.0,0.4500014295949109,0.6299568712285994,49.9540753309268,49.90815066185359,49.870085867113296,49.810043117856566,49.867785158730584,49.75000036860695,49.86548445034787,1.6010036897452187e-11,5.07485855434e-06,1.6010036943068703e-11,5.074858554328618e-06,1e+21,0.0,0.0,0.45,0.4500000099460112,3.333644283231151e-18
541.0,0.4500014295949314,0.6299568712286281,49.95407533127603,49.90815066255207,49.87008586810124,49.810043118351295,49.86778515973603,49.75000036860699,49.865484451370804,1.6010037028965106e-11,5.0748585157434856e-06,1.6010037116044312e-11,5.074858515736228e-06,1e+21,0.0,0.0,0.45,0.4500000099460112,3.333644283254932e-18
542.0,0.4500014295949477,0.629956871228651,49.95407533155187,49.90815066310373,49.87008586888152,49.810043118742044,49.867785160530126,49.750000368607026,49.86548445217874,1.6010037132831206e-11,5.074858485257505e-06,1.6010036992723997e-11,5.074858485256241e-06,1e+21,0.0,0.0,0.45,0.4500000099460112,3.3336442832737147e-18
543.0,0.45000142959496053,0.6299568712286688,49.954075331771506,49.908150663543005,49.87008586950286,49.81004311905319,49.86778516116245,49.75000036860707,49.86548445282206,1.6010037215540646e-11,5.074858461016185e-06,1.601003716570154e-11,5.074858460984596e-06,1e+21,0.0,0.0,0.45,0.4500000099460112,3.3336442832886707e-18
544.0,0.45000142959497075,0.6299568712286833,49.95407533194647,49.90815066389293,49.8700858699978,49.810043119301056,49.86778516166617,49.75000036860711,49.865484453334545,1.6010037281424432e-11,5.074858441665262e-06,1.6010037338680042e-11,5.074858441650302e-06,1e+21,0.0,0.0,0.45,0.4500000099460112,3.3336442833005845e-18
545.0,0.45000142959497863,0.6299568712286943,49.95407533208419,49.90815066416837,49.87008587038738,49.81004311949615,49.867785162062646,49.75000036860715,49.86548445373792,1.6010037333280174e-11,5.074858426437319e-06,1.601003751165949e-11,5.074858426431685e-06,1e+21,0.0,0.0,0.45,0.4500000099460112,3.3336442833099623e-18
546.0,0.4500014295949845,0.6299568712287025,49.95407533219208,49.90815066438416,49.87008587069259,49.810043119648995,49.86778516237327,49.75000036860719,49.865484454053956,1.6010037373909118e-11,5.074858414504752e-06,1.601003768463989e-11,5.074858414509476e-06,1e+21,0.0,0.0,0.45,0.4500000099460112,3.3336442833173093e-18
547.0,0.45000142959498957,0.6299568712287096,49.9540753322773,49.90815066455459,49.87008587093365,49.81004311976972,49.8677851626186,49.750000368607225,49.865484454303555,1.6010037405994268e-11,5.074858405085095e-06,1.6010037561324518e-11,5.074858405092752e-06,1e+21,0.0,0.0,0.45,0.4500000099460112,3.333644283323112e-18
548.0,0.4500014295949949,0.629956871228717,49.95407533234514,49.90815066469029,49.8700858711256,49.81004311986589,49.86778516281395,49.75000036860727,49.865484454502294,1.6010037431534697e-11,5.0748583975915035e-06,1.6010037734306854e-11,5.074858397594796e-06,1e+21,0.0,0.0,0.45,0.4500000099460112,3.333644283327732e-18
549.0,0.45000142959499806,0.6299568712287215,49.9540753323992,49.90815066479839,49.870085871278505,49.81004311994248,49.86778516296956,49.750000368607296,49.86548445466061,1.6010037451883728e-11,5.074858391617695e-06,1.601003761099348e-11,5.0748583916217474e-06,1e+21,0.0,0.0,0.45,0.4500000099460112,3.3336442833314125e-18
550.0,0.4500014295949999,0.629956871228724,49.95407533244175,49.90815066488347,49.87008587139885,49.81004312000275,49.867785163092044,49.75000036860733,49.86548445478522,1.6010037467901745e-11,5.074858386907867e-06,1.601003748768113e-11,5.074858386920494e-06,1e+21,0.0,0.0,0.45,0.4500000099460112,3.33364428333431e-18
551.0,0.45000142959500117,0.6299568712287258,49.95407533247508,49.90815066495015,49.87008587149313,49.81004312004997,49.867785163187996,49.75000036860737,49.865484454882846,1.6010037480450953e-11,5.07485838322126e-06,1.601003736436979e-11,5.074858383237319e-06,1e+21,0.0,0.0,0.45,0.4500000099460112,3.3336442833365798e-18
552.0,0.450001429595003,0.6299568712287283,49.9540753325014,49.90815066500279,49.87008587156761,49.8100431200873,49.86778516326378,49.7500003686074,49.865484454959955,1.601003749035535e-11,5.0748583803321645e-06,1.6010037241059466e-11,5.074858380328223e-06,1e+21,0.0,0.0,0.45,0.4500000099460112,3.3336442833383717e-18
553.0,0.4500014295950051,0.6299568712287312,49.95407533252236,49.90815066504472,49.870085871626905,49.81004312011701,49.86778516332412,49.750000368607445,49.86548445502135,1.6010037498244306e-11,5.074858378029917e-06,1.6010037414046716e-11,5.074858378011979e-06,1e+21,0.0,0.0,0.45,0.4500000099460112,3.333644283339799e-18
554.0,0.4500014295950062,0.6299568712287328,49.954075332539055,49.90815066507811,49.870085871674135,49.810043120140676,49.8677851633722,49.75000036860748,49.865484455070266,1.601003750452891e-11,5.0748583761640424e-06,1.6010037587034923e-11,5.074858376167019e-06,1e+21,0.0,0.0,0.45,0.4500000099460112,3.3336442833409362e-18
555.0,0.45000142959500683,0.6299568712287338,49.95407533255219,49.9081506651044,49.870085871711325,49.81004312015931,49.86778516341003,49.750000368607516,49.86548445510875,1.6010037509476563e-11,5.074858374734541e-06,1.6010037463727597e-11,5.074858374714371e-06,1e+21,0.0,0.0,0.45,0.4500000099460112,3.333644283341831e-18
556.0,0.45000142959500755,0.6299568712287347,49.954075332562496,49.908150665124985,49.87008587174044,49.810043120173916,49.86778516343968,49.75000036860755,49.86548445513891,1.6010037513345555e-11,5.0748583735758934e-06,1.6010037340421283e-11,5.074858373576558e-06,1e+21,0.0,0.0,0.45,0.4500000099460112,3.3336442833425324e-18
557.0,0.4500014295950083,0.6299568712287357,49.95407533257063,49.90815066514125,49.87008587176345,49.810043120185455,49.86778516346309,49.750000368607594,49.86548445516273,1.6010037516403276e-11,5.074858372673051e-06,1.6010037513412427e-11,5.074858372677947e-06,1e+21,0.0,0.0,0.45,0.4500000099460112,3.3336442833430863e-18
558.0,0.4500014295950079,0.6299568712287352,49.954075332577105,49.9081506651542,49.87008587178176,49.81004312019465,49.86778516348173,49.75000036860763,49.8654844551817,1.6010037518835262e-11,5.074858371965824e-06,1.6010037686404525e-11,5.074858371962614e-06,1e+21,0.0,0.0,0.45,0.4500000099460112,3.333644283343527e-18
559.0,0.4500014295950081,0.6299568712287356,49.954075332582256,49.90815066516452,49.870085871796356,49.810043120201975,49.867785163496585,49.750000368607665,49.865484455196814,1.6010037520772486e-11,5.074858371378977e-06,1.6010037563101205e-11,5.07485837139267e-06,1e+21,0.0,0.0,0.45,0.4500000099460112,3.3336442833438783e-18
560.0,0.45000142959500855,0.6299568712287361,49.95407533258632,49.90815066517264,49.870085871807845,49.81004312020774,49.86778516350827,49.7500003686077,49.8654844552087,1.601003752229862e-11,5.0748583709426035e-06,1.6010037439798907e-11,5.074858370943936e-06,1e+21,0.0,0.0,0.45,0.4500000099460112,3.3336442833441545e-18
561.0,0.45000142959500883,0.6299568712287366,49.954075332589504,49.908150665178994,49.87008587181685,49.81004312021227,49.86778516351743,49.75000036860774,49.86548445521802,1.6010037523491875e-11,5.0748583705965135e-06,1.6010037612793945e-11,5.074858370592216e-06,1e+21,0.0,0.0,0.45,0.4500000099460112,3.3336442833443713e-18
562.0,0.45000142959500883,0.6299568712287366,49.95407533259202,49.90815066518403,49.87008587182395,49.810043120215845,49.86778516352466,49.75000036860778,49.86548445522538,1.6010037524432292e-11,5.074858370325661e-06,1.6010037489493653e-11,5.07485837031469e-06,1e+21,0.0,0.0,0.45,0.4500000099460112,3.3336442833445427e-18
563.0,0.45000142959500905,0.6299568712287369,49.95407533259401,49.90815066518803,49.8700858718296,49.81004312021869,49.86778516353042,49.750000368607814,49.86548445523125,1.6010037525181714e-11,5.074858370084903e-06,1.6010037662490643e-11,5.074858370093975e-06,1e+21,0.0,0.0,0.45,0.4500000099460112,3.3336442833446783e-18
564.0,0.45000142959500916,0.629956871228737,49.95407533259559,49.908150665191215,49.870085871834114,49.81004312022097,49.86778516353501,49.75000036860785,49.86548445523591,1.601003752577653e-11,5.074858369919382e-06,1.601003753919236e-11,5.074858369917828e-06,1e+21,0.0,0.0,0.45,0.4500000099460112,3.3336442833447865e-18
565.0,0.4500014295950092,0.629956871228737,49.95407533259686,49.90815066519373,49.87008587183766,49.810043120222765,49.86778516353862,49.75000036860789,49.86548445523958,1.6010037526242186e-11,5.074858369783956e-06,1.6010037712191283e-11,5.074858369779065e-06,1e+21,0.0,0.0,0.45,0.4500000099460112,3.333644283344872e-18
566.0,0.45000142959500933,0.6299568712287372,49.95407533259784,49.90815066519569,49.870085871840445,49.81004312022418,49.86778516354144,49.75000036860793,49.86548445524245,1.6010037526607803e-11,5.074858369693671e-06,1.601003758889501e-11,5.074858369670205e-06,1e+21,0.0,0.0,0.45,0.4500000099460112,3.333644283344939e-18
567.0,0.45000142959500944,0.6299568712287373,49.95407533259862,49.90815066519724,49.87008587184263,49.810043120225295,49.86778516354369,49.750000368607964,49.865484455244726,1.6010037526893387e-11,5.074858369573293e-06,1.6010037465599753e-11,5.074858369584371e-06,1e+21,0.0,0.0,0.45,0.4500000099460112,3.3336442833449922e-18
568.0,0.45000142959500933,0.6299568712287372,49.95407533259924,49.908150665198484,49.87008587184439,49.81004312022618,49.86778516354546,49.750000368608,49.86548445524654,1.6010037527124397e-11,5.074858369513103e-06,1.6010037638601618e-11,5.0748583695162865e-06,1e+21,0.0,0.0,0.45,0.4500000099460112,3.3336442833450346e-18
569.0,0.4500014295950094,0.6299568712287372,49.954075332599736,49.908150665199464,49.87008587184578,49.810043120226894,49.867785163546884,49.750000368608035,49.86548445524799,1.6010037527306296e-11,5.074858369452913e-06,1.601003751530837e-11,5.0748583694620814e-06,1e+21,0.0,0.0,0.45,0.4500000099460112,3.333644283345068e-18
570.0,0.4500014295950095,0.6299568712287374,49.95407533260013,49.90815066520024,49.87008587184687,49.81004312022746,49.867785163548,49.75000036860808,49.86548445524912,1.6010037527446357e-11,5.074858369407771e-06,1.6010037688312178e-11,5.074858369419156e-06,1e+21,0.0,0.0,0.45,0.4500000099460112,3.3336442833450947e-18
571.0,0.45000142959500966,0.6299568712287377,49.954075332600425,49.90815066520084,49.87008587184773,49.81004312022792,49.867785163548874,49.75000036860811,49.865484455250005,1.6010037527553677e-11,5.074858369377676e-06,1.601003756502094e-11,5.074858369385507e-06,1e+21,0.0,0.0,0.45,0.4500000099460112,3.333644283345115e-18
572.0,0.45000142959500966,0.6299568712287377,49.95407533260067,49.90815066520132,49.8700858718484,49.810043120228286,49.86778516354956,49.75000036860814,49.865484455250716,1.6010037527635533e-11,5.074858369347582e-06,1.6010037441730707e-11,5.074858369359328e-06,1e+21,0.0,0.0,0.45,0.4500000099460112,3.3336442833451313e-18
573.0,0.45000142959500933,0.6299568712287372,49.95407533260086,49.9081506652017,49.87008587184895,49.81004312022857,49.8677851635501,49.750000368608184,49.86548445525126,1.6010037527704654e-11,5.074858369347582e-06,1.6010037614737454e-11,5.074858369337942e-06,1e+21,0.0,0.0,0.45,0.4500000099460112,3.3336442833451444e-18
574.0,0.4500014295950093,0.6299568712287371,49.95407533260101,49.90815066520201,49.87008587184938,49.8100431202288,49.86778516355056,49.75000036860823,49.86548445525171,1.6010037527759225e-11,5.0748583693024394e-06,1.601003778774517e-11,5.07485836932105e-06,1e+21,0.0,0.0,0.45,0.4500000099460112,3.3336442833451548e-18
575.0,0.45000142959500933,0.6299568712287372,49.95407533260112,49.90815066520225,49.870085871849724,49.81004312022899,49.8677851635509,49.75000036860826,49.86548445525207,1.601003752779924e-11,5.0748583693024394e-06,1.601003766445793e-11,5.0748583693083e-06,1e+21,0.0,0.0,0.45,0.4500000099460112,3.3336442833451625e-18
576.0,0.4500014295950093,0.6299568712287371,49.95407533260122,49.908150665202434,49.87008587184998,49.81004312022914,49.86778516355117,49.7500003686083,49.86548445525234,1.6010037527828347e-11,5.074858369272345e-06,1.6010037541171723e-11,5.074858369297859e-06,1e+21,0.0,0.0,0.45,0.4500000099460112,3.333644283345169e-18
577.0,0.4500014295950091,0.6299568712287369,49.95407533260129,49.908150665202584,49.8700858718502,49.81004312022927,49.867785163551375,49.750000368608326,49.86548445525256,1.6010037527851992e-11,5.0748583693024394e-06,1.6010037417886527e-11,5.074858369289734e-06,1e+21,0.0,0.0,0.45,0.4500000099460112,3.3336442833451744e-18
578.0,0.45000142959500955,0.6299568712287376,49.954075332601356,49.9081506652027,49.870085871850364,49.81004312022936,49.86778516355155,49.75000036860837,49.86548445525273,1.6010037527872003e-11,5.074858369272345e-06,1.6010037590898164e-11,5.074858369282823e-06,1e+21,0.0,0.0,0.45,0.4500000099460112,3.3336442833451783e-18
579.0,0.45000142959500955,0.6299568712287376,49.9540753326014,49.9081506652028,49.87008587185049,49.81004312022945,49.86778516355169,49.750000368608404,49.86548445525286,1.6010037527881096e-11,5.074858369257298e-06,1.6010037467614975e-11,5.07485836927758e-06,1e+21,0.0,0.0,0.45,0.4500000099460112,3.3336442833451814e-18
580.0,0.45000142959500933,0.6299568712287372,49.954075332601434,49.90815066520287,49.8700858718506,49.81004312022952,49.86778516355179,49.75000036860844,49.86548445525297,1.601003752789019e-11,5.074858369257298e-06,1.6010037344332803e-11,5.074858369273527e-06,1e+21,0.0,0.0,0.45,0.4500000099460112,3.333644283345184e-18
581.0,0.45000142959500916,0.629956871228737,49.95407533260146,49.908150665202925,49.87008587185068,49.81004312022958,49.867785163551865,49.75000036860848,49.86548445525306,1.601003752789565e-11,5.074858369272345e-06,1.601003751734738e-11,5.074858369270495e-06,1e+21,0.0,0.0,0.45,0.4500000099460112,3.333644283345186e-18
582.0,0.4500014295950093,0.6299568712287371,49.95407533260149,49.908150665202974,49.87008587185075,49.81004312022963,49.867785163551936,49.75000036860851,49.865484455253124,1.6010037527901106e-11,5.074858369272345e-06,1.601003739406722e-11,5.07485836926802e-06,1e+21,0.0,0.0,0.45,0.4500000099460112,3.3336442833451875e-18
583.0,0.4500014295950095,0.6299568712287374,49.954075332601505,49.90815066520301,49.8700858718508,49.81004312022968,49.867785163551986,49.75000036860855,49.86548445525318,1.6010037527902925e-11,5.074858369272345e-06,1.6010037567083737e-11,5.074858369266059e-06,1e+21,0.0,0.0,0.45,0.4500000099460112,3.3336442833451887e-18
584.0,0.4500014295950095,0.6299568712287374,49.954075332601526,49.90815066520304,49.87008587185084,49.810043120229714,49.86778516355203,49.75000036860859,49.865484455253224,1.6010037527902925e-11,5.074858369272345e-06,1.6010037443805583e-11,5.074858369264385e-06,1e+21,0.0,0.0,0.45,0.4500000099460112,3.33364428334519e-18
585.0,0.45000142959500944,0.6299568712287373,49.95407533260153,49.90815066520306,49.87008587185087,49.81004312022975,49.867785163552064,49.75000036860863,49.86548445525326,1.6010037527901106e-11,5.074858369257298e-06,1.601003761682404e-11,5.07485836926315e-06,1e+21,0.0,0.0,0.45,0.4500000099460112,3.3336442833451906e-18
586.0,0.4500014295950094,0.6299568712287372,49.95407533260155,49.908150665203074,49.8700858718509,49.810043120229786,49.867785163552085,49.75000036860866,49.86548445525329,1.6010037527899287e-11,5.074858369272345e-06,1.6010037493547888e-11,5.074858369262209e-06,1e+21,0.0,0.0,0.45,0.4500000099460112,3.3336442833451914e-18
587.0,0.4500014295950016,0.6299568712287265,49.95407533260155,49.90815066520309,49.870085871850925,49.810043120229814,49.867785163552114,49.7500003686087,49.8654844552533,1.6010037527899287e-11,5.074858369272345e-06,1.6010037666568304e-11,5.074858369261418e-06,1e+21,0.0,0.0,0.45,0.4500000099460111,3.3336442833451914e-18
588.0,0.45000142959498685,0.6299568712287058,49.954075332601555,49.9081506652031,49.87008587185094,49.81004312022984,49.86778516355212,49.75000036860874,49.865484455253316,1.601003752789565e-11,5.074858369272345e-06,1.6010037543294162e-11,5.074858369260665e-06,1e+21,0.0,0.0,0.45,0.4500000099460109,3.3336442833451918e-18
589.0,0.4500014295949897,0.6299568712287097,49.95407533260156,49.90815066520311,49.870085871850954,49.810043120229864,49.867785163552135,49.750000368608774,49.86548445525333,1.601003752789383e-11,5.074858369272345e-06,1.6010037420021044e-11,5.0748583692601894e-06,1e+21,0.0,0.0,0.45,0.45000000994601097,3.333644283345192e-18
590.0,0.4500014295949938,0.6299568712287155,49.95407533260156,49.908150665203124,49.870085871850954,49.810043120229885,49.86778516355215,49.750000368608816,49.86548445525334,1.6010037527888372e-11,5.074858369257298e-06,1.601003759304439e-11,5.074858369259644e-06,1e+21,0.0,0.0,0.45,0.450000009946011,3.3336442833451925e-18
591.0,0.45000142959498335,0.6299568712287008,49.95407533260157,49.908150665203124,49.87008587185096,49.810043120229906,49.867785163552156,49.750000368608845,49.86548445525335,1.6010037527884734e-11,5.074858369257298e-06,1.6010037469773263e-11,5.074858369259579e-06,1e+21,0.0,0.0,0.45,0.45000000994601086,3.333644283345193e-18
592.0,0.45000142959498696,0.6299568712287059,49.95407533260157,49.90815066520313,49.87008587185097,49.81004312022993,49.86778516355216,49.75000036860889,49.86548445525336,1.6010037527881096e-11,5.074858369257298e-06,1.6010037642798574e-11,5.07485836925935e-06,1e+21,0.0,0.0,0.45,0.4500000099460109,3.333644283345193e-18
593.0,0.45000142959506056,0.629956871228809,49.95407533260157,49.90815066520314,49.870085871850975,49.81004312022995,49.86778516355217,49.750000368608916,49.86548445525336,1.6010037527877457e-11,5.074858369257298e-06,1.6010037223234092e-11,5.074858369258948e-06,1e+21,0.0,0.0,0.45,0.4500000099460119,3.3336442833451933e-18
594.0,0.4500014295950646,0.6299568712288146,49.95407533260157,49.908150665203145,49.87008587185098,49.81004312022997,49.86778516355217,49.75000036860896,49.865484455253366,1.601003752787382e-11,5.074858369272345e-06,1.6010037396261364e-11,5.07485836925893e-06,1e+21,0.0,0.0,0.45,0.4500000099460119,3.3336442833451933e-18
595.0,0.4500014295950336,0.6299568712287712,49.95407533260157,49.908150665203145,49.87008587185098,49.810043120229984,49.86778516355217,49.750000368608994,49.86548445525337,1.601003752787018e-11,5.074858369272345e-06,1.6010037569289605e-11,5.074858369258979e-06,1e+21,0.0,0.0,0.45,0.4500000099460115,3.3336442833451933e-18
596.0,0.4500014295950016,0.6299568712287265,49.95407533260157,49.908150665203145,49.87008587185098,49.810043120230006,49.86778516355217,49.75000036860904,49.86548445525337,1.6010037527864726e-11,5.074858369272345e-06,1.6010037742318797e-11,5.0748583692587774e-06,1e+21,0.0,0.0,0.45,0.4500000099460111,3.3336442833451933e-18
597.0,0.4500014295950004,0.6299568712287247,49.95407533260157,49.90815066520314,49.87008587185098,49.810043120230034,49.86778516355218,49.75000036860907,49.86548445525337,1.601003752785745e-11,5.074858369257298e-06,1.60100376190537e-11,5.074858369258613e-06,1e+21,0.0,0.0,0.45,0.4500000099460111,3.3336442833451933e-18
598.0,0.45000142959501016,0.6299568712287384,49.95407533260157,49.908150665203145,49.87008587185099,49.81004312023005,49.867785163552185,49.75000036860911,49.86548445525337,1.601003752785563e-11,5.074858369257298e-06,1.601003749578962e-11,5.074858369258481e-06,1e+21,0.0,0.0,0.45,0.4500000099460112,3.3336442833451933e-18
599.0,0.45000142959501777,0.629956871228749,49.95407533260157,49.908150665203145,49.87008587185099,49.81004312023006,49.867785163552185,49.75000036860914,49.86548445525337,1.6010037527850173e-11,5.074858369257298e-06,1.6010037372526563e-11,5.074858369258378e-06,1e+21,0.0,0.0,0.45,0.4500000099460113,3.3336442833451933e-18
600.0,0.45000142959502365,0.6299568712287573,49.95407533260157,49.908150665203145,49.87008587185098,49.810043120230084,49.867785163552185,49.75000036860918,49.86548445525337,1.6010037527842897e-11,5.07485836924225e-06,1.6010037545559674e-11,5.0748583692583005e-06,1e+21,0.0,0.0,0.45,0.45000000994601136,3.3336442833451933e-18
601.0,0.45000142959502804,0.6299568712287634,49.95407533260157,49.90815066520315,49.87008587185098,49.810043120230105,49.867785163552185,49.75000036860922,49.86548445525337,1.601003752783744e-11,5.07485836924225e-06,1.601003771859375e-11,5.0748583692582396e-06,1e+21,0.0,0.0,0.45,0.4500000099460114,3.3336442833451933e-18
602.0,0.45000142959503314,0.6299568712287705,49.95407533260157,49.90815066520315,49.87008587185099,49.81004312023012,49.867785163552185,49.75000036860925,49.86548445525338,1.601003752783562e-11,5.074858369257298e-06,1.6010037299038587e-11,5.074858369258495e-06,1e+21,0.0,0.0,0.45,0.45000000994601147,3.3336442833451933e-18
603.0,0.45000142959502665,0.6299568712287614,49.954075332601576,49.90815066520315,49.87008587185099,49.81004312023014,49.867785163552185,49.75000036860929,49.86548445525338,1.6010037527830166e-11,5.074858369257298e-06,1.601003747207464e-11,5.074858369258461e-06,1e+21,0.0,0.0,0.45,0.45000000994601136,3.3336442833451937e-18
604.0,0.4500014295950036,0.6299568712287292,49.95407533260157,49.908150665203145,49.87008587185099,49.81004312023016,49.867785163552185,49.750000368609335,49.86548445525338,1.601003752782471e-11,5.074858369257298e-06,1.601003764511166e-11,5.0748583692584225e-06,1e+21,0.0,0.0,0.45,0.4500000099460111,3.3336442833451933e-18
605.0,0.4500014295949796,0.6299568712286955,49.95407533260157,49.908150665203145,49.87008587185099,49.81004312023018,49.867785163552185,49.75000036860936,49.86548445525338,1.601003752781925e-11,5.074858369257298e-06,1.6010037521854607e-11,5.074858369258386e-06,1e+21,0.0,0.0,0.45,0.4500000099460108,3.3336442833451933e-18
606.0,0.45000142959497014,0.6299568712286824,49.95407533260157,49.908150665203145,49.87008587185099,49.8100431202302,49.867785163552185,49.7500003686094,49.86548445525338,1.6010037527815613e-11,5.074858369257298e-06,1.6010037398598598e-11,5.074858369258355e-06,1e+21,0.0,0.0,0.45,0.4500000099460107,3.3336442833451933e-18
607.0,0.45000142959498307,0.6299568712287005,49.95407533260157,49.90815066520315,49.87008587185099,49.810043120230226,49.867785163552185,49.750000368609435,49.86548445525338,1.601003752780834e-11,5.074858369257298e-06,1.601003727534359e-11,5.07485836925833e-06,1e+21,0.0,0.0,0.45,0.45000000994601086,3.3336442833451933e-18
608.0,0.45000142959498485,0.6299568712287029,49.954075332601576,49.908150665203145,49.870085871850996,49.810043120230226,49.867785163552185,49.75000036860948,49.86548445525338,1.601003752780834e-11,5.074858369272345e-06,1.601003744838453e-11,5.074858369258311e-06,1e+21,0.0,0.0,0.45,0.45000000994601086,3.3336442833451937e-18
609.0,0.45000142959498596,0.6299568712287045,49.954075332601576,49.908150665203145,49.870085871850996,49.81004312023025,49.86778516355219,49.75000036860951,49.86548445525338,1.601003752780288e-11,5.074858369257298e-06,1.6010037621426424e-11,5.074858369258298e-06,1e+21,0.0,0.0,0.45,0.45000000994601086,3.3336442833451937e-18
610.0,0.4500014295949866,0.6299568712287055,49.954075332601576,49.908150665203145,49.870085871850996,49.810043120230276,49.86778516355219,49.75000036860955,49.86548445525339,1.6010037527795602e-11,5.074858369257298e-06,1.6010037498174416e-11,5.074858369258588e-06,1e+21,0.0,0.0,0.45,0.45000000994601086,3.3336442833451937e-18
611.0,0.45000142959498707,0.629956871228706,49.95407533260157,49.90815066520315,49.870085871850996,49.8100431202303,49.86778516355219,49.750000368609584,49.86548445525338,1.6010037527790148e-11,5.074858369257298e-06,1.6010037374923432e-11,5.0748583692582785e-06,1e+21,0.0,0.0,0.45,0.4500000099460109,3.3336442833451933e-18
612.0,0.4500014295949857,0.6299568712287041,49.95407533260157,49.90815066520315,49.87008587185099,49.81004312023031,49.867785163552185,49.75000036860962,49.86548445525338,1.601003752778469e-11,5.074858369257298e-06,1.601003725167346e-11,5.074858369258272e-06,1e+21,0.0,0.0,0.45,0.45000000994601086,3.3336442833451933e-18
613.0,0.450001429594995,0.6299568712287171,49.954075332601576,49.908150665203145,49.870085871850996,49.810043120230326,49.86778516355219,49.75000036860966,49.86548445525338,1.601003752778287e-11,5.074858369257298e-06,1.6010037424719282e-11,5.074858369258266e-06,1e+21,0.0,0.0,0.45,0.45000000994601097,3.3336442833451937e-18
614.0,0.45000142959502043,0.6299568712287528,49.95407533260157,49.90815066520315,49.870085871850996,49.81004312023035,49.867785163552185,49.7500003686097,49.86548445525338,1.6010037527777414e-11,5.074858369272345e-06,1.6010037597766064e-11,5.074858369258273e-06,1e+21,0.0,0.0,0.45,0.45000000994601136,3.3336442833451933e-18
615.0,0.45000142959504635,0.6299568712287891,49.95407533260157,49.90815066520315,49.87008587185099,49.81004312023037,49.867785163552185,49.75000036860973,49.86548445525338,1.6010037527770137e-11,5.074858369257298e-06,1.6010037474519083e-11,5.074858369258285e-06,1e+21,0.0,0.0,0.45,0.4500000099460117,3.3336442833451933e-18
616.0,0.4500014295950571,0.6299568712288041,49.95407533260157,49.90815066520315,49.87008587185099,49.81004312023039,49.867785163552185,49.750000368609776,49.86548445525338,1.601003752776468e-11,5.074858369257298e-06,1.6010037647567817e-11,5.074858369258298e-06,1e+21,0.0,0.0,0.45,0.4500000099460118,3.3336442833451933e-18
617.0,0.45000142959502126,0.6299568712287539,49.954075332601576,49.90815066520315,49.870085871850996,49.810043120230404,49.867785163552185,49.75000036860981,49.86548445525338,1.6010037527762864e-11,5.074858369272345e-06,1.601003752432285e-11,5.074858369258305e-06,1e+21,0.0,0.0,0.45,0.45000000994601136,3.3336442833451937e-18
618.0,0.45000142959497574,0.6299568712286902,49.95407533260157,49.908150665203145,49.87008587185099,49.810043120230404,49.867785163552185,49.75000036860985,49.86548445525338,1.6010037527759225e-11,5.074858369257298e-06,1.6010037697373518e-11,5.074858369258292e-06,1e+21,0.0,0.0,0.45,0.45000000994601075,3.3336442833451933e-18
619.0,0.45000142959499506,0.6299568712287172,49.95407533260157,49.908150665203145,49.87008587185099,49.81004312023043,49.867785163552185,49.75000036860988,49.86548445525338,1.601003752775195e-11,5.074858369257298e-06,1.601003757413056e-11,5.074858369258289e-06,1e+21,0.0,0.0,0.45,0.450000009946011,3.3336442833451933e-18
620.0,0.45000142959504497,0.6299568712287871,49.954075332601576,49.90815066520315,49.87008587185099,49.81004312023045,49.867785163552185,49.75000036860992,49.86548445525338,1.601003752774649e-11,5.074858369257298e-06,1.6010037450888617e-11,5.074858369258296e-06,1e+21,0.0,0.0,0.45,0.45000000994601164,3.3336442833451937e-18
621.0,0.4500014295950913,0.6299568712288519,49.954075332601576,49.90815066520315,49.87008587185099,49.810043120230475,49.867785163552185,49.75000036860996,49.86548445525338,1.6010037527741034e-11,5.074858369257298e-06,1.6010037623942226e-11,5.074858369258311e-06,1e+21,0.0,0.0,0.45,0.45000000994601225,3.3336442833451937e-18
622.0,0.450001429595056,0.6299568712288026,49.95407533260157,49.90815066520315,49.87008587185099,49.810043120230496,49.867785163552185,49.750000368609996,49.86548445525338,1.6010037527735576e-11,5.074858369257298e-06,1.6010037500702293e-11,5.074858369258323e-06,1e+21,0.0,0.0,0.45,0.4500000099460118,3.3336442833451933e-18
623.0,0.45000142959496137,0.6299568712286701,49.95407533260157,49.908150665203145,49.870085871850996,49.81004312023051,49.867785163552185,49.750000368610024,49.86548445525338,1.601003752773376e-11,5.074858369272345e-06,1.6010037377463374e-11,5.074858369258307e-06,1e+21,0.0,0.0,0.45,0.4500000099460105,3.3336442833451933e-18
624.0,0.45000142959498096,0.6299568712286975,49.95407533260157,49.908150665203145,49.87008587185099,49.81004312023053,49.867785163552185,49.75000036861007,49.86548445525338,1.6010037527726484e-11,5.074858369257298e-06,1.6010037550519917e-11,5.074858369258305e-06,1e+21,0.0,0.0,0.45,0.4500000099460108,3.3336442833451933e-18
625.0,0.4500014295950442,0.6299568712287861,49.95407533260157,49.90815066520315,49.87008587185099,49.81004312023055,49.867785163552185,49.75000036861011,49.86548445525338,1.6010037527721023e-11,5.074858369257298e-06,1.6010037723577427e-11,5.074858369258308e-06,1e+21,0.0,0.0,0.45,0.45000000994601164,3.3336442833451933e-18
626.0,0.45000142959508027,0.6299568712288366,49.95407533260157,49.90815066520315,49.87008587185099,49.81004312023057,49.867785163552185,49.750000368610145,49.86548445525338,1.6010037527717385e-11,5.074858369257298e-06,1.6010037600341503e-11,5.0748583692583175e-06,1e+21,0.0,0.0,0.45,0.45000000994601214,3.3336442833451933e-18
627.0,0.4500014295950212,0.6299568712287539,49.95407533260157,49.908150665203145,49.87008587185099,49.81004312023058,49.86778516355219,49.75000036861018,49.86548445525338,1.601003752771193e-11,5.07485836924225e-06,1.601003747710659e-11,5.0748583692583175e-06,1e+21,0.0,0.0,0.45,0.4500000099460113,3.3336442833451933e-18
628.0,0.45000142959497474,0.6299568712286888,49.954075332601576,49.908150665203145,49.870085871850996,49.81004312023061,49.867785163552185,49.750000368610216,49.86548445525338,1.6010037527706473e-11,5.074858369272345e-06,1.6010037650167038e-11,5.074858369258302e-06,1e+21,0.0,0.0,0.45,0.45000000994601075,3.3336442833451937e-18
629.0,0.4500014295949942,0.629956871228716,49.954075332601576,49.90815066520315,49.87008587185099,49.810043120230624,49.867785163552185,49.75000036861025,49.86548445525339,1.6010037527701016e-11,5.074858369257298e-06,1.6010037526934148e-11,5.074858369258598e-06,1e+21,0.0,0.0,0.45,0.450000009946011,3.3336442833451937e-18
630.0,0.45000142959504463,0.6299568712287866,49.95407533260157,49.90815066520315,49.87008587185099,49.81004312023064,49.867785163552185,49.750000368610294,49.86548445525339,1.6010037527697378e-11,5.074858369257298e-06,1.6010037699996537e-11,5.074858369258602e-06,1e+21,0.0,0.0,0.45,0.45000000994601164,3.3336442833451933e-18
631.0,0.4500014295950913,0.6299568712288519,49.95407533260157,49.90815066520315,49.87008587185099,49.81004312023066,49.867785163552185,49.75000036861033,49.86548445525338,1.6010037527691923e-11,5.074858369257298e-06,1.6010037576765647e-11,5.0748583692583175e-06,1e+21,0.0,0.0,0.45,0.45000000994601225,3.3336442833451933e-18
632.0,0.45000142959505807,0.6299568712288055,49.954075332601576,49.90815066520315,49.87008587185099,49.81004312023068,49.867785163552185,49.750000368610365,49.86548445525338,1.6010037527686466e-11,5.074858369257298e-06,1.601003745353577e-11,5.074858369258333e-06,1e+21,0.0,0.0,0.45,0.4500000099460118,3.3336442833451937e-18
633.0,0.45000142959495193,0.6299568712286568,49.95407533260157,49.908150665203145,49.870085871850996,49.8100431202307,49.867785163552185,49.7500003686104,49.86548445525338,1.6010037527682828e-11,5.074858369272345e-06,1.6010037626601095e-11,5.074858369258312e-06,1e+21,0.0,0.0,0.45,0.4500000099460104,3.3336442833451933e-18
634.0,0.4500014295949433,0.6299568712286447,49.95407533260157,49.908150665203145,49.870085871850996,49.810043120230716,49.867785163552185,49.750000368610436,49.86548445525338,1.601003752767919e-11,5.074858369272345e-06,1.6010037503373227e-11,5.074858369258296e-06,1e+21,0.0,0.0,0.45,0.4500000099460103,3.3336442833451933e-18
635.0,0.45000142959498624,0.6299568712287049,49.95407533260157,49.908150665203145,49.87008587185099,49.81004312023074,49.867785163552185,49.75000036861048,49.86548445525338,1.6010037527671913e-11,5.074858369257298e-06,1.6010037676440514e-11,5.0748583692582845e-06,1e+21,0.0,0.0,0.45,0.4500000099460109,3.3336442833451933e-18
636.0,0.45000142959503453,0.6299568712287725,49.954075332601576,49.90815066520315,49.87008587185099,49.81004312023075,49.867785163552185,49.750000368610515,49.86548445525338,1.6010037527666455e-11,5.074858369257298e-06,1.601003755321465e-11,5.07485836925828e-06,1e+21,0.0,0.0,0.45,0.4500000099460115,3.3336442833451937e-18
637.0,0.4500014295950244,0.6299568712287583,49.95407533260157,49.90815066520315,49.87008587185099,49.810043120230766,49.86778516355219,49.75000036861054,49.86548445525338,1.6010037527662817e-11,5.07485836924225e-06,1.60100374299898e-11,5.074858369258285e-06,1e+21,0.0,0.0,0.45,0.45000000994601136,3.3336442833451933e-18
638.0,0.45000142959496997,0.629956871228682,49.95407533260157,49.908150665203145,49.870085871850996,49.81004312023078,49.867785163552185,49.750000368610586,49.86548445525338,1.6010037527660998e-11,5.074858369272345e-06,1.601003760306002e-11,5.0748583692582785e-06,1e+21,0.0,0.0,0.45,0.45000000994601064,3.3336442833451933e-18
639.0,0.4500014295949639,0.6299568712286736,49.95407533260157,49.908150665203145,49.870085871850996,49.81004312023081,49.86778516355219,49.75000036861063,49.86548445525338,1.601003752765372e-11,5.074858369257298e-06,1.6010037776131174e-11,5.074858369258269e-06,1e+21,0.0,0.0,0.45,0.4500000099460106,3.3336442833451933e-18
640.0,0.4500014295949879,0.6299568712287072,49.95407533260157,49.908150665203145,49.870085871850996,49.81004312023082,49.86778516355219,49.750000368610664,49.86548445525338,1.6010037527650083e-11,5.074858369257298e-06,1.6010037652909332e-11,5.074858369258263e-06,1e+21,0.0,0.0,0.45,0.4500000099460109,3.3336442833451933e-18
641.0,0.4500014295950234,0.6299568712287569,49.95407533260157,49.90815066520315,49.87008587185099,49.810043120230844,49.86778516355219,49.7500003686107,49.86548445525338,1.6010037527642806e-11,5.07485836924225e-06,1.6010037529688508e-11,5.074858369258266e-06,1e+21,0.0,0.0,0.45,0.4500000099460114,3.3336442833451933e-18
642.0,0.45000142959502437,0.6299568712287582,49.954075332601576,49.90815066520315,49.87008587185099,49.810043120230866,49.867785163552185,49.75000036861073,49.86548445525338,1.6010037527637352e-11,5.074858369257298e-06,1.60100374064687e-11,5.074858369258273e-06,1e+21,0.0,0.0,0.45,0.45000000994601136,3.3336442833451937e-18
643.0,0.4500014295949727,0.6299568712286859,49.954075332601576,49.908150665203145,49.870085871850996,49.81004312023089,49.86778516355219,49.75000036861077,49.86548445525339,1.6010037527633714e-11,5.074858369257298e-06,1.601003757954379e-11,5.074858369258569e-06,1e+21,0.0,0.0,0.45,0.4500000099460107,3.3336442833451937e-18
644.0,0.4500014295949697,0.6299568712286817,49.95407533260157,49.908150665203145,49.870085871850996,49.8100431202309,49.867785163552185,49.750000368610806,49.86548445525339,1.6010037527630075e-11,5.074858369272345e-06,1.6010037456325995e-11,5.074858369258563e-06,1e+21,0.0,0.0,0.45,0.45000000994601064,3.3336442833451933e-18
645.0,0.4500014295949881,0.6299568712287075,49.95407533260157,49.908150665203145,49.870085871850996,49.810043120230915,49.867785163552185,49.75000036861084,49.86548445525338,1.6010037527624618e-11,5.074858369272345e-06,1.6010037333109207e-11,5.074858369258258e-06,1e+21,0.0,0.0,0.45,0.4500000099460109,3.3336442833451933e-18
646.0,0.4500014295950007,0.6299568712287251,49.95407533260157,49.908150665203145,49.87008587185099,49.81004312023094,49.867785163552185,49.75000036861088,49.86548445525338,1.6010037527617345e-11,5.074858369257298e-06,1.6010037506187244e-11,5.0748583692582565e-06,1e+21,0.0,0.0,0.45,0.4500000099460111,3.3336442833451933e-18
647.0,0.45000142959498735,0.6299568712287065,49.95407533260157,49.908150665203145,49.87008587185099,49.81004312023096,49.867785163552185,49.75000036861092,49.86548445525338,1.6010037527611887e-11,5.074858369257298e-06,1.6010037679266224e-11,5.074858369258255e-06,1e+21,0.0,0.0,0.45,0.4500000099460109,3.3336442833451933e-18
648.0,0.4500014295949958,0.6299568712287182,49.954075332601576,49.90815066520315,49.870085871850996,49.81004312023097,49.86778516355219,49.750000368610955,49.86548445525339,1.6010037527610068e-11,5.074858369257298e-06,1.6010037556052434e-11,5.074858369258555e-06,1e+21,0.0,0.0,0.45,0.450000009946011,3.3336442833451937e-18
649.0,0.4500014295950208,0.6299568712287533,49.954075332601576,49.90815066520315,49.870085871850996,49.810043120230986,49.86778516355219,49.75000036861099,49.86548445525338,1.601003752760643e-11,5.074858369257298e-06,1.6010037432839672e-11,5.074858369258263e-06,1e+21,0.0,0.0,0.45,0.45000000994601136,3.3336442833451937e-18
650.0,0.45000142959504663,0.6299568712287894,49.95407533260157,49.90815066520315,49.87008587185099,49.810043120231015,49.867785163552185,49.750000368611026,49.86548445525338,1.6010037527597334e-11,5.074858369257298e-06,1.6010037309627914e-11,5.074858369258278e-06,1e+21,0.0,0.0,0.45,0.4500000099460117,3.3336442833451933e-18
651.0,0.4500014295950575,0.6299568712288046,49.95407533260157,49.90815066520315,49.87008587185099,49.81004312023103,49.867785163552185,49.75000036861106,49.86548445525338,1.6010037527593696e-11,5.074858369257298e-06,1.601003748271083e-11,5.074858369258296e-06,1e+21,0.0,0.0,0.45,0.4500000099460118,3.3336442833451933e-18
652.0,0.45000142959502115,0.6299568712287538,49.95407533260157,49.90815066520315,49.870085871850996,49.81004312023105,49.867785163552185,49.750000368611104,49.86548445525338,1.6010037527590057e-11,5.074858369272345e-06,1.6010037655794696e-11,5.074858369258298e-06,1e+21,0.0,0.0,0.45,0.45000000994601136,3.3336442833451933e-18
653.0,0.45000142959497785,0.6299568712286931,49.954075332601576,49.908150665203145,49.87008587185099,49.81004312023107,49.86778516355219,49.75000036861115,49.86548445525338,1.601003752758278e-11,5.07485836924225e-06,1.6010037828879535e-11,5.074858369258288e-06,1e+21,0.0,0.0,0.45,0.4500000099460108,3.3336442833451937e-18
654.0,0.4500014295950002,0.6299568712287245,49.954075332601576,49.908150665203145,49.87008587185099,49.810043120231086,49.86778516355219,49.75000036861118,49.86548445525338,1.6010037527579142e-11,5.07485836924225e-06,1.6010037705671768e-11,5.074858369258289e-06,1e+21,0.0,0.0,0.45,0.4500000099460111,3.3336442833451937e-18
655.0,0.45000142959504497,0.6299568712287871,49.95407533260157,49.90815066520315,49.87008587185099,49.8100431202311,49.867785163552185,49.75000036861121,49.86548445525338,1.6010037527573688e-11,5.074858369257298e-06,1.6010037286171495e-11,5.074858369258298e-06,1e+21,0.0,0.0,0.45,0.4500000099460117,3.3336442833451933e-18
656.0,0.45000142959506856,0.6299568712288202,49.95407533260157,49.90815066520315,49.870085871850996,49.810043120231114,49.867785163552185,49.750000368611246,49.86548445525338,1.6010037527571866e-11,5.074858369272345e-06,1.6010037459259284e-11,5.074858369258308e-06,1e+21,0.0,0.0,0.45,0.45000000994601197,3.3336442833451933e-18
657.0,0.45000142959502126,0.6299568712287539,49.954075332601576,49.90815066520315,49.870085871850996,49.81004312023114,49.867785163552185,49.75000036861129,49.86548445525338,1.6010037527564592e-11,5.074858369272345e-06,1.6010037632348036e-11,5.074858369258311e-06,1e+21,0.0,0.0,0.45,0.4500000099460113,3.3336442833451937e-18
658.0,0.4500014295949753,0.6299568712286896,49.95407533260157,49.908150665203145,49.87008587185099,49.81004312023116,49.867785163552185,49.75000036861132,49.86548445525338,1.6010037527559135e-11,5.074858369257298e-06,1.6010037212850884e-11,5.074858369258298e-06,1e+21,0.0,0.0,0.45,0.45000000994601075,3.3336442833451933e-18
659.0,0.45000142959499473,0.6299568712287168,49.954075332601576,49.908150665203145,49.87008587185099,49.81004312023117,49.867785163552185,49.75000036861136,49.86548445525338,1.6010037527555497e-11,5.074858369257298e-06,1.6010037385941607e-11,5.074858369258296e-06,1e+21,0.0,0.0,0.45,0.450000009946011,3.3336442833451937e-18
660.0,0.45000142959504497,0.6299568712287871,49.954075332601576,49.90815066520315,49.87008587185099,49.81004312023119,49.867785163552185,49.750000368611396,49.86548445525338,1.6010037527550042e-11,5.074858369257298e-06,1.6010037559033306e-11,5.0748583692583005e-06,1e+21,0.0,0.0,0.45,0.45000000994601164,3.3336442833451937e-18
661.0,0.45000142959509143,0.6299568712288521,49.954075332601576,49.90815066520315,49.87008587185099,49.810043120231214,49.867785163552185,49.75000036861144,49.86548445525338,1.6010037527544582e-11,5.074858369257298e-06,1.6010037732125948e-11,5.074858369258314e-06,1e+21,0.0,0.0,0.45,0.45000000994601225,3.3336442833451937e-18
662.0,0.45000142959505585,0.6299568712288024,49.95407533260157,49.90815066520315,49.870085871850996,49.810043120231235,49.867785163552185,49.750000368611474,49.86548445525338,1.6010037527540943e-11,5.074858369272345e-06,1.6010037608926236e-11,5.074858369258324e-06,1e+21,0.0,0.0,0.45,0.4500000099460118,3.3336442833451933e-18
663.0,0.4500014295949611,0.6299568712286697,49.95407533260157,49.908150665203145,49.87008587185099,49.810043120231256,49.867785163552185,49.75000036861151,49.86548445525338,1.601003752753367e-11,5.074858369257298e-06,1.601003748572755e-11,5.074858369258308e-06,1e+21,0.0,0.0,0.45,0.4500000099460105,3.3336442833451933e-18
664.0,0.4500014295949808,0.6299568712286973,49.95407533260157,49.908150665203145,49.87008587185099,49.81004312023127,49.867785163552185,49.750000368611545,49.86548445525338,1.6010037527528213e-11,5.074858369257298e-06,1.6010037362529882e-11,5.0748583692583065e-06,1e+21,0.0,0.0,0.45,0.4500000099460108,3.3336442833451933e-18
665.0,0.4500014295950441,0.6299568712287859,49.954075332601576,49.90815066520315,49.87008587185099,49.810043120231285,49.867785163552185,49.75000036861158,49.86548445525338,1.6010037527524574e-11,5.074858369257298e-06,1.6010037535626443e-11,5.074858369258308e-06,1e+21,0.0,0.0,0.45,0.45000000994601164,3.3336442833451937e-18
666.0,0.45000142959508016,0.6299568712288364,49.954075332601576,49.90815066520315,49.87008587185099,49.8100431202313,49.867785163552185,49.750000368611616,49.86548445525338,1.6010037527520936e-11,5.074858369257298e-06,1.601003741243078e-11,5.074858369258319e-06,1e+21,0.0,0.0,0.45,0.45000000994601214,3.3336442833451937e-18
667.0,0.45000142959502115,0.6299568712287538,49.954075332601576,49.908150665203145,49.87008587185099,49.81004312023132,49.867785163552185,49.75000036861165,49.86548445525338,1.601003752751548e-11,5.074858369257298e-06,1.6010037289236132e-11,5.074858369258319e-06,1e+21,0.0,0.0,0.45,0.4500000099460113,3.3336442833451937e-18
668.0,0.45000142959497474,0.6299568712286888,49.954075332601576,49.908150665203145,49.870085871850996,49.81004312023134,49.867785163552185,49.750000368611694,49.86548445525338,1.601003752751184e-11,5.074858369272345e-06,1.601003746233564e-11,5.074858369258305e-06,1e+21,0.0,0.0,0.45,0.45000000994601075,3.3336442833451937e-18
669.0,0.4500014295949942,0.629956871228716,49.95407533260157,49.90815066520315,49.87008587185099,49.81004312023136,49.867785163552185,49.75000036861173,49.86548445525339,1.6010037527504564e-11,5.074858369257298e-06,1.6010037635436117e-11,5.074858369258598e-06,1e+21,0.0,0.0,0.45,0.450000009946011,3.3336442833451933e-18
670.0,0.45000142959504463,0.6299568712287866,49.95407533260157,49.90815066520315,49.87008587185099,49.81004312023138,49.867785163552185,49.750000368611765,49.86548445525339,1.6010037527500925e-11,5.074858369257298e-06,1.6010037512244455e-11,5.074858369258605e-06,1e+21,0.0,0.0,0.45,0.45000000994601164,3.3336442833451933e-18
671.0,0.45000142959509126,0.6299568712288519,49.954075332601576,49.90815066520315,49.87008587185099,49.8100431202314,49.867785163552185,49.7500003686118,49.86548445525338,1.601003752749547e-11,5.074858369257298e-06,1.601003738905382e-11,5.0748583692583175e-06,1e+21,0.0,0.0,0.45,0.45000000994601225,3.3336442833451937e-18
672.0,0.45000142959505807,0.6299568712288055,49.954075332601576,49.90815066520315,49.87008587185099,49.81004312023142,49.867785163552185,49.750000368611836,49.86548445525338,1.6010037527490014e-11,5.074858369257298e-06,1.6010037265864205e-11,5.074858369258333e-06,1e+21,0.0,0.0,0.45,0.4500000099460118,3.3336442833451937e-18
673.0,0.45000142959495193,0.6299568712286568,49.95407533260157,49.908150665203145,49.870085871850996,49.81004312023143,49.867785163552185,49.75000036861188,49.86548445525338,1.6010037527488195e-11,5.074858369272345e-06,1.6010037438968602e-11,5.074858369258312e-06,1e+21,0.0,0.0,0.45,0.4500000099460104,3.3336442833451933e-18
674.0,0.4500014295949434,0.6299568712286449,49.95407533260157,49.908150665203145,49.870085871850996,49.810043120231455,49.86778516355219,49.75000036861191,49.86548445525338,1.6010037527480918e-11,5.074858369257298e-06,1.6010037315780994e-11,5.074858369258296e-06,1e+21,0.0,0.0,0.45,0.4500000099460103,3.3336442833451933e-18
675.0,0.45000142959498635,0.629956871228705,49.95407533260157,49.908150665203145,49.87008587185099,49.81004312023148,49.86778516355219,49.75000036861195,49.86548445525338,1.601003752747364e-11,5.07485836924225e-06,1.601003748888733e-11,5.0748583692582845e-06,1e+21,0.0,0.0,0.45,0.4500000099460109,3.3336442833451933e-18
676.0,0.45000142959503464,0.6299568712287726,49.95407533260157,49.90815066520315,49.87008587185099,49.81004312023149,49.867785163552185,49.75000036861199,49.86548445525338,1.6010037527470003e-11,5.074858369257298e-06,1.601003766199463e-11,5.07485836925828e-06,1e+21,0.0,0.0,0.45,0.4500000099460115,3.3336442833451933e-18
677.0,0.4500014295950245,0.6299568712287584,49.95407533260157,49.90815066520315,49.87008587185099,49.81004312023151,49.86778516355219,49.75000036861202,49.86548445525338,1.601003752746455e-11,5.07485836924225e-06,1.6010037242517145e-11,5.074858369258285e-06,1e+21,0.0,0.0,0.45,0.45000000994601136,3.3336442833451933e-18
678.0,0.45000142959496997,0.629956871228682,49.954075332601576,49.908150665203145,49.870085871850996,49.810043120231526,49.867785163552185,49.75000036861206,49.86548445525338,1.601003752746273e-11,5.074858369272345e-06,1.6010037415626415e-11,5.0748583692582785e-06,1e+21,0.0,0.0,0.45,0.45000000994601064,3.3336442833451937e-18
679.0,0.45000142959496386,0.6299568712286736,49.95407533260157,49.908150665203145,49.870085871850996,49.81004312023155,49.867785163552185,49.7500003686121,49.86548445525338,1.6010037527457272e-11,5.074858369272345e-06,1.6010037588736647e-11,5.074858369258269e-06,1e+21,0.0,0.0,0.45,0.4500000099460106,3.3336442833451933e-18
680.0,0.4500014295949878,0.6299568712287071,49.95407533260157,49.908150665203145,49.870085871850996,49.81004312023157,49.86778516355219,49.750000368612135,49.86548445525338,1.6010037527451815e-11,5.074858369257298e-06,1.6010037465555062e-11,5.074858369258263e-06,1e+21,0.0,0.0,0.45,0.4500000099460109,3.3336442833451933e-18
681.0,0.4500014295950233,0.6299568712287568,49.95407533260157,49.90815066520315,49.87008587185099,49.81004312023159,49.86778516355219,49.75000036861218,49.86548445525338,1.6010037527444538e-11,5.07485836924225e-06,1.6010037638667253e-11,5.074858369258266e-06,1e+21,0.0,0.0,0.45,0.4500000099460114,3.3336442833451933e-18
682.0,0.4500014295950244,0.6299568712287583,49.954075332601576,49.90815066520315,49.87008587185099,49.8100431202316,49.867785163552185,49.75000036861221,49.86548445525338,1.60100375274409e-11,5.074858369257298e-06,1.6010037515487662e-11,5.074858369258273e-06,1e+21,0.0,0.0,0.45,0.45000000994601136,3.3336442833451937e-18
683.0,0.45000142959497275,0.629956871228686,49.95407533260157,49.908150665203145,49.870085871850996,49.81004312023161,49.86778516355219,49.75000036861224,49.86548445525339,1.6010037527439084e-11,5.074858369257298e-06,1.6010037392309098e-11,5.074858369258569e-06,1e+21,0.0,0.0,0.45,0.4500000099460107,3.3336442833451933e-18
684.0,0.4500014295949697,0.6299568712286817,49.95407533260157,49.908150665203145,49.870085871850996,49.81004312023163,49.86778516355219,49.750000368612284,49.86548445525339,1.6010037527433623e-11,5.074858369257298e-06,1.601003756542422e-11,5.074858369258563e-06,1e+21,0.0,0.0,0.45,0.45000000994601064,3.3336442833451933e-18
685.0,0.4500014295949881,0.6299568712287075,49.954075332601576,49.908150665203145,49.870085871850996,49.810043120231654,49.867785163552185,49.750000368612326,49.86548445525338,1.601003752742817e-11,5.074858369272345e-06,1.601003773854029e-11,5.074858369258262e-06,1e+21,0.0,0.0,0.45,0.4500000099460109,3.3336442833451937e-18
686.0,0.4500014295950007,0.6299568712287251,49.954075332601576,49.908150665203145,49.87008587185099,49.810043120231676,49.867785163552185,49.75000036861236,49.86548445525338,1.6010037527420892e-11,5.074858369257298e-06,1.6010037615364725e-11,5.0748583692582565e-06,1e+21,0.0,0.0,0.45,0.4500000099460111,3.3336442833451937e-18
687.0,0.45000142959498735,0.6299568712287065,49.95407533260157,49.908150665203145,49.87008587185099,49.8100431202317,49.867785163552185,49.7500003686124,49.86548445525338,1.6010037527415435e-11,5.074858369257298e-06,1.6010037492190178e-11,5.074858369258255e-06,1e+21,0.0,0.0,0.45,0.4500000099460109,3.3336442833451933e-18
688.0,0.45000142959499567,0.6299568712287181,49.95407533260157,49.90815066520315,49.870085871850996,49.81004312023172,49.86778516355219,49.75000036861243,49.86548445525339,1.6010037527411797e-11,5.074858369257298e-06,1.60100376653092e-11,5.074858369258555e-06,1e+21,0.0,0.0,0.45,0.450000009946011,3.3336442833451933e-18
689.0,0.4500014295950207,0.6299568712287532,49.95407533260157,49.90815066520315,49.870085871850996,49.81004312023174,49.86778516355219,49.75000036861247,49.86548445525338,1.601003752740634e-11,5.074858369257298e-06,1.6010037542136642e-11,5.074858369258263e-06,1e+21,0.0,0.0,0.45,0.45000000994601136,3.3336442833451933e-18
690.0,0.4500014295950466,0.6299568712287893,49.95407533260157,49.90815066520315,49.87008587185099,49.810043120231754,49.867785163552185,49.75000036861251,49.86548445525338,1.6010037527400885e-11,5.074858369257298e-06,1.6010037715257602e-11,5.074858369258278e-06,1e+21,0.0,0.0,0.45,0.4500000099460117,3.3336442833451933e-18
691.0,0.45000142959505746,0.6299568712288046,49.95407533260157,49.90815066520315,49.87008587185099,49.81004312023177,49.867785163552185,49.75000036861255,49.86548445525338,1.6010037527395424e-11,5.074858369257298e-06,1.601003759208707e-11,5.074858369258296e-06,1e+21,0.0,0.0,0.45,0.4500000099460118,3.3336442833451933e-18
692.0,0.45000142959502115,0.6299568712287538,49.954075332601576,49.90815066520315,49.870085871850996,49.81004312023178,49.867785163552185,49.75000036861258,49.86548445525338,1.6010037527393608e-11,5.074858369272345e-06,1.6010037468917545e-11,5.074858369258298e-06,1e+21,0.0,0.0,0.45,0.45000000994601136,3.3336442833451937e-18
693.0,0.4500014295949779,0.6299568712286933,49.95407533260157,49.908150665203145,49.87008587185099,49.810043120231796,49.86778516355219,49.75000036861262,49.86548445525338,1.601003752738815e-11,5.07485836924225e-06,1.6010037642041445e-11,5.074858369258288e-06,1e+21,0.0,0.0,0.45,0.4500000099460108,3.3336442833451933e-18
694.0,0.45000142959500034,0.6299568712287247,49.95407533260157,49.908150665203145,49.87008587185099,49.81004312023182,49.86778516355219,49.75000036861265,49.86548445525338,1.6010037527382693e-11,5.07485836924225e-06,1.601003751887393e-11,5.074858369258289e-06,1e+21,0.0,0.0,0.45,0.4500000099460111,3.3336442833451933e-18
695.0,0.45000142959504497,0.6299568712287871,49.954075332601576,49.90815066520315,49.87008587185099,49.81004312023184,49.867785163552185,49.750000368612696,49.86548445525338,1.6010037527377236e-11,5.074858369257298e-06,1.601003769199978e-11,5.074858369258298e-06,1e+21,0.0,0.0,0.45,0.4500000099460117,3.3336442833451937e-18
696.0,0.45000142959506856,0.6299568712288202,49.954075332601576,49.90815066520315,49.870085871850996,49.81004312023186,49.867785163552185,49.75000036861273,49.86548445525338,1.6010037527373598e-11,5.074858369272345e-06,1.6010037568834265e-11,5.074858369258308e-06,1e+21,0.0,0.0,0.45,0.45000000994601197,3.3336442833451937e-18
697.0,0.4500014295950212,0.6299568712287539,49.95407533260157,49.90815066520315,49.870085871850996,49.81004312023188,49.867785163552185,49.75000036861276,49.86548445525338,1.6010037527368143e-11,5.074858369272345e-06,1.601003744566978e-11,5.074858369258311e-06,1e+21,0.0,0.0,0.45,0.4500000099460113,3.3336442833451933e-18
698.0,0.4500014295949752,0.6299568712286894,49.954075332601576,49.908150665203145,49.87008587185099,49.8100431202319,49.867785163552185,49.7500003686128,49.86548445525338,1.6010037527360867e-11,5.074858369257298e-06,1.601003761879857e-11,5.074858369258298e-06,1e+21,0.0,0.0,0.45,0.45000000994601075,3.3336442833451937e-18
699.0,0.4500014295949946,0.6299568712287166,49.954075332601576,49.908150665203145,49.87008587185099,49.810043120231924,49.867785163552185,49.750000368612845,49.86548445525338,1.6010037527355406e-11,5.074858369257298e-06,1.60100377919283e-11,5.074858369258296e-06,1e+21,0.0,0.0,0.45,0.45000000994601097,3.3336442833451937e-18
700.0,0.4500014295950448,0.6299568712287869,49.954075332601576,49.90815066520315,49.87008587185099,49.81004312023194,49.867785163552185,49.75000036861288,49.86548445525338,1.6010037527351768e-11,5.074858369257298e-06,1.6010037668766814e-11,5.074858369258298e-06,1e+21,0.0,0.0,0.45,0.45000000994601164,3.3336442833451937e-18
701.0,0.4500014295950914,0.629956871228852,49.954075332601576,49.90815066520315,49.87008587185099,49.81004312023195,49.867785163552185,49.750000368612916,49.86548445525338,1.6010037527346314e-11,5.074858369257298e-06,1.601003754560634e-11,5.074858369258314e-06,1e+21,0.0,0.0,0.45,0.45000000994601225,3.3336442833451937e-18
702.0,0.4500014295950559,0.6299568712288024,49.954075332601576,49.90815066520315,49.870085871850996,49.810043120231974,49.867785163552185,49.750000368612945,49.86548445525338,1.6010037527342675e-11,5.074858369272345e-06,1.6010037422446884e-11,5.074858369258324e-06,1e+21,0.0,0.0,0.45,0.4500000099460118,3.3336442833451937e-18
703.0,0.4500014295949611,0.6299568712286697,49.95407533260157,49.908150665203145,49.87008587185099,49.81004312023198,49.867785163552185,49.75000036861299,49.86548445525338,1.6010037527339037e-11,5.074858369257298e-06,1.6010037595580546e-11,5.074858369258308e-06,1e+21,0.0,0.0,0.45,0.4500000099460105,3.3336442833451933e-18
704.0,0.4500014295949808,0.6299568712286973,49.95407533260157,49.908150665203145,49.87008587185099,49.810043120232,49.867785163552185,49.75000036861302,49.86548445525338,1.6010037527333583e-11,5.074858369257298e-06,1.6010037472423098e-11,5.0748583692583065e-06,1e+21,0.0,0.0,0.45,0.4500000099460108,3.3336442833451933e-18
705.0,0.45000142959504413,0.629956871228786,49.95407533260157,49.90815066520315,49.87008587185099,49.81004312023203,49.867785163552185,49.75000036861306,49.86548445525338,1.6010037527326306e-11,5.074858369257298e-06,1.601003734926667e-11,5.074858369258308e-06,1e+21,0.0,0.0,0.45,0.45000000994601164,3.3336442833451933e-18
706.0,0.4500014295950802,0.6299568712288365,49.95407533260157,49.90815066520315,49.87008587185099,49.810043120232045,49.867785163552185,49.750000368613094,49.86548445525338,1.6010037527322668e-11,5.074858369257298e-06,1.6010037522403254e-11,5.0748583692583226e-06,1e+21,0.0,0.0,0.45,0.45000000994601214,3.3336442833451933e-18
707.0,0.4500014295950211,0.6299568712287537,49.95407533260157,49.908150665203145,49.87008587185099,49.810043120232066,49.867785163552185,49.75000036861313,49.86548445525338,1.601003752731721e-11,5.074858369257298e-06,1.6010037399248836e-11,5.074858369258319e-06,1e+21,0.0,0.0,0.45,0.4500000099460113,3.3336442833451933e-18
708.0,0.45000142959497486,0.6299568712286889,49.954075332601576,49.908150665203145,49.870085871850996,49.81004312023209,49.867785163552185,49.75000036861317,49.86548445525338,1.6010037527313572e-11,5.074858369272345e-06,1.6010037572387384e-11,5.074858369258305e-06,1e+21,0.0,0.0,0.45,0.45000000994601075,3.3336442833451937e-18
709.0,0.45000142959499434,0.6299568712287162,49.954075332601576,49.90815066520315,49.87008587185099,49.8100431202321,49.867785163552185,49.750000368613215,49.86548445525338,1.6010037527308115e-11,5.074858369257298e-06,1.6010037745526884e-11,5.074858369258298e-06,1e+21,0.0,0.0,0.45,0.450000009946011,3.3336442833451937e-18
710.0,0.45000142959504486,0.629956871228787,49.954075332601576,49.90815066520315,49.87008587185099,49.810043120232116,49.867785163552185,49.75000036861325,49.86548445525339,1.6010037527302657e-11,5.074858369257298e-06,1.601003762237546e-11,5.074858369258605e-06,1e+21,0.0,0.0,0.45,0.4500000099460117,3.3336442833451937e-18
711.0,0.4500014295950915,0.6299568712288522,49.954075332601576,49.90815066520315,49.87008587185099,49.81004312023213,49.867785163552185,49.75000036861328,49.86548445525338,1.601003752729902e-11,5.074858369257298e-06,1.6010037499225045e-11,5.0748583692583175e-06,1e+21,0.0,0.0,0.45,0.4500000099460123,3.3336442833451937e-18
712.0,0.4500014295950582,0.6299568712288056,49.95407533260157,49.90815066520315,49.87008587185099,49.810043120232145,49.867785163552185,49.75000036861332,49.86548445525338,1.601003752729538e-11,5.074858369257298e-06,1.601003767236749e-11,5.074858369258333e-06,1e+21,0.0,0.0,0.45,0.4500000099460118,3.3336442833451933e-18
713.0,0.4500014295949519,0.6299568712286567,49.95407533260157,49.908150665203145,49.870085871850996,49.81004312023217,49.867785163552185,49.75000036861336,49.86548445525338,1.6010037527289926e-11,5.074858369272345e-06,1.6010037549219092e-11,5.074858369258312e-06,1e+21,0.0,0.0,0.45,0.4500000099460104,3.3336442833451933e-18
714.0,0.4500014295949433,0.6299568712286447,49.95407533260157,49.908150665203145,49.870085871850996,49.81004312023219,49.86778516355219,49.75000036861339,49.86548445525338,1.6010037527286288e-11,5.074858369257298e-06,1.6010037426071706e-11,5.074858369258296e-06,1e+21,0.0,0.0,0.45,0.4500000099460103,3.3336442833451933e-18
715.0,0.45000142959498624,0.6299568712287049,49.954075332601576,49.908150665203145,49.87008587185099,49.81004312023221,49.86778516355219,49.75000036861343,49.86548445525338,1.601003752727901e-11,5.07485836924225e-06,1.6010037302925334e-11,5.0748583692582845e-06,1e+21,0.0,0.0,0.45,0.4500000099460109,3.3336442833451937e-18
716.0,0.45000142959503453,0.6299568712287725,49.954075332601576,49.90815066520315,49.87008587185099,49.81004312023223,49.867785163552185,49.75000036861346,49.86548445525338,1.6010037527273554e-11,5.074858369257298e-06,1.6010037476071698e-11,5.07485836925828e-06,1e+21,0.0,0.0,0.45,0.4500000099460115,3.3336442833451937e-18
717.0,0.4500014295950244,0.6299568712287583,49.95407533260157,49.90815066520315,49.87008587185099,49.81004312023225,49.86778516355219,49.750000368613506,49.86548445525338,1.6010037527268097e-11,5.07485836924225e-06,1.6010037649219024e-11,5.074858369258285e-06,1e+21,0.0,0.0,0.45,0.45000000994601136,3.3336442833451933e-18
718.0,0.45000142959496997,0.629956871228682,49.954075332601576,49.908150665203145,49.870085871850996,49.81004312023227,49.867785163552185,49.75000036861354,49.86548445525338,1.6010037527264458e-11,5.074858369272345e-06,1.601003752607565e-11,5.0748583692582785e-06,1e+21,0.0,0.0,0.45,0.45000000994601064,3.3336442833451937e-18
719.0,0.4500014295949639,0.6299568712286736,49.954075332601576,49.908150665203145,49.870085871850996,49.81004312023229,49.867785163552185,49.75000036861358,49.86548445525338,1.6010037527259004e-11,5.074858369272345e-06,1.6010037402933296e-11,5.074858369258269e-06,1e+21,0.0,0.0,0.45,0.4500000099460106,3.3336442833451937e-18
720.0,0.4500014295949879,0.6299568712287072,49.95407533260157,49.908150665203145,49.870085871850996,49.8100431202323,49.86778516355219,49.75000036861361,49.86548445525338,1.6010037527255366e-11,5.074858369257298e-06,1.601003757608355e-11,5.074858369258263e-06,1e+21,0.0,0.0,0.45,0.4500000099460109,3.3336442833451933e-18
721.0,0.45000142959502343,0.629956871228757,49.95407533260157,49.90815066520315,49.87008587185099,49.81004312023232,49.86778516355219,49.75000036861365,49.86548445525338,1.601003752724809e-11,5.07485836924225e-06,1.6010037452943208e-11,5.074858369258266e-06,1e+21,0.0,0.0,0.45,0.4500000099460114,3.3336442833451933e-18
722.0,0.4500014295950244,0.6299568712287583,49.95407533260157,49.90815066520315,49.87008587185099,49.81004312023234,49.867785163552185,49.75000036861369,49.86548445525338,1.6010037527242632e-11,5.074858369257298e-06,1.601003762609541e-11,5.074858369258273e-06,1e+21,0.0,0.0,0.45,0.45000000994601136,3.3336442833451933e-18
723.0,0.45000142959497275,0.629956871228686,49.954075332601576,49.908150665203145,49.870085871850996,49.810043120232365,49.86778516355219,49.75000036861372,49.86548445525339,1.6010037527238993e-11,5.074858369257298e-06,1.6010037206665564e-11,5.074858369258569e-06,1e+21,0.0,0.0,0.45,0.4500000099460107,3.3336442833451937e-18
724.0,0.45000142959496986,0.6299568712286819,49.954075332601576,49.908150665203145,49.870085871850996,49.81004312023238,49.86778516355219,49.75000036861376,49.86548445525339,1.6010037527235355e-11,5.074858369257298e-06,1.6010037379819756e-11,5.074858369258566e-06,1e+21,0.0,0.0,0.45,0.45000000994601064,3.3336442833451937e-18
725.0,0.45000142959498834,0.6299568712287078,49.954075332601576,49.908150665203145,49.870085871850996,49.8100431202324,49.867785163552185,49.7500003686138,49.86548445525338,1.6010037527229898e-11,5.074858369272345e-06,1.60100375529749e-11,5.074858369258262e-06,1e+21,0.0,0.0,0.45,0.4500000099460109,3.3336442833451937e-18
726.0,0.45000142959500083,0.6299568712287253,49.95407533260157,49.908150665203145,49.87008587185099,49.810043120232415,49.867785163552185,49.75000036861384,49.86548445525338,1.601003752722444e-11,5.074858369257298e-06,1.6010037726130995e-11,5.0748583692582565e-06,1e+21,0.0,0.0,0.45,0.4500000099460111,3.3336442833451933e-18
727.0,0.45000142959498723,0.6299568712287062,49.95407533260157,49.908150665203145,49.87008587185099,49.810043120232436,49.867785163552185,49.750000368613875,49.86548445525338,1.6010037527218986e-11,5.074858369257298e-06,1.6010037602996672e-11,5.074858369258255e-06,1e+21,0.0,0.0,0.45,0.4500000099460109,3.3336442833451933e-18
728.0,0.45000142959499567,0.6299568712287181,49.954075332601576,49.90815066520315,49.870085871850996,49.81004312023245,49.86778516355219,49.75000036861391,49.86548445525338,1.6010037527217164e-11,5.074858369257298e-06,1.6010037479863358e-11,5.074858369258255e-06,1e+21,0.0,0.0,0.45,0.450000009946011,3.3336442833451937e-18
729.0,0.45000142959502076,0.6299568712287532,49.954075332601576,49.90815066520315,49.870085871850996,49.810043120232464,49.86778516355219,49.75000036861395,49.86548445525338,1.601003752721171e-11,5.074858369257298e-06,1.6010037356731068e-11,5.074858369258263e-06,1e+21,0.0,0.0,0.45,0.45000000994601136,3.3336442833451937e-18
730.0,0.45000142959504663,0.6299568712287894,49.954075332601576,49.90815066520315,49.87008587185099,49.810043120232486,49.867785163552185,49.75000036861398,49.86548445525338,1.6010037527204433e-11,5.074858369257298e-06,1.60100375298911e-11,5.0748583692582785e-06,1e+21,0.0,0.0,0.45,0.4500000099460117,3.3336442833451937e-18
731.0,0.45000142959505757,0.6299568712288047,49.95407533260157,49.90815066520315,49.87008587185099,49.81004312023251,49.867785163552185,49.75000036861402,49.86548445525338,1.6010037527198975e-11,5.074858369257298e-06,1.601003740676082e-11,5.074858369258296e-06,1e+21,0.0,0.0,0.45,0.4500000099460118,3.3336442833451933e-18
732.0,0.45000142959502115,0.6299568712287538,49.95407533260157,49.90815066520315,49.870085871850996,49.81004312023253,49.867785163552185,49.75000036861405,49.86548445525338,1.601003752719534e-11,5.074858369272345e-06,1.6010037283631547e-11,5.074858369258298e-06,1e+21,0.0,0.0,0.45,0.45000000994601136,3.3336442833451933e-18
733.0,0.45000142959497785,0.6299568712286931,49.954075332601576,49.908150665203145,49.87008587185099,49.81004312023255,49.86778516355219,49.750000368614096,49.86548445525338,1.6010037527188064e-11,5.07485836924225e-06,1.6010037456794512e-11,5.074858369258288e-06,1e+21,0.0,0.0,0.45,0.4500000099460108,3.3336442833451937e-18
734.0,0.4500014295950004,0.6299568712287247,49.954075332601576,49.908150665203145,49.87008587185099,49.810043120232564,49.86778516355219,49.75000036861413,49.86548445525338,1.6010037527184425e-11,5.07485836924225e-06,1.6010037629958434e-11,5.074858369258289e-06,1e+21,0.0,0.0,0.45,0.4500000099460111,3.3336442833451937e-18
735.0,0.4500014295950452,0.6299568712287874,49.954075332601576,49.90815066520315,49.87008587185099,49.810043120232585,49.867785163552185,49.75000036861417,49.86548445525338,1.6010037527178965e-11,5.074858369257298e-06,1.6010037506832157e-11,5.074858369258298e-06,1e+21,0.0,0.0,0.45,0.4500000099460117,3.3336442833451937e-18
736.0,0.4500014295950688,0.6299568712288205,49.954075332601576,49.90815066520315,49.870085871850996,49.8100431202326,49.867785163552185,49.7500003686142,49.86548445525338,1.601003752717715e-11,5.074858369272345e-06,1.6010037383706904e-11,5.074858369258308e-06,1e+21,0.0,0.0,0.45,0.45000000994601197,3.3336442833451937e-18
737.0,0.4500014295950213,0.629956871228754,49.954075332601576,49.90815066520315,49.870085871850996,49.81004312023262,49.867785163552185,49.75000036861424,49.86548445525338,1.601003752717169e-11,5.074858369272345e-06,1.6010037260582676e-11,5.074858369258311e-06,1e+21,0.0,0.0,0.45,0.4500000099460113,3.3336442833451937e-18
738.0,0.45000142959497524,0.6299568712286895,49.95407533260157,49.908150665203145,49.87008587185099,49.810043120232635,49.867785163552185,49.75000036861428,49.86548445525338,1.6010037527164415e-11,5.074858369257298e-06,1.6010037433750517e-11,5.074858369258298e-06,1e+21,0.0,0.0,0.45,0.45000000994601075,3.3336442833451933e-18
739.0,0.4500014295949947,0.6299568712287167,49.95407533260157,49.908150665203145,49.87008587185099,49.810043120232656,49.867785163552185,49.750000368614316,49.86548445525338,1.6010037527158957e-11,5.074858369257298e-06,1.6010037606919328e-11,5.074858369258296e-06,1e+21,0.0,0.0,0.45,0.450000009946011,3.3336442833451933e-18
740.0,0.4500014295950449,0.6299568712287871,49.954075332601576,49.90815066520315,49.87008587185099,49.81004312023267,49.867785163552185,49.75000036861435,49.86548445525338,1.601003752715532e-11,5.074858369257298e-06,1.6010037483798088e-11,5.074858369258298e-06,1e+21,0.0,0.0,0.45,0.45000000994601164,3.3336442833451937e-18
741.0,0.4500014295950914,0.629956871228852,49.954075332601576,49.90815066520315,49.87008587185099,49.81004312023269,49.867785163552185,49.75000036861439,49.86548445525338,1.601003752714986e-11,5.074858369257298e-06,1.6010037360677863e-11,5.074858369258314e-06,1e+21,0.0,0.0,0.45,0.45000000994601225,3.3336442833451937e-18
742.0,0.4500014295950558,0.6299568712288023,49.954075332601576,49.90815066520315,49.870085871850996,49.81004312023271,49.867785163552185,49.75000036861443,49.86548445525338,1.6010037527146223e-11,5.074858369272345e-06,1.60100375338496e-11,5.074858369258324e-06,1e+21,0.0,0.0,0.45,0.4500000099460118,3.3336442833451937e-18
743.0,0.4500014295949611,0.6299568712286697,49.954075332601576,49.908150665203145,49.87008587185099,49.81004312023273,49.867785163552185,49.750000368614465,49.86548445525338,1.601003752714077e-11,5.074858369257298e-06,1.601003741073139e-11,5.074858369258308e-06,1e+21,0.0,0.0,0.45,0.4500000099460105,3.3336442833451937e-18
744.0,0.4500014295949808,0.6299568712286973,49.954075332601576,49.908150665203145,49.87008587185099,49.810043120232756,49.867785163552185,49.7500003686145,49.86548445525338,1.6010037527133492e-11,5.074858369257298e-06,1.6010037583905076e-11,5.0748583692583065e-06,1e+21,0.0,0.0,0.45,0.4500000099460108,3.3336442833451937e-18
745.0,0.450001429595044,0.6299568712287859,49.954075332601576,49.90815066520315,49.87008587185099,49.81004312023277,49.867785163552185,49.750000368614536,49.86548445525338,1.6010037527129854e-11,5.074858369257298e-06,1.6010037460788874e-11,5.074858369258308e-06,1e+21,0.0,0.0,0.45,0.45000000994601164,3.3336442833451937e-18
746.0,0.45000142959508016,0.6299568712288364,49.954075332601576,49.90815066520315,49.87008587185099,49.810043120232784,49.867785163552185,49.75000036861458,49.86548445525338,1.6010037527126216e-11,5.074858369257298e-06,1.6010037633964502e-11,5.074858369258319e-06,1e+21,0.0,0.0,0.45,0.45000000994601214,3.3336442833451937e-18
747.0,0.45000142959502115,0.6299568712287538,49.954075332601576,49.908150665203145,49.87008587185099,49.8100431202328,49.867785163552185,49.75000036861462,49.86548445525338,1.601003752712076e-11,5.074858369257298e-06,1.6010037807141096e-11,5.074858369258319e-06,1e+21,0.0,0.0,0.45,0.4500000099460113,3.3336442833451937e-18
748.0,0.4500014295949748,0.6299568712286889,49.95407533260157,49.908150665203145,49.870085871850996,49.81004312023281,49.867785163552185,49.75000036861465,49.86548445525338,1.601003752711894e-11,5.074858369272345e-06,1.6010037684027886e-11,5.074858369258305e-06,1e+21,0.0,0.0,0.45,0.45000000994601075,3.3336442833451933e-18
749.0,0.4500014295949942,0.629956871228716,49.95407533260157,49.90815066520315,49.87008587185099,49.810043120232834,49.867785163552185,49.750000368614685,49.86548445525338,1.6010037527111663e-11,5.074858369257298e-06,1.601003756091568e-11,5.074858369258298e-06,1e+21,0.0,0.0,0.45,0.450000009946011,3.3336442833451933e-18
750.0,0.45000142959504463,0.6299568712287866,49.95407533260157,49.90815066520315,49.87008587185099,49.810043120232855,49.867785163552185,49.75000036861473,49.86548445525339,1.6010037527106208e-11,5.074858369257298e-06,1.6010037734095225e-11,5.074858369258602e-06,1e+21,0.0,0.0,0.45,0.4500000099460117,3.3336442833451933e-18
751.0,0.4500014295950913,0.6299568712288519,49.95407533260157,49.90815066520315,49.87008587185099,49.810043120232876,49.867785163552185,49.750000368614764,49.86548445525338,1.6010037527100748e-11,5.074858369257298e-06,1.601003761098504e-11,5.0748583692583175e-06,1e+21,0.0,0.0,0.45,0.4500000099460123,3.3336442833451933e-18
752.0,0.4500014295950582,0.6299568712288056,49.95407533260157,49.90815066520315,49.87008587185099,49.8100431202329,49.867785163552185,49.7500003686148,49.86548445525338,1.6010037527095293e-11,5.074858369257298e-06,1.6010037487875866e-11,5.074858369258333e-06,1e+21,0.0,0.0,0.45,0.4500000099460118,3.3336442833451933e-18
753.0,0.45000142959495193,0.6299568712286568,49.954075332601576,49.908150665203145,49.870085871850996,49.81004312023291,49.867785163552185,49.750000368614835,49.86548445525338,1.6010037527093474e-11,5.074858369272345e-06,1.6010037661058337e-11,5.074858369258312e-06,1e+21,0.0,0.0,0.45,0.4500000099460104,3.3336442833451937e-18
754.0,0.4500014295949433,0.6299568712286447,49.954075332601576,49.908150665203145,49.870085871850996,49.81004312023294,49.86778516355219,49.75000036861487,49.86548445525338,1.6010037527086198e-11,5.074858369257298e-06,1.6010037537951167e-11,5.074858369258296e-06,1e+21,0.0,0.0,0.45,0.4500000099460103,3.3336442833451937e-18
755.0,0.4500014295949863,0.6299568712287049,49.954075332601576,49.908150665203145,49.87008587185099,49.810043120232955,49.867785163552185,49.75000036861491,49.86548445525338,1.601003752708074e-11,5.074858369257298e-06,1.6010037711135574e-11,5.0748583692582845e-06,1e+21,0.0,0.0,0.45,0.4500000099460109,3.3336442833451937e-18
756.0,0.4500014295950346,0.6299568712287726,49.95407533260157,49.90815066520315,49.87008587185099,49.81004312023296,49.867785163552185,49.75000036861495,49.86548445525338,1.6010037527077102e-11,5.074858369257298e-06,1.6010037588030426e-11,5.07485836925828e-06,1e+21,0.0,0.0,0.45,0.4500000099460115,3.3336442833451933e-18
757.0,0.4500014295950244,0.6299568712287583,49.95407533260157,49.90815066520315,49.87008587185099,49.81004312023298,49.86778516355219,49.75000036861498,49.86548445525338,1.6010037527071644e-11,5.07485836924225e-06,1.6010037464926286e-11,5.074858369258285e-06,1e+21,0.0,0.0,0.45,0.45000000994601136,3.3336442833451933e-18
758.0,0.45000142959496997,0.629956871228682,49.954075332601576,49.908150665203145,49.870085871850996,49.810043120233,49.867785163552185,49.75000036861502,49.86548445525338,1.601003752706983e-11,5.074858369272345e-06,1.6010037638113637e-11,5.0748583692582785e-06,1e+21,0.0,0.0,0.45,0.45000000994601064,3.3336442833451937e-18
759.0,0.4500014295949639,0.6299568712286736,49.954075332601576,49.908150665203145,49.870085871850996,49.81004312023302,49.867785163552185,49.750000368615055,49.86548445525338,1.601003752706437e-11,5.074858369272345e-06,1.60100375150115e-11,5.074858369258269e-06,1e+21,0.0,0.0,0.45,0.4500000099460106,3.3336442833451937e-18
760.0,0.45000142959498785,0.6299568712287071,49.95407533260157,49.908150665203145,49.870085871850996,49.81004312023304,49.86778516355219,49.7500003686151,49.86548445525338,1.6010037527058914e-11,5.074858369257298e-06,1.6010037688200796e-11,5.074858369258263e-06,1e+21,0.0,0.0,0.45,0.4500000099460109,3.3336442833451933e-18
761.0,0.4500014295950234,0.6299568712287569,49.95407533260157,49.90815066520315,49.87008587185099,49.81004312023306,49.86778516355219,49.75000036861513,49.86548445525338,1.6010037527051637e-11,5.07485836924225e-06,1.6010037565100672e-11,5.074858369258266e-06,1e+21,0.0,0.0,0.45,0.4500000099460114,3.3336442833451933e-18
762.0,0.45000142959502437,0.6299568712287582,49.95407533260157,49.90815066520315,49.87008587185099,49.81004312023308,49.867785163552185,49.75000036861516,49.86548445525338,1.6010037527046183e-11,5.074858369257298e-06,1.6010037442001563e-11,5.074858369258273e-06,1e+21,0.0,0.0,0.45,0.45000000994601136,3.3336442833451933e-18
763.0,0.45000142959497275,0.629956871228686,49.954075332601576,49.908150665203145,49.870085871850996,49.810043120233104,49.86778516355219,49.750000368615204,49.86548445525339,1.6010037527042544e-11,5.074858369257298e-06,1.6010037615193793e-11,5.074858369258569e-06,1e+21,0.0,0.0,0.45,0.4500000099460107,3.3336442833451937e-18
764.0,0.45000142959496986,0.6299568712286819,49.954075332601576,49.908150665203145,49.870085871850996,49.81004312023312,49.86778516355219,49.75000036861525,49.86548445525339,1.6010037527038906e-11,5.074858369257298e-06,1.601003778838699e-11,5.074858369258566e-06,1e+21,0.0,0.0,0.45,0.45000000994601064,3.3336442833451937e-18
765.0,0.45000142959498834,0.6299568712287078,49.954075332601576,49.908150665203145,49.870085871850996,49.81004312023313,49.867785163552185,49.75000036861528,49.86548445525338,1.6010037527033446e-11,5.074858369272345e-06,1.6010037665290875e-11,5.074858369258262e-06,1e+21,0.0,0.0,0.45,0.4500000099460109,3.3336442833451937e-18
766.0,0.45000142959500083,0.6299568712287253,49.954075332601576,49.908150665203145,49.87008587185099,49.810043120233146,49.867785163552185,49.75000036861532,49.86548445525338,1.601003752702799e-11,5.074858369257298e-06,1.6010037542195786e-11,5.074858369258258e-06,1e+21,0.0,0.0,0.45,0.4500000099460111,3.3336442833451937e-18
767.0,0.4500014295949872,0.6299568712287061,49.954075332601576,49.908150665203145,49.87008587185099,49.81004312023317,49.867785163552185,49.750000368615346,49.86548445525338,1.6010037527022534e-11,5.074858369257298e-06,1.6010037419101707e-11,5.074858369258255e-06,1e+21,0.0,0.0,0.45,0.4500000099460109,3.3336442833451937e-18
768.0,0.45000142959499567,0.6299568712287181,49.95407533260157,49.90815066520315,49.870085871850996,49.81004312023319,49.86778516355219,49.75000036861539,49.86548445525338,1.6010037527018896e-11,5.074858369257298e-06,1.6010037592298823e-11,5.074858369258255e-06,1e+21,0.0,0.0,0.45,0.450000009946011,3.3336442833451933e-18
769.0,0.4500014295950207,0.6299568712287532,49.95407533260157,49.90815066520315,49.870085871850996,49.8100431202332,49.86778516355219,49.750000368615424,49.86548445525338,1.6010037527015257e-11,5.074858369257298e-06,1.6010037469206748e-11,5.074858369258263e-06,1e+21,0.0,0.0,0.45,0.45000000994601136,3.3336442833451933e-18
770.0,0.4500014295950466,0.6299568712287893,49.95407533260157,49.90815066520315,49.87008587185099,49.810043120233225,49.867785163552185,49.75000036861546,49.86548445525338,1.601003752700798e-11,5.074858369257298e-06,1.6010037346115707e-11,5.0748583692582785e-06,1e+21,0.0,0.0,0.45,0.4500000099460117,3.3336442833451933e-18
771.0,0.4500014295950575,0.6299568712288046,49.95407533260157,49.90815066520315,49.87008587185099,49.810043120233246,49.867785163552185,49.750000368615495,49.86548445525338,1.6010037527002523e-11,5.074858369257298e-06,1.6010037519315753e-11,5.074858369258296e-06,1e+21,0.0,0.0,0.45,0.4500000099460118,3.3336442833451933e-18
772.0,0.45000142959502115,0.6299568712287538,49.954075332601576,49.90815066520315,49.870085871850996,49.81004312023327,49.867785163552185,49.75000036861554,49.86548445525338,1.6010037526998888e-11,5.074858369272345e-06,1.6010037692516766e-11,5.074858369258298e-06,1e+21,0.0,0.0,0.45,0.45000000994601136,3.3336442833451937e-18
773.0,0.45000142959497785,0.6299568712286931,49.95407533260157,49.908150665203145,49.87008587185099,49.81004312023329,49.86778516355219,49.750000368615574,49.86548445525338,1.601003752699161e-11,5.07485836924225e-06,1.601003756942871e-11,5.074858369258288e-06,1e+21,0.0,0.0,0.45,0.4500000099460108,3.3336442833451933e-18
774.0,0.4500014295950003,0.6299568712287246,49.95407533260157,49.908150665203145,49.87008587185099,49.8100431202333,49.86778516355219,49.75000036861561,49.86548445525338,1.6010037526987973e-11,5.07485836924225e-06,1.6010037446341673e-11,5.074858369258289e-06,1e+21,0.0,0.0,0.45,0.4500000099460111,3.3336442833451933e-18
775.0,0.450001429595045,0.6299568712287872,49.95407533260157,49.90815066520315,49.87008587185099,49.81004312023332,49.867785163552185,49.750000368615645,49.86548445525338,1.6010037526982516e-11,5.074858369257298e-06,1.6010037323255653e-11,5.074858369258298e-06,1e+21,0.0,0.0,0.45,0.4500000099460117,3.3336442833451933e-18
776.0,0.4500014295950686,0.6299568712288203,49.95407533260157,49.90815066520315,49.870085871850996,49.81004312023333,49.867785163552185,49.75000036861568,49.86548445525338,1.6010037526980697e-11,5.074858369272345e-06,1.6010037496460595e-11,5.074858369258308e-06,1e+21,0.0,0.0,0.45,0.45000000994601197,3.3336442833451933e-18
777.0,0.4500014295950212,0.6299568712287539,49.95407533260157,49.90815066520315,49.870085871850996,49.81004312023336,49.867785163552185,49.75000036861572,49.86548445525338,1.601003752697342e-11,5.074858369272345e-06,1.6010037669666473e-11,5.074858369258311e-06,1e+21,0.0,0.0,0.45,0.4500000099460113,3.3336442833451933e-18
778.0,0.4500014295949752,0.6299568712286894,49.954075332601576,49.908150665203145,49.87008587185099,49.810043120233374,49.867785163552185,49.75000036861576,49.86548445525338,1.6010037526967966e-11,5.074858369257298e-06,1.6010037546583446e-11,5.074858369258298e-06,1e+21,0.0,0.0,0.45,0.45000000994601075,3.3336442833451937e-18
779.0,0.4500014295949946,0.6299568712287166,49.95407533260157,49.908150665203145,49.87008587185099,49.810043120233395,49.867785163552185,49.750000368615794,49.86548445525338,1.6010037526962505e-11,5.074858369257298e-06,1.601003742350145e-11,5.074858369258296e-06,1e+21,0.0,0.0,0.45,0.450000009946011,3.3336442833451933e-18
780.0,0.45000142959504486,0.629956871228787,49.95407533260157,49.90815066520315,49.87008587185099,49.81004312023341,49.867785163552185,49.75000036861583,49.86548445525338,1.6010037526958867e-11,5.074858369257298e-06,1.601003730042046e-11,5.074858369258298e-06,1e+21,0.0,0.0,0.45,0.45000000994601164,3.3336442833451933e-18
781.0,0.4500014295950914,0.629956871228852,49.95407533260157,49.90815066520315,49.87008587185099,49.81004312023343,49.867785163552185,49.750000368615865,49.86548445525338,1.6010037526953413e-11,5.074858369257298e-06,1.601003747363027e-11,5.074858369258314e-06,1e+21,0.0,0.0,0.45,0.45000000994601225,3.333644283345193e-18
782.0,0.45000142959505585,0.6299568712288024,49.95407533260157,49.90815066520315,49.870085871850996,49.81004312023345,49.867785163552185,49.75000036861591,49.86548445525338,1.6010037526949774e-11,5.074858369272345e-06,1.6010037646841048e-11,5.074858369258324e-06,1e+21,0.0,0.0,0.45,0.4500000099460118,3.3336442833451933e-18
783.0,0.45000142959496114,0.6299568712286698,49.954075332601576,49.908150665203145,49.87008587185099,49.81004312023347,49.867785163552185,49.75000036861595,49.86548445525338,1.6010037526942498e-11,5.074858369257298e-06,1.6010037820052784e-11,5.074858369258308e-06,1e+21,0.0,0.0,0.45,0.4500000099460105,3.3336442833451937e-18
784.0,0.4500014295949808,0.6299568712286973,49.95407533260157,49.908150665203145,49.87008587185099,49.81004312023349,49.867785163552185,49.750000368615986,49.86548445525338,1.601003752693704e-11,5.074858369257298e-06,1.6010037696975773e-11,5.0748583692583065e-06,1e+21,0.0,0.0,0.45,0.4500000099460108,3.3336442833451933e-18
785.0,0.450001429595044,0.6299568712287859,49.95407533260157,49.90815066520315,49.87008587185099,49.8100431202335,49.867785163552185,49.750000368616014,49.86548445525338,1.6010037526933402e-11,5.074858369257298e-06,1.6010037573899793e-11,5.074858369258308e-06,1e+21,0.0,0.0,0.45,0.45000000994601164,3.3336442833451933e-18
786.0,0.45000142959508016,0.6299568712288364,49.95407533260157,49.90815066520315,49.87008587185099,49.81004312023352,49.867785163552185,49.75000036861605,49.86548445525338,1.6010037526927948e-11,5.074858369257298e-06,1.6010037450824827e-11,5.0748583692583226e-06,1e+21,0.0,0.0,0.45,0.45000000994601214,3.3336442833451933e-18
787.0,0.45000142959502104,0.6299568712287535,49.954075332601576,49.908150665203145,49.87008587185099,49.810043120233544,49.867785163552185,49.75000036861609,49.86548445525338,1.601003752692249e-11,5.074858369257298e-06,1.6010037624040486e-11,5.0748583692583226e-06,1e+21,0.0,0.0,0.45,0.4500000099460113,3.3336442833451937e-18
788.0,0.4500014295949747,0.6299568712286887,49.95407533260157,49.908150665203145,49.870085871850996,49.81004312023356,49.867785163552185,49.75000036861612,49.86548445525338,1.601003752692067e-11,5.074858369272345e-06,1.6010037204677952e-11,5.074858369258305e-06,1e+21,0.0,0.0,0.45,0.45000000994601075,3.3336442833451933e-18
789.0,0.4500014295949941,0.6299568712287159,49.95407533260157,49.90815066520315,49.87008587185099,49.81004312023358,49.867785163552185,49.75000036861616,49.86548445525338,1.6010037526913394e-11,5.074858369257298e-06,1.6010037377895592e-11,5.074858369258298e-06,1e+21,0.0,0.0,0.45,0.450000009946011,3.3336442833451933e-18
790.0,0.45000142959504463,0.6299568712287866,49.95407533260157,49.90815066520315,49.87008587185099,49.8100431202336,49.867785163552185,49.7500003686162,49.86548445525339,1.6010037526907937e-11,5.074858369257298e-06,1.6010037551114176e-11,5.074858369258602e-06,1e+21,0.0,0.0,0.45,0.4500000099460117,3.3336442833451933e-18
791.0,0.4500014295950914,0.629956871228852,49.95407533260157,49.90815066520315,49.87008587185099,49.810043120233615,49.867785163552185,49.75000036861624,49.86548445525338,1.60100375269043e-11,5.074858369257298e-06,1.6010037724333725e-11,5.0748583692583175e-06,1e+21,0.0,0.0,0.45,0.4500000099460123,3.3336442833451933e-18
792.0,0.45000142959505823,0.6299568712288056,49.95407533260157,49.90815066520315,49.87008587185099,49.81004312023364,49.867785163552185,49.75000036861628,49.86548445525338,1.601003752689884e-11,5.074858369257298e-06,1.6010037601264776e-11,5.074858369258333e-06,1e+21,0.0,0.0,0.45,0.4500000099460118,3.3336442833451933e-18
793.0,0.4500014295949519,0.6299568712286567,49.954075332601576,49.908150665203145,49.870085871850996,49.81004312023365,49.867785163552185,49.75000036861631,49.86548445525338,1.6010037526895203e-11,5.074858369272345e-06,1.6010037478196844e-11,5.074858369258312e-06,1e+21,0.0,0.0,0.45,0.4500000099460104,3.3336442833451937e-18
794.0,0.4500014295949433,0.6299568712286447,49.954075332601576,49.908150665203145,49.870085871850996,49.81004312023367,49.86778516355219,49.75000036861634,49.86548445525338,1.601003752688975e-11,5.074858369257298e-06,1.6010037355129937e-11,5.074858369258296e-06,1e+21,0.0,0.0,0.45,0.4500000099460103,3.3336442833451937e-18
795.0,0.4500014295949863,0.6299568712287049,49.95407533260157,49.908150665203145,49.87008587185099,49.810043120233686,49.86778516355219,49.750000368616384,49.86548445525338,1.6010037526884288e-11,5.07485836924225e-06,1.601003752835341e-11,5.0748583692582845e-06,1e+21,0.0,0.0,0.45,0.4500000099460109,3.3336442833451933e-18
796.0,0.4500014295950346,0.6299568712287726,49.95407533260157,49.90815066520315,49.87008587185099,49.81004312023371,49.867785163552185,49.75000036861642,49.86548445525338,1.6010037526878834e-11,5.074858369257298e-06,1.6010037405288512e-11,5.07485836925828e-06,1e+21,0.0,0.0,0.45,0.4500000099460115,3.3336442833451933e-18
797.0,0.45000142959502437,0.6299568712287582,49.95407533260157,49.90815066520315,49.87008587185099,49.81004312023373,49.86778516355219,49.750000368616455,49.86548445525338,1.6010037526873376e-11,5.07485836924225e-06,1.601003728222462e-11,5.074858369258285e-06,1e+21,0.0,0.0,0.45,0.45000000994601136,3.3336442833451933e-18
798.0,0.45000142959497,0.6299568712286822,49.954075332601576,49.908150665203145,49.870085871850996,49.81004312023374,49.867785163552185,49.7500003686165,49.86548445525338,1.6010037526871557e-11,5.074858369272345e-06,1.6010037455451035e-11,5.074858369258278e-06,1e+21,0.0,0.0,0.45,0.45000000994601064,3.3336442833451937e-18
799.0,0.45000142959496403,0.6299568712286738,49.95407533260157,49.908150665203145,49.870085871850996,49.810043120233765,49.867785163552185,49.75000036861653,49.86548445525338,1.60100375268661e-11,5.074858369272345e-06,1.60100376286784e-11,5.074858369258269e-06,1e+21,0.0,0.0,0.45,0.4500000099460106,3.3336442833451933e-18
800.0,0.4500014295949879,0.6299568712287072,49.95407533260157,49.908150665203145,49.870085871850996,49.810043120233786,49.86778516355219,49.75000036861657,49.86548445525338,1.6010037526860642e-11,5.074858369257298e-06,1.6010037505617513e-11,5.074858369258263e-06,1e+21,0.0,0.0,0.45,0.4500000099460109,3.3336442833451933e-18
801.0,0.4500014295950234,0.6299568712287569,49.95407533260157,49.90815066520315,49.87008587185099,49.8100431202338,49.86778516355219,49.750000368616604,49.86548445525338,1.6010037526855185e-11,5.07485836924225e-06,1.601003738255764e-11,5.074858369258266e-06,1e+21,0.0,0.0,0.45,0.4500000099460114,3.3336442833451933e-18
802.0,0.4500014295950244,0.6299568712287583,49.95407533260157,49.90815066520315,49.87008587185099,49.81004312023382,49.867785163552185,49.75000036861664,49.86548445525338,1.601003752684973e-11,5.074858369257298e-06,1.6010037259498782e-11,5.074858369258273e-06,1e+21,0.0,0.0,0.45,0.45000000994601136,3.3336442833451933e-18
803.0,0.4500014295949727,0.6299568712286859,49.954075332601576,49.908150665203145,49.870085871850996,49.810043120233836,49.86778516355219,49.75000036861668,49.86548445525339,1.6010037526846092e-11,5.074858369257298e-06,1.6010037432730077e-11,5.074858369258569e-06,1e+21,0.0,0.0,0.45,0.4500000099460107,3.3336442833451937e-18
804.0,0.4500014295949698,0.6299568712286819,49.95407533260157,49.908150665203145,49.870085871850996,49.81004312023386,49.86778516355219,49.75000036861672,49.86548445525339,1.6010037526840635e-11,5.074858369257298e-06,1.601003760596233e-11,5.074858369258566e-06,1e+21,0.0,0.0,0.45,0.45000000994601064,3.3336442833451933e-18
805.0,0.4500014295949883,0.6299568712287077,49.95407533260157,49.908150665203145,49.870085871850996,49.81004312023387,49.867785163552185,49.75000036861675,49.86548445525338,1.6010037526836997e-11,5.074858369272345e-06,1.6010037482906475e-11,5.074858369258262e-06,1e+21,0.0,0.0,0.45,0.4500000099460109,3.3336442833451933e-18
806.0,0.45000142959500083,0.6299568712287253,49.95407533260157,49.908150665203145,49.87008587185099,49.81004312023389,49.867785163552185,49.75000036861679,49.86548445525338,1.6010037526829723e-11,5.074858369257298e-06,1.6010037359851633e-11,5.0748583692582565e-06,1e+21,0.0,0.0,0.45,0.4500000099460111,3.333644283345193e-18
807.0,0.45000142959498723,0.6299568712287062,49.95407533260157,49.908150665203145,49.87008587185099,49.810043120233914,49.867785163552185,49.75000036861683,49.86548445525338,1.6010037526824263e-11,5.074858369257298e-06,1.601003753308682e-11,5.074858369258255e-06,1e+21,0.0,0.0,0.45,0.4500000099460109,3.3336442833451933e-18
808.0,0.4500014295949956,0.629956871228718,49.954075332601576,49.90815066520315,49.870085871850996,49.81004312023393,49.86778516355219,49.75000036861686,49.86548445525338,1.6010037526822447e-11,5.074858369257298e-06,1.601003741003399e-11,5.074858369258255e-06,1e+21,0.0,0.0,0.45,0.450000009946011,3.3336442833451937e-18
809.0,0.45000142959502065,0.6299568712287531,49.954075332601576,49.90815066520315,49.870085871850996,49.81004312023395,49.86778516355219,49.7500003686169,49.86548445525338,1.6010037526816986e-11,5.074858369257298e-06,1.601003758327113e-11,5.074858369258263e-06,1e+21,0.0,0.0,0.45,0.45000000994601136,3.3336442833451937e-18
810.0,0.4500014295950465,0.6299568712287893,49.954075332601576,49.90815066520315,49.87008587185099,49.81004312023397,49.867785163552185,49.75000036861694,49.86548445525338,1.601003752680971e-11,5.074858369257298e-06,1.6010037460220294e-11,5.0748583692582785e-06,1e+21,0.0,0.0,0.45,0.4500000099460117,3.3336442833451937e-18
811.0,0.45000142959505746,0.6299568712288046,49.954075332601576,49.90815066520315,49.87008587185099,49.810043120233985,49.867785163552185,49.75000036861698,49.86548445525338,1.601003752680607e-11,5.074858369257298e-06,1.6010037633459385e-11,5.074858369258296e-06,1e+21,0.0,0.0,0.45,0.4500000099460118,3.3336442833451937e-18
812.0,0.45000142959502115,0.6299568712287538,49.95407533260157,49.90815066520315,49.870085871850996,49.810043120234,49.867785163552185,49.750000368617016,49.86548445525338,1.6010037526802436e-11,5.074858369272345e-06,1.6010037510410563e-11,5.074858369258298e-06,1e+21,0.0,0.0,0.45,0.45000000994601136,3.3336442833451933e-18
813.0,0.45000142959497785,0.6299568712286931,49.954075332601576,49.908150665203145,49.87008587185099,49.81004312023402,49.86778516355219,49.750000368617044,49.86548445525338,1.601003752679516e-11,5.07485836924225e-06,1.6010037387362758e-11,5.074858369258288e-06,1e+21,0.0,0.0,0.45,0.4500000099460108,3.3336442833451937e-18
814.0,0.45000142959500034,0.6299568712287247,49.954075332601576,49.908150665203145,49.87008587185099,49.81004312023404,49.86778516355219,49.75000036861709,49.86548445525338,1.6010037526789702e-11,5.07485836924225e-06,1.601003756060477e-11,5.074858369258289e-06,1e+21,0.0,0.0,0.45,0.4500000099460111,3.3336442833451937e-18
815.0,0.450001429595045,0.6299568712287872,49.95407533260157,49.90815066520315,49.87008587185099,49.810043120234056,49.867785163552185,49.75000036861713,49.86548445525338,1.6010037526786064e-11,5.074858369257298e-06,1.6010037733847756e-11,5.074858369258298e-06,1e+21,0.0,0.0,0.45,0.4500000099460117,3.3336442833451933e-18
816.0,0.4500014295950686,0.6299568712288203,49.95407533260157,49.90815066520315,49.870085871850996,49.81004312023408,49.867785163552185,49.750000368617165,49.86548445525338,1.6010037526782425e-11,5.074858369272345e-06,1.6010037610802944e-11,5.074858369258308e-06,1e+21,0.0,0.0,0.45,0.45000000994601197,3.3336442833451933e-18
817.0,0.4500014295950212,0.6299568712287539,49.954075332601576,49.90815066520315,49.870085871850996,49.8100431202341,49.867785163552185,49.7500003686172,49.86548445525338,1.601003752677697e-11,5.074858369272345e-06,1.6010037487759152e-11,5.074858369258311e-06,1e+21,0.0,0.0,0.45,0.4500000099460113,3.3336442833451937e-18
818.0,0.4500014295949752,0.6299568712286894,49.95407533260157,49.908150665203145,49.87008587185099,49.81004312023411,49.867785163552185,49.750000368617236,49.86548445525338,1.6010037526771514e-11,5.074858369257298e-06,1.6010037661005062e-11,5.074858369258298e-06,1e+21,0.0,0.0,0.45,0.45000000994601075,3.3336442833451933e-18
819.0,0.45000142959499456,0.6299568712287166,49.95407533260157,49.908150665203145,49.87008587185099,49.810043120234134,49.867785163552185,49.75000036861727,49.86548445525338,1.6010037526766056e-11,5.074858369257298e-06,1.6010037537963283e-11,5.074858369258296e-06,1e+21,0.0,0.0,0.45,0.450000009946011,3.3336442833451933e-18
820.0,0.4500014295950448,0.6299568712287869,49.95407533260157,49.90815066520315,49.87008587185099,49.810043120234155,49.867785163552185,49.750000368617314,49.86548445525338,1.60100375267606e-11,5.074858369257298e-06,1.601003771121114e-11,5.074858369258298e-06,1e+21,0.0,0.0,0.45,0.45000000994601164,3.3336442833451933e-18
821.0,0.4500014295950913,0.6299568712288519,49.95407533260157,49.90815066520315,49.87008587185099,49.81004312023416,49.867785163552185,49.75000036861735,49.86548445525338,1.601003752675696e-11,5.074858369257298e-06,1.6010037588171363e-11,5.074858369258312e-06,1e+21,0.0,0.0,0.45,0.45000000994601225,3.3336442833451933e-18
822.0,0.45000142959505585,0.6299568712288024,49.95407533260157,49.90815066520315,49.870085871850996,49.810043120234184,49.867785163552185,49.75000036861738,49.86548445525338,1.6010037526753322e-11,5.074858369272345e-06,1.6010037465132606e-11,5.074858369258324e-06,1e+21,0.0,0.0,0.45,0.4500000099460118,3.3336442833451933e-18
823.0,0.45000142959496114,0.6299568712286698,49.954075332601576,49.908150665203145,49.87008587185099,49.810043120234205,49.867785163552185,49.75000036861742,49.86548445525338,1.6010037526746045e-11,5.074858369257298e-06,1.6010037638383404e-11,5.074858369258308e-06,1e+21,0.0,0.0,0.45,0.4500000099460105,3.3336442833451937e-18
824.0,0.4500014295949808,0.6299568712286973,49.95407533260157,49.908150665203145,49.87008587185099,49.810043120234226,49.867785163552185,49.75000036861746,49.86548445525338,1.601003752674059e-11,5.074858369257298e-06,1.601003751534665e-11,5.0748583692583065e-06,1e+21,0.0,0.0,0.45,0.4500000099460108,3.3336442833451933e-18
825.0,0.4500014295950441,0.6299568712287859,49.95407533260157,49.90815066520315,49.87008587185099,49.81004312023424,49.867785163552185,49.7500003686175,49.86548445525338,1.6010037526736953e-11,5.074858369257298e-06,1.6010037688599393e-11,5.074858369258308e-06,1e+21,0.0,0.0,0.45,0.45000000994601164,3.3336442833451933e-18
826.0,0.4500014295950802,0.6299568712288365,49.95407533260157,49.90815066520315,49.87008587185099,49.81004312023426,49.867785163552185,49.750000368617535,49.86548445525338,1.6010037526731496e-11,5.074858369257298e-06,1.6010037565564643e-11,5.074858369258319e-06,1e+21,0.0,0.0,0.45,0.45000000994601214,3.3336442833451933e-18
827.0,0.45000142959502115,0.6299568712287538,49.954075332601576,49.908150665203145,49.87008587185099,49.810043120234276,49.867785163552185,49.75000036861756,49.86548445525338,1.6010037526727857e-11,5.074858369257298e-06,1.6010037442530917e-11,5.074858369258319e-06,1e+21,0.0,0.0,0.45,0.4500000099460113,3.3336442833451937e-18
828.0,0.45000142959497486,0.6299568712286889,49.95407533260157,49.908150665203145,49.870085871850996,49.8100431202343,49.867785163552185,49.750000368617606,49.86548445525338,1.601003752672422e-11,5.074858369272345e-06,1.60100376157866e-11,5.074858369258302e-06,1e+21,0.0,0.0,0.45,0.45000000994601075,3.3336442833451933e-18
829.0,0.45000142959499434,0.6299568712287162,49.95407533260157,49.90815066520315,49.87008587185099,49.81004312023432,49.867785163552185,49.75000036861765,49.86548445525338,1.6010037526716942e-11,5.074858369257298e-06,1.6010037789043234e-11,5.074858369258298e-06,1e+21,0.0,0.0,0.45,0.450000009946011,3.3336442833451933e-18
830.0,0.45000142959504486,0.629956871228787,49.95407533260157,49.90815066520315,49.87008587185099,49.81004312023433,49.867785163552185,49.750000368617684,49.86548445525339,1.6010037526713304e-11,5.074858369257298e-06,1.60100376660125e-11,5.074858369258602e-06,1e+21,0.0,0.0,0.45,0.4500000099460117,3.3336442833451933e-18
831.0,0.45000142959509143,0.6299568712288521,49.95407533260157,49.90815066520315,49.87008587185099,49.81004312023435,49.867785163552185,49.75000036861771,49.86548445525338,1.601003752670785e-11,5.074858369257298e-06,1.601003754298279e-11,5.0748583692583175e-06,1e+21,0.0,0.0,0.45,0.4500000099460123,3.3336442833451933e-18
832.0,0.45000142959505807,0.6299568712288055,49.95407533260157,49.90815066520315,49.87008587185099,49.81004312023437,49.867785163552185,49.75000036861775,49.86548445525338,1.6010037526702392e-11,5.074858369257298e-06,1.6010037419954085e-11,5.074858369258333e-06,1e+21,0.0,0.0,0.45,0.4500000099460118,3.3336442833451933e-18
833.0,0.45000142959495193,0.6299568712286568,49.95407533260157,49.908150665203145,49.870085871850996,49.81004312023439,49.867785163552185,49.75000036861779,49.86548445525338,1.6010037526698754e-11,5.074858369272345e-06,1.601003759321465e-11,5.074858369258312e-06,1e+21,0.0,0.0,0.45,0.4500000099460104,3.3336442833451933e-18
834.0,0.4500014295949434,0.6299568712286449,49.95407533260157,49.908150665203145,49.870085871850996,49.81004312023441,49.86778516355219,49.750000368617826,49.86548445525338,1.6010037526693297e-11,5.074858369257298e-06,1.601003747018796e-11,5.074858369258296e-06,1e+21,0.0,0.0,0.45,0.4500000099460103,3.3336442833451933e-18
835.0,0.4500014295949863,0.6299568712287049,49.95407533260157,49.908150665203145,49.87008587185099,49.81004312023443,49.86778516355219,49.75000036861786,49.86548445525338,1.601003752668602e-11,5.07485836924225e-06,1.6010037347162288e-11,5.0748583692582845e-06,1e+21,0.0,0.0,0.45,0.4500000099460109,3.3336442833451933e-18
836.0,0.4500014295950346,0.6299568712287726,49.95407533260157,49.90815066520315,49.87008587185099,49.81004312023445,49.867785163552185,49.7500003686179,49.86548445525338,1.6010037526682382e-11,5.074858369257298e-06,1.6010037520425775e-11,5.07485836925828e-06,1e+21,0.0,0.0,0.45,0.4500000099460115,3.3336442833451933e-18
837.0,0.4500014295950244,0.6299568712287583,49.95407533260157,49.90815066520315,49.87008587185099,49.81004312023447,49.86778516355219,49.75000036861794,49.86548445525338,1.6010037526676927e-11,5.07485836924225e-06,1.6010037693690244e-11,5.074858369258285e-06,1e+21,0.0,0.0,0.45,0.45000000994601136,3.3336442833451933e-18
838.0,0.4500014295949699,0.629956871228682,49.95407533260157,49.908150665203145,49.870085871850996,49.810043120234496,49.867785163552185,49.750000368617975,49.86548445525338,1.6010037526671467e-11,5.074858369272345e-06,1.6010037570667565e-11,5.0748583692582785e-06,1e+21,0.0,0.0,0.45,0.45000000994601064,3.3336442833451933e-18
839.0,0.4500014295949639,0.6299568712286736,49.95407533260157,49.908150665203145,49.870085871850996,49.8100431202345,49.867785163552185,49.75000036861801,49.86548445525338,1.601003752666783e-11,5.074858369272345e-06,1.6010037447645904e-11,5.074858369258269e-06,1e+21,0.0,0.0,0.45,0.4500000099460106,3.3336442833451933e-18
840.0,0.45000142959498796,0.6299568712287072,49.95407533260157,49.908150665203145,49.870085871850996,49.81004312023452,49.86778516355219,49.750000368618046,49.86548445525338,1.601003752666419e-11,5.074858369257298e-06,1.6010037324625264e-11,5.074858369258263e-06,1e+21,0.0,0.0,0.45,0.4500000099460109,3.3336442833451933e-18
841.0,0.45000142959502343,0.629956871228757,49.95407533260157,49.90815066520315,49.87008587185099,49.81004312023453,49.86778516355219,49.75000036861808,49.86548445525338,1.6010037526658736e-11,5.07485836924225e-06,1.6010037497893643e-11,5.074858369258266e-06,1e+21,0.0,0.0,0.45,0.4500000099460114,3.3336442833451933e-18
842.0,0.45000142959502437,0.6299568712287582,49.95407533260157,49.90815066520315,49.87008587185099,49.81004312023456,49.867785163552185,49.750000368618124,49.86548445525338,1.601003752665146e-11,5.074858369257298e-06,1.6010037671162975e-11,5.074858369258273e-06,1e+21,0.0,0.0,0.45,0.45000000994601136,3.3336442833451933e-18
843.0,0.45000142959497275,0.629956871228686,49.95407533260157,49.908150665203145,49.870085871850996,49.810043120234575,49.86778516355219,49.75000036861816,49.86548445525339,1.601003752664964e-11,5.074858369257298e-06,1.6010037548145327e-11,5.074858369258569e-06,1e+21,0.0,0.0,0.45,0.4500000099460107,3.3336442833451933e-18
844.0,0.4500014295949697,0.6299568712286817,49.95407533260157,49.908150665203145,49.870085871850996,49.810043120234596,49.86778516355219,49.750000368618196,49.86548445525339,1.6010037526644183e-11,5.074858369257298e-06,1.6010037425128704e-11,5.074858369258566e-06,1e+21,0.0,0.0,0.45,0.45000000994601064,3.3336442833451933e-18
845.0,0.4500014295949881,0.6299568712287075,49.95407533260157,49.908150665203145,49.870085871850996,49.81004312023462,49.867785163552185,49.750000368618224,49.86548445525338,1.601003752663873e-11,5.074858369272345e-06,1.6010037302113095e-11,5.074858369258262e-06,1e+21,0.0,0.0,0.45,0.4500000099460109,3.3336442833451933e-18
846.0,0.45000142959500067,0.6299568712287251,49.95407533260157,49.908150665203145,49.87008587185099,49.81004312023463,49.867785163552185,49.75000036861827,49.86548445525338,1.601003752663327e-11,5.074858369257298e-06,1.6010037475386356e-11,5.0748583692582565e-06,1e+21,0.0,0.0,0.45,0.4500000099460111,3.3336442833451933e-18
847.0,0.45000142959498723,0.6299568712287062,49.95407533260157,49.908150665203145,49.87008587185099,49.81004312023465,49.867785163552185,49.75000036861831,49.86548445525338,1.6010037526627814e-11,5.074858369257298e-06,1.601003764866058e-11,5.074858369258255e-06,1e+21,0.0,0.0,0.45,0.4500000099460109,3.3336442833451933e-18
848.0,0.45000142959499567,0.6299568712287181,49.954075332601576,49.90815066520315,49.870085871850996,49.810043120234674,49.86778516355219,49.75000036861835,49.86548445525339,1.6010037526622356e-11,5.074858369257298e-06,1.601003782193576e-11,5.074858369258555e-06,1e+21,0.0,0.0,0.45,0.450000009946011,3.3336442833451937e-18
849.0,0.45000142959502065,0.6299568712287531,49.954075332601576,49.90815066520315,49.870085871850996,49.81004312023469,49.86778516355219,49.75000036861839,49.86548445525338,1.6010037526618718e-11,5.074858369257298e-06,1.6010037698924133e-11,5.074858369258263e-06,1e+21,0.0,0.0,0.45,0.45000000994601136,3.3336442833451937e-18
850.0,0.4500014295950466,0.6299568712287893,49.95407533260157,49.90815066520315,49.87008587185099,49.8100431202347,49.867785163552185,49.750000368618416,49.86548445525338,1.601003752661326e-11,5.074858369257298e-06,1.601003757591352e-11,5.074858369258278e-06,1e+21,0.0,0.0,0.45,0.4500000099460117,3.3336442833451933e-18
851.0,0.4500014295950575,0.6299568712288046,49.95407533260157,49.90815066520315,49.87008587185099,49.81004312023472,49.867785163552185,49.75000036861845,49.86548445525338,1.6010037526609625e-11,5.074858369257298e-06,1.601003745290393e-11,5.074858369258296e-06,1e+21,0.0,0.0,0.45,0.4500000099460118,3.3336442833451933e-18
852.0,0.4500014295950212,0.6299568712287539,49.954075332601576,49.90815066520315,49.870085871850996,49.810043120234745,49.867785163552185,49.750000368618494,49.86548445525338,1.6010037526604165e-11,5.074858369272345e-06,1.6010037626183036e-11,5.074858369258298e-06,1e+21,0.0,0.0,0.45,0.45000000994601136,3.3336442833451937e-18
853.0,0.45000142959497785,0.6299568712286931,49.95407533260157,49.908150665203145,49.87008587185099,49.81004312023476,49.86778516355219,49.75000036861852,49.86548445525338,1.601003752659871e-11,5.07485836924225e-06,1.6010037206887807e-11,5.074858369258288e-06,1e+21,0.0,0.0,0.45,0.4500000099460108,3.3336442833451933e-18
854.0,0.45000142959500034,0.6299568712287247,49.95407533260157,49.908150665203145,49.87008587185099,49.81004312023478,49.86778516355219,49.750000368618565,49.86548445525338,1.601003752659325e-11,5.07485836924225e-06,1.6010037380168888e-11,5.074858369258288e-06,1e+21,0.0,0.0,0.45,0.4500000099460111,3.3336442833451933e-18
855.0,0.4500014295950451,0.6299568712287873,49.95407533260157,49.90815066520315,49.87008587185099,49.8100431202348,49.867785163552185,49.7500003686186,49.86548445525338,1.6010037526587795e-11,5.074858369257298e-06,1.601003755345093e-11,5.074858369258298e-06,1e+21,0.0,0.0,0.45,0.4500000099460117,3.3336442833451933e-18
856.0,0.45000142959506867,0.6299568712288203,49.95407533260157,49.90815066520315,49.870085871850996,49.810043120234816,49.867785163552185,49.75000036861864,49.86548445525338,1.6010037526585973e-11,5.074858369272345e-06,1.601003772673392e-11,5.074858369258308e-06,1e+21,0.0,0.0,0.45,0.45000000994601197,3.3336442833451933e-18
857.0,0.45000142959502126,0.6299568712287539,49.95407533260157,49.90815066520315,49.870085871850996,49.81004312023484,49.867785163552185,49.75000036861868,49.86548445525338,1.601003752658052e-11,5.074858369272345e-06,1.6010037603730352e-11,5.074858369258311e-06,1e+21,0.0,0.0,0.45,0.4500000099460113,3.3336442833451933e-18
858.0,0.4500014295949753,0.6299568712286896,49.95407533260157,49.908150665203145,49.87008587185099,49.81004312023485,49.867785163552185,49.750000368618714,49.86548445525338,1.6010037526573242e-11,5.074858369257298e-06,1.60100374807278e-11,5.074858369258298e-06,1e+21,0.0,0.0,0.45,0.45000000994601075,3.3336442833451933e-18
859.0,0.4500014295949946,0.6299568712287166,49.95407533260157,49.908150665203145,49.87008587185099,49.81004312023487,49.867785163552185,49.75000036861874,49.86548445525338,1.6010037526567788e-11,5.074858369257298e-06,1.6010037357726266e-11,5.074858369258296e-06,1e+21,0.0,0.0,0.45,0.450000009946011,3.3336442833451933e-18
860.0,0.4500014295950448,0.6299568712287869,49.95407533260157,49.90815066520315,49.87008587185099,49.81004312023489,49.867785163552185,49.750000368618785,49.86548445525338,1.601003752656415e-11,5.074858369257298e-06,1.6010037531013186e-11,5.074858369258298e-06,1e+21,0.0,0.0,0.45,0.45000000994601164,3.3336442833451933e-18
861.0,0.4500014295950913,0.6299568712288519,49.95407533260157,49.90815066520315,49.87008587185099,49.8100431202349,49.867785163552185,49.75000036861883,49.86548445525338,1.601003752656051e-11,5.074858369257298e-06,1.6010037704301065e-11,5.074858369258314e-06,1e+21,0.0,0.0,0.45,0.45000000994601225,3.3336442833451933e-18
862.0,0.4500014295950558,0.6299568712288023,49.954075332601576,49.90815066520315,49.870085871850996,49.81004312023493,49.867785163552185,49.750000368618856,49.86548445525338,1.6010037526555054e-11,5.074858369272345e-06,1.6010037285015145e-11,5.074858369258324e-06,1e+21,0.0,0.0,0.45,0.4500000099460118,3.3336442833451937e-18
863.0,0.45000142959496114,0.6299568712286698,49.95407533260157,49.908150665203145,49.87008587185099,49.810043120234944,49.867785163552185,49.7500003686189,49.86548445525338,1.6010037526549597e-11,5.074858369257298e-06,1.601003745830501e-11,5.074858369258308e-06,1e+21,0.0,0.0,0.45,0.4500000099460105,3.3336442833451933e-18
864.0,0.45000142959498085,0.6299568712286974,49.95407533260157,49.908150665203145,49.87008587185099,49.810043120234965,49.867785163552185,49.750000368618934,49.86548445525338,1.601003752654414e-11,5.074858369257298e-06,1.6010037631595828e-11,5.0748583692583065e-06,1e+21,0.0,0.0,0.45,0.4500000099460108,3.3336442833451933e-18
865.0,0.45000142959504413,0.629956871228786,49.95407533260157,49.90815066520315,49.87008587185099,49.81004312023499,49.867785163552185,49.75000036861897,49.86548445525338,1.6010037526538682e-11,5.074858369257298e-06,1.6010037508600314e-11,5.074858369258308e-06,1e+21,0.0,0.0,0.45,0.45000000994601164,3.3336442833451933e-18
866.0,0.45000142959508016,0.6299568712288364,49.95407533260157,49.90815066520315,49.87008587185099,49.81004312023501,49.867785163552185,49.750000368619006,49.86548445525338,1.6010037526533224e-11,5.074858369257298e-06,1.6010037385605814e-11,5.0748583692583226e-06,1e+21,0.0,0.0,0.45,0.45000000994601214,3.3336442833451933e-18
867.0,0.45000142959502104,0.6299568712287535,49.95407533260157,49.908150665203145,49.87008587185099,49.810043120235015,49.867785163552185,49.75000036861904,49.86548445525338,1.6010037526529586e-11,5.074858369257298e-06,1.601003726261233e-11,5.074858369258319e-06,1e+21,0.0,0.0,0.45,0.4500000099460113,3.3336442833451933e-18
868.0,0.45000142959497474,0.6299568712286888,49.954075332601576,49.908150665203145,49.870085871850996,49.810043120235036,49.867785163552185,49.75000036861908,49.86548445525338,1.6010037526525948e-11,5.074858369272345e-06,1.6010037435907077e-11,5.074858369258305e-06,1e+21,0.0,0.0,0.45,0.45000000994601075,3.3336442833451937e-18
869.0,0.45000142959499423,0.6299568712287161,49.954075332601576,49.90815066520315,49.87008587185099,49.81004312023505,49.867785163552185,49.75000036861912,49.86548445525339,1.6010037526520493e-11,5.074858369257298e-06,1.6010037609202776e-11,5.074858369258598e-06,1e+21,0.0,0.0,0.45,0.450000009946011,3.3336442833451937e-18
870.0,0.45000142959504463,0.6299568712287866,49.954075332601576,49.90815066520315,49.87008587185099,49.81004312023507,49.867785163552185,49.750000368619155,49.86548445525339,1.6010037526515033e-11,5.074858369257298e-06,1.601003748621229e-11,5.074858369258605e-06,1e+21,0.0,0.0,0.45,0.4500000099460117,3.3336442833451937e-18
871.0,0.45000142959509126,0.6299568712288519,49.954075332601576,49.90815066520315,49.87008587185099,49.810043120235086,49.867785163552185,49.75000036861919,49.86548445525338,1.6010037526511398e-11,5.074858369257298e-06,1.6010037363222823e-11,5.074858369258319e-06,1e+21,0.0,0.0,0.45,0.45000000994601225,3.3336442833451937e-18
872.0,0.45000142959505807,0.6299568712288055,49.954075332601576,49.90815066520315,49.87008587185099,49.810043120235115,49.867785163552185,49.750000368619226,49.86548445525338,1.601003752650412e-11,5.074858369257298e-06,1.6010037240234375e-11,5.074858369258333e-06,1e+21,0.0,0.0,0.45,0.4500000099460118,3.3336442833451937e-18
873.0,0.450001429594952,0.629956871228657,49.95407533260157,49.908150665203145,49.870085871850996,49.81004312023513,49.867785163552185,49.75000036861926,49.86548445525338,1.6010037526502302e-11,5.074858369272345e-06,1.6010037413533997e-11,5.074858369258312e-06,1e+21,0.0,0.0,0.45,0.4500000099460104,3.3336442833451933e-18
874.0,0.4500014295949434,0.6299568712286449,49.95407533260157,49.908150665203145,49.870085871850996,49.81004312023515,49.86778516355219,49.750000368619304,49.86548445525338,1.6010037526496848e-11,5.074858369257298e-06,1.601003758683458e-11,5.074858369258296e-06,1e+21,0.0,0.0,0.45,0.4500000099460103,3.3336442833451933e-18
875.0,0.4500014295949863,0.6299568712287049,49.95407533260157,49.908150665203145,49.87008587185099,49.810043120235164,49.86778516355219,49.75000036861934,49.86548445525338,1.6010037526491387e-11,5.07485836924225e-06,1.601003746384913e-11,5.0748583692582845e-06,1e+21,0.0,0.0,0.45,0.4500000099460109,3.3336442833451933e-18
876.0,0.45000142959503453,0.6299568712287725,49.954075332601576,49.90815066520315,49.87008587185099,49.810043120235186,49.867785163552185,49.75000036861938,49.86548445525338,1.6010037526485933e-11,5.074858369257298e-06,1.6010037637151655e-11,5.07485836925828e-06,1e+21,0.0,0.0,0.45,0.4500000099460115,3.3336442833451937e-18
877.0,0.4500014295950244,0.6299568712287583,49.954075332601576,49.90815066520315,49.87008587185099,49.8100431202352,49.86778516355219,49.75000036861942,49.86548445525338,1.6010037526480475e-11,5.07485836924225e-06,1.601003751416821e-11,5.074858369258288e-06,1e+21,0.0,0.0,0.45,0.45000000994601136,3.3336442833451937e-18
878.0,0.4500014295949699,0.629956871228682,49.954075332601576,49.908150665203145,49.870085871850996,49.81004312023522,49.867785163552185,49.750000368619446,49.86548445525338,1.6010037526476837e-11,5.074858369272345e-06,1.6010037391185777e-11,5.07485836925828e-06,1e+21,0.0,0.0,0.45,0.45000000994601064,3.3336442833451937e-18
879.0,0.45000142959496386,0.6299568712286736,49.954075332601576,49.908150665203145,49.870085871850996,49.810043120235235,49.867785163552185,49.75000036861949,49.86548445525338,1.60100375264732e-11,5.074858369272345e-06,1.6010037564491247e-11,5.074858369258269e-06,1e+21,0.0,0.0,0.45,0.4500000099460106,3.3336442833451937e-18
880.0,0.4500014295949878,0.6299568712287071,49.95407533260157,49.908150665203145,49.870085871850996,49.810043120235264,49.86778516355219,49.75000036861953,49.86548445525338,1.6010037526465922e-11,5.074858369257298e-06,1.6010037737797666e-11,5.074858369258263e-06,1e+21,0.0,0.0,0.45,0.4500000099460109,3.3336442833451933e-18
881.0,0.4500014295950233,0.6299568712287568,49.95407533260157,49.90815066520315,49.87008587185099,49.81004312023528,49.86778516355219,49.75000036861957,49.86548445525338,1.6010037526460468e-11,5.07485836924225e-06,1.601003761481823e-11,5.074858369258266e-06,1e+21,0.0,0.0,0.45,0.4500000099460114,3.3336442833451933e-18
882.0,0.4500014295950243,0.6299568712287582,49.95407533260157,49.90815066520315,49.87008587185099,49.8100431202353,49.867785163552185,49.750000368619595,49.86548445525338,1.6010037526455007e-11,5.074858369257298e-06,1.601003749183982e-11,5.074858369258273e-06,1e+21,0.0,0.0,0.45,0.45000000994601136,3.3336442833451933e-18
883.0,0.4500014295949727,0.6299568712286859,49.95407533260157,49.908150665203145,49.870085871850996,49.81004312023532,49.86778516355219,49.75000036861964,49.86548445525339,1.601003752645137e-11,5.074858369257298e-06,1.6010037665149172e-11,5.074858369258569e-06,1e+21,0.0,0.0,0.45,0.4500000099460107,3.3336442833451933e-18
884.0,0.4500014295949698,0.6299568712286819,49.95407533260157,49.908150665203145,49.870085871850996,49.810043120235335,49.86778516355219,49.75000036861967,49.86548445525339,1.601003752644773e-11,5.074858369257298e-06,1.6010037542172773e-11,5.074858369258566e-06,1e+21,0.0,0.0,0.45,0.45000000994601064,3.3336442833451933e-18
885.0,0.4500014295949883,0.6299568712287077,49.954075332601576,49.908150665203145,49.870085871850996,49.810043120235356,49.867785163552185,49.750000368619716,49.86548445525338,1.6010037526442276e-11,5.074858369272345e-06,1.601003771548408e-11,5.074858369258262e-06,1e+21,0.0,0.0,0.45,0.4500000099460109,3.3336442833451937e-18
886.0,0.45000142959500083,0.6299568712287253,49.954075332601576,49.908150665203145,49.87008587185099,49.81004312023536,49.867785163552185,49.75000036861975,49.86548445525338,1.601003752643682e-11,5.074858369257298e-06,1.601003759250967e-11,5.074858369258258e-06,1e+21,0.0,0.0,0.45,0.4500000099460111,3.3336442833451937e-18
887.0,0.4500014295949872,0.6299568712287061,49.95407533260157,49.908150665203145,49.87008587185099,49.810043120235385,49.867785163552185,49.75000036861978,49.86548445525338,1.601003752643136e-11,5.074858369257298e-06,1.6010037469536283e-11,5.0748583692582565e-06,1e+21,0.0,0.0,0.45,0.4500000099460109,3.3336442833451933e-18
888.0,0.4500014295949956,0.629956871228718,49.95407533260157,49.90815066520315,49.870085871850996,49.810043120235406,49.86778516355219,49.75000036861982,49.86548445525339,1.6010037526427723e-11,5.074858369257298e-06,1.6010037642850525e-11,5.074858369258555e-06,1e+21,0.0,0.0,0.45,0.450000009946011,3.3336442833451933e-18
889.0,0.4500014295950207,0.6299568712287532,49.95407533260157,49.90815066520315,49.870085871850996,49.81004312023543,49.86778516355219,49.75000036861986,49.86548445525338,1.601003752642227e-11,5.074858369257298e-06,1.601003751987914e-11,5.074858369258266e-06,1e+21,0.0,0.0,0.45,0.45000000994601136,3.3336442833451933e-18
890.0,0.4500014295950466,0.6299568712287893,49.95407533260157,49.90815066520315,49.87008587185099,49.810043120235456,49.867785163552185,49.7500003686199,49.86548445525338,1.6010037526413173e-11,5.074858369257298e-06,1.6010037693195332e-11,5.0748583692582785e-06,1e+21,0.0,0.0,0.45,0.4500000099460117,3.3336442833451933e-18
891.0,0.4500014295950575,0.6299568712288046,49.95407533260157,49.90815066520315,49.87008587185099,49.81004312023547,49.867785163552185,49.75000036861993,49.86548445525338,1.6010037526409535e-11,5.074858369257298e-06,1.601003757022596e-11,5.074858369258296e-06,1e+21,0.0,0.0,0.45,0.4500000099460118,3.3336442833451933e-18
892.0,0.45000142959502115,0.6299568712287538,49.95407533260157,49.90815066520315,49.870085871850996,49.810043120235484,49.867785163552185,49.750000368619965,49.86548445525338,1.6010037526407716e-11,5.074858369272345e-06,1.601003744725761e-11,5.074858369258298e-06,1e+21,0.0,0.0,0.45,0.45000000994601136,3.3336442833451933e-18
893.0,0.45000142959497785,0.6299568712286931,49.954075332601576,49.908150665203145,49.87008587185099,49.810043120235505,49.86778516355219,49.75000036862001,49.86548445525338,1.601003752640044e-11,5.07485836924225e-06,1.6010037620576735e-11,5.074858369258288e-06,1e+21,0.0,0.0,0.45,0.4500000099460108,3.3336442833451937e-18
894.0,0.45000142959500034,0.6299568712287247,49.954075332601576,49.908150665203145,49.87008587185099,49.81004312023553,49.86778516355219,49.75000036862004,49.86548445525338,1.6010037526394982e-11,5.07485836924225e-06,1.6010037497610395e-11,5.074858369258289e-06,1e+21,0.0,0.0,0.45,0.4500000099460111,3.3336442833451937e-18
895.0,0.4500014295950451,0.6299568712287873,49.954075332601576,49.90815066520315,49.87008587185099,49.810043120235534,49.867785163552185,49.750000368620086,49.86548445525338,1.6010037526391343e-11,5.074858369257298e-06,1.6010037670931455e-11,5.074858369258298e-06,1e+21,0.0,0.0,0.45,0.4500000099460117,3.3336442833451937e-18
896.0,0.45000142959506867,0.6299568712288203,49.95407533260157,49.90815066520315,49.870085871850996,49.810043120235555,49.867785163552185,49.750000368620114,49.86548445525338,1.6010037526387705e-11,5.074858369272345e-06,1.6010037547967115e-11,5.074858369258308e-06,1e+21,0.0,0.0,0.45,0.45000000994601197,3.3336442833451933e-18
897.0,0.4500014295950212,0.6299568712287539,49.95407533260157,49.90815066520315,49.870085871850996,49.81004312023557,49.867785163552185,49.75000036862015,49.86548445525338,1.6010037526384067e-11,5.074858369272345e-06,1.601003742500379e-11,5.074858369258311e-06,1e+21,0.0,0.0,0.45,0.4500000099460113,3.3336442833451933e-18
898.0,0.4500014295949752,0.6299568712286894,49.954075332601576,49.908150665203145,49.87008587185099,49.81004312023559,49.867785163552185,49.75000036862019,49.86548445525338,1.601003752637679e-11,5.074858369257298e-06,1.6010037598327803e-11,5.074858369258298e-06,1e+21,0.0,0.0,0.45,0.45000000994601075,3.3336442833451937e-18
899.0,0.45000142959499456,0.6299568712287166,49.954075332601576,49.908150665203145,49.87008587185099,49.81004312023561,49.867785163552185,49.750000368620235,49.86548445525338,1.6010037526371336e-11,5.074858369257298e-06,1.601003777165276e-11,5.074858369258296e-06,1e+21,0.0,0.0,0.45,0.450000009946011,3.3336442833451937e-18
900.0,0.45000142959504474,0.6299568712287867,49.95407533260157,49.90815066520315,49.87008587185099,49.810043120235626,49.867785163552185,49.75000036862027,49.86548445525338,1.6010037526367698e-11,5.074858369257298e-06,1.601003764869244e-11,5.074858369258298e-06,1e+21,0.0,0.0,0.45,0.45000000994601164,3.3336442833451933e-18
901.0,0.45000142959509126,0.6299568712288519,49.95407533260157,49.90815066520315,49.87008587185099,49.810043120235655,49.867785163552185,49.7500003686203,49.86548445525338,1.601003752636042e-11,5.074858369257298e-06,1.601003752573313e-11,5.074858369258314e-06,1e+21,0.0,0.0,0.45,0.45000000994601225,3.3336442833451933e-18
902.0,0.4500014295950558,0.6299568712288023,49.95407533260157,49.90815066520315,49.870085871850996,49.81004312023567,49.867785163552185,49.750000368620334,49.86548445525338,1.6010037526358602e-11,5.074858369272345e-06,1.6010037402774826e-11,5.074858369258324e-06,1e+21,0.0,0.0,0.45,0.4500000099460118,3.3336442833451933e-18
903.0,0.4500014295949611,0.6299568712286697,49.95407533260157,49.908150665203145,49.87008587185099,49.81004312023569,49.867785163552185,49.75000036862038,49.86548445525338,1.601003752635133e-11,5.074858369257298e-06,1.6010037576103722e-11,5.074858369258308e-06,1e+21,0.0,0.0,0.45,0.4500000099460105,3.3336442833451933e-18
904.0,0.4500014295949808,0.6299568712286973,49.95407533260157,49.908150665203145,49.87008587185099,49.8100431202357,49.867785163552185,49.75000036862041,49.86548445525338,1.601003752634769e-11,5.074858369257298e-06,1.601003745314744e-11,5.0748583692583065e-06,1e+21,0.0,0.0,0.45,0.4500000099460108,3.3336442833451933e-18
905.0,0.4500014295950441,0.6299568712287859,49.95407533260157,49.90815066520315,49.87008587185099,49.81004312023571,49.867785163552185,49.75000036862045,49.86548445525338,1.6010037526344052e-11,5.074858369257298e-06,1.6010037330192174e-11,5.074858369258308e-06,1e+21,0.0,0.0,0.45,0.45000000994601164,3.3336442833451933e-18
906.0,0.45000142959508016,0.6299568712288364,49.95407533260157,49.90815066520315,49.87008587185099,49.81004312023573,49.867785163552185,49.75000036862048,49.86548445525338,1.6010037526338594e-11,5.074858369257298e-06,1.6010037503523993e-11,5.0748583692583226e-06,1e+21,0.0,0.0,0.45,0.45000000994601214,3.3336442833451933e-18
907.0,0.45000142959502115,0.6299568712287538,49.954075332601576,49.908150665203145,49.87008587185099,49.810043120235754,49.867785163552185,49.750000368620526,49.86548445525338,1.6010037526333137e-11,5.074858369257298e-06,1.6010037676856783e-11,5.074858369258319e-06,1e+21,0.0,0.0,0.45,0.4500000099460113,3.3336442833451937e-18
908.0,0.45000142959497486,0.6299568712286889,49.95407533260157,49.908150665203145,49.870085871850996,49.810043120235775,49.867785163552185,49.75000036862056,49.86548445525338,1.60100375263295e-11,5.074858369272345e-06,1.6010037553904505e-11,5.074858369258305e-06,1e+21,0.0,0.0,0.45,0.45000000994601075,3.3336442833451933e-18
909.0,0.45000142959499434,0.6299568712287162,49.95407533260157,49.90815066520315,49.87008587185099,49.8100431202358,49.867785163552185,49.7500003686206,49.86548445525338,1.6010037526322222e-11,5.074858369257298e-06,1.6010037430953254e-11,5.074858369258298e-06,1e+21,0.0,0.0,0.45,0.450000009946011,3.3336442833451933e-18
910.0,0.4500014295950448,0.6299568712287869,49.95407533260157,49.90815066520315,49.87008587185099,49.81004312023582,49.867785163552185,49.750000368620626,49.86548445525339,1.6010037526316765e-11,5.074858369257298e-06,1.6010037308003015e-11,5.074858369258605e-06,1e+21,0.0,0.0,0.45,0.4500000099460117,3.3336442833451933e-18
911.0,0.45000142959509143,0.6299568712288521,49.95407533260157,49.90815066520315,49.87008587185099,49.81004312023583,49.867785163552185,49.75000036862067,49.86548445525338,1.6010037526313126e-11,5.074858369257298e-06,1.601003748133972e-11,5.0748583692583175e-06,1e+21,0.0,0.0,0.45,0.4500000099460123,3.3336442833451933e-18
912.0,0.45000142959505807,0.6299568712288055,49.954075332601576,49.90815066520315,49.87008587185099,49.810043120235854,49.867785163552185,49.75000036862071,49.86548445525338,1.6010037526307672e-11,5.074858369257298e-06,1.601003765467738e-11,5.074858369258333e-06,1e+21,0.0,0.0,0.45,0.4500000099460118,3.3336442833451937e-18
913.0,0.45000142959495193,0.6299568712286568,49.95407533260157,49.908150665203145,49.870085871850996,49.81004312023587,49.867785163552185,49.75000036862075,49.86548445525338,1.6010037526304034e-11,5.074858369272345e-06,1.6010037828016007e-11,5.074858369258312e-06,1e+21,0.0,0.0,0.45,0.4500000099460104,3.3336442833451933e-18
914.0,0.4500014295949434,0.6299568712286449,49.95407533260157,49.908150665203145,49.870085871850996,49.81004312023588,49.86778516355219,49.75000036862079,49.86548445525338,1.6010037526300395e-11,5.074858369257298e-06,1.6010037705069755e-11,5.074858369258296e-06,1e+21,0.0,0.0,0.45,0.4500000099460103,3.3336442833451933e-18
915.0,0.4500014295949863,0.6299568712287049,49.954075332601576,49.908150665203145,49.87008587185099,49.8100431202359,49.86778516355219,49.75000036862081,49.86548445525338,1.601003752629312e-11,5.07485836924225e-06,1.6010037285838707e-11,5.0748583692582845e-06,1e+21,0.0,0.0,0.45,0.4500000099460109,3.3336442833451937e-18
916.0,0.45000142959503453,0.6299568712287725,49.954075332601576,49.90815066520315,49.87008587185099,49.81004312023592,49.867785163552185,49.75000036862085,49.86548445525338,1.601003752628948e-11,5.074858369257298e-06,1.6010037459180305e-11,5.07485836925828e-06,1e+21,0.0,0.0,0.45,0.4500000099460115,3.3336442833451937e-18
917.0,0.4500014295950245,0.6299568712287584,49.95407533260157,49.90815066520315,49.87008587185099,49.810043120235946,49.86778516355219,49.750000368620896,49.86548445525338,1.6010037526282204e-11,5.07485836924225e-06,1.6010037632522852e-11,5.074858369258285e-06,1e+21,0.0,0.0,0.45,0.45000000994601136,3.3336442833451933e-18
918.0,0.45000142959497,0.6299568712286822,49.95407533260157,49.908150665203145,49.870085871850996,49.81004312023596,49.867785163552185,49.750000368620924,49.86548445525338,1.6010037526280388e-11,5.074858369272345e-06,1.6010037213294925e-11,5.0748583692582785e-06,1e+21,0.0,0.0,0.45,0.45000000994601064,3.3336442833451933e-18
919.0,0.450001429594964,0.6299568712286737,49.95407533260157,49.908150665203145,49.870085871850996,49.81004312023598,49.867785163552185,49.75000036862096,49.86548445525338,1.6010037526274927e-11,5.074858369272345e-06,1.601003738663945e-11,5.074858369258269e-06,1e+21,0.0,0.0,0.45,0.4500000099460106,3.3336442833451933e-18
920.0,0.4500014295949879,0.6299568712287072,49.95407533260157,49.908150665203145,49.870085871850996,49.810043120236,49.86778516355219,49.750000368621,49.86548445525338,1.6010037526269473e-11,5.074858369257298e-06,1.6010037559984928e-11,5.074858369258263e-06,1e+21,0.0,0.0,0.45,0.4500000099460109,3.3336442833451933e-18
921.0,0.4500014295950234,0.6299568712287569,49.954075332601576,49.90815066520315,49.87008587185099,49.81004312023602,49.86778516355219,49.750000368621045,49.86548445525338,1.6010037526264016e-11,5.07485836924225e-06,1.601003773333137e-11,5.074858369258266e-06,1e+21,0.0,0.0,0.45,0.4500000099460114,3.3336442833451937e-18
922.0,0.45000142959502437,0.6299568712287582,49.954075332601576,49.90815066520315,49.87008587185099,49.81004312023604,49.867785163552185,49.75000036862108,49.86548445525338,1.601003752625674e-11,5.074858369257298e-06,1.6010037610393173e-11,5.074858369258273e-06,1e+21,0.0,0.0,0.45,0.45000000994601136,3.3336442833451937e-18
923.0,0.4500014295949727,0.6299568712286859,49.95407533260157,49.908150665203145,49.870085871850996,49.810043120236045,49.86778516355219,49.750000368621116,49.86548445525339,1.601003752625674e-11,5.074858369257298e-06,1.601003748745599e-11,5.074858369258569e-06,1e+21,0.0,0.0,0.45,0.4500000099460107,3.3336442833451933e-18
924.0,0.4500014295949697,0.6299568712286817,49.95407533260157,49.908150665203145,49.870085871850996,49.81004312023607,49.86778516355219,49.750000368621144,49.86548445525339,1.6010037526251282e-11,5.074858369257298e-06,1.601003736451983e-11,5.074858369258566e-06,1e+21,0.0,0.0,0.45,0.45000000994601064,3.3336442833451933e-18
925.0,0.4500014295949881,0.6299568712287075,49.95407533260157,49.908150665203145,49.870085871850996,49.81004312023609,49.867785163552185,49.75000036862119,49.86548445525338,1.6010037526245824e-11,5.074858369272345e-06,1.6010037537870197e-11,5.074858369258262e-06,1e+21,0.0,0.0,0.45,0.4500000099460109,3.3336442833451933e-18
926.0,0.4500014295950007,0.6299568712287251,49.954075332601576,49.908150665203145,49.87008587185099,49.81004312023611,49.867785163552185,49.75000036862122,49.86548445525338,1.6010037526238548e-11,5.074858369257298e-06,1.6010037414936042e-11,5.0748583692582565e-06,1e+21,0.0,0.0,0.45,0.4500000099460111,3.3336442833451937e-18
927.0,0.45000142959498723,0.6299568712287062,49.954075332601576,49.908150665203145,49.87008587185099,49.81004312023613,49.867785163552185,49.75000036862126,49.86548445525338,1.6010037526233093e-11,5.074858369257298e-06,1.6010037292002902e-11,5.074858369258255e-06,1e+21,0.0,0.0,0.45,0.4500000099460109,3.3336442833451937e-18
928.0,0.4500014295949956,0.629956871228718,49.954075332601576,49.90815066520315,49.870085871850996,49.810043120236145,49.86778516355219,49.7500003686213,49.86548445525339,1.601003752623127e-11,5.074858369257298e-06,1.601003746535621e-11,5.074858369258555e-06,1e+21,0.0,0.0,0.45,0.450000009946011,3.3336442833451937e-18
929.0,0.4500014295950206,0.629956871228753,49.954075332601576,49.90815066520315,49.870085871850996,49.810043120236166,49.86778516355219,49.750000368621336,49.86548445525338,1.6010037526225817e-11,5.074858369257298e-06,1.6010037638710463e-11,5.074858369258263e-06,1e+21,0.0,0.0,0.45,0.45000000994601136,3.3336442833451937e-18
930.0,0.4500014295950465,0.6299568712287893,49.954075332601576,49.90815066520315,49.87008587185099,49.81004312023618,49.867785163552185,49.75000036862137,49.86548445525338,1.601003752622036e-11,5.074858369257298e-06,1.6010037515780322e-11,5.0748583692582785e-06,1e+21,0.0,0.0,0.45,0.4500000099460117,3.3336442833451937e-18
931.0,0.45000142959505746,0.6299568712288046,49.954075332601576,49.90815066520315,49.87008587185099,49.8100431202362,49.867785163552185,49.75000036862141,49.86548445525338,1.6010037526214902e-11,5.074858369257298e-06,1.6010037392851202e-11,5.074858369258296e-06,1e+21,0.0,0.0,0.45,0.4500000099460118,3.3336442833451937e-18
932.0,0.45000142959502115,0.6299568712287538,49.95407533260157,49.90815066520315,49.870085871850996,49.81004312023621,49.867785163552185,49.75000036862144,49.86548445525338,1.6010037526213086e-11,5.074858369272345e-06,1.6010037269923086e-11,5.074858369258298e-06,1e+21,0.0,0.0,0.45,0.45000000994601136,3.3336442833451933e-18
933.0,0.45000142959497796,0.6299568712286934,49.95407533260157,49.908150665203145,49.87008587185099,49.81004312023623,49.86778516355219,49.75000036862147,49.86548445525338,1.601003752620581e-11,5.07485836924225e-06,1.6010037146996005e-11,5.074858369258288e-06,1e+21,0.0,0.0,0.45,0.4500000099460108,3.3336442833451933e-18
934.0,0.4500014295950004,0.6299568712287247,49.95407533260157,49.908150665203145,49.87008587185099,49.81004312023625,49.86778516355219,49.750000368621514,49.86548445525338,1.601003752620035e-11,5.07485836924225e-06,1.6010037320355174e-11,5.074858369258289e-06,1e+21,0.0,0.0,0.45,0.4500000099460111,3.3336442833451933e-18
935.0,0.450001429595045,0.6299568712287872,49.95407533260157,49.90815066520315,49.87008587185099,49.81004312023627,49.867785163552185,49.750000368621556,49.86548445525338,1.6010037526194894e-11,5.074858369257298e-06,1.6010037493715302e-11,5.074858369258298e-06,1e+21,0.0,0.0,0.45,0.4500000099460117,3.3336442833451933e-18
936.0,0.45000142959506856,0.6299568712288202,49.95407533260157,49.90815066520315,49.870085871850996,49.810043120236294,49.867785163552185,49.7500003686216,49.86548445525338,1.6010037526191256e-11,5.074858369272345e-06,1.6010037667076387e-11,5.074858369258308e-06,1e+21,0.0,0.0,0.45,0.45000000994601197,3.3336442833451933e-18
937.0,0.45000142959502126,0.6299568712287539,49.95407533260157,49.90815066520315,49.870085871850996,49.810043120236315,49.867785163552185,49.75000036862163,49.86548445525338,1.60100375261858e-11,5.074858369272345e-06,1.6010037247868128e-11,5.074858369258311e-06,1e+21,0.0,0.0,0.45,0.4500000099460113,3.3336442833451933e-18
938.0,0.45000142959497513,0.6299568712286894,49.954075332601576,49.908150665203145,49.87008587185099,49.81004312023633,49.867785163552185,49.75000036862166,49.86548445525338,1.601003752618034e-11,5.074858369257298e-06,1.60100374212312e-11,5.074858369258298e-06,1e+21,0.0,0.0,0.45,0.45000000994601075,3.3336442833451937e-18
939.0,0.45000142959499456,0.6299568712287166,49.95407533260157,49.908150665203145,49.87008587185099,49.81004312023635,49.867785163552185,49.750000368621706,49.86548445525338,1.6010037526174884e-11,5.074858369257298e-06,1.601003759459523e-11,5.074858369258296e-06,1e+21,0.0,0.0,0.45,0.450000009946011,3.3336442833451933e-18
940.0,0.4500014295950448,0.6299568712287869,49.95407533260157,49.90815066520315,49.87008587185099,49.81004312023637,49.867785163552185,49.75000036862174,49.86548445525338,1.601003752616943e-11,5.074858369257298e-06,1.601003747167514e-11,5.0748583692583005e-06,1e+21,0.0,0.0,0.45,0.45000000994601164,3.3336442833451933e-18
941.0,0.4500014295950914,0.629956871228852,49.95407533260157,49.90815066520315,49.87008587185099,49.81004312023638,49.867785163552185,49.750000368621784,49.86548445525338,1.601003752616579e-11,5.074858369257298e-06,1.6010037645041116e-11,5.074858369258314e-06,1e+21,0.0,0.0,0.45,0.45000000994601225,3.3336442833451933e-18
942.0,0.4500014295950559,0.6299568712288024,49.95407533260157,49.90815066520315,49.870085871850996,49.8100431202364,49.867785163552185,49.75000036862181,49.86548445525338,1.6010037526162153e-11,5.074858369272345e-06,1.6010037522123036e-11,5.074858369258324e-06,1e+21,0.0,0.0,0.45,0.4500000099460118,3.3336442833451933e-18
943.0,0.45000142959496114,0.6299568712286698,49.954075332601576,49.908150665203145,49.87008587185099,49.81004312023642,49.867785163552185,49.75000036862185,49.86548445525338,1.6010037526154876e-11,5.074858369257298e-06,1.601003739920598e-11,5.074858369258308e-06,1e+21,0.0,0.0,0.45,0.4500000099460105,3.3336442833451937e-18
944.0,0.4500014295949808,0.6299568712286973,49.954075332601576,49.908150665203145,49.87008587185099,49.81004312023644,49.867785163552185,49.75000036862189,49.86548445525338,1.601003752614942e-11,5.074858369257298e-06,1.6010037572574885e-11,5.0748583692583065e-06,1e+21,0.0,0.0,0.45,0.4500000099460108,3.3336442833451937e-18
945.0,0.450001429595044,0.6299568712287859,49.954075332601576,49.90815066520315,49.87008587185099,49.81004312023646,49.867785163552185,49.750000368621926,49.86548445525338,1.601003752614578e-11,5.074858369257298e-06,1.6010037449659843e-11,5.074858369258308e-06,1e+21,0.0,0.0,0.45,0.45000000994601164,3.3336442833451937e-18
946.0,0.4500014295950801,0.6299568712288363,49.954075332601576,49.90815066520315,49.87008587185099,49.81004312023648,49.867785163552185,49.75000036862197,49.86548445525338,1.6010037526140323e-11,5.074858369257298e-06,1.601003762303069e-11,5.0748583692583226e-06,1e+21,0.0,0.0,0.45,0.45000000994601214,3.3336442833451937e-18
947.0,0.45000142959502104,0.6299568712287535,49.954075332601576,49.908150665203145,49.87008587185099,49.8100431202365,49.867785163552185,49.750000368622,49.86548445525338,1.601003752613487e-11,5.074858369257298e-06,1.6010037500117644e-11,5.074858369258319e-06,1e+21,0.0,0.0,0.45,0.4500000099460113,3.3336442833451937e-18
948.0,0.45000142959497474,0.6299568712286888,49.95407533260157,49.908150665203145,49.870085871850996,49.810043120236514,49.867785163552185,49.75000036862203,49.86548445525338,1.6010037526133046e-11,5.074858369272345e-06,1.6010037377205623e-11,5.074858369258305e-06,1e+21,0.0,0.0,0.45,0.45000000994601075,3.3336442833451933e-18
949.0,0.4500014295949942,0.629956871228716,49.954075332601576,49.90815066520315,49.87008587185099,49.810043120236536,49.867785163552185,49.750000368622075,49.86548445525339,1.601003752612577e-11,5.074858369257298e-06,1.6010037550579407e-11,5.074858369258598e-06,1e+21,0.0,0.0,0.45,0.450000009946011,3.3336442833451937e-18
950.0,0.45000142959504463,0.6299568712287866,49.954075332601576,49.90815066520315,49.87008587185099,49.81004312023655,49.867785163552185,49.75000036862212,49.86548445525339,1.601003752612213e-11,5.074858369257298e-06,1.6010037723954156e-11,5.074858369258602e-06,1e+21,0.0,0.0,0.45,0.4500000099460117,3.3336442833451937e-18
951.0,0.45000142959509126,0.6299568712288519,49.954075332601576,49.90815066520315,49.87008587185099,49.810043120236564,49.867785163552185,49.75000036862215,49.86548445525338,1.6010037526116677e-11,5.074858369257298e-06,1.6010037601045124e-11,5.0748583692583175e-06,1e+21,0.0,0.0,0.45,0.45000000994601225,3.3336442833451937e-18
952.0,0.4500014295950581,0.6299568712288056,49.954075332601576,49.90815066520315,49.87008587185099,49.810043120236585,49.867785163552185,49.75000036862218,49.86548445525338,1.601003752611122e-11,5.074858369257298e-06,1.6010037478137116e-11,5.074858369258333e-06,1e+21,0.0,0.0,0.45,0.4500000099460118,3.3336442833451937e-18
953.0,0.45000142959495193,0.6299568712286568,49.954075332601576,49.908150665203145,49.870085871850996,49.8100431202366,49.867785163552185,49.750000368622224,49.86548445525338,1.60100375261094e-11,5.074858369272345e-06,1.6010037651514793e-11,5.074858369258312e-06,1e+21,0.0,0.0,0.45,0.4500000099460104,3.3336442833451937e-18
954.0,0.4500014295949433,0.6299568712286447,49.95407533260157,49.908150665203145,49.870085871850996,49.81004312023662,49.86778516355219,49.75000036862226,49.86548445525338,1.6010037526103943e-11,5.074858369257298e-06,1.6010037528608788e-11,5.074858369258296e-06,1e+21,0.0,0.0,0.45,0.4500000099460103,3.3336442833451933e-18
955.0,0.45000142959498624,0.6299568712287049,49.95407533260157,49.908150665203145,49.87008587185099,49.81004312023664,49.86778516355219,49.7500003686223,49.86548445525338,1.6010037526096667e-11,5.07485836924225e-06,1.601003770198842e-11,5.0748583692582845e-06,1e+21,0.0,0.0,0.45,0.4500000099460109,3.3336442833451933e-18
956.0,0.4500014295950345,0.6299568712287724,49.95407533260157,49.90815066520315,49.87008587185099,49.810043120236664,49.867785163552185,49.75000036862233,49.86548445525338,1.6010037526091212e-11,5.074858369257298e-06,1.601003757908442e-11,5.07485836925828e-06,1e+21,0.0,0.0,0.45,0.4500000099460115,3.3336442833451933e-18
957.0,0.4500014295950244,0.6299568712287583,49.95407533260157,49.90815066520315,49.87008587185099,49.810043120236685,49.86778516355219,49.750000368622366,49.86548445525338,1.6010037526085752e-11,5.07485836924225e-06,1.6010037456181436e-11,5.074858369258285e-06,1e+21,0.0,0.0,0.45,0.45000000994601136,3.3336442833451933e-18
958.0,0.45000142959497,0.6299568712286822,49.954075332601576,49.908150665203145,49.870085871850996,49.810043120236706,49.867785163552185,49.75000036862241,49.86548445525338,1.6010037526082117e-11,5.074858369272345e-06,1.6010037629563998e-11,5.0748583692582785e-06,1e+21,0.0,0.0,0.45,0.45000000994601064,3.3336442833451937e-18
959.0,0.450001429594964,0.6299568712286737,49.954075332601576,49.908150665203145,49.870085871850996,49.81004312023672,49.867785163552185,49.750000368622445,49.86548445525338,1.601003752607848e-11,5.074858369272345e-06,1.6010037506663028e-11,5.074858369258269e-06,1e+21,0.0,0.0,0.45,0.4500000099460106,3.3336442833451937e-18
960.0,0.45000142959498785,0.6299568712287071,49.95407533260157,49.908150665203145,49.870085871850996,49.810043120236735,49.86778516355219,49.75000036862249,49.86548445525338,1.601003752607302e-11,5.074858369257298e-06,1.6010037680047535e-11,5.074858369258263e-06,1e+21,0.0,0.0,0.45,0.4500000099460109,3.3336442833451933e-18
961.0,0.4500014295950234,0.6299568712287569,49.95407533260157,49.90815066520315,49.87008587185099,49.81004312023675,49.86778516355219,49.750000368622516,49.86548445525338,1.6010037526067567e-11,5.07485836924225e-06,1.6010037557148568e-11,5.074858369258266e-06,1e+21,0.0,0.0,0.45,0.4500000099460114,3.3336442833451933e-18
962.0,0.45000142959502437,0.6299568712287582,49.95407533260157,49.90815066520315,49.87008587185099,49.81004312023677,49.867785163552185,49.75000036862255,49.86548445525338,1.6010037526062106e-11,5.074858369257298e-06,1.601003743425062e-11,5.074858369258273e-06,1e+21,0.0,0.0,0.45,0.45000000994601136,3.3336442833451933e-18
963.0,0.45000142959497264,0.6299568712286858,49.954075332601576,49.908150665203145,49.870085871850996,49.81004312023679,49.86778516355219,49.750000368622594,49.86548445525339,1.6010037526058468e-11,5.074858369257298e-06,1.6010037607638064e-11,5.074858369258569e-06,1e+21,0.0,0.0,0.45,0.4500000099460107,3.3336442833451937e-18
964.0,0.45000142959496975,0.6299568712286818,49.954075332601576,49.908150665203145,49.870085871850996,49.81004312023681,49.86778516355219,49.75000036862263,49.86548445525339,1.6010037526053014e-11,5.074858369257298e-06,1.601003748474212e-11,5.074858369258566e-06,1e+21,0.0,0.0,0.45,0.45000000994601064,3.3336442833451937e-18
965.0,0.4500014295949883,0.6299568712287077,49.954075332601576,49.908150665203145,49.870085871850996,49.81004312023683,49.867785163552185,49.750000368622665,49.86548445525338,1.6010037526049375e-11,5.074858369272345e-06,1.6010037361847193e-11,5.074858369258262e-06,1e+21,0.0,0.0,0.45,0.4500000099460109,3.3336442833451937e-18
966.0,0.4500014295950009,0.6299568712287253,49.954075332601576,49.908150665203145,49.87008587185099,49.81004312023685,49.867785163552185,49.7500003686227,49.86548445525338,1.60100375260421e-11,5.074858369257298e-06,1.6010037535237578e-11,5.0748583692582565e-06,1e+21,0.0,0.0,0.45,0.4500000099460111,3.3336442833451937e-18
967.0,0.45000142959498723,0.6299568712287062,49.954075332601576,49.908150665203145,49.87008587185099,49.81004312023687,49.867785163552185,49.750000368622736,49.86548445525338,1.601003752603664e-11,5.074858369257298e-06,1.6010037412344653e-11,5.074858369258255e-06,1e+21,0.0,0.0,0.45,0.4500000099460109,3.3336442833451937e-18
968.0,0.45000142959499567,0.6299568712287181,49.95407533260157,49.90815066520315,49.870085871850996,49.81004312023689,49.86778516355219,49.75000036862278,49.86548445525339,1.6010037526033003e-11,5.074858369257298e-06,1.6010037585736983e-11,5.074858369258555e-06,1e+21,0.0,0.0,0.45,0.450000009946011,3.3336442833451933e-18
969.0,0.4500014295950207,0.6299568712287532,49.95407533260157,49.90815066520315,49.870085871850996,49.810043120236905,49.86778516355219,49.75000036862282,49.86548445525338,1.6010037526027545e-11,5.074858369257298e-06,1.6010037759130267e-11,5.074858369258263e-06,1e+21,0.0,0.0,0.45,0.45000000994601136,3.3336442833451933e-18
970.0,0.4500014295950466,0.6299568712287893,49.95407533260157,49.90815066520315,49.87008587185099,49.81004312023692,49.867785163552185,49.75000036862284,49.86548445525338,1.6010037526022088e-11,5.074858369257298e-06,1.6010037339956178e-11,5.0748583692582785e-06,1e+21,0.0,0.0,0.45,0.4500000099460117,3.3336442833451933e-18
971.0,0.45000142959505746,0.6299568712288046,49.95407533260157,49.90815066520315,49.87008587185099,49.81004312023694,49.867785163552185,49.750000368622885,49.86548445525338,1.6010037526016634e-11,5.074858369257298e-06,1.6010037513351442e-11,5.074858369258296e-06,1e+21,0.0,0.0,0.45,0.4500000099460118,3.3336442833451933e-18
972.0,0.45000142959502115,0.6299568712287538,49.95407533260157,49.90815066520315,49.870085871850996,49.810043120236955,49.867785163552185,49.75000036862293,49.86548445525338,1.601003752601481e-11,5.074858369272345e-06,1.6010037686747656e-11,5.074858369258298e-06,1e+21,0.0,0.0,0.45,0.45000000994601136,3.3336442833451933e-18
973.0,0.4500014295949779,0.6299568712286933,49.954075332601576,49.908150665203145,49.87008587185099,49.810043120236976,49.86778516355219,49.75000036862296,49.86548445525338,1.6010037526007538e-11,5.07485836924225e-06,1.6010037563860757e-11,5.074858369258288e-06,1e+21,0.0,0.0,0.45,0.4500000099460108,3.3336442833451937e-18
974.0,0.45000142959500034,0.6299568712287247,49.954075332601576,49.908150665203145,49.87008587185099,49.81004312023699,49.86778516355219,49.750000368623,49.86548445525338,1.60100375260039e-11,5.07485836924225e-06,1.601003744097486e-11,5.074858369258289e-06,1e+21,0.0,0.0,0.45,0.4500000099460111,3.3336442833451937e-18
975.0,0.450001429595045,0.6299568712287872,49.95407533260157,49.90815066520315,49.87008587185099,49.81004312023702,49.867785163552185,49.75000036862303,49.86548445525338,1.6010037525996626e-11,5.074858369257298e-06,1.6010037318090007e-11,5.074858369258298e-06,1e+21,0.0,0.0,0.45,0.4500000099460117,3.3336442833451933e-18
976.0,0.4500014295950686,0.6299568712288203,49.95407533260157,49.90815066520315,49.870085871850996,49.81004312023703,49.867785163552185,49.75000036862307,49.86548445525338,1.6010037525994804e-11,5.074858369272345e-06,1.601003749149015e-11,5.074858369258308e-06,1e+21,0.0,0.0,0.45,0.45000000994601197,3.3336442833451933e-18
977.0,0.4500014295950212,0.6299568712287539,49.95407533260157,49.90815066520315,49.870085871850996,49.810043120237054,49.867785163552185,49.75000036862311,49.86548445525338,1.601003752598935e-11,5.074858369272345e-06,1.6010037664891263e-11,5.074858369258311e-06,1e+21,0.0,0.0,0.45,0.4500000099460113,3.3336442833451933e-18
978.0,0.4500014295949752,0.6299568712286894,49.954075332601576,49.908150665203145,49.87008587185099,49.81004312023707,49.867785163552185,49.75000036862315,49.86548445525338,1.6010037525982073e-11,5.074858369257298e-06,1.601003754200939e-11,5.074858369258298e-06,1e+21,0.0,0.0,0.45,0.45000000994601075,3.3336442833451937e-18
979.0,0.4500014295949946,0.6299568712287166,49.954075332601576,49.908150665203145,49.87008587185099,49.81004312023708,49.867785163552185,49.75000036862318,49.86548445525338,1.6010037525978435e-11,5.074858369257298e-06,1.6010037715412437e-11,5.074858369258296e-06,1e+21,0.0,0.0,0.45,0.450000009946011,3.3336442833451937e-18
980.0,0.4500014295950448,0.6299568712287869,49.954075332601576,49.90815066520315,49.87008587185099,49.810043120237104,49.867785163552185,49.75000036862321,49.86548445525338,1.6010037525972977e-11,5.074858369257298e-06,1.6010037296248694e-11,5.0748583692583005e-06,1e+21,0.0,0.0,0.45,0.45000000994601164,3.3336442833451937e-18
981.0,0.4500014295950913,0.6299568712288519,49.954075332601576,49.90815066520315,49.87008587185099,49.81004312023712,49.867785163552185,49.750000368623255,49.86548445525338,1.601003752596934e-11,5.074858369257298e-06,1.601003746965373e-11,5.074858369258314e-06,1e+21,0.0,0.0,0.45,0.45000000994601225,3.3336442833451937e-18
982.0,0.45000142959505585,0.6299568712288024,49.954075332601576,49.90815066520315,49.870085871850996,49.81004312023715,49.867785163552185,49.75000036862329,49.86548445525338,1.601003752596388e-11,5.074858369272345e-06,1.60100373467759e-11,5.074858369258324e-06,1e+21,0.0,0.0,0.45,0.4500000099460118,3.3336442833451937e-18
983.0,0.45000142959496103,0.6299568712286696,49.95407533260157,49.908150665203145,49.87008587185099,49.81004312023716,49.867785163552185,49.750000368623326,49.86548445525338,1.6010037525958424e-11,5.074858369257298e-06,1.6010037223899084e-11,5.074858369258308e-06,1e+21,0.0,0.0,0.45,0.4500000099460105,3.3336442833451933e-18
984.0,0.45000142959498074,0.6299568712286971,49.95407533260157,49.908150665203145,49.87008587185099,49.810043120237175,49.867785163552185,49.75000036862336,49.86548445525338,1.6010037525954786e-11,5.074858369257298e-06,1.6010037397307056e-11,5.0748583692583065e-06,1e+21,0.0,0.0,0.45,0.4500000099460108,3.3336442833451933e-18
985.0,0.450001429595044,0.6299568712287859,49.95407533260157,49.90815066520315,49.87008587185099,49.8100431202372,49.867785163552185,49.750000368623404,49.86548445525338,1.601003752594933e-11,5.074858369257298e-06,1.6010037570715978e-11,5.074858369258308e-06,1e+21,0.0,0.0,0.45,0.45000000994601164,3.3336442833451933e-18
986.0,0.45000142959508016,0.6299568712288364,49.95407533260157,49.90815066520315,49.87008587185099,49.81004312023722,49.867785163552185,49.75000036862344,49.86548445525338,1.601003752594387e-11,5.074858369257298e-06,1.6010037447842156e-11,5.0748583692583226e-06,1e+21,0.0,0.0,0.45,0.45000000994601214,3.3336442833451933e-18
987.0,0.4500014295950211,0.6299568712287537,49.954075332601576,49.908150665203145,49.87008587185099,49.81004312023724,49.867785163552185,49.75000036862348,49.86548445525338,1.6010037525938417e-11,5.074858369257298e-06,1.601003762125303e-11,5.074858369258319e-06,1e+21,0.0,0.0,0.45,0.4500000099460113,3.3336442833451937e-18
988.0,0.4500014295949748,0.6299568712286889,49.95407533260157,49.908150665203145,49.870085871850996,49.81004312023725,49.867785163552185,49.75000036862351,49.86548445525338,1.601003752593478e-11,5.074858369272345e-06,1.6010037202097572e-11,5.074858369258302e-06,1e+21,0.0,0.0,0.45,0.45000000994601075,3.3336442833451933e-18
989.0,0.45000142959499434,0.6299568712287162,49.95407533260157,49.90815066520315,49.87008587185099,49.810043120237275,49.867785163552185,49.750000368623546,49.86548445525338,1.6010037525927502e-11,5.074858369257298e-06,1.6010037375510417e-11,5.074858369258298e-06,1e+21,0.0,0.0,0.45,0.450000009946011,3.3336442833451933e-18
990.0,0.45000142959504486,0.629956871228787,49.95407533260157,49.90815066520315,49.87008587185099,49.81004312023729,49.867785163552185,49.75000036862359,49.86548445525339,1.6010037525923863e-11,5.074858369257298e-06,1.6010037548924228e-11,5.074858369258602e-06,1e+21,0.0,0.0,0.45,0.4500000099460117,3.3336442833451933e-18
991.0,0.45000142959509143,0.6299568712288521,49.95407533260157,49.90815066520315,49.87008587185099,49.8100431202373,49.867785163552185,49.75000036862363,49.86548445525338,1.6010037525920225e-11,5.074858369257298e-06,1.601003772233899e-11,5.0748583692583175e-06,1e+21,0.0,0.0,0.45,0.4500000099460123,3.3336442833451933e-18
992.0,0.45000142959505807,0.6299568712288055,49.95407533260157,49.90815066520315,49.87008587185099,49.81004312023733,49.867785163552185,49.75000036862367,49.86548445525338,1.601003752591295e-11,5.074858369257298e-06,1.6010037599471187e-11,5.074858369258333e-06,1e+21,0.0,0.0,0.45,0.4500000099460118,3.3336442833451933e-18
993.0,0.45000142959495193,0.6299568712286568,49.954075332601576,49.908150665203145,49.870085871850996,49.810043120237346,49.867785163552185,49.750000368623695,49.86548445525338,1.6010037525911133e-11,5.074858369272345e-06,1.6010037476604415e-11,5.074858369258312e-06,1e+21,0.0,0.0,0.45,0.4500000099460104,3.3336442833451937e-18
994.0,0.4500014295949433,0.6299568712286447,49.954075332601576,49.908150665203145,49.870085871850996,49.81004312023737,49.86778516355219,49.75000036862373,49.86548445525338,1.6010037525905672e-11,5.074858369257298e-06,1.6010037353738645e-11,5.074858369258296e-06,1e+21,0.0,0.0,0.45,0.4500000099460103,3.3336442833451937e-18
995.0,0.45000142959498624,0.6299568712287049,49.95407533260157,49.908150665203145,49.87008587185099,49.810043120237395,49.86778516355219,49.75000036862377,49.86548445525338,1.601003752589658e-11,5.07485836924225e-06,1.6010037527157342e-11,5.0748583692582845e-06,1e+21,0.0,0.0,0.45,0.4500000099460109,3.3336442833451933e-18
996.0,0.4500014295950345,0.6299568712287724,49.95407533260157,49.90815066520315,49.87008587185099,49.81004312023741,49.867785163552185,49.75000036862381,49.86548445525338,1.601003752589294e-11,5.074858369257298e-06,1.6010037404293588e-11,5.07485836925828e-06,1e+21,0.0,0.0,0.45,0.4500000099460115,3.3336442833451933e-18
997.0,0.4500014295950137,0.6299568712287433,49.95407533260157,49.90815066520315,49.87008587185099,49.81004312023742,49.86778516355219,49.75000036862385,49.86548445525338,1.6010037525889303e-11,5.07485836924225e-06,1.6010037577714226e-11,5.0748583692582845e-06,1e+21,0.0,0.0,0.45,0.45000000994601125,3.3336442833451933e-18
998.0,0.4500014295949665,0.6299568712286773,49.954075332601576,49.908150665203145,49.870085871850996,49.81004312023743,49.867785163552185,49.75000036862389,49.86548445525339,1.6010037525887484e-11,5.074858369272345e-06,1.6010037751135812e-11,5.0748583692585775e-06,1e+21,0.0,0.0,0.45,0.4500000099460106,3.3336442833451937e-18
999.0,0.4500014295949915,0.6299568712287122,49.95407533260157,49.908150665203145,49.870085871850996,49.81004312023746,49.86778516355219,49.750000368623915,49.86548445525338,1.6010037525880207e-11,5.074858369257298e-06,1.6010037331991744e-11,5.074858369258272e-06,1e+21,0.0,0.0,0.45,0.45000000994601097,3.3336442833451933e-18
1000.0,0.4500014295949892,0.629956871228709,49.95407533260157,49.908150665203145,49.870085871850996,49.810043120237474,49.86778516355219,49.75000036862396,49.86548445525338,1.601003752587657e-11,5.074858369257298e-06,1.6010037505415313e-11,5.074858369258266e-06,1e+21,0.0,0.0,0.45,0.4500000099460109,3.3336442833451933e-18
